Visual,FreqNet,ECAPA,CrossModal,Biometric,auc,margin,err_tau,acc_tau
0.0,0.0,0.0,0.0,1.0,0.99985074131812,-0.32996899999999996,15,99.30619796484737
0.0,0.0,0.0,0.05,0.95,0.9998548873926166,-0.29837905,14,99.35245143385754
0.0,0.0,0.0,0.1,0.9,0.9998673256161067,-0.2899474999999999,14,99.35245143385754
0.0,0.0,0.0,0.15,0.85,0.99988805598859,-0.28350825,12,99.44495837187789
0.0,0.0,0.0,0.2,0.8,0.99990049421208,-0.2771098,12,99.44495837187789
0.0,0.0,0.0,0.25,0.75,0.9998839099140934,-0.27073675,12,99.44495837187789
0.0,0.0,0.0,0.3,0.7,0.9998839099140934,-0.2643637,12,99.44495837187789
0.0,0.0,0.0,0.35,0.65,0.9998465952436233,-0.25799065,12,99.44495837187789
0.0,0.0,0.0,0.4,0.6,0.9998175727221467,-0.2516176,12,99.44495837187789
0.0,0.0,0.0,0.45,0.55,0.99978855020067,-0.24524455,12,99.44495837187789
0.0,0.0,0.0,0.5,0.5,0.9997678198281866,-0.23887150000000001,14,99.35245143385754
0.0,0.0,0.0,0.55,0.45,0.9997305051577167,-0.28000045000000007,13,99.39870490286772
0.0,0.0,0.0,0.6,0.4,0.99967660618926,-0.3231374,18,99.16743755781684
0.0,0.0,0.0,0.65,0.35,0.9995729543268433,-0.37784794999999993,21,99.02867715078631
0.0,0.0,0.0,0.7,0.3,0.9994319877939567,-0.4335401,24,98.88991674375578
0.0,0.0,0.0,0.75,0.25,0.99930345948456,-0.48923225000000004,28,98.70490286771508
0.0,0.0,0.0,0.8,0.2,0.9991168861322101,-0.5449244000000001,31,98.56614246068455
0.0,0.0,0.0,0.85,0.15,0.99891787455637,-0.60061655,34,98.42738205365403
0.0,0.0,0.0,0.9,0.1,0.9987064247570401,-0.6563086999999999,37,98.2886216466235
0.0,0.0,0.0,0.95,0.05,0.99839546916979,-0.7120008499999999,39,98.19611470860315
0.0,0.0,0.0,1.0,0.0,0.9979850077946201,-0.787506,43,98.01110083256243
0.0,0.0,0.05,0.0,0.95,0.9998756177651,-0.2691667,14,99.35245143385754
0.0,0.0,0.05,0.05,0.9,0.9998922020630867,-0.23757675,13,99.39870490286772
0.0,0.0,0.05,0.1,0.85,0.9999046402865767,-0.2310779,12,99.44495837187789
0.0,0.0,0.05,0.15,0.8,0.9999087863610734,-0.22470485,12,99.44495837187789
0.0,0.0,0.05,0.2,0.75,0.9999170785100666,-0.21833180000000002,12,99.44495837187789
0.0,0.0,0.05,0.25,0.7,0.9999295167335567,-0.21195874999999995,12,99.44495837187789
0.0,0.0,0.05,0.3,0.65,0.99991293243557,-0.20558569999999998,12,99.44495837187789
0.0,0.0,0.05,0.35,0.6,0.9998839099140934,-0.19921264999999996,12,99.44495837187789
0.0,0.0,0.05,0.4,0.55,0.99986317954161,-0.1928396,10,99.53746530989824
0.0,0.0,0.05,0.45,0.5,0.99983830309463,-0.18646655,10,99.53746530989824
0.0,0.0,0.05,0.5,0.45,0.99982586487114,-0.20438055,12,99.44495837187789
0.0,0.0,0.05,0.55,0.4,0.9997926962751666,-0.24751749999999997,13,99.39870490286772
0.0,0.0,0.05,0.6,0.35,0.9997180669342267,-0.2957115,17,99.21369102682701
0.0,0.0,0.05,0.65,0.3,0.9995936846993266,-0.35140365,20,99.07493061979649
0.0,0.0,0.05,0.7,0.25,0.9994693024644267,-0.40709579999999995,25,98.84366327474561
0.0,0.0,0.05,0.75,0.2,0.99930345948456,-0.46278794999999995,27,98.75115633672526
0.0,0.0,0.05,0.8,0.15,0.9991168861322101,-0.5184801,31,98.56614246068455
0.0,0.0,0.05,0.85,0.1,0.9989261667053634,-0.5741722499999999,35,98.38112858464385
0.0,0.0,0.05,0.9,0.05,0.9986898404590534,-0.6298644,37,98.2886216466235
0.0,0.0,0.05,0.95,0.0,0.9983830309463001,-0.7065648499999999,38,98.24236817761333
0.0,0.0,0.1,0.0,0.9,0.9999087863610734,-0.2083644,13,99.39870490286772
0.0,0.0,0.1,0.05,0.85,0.9999170785100666,-0.17867295,12,99.44495837187789
0.0,0.0,0.1,0.1,0.8,0.99992537065906,-0.1722999,12,99.44495837187789
0.0,0.0,0.1,0.15,0.75,0.99992537065906,-0.16592685000000001,12,99.44495837187789
0.0,0.0,0.1,0.2,0.7,0.9999461010315434,-0.1595537999999999,12,99.44495837187789
0.0,0.0,0.1,0.25,0.65,0.9999543931805367,-0.15318074999999998,10,99.53746530989824
0.0,0.0,0.1,0.3,0.6,0.9999585392550333,-0.14680769999999993,10,99.53746530989824
0.0,0.0,0.1,0.35,0.55,0.9999461010315434,-0.14043465,10,99.53746530989824
0.0,0.0,0.1,0.4,0.5,0.9998922020630867,-0.13406159999999995,10,99.53746530989824
0.0,0.0,0.1,0.45,0.45,0.9998714716906033,-0.12876064999999998,10,99.53746530989824
0.0,0.0,0.1,0.5,0.4,0.9998548873926166,-0.17189759999999998,12,99.44495837187789
0.0,0.0,0.1,0.55,0.35,0.9998175727221467,-0.21524274999999998,13,99.39870490286772
0.0,0.0,0.1,0.6,0.3,0.9997305051577167,-0.26926719999999993,18,99.16743755781684
0.0,0.0,0.1,0.65,0.25,0.9996268532953,-0.32495935,21,99.02867715078631
0.0,0.0,0.1,0.7,0.2,0.9994568642409367,-0.38065150000000003,24,98.88991674375578
0.0,0.0,0.1,0.75,0.15,0.99934077415503,-0.4363436500000001,24,98.88991674375578
0.0,0.0,0.1,0.8,0.1,0.9991210322067067,-0.4920358,32,98.51988899167438
0.0,0.0,0.1,0.85,0.05,0.99891787455637,-0.5477279499999999,33,98.47363552266421
0.0,0.0,0.1,0.9,0.0,0.9986359414905968,-0.6256237,34,98.42738205365403
0.0,0.0,0.15,0.0,0.85,0.99992537065906,-0.14756210000000003,12,99.44495837187789
0.0,0.0,0.15,0.05,0.8,0.9999419549570466,-0.11989495000000006,11,99.49121184088807
0.0,0.0,0.15,0.1,0.75,0.9999419549570466,-0.11352190000000001,10,99.53746530989824
0.0,0.0,0.15,0.15,0.7,0.9999461010315434,-0.10714884999999996,10,99.53746530989824
0.0,0.0,0.15,0.2,0.65,0.9999668314040266,-0.10077579999999997,10,99.53746530989824
0.0,0.0,0.15,0.25,0.6,0.9999709774785234,-0.09440274999999998,10,99.53746530989824
0.0,0.0,0.15,0.3,0.55,0.9999709774785234,-0.08802969999999999,10,99.53746530989824
0.0,0.0,0.15,0.35,0.5,0.99996268532953,-0.08165665,10,99.53746530989824
0.0,0.0,0.15,0.4,0.45,0.9999212245845633,-0.07528360000000006,10,99.53746530989824
0.0,0.0,0.15,0.45,0.4,0.9998797638395966,-0.09627769999999997,8,99.6299722479186
0.0,0.0,0.15,0.5,0.35,0.9998673256161067,-0.13985844999999997,10,99.53746530989824
0.0,0.0,0.15,0.55,0.3,0.99983830309463,-0.18802839999999998,14,99.35245143385754
0.0,0.0,0.15,0.6,0.25,0.9997429433812067,-0.2428228999999999,19,99.12118408880666
0.0,0.0,0.15,0.65,0.2,0.99961441507181,-0.29851505000000006,20,99.07493061979649
0.0,0.0,0.15,0.7,0.15,0.9995066171348966,-0.3542072,23,98.93617021276596
0.0,0.0,0.15,0.75,0.1,0.9993449202295267,-0.40989934999999994,25,98.84366327474561
0.0,0.0,0.15,0.8,0.05,0.9991376165046933,-0.46559149999999994,31,98.56614246068455
0.0,0.0,0.15,0.85,0.0,0.99893031277986,-0.54468255,33,98.47363552266421
0.0,0.0,0.2,0.0,0.8,0.9999419549570466,-0.0867598,10,99.53746530989824
0.0,0.0,0.2,0.05,0.75,0.9999585392550333,-0.06111695,10,99.53746530989824
0.0,0.0,0.2,0.1,0.7,0.9999668314040266,-0.054743899999999956,10,99.53746530989824
0.0,0.0,0.2,0.15,0.65,0.9999834157020133,-0.048370849999999965,10,99.53746530989824
0.0,0.0,0.2,0.2,0.6,0.99998756177651,-0.04199779999999992,9,99.58371877890842
0.0,0.0,0.2,0.25,0.55,0.99998756177651,-0.03562474999999998,9,99.58371877890842
0.0,0.0,0.2,0.3,0.5,0.99998756177651,-0.029251699999999936,9,99.58371877890842
0.0,0.0,0.2,0.35,0.45,0.99998756177651,-0.022878649999999945,8,99.6299722479186
0.0,0.0,0.2,0.4,0.4,0.99996268532953,-0.020657800000000004,8,99.6299722479186
0.0,0.0,0.2,0.45,0.35,0.9999170785100666,-0.06447414999999995,8,99.6299722479186
0.0,0.0,0.2,0.5,0.3,0.99988805598859,-0.11264409999999991,11,99.49121184088807
0.0,0.0,0.2,0.55,0.25,0.99983830309463,-0.16081405,15,99.30619796484737
0.0,0.0,0.2,0.6,0.2,0.9997553816046967,-0.21637859999999998,20,99.07493061979649
0.0,0.0,0.2,0.65,0.15,0.9996309993697967,-0.27207075000000003,20,99.07493061979649
0.0,0.0,0.2,0.7,0.1,0.99952734750738,-0.32776289999999997,24,98.88991674375578
0.0,0.0,0.2,0.75,0.05,0.9993573584530167,-0.38345505,27,98.75115633672526
0.0,0.0,0.2,0.8,0.0,0.99916663902617,-0.4637414,31,98.56614246068455
0.0,0.0,0.25,0.0,0.75,0.9999668314040266,-0.046951999999999994,7,99.67622571692877
0.0,0.0,0.25,0.05,0.7,0.99997512355302,-0.02586050000000001,7,99.67622571692877
0.0,0.0,0.25,0.1,0.65,0.9999917078510067,-0.004768999999999968,9,99.58371877890842
0.0,0.0,0.25,0.15,0.6,1.0,0.005321200000000026,9,99.58371877890842
0.0,0.0,0.25,0.2,0.55,1.0,0.014797850000000001,9,99.58371877890842
0.0,0.0,0.25,0.25,0.5,1.0,0.02315324999999996,9,99.58371877890842
0.0,0.0,0.25,0.3,0.45,1.0,0.029526300000000005,8,99.6299722479186
0.0,0.0,0.25,0.35,0.4,1.0,0.03589934999999994,8,99.6299722479186
0.0,0.0,0.25,0.4,0.35,1.0,0.010910150000000007,8,99.6299722479186
0.0,0.0,0.25,0.45,0.3,0.99995024710604,-0.0372597999999999,9,99.58371877890842
0.0,0.0,0.25,0.5,0.25,0.9999170785100666,-0.08542974999999997,12,99.44495837187789
0.0,0.0,0.25,0.55,0.2,0.9998424491691267,-0.13424215000000006,15,99.30619796484737
0.0,0.0,0.25,0.6,0.15,0.9997595276791933,-0.18993429999999994,21,99.02867715078631
0.0,0.0,0.25,0.65,0.1,0.9996558758167767,-0.24562645,21,99.02867715078631
0.0,0.0,0.25,0.7,0.05,0.99953978573087,-0.3100867499999999,24,98.88991674375578
0.0,0.0,0.25,0.75,0.0,0.9993739427510033,-0.38552099999999995,27,98.75115633672526
0.0,0.0,0.3,0.0,0.7,0.9999792696275167,-0.08303299999999997,7,99.67622571692877
0.0,0.0,0.3,0.05,0.65,0.9999917078510067,-0.06194149999999998,7,99.67622571692877
0.0,0.0,0.3,0.1,0.6,0.9999958539255034,-0.04084999999999994,7,99.67622571692877
0.0,0.0,0.3,0.15,0.55,0.9999958539255034,-0.0197584999999999,7,99.67622571692877
0.0,0.0,0.3,0.2,0.5,1.0,0.0013330000000000286,8,99.6299722479186
0.0,0.0,0.3,0.25,0.45,1.0,0.022424500000000014,8,99.6299722479186
0.0,0.0,0.3,0.3,0.4,1.0,0.039529000000000036,8,99.6299722479186
0.0,0.0,0.3,0.35,0.35,1.0,0.04785505000000012,8,99.6299722479186
0.0,0.0,0.3,0.4,0.3,1.0,0.03147340000000004,9,99.58371877890842
0.0,0.0,0.3,0.45,0.25,0.99998756177651,-0.010045449999999956,10,99.53746530989824
0.0,0.0,0.3,0.5,0.2,0.99992537065906,-0.05821540000000003,12,99.44495837187789
0.0,0.0,0.3,0.55,0.15,0.9998300109456366,-0.12613025,15,99.30619796484737
0.0,0.0,0.3,0.6,0.1,0.9997429433812067,-0.20156449999999992,21,99.02867715078631
0.0,0.0,0.3,0.65,0.05,0.9996434375932867,-0.27699874999999996,22,98.98242368177613
0.0,0.0,0.3,0.7,0.0,0.9995232014328833,-0.35243299999999994,24,98.88991674375578
0.0,0.0,0.35,0.0,0.65,0.9999834157020133,-0.119114,4,99.81498612395929
0.0,0.0,0.35,0.05,0.6,0.9999917078510067,-0.09802250000000001,5,99.76873265494912
0.0,0.0,0.35,0.1,0.55,0.9999958539255034,-0.07693099999999992,4,99.81498612395929
0.0,0.0,0.35,0.15,0.5,0.9999958539255034,-0.055839499999999986,5,99.76873265494912
0.0,0.0,0.35,0.2,0.45,0.9999958539255034,-0.034748,5,99.76873265494912
0.0,0.0,0.35,0.25,0.4,0.9999958539255034,-0.01365649999999996,5,99.76873265494912
0.0,0.0,0.35,0.3,0.35,1.0,0.00743500000000008,7,99.67622571692877
0.0,0.0,0.35,0.35,0.3,1.0,0.028526500000000066,8,99.6299722479186
0.0,0.0,0.35,0.4,0.25,1.0,0.033497400000000066,10,99.53746530989824
0.0,0.0,0.35,0.45,0.2,0.99998756177651,-0.028836299999999926,10,99.53746530989824
0.0,0.0,0.35,0.5,0.15,0.9999170785100666,-0.09304224999999999,13,99.39870490286772
0.0,0.0,0.35,0.55,0.1,0.99983830309463,-0.16847650000000003,15,99.30619796484737
0.0,0.0,0.35,0.6,0.05,0.9997470894557033,-0.2439107499999999,22,98.98242368177613
0.0,0.0,0.35,0.65,0.0,0.9996227072208034,-0.31934500000000005,22,98.98242368177613
0.0,0.0,0.4,0.0,0.6,0.99998756177651,-0.15519500000000003,3,99.86123959296947
0.0,0.0,0.4,0.05,0.55,0.9999958539255034,-0.13410349999999993,2,99.90749306197965
0.0,0.0,0.4,0.1,0.5,0.9999958539255034,-0.113012,1,99.95374653098983
0.0,0.0,0.4,0.15,0.45,0.9999958539255034,-0.09192050000000002,1,99.95374653098983
0.0,0.0,0.4,0.2,0.4,0.9999958539255034,-0.07082899999999998,2,99.90749306197965
0.0,0.0,0.4,0.25,0.35,0.9999958539255034,-0.04973749999999999,4,99.81498612395929
0.0,0.0,0.4,0.3,0.3,0.9999958539255034,-0.02864599999999995,4,99.81498612395929
0.0,0.0,0.4,0.35,0.25,0.9999917078510067,-0.0075545000000000195,5,99.76873265494912
0.0,0.0,0.4,0.4,0.2,0.9999917078510067,-0.0265265999999999,8,99.6299722479186
0.0,0.0,0.4,0.45,0.15,0.99997512355302,-0.0888603,8,99.6299722479186
0.0,0.0,0.4,0.5,0.1,0.99993780888255,-0.151194,11,99.49121184088807
0.0,0.0,0.4,0.55,0.05,0.9998217187966434,-0.21352769999999993,15,99.30619796484737
0.0,0.0,0.4,0.6,0.0,0.99973879730671,-0.286257,20,99.07493061979649
0.0,0.0,0.45,0.0,0.55,0.99998756177651,-0.19127599999999995,2,99.90749306197965
0.0,0.0,0.45,0.05,0.5,0.9999958539255034,-0.17018449999999996,2,99.90749306197965
0.0,0.0,0.45,0.1,0.45,0.9999958539255034,-0.14909299999999998,2,99.90749306197965
0.0,0.0,0.45,0.15,0.4,0.9999958539255034,-0.1280015,2,99.90749306197965
0.0,0.0,0.45,0.2,0.35,0.9999917078510067,-0.10691,2,99.90749306197965
0.0,0.0,0.45,0.25,0.3,0.9999917078510067,-0.08581850000000002,2,99.90749306197965
0.0,0.0,0.45,0.3,0.25,0.9999917078510067,-0.06472699999999998,3,99.86123959296947
0.0,0.0,0.45,0.35,0.2,0.99998756177651,-0.06998670000000001,3,99.86123959296947
0.0,0.0,0.45,0.4,0.15,0.9999668314040266,-0.09280735000000001,3,99.86123959296947
0.0,0.0,0.45,0.45,0.1,0.9999543931805367,-0.14888430000000002,4,99.81498612395929
0.0,0.0,0.45,0.5,0.05,0.9999212245845633,-0.21121799999999996,9,99.58371877890842
0.0,0.0,0.45,0.55,0.0,0.9998175727221467,-0.27355169999999995,14,99.35245143385754
0.0,0.0,0.5,0.0,0.5,0.9999461010315434,-0.22735700000000003,3,99.86123959296947
0.0,0.0,0.5,0.05,0.45,0.9999543931805367,-0.2062655,3,99.86123959296947
0.0,0.0,0.5,0.1,0.4,0.9999543931805367,-0.185174,3,99.86123959296947
0.0,0.0,0.5,0.15,0.35,0.99996268532953,-0.16408250000000002,4,99.81498612395929
0.0,0.0,0.5,0.2,0.3,0.9999668314040266,-0.14299099999999998,4,99.81498612395929
0.0,0.0,0.5,0.25,0.25,0.99997512355302,-0.12189949999999994,5,99.76873265494912
0.0,0.0,0.5,0.3,0.2,0.9999709774785234,-0.11621739999999997,6,99.72247918593895
0.0,0.0,0.5,0.35,0.15,0.9999709774785234,-0.13903804999999997,5,99.76873265494912
0.0,0.0,0.5,0.4,0.1,0.9999668314040266,-0.16185869999999997,6,99.72247918593895
0.0,0.0,0.5,0.45,0.05,0.9999419549570466,-0.20890829999999994,5,99.76873265494912
0.0,0.0,0.5,0.5,0.0,0.9998922020630867,-0.271242,9,99.58371877890842
0.0,0.0,0.55,0.0,0.45,0.9999046402865767,-0.263438,10,99.53746530989824
0.0,0.0,0.55,0.05,0.4,0.9999046402865767,-0.24234649999999996,10,99.53746530989824
0.0,0.0,0.55,0.1,0.35,0.9999087863610734,-0.22125499999999998,11,99.49121184088807
0.0,0.0,0.55,0.15,0.3,0.9999212245845633,-0.2001635,11,99.49121184088807
0.0,0.0,0.55,0.2,0.25,0.99992537065906,-0.179072,12,99.44495837187789
0.0,0.0,0.55,0.25,0.2,0.9999212245845633,-0.16244809999999998,12,99.44495837187789
0.0,0.0,0.55,0.3,0.15,0.9999336628080533,-0.18526875000000004,12,99.44495837187789
0.0,0.0,0.55,0.35,0.1,0.9999212245845633,-0.20808940000000004,12,99.44495837187789
0.0,0.0,0.55,0.4,0.05,0.9998963481375833,-0.23091004999999998,12,99.44495837187789
0.0,0.0,0.55,0.45,0.0,0.9998673256161067,-0.2689323,12,99.44495837187789
0.0,0.0,0.6,0.0,0.4,0.9998673256161067,-0.2995189999999999,13,99.39870490286772
0.0,0.0,0.6,0.05,0.35,0.9998797638395966,-0.27842749999999994,14,99.35245143385754
0.0,0.0,0.6,0.1,0.3,0.9998839099140934,-0.2573359999999999,14,99.35245143385754
0.0,0.0,0.6,0.15,0.25,0.9998797638395966,-0.23624449999999997,15,99.30619796484737
0.0,0.0,0.6,0.2,0.2,0.9998922020630867,-0.21515299999999987,15,99.30619796484737
0.0,0.0,0.6,0.25,0.15,0.9998839099140934,-0.23149944999999988,16,99.25994449583719
0.0,0.0,0.6,0.3,0.1,0.9998590334671134,-0.25432009999999994,17,99.21369102682701
0.0,0.0,0.6,0.35,0.05,0.9998465952436233,-0.27714074999999994,17,99.21369102682701
0.0,0.0,0.6,0.4,0.0,0.9997926962751666,-0.29996139999999993,18,99.16743755781684
0.0,0.0,0.65,0.0,0.35,0.99980098842416,-0.3356,19,99.12118408880666
0.0,0.0,0.65,0.05,0.3,0.9998175727221467,-0.3145085,19,99.12118408880666
0.0,0.0,0.65,0.1,0.25,0.9998217187966434,-0.29341700000000004,20,99.07493061979649
0.0,0.0,0.65,0.15,0.2,0.9998051344986567,-0.2723255000000001,20,99.07493061979649
0.0,0.0,0.65,0.2,0.15,0.9997968423496634,-0.27773015,20,99.07493061979649
0.0,0.0,0.65,0.25,0.1,0.9997802580516767,-0.3005508,20,99.07493061979649
0.0,0.0,0.65,0.3,0.05,0.9997678198281866,-0.32337145,21,99.02867715078631
0.0,0.0,0.65,0.35,0.0,0.9997346512322134,-0.3461921,21,99.02867715078631
0.0,0.0,0.7,0.0,0.3,0.99971392085973,-0.3871990999999999,22,98.98242368177613
0.0,0.0,0.7,0.05,0.25,0.9996973365617433,-0.3741253499999999,23,98.93617021276596
0.0,0.0,0.7,0.1,0.2,0.9996973365617433,-0.36105160000000003,23,98.93617021276596
0.0,0.0,0.7,0.15,0.15,0.9996931904872467,-0.34797785000000003,23,98.93617021276596
0.0,0.0,0.7,0.2,0.1,0.9996848983382534,-0.3467814999999999,23,98.93617021276596
0.0,0.0,0.7,0.25,0.05,0.9996807522637566,-0.3696021499999999,23,98.93617021276596
0.0,0.0,0.7,0.3,0.0,0.99963929151879,-0.39242279999999996,23,98.93617021276596
0.0,0.0,0.75,0.0,0.25,0.9995853925503333,-0.4634067499999999,26,98.79740980573543
0.0,0.0,0.75,0.05,0.2,0.9995812464758367,-0.45033300000000004,26,98.79740980573543
0.0,0.0,0.75,0.1,0.15,0.99958953862483,-0.43725925000000004,27,98.75115633672526
0.0,0.0,0.75,0.15,0.1,0.9995729543268433,-0.42418550000000005,27,98.75115633672526
0.0,0.0,0.75,0.2,0.05,0.9995480778798633,-0.4158328499999999,27,98.75115633672526
0.0,0.0,0.75,0.25,0.0,0.9994983249859033,-0.4386534999999999,27,98.75115633672526
0.0,0.0,0.8,0.0,0.2,0.9994319877939567,-0.5396144,27,98.75115633672526
0.0,0.0,0.8,0.05,0.15,0.99942784171946,-0.52654065,28,98.70490286771508
0.0,0.0,0.8,0.1,0.1,0.99941540349597,-0.5134669000000001,28,98.70490286771508
0.0,0.0,0.8,0.15,0.05,0.9993780888255,-0.5003931500000001,28,98.70490286771508
0.0,0.0,0.8,0.2,0.0,0.99932833593154,-0.4873193999999999,28,98.70490286771508
0.0,0.0,0.85,0.0,0.15,0.9992288301436201,-0.6158220499999999,32,98.51988899167438
0.0,0.0,0.85,0.05,0.1,0.9992122458456334,-0.6027482999999999,32,98.51988899167438
0.0,0.0,0.85,0.1,0.05,0.9991832233241567,-0.5896745499999999,32,98.51988899167438
0.0,0.0,0.85,0.15,0.0,0.9991293243557,-0.5766007999999999,32,98.51988899167438
0.0,0.0,0.9,0.0,0.1,0.99884324521543,-0.6920297000000001,36,98.33487511563366
0.0,0.0,0.9,0.05,0.05,0.99881836876845,-0.6789559500000001,35,98.38112858464385
0.0,0.0,0.9,0.1,0.0,0.9987769080234834,-0.6658822000000001,36,98.33487511563366
0.0,0.0,0.95,0.0,0.05,0.9981508507744867,-0.7682373499999999,42,98.05735430157262
0.0,0.0,0.95,0.05,0.0,0.9981052439550234,-0.7551635999999999,42,98.05735430157262
0.0,0.0,1.0,0.0,0.0,0.9966168032107201,-0.844445,48,97.77983348751155
0.0,0.05,0.0,0.0,0.95,0.9998714716906033,-0.2979019,14,99.35245143385754
0.0,0.05,0.0,0.05,0.9,0.9999046402865767,-0.26631194999999996,14,99.35245143385754
0.0,0.05,0.0,0.1,0.85,0.99991293243557,-0.25939729999999994,13,99.39870490286772
0.0,0.05,0.0,0.15,0.8,0.9999170785100666,-0.25295805000000005,13,99.39870490286772
0.0,0.05,0.0,0.2,0.75,0.9999170785100666,-0.24651879999999998,12,99.44495837187789
0.0,0.05,0.0,0.25,0.7,0.9999212245845633,-0.24007955,12,99.44495837187789
0.0,0.05,0.0,0.3,0.65,0.99991293243557,-0.23364030000000002,12,99.44495837187789
0.0,0.05,0.0,0.35,0.6,0.9998922020630867,-0.2272176,10,99.53746530989824
0.0,0.05,0.0,0.4,0.55,0.9998590334671134,-0.22084455000000003,10,99.53746530989824
0.0,0.05,0.0,0.45,0.5,0.9998341570201333,-0.21447149999999998,10,99.53746530989824
0.0,0.05,0.0,0.5,0.45,0.99982586487114,-0.20809845000000002,12,99.44495837187789
0.0,0.05,0.0,0.55,0.4,0.9997926962751666,-0.24192190000000002,13,99.39870490286772
0.0,0.05,0.0,0.6,0.35,0.9997305051577167,-0.29267269999999995,17,99.21369102682701
0.0,0.05,0.0,0.65,0.3,0.9996061229228167,-0.3481911,19,99.12118408880666
0.0,0.05,0.0,0.7,0.25,0.99944027994295,-0.40370949999999994,26,98.79740980573543
0.0,0.05,0.0,0.75,0.2,0.99930345948456,-0.45922789999999997,27,98.75115633672526
0.0,0.05,0.0,0.8,0.15,0.9991085939832167,-0.5147463000000001,33,98.47363552266421
0.0,0.05,0.0,0.85,0.1,0.9989344588543567,-0.5702647,36,98.33487511563366
0.0,0.05,0.0,0.9,0.05,0.9986981326080467,-0.6257967999999999,37,98.2886216466235
0.0,0.05,0.0,0.95,0.0,0.99840790739328,-0.70413355,38,98.24236817761333
0.0,0.05,0.05,0.0,0.9,0.9999087863610734,-0.23709959999999997,14,99.35245143385754
0.0,0.05,0.05,0.05,0.85,0.99992537065906,-0.20667789999999997,13,99.39870490286772
0.0,0.05,0.05,0.1,0.8,0.99992537065906,-0.20030484999999998,12,99.44495837187789
0.0,0.05,0.05,0.15,0.75,0.9999336628080533,-0.1939318,12,99.44495837187789
0.0,0.05,0.05,0.2,0.7,0.9999461010315434,-0.18755875,11,99.49121184088807
0.0,0.05,0.05,0.25,0.65,0.9999461010315434,-0.1811857,10,99.53746530989824
0.0,0.05,0.05,0.3,0.6,0.9999543931805367,-0.17481265,10,99.53746530989824
0.0,0.05,0.05,0.35,0.55,0.9999419549570466,-0.16843959999999997,10,99.53746530989824
0.0,0.05,0.05,0.4,0.5,0.99990049421208,-0.16206654999999998,10,99.53746530989824
0.0,0.05,0.05,0.45,0.45,0.9998714716906033,-0.15569350000000004,10,99.53746530989824
0.0,0.05,0.05,0.5,0.4,0.9998548873926166,-0.16630199999999995,12,99.44495837187789
0.0,0.05,0.05,0.55,0.35,0.9998175727221467,-0.21081275000000005,13,99.39870490286772
0.0,0.05,0.05,0.6,0.3,0.99973879730671,-0.2663311499999999,17,99.21369102682701
0.0,0.05,0.05,0.65,0.25,0.9996309993697967,-0.32184954999999993,21,99.02867715078631
0.0,0.05,0.05,0.7,0.2,0.99945271816644,-0.37736795,25,98.84366327474561
0.0,0.05,0.05,0.75,0.15,0.9993241898570433,-0.43288635000000003,26,98.79740980573543
0.0,0.05,0.05,0.8,0.1,0.9991168861322101,-0.48840474999999994,32,98.51988899167438
0.0,0.05,0.05,0.85,0.05,0.99893031277986,-0.54392315,34,98.42738205365403
0.0,0.05,0.05,0.9,0.0,0.9986359414905968,-0.6231924,35,98.38112858464385
0.0,0.05,0.1,0.0,0.85,0.99992537065906,-0.1762973,12,99.44495837187789
0.0,0.05,0.1,0.05,0.8,0.9999419549570466,-0.14789989999999997,11,99.49121184088807
0.0,0.05,0.1,0.1,0.75,0.9999461010315434,-0.14152684999999998,10,99.53746530989824
0.0,0.05,0.1,0.15,0.7,0.9999543931805367,-0.13515379999999994,10,99.53746530989824
0.0,0.05,0.1,0.2,0.65,0.99996268532953,-0.12878075,10,99.53746530989824
0.0,0.05,0.1,0.25,0.6,0.99996268532953,-0.12240769999999995,10,99.53746530989824
0.0,0.05,0.1,0.3,0.55,0.9999709774785234,-0.11603465000000002,10,99.53746530989824
0.0,0.05,0.1,0.35,0.5,0.99996268532953,-0.10966159999999991,10,99.53746530989824
0.0,0.05,0.1,0.4,0.45,0.9999295167335567,-0.10328854999999998,10,99.53746530989824
0.0,0.05,0.1,0.45,0.4,0.9998797638395966,-0.09691549999999999,8,99.6299722479186
0.0,0.05,0.1,0.5,0.35,0.99986317954161,-0.13381904999999994,10,99.53746530989824
0.0,0.05,0.1,0.55,0.3,0.9998465952436233,-0.1844712,12,99.44495837187789
0.0,0.05,0.1,0.6,0.25,0.99973879730671,-0.23998960000000003,19,99.12118408880666
0.0,0.05,0.1,0.65,0.2,0.99961441507181,-0.29550800000000005,20,99.07493061979649
0.0,0.05,0.1,0.7,0.15,0.9994983249859033,-0.35102639999999996,24,98.88991674375578
0.0,0.05,0.1,0.75,0.1,0.9993324820060366,-0.40654479999999993,27,98.75115633672526
0.0,0.05,0.1,0.8,0.05,0.9991293243557,-0.4620632,31,98.56614246068455
0.0,0.05,0.1,0.85,0.0,0.99893031277986,-0.54225125,33,98.47363552266421
0.0,0.05,0.15,0.0,0.8,0.9999543931805367,-0.11549500000000001,10,99.53746530989824
0.0,0.05,0.15,0.05,0.75,0.9999709774785234,-0.08912189999999998,10,99.53746530989824
0.0,0.05,0.15,0.1,0.7,0.9999709774785234,-0.08274884999999998,10,99.53746530989824
0.0,0.05,0.15,0.15,0.65,0.9999709774785234,-0.0763758,10,99.53746530989824
0.0,0.05,0.15,0.2,0.6,0.99997512355302,-0.07000275,9,99.58371877890842
0.0,0.05,0.15,0.25,0.55,0.9999709774785234,-0.06362969999999996,9,99.58371877890842
0.0,0.05,0.15,0.3,0.5,0.99997512355302,-0.057256649999999965,9,99.58371877890842
0.0,0.05,0.15,0.35,0.45,0.9999792696275167,-0.05088360000000003,8,99.6299722479186
0.0,0.05,0.15,0.4,0.4,0.99996268532953,-0.04451055000000004,8,99.6299722479186
0.0,0.05,0.15,0.45,0.35,0.99991293243557,-0.05819915000000003,8,99.6299722479186
0.0,0.05,0.15,0.5,0.3,0.99988805598859,-0.10492214999999994,10,99.53746530989824
0.0,0.05,0.15,0.55,0.25,0.9998424491691267,-0.15812965000000007,15,99.30619796484737
0.0,0.05,0.15,0.6,0.2,0.9997553816046967,-0.21364804999999998,20,99.07493061979649
0.0,0.05,0.15,0.65,0.15,0.9996227072208034,-0.26916645,20,99.07493061979649
0.0,0.05,0.15,0.7,0.1,0.9995066171348966,-0.3246848499999999,25,98.84366327474561
0.0,0.05,0.15,0.75,0.05,0.9993697966765067,-0.38020325,28,98.70490286771508
0.0,0.05,0.15,0.8,0.0,0.9991583468771766,-0.4613101,31,98.56614246068455
0.0,0.05,0.2,0.0,0.75,0.9999834157020133,-0.057984650000000026,7,99.67622571692877
0.0,0.05,0.2,0.05,0.7,0.9999834157020133,-0.039996750000000025,7,99.67622571692877
0.0,0.05,0.2,0.1,0.65,0.99998756177651,-0.023970850000000044,9,99.58371877890842
0.0,0.05,0.2,0.15,0.6,0.99998756177651,-0.017597799999999997,9,99.58371877890842
0.0,0.05,0.2,0.2,0.55,0.9999917078510067,-0.011224750000000061,9,99.58371877890842
0.0,0.05,0.2,0.25,0.5,0.9999958539255034,-0.004851700000000014,9,99.58371877890842
0.0,0.05,0.2,0.3,0.45,1.0,0.0015213499999999769,8,99.6299722479186
0.0,0.05,0.2,0.35,0.4,1.0,0.007894399999999968,8,99.6299722479186
0.0,0.05,0.2,0.4,0.35,1.0,0.014267450000000015,8,99.6299722479186
0.0,0.05,0.2,0.45,0.3,0.99993780888255,-0.02953784999999992,9,99.58371877890842
0.0,0.05,0.2,0.5,0.25,0.9999295167335567,-0.0777078,12,99.44495837187789
0.0,0.05,0.2,0.55,0.2,0.9998465952436233,-0.13178810000000007,15,99.30619796484737
0.0,0.05,0.2,0.6,0.15,0.99976367375369,-0.1873065,20,99.07493061979649
0.0,0.05,0.2,0.65,0.1,0.9996558758167767,-0.24282489999999995,21,99.02867715078631
0.0,0.05,0.2,0.7,0.05,0.99952734750738,-0.29834329999999987,25,98.84366327474561
0.0,0.05,0.2,0.75,0.0,0.9993573584530167,-0.38036894999999993,29,98.6586493987049
0.0,0.05,0.25,0.0,0.7,0.9999917078510067,-0.04106550000000003,7,99.67622571692877
0.0,0.05,0.25,0.05,0.65,0.9999917078510067,-0.02307760000000003,7,99.67622571692877
0.0,0.05,0.25,0.1,0.6,0.9999958539255034,-0.00508970000000003,7,99.67622571692877
0.0,0.05,0.25,0.15,0.55,1.0,0.01289819999999997,7,99.67622571692877
0.0,0.05,0.25,0.2,0.5,1.0,0.030886100000000027,8,99.6299722479186
0.0,0.05,0.25,0.25,0.45,1.0,0.04887399999999997,8,99.6299722479186
0.0,0.05,0.25,0.3,0.4,1.0,0.060299349999999974,8,99.6299722479186
0.0,0.05,0.25,0.35,0.35,1.0,0.06667240000000002,8,99.6299722479186
0.0,0.05,0.25,0.4,0.3,1.0,0.033678750000000035,9,99.58371877890842
0.0,0.05,0.25,0.45,0.25,0.9999917078510067,-0.002323500000000034,10,99.53746530989824
0.0,0.05,0.25,0.5,0.2,0.99992537065906,-0.050493449999999995,12,99.44495837187789
0.0,0.05,0.25,0.55,0.15,0.9998465952436233,-0.10544655000000003,15,99.30619796484737
0.0,0.05,0.25,0.6,0.1,0.9997470894557033,-0.17464059999999992,21,99.02867715078631
0.0,0.05,0.25,0.65,0.05,0.9996351454442933,-0.2500748499999999,22,98.98242368177613
0.0,0.05,0.25,0.7,0.0,0.9995314935818767,-0.3255091,24,98.88991674375578
0.0,0.05,0.3,0.0,0.65,0.9999917078510067,-0.07110359999999993,4,99.81498612395929
0.0,0.05,0.3,0.05,0.6,0.9999917078510067,-0.05001209999999995,5,99.76873265494912
0.0,0.05,0.3,0.1,0.55,0.9999958539255034,-0.028920599999999852,4,99.81498612395929
0.0,0.05,0.3,0.15,0.5,0.9999958539255034,-0.007829099999999978,4,99.81498612395929
0.0,0.05,0.3,0.2,0.45,1.0,0.013262400000000063,4,99.81498612395929
0.0,0.05,0.3,0.25,0.4,1.0,0.03435390000000005,5,99.76873265494912
0.0,0.05,0.3,0.3,0.35,1.0,0.05544540000000009,7,99.67622571692877
0.0,0.05,0.3,0.35,0.3,1.0,0.05889614999999998,8,99.6299722479186
0.0,0.05,0.3,0.4,0.25,1.0,0.04047460000000003,9,99.58371877890842
0.0,0.05,0.3,0.45,0.2,0.9999958539255034,-0.007428999999999963,10,99.53746530989824
0.0,0.05,0.3,0.5,0.15,0.9999295167335567,-0.06976269999999996,12,99.44495837187789
0.0,0.05,0.3,0.55,0.1,0.9998424491691267,-0.14155260000000003,16,99.25994449583719
0.0,0.05,0.3,0.6,0.05,0.9997512355302,-0.21698684999999995,22,98.98242368177613
0.0,0.05,0.3,0.65,0.0,0.9996227072208034,-0.2924211,23,98.93617021276596
0.0,0.05,0.35,0.0,0.6,0.9999917078510067,-0.10718460000000002,2,99.90749306197965
0.0,0.05,0.35,0.05,0.55,0.9999958539255034,-0.08609309999999992,1,99.95374653098983
0.0,0.05,0.35,0.1,0.5,0.9999958539255034,-0.06500159999999999,1,99.95374653098983
0.0,0.05,0.35,0.15,0.45,0.9999958539255034,-0.04391010000000001,1,99.95374653098983
0.0,0.05,0.35,0.2,0.4,0.9999958539255034,-0.022818599999999967,1,99.95374653098983
0.0,0.05,0.35,0.25,0.35,0.9999958539255034,-0.0017270999999999814,3,99.86123959296947
0.0,0.05,0.35,0.3,0.3,1.0,0.01936440000000006,4,99.81498612395929
0.0,0.05,0.35,0.35,0.25,1.0,0.031842499999999996,5,99.76873265494912
0.0,0.05,0.35,0.4,0.2,0.9999958539255034,-0.005119299999999938,8,99.6299722479186
0.0,0.05,0.35,0.45,0.15,0.9999792696275167,-0.06745299999999993,8,99.6299722479186
0.0,0.05,0.35,0.5,0.1,0.99995024710604,-0.12978669999999992,11,99.49121184088807
0.0,0.05,0.35,0.55,0.05,0.99982586487114,-0.1921203999999999,15,99.30619796484737
0.0,0.05,0.35,0.6,0.0,0.99973879730671,-0.2593331,20,99.07493061979649
0.0,0.05,0.4,0.0,0.55,0.9999958539255034,-0.14326559999999994,2,99.90749306197965
0.0,0.05,0.4,0.05,0.5,0.9999958539255034,-0.12217409999999995,1,99.95374653098983
0.0,0.05,0.4,0.1,0.45,0.9999958539255034,-0.10108259999999997,1,99.95374653098983
0.0,0.05,0.4,0.15,0.4,0.9999958539255034,-0.07999109999999998,1,99.95374653098983
0.0,0.05,0.4,0.2,0.35,0.9999958539255034,-0.05889959999999994,1,99.95374653098983
0.0,0.05,0.4,0.25,0.3,0.9999958539255034,-0.03780810000000001,2,99.90749306197965
0.0,0.05,0.4,0.3,0.25,0.9999958539255034,-0.01671659999999997,3,99.86123959296947
0.0,0.05,0.4,0.35,0.2,0.9999917078510067,-0.003223549999999964,3,99.86123959296947
0.0,0.05,0.4,0.4,0.15,0.9999792696275167,-0.06514329999999996,3,99.86123959296947
0.0,0.05,0.4,0.45,0.1,0.9999668314040266,-0.127477,4,99.81498612395929
0.0,0.05,0.4,0.5,0.05,0.99992537065906,-0.18981069999999994,9,99.58371877890842
0.0,0.05,0.4,0.55,0.0,0.9998175727221467,-0.25214439999999994,13,99.39870490286772
0.0,0.05,0.45,0.0,0.5,0.9999917078510067,-0.17934659999999997,2,99.90749306197965
0.0,0.05,0.45,0.05,0.45,0.9999917078510067,-0.15825509999999998,2,99.90749306197965
0.0,0.05,0.45,0.1,0.4,0.9999958539255034,-0.13716359999999994,2,99.90749306197965
0.0,0.05,0.45,0.15,0.35,0.9999958539255034,-0.11607209999999996,1,99.95374653098983
0.0,0.05,0.45,0.2,0.3,0.9999917078510067,-0.09498059999999997,2,99.90749306197965
0.0,0.05,0.45,0.25,0.25,0.9999917078510067,-0.07388909999999999,3,99.86123959296947
0.0,0.05,0.45,0.3,0.2,0.9999834157020133,-0.052797599999999945,4,99.81498612395929
0.0,0.05,0.45,0.35,0.15,0.99997512355302,-0.07227489999999998,4,99.81498612395929
0.0,0.05,0.45,0.4,0.1,0.9999668314040266,-0.12516729999999998,4,99.81498612395929
0.0,0.05,0.45,0.45,0.05,0.9999543931805367,-0.18750099999999992,4,99.81498612395929
0.0,0.05,0.45,0.5,0.0,0.9999170785100666,-0.2498346999999999,8,99.6299722479186
0.0,0.05,0.5,0.0,0.45,0.99995024710604,-0.2154276,5,99.76873265494912
0.0,0.05,0.5,0.05,0.4,0.99995024710604,-0.19433609999999996,5,99.76873265494912
0.0,0.05,0.5,0.1,0.35,0.9999543931805367,-0.17324459999999997,5,99.76873265494912
0.0,0.05,0.5,0.15,0.3,0.99996268532953,-0.15215309999999999,6,99.72247918593895
0.0,0.05,0.5,0.2,0.25,0.99997512355302,-0.1310616,7,99.67622571692877
0.0,0.05,0.5,0.25,0.2,0.9999709774785234,-0.10997009999999996,7,99.67622571692877
0.0,0.05,0.5,0.3,0.15,0.9999709774785234,-0.11850559999999993,6,99.72247918593895
0.0,0.05,0.5,0.35,0.1,0.9999543931805367,-0.14132625,6,99.72247918593895
0.0,0.05,0.5,0.4,0.05,0.9999419549570466,-0.1851912999999999,7,99.67622571692877
0.0,0.05,0.5,0.45,0.0,0.9999170785100666,-0.247525,8,99.6299722479186
0.0,0.05,0.55,0.0,0.4,0.99988805598859,-0.25150859999999997,11,99.49121184088807
0.0,0.05,0.55,0.05,0.35,0.9999087863610734,-0.23041709999999999,11,99.49121184088807
0.0,0.05,0.55,0.1,0.3,0.9999087863610734,-0.20932559999999995,12,99.44495837187789
0.0,0.05,0.55,0.15,0.25,0.9999170785100666,-0.18823409999999996,13,99.39870490286772
0.0,0.05,0.55,0.2,0.2,0.9999170785100666,-0.16714259999999992,12,99.44495837187789
0.0,0.05,0.55,0.25,0.15,0.9999170785100666,-0.16473629999999995,13,99.39870490286772
0.0,0.05,0.55,0.3,0.1,0.9999046402865767,-0.18755695,13,99.39870490286772
0.0,0.05,0.55,0.35,0.05,0.9998922020630867,-0.2103776,13,99.39870490286772
0.0,0.05,0.55,0.4,0.0,0.9998714716906033,-0.24521529999999991,13,99.39870490286772
0.0,0.05,0.6,0.0,0.35,0.9998673256161067,-0.2875895999999999,18,99.16743755781684
0.0,0.05,0.6,0.05,0.3,0.9998673256161067,-0.2664980999999999,19,99.12118408880666
0.0,0.05,0.6,0.1,0.25,0.9998673256161067,-0.24540659999999992,20,99.07493061979649
0.0,0.05,0.6,0.15,0.2,0.9998714716906033,-0.2243151,20,99.07493061979649
0.0,0.05,0.6,0.2,0.15,0.9998714716906033,-0.21096699999999985,20,99.07493061979649
0.0,0.05,0.6,0.25,0.1,0.9998465952436233,-0.2337876499999999,20,99.07493061979649
0.0,0.05,0.6,0.3,0.05,0.9998300109456366,-0.2566082999999999,20,99.07493061979649
0.0,0.05,0.6,0.35,0.0,0.9997926962751666,-0.2794289499999999,20,99.07493061979649
0.0,0.05,0.65,0.0,0.3,0.9997844041261733,-0.32553455000000003,22,98.98242368177613
0.0,0.05,0.65,0.05,0.25,0.99978855020067,-0.3124608,23,98.93617021276596
0.0,0.05,0.65,0.1,0.2,0.99978855020067,-0.2993870500000001,23,98.93617021276596
0.0,0.05,0.65,0.15,0.15,0.9997719659026834,-0.2863133000000001,23,98.93617021276596
0.0,0.05,0.65,0.2,0.1,0.9997595276791933,-0.28001834999999997,23,98.93617021276596
0.0,0.05,0.65,0.25,0.05,0.9997595276791933,-0.30283899999999997,23,98.93617021276596
0.0,0.05,0.65,0.3,0.0,0.9997305051577167,-0.32565965,23,98.93617021276596
0.0,0.05,0.7,0.0,0.25,0.9996807522637566,-0.4017421999999999,25,98.84366327474561
0.0,0.05,0.7,0.05,0.2,0.9996683140402667,-0.38866845,26,98.79740980573543
0.0,0.05,0.7,0.1,0.15,0.9996475836677834,-0.3755947,26,98.79740980573543
0.0,0.05,0.7,0.15,0.1,0.9996600218912733,-0.36252095,26,98.79740980573543
0.0,0.05,0.7,0.2,0.05,0.99965172974228,-0.3498387499999999,26,98.79740980573543
0.0,0.05,0.7,0.25,0.0,0.9996227072208034,-0.3718903499999999,26,98.79740980573543
0.0,0.05,0.75,0.0,0.2,0.9995439318053667,-0.47794985,29,98.6586493987049
0.0,0.05,0.75,0.05,0.15,0.9995314935818767,-0.4648761,30,98.61239592969473
0.0,0.05,0.75,0.1,0.1,0.99951490928389,-0.45180235,30,98.61239592969473
0.0,0.05,0.75,0.15,0.05,0.9995024710604,-0.4387286,30,98.61239592969473
0.0,0.05,0.75,0.2,0.0,0.9994693024644267,-0.4256548499999999,30,98.61239592969473
0.0,0.05,0.8,0.0,0.15,0.9993573584530167,-0.5541575000000001,31,98.56614246068455
0.0,0.05,0.8,0.05,0.1,0.9993449202295267,-0.54108375,31,98.56614246068455
0.0,0.05,0.8,0.1,0.05,0.9993158977080501,-0.52801,31,98.56614246068455
0.0,0.05,0.8,0.15,0.0,0.9992744369630834,-0.51493625,31,98.56614246068455
0.0,0.05,0.85,0.0,0.1,0.9990754253872434,-0.6303651499999999,35,98.38112858464385
0.0,0.05,0.85,0.05,0.05,0.9990629871637534,-0.6172913999999999,35,98.38112858464385
0.0,0.05,0.85,0.1,0.0,0.9990381107167734,-0.6042176499999999,35,98.38112858464385
0.0,0.05,0.9,0.0,0.05,0.9986152111181134,-0.7065728,40,98.14986123959298
0.0,0.05,0.9,0.05,0.0,0.99858204252214,-0.69349905,40,98.14986123959298
0.0,0.05,0.95,0.0,0.0,0.9976077150154234,-0.78278045,44,97.96484736355227
0.0,0.1,0.0,0.0,0.9,0.9999087863610734,-0.2658348,14,99.35245143385754
0.0,0.1,0.0,0.05,0.85,0.9999212245845633,-0.23528634999999998,13,99.39870490286772
0.0,0.1,0.0,0.1,0.8,0.99992537065906,-0.22884709999999997,13,99.39870490286772
0.0,0.1,0.0,0.15,0.75,0.99992537065906,-0.22240784999999996,13,99.39870490286772
0.0,0.1,0.0,0.2,0.7,0.99993780888255,-0.21596859999999996,11,99.49121184088807
0.0,0.1,0.0,0.25,0.65,0.9999461010315434,-0.20952934999999995,10,99.53746530989824
0.0,0.1,0.0,0.3,0.6,0.99995024710604,-0.2030901,10,99.53746530989824
0.0,0.1,0.0,0.35,0.55,0.9999295167335567,-0.19665085,10,99.53746530989824
0.0,0.1,0.0,0.4,0.5,0.9998963481375833,-0.19021159999999998,10,99.53746530989824
0.0,0.1,0.0,0.45,0.45,0.9998714716906033,-0.18377234999999997,10,99.53746530989824
0.0,0.1,0.0,0.5,0.4,0.99986317954161,-0.17733309999999997,11,99.49121184088807
0.0,0.1,0.0,0.55,0.35,0.9998175727221467,-0.2097562,12,99.44495837187789
0.0,0.1,0.0,0.6,0.3,0.9997429433812067,-0.2652746,18,99.16743755781684
0.0,0.1,0.0,0.65,0.25,0.9996227072208034,-0.32079300000000005,21,99.02867715078631
0.0,0.1,0.0,0.7,0.2,0.9994568642409367,-0.37631139999999996,26,98.79740980573543
0.0,0.1,0.0,0.75,0.15,0.9993158977080501,-0.43182980000000004,28,98.70490286771508
0.0,0.1,0.0,0.8,0.1,0.9991334704301967,-0.4873481999999999,32,98.51988899167438
0.0,0.1,0.0,0.85,0.05,0.99895518922684,-0.5428666,34,98.42738205365403
0.0,0.1,0.0,0.9,0.0,0.9986525257885833,-0.6207611,35,98.38112858464385
0.0,0.1,0.05,0.0,0.85,0.9999212245845633,-0.2050325,13,99.39870490286772
0.0,0.1,0.05,0.05,0.8,0.9999336628080533,-0.17590485,11,99.49121184088807
0.0,0.1,0.05,0.1,0.75,0.9999461010315434,-0.16953179999999995,10,99.53746530989824
0.0,0.1,0.05,0.15,0.7,0.99995024710604,-0.16315874999999996,10,99.53746530989824
0.0,0.1,0.05,0.2,0.65,0.9999585392550333,-0.15678569999999997,10,99.53746530989824
0.0,0.1,0.05,0.25,0.6,0.99996268532953,-0.15041264999999998,10,99.53746530989824
0.0,0.1,0.05,0.3,0.55,0.99996268532953,-0.1440396,10,99.53746530989824
0.0,0.1,0.05,0.35,0.5,0.9999709774785234,-0.13766655,10,99.53746530989824
0.0,0.1,0.05,0.4,0.45,0.9999295167335567,-0.1312935,10,99.53746530989824
0.0,0.1,0.05,0.45,0.4,0.9998922020630867,-0.12492045000000002,8,99.6299722479186
0.0,0.1,0.05,0.5,0.35,0.99986317954161,-0.12822345000000002,9,99.58371877890842
0.0,0.1,0.05,0.55,0.3,0.99985074131812,-0.18341464999999996,12,99.44495837187789
0.0,0.1,0.05,0.6,0.25,0.9997595276791933,-0.23893304999999998,19,99.12118408880666
0.0,0.1,0.05,0.65,0.2,0.9996102689973133,-0.29445145,21,99.02867715078631
0.0,0.1,0.05,0.7,0.15,0.99947759461342,-0.34996985,25,98.84366327474561
0.0,0.1,0.05,0.75,0.1,0.9993200437825467,-0.40548825,28,98.70490286771508
0.0,0.1,0.05,0.8,0.05,0.9991251782812034,-0.46100664999999996,31,98.56614246068455
0.0,0.1,0.05,0.85,0.0,0.9989386049288533,-0.5398199499999999,33,98.47363552266421
0.0,0.1,0.1,0.0,0.8,0.99995024710604,-0.14423020000000003,10,99.53746530989824
0.0,0.1,0.1,0.05,0.75,0.99996268532953,-0.11712684999999995,10,99.53746530989824
0.0,0.1,0.1,0.1,0.7,0.99996268532953,-0.11075379999999996,10,99.53746530989824
0.0,0.1,0.1,0.15,0.65,0.99996268532953,-0.10438074999999997,9,99.58371877890842
0.0,0.1,0.1,0.2,0.6,0.99996268532953,-0.09800769999999998,9,99.58371877890842
0.0,0.1,0.1,0.25,0.55,0.9999668314040266,-0.09163464999999998,9,99.58371877890842
0.0,0.1,0.1,0.3,0.5,0.9999709774785234,-0.08526159999999999,9,99.58371877890842
0.0,0.1,0.1,0.35,0.45,0.9999709774785234,-0.07888855,8,99.6299722479186
0.0,0.1,0.1,0.4,0.4,0.9999585392550333,-0.07251550000000007,8,99.6299722479186
0.0,0.1,0.1,0.45,0.35,0.9999087863610734,-0.06614245000000002,8,99.6299722479186
0.0,0.1,0.1,0.5,0.3,0.9998963481375833,-0.10155469999999994,10,99.53746530989824
0.0,0.1,0.1,0.55,0.25,0.9998590334671134,-0.15707310000000002,14,99.35245143385754
0.0,0.1,0.1,0.6,0.2,0.99976367375369,-0.21259149999999993,19,99.12118408880666
0.0,0.1,0.1,0.65,0.15,0.9996351454442933,-0.26810990000000007,22,98.98242368177613
0.0,0.1,0.1,0.7,0.1,0.9995024710604,-0.32362829999999987,26,98.79740980573543
0.0,0.1,0.1,0.75,0.05,0.9993490663040233,-0.37914669999999995,28,98.70490286771508
0.0,0.1,0.1,0.8,0.0,0.9991376165046933,-0.4588788,31,98.56614246068455
0.0,0.1,0.15,0.0,0.75,0.9999709774785234,-0.08342789999999994,7,99.67622571692877
0.0,0.1,0.15,0.05,0.7,0.9999709774785234,-0.06542614999999996,7,99.67622571692877
0.0,0.1,0.15,0.1,0.65,0.99997512355302,-0.051975800000000016,9,99.58371877890842
0.0,0.1,0.15,0.15,0.6,0.9999834157020133,-0.04560274999999997,9,99.58371877890842
0.0,0.1,0.15,0.2,0.55,0.9999834157020133,-0.039229700000000034,9,99.58371877890842
0.0,0.1,0.15,0.25,0.5,0.99998756177651,-0.03285665000000004,9,99.58371877890842
0.0,0.1,0.15,0.3,0.45,0.99998756177651,-0.026483599999999996,8,99.6299722479186
0.0,0.1,0.15,0.35,0.4,0.99998756177651,-0.02011055000000006,8,99.6299722479186
0.0,0.1,0.15,0.4,0.35,0.9999834157020133,-0.013737500000000014,8,99.6299722479186
0.0,0.1,0.15,0.45,0.3,0.99992537065906,-0.021815899999999888,8,99.6299722479186
0.0,0.1,0.15,0.5,0.25,0.99991293243557,-0.07521315,12,99.44495837187789
0.0,0.1,0.15,0.55,0.2,0.9998548873926166,-0.13073155000000003,15,99.30619796484737
0.0,0.1,0.15,0.6,0.15,0.9997470894557033,-0.18624995,20,99.07493061979649
0.0,0.1,0.15,0.65,0.1,0.9996434375932867,-0.2417683499999999,21,99.02867715078631
0.0,0.1,0.15,0.7,0.05,0.9995190553583867,-0.29728675,26,98.79740980573543
0.0,0.1,0.15,0.75,0.0,0.9993615045275134,-0.37793765,28,98.70490286771508
0.0,0.1,0.2,0.0,0.7,0.9999834157020133,-0.06649489999999997,7,99.67622571692877
0.0,0.1,0.2,0.05,0.65,0.9999958539255034,-0.04850699999999997,7,99.67622571692877
0.0,0.1,0.2,0.1,0.6,0.9999958539255034,-0.030519099999999966,7,99.67622571692877
0.0,0.1,0.2,0.15,0.55,0.9999958539255034,-0.012531199999999965,7,99.67622571692877
0.0,0.1,0.2,0.2,0.5,1.0,0.005456699999999981,8,99.6299722479186
0.0,0.1,0.2,0.25,0.45,1.0,0.023444600000000038,8,99.6299722479186
0.0,0.1,0.2,0.3,0.4,1.0,0.0322944,8,99.6299722479186
0.0,0.1,0.2,0.35,0.35,1.0,0.03866745000000005,8,99.6299722479186
0.0,0.1,0.2,0.4,0.3,1.0,0.03588410000000003,8,99.6299722479186
0.0,0.1,0.2,0.45,0.25,1.0,0.0008147000000000015,10,99.53746530989824
0.0,0.1,0.2,0.5,0.2,0.99993780888255,-0.048871600000000015,12,99.44495837187789
0.0,0.1,0.2,0.55,0.15,0.99986317954161,-0.10438999999999998,16,99.25994449583719
0.0,0.1,0.2,0.6,0.1,0.99973879730671,-0.15990839999999984,20,99.07493061979649
0.0,0.1,0.2,0.65,0.05,0.9996351454442933,-0.22315094999999996,23,98.93617021276596
0.0,0.1,0.2,0.7,0.0,0.9995314935818767,-0.29858519999999994,26,98.79740980573543
0.0,0.1,0.25,0.0,0.65,0.9999917078510067,-0.049575749999999974,4,99.81498612395929
0.0,0.1,0.25,0.05,0.6,0.9999917078510067,-0.03158784999999997,4,99.81498612395929
0.0,0.1,0.25,0.1,0.55,0.9999958539255034,-0.013599949999999972,4,99.81498612395929
0.0,0.1,0.25,0.15,0.5,1.0,0.004387950000000029,4,99.81498612395929
0.0,0.1,0.25,0.2,0.45,1.0,0.022375849999999975,4,99.81498612395929
0.0,0.1,0.25,0.25,0.4,1.0,0.040363749999999976,4,99.81498612395929
0.0,0.1,0.25,0.3,0.35,1.0,0.05835164999999998,6,99.72247918593895
0.0,0.1,0.25,0.35,0.3,1.0,0.06155069999999996,7,99.67622571692877
0.0,0.1,0.25,0.4,0.25,1.0,0.043129150000000005,9,99.58371877890842
0.0,0.1,0.25,0.45,0.2,1.0,0.010351300000000008,9,99.58371877890842
0.0,0.1,0.25,0.5,0.15,0.9999336628080533,-0.04835539999999999,12,99.44495837187789
0.0,0.1,0.25,0.55,0.1,0.99986317954161,-0.11462870000000003,16,99.25994449583719
0.0,0.1,0.25,0.6,0.05,0.99973879730671,-0.19006294999999995,23,98.93617021276596
0.0,0.1,0.25,0.65,0.0,0.9996185611463067,-0.2654972,23,98.93617021276596
0.0,0.1,0.3,0.0,0.6,0.9999917078510067,-0.059174199999999955,1,99.95374653098983
0.0,0.1,0.3,0.05,0.55,0.9999917078510067,-0.038082699999999914,1,99.95374653098983
0.0,0.1,0.3,0.1,0.5,0.9999958539255034,-0.016991199999999984,1,99.95374653098983
0.0,0.1,0.3,0.15,0.45,1.0,0.004100300000000057,1,99.95374653098983
0.0,0.1,0.3,0.2,0.4,1.0,0.025191800000000042,1,99.95374653098983
0.0,0.1,0.3,0.25,0.35,1.0,0.04628330000000008,2,99.90749306197965
0.0,0.1,0.3,0.3,0.3,1.0,0.05291859999999998,3,99.86123959296947
0.0,0.1,0.3,0.35,0.25,1.0,0.034497049999999974,5,99.76873265494912
0.0,0.1,0.3,0.4,0.2,1.0,0.016075500000000076,7,99.67622571692877
0.0,0.1,0.3,0.45,0.15,0.9999834157020133,-0.04604569999999991,8,99.6299722479186
0.0,0.1,0.3,0.5,0.1,0.9999585392550333,-0.10837940000000001,10,99.53746530989824
0.0,0.1,0.3,0.55,0.05,0.9998424491691267,-0.17071309999999995,15,99.30619796484737
0.0,0.1,0.3,0.6,0.0,0.9997429433812067,-0.23304679999999994,21,99.02867715078631
0.0,0.1,0.35,0.0,0.55,0.9999917078510067,-0.09525519999999993,1,99.95374653098983
0.0,0.1,0.35,0.05,0.5,0.9999958539255034,-0.07416369999999994,1,99.95374653098983
0.0,0.1,0.35,0.1,0.45,0.9999958539255034,-0.05307219999999996,1,99.95374653098983
0.0,0.1,0.35,0.15,0.4,0.9999958539255034,-0.03198069999999997,1,99.95374653098983
0.0,0.1,0.35,0.2,0.35,0.9999958539255034,-0.010889199999999932,1,99.95374653098983
0.0,0.1,0.35,0.25,0.3,1.0,0.010202299999999997,1,99.95374653098983
0.0,0.1,0.35,0.3,0.25,1.0,0.025864949999999998,3,99.86123959296947
0.0,0.1,0.35,0.35,0.2,1.0,0.007443400000000044,3,99.86123959296947
0.0,0.1,0.35,0.4,0.15,0.99998756177651,-0.04373599999999994,3,99.86123959296947
0.0,0.1,0.35,0.45,0.1,0.9999709774785234,-0.10606969999999999,3,99.86123959296947
0.0,0.1,0.35,0.5,0.05,0.99993780888255,-0.16840339999999993,9,99.58371877890842
0.0,0.1,0.35,0.55,0.0,0.9998300109456366,-0.23073710000000003,14,99.35245143385754
0.0,0.1,0.4,0.0,0.5,0.9999958539255034,-0.13133619999999996,1,99.95374653098983
0.0,0.1,0.4,0.05,0.45,0.9999958539255034,-0.11024470000000003,1,99.95374653098983
0.0,0.1,0.4,0.1,0.4,0.9999958539255034,-0.08915319999999993,1,99.95374653098983
0.0,0.1,0.4,0.15,0.35,0.9999958539255034,-0.06806169999999995,1,99.95374653098983
0.0,0.1,0.4,0.2,0.3,0.9999958539255034,-0.04697019999999996,1,99.95374653098983
0.0,0.1,0.4,0.25,0.25,0.9999958539255034,-0.025878699999999977,3,99.86123959296947
0.0,0.1,0.4,0.3,0.2,0.9999917078510067,-0.004787199999999936,4,99.81498612395929
0.0,0.1,0.4,0.35,0.15,0.9999834157020133,-0.04142630000000003,4,99.81498612395929
0.0,0.1,0.4,0.4,0.1,0.99997512355302,-0.10375999999999996,4,99.81498612395929
0.0,0.1,0.4,0.45,0.05,0.9999585392550333,-0.16609369999999996,4,99.81498612395929
0.0,0.1,0.4,0.5,0.0,0.99991293243557,-0.22842739999999995,9,99.58371877890842
0.0,0.1,0.45,0.0,0.45,0.9999834157020133,-0.1674172,4,99.81498612395929
0.0,0.1,0.45,0.05,0.4,0.9999834157020133,-0.14632570000000006,4,99.81498612395929
0.0,0.1,0.45,0.1,0.35,0.99998756177651,-0.12523419999999996,3,99.86123959296947
0.0,0.1,0.45,0.15,0.3,0.9999917078510067,-0.10414269999999998,4,99.81498612395929
0.0,0.1,0.45,0.2,0.25,0.99998756177651,-0.08305120000000005,5,99.76873265494912
0.0,0.1,0.45,0.25,0.2,0.9999834157020133,-0.061959700000000006,5,99.76873265494912
0.0,0.1,0.45,0.3,0.15,0.9999792696275167,-0.051742449999999995,5,99.76873265494912
0.0,0.1,0.45,0.35,0.1,0.9999709774785234,-0.10145030000000005,5,99.76873265494912
0.0,0.1,0.45,0.4,0.05,0.9999585392550333,-0.16378399999999993,6,99.72247918593895
0.0,0.1,0.45,0.45,0.0,0.9999461010315434,-0.22611769999999992,7,99.67622571692877
0.0,0.1,0.5,0.0,0.4,0.9999419549570466,-0.20349819999999996,6,99.72247918593895
0.0,0.1,0.5,0.05,0.35,0.9999419549570466,-0.18240669999999998,6,99.72247918593895
0.0,0.1,0.5,0.1,0.3,0.99995024710604,-0.1613152,7,99.67622571692877
0.0,0.1,0.5,0.15,0.25,0.9999585392550333,-0.14022369999999995,8,99.6299722479186
0.0,0.1,0.5,0.2,0.2,0.9999668314040266,-0.11913219999999997,7,99.67622571692877
0.0,0.1,0.5,0.25,0.15,0.99996268532953,-0.09804069999999998,7,99.67622571692877
0.0,0.1,0.5,0.3,0.1,0.9999543931805367,-0.1207938,7,99.67622571692877
0.0,0.1,0.5,0.35,0.05,0.9999419549570466,-0.16147429999999996,8,99.6299722479186
0.0,0.1,0.5,0.4,0.0,0.9999046402865767,-0.223808,10,99.53746530989824
0.0,0.1,0.55,0.0,0.35,0.9998839099140934,-0.2395792,14,99.35245143385754
0.0,0.1,0.55,0.05,0.3,0.9998922020630867,-0.21848769999999995,16,99.25994449583719
0.0,0.1,0.55,0.1,0.25,0.99990049421208,-0.1973961999999999,17,99.21369102682701
0.0,0.1,0.55,0.15,0.2,0.9999046402865767,-0.17630469999999998,17,99.21369102682701
0.0,0.1,0.55,0.2,0.15,0.99990049421208,-0.15844114999999998,16,99.25994449583719
0.0,0.1,0.55,0.25,0.1,0.9999046402865767,-0.16702449999999996,16,99.25994449583719
0.0,0.1,0.55,0.3,0.05,0.9998714716906033,-0.18984514999999996,16,99.25994449583719
0.0,0.1,0.55,0.35,0.0,0.99985074131812,-0.22149829999999998,16,99.25994449583719
0.0,0.1,0.6,0.0,0.3,0.99983830309463,-0.27566019999999986,19,99.12118408880666
0.0,0.1,0.6,0.05,0.25,0.9998300109456366,-0.25456869999999987,19,99.12118408880666
0.0,0.1,0.6,0.1,0.2,0.9998465952436233,-0.24601749999999994,21,99.02867715078631
0.0,0.1,0.6,0.15,0.15,0.9998465952436233,-0.23975430000000003,21,99.02867715078631
0.0,0.1,0.6,0.2,0.1,0.9998175727221467,-0.2334910999999999,21,99.02867715078631
0.0,0.1,0.6,0.25,0.05,0.9998092805731533,-0.23607584999999986,21,99.02867715078631
0.0,0.1,0.6,0.3,0.0,0.9997802580516767,-0.25889649999999986,21,99.02867715078631
0.0,0.1,0.65,0.0,0.25,0.9997595276791933,-0.34007765,25,98.84366327474561
0.0,0.1,0.65,0.05,0.2,0.9997678198281866,-0.3273306500000001,26,98.79740980573543
0.0,0.1,0.65,0.1,0.15,0.9997470894557033,-0.3210674500000001,27,98.75115633672526
0.0,0.1,0.65,0.15,0.1,0.9997222130087233,-0.3148042500000001,27,98.75115633672526
0.0,0.1,0.65,0.2,0.05,0.9997222130087233,-0.30854105,27,98.75115633672526
0.0,0.1,0.65,0.25,0.0,0.9996848983382534,-0.3051272,28,98.70490286771508
0.0,0.1,0.7,0.0,0.2,0.9996185611463067,-0.41628529999999997,29,98.6586493987049
0.0,0.1,0.7,0.05,0.15,0.9996061229228167,-0.40321155,29,98.6586493987049
0.0,0.1,0.7,0.1,0.1,0.9996102689973133,-0.39611739999999995,29,98.6586493987049
0.0,0.1,0.7,0.15,0.05,0.99958953862483,-0.38985420000000004,29,98.6586493987049
0.0,0.1,0.7,0.2,0.0,0.99956466217785,-0.3835909999999999,29,98.6586493987049
0.0,0.1,0.75,0.0,0.15,0.9994361338684533,-0.49249295000000004,31,98.56614246068455
0.0,0.1,0.75,0.05,0.1,0.9994236956449634,-0.4794192,31,98.56614246068455
0.0,0.1,0.75,0.1,0.05,0.9994071113469767,-0.47116735,32,98.51988899167438
0.0,0.1,0.75,0.15,0.0,0.9993988191979833,-0.46490415,32,98.51988899167438
0.0,0.1,0.8,0.0,0.1,0.9992122458456334,-0.5687006,37,98.2886216466235
0.0,0.1,0.8,0.05,0.05,0.9991998076221433,-0.55562685,37,98.2886216466235
0.0,0.1,0.8,0.1,0.0,0.9991873693986534,-0.5462173,38,98.24236817761333
0.0,0.1,0.85,0.0,0.05,0.9988764138114034,-0.6449082499999998,41,98.10360777058278
0.0,0.1,0.85,0.05,0.0,0.99881836876845,-0.6318344999999999,41,98.10360777058278
0.0,0.1,0.9,0.0,0.0,0.9980928057315334,-0.7211159,42,98.05735430157262
0.0,0.15,0.0,0.0,0.85,0.9999170785100666,-0.2337676999999999,13,99.39870490286772
0.0,0.15,0.0,0.05,0.8,0.9999336628080533,-0.20473615,11,99.49121184088807
0.0,0.15,0.0,0.1,0.75,0.99993780888255,-0.1982969,11,99.49121184088807
0.0,0.15,0.0,0.15,0.7,0.99995024710604,-0.19185765,11,99.49121184088807
0.0,0.15,0.0,0.2,0.65,0.9999543931805367,-0.18541839999999998,11,99.49121184088807
0.0,0.15,0.0,0.25,0.6,0.9999585392550333,-0.17897914999999998,11,99.49121184088807
0.0,0.15,0.0,0.3,0.55,0.9999585392550333,-0.17253989999999997,10,99.53746530989824
0.0,0.15,0.0,0.35,0.5,0.99996268532953,-0.16610065000000002,10,99.53746530989824
0.0,0.15,0.0,0.4,0.45,0.9999336628080533,-0.1596614,10,99.53746530989824
0.0,0.15,0.0,0.45,0.4,0.9998922020630867,-0.15322215,8,99.6299722479186
0.0,0.15,0.0,0.5,0.35,0.9998673256161067,-0.15076420000000001,9,99.58371877890842
0.0,0.15,0.0,0.55,0.3,0.9998465952436233,-0.18235810000000002,11,99.49121184088807
0.0,0.15,0.0,0.6,0.25,0.9997553816046967,-0.23787649999999994,19,99.12118408880666
0.0,0.15,0.0,0.65,0.2,0.9996102689973133,-0.29339489999999996,22,98.98242368177613
0.0,0.15,0.0,0.7,0.15,0.9994693024644267,-0.3489133,26,98.79740980573543
0.0,0.15,0.0,0.75,0.1,0.9993158977080501,-0.40443169999999995,29,98.6586493987049
0.0,0.15,0.0,0.8,0.05,0.9991334704301967,-0.4599501,32,98.51988899167438
0.0,0.15,0.0,0.85,0.0,0.9989261667053634,-0.53738865,33,98.47363552266421
0.0,0.15,0.05,0.0,0.8,0.99993780888255,-0.1729654,11,99.49121184088807
0.0,0.15,0.05,0.05,0.75,0.9999585392550333,-0.14513179999999998,11,99.49121184088807
0.0,0.15,0.05,0.1,0.7,0.9999585392550333,-0.13875875,11,99.49121184088807
0.0,0.15,0.05,0.15,0.65,0.99996268532953,-0.13238569999999994,9,99.58371877890842
0.0,0.15,0.05,0.2,0.6,0.99996268532953,-0.12601265,9,99.58371877890842
0.0,0.15,0.05,0.25,0.55,0.99996268532953,-0.11963959999999996,9,99.58371877890842
0.0,0.15,0.05,0.3,0.5,0.9999668314040266,-0.11326654999999997,9,99.58371877890842
0.0,0.15,0.05,0.35,0.45,0.9999709774785234,-0.10689350000000003,8,99.6299722479186
0.0,0.15,0.05,0.4,0.4,0.99996268532953,-0.10052045000000004,8,99.6299722479186
0.0,0.15,0.05,0.45,0.35,0.9999087863610734,-0.09414739999999999,8,99.6299722479186
0.0,0.15,0.05,0.5,0.3,0.9998963481375833,-0.10049814999999995,9,99.58371877890842
0.0,0.15,0.05,0.55,0.25,0.99985074131812,-0.15601655000000003,13,99.39870490286772
0.0,0.15,0.05,0.6,0.2,0.9997595276791933,-0.21153495000000005,21,99.02867715078631
0.0,0.15,0.05,0.65,0.15,0.9996227072208034,-0.26705335,22,98.98242368177613
0.0,0.15,0.05,0.7,0.1,0.99947759461342,-0.3225717499999999,27,98.75115633672526
0.0,0.15,0.05,0.75,0.05,0.9993158977080501,-0.3780901499999999,29,98.6586493987049
0.0,0.15,0.05,0.8,0.0,0.9991417625791901,-0.45644750000000006,32,98.51988899167438
0.0,0.15,0.1,0.0,0.75,0.9999709774785234,-0.11216309999999996,8,99.6299722479186
0.0,0.15,0.1,0.05,0.7,0.9999709774785234,-0.09085555000000001,8,99.6299722479186
0.0,0.15,0.1,0.1,0.65,0.9999709774785234,-0.07998074999999999,9,99.58371877890842
0.0,0.15,0.1,0.15,0.6,0.9999668314040266,-0.0736077,9,99.58371877890842
0.0,0.15,0.1,0.2,0.55,0.9999668314040266,-0.06723465,9,99.58371877890842
0.0,0.15,0.1,0.25,0.5,0.9999668314040266,-0.060861600000000016,8,99.6299722479186
0.0,0.15,0.1,0.3,0.45,0.9999709774785234,-0.054488550000000024,8,99.6299722479186
0.0,0.15,0.1,0.35,0.4,0.9999792696275167,-0.04811550000000003,8,99.6299722479186
0.0,0.15,0.1,0.4,0.35,0.9999792696275167,-0.041742449999999987,8,99.6299722479186
0.0,0.15,0.1,0.45,0.3,0.99993780888255,-0.03948259999999992,8,99.6299722479186
0.0,0.15,0.1,0.5,0.25,0.9999087863610734,-0.07415659999999996,10,99.53746530989824
0.0,0.15,0.1,0.55,0.2,0.9998590334671134,-0.12967500000000004,15,99.30619796484737
0.0,0.15,0.1,0.6,0.15,0.9997346512322134,-0.18519339999999995,22,98.98242368177613
0.0,0.15,0.1,0.65,0.1,0.9996351454442933,-0.24071179999999986,24,98.88991674375578
0.0,0.15,0.1,0.7,0.05,0.9994858867624133,-0.29623019999999994,27,98.75115633672526
0.0,0.15,0.1,0.75,0.0,0.99934077415503,-0.37550635,28,98.70490286771508
0.0,0.15,0.15,0.0,0.7,0.9999834157020133,-0.09192430000000001,7,99.67622571692877
0.0,0.15,0.15,0.05,0.65,0.9999834157020133,-0.07393639999999996,7,99.67622571692877
0.0,0.15,0.15,0.1,0.6,0.99998756177651,-0.05594850000000001,7,99.67622571692877
0.0,0.15,0.15,0.15,0.55,0.99998756177651,-0.037960599999999955,8,99.6299722479186
0.0,0.15,0.15,0.2,0.5,0.99998756177651,-0.019972700000000065,8,99.6299722479186
0.0,0.15,0.15,0.25,0.45,0.9999917078510067,-0.0020836000000000188,8,99.6299722479186
0.0,0.15,0.15,0.3,0.4,1.0,0.0042894499999999725,8,99.6299722479186
0.0,0.15,0.15,0.35,0.35,1.0,0.01066250000000002,8,99.6299722479186
0.0,0.15,0.15,0.4,0.3,1.0,0.01703555000000001,8,99.6299722479186
0.0,0.15,0.15,0.45,0.25,0.9999958539255034,-0.0023969999999999825,9,99.58371877890842
0.0,0.15,0.15,0.5,0.2,0.9999419549570466,-0.04781504999999997,11,99.49121184088807
0.0,0.15,0.15,0.55,0.15,0.9998797638395966,-0.10333345,16,99.25994449583719
0.0,0.15,0.15,0.6,0.1,0.99973879730671,-0.1588518499999999,22,98.98242368177613
0.0,0.15,0.15,0.65,0.05,0.9996227072208034,-0.21437024999999998,24,98.88991674375578
0.0,0.15,0.15,0.7,0.0,0.9995107632093934,-0.2945651999999999,27,98.75115633672526
0.0,0.15,0.2,0.0,0.65,0.9999958539255034,-0.07500515000000002,4,99.81498612395929
0.0,0.15,0.2,0.05,0.6,0.9999958539255034,-0.05701725000000002,4,99.81498612395929
0.0,0.15,0.2,0.1,0.55,0.9999958539255034,-0.03902934999999996,4,99.81498612395929
0.0,0.15,0.2,0.15,0.5,0.9999958539255034,-0.021041450000000017,4,99.81498612395929
0.0,0.15,0.2,0.2,0.45,0.9999958539255034,-0.003053550000000016,4,99.81498612395929
0.0,0.15,0.2,0.25,0.4,1.0,0.01493435000000004,5,99.76873265494912
0.0,0.15,0.2,0.3,0.35,1.0,0.03292225000000004,6,99.72247918593895
0.0,0.15,0.2,0.35,0.3,1.0,0.05091015000000004,6,99.72247918593895
0.0,0.15,0.2,0.4,0.25,1.0,0.04578369999999998,7,99.67622571692877
0.0,0.15,0.2,0.45,0.2,1.0,0.006266800000000072,8,99.6299722479186
0.0,0.15,0.2,0.5,0.15,0.9999461010315434,-0.03615104999999985,10,99.53746530989824
0.0,0.15,0.2,0.55,0.1,0.99986317954161,-0.08928180000000002,17,99.21369102682701
0.0,0.15,0.2,0.6,0.05,0.9997346512322134,-0.16313904999999995,22,98.98242368177613
0.0,0.15,0.2,0.65,0.0,0.9996227072208034,-0.2385733,25,98.84366327474561
0.0,0.15,0.25,0.0,0.6,0.9999917078510067,-0.058086000000000026,1,99.95374653098983
0.0,0.15,0.25,0.05,0.55,0.9999958539255034,-0.04009809999999997,1,99.95374653098983
0.0,0.15,0.25,0.1,0.5,0.9999958539255034,-0.022110200000000024,1,99.95374653098983
0.0,0.15,0.25,0.15,0.45,0.9999958539255034,-0.004122300000000023,1,99.95374653098983
0.0,0.15,0.25,0.2,0.4,1.0,0.013865600000000033,1,99.95374653098983
0.0,0.15,0.25,0.25,0.35,1.0,0.031853500000000035,1,99.95374653098983
0.0,0.15,0.25,0.3,0.3,1.0,0.049841400000000036,3,99.86123959296947
0.0,0.15,0.25,0.35,0.25,1.0,0.03715160000000006,6,99.72247918593895
0.0,0.15,0.25,0.4,0.2,1.0,0.018730050000000054,7,99.67622571692877
0.0,0.15,0.25,0.45,0.15,0.9999917078510067,-0.02463839999999995,8,99.6299722479186
0.0,0.15,0.25,0.5,0.1,0.9999585392550333,-0.0869721,9,99.58371877890842
0.0,0.15,0.25,0.55,0.05,0.99985074131812,-0.14930579999999993,16,99.25994449583719
0.0,0.15,0.25,0.6,0.0,0.99972635908322,-0.21163950000000004,21,99.02867715078631
0.0,0.15,0.3,0.0,0.55,0.9999917078510067,-0.047244799999999976,1,99.95374653098983
0.0,0.15,0.3,0.05,0.5,0.9999917078510067,-0.026153300000000046,1,99.95374653098983
0.0,0.15,0.3,0.1,0.45,0.9999917078510067,-0.00519105000000003,1,99.95374653098983
0.0,0.15,0.3,0.15,0.4,1.0,0.012796850000000026,1,99.95374653098983
0.0,0.15,0.3,0.2,0.35,1.0,0.030784750000000027,1,99.95374653098983
0.0,0.15,0.3,0.25,0.3,1.0,0.046941049999999984,1,99.95374653098983
0.0,0.15,0.3,0.3,0.25,1.0,0.028519499999999975,3,99.86123959296947
0.0,0.15,0.3,0.35,0.2,1.0,0.010097950000000078,3,99.86123959296947
0.0,0.15,0.3,0.4,0.15,0.99998756177651,-0.02232869999999998,3,99.86123959296947
0.0,0.15,0.3,0.45,0.1,0.9999709774785234,-0.08466239999999997,4,99.81498612395929
0.0,0.15,0.3,0.5,0.05,0.9999419549570466,-0.1469960999999999,10,99.53746530989824
0.0,0.15,0.3,0.55,0.0,0.9998217187966434,-0.20932979999999995,14,99.35245143385754
0.0,0.15,0.35,0.0,0.5,0.9999917078510067,-0.08332579999999995,1,99.95374653098983
0.0,0.15,0.35,0.05,0.45,0.9999917078510067,-0.06223430000000002,1,99.95374653098983
0.0,0.15,0.35,0.1,0.4,0.9999958539255034,-0.041142799999999924,1,99.95374653098983
0.0,0.15,0.35,0.15,0.35,0.9999958539255034,-0.02005129999999994,1,99.95374653098983
0.0,0.15,0.35,0.2,0.3,1.0,0.0010402000000000466,1,99.95374653098983
0.0,0.15,0.35,0.25,0.25,1.0,0.0198874,4,99.81498612395929
0.0,0.15,0.35,0.3,0.2,1.0,0.0014658500000000463,4,99.81498612395929
0.0,0.15,0.35,0.35,0.15,0.99998756177651,-0.020018999999999953,4,99.81498612395929
0.0,0.15,0.35,0.4,0.1,0.99998756177651,-0.0823527,4,99.81498612395929
0.0,0.15,0.35,0.45,0.05,0.9999668314040266,-0.14468639999999994,4,99.81498612395929
0.0,0.15,0.35,0.5,0.0,0.9999212245845633,-0.20702009999999993,9,99.58371877890842
0.0,0.15,0.4,0.0,0.45,0.9999917078510067,-0.11940679999999998,2,99.90749306197965
0.0,0.15,0.4,0.05,0.4,0.9999958539255034,-0.0983153,2,99.90749306197965
0.0,0.15,0.4,0.1,0.35,0.9999958539255034,-0.07722379999999995,2,99.90749306197965
0.0,0.15,0.4,0.15,0.3,0.9999958539255034,-0.05613229999999997,2,99.90749306197965
0.0,0.15,0.4,0.2,0.25,0.9999958539255034,-0.03504079999999993,4,99.81498612395929
0.0,0.15,0.4,0.25,0.2,0.9999917078510067,-0.013949299999999942,4,99.81498612395929
0.0,0.15,0.4,0.3,0.15,0.9999917078510067,-0.025587799999999994,4,99.81498612395929
0.0,0.15,0.4,0.35,0.1,0.9999792696275167,-0.08004300000000003,4,99.81498612395929
0.0,0.15,0.4,0.4,0.05,0.9999585392550333,-0.1423766999999999,4,99.81498612395929
0.0,0.15,0.4,0.45,0.0,0.99993780888255,-0.20471040000000001,5,99.76873265494912
0.0,0.15,0.45,0.0,0.4,0.9999834157020133,-0.15548780000000006,5,99.76873265494912
0.0,0.15,0.45,0.05,0.35,0.9999834157020133,-0.13439630000000002,4,99.81498612395929
0.0,0.15,0.45,0.1,0.3,0.9999834157020133,-0.11330479999999993,4,99.81498612395929
0.0,0.15,0.45,0.15,0.25,0.9999834157020133,-0.0922133,6,99.72247918593895
0.0,0.15,0.45,0.2,0.2,0.9999834157020133,-0.07112179999999996,6,99.72247918593895
0.0,0.15,0.45,0.25,0.15,0.9999709774785234,-0.05003030000000003,6,99.72247918593895
0.0,0.15,0.45,0.3,0.1,0.9999668314040266,-0.0777333,7,99.67622571692877
0.0,0.15,0.45,0.35,0.05,0.9999543931805367,-0.140067,7,99.67622571692877
0.0,0.15,0.45,0.4,0.0,0.99993780888255,-0.2024007,8,99.6299722479186
0.0,0.15,0.5,0.0,0.35,0.99993780888255,-0.19156879999999998,9,99.58371877890842
0.0,0.15,0.5,0.05,0.3,0.9999419549570466,-0.17047729999999994,9,99.58371877890842
0.0,0.15,0.5,0.1,0.25,0.9999461010315434,-0.1493857999999999,10,99.53746530989824
0.0,0.15,0.5,0.15,0.2,0.99995024710604,-0.12829429999999997,10,99.53746530989824
0.0,0.15,0.5,0.2,0.15,0.99993780888255,-0.11714344999999998,10,99.53746530989824
0.0,0.15,0.5,0.25,0.1,0.9999419549570466,-0.11088025000000001,10,99.53746530989824
0.0,0.15,0.5,0.3,0.05,0.99993780888255,-0.13775729999999992,10,99.53746530989824
0.0,0.15,0.5,0.35,0.0,0.99990049421208,-0.20009099999999996,13,99.39870490286772
0.0,0.15,0.55,0.0,0.3,0.9998797638395966,-0.22764979999999996,17,99.21369102682701
0.0,0.15,0.55,0.05,0.25,0.9998714716906033,-0.21098299999999998,18,99.16743755781684
0.0,0.15,0.55,0.1,0.2,0.9998797638395966,-0.20471979999999995,19,99.12118408880666
0.0,0.15,0.55,0.15,0.15,0.9998797638395966,-0.19845659999999998,20,99.07493061979649
0.0,0.15,0.55,0.2,0.1,0.9998673256161067,-0.19219339999999996,20,99.07493061979649
0.0,0.15,0.55,0.25,0.05,0.99985074131812,-0.18593019999999993,19,99.12118408880666
0.0,0.15,0.55,0.3,0.0,0.9998341570201333,-0.1977813,18,99.16743755781684
0.0,0.15,0.6,0.0,0.25,0.9998175727221467,-0.29229614999999987,25,98.84366327474561
0.0,0.15,0.6,0.05,0.2,0.99981342664765,-0.28603294999999995,26,98.79740980573543
0.0,0.15,0.6,0.1,0.15,0.99980098842416,-0.27976975,26,98.79740980573543
0.0,0.15,0.6,0.15,0.1,0.99977611197718,-0.27350654999999996,26,98.79740980573543
0.0,0.15,0.6,0.2,0.05,0.99976367375369,-0.2672433499999999,26,98.79740980573543
0.0,0.15,0.6,0.25,0.0,0.99973879730671,-0.26098014999999986,27,98.75115633672526
0.0,0.15,0.65,0.0,0.2,0.99971392085973,-0.36734610000000006,30,98.61239592969473
0.0,0.15,0.65,0.05,0.15,0.9997056287107366,-0.3610829000000001,30,98.61239592969473
0.0,0.15,0.65,0.1,0.1,0.99968904441275,-0.35481970000000007,30,98.61239592969473
0.0,0.15,0.65,0.15,0.05,0.9996724601147633,-0.3485565000000001,30,98.61239592969473
0.0,0.15,0.65,0.2,0.0,0.9996558758167767,-0.34229329999999997,30,98.61239592969473
0.0,0.15,0.7,0.0,0.15,0.9995232014328833,-0.44239605,35,98.38112858464385
0.0,0.15,0.7,0.05,0.1,0.9995066171348966,-0.43613284999999996,35,98.38112858464385
0.0,0.15,0.7,0.1,0.05,0.9994983249859033,-0.42986965,35,98.38112858464385
0.0,0.15,0.7,0.15,0.0,0.9994817406879167,-0.42360644999999997,35,98.38112858464385
0.0,0.15,0.75,0.0,0.1,0.9993076055590567,-0.517446,36,98.33487511563366
0.0,0.15,0.75,0.05,0.05,0.99927858303758,-0.5111828,36,98.33487511563366
0.0,0.15,0.75,0.1,0.0,0.9992578526650967,-0.5049196,36,98.33487511563366
0.0,0.15,0.8,0.0,0.05,0.9990132342697934,-0.59249595,40,98.14986123959298
0.0,0.15,0.8,0.05,0.0,0.9989883578228134,-0.58623275,40,98.14986123959298
0.0,0.15,0.85,0.0,0.0,0.9984452220637501,-0.6675458999999999,42,98.05735430157262
0.0,0.2,0.0,0.0,0.8,0.9999336628080533,-0.2017006,11,99.49121184088807
0.0,0.2,0.0,0.05,0.75,0.99995024710604,-0.17418594999999992,11,99.49121184088807
0.0,0.2,0.0,0.1,0.7,0.9999585392550333,-0.16774670000000003,11,99.49121184088807
0.0,0.2,0.0,0.15,0.65,0.9999585392550333,-0.16130744999999996,10,99.53746530989824
0.0,0.2,0.0,0.2,0.6,0.9999585392550333,-0.15486819999999996,10,99.53746530989824
0.0,0.2,0.0,0.25,0.55,0.99996268532953,-0.14842894999999995,10,99.53746530989824
0.0,0.2,0.0,0.3,0.5,0.99996268532953,-0.14198969999999994,9,99.58371877890842
0.0,0.2,0.0,0.35,0.45,0.9999668314040266,-0.13555045,8,99.6299722479186
0.0,0.2,0.0,0.4,0.4,0.9999668314040266,-0.12911119999999993,8,99.6299722479186
0.0,0.2,0.0,0.45,0.35,0.9999087863610734,-0.12466319999999997,8,99.6299722479186
0.0,0.2,0.0,0.5,0.3,0.9998963481375833,-0.13067159999999994,9,99.58371877890842
0.0,0.2,0.0,0.55,0.25,0.9998465952436233,-0.15496,14,99.35245143385754
0.0,0.2,0.0,0.6,0.2,0.9997429433812067,-0.2104784,20,99.07493061979649
0.0,0.2,0.0,0.65,0.15,0.99960197684832,-0.2659968,24,98.88991674375578
0.0,0.2,0.0,0.7,0.1,0.9994568642409367,-0.32151519999999995,27,98.75115633672526
0.0,0.2,0.0,0.75,0.05,0.99930345948456,-0.37703359999999997,28,98.70490286771508
0.0,0.2,0.0,0.8,0.0,0.9991210322067067,-0.4540162,32,98.51988899167438
0.0,0.2,0.05,0.0,0.75,0.9999585392550333,-0.14089830000000003,8,99.6299722479186
0.0,0.2,0.05,0.05,0.7,0.99996268532953,-0.11628494999999994,9,99.58371877890842
0.0,0.2,0.05,0.1,0.65,0.99996268532953,-0.10798570000000002,10,99.53746530989824
0.0,0.2,0.05,0.15,0.6,0.99996268532953,-0.10161264999999997,10,99.53746530989824
0.0,0.2,0.05,0.2,0.55,0.99996268532953,-0.09523960000000004,9,99.58371877890842
0.0,0.2,0.05,0.25,0.5,0.9999668314040266,-0.08886654999999999,8,99.6299722479186
0.0,0.2,0.05,0.3,0.45,0.9999668314040266,-0.0824935,8,99.6299722479186
0.0,0.2,0.05,0.35,0.4,0.9999668314040266,-0.07612045,8,99.6299722479186
0.0,0.2,0.05,0.4,0.35,0.9999709774785234,-0.06974739999999996,8,99.6299722479186
0.0,0.2,0.05,0.45,0.3,0.9999295167335567,-0.07202659999999994,8,99.6299722479186
0.0,0.2,0.05,0.5,0.25,0.9999170785100666,-0.07803499999999997,10,99.53746530989824
0.0,0.2,0.05,0.55,0.2,0.99986317954161,-0.12861845000000005,17,99.21369102682701
0.0,0.2,0.05,0.6,0.15,0.99972635908322,-0.1841368499999999,21,99.02867715078631
0.0,0.2,0.05,0.65,0.1,0.9996185611463067,-0.23965525,25,98.84366327474561
0.0,0.2,0.05,0.7,0.05,0.9994610103154333,-0.2951736499999999,27,98.75115633672526
0.0,0.2,0.05,0.75,0.0,0.9993200437825467,-0.37307504999999996,29,98.6586493987049
0.0,0.2,0.1,0.0,0.7,0.9999709774785234,-0.11735370000000006,8,99.6299722479186
0.0,0.2,0.1,0.05,0.65,0.9999709774785234,-0.0993658,7,99.67622571692877
0.0,0.2,0.1,0.1,0.6,0.99997512355302,-0.0813779,7,99.67622571692877
0.0,0.2,0.1,0.15,0.55,0.9999834157020133,-0.06339,8,99.6299722479186
0.0,0.2,0.1,0.2,0.5,0.9999834157020133,-0.0454021,8,99.6299722479186
0.0,0.2,0.1,0.25,0.45,0.9999834157020133,-0.03008854999999999,8,99.6299722479186
0.0,0.2,0.1,0.3,0.4,0.9999792696275167,-0.0237155,8,99.6299722479186
0.0,0.2,0.1,0.35,0.35,0.9999834157020133,-0.017342449999999954,8,99.6299722479186
0.0,0.2,0.1,0.4,0.3,0.9999792696275167,-0.013381599999999938,8,99.6299722479186
0.0,0.2,0.1,0.45,0.25,0.99997512355302,-0.019389999999999963,9,99.58371877890842
0.0,0.2,0.1,0.5,0.2,0.9999336628080533,-0.049274899999999955,11,99.49121184088807
0.0,0.2,0.1,0.55,0.15,0.9998673256161067,-0.10227689999999995,18,99.16743755781684
0.0,0.2,0.1,0.6,0.1,0.9997180669342267,-0.15779529999999986,22,98.98242368177613
0.0,0.2,0.1,0.65,0.05,0.99960197684832,-0.21331369999999994,25,98.84366327474561
0.0,0.2,0.1,0.7,0.0,0.9994817406879167,-0.2921339,27,98.75115633672526
0.0,0.2,0.15,0.0,0.65,0.99998756177651,-0.10043455000000001,4,99.81498612395929
0.0,0.2,0.15,0.05,0.6,0.9999958539255034,-0.08244665000000001,4,99.81498612395929
0.0,0.2,0.15,0.1,0.55,0.9999958539255034,-0.06445875000000001,3,99.86123959296947
0.0,0.2,0.15,0.15,0.5,0.9999958539255034,-0.04647084999999995,4,99.81498612395929
0.0,0.2,0.15,0.2,0.45,0.9999958539255034,-0.028482950000000007,4,99.81498612395929
0.0,0.2,0.15,0.25,0.4,0.9999958539255034,-0.01049504999999995,5,99.76873265494912
0.0,0.2,0.15,0.3,0.35,1.0,0.007492850000000051,6,99.72247918593895
0.0,0.2,0.15,0.35,0.3,1.0,0.025480750000000052,6,99.72247918593895
0.0,0.2,0.15,0.4,0.25,1.0,0.03925500000000004,7,99.67622571692877
0.0,0.2,0.15,0.45,0.2,1.0,0.0018067500000000236,8,99.6299722479186
0.0,0.2,0.15,0.5,0.15,0.9999543931805367,-0.040611099999999956,10,99.53746530989824
0.0,0.2,0.15,0.55,0.1,0.9998714716906033,-0.08954329999999999,16,99.25994449583719
0.0,0.2,0.15,0.6,0.05,0.99972635908322,-0.15409764999999986,23,98.93617021276596
0.0,0.2,0.15,0.65,0.0,0.9996227072208034,-0.22574560000000005,25,98.84366327474561
0.0,0.2,0.2,0.0,0.6,0.9999958539255034,-0.08351540000000002,1,99.95374653098983
0.0,0.2,0.2,0.05,0.55,0.9999958539255034,-0.06552750000000002,1,99.95374653098983
0.0,0.2,0.2,0.1,0.5,0.9999958539255034,-0.047539600000000015,1,99.95374653098983
0.0,0.2,0.2,0.15,0.45,0.9999958539255034,-0.029551700000000014,1,99.95374653098983
0.0,0.2,0.2,0.2,0.4,0.9999958539255034,-0.011563800000000013,1,99.95374653098983
0.0,0.2,0.2,0.25,0.35,1.0,0.006424099999999988,1,99.95374653098983
0.0,0.2,0.2,0.3,0.3,1.0,0.02441199999999999,1,99.95374653098983
0.0,0.2,0.2,0.35,0.25,1.0,0.03980615000000004,5,99.76873265494912
0.0,0.2,0.2,0.4,0.2,1.0,0.02138460000000003,7,99.67622571692877
0.0,0.2,0.2,0.45,0.15,0.9999917078510067,-0.023055800000000015,8,99.6299722479186
0.0,0.2,0.2,0.5,0.1,0.99995024710604,-0.08160320000000004,11,99.49121184088807
0.0,0.2,0.2,0.55,0.05,0.9998590334671134,-0.14015060000000001,16,99.25994449583719
0.0,0.2,0.2,0.6,0.0,0.9997222130087233,-0.19869799999999999,21,99.02867715078631
0.0,0.2,0.25,0.0,0.55,0.9999958539255034,-0.06659625000000002,1,99.95374653098983
0.0,0.2,0.25,0.05,0.5,0.9999958539255034,-0.04860834999999997,1,99.95374653098983
0.0,0.2,0.25,0.1,0.45,0.9999958539255034,-0.03062045000000002,1,99.95374653098983
0.0,0.2,0.25,0.15,0.4,0.9999958539255034,-0.012632549999999965,1,99.95374653098983
0.0,0.2,0.25,0.2,0.35,1.0,0.005355349999999981,1,99.95374653098983
0.0,0.2,0.25,0.25,0.3,1.0,0.023343249999999982,1,99.95374653098983
0.0,0.2,0.25,0.3,0.25,1.0,0.031174049999999953,2,99.90749306197965
0.0,0.2,0.25,0.35,0.2,1.0,0.012752500000000055,3,99.86123959296947
0.0,0.2,0.25,0.4,0.15,0.99998756177651,-0.015115700000000065,3,99.86123959296947
0.0,0.2,0.25,0.45,0.1,0.9999834157020133,-0.07366310000000004,5,99.76873265494912
0.0,0.2,0.25,0.5,0.05,0.9999461010315434,-0.13221049999999995,9,99.58371877890842
0.0,0.2,0.25,0.55,0.0,0.99983830309463,-0.19075790000000004,14,99.35245143385754
0.0,0.2,0.3,0.0,0.5,0.9999917078510067,-0.049677099999999974,1,99.95374653098983
0.0,0.2,0.3,0.05,0.45,0.9999917078510067,-0.03168919999999997,1,99.95374653098983
0.0,0.2,0.3,0.1,0.4,0.9999958539255034,-0.013701300000000027,1,99.95374653098983
0.0,0.2,0.3,0.15,0.35,1.0,0.004286599999999974,1,99.95374653098983
0.0,0.2,0.3,0.2,0.3,1.0,0.02227450000000003,1,99.95374653098983
0.0,0.2,0.3,0.25,0.25,1.0,0.022541950000000033,3,99.86123959296947
0.0,0.2,0.3,0.3,0.2,1.0,0.004120400000000024,4,99.81498612395929
0.0,0.2,0.3,0.35,0.15,0.9999917078510067,-0.014301149999999985,4,99.81498612395929
0.0,0.2,0.3,0.4,0.1,0.99998756177651,-0.06572300000000003,4,99.81498612395929
0.0,0.2,0.3,0.45,0.05,0.99996268532953,-0.12427039999999995,5,99.76873265494912
0.0,0.2,0.3,0.5,0.0,0.9999336628080533,-0.18561280000000002,8,99.6299722479186
0.0,0.2,0.35,0.0,0.45,0.9999917078510067,-0.07139639999999997,2,99.90749306197965
0.0,0.2,0.35,0.05,0.4,0.9999917078510067,-0.050304899999999986,2,99.90749306197965
0.0,0.2,0.35,0.1,0.35,0.9999958539255034,-0.029213399999999945,2,99.90749306197965
0.0,0.2,0.35,0.15,0.3,0.9999958539255034,-0.00812189999999996,2,99.90749306197965
0.0,0.2,0.35,0.2,0.25,1.0,0.012969600000000081,3,99.86123959296947
0.0,0.2,0.35,0.25,0.2,0.9999958539255034,-0.004511699999999896,4,99.81498612395929
0.0,0.2,0.35,0.3,0.15,0.9999958539255034,-0.02293324999999996,4,99.81498612395929
0.0,0.2,0.35,0.35,0.1,0.9999834157020133,-0.05863570000000001,4,99.81498612395929
0.0,0.2,0.35,0.4,0.05,0.9999709774785234,-0.1209693999999999,4,99.81498612395929
0.0,0.2,0.35,0.45,0.0,0.9999543931805367,-0.18330309999999994,6,99.72247918593895
0.0,0.2,0.4,0.0,0.4,0.99998756177651,-0.10747739999999995,4,99.81498612395929
0.0,0.2,0.4,0.05,0.35,0.9999917078510067,-0.08638589999999996,4,99.81498612395929
0.0,0.2,0.4,0.1,0.3,0.9999917078510067,-0.06529439999999992,4,99.81498612395929
0.0,0.2,0.4,0.15,0.25,0.9999917078510067,-0.04420289999999999,4,99.81498612395929
0.0,0.2,0.4,0.2,0.2,0.99998756177651,-0.02311139999999995,7,99.67622571692877
0.0,0.2,0.4,0.25,0.15,0.99998756177651,-0.03156534999999999,7,99.67622571692877
0.0,0.2,0.4,0.3,0.1,0.9999834157020133,-0.05732790000000004,7,99.67622571692877
0.0,0.2,0.4,0.35,0.05,0.9999709774785234,-0.11865969999999998,7,99.67622571692877
0.0,0.2,0.4,0.4,0.0,0.99993780888255,-0.18099340000000003,9,99.58371877890842
0.0,0.2,0.45,0.0,0.35,0.99997512355302,-0.14355839999999997,8,99.6299722479186
0.0,0.2,0.45,0.05,0.3,0.99997512355302,-0.12246689999999999,8,99.6299722479186
0.0,0.2,0.45,0.1,0.25,0.99997512355302,-0.10137539999999995,8,99.6299722479186
0.0,0.2,0.45,0.15,0.2,0.99997512355302,-0.08210894999999996,10,99.53746530989824
0.0,0.2,0.45,0.2,0.15,0.9999668314040266,-0.07584574999999999,10,99.53746530989824
0.0,0.2,0.45,0.25,0.1,0.9999543931805367,-0.09010065000000006,10,99.53746530989824
0.0,0.2,0.45,0.3,0.05,0.99995024710604,-0.12335049999999997,10,99.53746530989824
0.0,0.2,0.45,0.35,0.0,0.9999295167335567,-0.1786837,11,99.49121184088807
0.0,0.2,0.5,0.0,0.3,0.9999212245845633,-0.17963939999999995,14,99.35245143385754
0.0,0.2,0.5,0.05,0.25,0.9999212245845633,-0.16968529999999993,15,99.30619796484737
0.0,0.2,0.5,0.1,0.2,0.99992537065906,-0.1634220999999999,15,99.30619796484737
0.0,0.2,0.5,0.15,0.15,0.99993780888255,-0.15715889999999993,15,99.30619796484737
0.0,0.2,0.5,0.2,0.1,0.99992537065906,-0.15089570000000002,16,99.25994449583719
0.0,0.2,0.5,0.25,0.05,0.9999170785100666,-0.15612325,17,99.21369102682701
0.0,0.2,0.5,0.3,0.0,0.9998797638395966,-0.18937310000000002,18,99.16743755781684
0.0,0.2,0.55,0.0,0.25,0.9998300109456366,-0.25099844999999993,23,98.93617021276596
0.0,0.2,0.55,0.05,0.2,0.99983830309463,-0.24473525000000002,24,98.88991674375578
0.0,0.2,0.55,0.1,0.15,0.9998424491691267,-0.23847204999999994,25,98.84366327474561
0.0,0.2,0.55,0.15,0.1,0.99983830309463,-0.23220884999999997,25,98.84366327474561
0.0,0.2,0.55,0.2,0.05,0.9998051344986567,-0.22594564999999994,26,98.79740980573543
0.0,0.2,0.55,0.25,0.0,0.9997968423496634,-0.22214585000000003,25,98.84366327474561
0.0,0.2,0.6,0.0,0.2,0.99976367375369,-0.32604839999999996,31,98.56614246068455
0.0,0.2,0.6,0.05,0.15,0.9997719659026834,-0.3197852,31,98.56614246068455
0.0,0.2,0.6,0.1,0.1,0.99973879730671,-0.31352199999999997,32,98.51988899167438
0.0,0.2,0.6,0.15,0.05,0.9997180669342267,-0.30725879999999994,32,98.51988899167438
0.0,0.2,0.6,0.2,0.0,0.9996973365617433,-0.30099559999999986,32,98.51988899167438
0.0,0.2,0.65,0.0,0.15,0.9996268532953,-0.40109835000000005,35,98.38112858464385
0.0,0.2,0.65,0.05,0.1,0.99961441507181,-0.39483515,35,98.38112858464385
0.0,0.2,0.65,0.1,0.05,0.9996102689973133,-0.3885719500000001,35,98.38112858464385
0.0,0.2,0.65,0.15,0.0,0.9995729543268433,-0.3823087500000001,35,98.38112858464385
0.0,0.2,0.7,0.0,0.1,0.9993863809744934,-0.47614829999999997,36,98.33487511563366
0.0,0.2,0.7,0.05,0.05,0.9993615045275134,-0.46988509999999994,36,98.33487511563366
0.0,0.2,0.7,0.1,0.0,0.99934077415503,-0.4636219,36,98.33487511563366
0.0,0.2,0.75,0.0,0.05,0.9990837175362367,-0.55119825,40,98.14986123959298
0.0,0.2,0.75,0.05,0.0,0.9990464028657667,-0.54493505,40,98.14986123959298
0.0,0.2,0.8,0.0,0.0,0.9986359414905968,-0.6262482,42,98.05735430157262
0.0,0.25,0.0,0.0,0.75,0.99995024710604,-0.16963349999999994,8,99.6299722479186
0.0,0.25,0.0,0.05,0.7,0.9999585392550333,-0.1436357499999999,9,99.58371877890842
0.0,0.25,0.0,0.1,0.65,0.9999585392550333,-0.1371965,10,99.53746530989824
0.0,0.25,0.0,0.15,0.6,0.99996268532953,-0.13075725000000005,10,99.53746530989824
0.0,0.25,0.0,0.2,0.55,0.99996268532953,-0.12431799999999998,10,99.53746530989824
0.0,0.25,0.0,0.25,0.5,0.99996268532953,-0.11787874999999992,9,99.58371877890842
0.0,0.25,0.0,0.3,0.45,0.9999668314040266,-0.11143949999999997,9,99.58371877890842
0.0,0.25,0.0,0.35,0.4,0.9999668314040266,-0.10500024999999996,8,99.6299722479186
0.0,0.25,0.0,0.4,0.35,0.9999668314040266,-0.09856219999999999,8,99.6299722479186
0.0,0.25,0.0,0.45,0.3,0.9999336628080533,-0.10457059999999996,8,99.6299722479186
0.0,0.25,0.0,0.5,0.25,0.9999087863610734,-0.11057900000000004,12,99.44495837187789
0.0,0.25,0.0,0.55,0.2,0.9998465952436233,-0.12756190000000006,15,99.30619796484737
0.0,0.25,0.0,0.6,0.15,0.9996931904872467,-0.18308030000000003,22,98.98242368177613
0.0,0.25,0.0,0.65,0.1,0.99957710040134,-0.23859869999999994,25,98.84366327474561
0.0,0.25,0.0,0.7,0.05,0.99945271816644,-0.2941170999999999,28,98.70490286771508
0.0,0.25,0.0,0.75,0.0,0.9993117516335533,-0.37064374999999994,30,98.61239592969473
0.0,0.25,0.05,0.0,0.7,0.9999709774785234,-0.1427831,8,99.6299722479186
0.0,0.25,0.05,0.05,0.65,0.9999668314040266,-0.12479519999999994,8,99.6299722479186
0.0,0.25,0.05,0.1,0.6,0.9999668314040266,-0.10680730000000005,8,99.6299722479186
0.0,0.25,0.05,0.15,0.55,0.99996268532953,-0.08881939999999999,9,99.58371877890842
0.0,0.25,0.05,0.2,0.5,0.9999668314040266,-0.07083149999999999,9,99.58371877890842
0.0,0.25,0.05,0.25,0.45,0.9999668314040266,-0.058093499999999965,8,99.6299722479186
0.0,0.25,0.05,0.3,0.4,0.9999709774785234,-0.05172044999999997,8,99.6299722479186
0.0,0.25,0.05,0.35,0.35,0.99997512355302,-0.04534739999999993,8,99.6299722479186
0.0,0.25,0.05,0.4,0.3,0.9999792696275167,-0.045925599999999955,8,99.6299722479186
0.0,0.25,0.05,0.45,0.25,0.99997512355302,-0.051934000000000036,9,99.58371877890842
0.0,0.25,0.05,0.5,0.2,0.9999295167335567,-0.057942400000000005,12,99.44495837187789
0.0,0.25,0.05,0.55,0.15,0.99985074131812,-0.10122035000000001,17,99.21369102682701
0.0,0.25,0.05,0.6,0.1,0.9997056287107366,-0.15673874999999987,22,98.98242368177613
0.0,0.25,0.05,0.65,0.05,0.9995853925503333,-0.21225714999999995,25,98.84366327474561
0.0,0.25,0.05,0.7,0.0,0.99946515638993,-0.2897026,28,98.70490286771508
0.0,0.25,0.1,0.0,0.65,0.9999834157020133,-0.12586395000000006,5,99.76873265494912
0.0,0.25,0.1,0.05,0.6,0.9999834157020133,-0.10787605000000006,5,99.76873265494912
0.0,0.25,0.1,0.1,0.55,0.99998756177651,-0.08988815,3,99.86123959296947
0.0,0.25,0.1,0.15,0.5,0.99998756177651,-0.07190025,4,99.81498612395929
0.0,0.25,0.1,0.2,0.45,0.99998756177651,-0.05391235000000005,4,99.81498612395929
0.0,0.25,0.1,0.25,0.4,0.9999958539255034,-0.03592445,5,99.76873265494912
0.0,0.25,0.1,0.3,0.35,0.9999958539255034,-0.017936549999999996,6,99.72247918593895
0.0,0.25,0.1,0.35,0.3,1.0,5.135000000000556e-05,6,99.72247918593895
0.0,0.25,0.1,0.4,0.25,1.0,0.0067110000000000225,7,99.67622571692877
0.0,0.25,0.1,0.45,0.2,0.9999958539255034,-0.0026532999999999696,8,99.6299722479186
0.0,0.25,0.1,0.5,0.15,0.9999543931805367,-0.04507114999999989,12,99.44495837187789
0.0,0.25,0.1,0.55,0.1,0.9998548873926166,-0.09019950000000004,16,99.25994449583719
0.0,0.25,0.1,0.6,0.05,0.99971392085973,-0.14923725,22,98.98242368177613
0.0,0.25,0.1,0.65,0.0,0.99958953862483,-0.22088520000000006,24,98.88991674375578
0.0,0.25,0.15,0.0,0.6,0.9999958539255034,-0.10894480000000001,1,99.95374653098983
0.0,0.25,0.15,0.05,0.55,0.9999958539255034,-0.09095690000000001,1,99.95374653098983
0.0,0.25,0.15,0.1,0.5,0.9999958539255034,-0.072969,1,99.95374653098983
0.0,0.25,0.15,0.15,0.45,0.9999958539255034,-0.054981100000000005,1,99.95374653098983
0.0,0.25,0.15,0.2,0.4,0.9999958539255034,-0.036993200000000004,1,99.95374653098983
0.0,0.25,0.15,0.25,0.35,0.9999958539255034,-0.019005299999999947,1,99.95374653098983
0.0,0.25,0.15,0.3,0.3,0.9999958539255034,-0.0010174000000000016,1,99.95374653098983
0.0,0.25,0.15,0.35,0.25,1.0,0.0169705,4,99.81498612395929
0.0,0.25,0.15,0.4,0.2,1.0,0.024039150000000065,6,99.72247918593895
0.0,0.25,0.15,0.45,0.15,0.9999958539255034,-0.023712000000000066,9,99.58371877890842
0.0,0.25,0.15,0.5,0.1,0.99995024710604,-0.08225939999999998,12,99.44495837187789
0.0,0.25,0.15,0.55,0.05,0.9998548873926166,-0.14080679999999995,17,99.21369102682701
0.0,0.25,0.15,0.6,0.0,0.99971392085973,-0.19935419999999993,22,98.98242368177613
0.0,0.25,0.2,0.0,0.55,0.9999958539255034,-0.09202564999999996,1,99.95374653098983
0.0,0.25,0.2,0.05,0.5,0.9999958539255034,-0.07403775000000001,1,99.95374653098983
0.0,0.25,0.2,0.1,0.45,0.9999958539255034,-0.05604985000000001,1,99.95374653098983
0.0,0.25,0.2,0.15,0.4,0.9999958539255034,-0.03806195000000001,1,99.95374653098983
0.0,0.25,0.2,0.2,0.35,0.9999958539255034,-0.020074049999999954,1,99.95374653098983
0.0,0.25,0.2,0.25,0.3,0.9999958539255034,-0.0020861499999999533,1,99.95374653098983
0.0,0.25,0.2,0.3,0.25,1.0,0.015901749999999937,2,99.90749306197965
0.0,0.25,0.2,0.35,0.2,1.0,0.015407050000000033,2,99.90749306197965
0.0,0.25,0.2,0.4,0.15,0.9999917078510067,-0.01577190000000006,4,99.81498612395929
0.0,0.25,0.2,0.45,0.1,0.9999792696275167,-0.07431930000000003,5,99.76873265494912
0.0,0.25,0.2,0.5,0.05,0.99993780888255,-0.13286669999999995,10,99.53746530989824
0.0,0.25,0.2,0.55,0.0,0.9998341570201333,-0.19141410000000003,15,99.30619796484737
0.0,0.25,0.25,0.0,0.5,0.9999958539255034,-0.07510649999999996,1,99.95374653098983
0.0,0.25,0.25,0.05,0.45,0.9999958539255034,-0.057118599999999964,1,99.95374653098983
0.0,0.25,0.25,0.1,0.4,0.9999958539255034,-0.03913070000000002,1,99.95374653098983
0.0,0.25,0.25,0.15,0.35,0.9999958539255034,-0.021142800000000017,1,99.95374653098983
0.0,0.25,0.25,0.2,0.3,0.9999958539255034,-0.0031548999999999605,2,99.90749306197965
0.0,0.25,0.25,0.25,0.25,1.0,0.014832999999999985,3,99.86123959296947
0.0,0.25,0.25,0.3,0.2,1.0,0.006774950000000057,3,99.86123959296947
0.0,0.25,0.25,0.35,0.15,0.9999917078510067,-0.011646600000000007,4,99.81498612395929
0.0,0.25,0.25,0.4,0.1,0.99998756177651,-0.06637919999999997,5,99.76873265494912
0.0,0.25,0.25,0.45,0.05,0.99996268532953,-0.12492659999999994,5,99.76873265494912
0.0,0.25,0.25,0.5,0.0,0.9999212245845633,-0.18347399999999997,8,99.6299722479186
0.0,0.25,0.3,0.0,0.45,0.9999917078510067,-0.05818735000000003,2,99.90749306197965
0.0,0.25,0.3,0.05,0.4,0.9999917078510067,-0.040199450000000025,2,99.90749306197965
0.0,0.25,0.3,0.1,0.35,0.9999958539255034,-0.022211550000000024,2,99.90749306197965
0.0,0.25,0.3,0.15,0.3,0.9999958539255034,-0.004223650000000023,2,99.90749306197965
0.0,0.25,0.3,0.2,0.25,1.0,0.013764250000000033,2,99.90749306197965
0.0,0.25,0.3,0.25,0.2,0.9999958539255034,-0.0018571499999999186,4,99.81498612395929
0.0,0.25,0.3,0.3,0.15,0.9999958539255034,-0.020278699999999983,4,99.81498612395929
0.0,0.25,0.3,0.35,0.1,0.9999834157020133,-0.05843910000000002,4,99.81498612395929
0.0,0.25,0.3,0.4,0.05,0.9999792696275167,-0.11698649999999994,5,99.76873265494912
0.0,0.25,0.3,0.45,0.0,0.9999543931805367,-0.17553389999999996,7,99.67622571692877
0.0,0.25,0.35,0.0,0.4,0.9999917078510067,-0.05946699999999999,4,99.81498612395929
0.0,0.25,0.35,0.05,0.35,0.9999917078510067,-0.03837550000000001,4,99.81498612395929
0.0,0.25,0.35,0.1,0.3,0.9999917078510067,-0.01728399999999991,4,99.81498612395929
0.0,0.25,0.35,0.15,0.25,1.0,0.003807500000000019,5,99.76873265494912
0.0,0.25,0.35,0.2,0.2,0.9999958539255034,-0.01048924999999995,7,99.67622571692877
0.0,0.25,0.35,0.25,0.15,0.9999917078510067,-0.028910800000000014,7,99.67622571692877
0.0,0.25,0.35,0.3,0.1,0.9999834157020133,-0.061386050000000025,7,99.67622571692877
0.0,0.25,0.35,0.35,0.05,0.9999792696275167,-0.10904639999999993,8,99.6299722479186
0.0,0.25,0.35,0.4,0.0,0.9999461010315434,-0.16759380000000001,9,99.58371877890842
0.0,0.25,0.4,0.0,0.35,0.9999792696275167,-0.09554799999999997,7,99.67622571692877
0.0,0.25,0.4,0.05,0.3,0.9999834157020133,-0.07445649999999998,7,99.67622571692877
0.0,0.25,0.4,0.1,0.25,0.99998756177651,-0.05336499999999994,7,99.67622571692877
0.0,0.25,0.4,0.15,0.2,0.9999834157020133,-0.040811249999999966,9,99.58371877890842
0.0,0.25,0.4,0.2,0.15,0.9999834157020133,-0.06090895000000002,9,99.58371877890842
0.0,0.25,0.4,0.25,0.1,0.9999709774785234,-0.09415879999999999,9,99.58371877890842
0.0,0.25,0.4,0.3,0.05,0.99996268532953,-0.1274086499999999,9,99.58371877890842
0.0,0.25,0.4,0.35,0.0,0.9999336628080533,-0.16065850000000004,11,99.49121184088807
0.0,0.25,0.45,0.0,0.3,0.9999543931805367,-0.13465079999999996,12,99.44495837187789
0.0,0.25,0.45,0.05,0.25,0.99996268532953,-0.12838760000000005,12,99.44495837187789
0.0,0.25,0.45,0.1,0.2,0.9999585392550333,-0.12212439999999997,14,99.35245143385754
0.0,0.25,0.45,0.15,0.15,0.9999543931805367,-0.1158612,14,99.35245143385754
0.0,0.25,0.45,0.2,0.1,0.99993780888255,-0.12693155,14,99.35245143385754
0.0,0.25,0.45,0.25,0.05,0.99992537065906,-0.16018139999999992,15,99.30619796484737
0.0,0.25,0.45,0.3,0.0,0.99990049421208,-0.19343124999999994,16,99.25994449583719
0.0,0.25,0.5,0.0,0.25,0.9998839099140934,-0.20970074999999994,20,99.07493061979649
0.0,0.25,0.5,0.05,0.2,0.9998922020630867,-0.20343754999999997,21,99.02867715078631
0.0,0.25,0.5,0.1,0.15,0.9998922020630867,-0.19717434999999994,22,98.98242368177613
0.0,0.25,0.5,0.15,0.1,0.9998797638395966,-0.19091114999999997,22,98.98242368177613
0.0,0.25,0.5,0.2,0.05,0.9998673256161067,-0.19295414999999994,24,98.88991674375578
0.0,0.25,0.5,0.25,0.0,0.9998424491691267,-0.22620399999999996,24,98.88991674375578
0.0,0.25,0.55,0.0,0.2,0.99978855020067,-0.2847507,31,98.56614246068455
0.0,0.25,0.55,0.05,0.15,0.9997926962751666,-0.27848750000000005,31,98.56614246068455
0.0,0.25,0.55,0.1,0.1,0.99977611197718,-0.2722242999999999,31,98.56614246068455
0.0,0.25,0.55,0.15,0.05,0.9997512355302,-0.26596109999999995,31,98.56614246068455
0.0,0.25,0.55,0.2,0.0,0.99972635908322,-0.2596979,30,98.61239592969473
0.0,0.25,0.6,0.0,0.15,0.99970148263624,-0.35980065000000006,34,98.42738205365403
0.0,0.25,0.6,0.05,0.1,0.9996683140402667,-0.35353745000000003,35,98.38112858464385
0.0,0.25,0.6,0.1,0.05,0.9996434375932867,-0.34727425000000006,35,98.38112858464385
0.0,0.25,0.6,0.15,0.0,0.9996268532953,-0.3410110500000001,36,98.33487511563366
0.0,0.25,0.65,0.0,0.1,0.9994983249859033,-0.4348506000000001,37,98.2886216466235
0.0,0.25,0.65,0.05,0.05,0.9994734485389234,-0.42858740000000006,37,98.2886216466235
0.0,0.25,0.65,0.1,0.0,0.99946515638993,-0.42232420000000004,37,98.2886216466235
0.0,0.25,0.7,0.0,0.05,0.99915420080268,-0.50990055,38,98.24236817761333
0.0,0.25,0.7,0.05,0.0,0.9991251782812034,-0.50363735,38,98.24236817761333
0.0,0.25,0.75,0.0,0.0,0.9987064247570401,-0.5849504999999999,41,98.10360777058278
0.0,0.3,0.0,0.0,0.7,0.9999585392550333,-0.16821250000000004,7,99.67622571692877
0.0,0.3,0.0,0.05,0.65,0.9999585392550333,-0.15022459999999999,8,99.6299722479186
0.0,0.3,0.0,0.1,0.6,0.99996268532953,-0.13223669999999998,8,99.6299722479186
0.0,0.3,0.0,0.15,0.55,0.99996268532953,-0.11424880000000004,9,99.58371877890842
0.0,0.3,0.0,0.2,0.5,0.99996268532953,-0.09626089999999993,9,99.58371877890842
0.0,0.3,0.0,0.25,0.45,0.9999668314040266,-0.08732855000000006,9,99.58371877890842
0.0,0.3,0.0,0.3,0.4,0.9999668314040266,-0.0808893,9,99.58371877890842
0.0,0.3,0.0,0.35,0.35,0.9999668314040266,-0.07445005000000005,9,99.58371877890842
0.0,0.3,0.0,0.4,0.3,0.9999668314040266,-0.07846959999999992,8,99.6299722479186
0.0,0.3,0.0,0.45,0.25,0.9999585392550333,-0.08447799999999994,11,99.49121184088807
0.0,0.3,0.0,0.5,0.2,0.99991293243557,-0.09048640000000002,14,99.35245143385754
0.0,0.3,0.0,0.55,0.15,0.9998424491691267,-0.10061284999999998,16,99.25994449583719
0.0,0.3,0.0,0.6,0.1,0.99968904441275,-0.15568219999999983,24,98.88991674375578
0.0,0.3,0.0,0.65,0.05,0.99956466217785,-0.21120060000000002,26,98.79740980573543
0.0,0.3,0.0,0.7,0.0,0.9994444260174467,-0.28727129999999995,28,98.70490286771508
0.0,0.3,0.05,0.0,0.65,0.9999709774785234,-0.15129335,5,99.76873265494912
0.0,0.3,0.05,0.05,0.6,0.9999709774785234,-0.13330545,5,99.76873265494912
0.0,0.3,0.05,0.1,0.55,0.99997512355302,-0.11531755000000005,4,99.81498612395929
0.0,0.3,0.05,0.15,0.5,0.9999834157020133,-0.09732965000000005,4,99.81498612395929
0.0,0.3,0.05,0.2,0.45,0.9999792696275167,-0.07934175000000004,5,99.76873265494912
0.0,0.3,0.05,0.25,0.4,0.9999792696275167,-0.06135384999999993,5,99.76873265494912
0.0,0.3,0.05,0.3,0.35,0.9999792696275167,-0.043365949999999986,6,99.72247918593895
0.0,0.3,0.05,0.35,0.3,0.99997512355302,-0.025378049999999985,6,99.72247918593895
0.0,0.3,0.05,0.4,0.25,0.99997512355302,-0.025832999999999884,8,99.6299722479186
0.0,0.3,0.05,0.45,0.2,0.9999709774785234,-0.031841399999999964,9,99.58371877890842
0.0,0.3,0.05,0.5,0.15,0.9999336628080533,-0.049531199999999886,11,99.49121184088807
0.0,0.3,0.05,0.55,0.1,0.9998424491691267,-0.09248345000000002,15,99.30619796484737
0.0,0.3,0.05,0.6,0.05,0.9996848983382534,-0.14945089999999994,22,98.98242368177613
0.0,0.3,0.05,0.65,0.0,0.9995812464758367,-0.21602480000000002,24,98.88991674375578
0.0,0.3,0.1,0.0,0.6,0.99998756177651,-0.13437419999999994,2,99.90749306197965
0.0,0.3,0.1,0.05,0.55,0.9999958539255034,-0.1163863,2,99.90749306197965
0.0,0.3,0.1,0.1,0.5,0.9999958539255034,-0.0983984,2,99.90749306197965
0.0,0.3,0.1,0.15,0.45,0.9999958539255034,-0.0804105,1,99.95374653098983
0.0,0.3,0.1,0.2,0.4,0.9999958539255034,-0.06242259999999994,1,99.95374653098983
0.0,0.3,0.1,0.25,0.35,0.9999958539255034,-0.044434699999999994,1,99.95374653098983
0.0,0.3,0.1,0.3,0.3,0.9999958539255034,-0.026446799999999993,1,99.95374653098983
0.0,0.3,0.1,0.35,0.25,0.9999958539255034,-0.008458899999999936,3,99.86123959296947
0.0,0.3,0.1,0.4,0.2,1.0,0.00952900000000001,6,99.72247918593895
0.0,0.3,0.1,0.45,0.15,0.99998756177651,-0.024368200000000062,10,99.53746530989824
0.0,0.3,0.1,0.5,0.1,0.99993780888255,-0.08291560000000003,12,99.44495837187789
0.0,0.3,0.1,0.55,0.05,0.9998465952436233,-0.14146299999999995,19,99.12118408880666
0.0,0.3,0.1,0.6,0.0,0.9997097747852334,-0.20001040000000003,23,98.93617021276596
0.0,0.3,0.15,0.0,0.55,0.9999958539255034,-0.11745504999999995,1,99.95374653098983
0.0,0.3,0.15,0.05,0.5,0.9999958539255034,-0.09946715,1,99.95374653098983
0.0,0.3,0.15,0.1,0.45,0.9999958539255034,-0.08147925,1,99.95374653098983
0.0,0.3,0.15,0.15,0.4,0.9999958539255034,-0.06349135,1,99.95374653098983
0.0,0.3,0.15,0.2,0.35,0.9999958539255034,-0.045503449999999945,1,99.95374653098983
0.0,0.3,0.15,0.25,0.3,0.9999958539255034,-0.027515549999999944,1,99.95374653098983
0.0,0.3,0.15,0.3,0.25,0.9999958539255034,-0.009527649999999999,2,99.90749306197965
0.0,0.3,0.15,0.35,0.2,1.0,0.008460250000000002,3,99.86123959296947
0.0,0.3,0.15,0.4,0.15,0.9999917078510067,-0.0164281,4,99.81498612395929
0.0,0.3,0.15,0.45,0.1,0.9999792696275167,-0.07497550000000003,6,99.72247918593895
0.0,0.3,0.15,0.5,0.05,0.9999295167335567,-0.1335229,10,99.53746530989824
0.0,0.3,0.15,0.55,0.0,0.99982586487114,-0.19207029999999997,15,99.30619796484737
0.0,0.3,0.2,0.0,0.5,0.9999958539255034,-0.10053590000000001,1,99.95374653098983
0.0,0.3,0.2,0.05,0.45,0.9999958539255034,-0.08254800000000001,1,99.95374653098983
0.0,0.3,0.2,0.1,0.4,0.9999958539255034,-0.06456010000000001,1,99.95374653098983
0.0,0.3,0.2,0.15,0.35,0.9999958539255034,-0.04657220000000001,1,99.95374653098983
0.0,0.3,0.2,0.2,0.3,0.9999958539255034,-0.02858429999999995,2,99.90749306197965
0.0,0.3,0.2,0.25,0.25,0.9999958539255034,-0.01059639999999995,2,99.90749306197965
0.0,0.3,0.2,0.3,0.2,1.0,0.00739149999999994,3,99.86123959296947
0.0,0.3,0.2,0.35,0.15,0.9999917078510067,-0.00899205000000003,5,99.76873265494912
0.0,0.3,0.2,0.4,0.1,0.9999834157020133,-0.06703540000000002,5,99.76873265494912
0.0,0.3,0.2,0.45,0.05,0.9999585392550333,-0.1255828,8,99.6299722479186
0.0,0.3,0.2,0.5,0.0,0.99991293243557,-0.18413020000000002,9,99.58371877890842
0.0,0.3,0.25,0.0,0.45,0.9999958539255034,-0.08361675000000002,2,99.90749306197965
0.0,0.3,0.25,0.05,0.4,0.9999958539255034,-0.06562884999999996,2,99.90749306197965
0.0,0.3,0.25,0.1,0.35,0.9999958539255034,-0.04764094999999996,2,99.90749306197965
0.0,0.3,0.25,0.15,0.3,0.9999958539255034,-0.02965304999999996,2,99.90749306197965
0.0,0.3,0.25,0.2,0.25,0.9999958539255034,-0.011665149999999902,2,99.90749306197965
0.0,0.3,0.25,0.25,0.2,1.0,0.0007974000000000592,3,99.86123959296947
0.0,0.3,0.25,0.3,0.15,0.9999917078510067,-0.01762414999999995,4,99.81498612395929
0.0,0.3,0.25,0.35,0.1,0.9999834157020133,-0.05909530000000002,5,99.76873265494912
0.0,0.3,0.25,0.4,0.05,0.99997512355302,-0.11764269999999993,5,99.76873265494912
0.0,0.3,0.25,0.45,0.0,0.9999461010315434,-0.17619010000000002,7,99.67622571692877
0.0,0.3,0.3,0.0,0.4,0.9999917078510067,-0.06669759999999997,4,99.81498612395929
0.0,0.3,0.3,0.05,0.35,0.9999958539255034,-0.04870969999999997,5,99.76873265494912
0.0,0.3,0.3,0.1,0.3,0.9999958539255034,-0.030721799999999966,5,99.76873265494912
0.0,0.3,0.3,0.15,0.25,0.9999958539255034,-0.012733900000000076,5,99.76873265494912
0.0,0.3,0.3,0.2,0.2,0.9999958539255034,-0.007834699999999972,6,99.72247918593895
0.0,0.3,0.3,0.25,0.15,0.9999917078510067,-0.03219434999999998,7,99.67622571692877
0.0,0.3,0.3,0.3,0.1,0.9999834157020133,-0.06544420000000001,8,99.6299722479186
0.0,0.3,0.3,0.35,0.05,0.9999709774785234,-0.10970259999999998,8,99.6299722479186
0.0,0.3,0.3,0.4,0.0,0.9999419549570466,-0.16825,9,99.58371877890842
0.0,0.3,0.35,0.0,0.35,0.9999834157020133,-0.049778449999999974,8,99.6299722479186
0.0,0.3,0.35,0.05,0.3,0.9999834157020133,-0.03179054999999997,8,99.6299722479186
0.0,0.3,0.35,0.1,0.25,0.9999834157020133,-0.014224799999999926,8,99.6299722479186
0.0,0.3,0.35,0.15,0.2,0.99998756177651,-0.03171724999999992,9,99.58371877890842
0.0,0.3,0.35,0.2,0.15,0.99998756177651,-0.0649671,10,99.53746530989824
0.0,0.3,0.35,0.25,0.1,0.9999709774785234,-0.09821695000000003,10,99.53746530989824
0.0,0.3,0.35,0.3,0.05,0.9999585392550333,-0.13146679999999994,11,99.49121184088807
0.0,0.3,0.35,0.35,0.0,0.99995024710604,-0.16471664999999996,12,99.44495837187789
0.0,0.3,0.4,0.0,0.3,0.9999668314040266,-0.09335309999999997,13,99.39870490286772
0.0,0.3,0.4,0.05,0.25,0.99996268532953,-0.0870899,13,99.39870490286772
0.0,0.3,0.4,0.1,0.2,0.99997512355302,-0.08082669999999992,14,99.35245143385754
0.0,0.3,0.4,0.15,0.15,0.99996268532953,-0.09773984999999996,15,99.30619796484737
0.0,0.3,0.4,0.2,0.1,0.9999543931805367,-0.1309897,17,99.21369102682701
0.0,0.3,0.4,0.25,0.05,0.9999419549570466,-0.16423954999999996,17,99.21369102682701
0.0,0.3,0.4,0.3,0.0,0.9999046402865767,-0.19748940000000004,19,99.12118408880666
0.0,0.3,0.45,0.0,0.25,0.9999212245845633,-0.16840305,20,99.07493061979649
0.0,0.3,0.45,0.05,0.2,0.9999170785100666,-0.16213984999999997,21,99.02867715078631
0.0,0.3,0.45,0.1,0.15,0.9999295167335567,-0.15587664999999995,22,98.98242368177613
0.0,0.3,0.45,0.15,0.1,0.99991293243557,-0.16376245,23,98.93617021276596
0.0,0.3,0.45,0.2,0.05,0.9998963481375833,-0.19701229999999997,23,98.93617021276596
0.0,0.3,0.45,0.25,0.0,0.9998548873926166,-0.23026215,24,98.88991674375578
0.0,0.3,0.5,0.0,0.2,0.9998300109456366,-0.24345299999999997,25,98.84366327474561
0.0,0.3,0.5,0.05,0.15,0.99981342664765,-0.23718979999999998,27,98.75115633672526
0.0,0.3,0.5,0.1,0.1,0.99981342664765,-0.23092659999999995,27,98.75115633672526
0.0,0.3,0.5,0.15,0.05,0.9997968423496634,-0.22978504999999996,28,98.70490286771508
0.0,0.3,0.5,0.2,0.0,0.99978855020067,-0.26303489999999996,28,98.70490286771508
0.0,0.3,0.55,0.0,0.15,0.99971392085973,-0.31850295000000006,34,98.42738205365403
0.0,0.3,0.55,0.05,0.1,0.99968904441275,-0.31223975000000004,34,98.42738205365403
0.0,0.3,0.55,0.1,0.05,0.9996683140402667,-0.3059765499999999,34,98.42738205365403
0.0,0.3,0.55,0.15,0.0,0.9996309993697967,-0.29971335,33,98.47363552266421
0.0,0.3,0.6,0.0,0.1,0.9995563700288567,-0.39355290000000004,37,98.2886216466235
0.0,0.3,0.6,0.05,0.05,0.9995232014328833,-0.38728970000000007,37,98.2886216466235
0.0,0.3,0.6,0.1,0.0,0.9995024710604,-0.38102650000000005,37,98.2886216466235
0.0,0.3,0.65,0.0,0.05,0.99927858303758,-0.46860285,39,98.19611470860315
0.0,0.3,0.65,0.05,0.0,0.9992495605161034,-0.46233965000000005,39,98.19611470860315
0.0,0.3,0.7,0.0,0.0,0.9987976383959667,-0.5436527999999999,40,98.14986123959298
0.0,0.35,0.0,0.0,0.65,0.9999585392550333,-0.17672274999999998,5,99.76873265494912
0.0,0.35,0.0,0.05,0.6,0.99996268532953,-0.15873484999999998,5,99.76873265494912
0.0,0.35,0.0,0.1,0.55,0.9999585392550333,-0.14074694999999993,4,99.81498612395929
0.0,0.35,0.0,0.15,0.5,0.9999585392550333,-0.12275904999999998,4,99.81498612395929
0.0,0.35,0.0,0.2,0.45,0.99996268532953,-0.10477115000000004,4,99.81498612395929
0.0,0.35,0.0,0.25,0.4,0.99996268532953,-0.08678324999999998,6,99.72247918593895
0.0,0.35,0.0,0.3,0.35,0.9999668314040266,-0.06879535000000003,7,99.67622571692877
0.0,0.35,0.0,0.35,0.3,0.9999668314040266,-0.05236859999999999,9,99.58371877890842
0.0,0.35,0.0,0.4,0.25,0.9999585392550333,-0.05837699999999996,11,99.49121184088807
0.0,0.35,0.0,0.45,0.2,0.99995024710604,-0.06438540000000004,10,99.53746530989824
0.0,0.35,0.0,0.5,0.15,0.9999087863610734,-0.08406985,12,99.44495837187789
0.0,0.35,0.0,0.55,0.1,0.9998217187966434,-0.12463475000000002,16,99.25994449583719
0.0,0.35,0.0,0.6,0.05,0.99965172974228,-0.18160219999999994,22,98.98242368177613
0.0,0.35,0.0,0.65,0.0,0.99956466217785,-0.24112734999999996,24,98.88991674375578
0.0,0.35,0.05,0.0,0.6,0.9999834157020133,-0.1598036,2,99.90749306197965
0.0,0.35,0.05,0.05,0.55,0.9999834157020133,-0.14181569999999993,2,99.90749306197965
0.0,0.35,0.05,0.1,0.5,0.99998756177651,-0.12382779999999993,2,99.90749306197965
0.0,0.35,0.05,0.15,0.45,0.99998756177651,-0.10583990000000004,2,99.90749306197965
0.0,0.35,0.05,0.2,0.4,0.99998756177651,-0.08785199999999999,2,99.90749306197965
0.0,0.35,0.05,0.25,0.35,0.9999958539255034,-0.06986410000000004,2,99.90749306197965
0.0,0.35,0.05,0.3,0.3,0.9999958539255034,-0.05187619999999998,1,99.95374653098983
0.0,0.35,0.05,0.35,0.25,0.9999917078510067,-0.03388829999999998,4,99.81498612395929
0.0,0.35,0.05,0.4,0.2,0.9999834157020133,-0.031126149999999964,7,99.67622571692877
0.0,0.35,0.05,0.45,0.15,0.9999709774785234,-0.051684149999999984,10,99.53746530989824
0.0,0.35,0.05,0.5,0.1,0.9999212245845633,-0.09981240000000002,13,99.39870490286772
0.0,0.35,0.05,0.55,0.05,0.9998300109456366,-0.15677984999999994,17,99.21369102682701
0.0,0.35,0.05,0.6,0.0,0.9996931904872467,-0.21374729999999997,23,98.93617021276596
0.0,0.35,0.1,0.0,0.55,0.9999958539255034,-0.14288444999999994,2,99.90749306197965
0.0,0.35,0.1,0.05,0.5,0.9999958539255034,-0.12489654999999994,2,99.90749306197965
0.0,0.35,0.1,0.1,0.45,0.9999958539255034,-0.10690865000000005,2,99.90749306197965
0.0,0.35,0.1,0.15,0.4,0.9999958539255034,-0.08892074999999999,2,99.90749306197965
0.0,0.35,0.1,0.2,0.35,0.9999958539255034,-0.07093284999999994,1,99.95374653098983
0.0,0.35,0.1,0.25,0.3,0.9999958539255034,-0.052944949999999935,1,99.95374653098983
0.0,0.35,0.1,0.3,0.25,0.9999958539255034,-0.034957049999999934,2,99.90749306197965
0.0,0.35,0.1,0.35,0.2,0.9999958539255034,-0.01696914999999999,3,99.86123959296947
0.0,0.35,0.1,0.4,0.15,0.9999834157020133,-0.019298449999999967,5,99.76873265494912
0.0,0.35,0.1,0.45,0.1,0.99997512355302,-0.07563170000000008,8,99.6299722479186
0.0,0.35,0.1,0.5,0.05,0.99992537065906,-0.13417909999999994,11,99.49121184088807
0.0,0.35,0.1,0.55,0.0,0.99981342664765,-0.19272650000000002,17,99.21369102682701
0.0,0.35,0.15,0.0,0.5,0.9999958539255034,-0.12596529999999995,2,99.90749306197965
0.0,0.35,0.15,0.05,0.45,0.9999958539255034,-0.1079774,1,99.95374653098983
0.0,0.35,0.15,0.1,0.4,0.9999958539255034,-0.08998949999999994,1,99.95374653098983
0.0,0.35,0.15,0.15,0.35,0.9999958539255034,-0.07200159999999994,1,99.95374653098983
0.0,0.35,0.15,0.2,0.3,0.9999958539255034,-0.05401369999999994,2,99.90749306197965
0.0,0.35,0.15,0.25,0.25,0.9999958539255034,-0.0360258,2,99.90749306197965
0.0,0.35,0.15,0.3,0.2,0.9999958539255034,-0.018037899999999996,4,99.81498612395929
0.0,0.35,0.15,0.35,0.15,0.9999834157020133,-0.009144200000000047,4,99.81498612395929
0.0,0.35,0.15,0.4,0.1,0.99997512355302,-0.06769160000000002,7,99.67622571692877
0.0,0.35,0.15,0.45,0.05,0.9999461010315434,-0.12623899999999993,9,99.58371877890842
0.0,0.35,0.15,0.5,0.0,0.9999087863610734,-0.18478640000000002,10,99.53746530989824
0.0,0.35,0.2,0.0,0.45,0.9999917078510067,-0.10904615000000001,2,99.90749306197965
0.0,0.35,0.2,0.05,0.4,0.9999917078510067,-0.09105824999999995,2,99.90749306197965
0.0,0.35,0.2,0.1,0.35,0.9999917078510067,-0.07307034999999995,2,99.90749306197965
0.0,0.35,0.2,0.15,0.3,0.9999958539255034,-0.055082450000000005,2,99.90749306197965
0.0,0.35,0.2,0.2,0.25,0.9999958539255034,-0.03709454999999995,2,99.90749306197965
0.0,0.35,0.2,0.25,0.2,0.9999958539255034,-0.019106650000000003,3,99.86123959296947
0.0,0.35,0.2,0.3,0.15,0.9999834157020133,-0.014969599999999972,4,99.81498612395929
0.0,0.35,0.2,0.35,0.1,0.9999792696275167,-0.05975150000000001,5,99.76873265494912
0.0,0.35,0.2,0.4,0.05,0.99997512355302,-0.11829889999999993,6,99.72247918593895
0.0,0.35,0.2,0.45,0.0,0.9999336628080533,-0.17684629999999996,9,99.58371877890842
0.0,0.35,0.25,0.0,0.4,0.9999917078510067,-0.09212699999999996,5,99.76873265494912
0.0,0.35,0.25,0.05,0.35,0.9999917078510067,-0.07413909999999996,5,99.76873265494912
0.0,0.35,0.25,0.1,0.3,0.9999917078510067,-0.05615119999999996,5,99.76873265494912
0.0,0.35,0.25,0.15,0.25,0.9999917078510067,-0.03816330000000001,5,99.76873265494912
0.0,0.35,0.25,0.2,0.2,0.9999834157020133,-0.02017540000000001,6,99.72247918593895
0.0,0.35,0.25,0.25,0.15,0.9999834157020133,-0.036252499999999965,7,99.67622571692877
0.0,0.35,0.25,0.3,0.1,0.9999792696275167,-0.06950234999999999,9,99.58371877890842
0.0,0.35,0.25,0.35,0.05,0.99996268532953,-0.11035879999999998,9,99.58371877890842
0.0,0.35,0.25,0.4,0.0,0.9999295167335567,-0.16890620000000006,12,99.44495837187789
0.0,0.35,0.3,0.0,0.35,0.9999917078510067,-0.07520784999999997,9,99.58371877890842
0.0,0.35,0.3,0.05,0.3,0.9999917078510067,-0.05721994999999991,9,99.58371877890842
0.0,0.35,0.3,0.1,0.25,0.99998756177651,-0.04636689999999999,9,99.58371877890842
0.0,0.35,0.3,0.15,0.2,0.9999834157020133,-0.043207300000000004,10,99.53746530989824
0.0,0.35,0.3,0.2,0.15,0.9999834157020133,-0.06902525000000004,10,99.53746530989824
0.0,0.35,0.3,0.25,0.1,0.9999709774785234,-0.10227510000000001,12,99.44495837187789
0.0,0.35,0.3,0.3,0.05,0.99995024710604,-0.13552494999999992,13,99.39870490286772
0.0,0.35,0.3,0.35,0.0,0.99992537065906,-0.16877480000000006,14,99.35245143385754
0.0,0.35,0.35,0.0,0.3,0.99997512355302,-0.07473589999999997,14,99.35245143385754
0.0,0.35,0.35,0.05,0.25,0.99997512355302,-0.07157629999999998,14,99.35245143385754
0.0,0.35,0.35,0.1,0.2,0.99997512355302,-0.06854814999999997,15,99.30619796484737
0.0,0.35,0.35,0.15,0.15,0.99996268532953,-0.101798,16,99.25994449583719
0.0,0.35,0.35,0.2,0.1,0.99995024710604,-0.13504785000000002,17,99.21369102682701
0.0,0.35,0.35,0.25,0.05,0.9999212245845633,-0.16829769999999994,18,99.16743755781684
0.0,0.35,0.35,0.3,0.0,0.9998963481375833,-0.20154754999999996,19,99.12118408880666
0.0,0.35,0.4,0.0,0.25,0.99992537065906,-0.12710535,20,99.07493061979649
0.0,0.35,0.4,0.05,0.2,0.99992537065906,-0.12084214999999998,21,99.02867715078631
0.0,0.35,0.4,0.1,0.15,0.99992537065906,-0.13457075000000002,23,98.93617021276596
0.0,0.35,0.4,0.15,0.1,0.9999212245845633,-0.1678206,24,98.88991674375578
0.0,0.35,0.4,0.2,0.05,0.9999087863610734,-0.20107044999999996,25,98.84366327474561
0.0,0.35,0.4,0.25,0.0,0.9998673256161067,-0.23432029999999998,25,98.84366327474561
0.0,0.35,0.45,0.0,0.2,0.99985074131812,-0.20215529999999998,24,98.88991674375578
0.0,0.35,0.45,0.05,0.15,0.99983830309463,-0.1958921,25,98.84366327474561
0.0,0.35,0.45,0.1,0.1,0.9998217187966434,-0.20059335,25,98.84366327474561
0.0,0.35,0.45,0.15,0.05,0.9998175727221467,-0.23384319999999997,25,98.84366327474561
0.0,0.35,0.45,0.2,0.0,0.9997968423496634,-0.26709305,26,98.79740980573543
0.0,0.35,0.5,0.0,0.15,0.9997512355302,-0.27720524999999996,29,98.6586493987049
0.0,0.35,0.5,0.05,0.1,0.99971392085973,-0.27094205,30,98.61239592969473
0.0,0.35,0.5,0.1,0.05,0.99970148263624,-0.26661595,30,98.61239592969473
0.0,0.35,0.5,0.15,0.0,0.9996848983382534,-0.29986579999999996,31,98.56614246068455
0.0,0.35,0.55,0.0,0.1,0.9995812464758367,-0.3522552,35,98.38112858464385
0.0,0.35,0.55,0.05,0.05,0.9995439318053667,-0.3459920000000001,34,98.42738205365403
0.0,0.35,0.55,0.1,0.0,0.99951490928389,-0.33972880000000005,34,98.42738205365403
0.0,0.35,0.6,0.0,0.05,0.9993200437825467,-0.42730515,39,98.19611470860315
0.0,0.35,0.6,0.05,0.0,0.9992910212610701,-0.42104195,39,98.19611470860315
0.0,0.35,0.65,0.0,0.0,0.9989012902583834,-0.5023551,41,98.10360777058278
0.0,0.4,0.0,0.0,0.6,0.99995024710604,-0.18523300000000004,2,99.90749306197965
0.0,0.4,0.0,0.05,0.55,0.9999543931805367,-0.16724509999999998,2,99.90749306197965
0.0,0.4,0.0,0.1,0.5,0.9999543931805367,-0.14925719999999998,2,99.90749306197965
0.0,0.4,0.0,0.15,0.45,0.9999709774785234,-0.1312693000000001,2,99.90749306197965
0.0,0.4,0.0,0.2,0.4,0.9999668314040266,-0.11328140000000003,3,99.86123959296947
0.0,0.4,0.0,0.25,0.35,0.99996268532953,-0.09529350000000003,3,99.86123959296947
0.0,0.4,0.0,0.3,0.3,0.99996268532953,-0.07730560000000003,4,99.81498612395929
0.0,0.4,0.0,0.35,0.25,0.9999585392550333,-0.07080340000000007,6,99.72247918593895
0.0,0.4,0.0,0.4,0.2,0.9999543931805367,-0.09136139999999998,8,99.6299722479186
0.0,0.4,0.0,0.45,0.15,0.9999336628080533,-0.1119194,10,99.53746530989824
0.0,0.4,0.0,0.5,0.1,0.99988805598859,-0.13247740000000002,13,99.39870490286772
0.0,0.4,0.0,0.55,0.05,0.9998092805731533,-0.18893114999999994,17,99.21369102682701
0.0,0.4,0.0,0.6,0.0,0.99966416796577,-0.24589860000000002,23,98.93617021276596
0.0,0.4,0.05,0.0,0.55,0.99997512355302,-0.16831385,2,99.90749306197965
0.0,0.4,0.05,0.05,0.5,0.99998756177651,-0.15032594999999999,2,99.90749306197965
0.0,0.4,0.05,0.1,0.45,0.99998756177651,-0.13233804999999998,2,99.90749306197965
0.0,0.4,0.05,0.15,0.4,0.9999917078510067,-0.11435015000000004,2,99.90749306197965
0.0,0.4,0.05,0.2,0.35,0.9999917078510067,-0.09636225000000004,3,99.86123959296947
0.0,0.4,0.05,0.25,0.3,0.99998756177651,-0.07837435000000004,4,99.81498612395929
0.0,0.4,0.05,0.3,0.25,0.9999834157020133,-0.06038644999999998,4,99.81498612395929
0.0,0.4,0.05,0.35,0.2,0.9999792696275167,-0.05897570000000002,5,99.76873265494912
0.0,0.4,0.05,0.4,0.15,0.9999668314040266,-0.07953370000000004,5,99.76873265494912
0.0,0.4,0.05,0.45,0.1,0.99995024710604,-0.10714135000000002,7,99.67622571692877
0.0,0.4,0.05,0.5,0.05,0.9999046402865767,-0.1641087999999999,12,99.44495837187789
0.0,0.4,0.05,0.55,0.0,0.99978855020067,-0.22107624999999997,15,99.30619796484737
0.0,0.4,0.1,0.0,0.5,0.9999917078510067,-0.1513947,2,99.90749306197965
0.0,0.4,0.1,0.05,0.45,0.9999917078510067,-0.13340679999999994,2,99.90749306197965
0.0,0.4,0.1,0.1,0.4,0.9999917078510067,-0.11541889999999994,2,99.90749306197965
0.0,0.4,0.1,0.15,0.35,0.9999917078510067,-0.09743100000000005,3,99.86123959296947
0.0,0.4,0.1,0.2,0.3,0.9999917078510067,-0.07944309999999993,2,99.90749306197965
0.0,0.4,0.1,0.25,0.25,0.99998756177651,-0.06145519999999993,4,99.81498612395929
0.0,0.4,0.1,0.3,0.2,0.9999834157020133,-0.043467299999999987,5,99.76873265494912
0.0,0.4,0.1,0.35,0.15,0.9999709774785234,-0.04714799999999997,6,99.72247918593895
0.0,0.4,0.1,0.4,0.1,0.9999585392550333,-0.08231899999999998,6,99.72247918593895
0.0,0.4,0.1,0.45,0.05,0.99993780888255,-0.13928644999999995,9,99.58371877890842
0.0,0.4,0.1,0.5,0.0,0.9998797638395966,-0.19625389999999993,11,99.49121184088807
0.0,0.4,0.15,0.0,0.45,0.9999917078510067,-0.13447555000000005,3,99.86123959296947
0.0,0.4,0.15,0.05,0.4,0.9999917078510067,-0.11648765000000005,3,99.86123959296947
0.0,0.4,0.15,0.1,0.35,0.9999917078510067,-0.09849974999999994,2,99.90749306197965
0.0,0.4,0.15,0.15,0.3,0.9999917078510067,-0.08051185000000005,2,99.90749306197965
0.0,0.4,0.15,0.2,0.25,0.9999917078510067,-0.06252395,2,99.90749306197965
0.0,0.4,0.15,0.25,0.2,0.9999917078510067,-0.04453605000000005,5,99.76873265494912
0.0,0.4,0.15,0.3,0.15,0.9999668314040266,-0.026548150000000048,5,99.76873265494912
0.0,0.4,0.15,0.35,0.1,0.9999668314040266,-0.06040770000000001,7,99.67622571692877
0.0,0.4,0.15,0.4,0.05,0.9999585392550333,-0.11895509999999992,7,99.67622571692877
0.0,0.4,0.15,0.45,0.0,0.9999046402865767,-0.1775025,9,99.58371877890842
0.0,0.4,0.2,0.0,0.4,0.9999834157020133,-0.1175564,6,99.72247918593895
0.0,0.4,0.2,0.05,0.35,0.9999917078510067,-0.0995685,6,99.72247918593895
0.0,0.4,0.2,0.1,0.3,0.9999917078510067,-0.08158059999999995,6,99.72247918593895
0.0,0.4,0.2,0.15,0.25,0.9999917078510067,-0.06359270000000006,6,99.72247918593895
0.0,0.4,0.2,0.2,0.2,0.9999834157020133,-0.05014000000000002,8,99.6299722479186
0.0,0.4,0.2,0.25,0.15,0.9999792696275167,-0.04698040000000003,8,99.6299722479186
0.0,0.4,0.2,0.3,0.1,0.9999668314040266,-0.07356050000000003,10,99.53746530989824
0.0,0.4,0.2,0.35,0.05,0.9999461010315434,-0.11101499999999997,12,99.44495837187789
0.0,0.4,0.2,0.4,0.0,0.9999087863610734,-0.1695624,14,99.35245143385754
0.0,0.4,0.25,0.0,0.35,0.9999709774785234,-0.10063724999999996,12,99.44495837187789
0.0,0.4,0.25,0.05,0.3,0.9999792696275167,-0.08264934999999995,11,99.49121184088807
0.0,0.4,0.25,0.1,0.25,0.9999792696275167,-0.078509,11,99.49121184088807
0.0,0.4,0.25,0.15,0.2,0.9999834157020133,-0.07534940000000001,12,99.44495837187789
0.0,0.4,0.25,0.2,0.15,0.9999834157020133,-0.07308340000000002,13,99.39870490286772
0.0,0.4,0.25,0.25,0.1,0.9999543931805367,-0.10633325000000005,14,99.35245143385754
0.0,0.4,0.25,0.3,0.05,0.9999336628080533,-0.13958309999999996,15,99.30619796484737
0.0,0.4,0.25,0.35,0.0,0.99990049421208,-0.17283294999999999,17,99.21369102682701
0.0,0.4,0.3,0.0,0.3,0.9999585392550333,-0.10687799999999997,16,99.25994449583719
0.0,0.4,0.3,0.05,0.25,0.9999543931805367,-0.10371839999999999,16,99.25994449583719
0.0,0.4,0.3,0.1,0.2,0.9999585392550333,-0.10055879999999995,17,99.21369102682701
0.0,0.4,0.3,0.15,0.15,0.9999461010315434,-0.10585614999999998,18,99.16743755781684
0.0,0.4,0.3,0.2,0.1,0.9999419549570466,-0.139106,19,99.12118408880666
0.0,0.4,0.3,0.25,0.05,0.9999212245845633,-0.17235584999999998,19,99.12118408880666
0.0,0.4,0.3,0.3,0.0,0.9998922020630867,-0.20560570000000006,20,99.07493061979649
0.0,0.4,0.35,0.0,0.25,0.99992537065906,-0.12892779999999998,19,99.12118408880666
0.0,0.4,0.35,0.05,0.2,0.9999336628080533,-0.1257682,20,99.07493061979649
0.0,0.4,0.35,0.1,0.15,0.99992537065906,-0.1386289,21,99.02867715078631
0.0,0.4,0.35,0.15,0.1,0.9999087863610734,-0.17187875000000002,24,98.88991674375578
0.0,0.4,0.35,0.2,0.05,0.99988805598859,-0.2051286,25,98.84366327474561
0.0,0.4,0.35,0.25,0.0,0.99985074131812,-0.23837845000000002,26,98.79740980573543
0.0,0.4,0.4,0.0,0.2,0.9998424491691267,-0.16085759999999996,25,98.84366327474561
0.0,0.4,0.4,0.05,0.15,0.9998341570201333,-0.17140165,25,98.84366327474561
0.0,0.4,0.4,0.1,0.1,0.9998175727221467,-0.20465150000000001,26,98.79740980573543
0.0,0.4,0.4,0.15,0.05,0.99980098842416,-0.23790134999999998,27,98.75115633672526
0.0,0.4,0.4,0.2,0.0,0.99978855020067,-0.27115120000000004,27,98.75115633672526
0.0,0.4,0.45,0.0,0.15,0.99973879730671,-0.23590755,27,98.75115633672526
0.0,0.4,0.45,0.05,0.1,0.9997222130087233,-0.23742424999999998,28,98.70490286771508
0.0,0.4,0.45,0.1,0.05,0.9997097747852334,-0.27067410000000003,29,98.6586493987049
0.0,0.4,0.45,0.15,0.0,0.9997056287107366,-0.30392395,29,98.6586493987049
0.0,0.4,0.5,0.0,0.1,0.9995688082523467,-0.3109575,32,98.51988899167438
0.0,0.4,0.5,0.05,0.05,0.9995480778798633,-0.3046943,32,98.51988899167438
0.0,0.4,0.5,0.1,0.0,0.9995480778798633,-0.3366967,34,98.42738205365403
0.0,0.4,0.55,0.0,0.05,0.9993615045275134,-0.38600745000000003,39,98.19611470860315
0.0,0.4,0.55,0.05,0.0,0.9993366280805334,-0.37974425000000006,39,98.19611470860315
0.0,0.4,0.6,0.0,0.0,0.9989676274503301,-0.4610574,43,98.01110083256243
0.0,0.45,0.0,0.0,0.55,0.9998839099140934,-0.19374325000000003,3,99.86123959296947
0.0,0.45,0.0,0.05,0.5,0.9999087863610734,-0.17575535000000003,4,99.81498612395929
0.0,0.45,0.0,0.1,0.45,0.9999336628080533,-0.15776745000000003,4,99.81498612395929
0.0,0.45,0.0,0.15,0.4,0.99993780888255,-0.13977955000000009,4,99.81498612395929
0.0,0.45,0.0,0.2,0.35,0.9999543931805367,-0.12179165000000008,5,99.76873265494912
0.0,0.45,0.0,0.25,0.3,0.99996268532953,-0.10380375000000008,5,99.76873265494912
0.0,0.45,0.0,0.3,0.25,0.99996268532953,-0.10129765000000002,6,99.72247918593895
0.0,0.45,0.0,0.35,0.2,0.9999585392550333,-0.11921095000000004,7,99.67622571692877
0.0,0.45,0.0,0.4,0.15,0.9999461010315434,-0.13976895,8,99.6299722479186
0.0,0.45,0.0,0.45,0.1,0.9999212245845633,-0.16032694999999997,10,99.53746530989824
0.0,0.45,0.0,0.5,0.05,0.9998590334671134,-0.19626009999999994,13,99.39870490286772
0.0,0.45,0.0,0.55,0.0,0.9997678198281866,-0.25322755,16,99.25994449583719
0.0,0.45,0.05,0.0,0.5,0.9999212245845633,-0.17682410000000004,3,99.86123959296947
0.0,0.45,0.05,0.05,0.45,0.99993780888255,-0.15883620000000004,4,99.81498612395929
0.0,0.45,0.05,0.1,0.4,0.99995024710604,-0.14084829999999998,4,99.81498612395929
0.0,0.45,0.05,0.15,0.35,0.99996268532953,-0.12286040000000009,5,99.76873265494912
0.0,0.45,0.05,0.2,0.3,0.9999668314040266,-0.10487250000000009,6,99.72247918593895
0.0,0.45,0.05,0.25,0.25,0.9999709774785234,-0.08688460000000009,6,99.72247918593895
0.0,0.45,0.05,0.3,0.2,0.9999668314040266,-0.08682525000000002,8,99.6299722479186
0.0,0.45,0.05,0.35,0.15,0.9999543931805367,-0.10738325000000004,8,99.6299722479186
0.0,0.45,0.05,0.4,0.1,0.9999461010315434,-0.12794125000000006,7,99.67622571692877
0.0,0.45,0.05,0.45,0.05,0.9999170785100666,-0.17143774999999994,11,99.49121184088807
0.0,0.45,0.05,0.5,0.0,0.9998465952436233,-0.22840519999999997,13,99.39870490286772
0.0,0.45,0.1,0.0,0.45,0.9999295167335567,-0.15990495,5,99.76873265494912
0.0,0.45,0.1,0.05,0.4,0.9999419549570466,-0.14191705,6,99.72247918593895
0.0,0.45,0.1,0.1,0.35,0.99995024710604,-0.12392914999999993,6,99.72247918593895
0.0,0.45,0.1,0.15,0.3,0.9999585392550333,-0.1059412500000001,6,99.72247918593895
0.0,0.45,0.1,0.2,0.25,0.9999668314040266,-0.08795335000000004,7,99.67622571692877
0.0,0.45,0.1,0.25,0.2,0.9999709774785234,-0.06996545000000004,7,99.67622571692877
0.0,0.45,0.1,0.3,0.15,0.9999585392550333,-0.07499755000000002,8,99.6299722479186
0.0,0.45,0.1,0.35,0.1,0.99995024710604,-0.09555555000000004,8,99.6299722479186
0.0,0.45,0.1,0.4,0.05,0.99992537065906,-0.1466154,11,99.49121184088807
0.0,0.45,0.1,0.45,0.0,0.9998673256161067,-0.20358284999999998,13,99.39870490286772
0.0,0.45,0.15,0.0,0.4,0.99993780888255,-0.1429858000000001,11,99.49121184088807
0.0,0.45,0.15,0.05,0.35,0.99995024710604,-0.1249979000000001,11,99.49121184088807
0.0,0.45,0.15,0.1,0.3,0.99995024710604,-0.10701000000000005,12,99.44495837187789
0.0,0.45,0.15,0.15,0.25,0.99995024710604,-0.0890221000000001,12,99.44495837187789
0.0,0.45,0.15,0.2,0.2,0.9999543931805367,-0.08228210000000008,14,99.35245143385754
0.0,0.45,0.15,0.25,0.15,0.99996268532953,-0.0791225000000001,14,99.35245143385754
0.0,0.45,0.15,0.3,0.1,0.99995024710604,-0.07761864999999996,15,99.30619796484737
0.0,0.45,0.15,0.35,0.05,0.9999170785100666,-0.12179304999999996,17,99.21369102682701
0.0,0.45,0.15,0.4,0.0,0.9998839099140934,-0.17876049999999993,19,99.12118408880666
0.0,0.45,0.2,0.0,0.35,0.9999419549570466,-0.12606665000000006,15,99.30619796484737
0.0,0.45,0.2,0.05,0.3,0.9999543931805367,-0.11381069999999999,15,99.30619796484737
0.0,0.45,0.2,0.1,0.25,0.99995024710604,-0.1106511,16,99.25994449583719
0.0,0.45,0.2,0.15,0.2,0.99995024710604,-0.10749150000000007,18,99.16743755781684
0.0,0.45,0.2,0.2,0.15,0.99995024710604,-0.10433190000000003,18,99.16743755781684
0.0,0.45,0.2,0.25,0.1,0.9999170785100666,-0.11039140000000003,18,99.16743755781684
0.0,0.45,0.2,0.3,0.05,0.9998963481375833,-0.14364124999999994,20,99.07493061979649
0.0,0.45,0.2,0.35,0.0,0.9998797638395966,-0.17689110000000002,22,98.98242368177613
0.0,0.45,0.25,0.0,0.3,0.9999295167335567,-0.13902009999999998,17,99.21369102682701
0.0,0.45,0.25,0.05,0.25,0.9999419549570466,-0.13586050000000005,17,99.21369102682701
0.0,0.45,0.25,0.1,0.2,0.9999419549570466,-0.1327009,19,99.12118408880666
0.0,0.45,0.25,0.15,0.15,0.9999212245845633,-0.12954130000000008,20,99.07493061979649
0.0,0.45,0.25,0.2,0.1,0.9998963481375833,-0.14316415000000005,20,99.07493061979649
0.0,0.45,0.25,0.25,0.05,0.9998714716906033,-0.17641399999999996,21,99.02867715078631
0.0,0.45,0.25,0.3,0.0,0.99986317954161,-0.20966384999999998,23,98.93617021276596
0.0,0.45,0.3,0.0,0.25,0.99991293243557,-0.16106990000000004,20,99.07493061979649
0.0,0.45,0.3,0.05,0.2,0.9998963481375833,-0.1579103,21,99.02867715078631
0.0,0.45,0.3,0.1,0.15,0.9998839099140934,-0.15475070000000002,23,98.93617021276596
0.0,0.45,0.3,0.15,0.1,0.9998548873926166,-0.17593689999999995,24,98.88991674375578
0.0,0.45,0.3,0.2,0.05,0.99983830309463,-0.20918674999999992,26,98.79740980573543
0.0,0.45,0.3,0.25,0.0,0.99980098842416,-0.24243659999999995,27,98.75115633672526
0.0,0.45,0.35,0.0,0.2,0.9998175727221467,-0.18311970000000005,27,98.75115633672526
0.0,0.45,0.35,0.05,0.15,0.9998092805731533,-0.17996010000000007,28,98.70490286771508
0.0,0.45,0.35,0.1,0.1,0.9997968423496634,-0.20870964999999997,29,98.6586493987049
0.0,0.45,0.35,0.15,0.05,0.9997678198281866,-0.24195949999999994,30,98.61239592969473
0.0,0.45,0.35,0.2,0.0,0.9997470894557033,-0.27520934999999996,31,98.56614246068455
0.0,0.45,0.4,0.0,0.15,0.9997305051577167,-0.20823255000000002,28,98.70490286771508
0.0,0.45,0.4,0.05,0.1,0.9997180669342267,-0.24148239999999999,32,98.51988899167438
0.0,0.45,0.4,0.1,0.05,0.9996973365617433,-0.27473225,32,98.51988899167438
0.0,0.45,0.4,0.15,0.0,0.9996848983382534,-0.30798210000000004,32,98.51988899167438
0.0,0.45,0.45,0.0,0.1,0.9995439318053667,-0.27425515,33,98.47363552266421
0.0,0.45,0.45,0.05,0.05,0.9995439318053667,-0.307505,34,98.42738205365403
0.0,0.45,0.45,0.1,0.0,0.9995232014328833,-0.34075485000000005,34,98.42738205365403
0.0,0.45,0.5,0.0,0.05,0.9993863809744934,-0.34470975,40,98.14986123959298
0.0,0.45,0.5,0.05,0.0,0.99934077415503,-0.37352759999999996,40,98.14986123959298
0.0,0.45,0.55,0.0,0.0,0.9989510431523434,-0.41975970000000007,43,98.01110083256243
0.0,0.5,0.0,0.0,0.5,0.9998092805731533,-0.20225350000000009,6,99.72247918593895
0.0,0.5,0.0,0.05,0.45,0.99981342664765,-0.18426560000000003,6,99.72247918593895
0.0,0.5,0.0,0.1,0.4,0.9998217187966434,-0.16627770000000003,5,99.76873265494912
0.0,0.5,0.0,0.15,0.35,0.9998341570201333,-0.14828980000000003,7,99.67622571692877
0.0,0.5,0.0,0.2,0.3,0.99985074131812,-0.14037229999999995,7,99.67622571692877
0.0,0.5,0.0,0.25,0.25,0.9998673256161067,-0.14253125,8,99.6299722479186
0.0,0.5,0.0,0.3,0.2,0.9998839099140934,-0.14706049999999993,11,99.49121184088807
0.0,0.5,0.0,0.35,0.15,0.9998963481375833,-0.16761849999999995,11,99.49121184088807
0.0,0.5,0.0,0.4,0.1,0.99990049421208,-0.18817650000000002,12,99.44495837187789
0.0,0.5,0.0,0.45,0.05,0.9998424491691267,-0.2087345,13,99.39870490286772
0.0,0.5,0.0,0.5,0.0,0.9997470894557033,-0.26055649999999997,16,99.25994449583719
0.0,0.5,0.05,0.0,0.45,0.9998217187966434,-0.18533435000000004,12,99.44495837187789
0.0,0.5,0.05,0.05,0.4,0.9998424491691267,-0.16734645000000004,11,99.49121184088807
0.0,0.5,0.05,0.1,0.35,0.9998548873926166,-0.14935854999999998,11,99.49121184088807
0.0,0.5,0.05,0.15,0.3,0.9998590334671134,-0.13137065000000003,12,99.44495837187789
0.0,0.5,0.05,0.2,0.25,0.99988805598859,-0.11338274999999998,12,99.44495837187789
0.0,0.5,0.05,0.25,0.2,0.99990049421208,-0.11467479999999991,14,99.35245143385754
0.0,0.5,0.05,0.3,0.15,0.9998963481375833,-0.13523279999999993,16,99.25994449583719
0.0,0.5,0.05,0.35,0.1,0.9998922020630867,-0.15579079999999995,15,99.30619796484737
0.0,0.5,0.05,0.4,0.05,0.9998465952436233,-0.17876669999999995,18,99.16743755781684
0.0,0.5,0.05,0.45,0.0,0.9997844041261733,-0.23573415000000003,19,99.12118408880666
0.0,0.5,0.1,0.0,0.4,0.9998465952436233,-0.1684152,16,99.25994449583719
0.0,0.5,0.1,0.05,0.35,0.9998548873926166,-0.15042729999999999,16,99.25994449583719
0.0,0.5,0.1,0.1,0.3,0.9998797638395966,-0.13243939999999998,17,99.21369102682701
0.0,0.5,0.1,0.15,0.25,0.99990049421208,-0.11758379999999996,17,99.21369102682701
0.0,0.5,0.1,0.2,0.2,0.99991293243557,-0.11442419999999992,18,99.16743755781684
0.0,0.5,0.1,0.25,0.15,0.99990049421208,-0.11126459999999994,21,99.02867715078631
0.0,0.5,0.1,0.3,0.1,0.9998756177651,-0.12340509999999999,19,99.12118408880666
0.0,0.5,0.1,0.35,0.05,0.9998465952436233,-0.15394435,19,99.12118408880666
0.0,0.5,0.1,0.4,0.0,0.9997844041261733,-0.21091179999999998,23,98.93617021276596
0.0,0.5,0.15,0.0,0.35,0.9998839099140934,-0.15149605,20,99.07493061979649
0.0,0.5,0.15,0.05,0.3,0.99990049421208,-0.1459528,20,99.07493061979649
0.0,0.5,0.15,0.1,0.25,0.9999087863610734,-0.14279319999999995,21,99.02867715078631
0.0,0.5,0.15,0.15,0.2,0.9999046402865767,-0.13963360000000002,21,99.02867715078631
0.0,0.5,0.15,0.2,0.15,0.9998756177651,-0.13647400000000004,22,98.98242368177613
0.0,0.5,0.15,0.25,0.1,0.9998590334671134,-0.13331440000000006,23,98.93617021276596
0.0,0.5,0.15,0.3,0.05,0.9998341570201333,-0.14769939999999993,22,98.98242368177613
0.0,0.5,0.15,0.35,0.0,0.9997968423496634,-0.18608945,25,98.84366327474561
0.0,0.5,0.2,0.0,0.3,0.99990049421208,-0.1711622,22,98.98242368177613
0.0,0.5,0.2,0.05,0.25,0.9999087863610734,-0.16800259999999995,22,98.98242368177613
0.0,0.5,0.2,0.1,0.2,0.99988805598859,-0.16484299999999996,23,98.93617021276596
0.0,0.5,0.2,0.15,0.15,0.9998756177651,-0.16168340000000003,24,98.88991674375578
0.0,0.5,0.2,0.2,0.1,0.9998424491691267,-0.1585238,24,98.88991674375578
0.0,0.5,0.2,0.25,0.05,0.9998341570201333,-0.18047215,25,98.84366327474561
0.0,0.5,0.2,0.3,0.0,0.9997926962751666,-0.21372200000000008,26,98.79740980573543
0.0,0.5,0.25,0.0,0.25,0.99986317954161,-0.19321199999999994,25,98.84366327474561
0.0,0.5,0.25,0.05,0.2,0.99985074131812,-0.19005239999999995,27,98.75115633672526
0.0,0.5,0.25,0.1,0.15,0.99982586487114,-0.18689279999999997,29,98.6586493987049
0.0,0.5,0.25,0.15,0.1,0.9997968423496634,-0.18373320000000004,29,98.6586493987049
0.0,0.5,0.25,0.2,0.05,0.9997968423496634,-0.21324489999999996,32,98.51988899167438
0.0,0.5,0.25,0.25,0.0,0.9997222130087233,-0.24649474999999993,34,98.42738205365403
0.0,0.5,0.3,0.0,0.2,0.9998051344986567,-0.21526179999999998,33,98.47363552266421
0.0,0.5,0.3,0.05,0.15,0.9997844041261733,-0.2121022,36,98.33487511563366
0.0,0.5,0.3,0.1,0.1,0.9997844041261733,-0.21276779999999998,36,98.33487511563366
0.0,0.5,0.3,0.15,0.05,0.99972635908322,-0.24601764999999995,37,98.2886216466235
0.0,0.5,0.3,0.2,0.0,0.9996848983382534,-0.2792675,36,98.33487511563366
0.0,0.5,0.35,0.0,0.15,0.9997222130087233,-0.23731160000000004,36,98.33487511563366
0.0,0.5,0.35,0.05,0.1,0.99971392085973,-0.24554054999999994,38,98.24236817761333
0.0,0.5,0.35,0.1,0.05,0.9996683140402667,-0.2787904,39,98.19611470860315
0.0,0.5,0.35,0.15,0.0,0.9996185611463067,-0.31204024999999996,39,98.19611470860315
0.0,0.5,0.4,0.0,0.1,0.9995480778798633,-0.28122310000000006,39,98.19611470860315
0.0,0.5,0.4,0.05,0.05,0.99951490928389,-0.31156314999999996,41,98.10360777058278
0.0,0.5,0.4,0.1,0.0,0.9994858867624133,-0.34481300000000004,41,98.10360777058278
0.0,0.5,0.45,0.0,0.05,0.9993324820060366,-0.3443359,42,98.05735430157262
0.0,0.5,0.45,0.05,0.0,0.9992744369630834,-0.37758575,43,98.01110083256243
0.0,0.5,0.5,0.0,0.0,0.9989634813758334,-0.41035849999999996,53,97.54856614246069
0.0,0.55,0.0,0.0,0.45,0.9997056287107366,-0.21076375000000008,26,98.79740980573543
0.0,0.55,0.0,0.05,0.4,0.9997180669342267,-0.19277585000000003,26,98.79740980573543
0.0,0.55,0.0,0.1,0.35,0.9997222130087233,-0.17996505000000002,27,98.75115633672526
0.0,0.55,0.0,0.15,0.3,0.9997553816046967,-0.18160590000000004,27,98.75115633672526
0.0,0.55,0.0,0.2,0.25,0.9997802580516767,-0.18376484999999998,27,98.75115633672526
0.0,0.55,0.0,0.25,0.2,0.9997844041261733,-0.18592379999999997,28,98.70490286771508
0.0,0.55,0.0,0.3,0.15,0.9997719659026834,-0.19546805,27,98.75115633672526
0.0,0.55,0.0,0.35,0.1,0.9997512355302,-0.21602604999999997,26,98.79740980573543
0.0,0.55,0.0,0.4,0.05,0.99966416796577,-0.23658404999999993,31,98.56614246068455
0.0,0.55,0.0,0.45,0.0,0.9995936846993266,-0.26788544999999997,32,98.51988899167438
0.0,0.55,0.05,0.0,0.4,0.99972635908322,-0.19384460000000003,30,98.61239592969473
0.0,0.55,0.05,0.05,0.35,0.9997512355302,-0.17585670000000003,31,98.56614246068455
0.0,0.55,0.05,0.1,0.3,0.9997719659026834,-0.15786880000000003,31,98.56614246068455
0.0,0.55,0.05,0.15,0.25,0.9997926962751666,-0.15332004999999999,30,98.61239592969473
0.0,0.55,0.05,0.2,0.2,0.9997926962751666,-0.15547899999999992,31,98.56614246068455
0.0,0.55,0.05,0.25,0.15,0.9997802580516767,-0.16308235,33,98.47363552266421
0.0,0.55,0.05,0.3,0.1,0.9997470894557033,-0.18364034999999995,33,98.47363552266421
0.0,0.55,0.05,0.35,0.05,0.9996931904872467,-0.20419834999999992,35,98.38112858464385
0.0,0.55,0.05,0.4,0.0,0.9996268532953,-0.24306310000000003,37,98.2886216466235
0.0,0.55,0.1,0.0,0.35,0.9997678198281866,-0.18125450000000004,34,98.42738205365403
0.0,0.55,0.1,0.05,0.3,0.99978855020067,-0.1780949,35,98.38112858464385
0.0,0.55,0.1,0.1,0.25,0.9997926962751666,-0.17493529999999996,35,98.38112858464385
0.0,0.55,0.1,0.15,0.2,0.99977611197718,-0.17177569999999998,35,98.38112858464385
0.0,0.55,0.1,0.2,0.15,0.99976367375369,-0.16861609999999994,36,98.33487511563366
0.0,0.55,0.1,0.25,0.1,0.9997470894557033,-0.16545649999999995,36,98.33487511563366
0.0,0.55,0.1,0.3,0.05,0.9997056287107366,-0.1718126499999999,36,98.33487511563366
0.0,0.55,0.1,0.35,0.0,0.9996309993697967,-0.21824075000000004,39,98.19611470860315
0.0,0.55,0.15,0.0,0.3,0.9997802580516767,-0.2033043,37,98.2886216466235
0.0,0.55,0.15,0.05,0.25,0.9997719659026834,-0.20014469999999995,36,98.33487511563366
0.0,0.55,0.15,0.1,0.2,0.9997470894557033,-0.19698509999999997,37,98.2886216466235
0.0,0.55,0.15,0.15,0.15,0.9997553816046967,-0.1938255000000001,37,98.2886216466235
0.0,0.55,0.15,0.2,0.1,0.9997346512322134,-0.19066590000000005,37,98.2886216466235
0.0,0.55,0.15,0.25,0.05,0.99968904441275,-0.18750630000000001,38,98.24236817761333
0.0,0.55,0.15,0.3,0.0,0.9996434375932867,-0.21778015,42,98.05735430157262
0.0,0.55,0.2,0.0,0.25,0.9997222130087233,-0.2253541,42,98.05735430157262
0.0,0.55,0.2,0.05,0.2,0.99972635908322,-0.22219449999999996,43,98.01110083256243
0.0,0.55,0.2,0.1,0.15,0.99970148263624,-0.21903490000000003,42,98.05735430157262
0.0,0.55,0.2,0.15,0.1,0.9997056287107366,-0.21587530000000005,42,98.05735430157262
0.0,0.55,0.2,0.2,0.05,0.99967660618926,-0.21730305,45,97.9185938945421
0.0,0.55,0.2,0.25,0.0,0.9996227072208034,-0.25055289999999997,48,97.77983348751155
0.0,0.55,0.25,0.0,0.2,0.9996931904872467,-0.2474039,45,97.9185938945421
0.0,0.55,0.25,0.05,0.15,0.9996848983382534,-0.2442443,45,97.9185938945421
0.0,0.55,0.25,0.1,0.1,0.99967660618926,-0.24108469999999996,45,97.9185938945421
0.0,0.55,0.25,0.15,0.05,0.9996185611463067,-0.2500758,46,97.87234042553192
0.0,0.55,0.25,0.2,0.0,0.9995936846993266,-0.28332565000000004,49,97.73358001850139
0.0,0.55,0.3,0.0,0.15,0.9996227072208034,-0.2694537,48,97.77983348751155
0.0,0.55,0.3,0.05,0.1,0.9995853925503333,-0.2662941,48,97.77983348751155
0.0,0.55,0.3,0.1,0.05,0.9995563700288567,-0.28284855,48,97.77983348751155
0.0,0.55,0.3,0.15,0.0,0.9995066171348966,-0.3160984,50,97.68732654949122
0.0,0.55,0.35,0.0,0.1,0.9994485720919434,-0.2968554,51,97.64107308048104
0.0,0.55,0.35,0.05,0.05,0.9993988191979833,-0.3156213,51,97.64107308048104
0.0,0.55,0.35,0.1,0.0,0.9993449202295267,-0.34887115,52,97.59481961147087
0.0,0.55,0.4,0.0,0.05,0.9992205379946267,-0.35807585000000003,56,97.40980573543015
0.0,0.55,0.4,0.05,0.0,0.9991583468771766,-0.3816439,56,97.40980573543015
0.0,0.55,0.45,0.0,0.0,0.99883080699194,-0.4192963,61,97.17853839037927
0.0,0.6,0.0,0.0,0.4,0.9996227072208034,-0.24844219999999995,42,98.05735430157262
0.0,0.6,0.0,0.05,0.35,0.9996434375932867,-0.23990629999999996,42,98.05735430157262
0.0,0.6,0.0,0.1,0.3,0.9996683140402667,-0.23137039999999992,41,98.10360777058278
0.0,0.6,0.0,0.15,0.25,0.9996683140402667,-0.22499845000000002,42,98.05735430157262
0.0,0.6,0.0,0.2,0.2,0.9996351454442933,-0.2271574,43,98.01110083256243
0.0,0.6,0.0,0.25,0.15,0.9996102689973133,-0.22931635,42,98.05735430157262
0.0,0.6,0.0,0.3,0.1,0.9995439318053667,-0.24387559999999997,42,98.05735430157262
0.0,0.6,0.0,0.35,0.05,0.9995066171348966,-0.2644336,45,97.9185938945421
0.0,0.6,0.0,0.4,0.0,0.99944027994295,-0.28499159999999996,45,97.9185938945421
0.0,0.6,0.05,0.0,0.35,0.99965172974228,-0.22607094999999994,44,97.96484736355227
0.0,0.6,0.05,0.05,0.3,0.9996600218912733,-0.21753504999999995,43,98.01110083256243
0.0,0.6,0.05,0.1,0.25,0.9996558758167767,-0.2089991499999999,43,98.01110083256243
0.0,0.6,0.05,0.15,0.2,0.9996309993697967,-0.20391779999999998,45,97.9185938945421
0.0,0.6,0.05,0.2,0.15,0.99960197684832,-0.2007582,47,97.82608695652173
0.0,0.6,0.05,0.25,0.1,0.99956466217785,-0.21148989999999995,46,97.87234042553192
0.0,0.6,0.05,0.3,0.05,0.99951490928389,-0.23204789999999992,45,97.9185938945421
0.0,0.6,0.05,0.35,0.0,0.9994485720919434,-0.25260589999999994,48,97.77983348751155
0.0,0.6,0.1,0.0,0.3,0.9996227072208034,-0.23544639999999994,47,97.82608695652173
0.0,0.6,0.1,0.05,0.25,0.9996061229228167,-0.2322867999999999,48,97.77983348751155
0.0,0.6,0.1,0.1,0.2,0.99957710040134,-0.22912719999999986,49,97.73358001850139
0.0,0.6,0.1,0.15,0.15,0.9995729543268433,-0.2259676,50,97.68732654949122
0.0,0.6,0.1,0.2,0.1,0.9995314935818767,-0.22280799999999995,50,97.68732654949122
0.0,0.6,0.1,0.25,0.05,0.9995107632093934,-0.21964839999999997,48,97.77983348751155
0.0,0.6,0.1,0.3,0.0,0.9994693024644267,-0.22556969999999993,50,97.68732654949122
0.0,0.6,0.15,0.0,0.25,0.9995853925503333,-0.2574962,51,97.64107308048104
0.0,0.6,0.15,0.05,0.2,0.9995729543268433,-0.25433659999999997,53,97.54856614246069
0.0,0.6,0.15,0.1,0.15,0.9995480778798633,-0.251177,53,97.54856614246069
0.0,0.6,0.15,0.15,0.1,0.99951490928389,-0.2480174,55,97.45605920444034
0.0,0.6,0.15,0.2,0.05,0.99949003283691,-0.24485779999999996,54,97.5023126734505
0.0,0.6,0.15,0.25,0.0,0.9994444260174467,-0.25461105000000006,53,97.54856614246069
0.0,0.6,0.2,0.0,0.2,0.9995356396563734,-0.27954599999999996,59,97.27104532839962
0.0,0.6,0.2,0.05,0.15,0.9995190553583867,-0.27638640000000003,59,97.27104532839962
0.0,0.6,0.2,0.1,0.1,0.9994444260174467,-0.2732268,60,97.22479185938946
0.0,0.6,0.2,0.15,0.05,0.9994112574214733,-0.27006720000000006,59,97.27104532839962
0.0,0.6,0.2,0.2,0.0,0.99936565060201,-0.28738379999999997,60,97.22479185938946
0.0,0.6,0.25,0.0,0.15,0.9994236956449634,-0.30159579999999997,62,97.1322849213691
0.0,0.6,0.25,0.05,0.1,0.99936565060201,-0.29843619999999993,62,97.1322849213691
0.0,0.6,0.25,0.1,0.05,0.99934077415503,-0.29527659999999994,61,97.17853839037927
0.0,0.6,0.25,0.15,0.0,0.99927858303758,-0.32015655,64,97.03977798334876
0.0,0.6,0.3,0.0,0.1,0.9992205379946267,-0.3236456,65,96.99352451433857
0.0,0.6,0.3,0.05,0.05,0.99919151547315,-0.32067884999999996,64,97.03977798334876
0.0,0.6,0.3,0.1,0.0,0.9991417625791901,-0.3529293,65,96.99352451433857
0.0,0.6,0.35,0.0,0.05,0.9989966499718067,-0.37370814999999996,67,96.90101757631822
0.0,0.6,0.35,0.05,0.0,0.99891787455637,-0.38570204999999996,68,96.85476410730804
0.0,0.6,0.4,0.0,0.0,0.9985239974791867,-0.43492860000000005,71,96.71600370027753
0.0,0.65,0.0,0.0,0.35,0.9994610103154333,-0.29984754999999996,54,97.5023126734505
0.0,0.65,0.0,0.05,0.3,0.9994693024644267,-0.29131165,55,97.45605920444034
0.0,0.65,0.0,0.1,0.25,0.9994568642409367,-0.28277574999999994,56,97.40980573543015
0.0,0.65,0.0,0.15,0.2,0.9994195495704666,-0.27423985,57,97.36355226641999
0.0,0.65,0.0,0.2,0.15,0.9993822348999967,-0.27054994999999993,58,97.3172987974098
0.0,0.65,0.0,0.25,0.1,0.9993615045275134,-0.2727089,58,97.3172987974098
0.0,0.65,0.0,0.3,0.05,0.9992951673355667,-0.29228315,59,97.27104532839962
0.0,0.65,0.0,0.35,0.0,0.9992205379946267,-0.31284115,63,97.08603145235892
0.0,0.65,0.05,0.0,0.3,0.9994236956449634,-0.27747629999999995,61,97.17853839037927
0.0,0.65,0.05,0.05,0.25,0.9994029652724801,-0.26894039999999997,61,97.17853839037927
0.0,0.65,0.05,0.1,0.2,0.9993615045275134,-0.2612692999999999,63,97.08603145235892
0.0,0.65,0.05,0.15,0.15,0.9993449202295267,-0.25810970000000005,63,97.08603145235892
0.0,0.65,0.05,0.2,0.1,0.9993158977080501,-0.2549501,64,97.03977798334876
0.0,0.65,0.05,0.25,0.05,0.99926614481409,-0.25989745,65,96.99352451433857
0.0,0.65,0.05,0.3,0.0,0.9991873693986534,-0.28045545,68,96.85476410730804
0.0,0.65,0.1,0.0,0.25,0.9993822348999967,-0.28963829999999996,66,96.94727104532839
0.0,0.65,0.1,0.05,0.2,0.9993490663040233,-0.2864786999999999,66,96.94727104532839
0.0,0.65,0.1,0.1,0.15,0.9993158977080501,-0.28331909999999993,67,96.90101757631822
0.0,0.65,0.1,0.15,0.1,0.9992578526650967,-0.2801595,67,96.90101757631822
0.0,0.65,0.1,0.2,0.05,0.9991998076221433,-0.27699989999999985,68,96.85476410730804
0.0,0.65,0.1,0.25,0.0,0.9991293243557,-0.2738403,69,96.80851063829788
0.0,0.65,0.15,0.0,0.2,0.9992951673355667,-0.3116881,69,96.80851063829788
0.0,0.65,0.15,0.05,0.15,0.99927858303758,-0.30852850000000004,69,96.80851063829788
0.0,0.65,0.15,0.1,0.1,0.9992371222926133,-0.3053689,70,96.76225716928771
0.0,0.65,0.15,0.15,0.05,0.99916663902617,-0.3022093,70,96.76225716928771
0.0,0.65,0.15,0.2,0.0,0.9991168861322101,-0.2990497,71,96.71600370027753
0.0,0.65,0.2,0.0,0.15,0.9991832233241567,-0.33373790000000003,72,96.66975023126734
0.0,0.65,0.2,0.05,0.1,0.9991251782812034,-0.3305783,72,96.66975023126734
0.0,0.65,0.2,0.1,0.05,0.9990878636107333,-0.32741869999999995,72,96.66975023126734
0.0,0.65,0.2,0.15,0.0,0.9990464028657667,-0.3242591,72,96.66975023126734
0.0,0.65,0.25,0.0,0.1,0.99898006567382,-0.3557877,77,96.43848288621648
0.0,0.65,0.25,0.05,0.05,0.9989468970778467,-0.3526281,76,96.48473635522664
0.0,0.65,0.25,0.1,0.0,0.9989137284818733,-0.35698745,77,96.43848288621648
0.0,0.65,0.3,0.0,0.05,0.9987105708315367,-0.38934045,77,96.43848288621648
0.0,0.65,0.3,0.05,0.0,0.99866911008657,-0.3975316,77,96.43848288621648
0.0,0.65,0.35,0.0,0.0,0.9982379183389167,-0.45056090000000004,80,96.29972247918593
0.0,0.7,0.0,0.0,0.3,0.9991998076221433,-0.3512529,71,96.71600370027753
0.0,0.7,0.0,0.05,0.25,0.9991459086536867,-0.342717,72,96.66975023126734
0.0,0.7,0.0,0.1,0.2,0.99910444790872,-0.33418109999999995,73,96.62349676225716
0.0,0.7,0.0,0.15,0.15,0.9990754253872434,-0.32564519999999997,73,96.62349676225716
0.0,0.7,0.0,0.2,0.1,0.99899250389731,-0.3171092999999999,74,96.577243293247
0.0,0.7,0.0,0.25,0.05,0.9989510431523434,-0.32013269999999994,76,96.48473635522664
0.0,0.7,0.0,0.3,0.0,0.99893031277986,-0.3406907,78,96.3922294172063
0.0,0.7,0.05,0.0,0.25,0.99910444790872,-0.32888164999999997,74,96.577243293247
0.0,0.7,0.05,0.05,0.2,0.9990588410892567,-0.32034574999999993,76,96.48473635522664
0.0,0.7,0.05,0.1,0.15,0.9990298185677801,-0.31546119999999994,76,96.48473635522664
0.0,0.7,0.05,0.15,0.1,0.99895518922684,-0.31230159999999996,77,96.43848288621648
0.0,0.7,0.05,0.2,0.05,0.99891787455637,-0.3091419999999999,77,96.43848288621648
0.0,0.7,0.05,0.25,0.0,0.9988888520348934,-0.30830499999999994,79,96.34597594819611
0.0,0.7,0.1,0.0,0.2,0.9990007960463033,-0.3438302,79,96.34597594819611
0.0,0.7,0.1,0.05,0.15,0.9989634813758334,-0.34067059999999993,80,96.29972247918593
0.0,0.7,0.1,0.1,0.1,0.9989344588543567,-0.3375109999999999,82,96.2072155411656
0.0,0.7,0.1,0.15,0.05,0.9988722677369067,-0.33435139999999997,82,96.2072155411656
0.0,0.7,0.1,0.2,0.0,0.9988390991409334,-0.3311917999999999,83,96.16096207215541
0.0,0.7,0.15,0.0,0.15,0.9988971441838866,-0.36588,82,96.2072155411656
0.0,0.7,0.15,0.05,0.1,0.9988473912899267,-0.36272039999999994,84,96.11470860314523
0.0,0.7,0.15,0.1,0.05,0.9988100766194566,-0.3595607999999999,84,96.11470860314523
0.0,0.7,0.15,0.15,0.0,0.998756177651,-0.35640120000000003,85,96.06845513413505
0.0,0.7,0.2,0.0,0.1,0.99865667186308,-0.3879297999999999,84,96.11470860314523
0.0,0.7,0.2,0.05,0.05,0.9986317954161,-0.3847701999999999,87,95.97594819611471
0.0,0.7,0.2,0.1,0.0,0.9985488739261668,-0.3816106,87,95.97594819611471
0.0,0.7,0.25,0.0,0.05,0.9983249859033467,-0.4099795999999999,87,95.97594819611471
0.0,0.7,0.25,0.05,0.0,0.9982545026369034,-0.4131639000000001,88,95.92969472710453
0.0,0.7,0.3,0.0,0.0,0.9978067265912633,-0.4661932000000001,90,95.83718778908418
0.0,0.75,0.0,0.0,0.25,0.9988100766194566,-0.40265825,82,96.2072155411656
0.0,0.75,0.0,0.05,0.2,0.9987852001724767,-0.39412235000000007,83,96.16096207215541
0.0,0.75,0.0,0.1,0.15,0.99874373942751,-0.38558644999999997,83,96.16096207215541
0.0,0.75,0.0,0.15,0.1,0.99869398653355,-0.3770505500000001,83,96.16096207215541
0.0,0.75,0.0,0.2,0.05,0.9986774022355633,-0.36851464999999994,84,96.11470860314523
0.0,0.75,0.0,0.25,0.0,0.9985530200006634,-0.36854025,86,96.02220166512488
0.0,0.75,0.05,0.0,0.2,0.99874373942751,-0.3802870000000001,86,96.02220166512488
0.0,0.75,0.05,0.05,0.15,0.9986732561610667,-0.3728127000000001,86,96.02220166512488
0.0,0.75,0.05,0.1,0.1,0.9986359414905968,-0.36965310000000007,86,96.02220166512488
0.0,0.75,0.05,0.15,0.05,0.9986193571926101,-0.3664935000000001,86,96.02220166512488
0.0,0.75,0.05,0.2,0.0,0.9985613121496567,-0.36333390000000004,89,95.88344125809436
0.0,0.75,0.1,0.0,0.15,0.99856960429865,-0.39802209999999993,88,95.92969472710453
0.0,0.75,0.1,0.05,0.1,0.9984866828087167,-0.39486250000000006,88,95.92969472710453
0.0,0.75,0.1,0.1,0.05,0.9984783906597233,-0.39170289999999996,88,95.92969472710453
0.0,0.75,0.1,0.15,0.0,0.9984286377657634,-0.38854330000000004,89,95.88344125809436
0.0,0.75,0.15,0.0,0.1,0.9983042555308633,-0.42007190000000005,91,95.790934320074
0.0,0.75,0.15,0.05,0.05,0.9982171879664333,-0.4169123,92,95.74468085106383
0.0,0.75,0.15,0.1,0.0,0.9981798732959634,-0.41375270000000003,93,95.69842738205365
0.0,0.75,0.2,0.0,0.05,0.9978357491127401,-0.44212169999999995,96,95.55966697502313
0.0,0.75,0.2,0.05,0.0,0.9977859962187801,-0.4389621,96,95.55966697502313
0.0,0.75,0.25,0.0,0.0,0.9973796809181067,-0.48182549999999996,98,95.46716003700277
0.0,0.8,0.0,0.0,0.2,0.99834571627583,-0.4540636,97,95.51341350601294
0.0,0.8,0.0,0.05,0.15,0.9982959633818701,-0.44552769999999997,97,95.51341350601294
0.0,0.8,0.0,0.1,0.1,0.9982296261899234,-0.4369918,97,95.51341350601294
0.0,0.8,0.0,0.15,0.05,0.9981674350724734,-0.4284559,100,95.37465309898242
0.0,0.8,0.0,0.2,0.0,0.9980389067630767,-0.41991999999999996,101,95.32839962997225
0.0,0.8,0.05,0.0,0.15,0.9980803675080434,-0.43169235,101,95.32839962997225
0.0,0.8,0.05,0.05,0.1,0.9980264685395868,-0.42700460000000007,102,95.28214616096207
0.0,0.8,0.05,0.1,0.05,0.9979518391986467,-0.42384499999999997,103,95.23589269195189
0.0,0.8,0.05,0.15,0.0,0.9978523334107268,-0.4206854000000001,105,95.14338575393154
0.0,0.8,0.1,0.0,0.1,0.9977238051013301,-0.452214,105,95.14338575393154
0.0,0.8,0.1,0.05,0.05,0.99764917576039,-0.44905439999999996,105,95.14338575393154
0.0,0.8,0.1,0.1,0.0,0.9975538160469667,-0.4458947999999999,106,95.09713228492137
0.0,0.8,0.15,0.0,0.05,0.9972677369066968,-0.47426379999999996,108,95.00462534690102
0.0,0.8,0.15,0.05,0.0,0.9971765232677701,-0.4711042000000001,109,94.95837187789084
0.0,0.8,0.2,0.0,0.0,0.9967743540415934,-0.4974578,113,94.77335800185014
0.0,0.85,0.0,0.0,0.15,0.9973962652160934,-0.5054689499999999,115,94.68085106382979
0.0,0.85,0.0,0.05,0.1,0.9972801751301867,-0.49693305,115,94.68085106382979
0.0,0.85,0.0,0.1,0.05,0.9971723771932735,-0.4883971499999999,115,94.68085106382979
0.0,0.85,0.0,0.15,0.0,0.9970479949583734,-0.47986125,117,94.58834412580943
0.0,0.85,0.05,0.0,0.1,0.9969443430959567,-0.4843561,115,94.68085106382979
0.0,0.85,0.05,0.05,0.05,0.9968489833825335,-0.4811965,115,94.68085106382979
0.0,0.85,0.05,0.1,0.0,0.9967370393711235,-0.4780369,116,94.63459759481961
0.0,0.85,0.1,0.0,0.05,0.9964343759328668,-0.5064058999999999,117,94.58834412580943
0.0,0.85,0.1,0.05,0.0,0.9963348701449468,-0.5032463,117,94.58834412580943
0.0,0.85,0.15,0.0,0.0,0.9958580715778301,-0.5284557,119,94.49583718778909
0.0,0.9,0.0,0.0,0.1,0.9958041726093735,-0.5568743,117,94.58834412580943
0.0,0.9,0.0,0.05,0.05,0.9957088128959501,-0.5483384,117,94.58834412580943
0.0,0.9,0.0,0.1,0.0,0.9955761385120567,-0.5398025,119,94.49583718778909
0.0,0.9,0.05,0.0,0.05,0.9953273740422568,-0.538548,118,94.54209065679926
0.0,0.9,0.05,0.05,0.0,0.9952237221798401,-0.5353884000000001,118,94.54209065679926
0.0,0.9,0.1,0.0,0.0,0.9947179010912468,-0.5605978,123,94.31082331174838
0.0,0.95,0.0,0.0,0.05,0.9940918438422501,-0.6082796499999998,127,94.12580943570768
0.0,0.95,0.0,0.05,0.0,0.9939384390858735,-0.5997437499999999,129,94.03330249768733
0.0,0.95,0.05,0.0,0.0,0.9935031012637235,-0.5927399,131,93.94079555966698
0.0,1.0,0.0,0.0,0.0,0.9916124912932436,-0.659685,139,93.57076780758557
0.05,0.0,0.0,0.0,0.95,0.99985074131812,-0.31767685,15,99.30619796484737
0.05,0.0,0.0,0.05,0.9,0.9998548873926166,-0.2860868999999999,14,99.35245143385754
0.05,0.0,0.0,0.1,0.85,0.9998797638395966,-0.27225199999999994,13,99.39870490286772
0.05,0.0,0.0,0.15,0.8,0.9998963481375833,-0.26587894999999995,12,99.44495837187789
0.05,0.0,0.0,0.2,0.75,0.9999087863610734,-0.25950589999999996,12,99.44495837187789
0.05,0.0,0.0,0.25,0.7,0.9998839099140934,-0.25313284999999996,12,99.44495837187789
0.05,0.0,0.0,0.3,0.65,0.9998839099140934,-0.2467598,12,99.44495837187789
0.05,0.0,0.0,0.35,0.6,0.99982586487114,-0.24038674999999998,12,99.44495837187789
0.05,0.0,0.0,0.4,0.55,0.9998092805731533,-0.23401370000000002,12,99.44495837187789
0.05,0.0,0.0,0.45,0.5,0.9997844041261733,-0.22764065,9,99.58371877890842
0.05,0.0,0.0,0.5,0.45,0.9997678198281866,-0.23264935000000003,12,99.44495837187789
0.05,0.0,0.0,0.55,0.4,0.99971392085973,-0.2757863,14,99.35245143385754
0.05,0.0,0.0,0.6,0.35,0.99963929151879,-0.3224499999999999,19,99.12118408880666
0.05,0.0,0.0,0.65,0.3,0.9995107632093934,-0.37814215,22,98.98242368177613
0.05,0.0,0.0,0.7,0.25,0.9993780888255,-0.43383429999999995,26,98.79740980573543
0.05,0.0,0.0,0.75,0.2,0.9991998076221433,-0.48952644999999995,30,98.61239592969473
0.05,0.0,0.0,0.8,0.15,0.99901738034429,-0.5452186,33,98.47363552266421
0.05,0.0,0.0,0.85,0.1,0.9988100766194566,-0.6009107499999999,36,98.33487511563366
0.05,0.0,0.0,0.9,0.05,0.9985115592556967,-0.6566029,38,98.24236817761333
0.05,0.0,0.0,0.95,0.0,0.9982379183389167,-0.7167591499999999,41,98.10360777058278
0.05,0.0,0.05,0.0,0.9,0.9998839099140934,-0.25687455000000003,13,99.39870490286772
0.05,0.0,0.05,0.05,0.85,0.99990049421208,-0.2252846,13,99.39870490286772
0.05,0.0,0.05,0.1,0.8,0.9999046402865767,-0.213474,12,99.44495837187789
0.05,0.0,0.05,0.15,0.75,0.9999170785100666,-0.20710094999999995,12,99.44495837187789
0.05,0.0,0.05,0.2,0.7,0.9999170785100666,-0.20072789999999996,12,99.44495837187789
0.05,0.0,0.05,0.25,0.65,0.9999336628080533,-0.19435484999999997,12,99.44495837187789
0.05,0.0,0.05,0.3,0.6,0.9999046402865767,-0.18798179999999998,10,99.53746530989824
0.05,0.0,0.05,0.35,0.55,0.9998714716906033,-0.18160875,10,99.53746530989824
0.05,0.0,0.05,0.4,0.5,0.99985074131812,-0.1752357,10,99.53746530989824
0.05,0.0,0.05,0.45,0.45,0.9998300109456366,-0.16886264999999998,9,99.58371877890842
0.05,0.0,0.05,0.5,0.4,0.9998341570201333,-0.2001664,13,99.39870490286772
0.05,0.0,0.05,0.55,0.35,0.9997719659026834,-0.24552970000000002,14,99.35245143385754
0.05,0.0,0.05,0.6,0.3,0.99967660618926,-0.2960056999999999,17,99.21369102682701
0.05,0.0,0.05,0.65,0.25,0.99952734750738,-0.35169785,21,99.02867715078631
0.05,0.0,0.05,0.7,0.2,0.9993988191979833,-0.40739000000000003,25,98.84366327474561
0.05,0.0,0.05,0.75,0.15,0.99921639192013,-0.4630821500000001,30,98.61239592969473
0.05,0.0,0.05,0.8,0.1,0.9990256724932833,-0.5187743,35,98.38112858464385
0.05,0.0,0.05,0.85,0.05,0.9988017844704634,-0.57446645,34,98.42738205365403
0.05,0.0,0.05,0.9,0.0,0.9985032671067033,-0.635818,36,98.33487511563366
0.05,0.0,0.1,0.0,0.85,0.9999170785100666,-0.19607225,13,99.39870490286772
0.05,0.0,0.1,0.05,0.8,0.9999212245845633,-0.16448229999999997,12,99.44495837187789
0.05,0.0,0.1,0.1,0.75,0.99992537065906,-0.15469599999999994,12,99.44495837187789
0.05,0.0,0.1,0.15,0.7,0.9999295167335567,-0.14832294999999995,10,99.53746530989824
0.05,0.0,0.1,0.2,0.65,0.99995024710604,-0.14194989999999996,10,99.53746530989824
0.05,0.0,0.1,0.25,0.6,0.9999543931805367,-0.13557684999999997,10,99.53746530989824
0.05,0.0,0.1,0.3,0.55,0.9999543931805367,-0.12920379999999998,10,99.53746530989824
0.05,0.0,0.1,0.35,0.5,0.99993780888255,-0.12283074999999993,10,99.53746530989824
0.05,0.0,0.1,0.4,0.45,0.9998839099140934,-0.1164577,10,99.53746530989824
0.05,0.0,0.1,0.45,0.4,0.99986317954161,-0.12454649999999995,10,99.53746530989824
0.05,0.0,0.1,0.5,0.35,0.9998548873926166,-0.1701454,12,99.44495837187789
0.05,0.0,0.1,0.55,0.3,0.9997926962751666,-0.21831534999999996,13,99.39870490286772
0.05,0.0,0.1,0.6,0.25,0.9996931904872467,-0.2695613999999999,19,99.12118408880666
0.05,0.0,0.1,0.65,0.2,0.99953978573087,-0.32525355000000006,20,99.07493061979649
0.05,0.0,0.1,0.7,0.15,0.9994071113469767,-0.3809457,23,98.93617021276596
0.05,0.0,0.1,0.75,0.1,0.9992288301436201,-0.43663784999999994,30,98.61239592969473
0.05,0.0,0.1,0.8,0.05,0.9990132342697934,-0.49232999999999993,33,98.47363552266421
0.05,0.0,0.1,0.85,0.0,0.9987934923214701,-0.55487685,33,98.47363552266421
0.05,0.0,0.15,0.0,0.8,0.9999336628080533,-0.13526995000000003,10,99.53746530989824
0.05,0.0,0.15,0.05,0.75,0.9999419549570466,-0.10368,10,99.53746530989824
0.05,0.0,0.15,0.1,0.7,0.99995024710604,-0.09591799999999995,10,99.53746530989824
0.05,0.0,0.15,0.15,0.65,0.9999585392550333,-0.08954495000000001,10,99.53746530989824
0.05,0.0,0.15,0.2,0.6,0.9999668314040266,-0.08317189999999997,10,99.53746530989824
0.05,0.0,0.15,0.25,0.55,0.9999709774785234,-0.07679885000000003,10,99.53746530989824
0.05,0.0,0.15,0.3,0.5,0.9999709774785234,-0.07042580000000004,9,99.58371877890842
0.05,0.0,0.15,0.35,0.45,0.99995024710604,-0.06405274999999999,9,99.58371877890842
0.05,0.0,0.15,0.4,0.4,0.9999170785100666,-0.057679700000000056,9,99.58371877890842
0.05,0.0,0.15,0.45,0.35,0.9998797638395966,-0.09476109999999999,8,99.6299722479186
0.05,0.0,0.15,0.5,0.3,0.9998714716906033,-0.14293104999999995,13,99.39870490286772
0.05,0.0,0.15,0.55,0.25,0.9998092805731533,-0.19110100000000002,14,99.35245143385754
0.05,0.0,0.15,0.6,0.2,0.9997180669342267,-0.24311710000000003,20,99.07493061979649
0.05,0.0,0.15,0.65,0.15,0.99956466217785,-0.29880925,20,99.07493061979649
0.05,0.0,0.15,0.7,0.1,0.9994568642409367,-0.35450139999999986,24,98.88991674375578
0.05,0.0,0.15,0.75,0.05,0.99924126836711,-0.41019355,30,98.61239592969473
0.05,0.0,0.15,0.8,0.0,0.9990215264187867,-0.47393570000000007,32,98.51988899167438
0.05,0.0,0.2,0.0,0.75,0.9999461010315434,-0.07446764999999994,9,99.58371877890842
0.05,0.0,0.2,0.05,0.7,0.99996268532953,-0.04351304999999994,9,99.58371877890842
0.05,0.0,0.2,0.1,0.65,0.99997512355302,-0.03713999999999995,9,99.58371877890842
0.05,0.0,0.2,0.15,0.6,0.99998756177651,-0.03076694999999996,9,99.58371877890842
0.05,0.0,0.2,0.2,0.55,0.99998756177651,-0.02439389999999997,9,99.58371877890842
0.05,0.0,0.2,0.25,0.5,0.99998756177651,-0.018020850000000033,9,99.58371877890842
0.05,0.0,0.2,0.3,0.45,0.99998756177651,-0.011647799999999986,9,99.58371877890842
0.05,0.0,0.2,0.35,0.4,0.9999917078510067,-0.005274749999999995,8,99.6299722479186
0.05,0.0,0.2,0.4,0.35,0.99996268532953,-0.023997600000000063,8,99.6299722479186
0.05,0.0,0.2,0.45,0.3,0.9999170785100666,-0.06771515,9,99.58371877890842
0.05,0.0,0.2,0.5,0.25,0.9998922020630867,-0.1157167,14,99.35245143385754
0.05,0.0,0.2,0.55,0.2,0.9998175727221467,-0.16388665000000002,14,99.35245143385754
0.05,0.0,0.2,0.6,0.15,0.99972635908322,-0.21667279999999994,20,99.07493061979649
0.05,0.0,0.2,0.65,0.1,0.9995853925503333,-0.27236495,20,99.07493061979649
0.05,0.0,0.2,0.7,0.05,0.99946515638993,-0.32805709999999993,24,98.88991674375578
0.05,0.0,0.2,0.75,0.0,0.99926614481409,-0.39299454999999994,30,98.61239592969473
0.05,0.0,0.25,0.0,0.7,0.99997512355302,-0.04425849999999998,7,99.67622571692877
0.05,0.0,0.25,0.05,0.65,0.9999834157020133,-0.016136299999999937,7,99.67622571692877
0.05,0.0,0.25,0.1,0.6,0.9999958539255034,-0.0027479499999999435,9,99.58371877890842
0.05,0.0,0.25,0.15,0.55,1.0,0.006728700000000032,9,99.58371877890842
0.05,0.0,0.25,0.2,0.5,1.0,0.016205350000000007,9,99.58371877890842
0.05,0.0,0.25,0.25,0.45,1.0,0.025682000000000038,8,99.6299722479186
0.05,0.0,0.25,0.3,0.4,1.0,0.03515864999999996,8,99.6299722479186
0.05,0.0,0.25,0.35,0.35,1.0,0.03562010000000004,8,99.6299722479186
0.05,0.0,0.25,0.4,0.3,0.9999958539255034,-0.0005315000000000181,9,99.58371877890842
0.05,0.0,0.25,0.45,0.25,0.99993780888255,-0.04424905000000001,10,99.53746530989824
0.05,0.0,0.25,0.5,0.2,0.99990049421208,-0.08850235000000006,14,99.35245143385754
0.05,0.0,0.25,0.55,0.15,0.99980098842416,-0.13667230000000002,15,99.30619796484737
0.05,0.0,0.25,0.6,0.1,0.99972635908322,-0.1902284999999999,20,99.07493061979649
0.05,0.0,0.25,0.65,0.05,0.99958953862483,-0.26210229999999995,21,99.02867715078631
0.05,0.0,0.25,0.7,0.0,0.9994610103154333,-0.33753654999999994,24,98.88991674375578
0.05,0.0,0.3,0.0,0.65,0.9999834157020133,-0.07330879999999995,7,99.67622571692877
0.05,0.0,0.3,0.05,0.6,0.99998756177651,-0.052217299999999967,7,99.67622571692877
0.05,0.0,0.3,0.1,0.55,0.9999958539255034,-0.03112579999999987,7,99.67622571692877
0.05,0.0,0.3,0.15,0.5,0.9999958539255034,-0.010034299999999996,7,99.67622571692877
0.05,0.0,0.3,0.2,0.45,1.0,0.011057200000000045,8,99.6299722479186
0.05,0.0,0.3,0.25,0.4,1.0,0.03145985000000001,8,99.6299722479186
0.05,0.0,0.3,0.3,0.35,1.0,0.0375321500000001,8,99.6299722479186
0.05,0.0,0.3,0.35,0.3,1.0,0.04197580000000012,9,99.58371877890842
0.05,0.0,0.3,0.4,0.25,1.0,0.010087300000000021,10,99.53746530989824
0.05,0.0,0.3,0.45,0.2,0.99995024710604,-0.024982100000000007,10,99.53746530989824
0.05,0.0,0.3,0.5,0.15,0.99990049421208,-0.0813583,15,99.30619796484737
0.05,0.0,0.3,0.55,0.1,0.99981342664765,-0.15358005000000002,15,99.30619796484737
0.05,0.0,0.3,0.6,0.05,0.99972635908322,-0.2290142999999999,22,98.98242368177613
0.05,0.0,0.3,0.65,0.0,0.9995853925503333,-0.30444855000000004,21,99.02867715078631
0.05,0.0,0.35,0.0,0.6,0.9999834157020133,-0.10938979999999998,4,99.81498612395929
0.05,0.0,0.35,0.05,0.55,0.9999917078510067,-0.08829829999999994,5,99.76873265494912
0.05,0.0,0.35,0.1,0.5,0.9999958539255034,-0.06720680000000001,4,99.81498612395929
0.05,0.0,0.35,0.15,0.45,0.9999958539255034,-0.04611529999999997,5,99.76873265494912
0.05,0.0,0.35,0.2,0.4,0.9999958539255034,-0.02502379999999993,5,99.76873265494912
0.05,0.0,0.35,0.25,0.35,0.9999958539255034,-0.003932299999999944,5,99.76873265494912
0.05,0.0,0.35,0.3,0.3,1.0,0.01715920000000004,8,99.6299722479186
0.05,0.0,0.35,0.35,0.25,1.0,0.03785955000000002,10,99.53746530989824
0.05,0.0,0.35,0.4,0.2,0.9999958539255034,-0.012265899999999885,10,99.53746530989824
0.05,0.0,0.35,0.45,0.15,0.9999709774785234,-0.07459959999999999,10,99.53746530989824
0.05,0.0,0.35,0.5,0.1,0.9998797638395966,-0.13693329999999998,14,99.35245143385754
0.05,0.0,0.35,0.55,0.05,0.99978855020067,-0.19926699999999986,19,99.12118408880666
0.05,0.0,0.35,0.6,0.0,0.9997056287107366,-0.27136055,22,98.98242368177613
0.05,0.0,0.4,0.0,0.55,0.99998756177651,-0.14547079999999996,2,99.90749306197965
0.05,0.0,0.4,0.05,0.5,0.9999958539255034,-0.12437929999999997,2,99.90749306197965
0.05,0.0,0.4,0.1,0.45,0.9999958539255034,-0.10328779999999999,1,99.95374653098983
0.05,0.0,0.4,0.15,0.4,0.9999958539255034,-0.08219629999999994,1,99.95374653098983
0.05,0.0,0.4,0.2,0.35,0.9999958539255034,-0.06110479999999996,1,99.95374653098983
0.05,0.0,0.4,0.25,0.3,0.9999958539255034,-0.040013299999999974,3,99.86123959296947
0.05,0.0,0.4,0.3,0.25,0.9999917078510067,-0.01892179999999999,4,99.81498612395929
0.05,0.0,0.4,0.35,0.2,0.9999917078510067,-0.031191799999999992,5,99.76873265494912
0.05,0.0,0.4,0.4,0.15,0.9999792696275167,-0.07228990000000002,7,99.67622571692877
0.05,0.0,0.4,0.45,0.1,0.9999543931805367,-0.1346236,7,99.67622571692877
0.05,0.0,0.4,0.5,0.05,0.99988805598859,-0.19695729999999995,11,99.49121184088807
0.05,0.0,0.4,0.55,0.0,0.99977611197718,-0.25929100000000005,16,99.25994449583719
0.05,0.0,0.45,0.0,0.5,0.99998756177651,-0.18155179999999999,2,99.90749306197965
0.05,0.0,0.45,0.05,0.45,0.9999917078510067,-0.1604603,2,99.90749306197965
0.05,0.0,0.45,0.1,0.4,0.9999958539255034,-0.13936879999999996,2,99.90749306197965
0.05,0.0,0.45,0.15,0.35,0.9999917078510067,-0.11827729999999997,2,99.90749306197965
0.05,0.0,0.45,0.2,0.3,0.9999917078510067,-0.09718579999999999,3,99.86123959296947
0.05,0.0,0.45,0.25,0.25,0.9999917078510067,-0.07609429999999995,3,99.86123959296947
0.05,0.0,0.45,0.3,0.2,0.9999834157020133,-0.07742249999999995,3,99.86123959296947
0.05,0.0,0.45,0.35,0.15,0.9999709774785234,-0.10024314999999995,3,99.86123959296947
0.05,0.0,0.45,0.4,0.1,0.99996268532953,-0.13231389999999998,3,99.86123959296947
0.05,0.0,0.45,0.45,0.05,0.9999585392550333,-0.19464759999999998,6,99.72247918593895
0.05,0.0,0.45,0.5,0.0,0.9998797638395966,-0.2569813,11,99.49121184088807
0.05,0.0,0.5,0.0,0.45,0.9999295167335567,-0.21763280000000002,3,99.86123959296947
0.05,0.0,0.5,0.05,0.4,0.9999419549570466,-0.19654129999999997,3,99.86123959296947
0.05,0.0,0.5,0.1,0.35,0.9999543931805367,-0.1754498,3,99.86123959296947
0.05,0.0,0.5,0.15,0.3,0.99995024710604,-0.1543583,4,99.81498612395929
0.05,0.0,0.5,0.2,0.25,0.99996268532953,-0.13326680000000002,6,99.72247918593895
0.05,0.0,0.5,0.25,0.2,0.99996268532953,-0.12365319999999996,6,99.72247918593895
0.05,0.0,0.5,0.3,0.15,0.99996268532953,-0.14647385000000002,7,99.67622571692877
0.05,0.0,0.5,0.35,0.1,0.9999543931805367,-0.16929450000000001,6,99.72247918593895
0.05,0.0,0.5,0.4,0.05,0.9999419549570466,-0.19233789999999995,6,99.72247918593895
0.05,0.0,0.5,0.45,0.0,0.99991293243557,-0.2546716,10,99.53746530989824
0.05,0.0,0.55,0.0,0.4,0.99988805598859,-0.2537138,11,99.49121184088807
0.05,0.0,0.55,0.05,0.35,0.9999046402865767,-0.2326223,12,99.44495837187789
0.05,0.0,0.55,0.1,0.3,0.9999046402865767,-0.21153079999999996,12,99.44495837187789
0.05,0.0,0.55,0.15,0.25,0.9999087863610734,-0.19043929999999998,13,99.39870490286772
0.05,0.0,0.55,0.2,0.2,0.99991293243557,-0.16988389999999998,12,99.44495837187789
0.05,0.0,0.55,0.25,0.15,0.9999170785100666,-0.19270454999999997,12,99.44495837187789
0.05,0.0,0.55,0.3,0.1,0.99990049421208,-0.21552520000000003,12,99.44495837187789
0.05,0.0,0.55,0.35,0.05,0.9998922020630867,-0.23834585000000003,12,99.44495837187789
0.05,0.0,0.55,0.4,0.0,0.9998797638395966,-0.26116649999999997,13,99.39870490286772
0.05,0.0,0.6,0.0,0.35,0.9998548873926166,-0.2897947999999999,14,99.35245143385754
0.05,0.0,0.6,0.05,0.3,0.9998590334671134,-0.2687032999999999,16,99.25994449583719
0.05,0.0,0.6,0.1,0.25,0.9998756177651,-0.24761179999999994,17,99.21369102682701
0.05,0.0,0.6,0.15,0.2,0.9998756177651,-0.2265203,18,99.16743755781684
0.05,0.0,0.6,0.2,0.15,0.9998590334671134,-0.23893524999999988,18,99.16743755781684
0.05,0.0,0.6,0.25,0.1,0.99983830309463,-0.26175589999999993,18,99.16743755781684
0.05,0.0,0.6,0.3,0.05,0.99985074131812,-0.28457654999999993,18,99.16743755781684
0.05,0.0,0.6,0.35,0.0,0.99980098842416,-0.3073971999999999,19,99.12118408880666
0.05,0.0,0.65,0.0,0.3,0.99977611197718,-0.3273787,21,99.02867715078631
0.05,0.0,0.65,0.05,0.25,0.9997802580516767,-0.31430495,21,99.02867715078631
0.05,0.0,0.65,0.1,0.2,0.9997678198281866,-0.3012312000000001,22,98.98242368177613
0.05,0.0,0.65,0.15,0.15,0.99976367375369,-0.28815745000000015,22,98.98242368177613
0.05,0.0,0.65,0.2,0.1,0.99976367375369,-0.3079866,22,98.98242368177613
0.05,0.0,0.65,0.25,0.05,0.9997512355302,-0.33080725,22,98.98242368177613
0.05,0.0,0.65,0.3,0.0,0.99971392085973,-0.3536279,22,98.98242368177613
0.05,0.0,0.7,0.0,0.25,0.9996807522637566,-0.4035863499999999,22,98.98242368177613
0.05,0.0,0.7,0.05,0.2,0.99967660618926,-0.3905126,23,98.93617021276596
0.05,0.0,0.7,0.1,0.15,0.9996724601147633,-0.37743885,23,98.93617021276596
0.05,0.0,0.7,0.15,0.1,0.99965172974228,-0.3643651,23,98.93617021276596
0.05,0.0,0.7,0.2,0.05,0.9996309993697967,-0.3770379499999999,23,98.93617021276596
0.05,0.0,0.7,0.25,0.0,0.99960197684832,-0.3998585999999999,23,98.93617021276596
0.05,0.0,0.75,0.0,0.2,0.9995605161033534,-0.479794,27,98.75115633672526
0.05,0.0,0.75,0.05,0.15,0.9995480778798633,-0.46672025,27,98.75115633672526
0.05,0.0,0.75,0.1,0.1,0.99952734750738,-0.4536465,27,98.75115633672526
0.05,0.0,0.75,0.15,0.05,0.9995314935818767,-0.44057275,27,98.75115633672526
0.05,0.0,0.75,0.2,0.0,0.9994858867624133,-0.4460892999999999,28,98.70490286771508
0.05,0.0,0.8,0.0,0.15,0.9993739427510033,-0.55600165,29,98.6586493987049
0.05,0.0,0.8,0.05,0.1,0.9993697966765067,-0.5429279,29,98.6586493987049
0.05,0.0,0.8,0.1,0.05,0.99935321237852,-0.52985415,29,98.6586493987049
0.05,0.0,0.8,0.15,0.0,0.9992951673355667,-0.5167804,29,98.6586493987049
0.05,0.0,0.85,0.0,0.1,0.9991459086536867,-0.6322093,32,98.51988899167438
0.05,0.0,0.85,0.05,0.05,0.9991085939832167,-0.61913555,32,98.51988899167438
0.05,0.0,0.85,0.1,0.0,0.99907957146174,-0.6060618,33,98.47363552266421
0.05,0.0,0.9,0.0,0.05,0.9986856943845567,-0.70841695,39,98.19611470860315
0.05,0.0,0.9,0.05,0.0,0.9986525257885833,-0.6953432,38,98.24236817761333
0.05,0.0,0.95,0.0,0.0,0.9978191648147534,-0.7846245999999999,43,98.01110083256243
0.05,0.05,0.0,0.0,0.9,0.9998922020630867,-0.28560975,14,99.35245143385754
0.05,0.05,0.0,0.05,0.85,0.9999087863610734,-0.25401979999999996,14,99.35245143385754
0.05,0.05,0.0,0.1,0.8,0.9999170785100666,-0.24165064999999997,13,99.39870490286772
0.05,0.05,0.0,0.15,0.75,0.9999170785100666,-0.23521140000000001,12,99.44495837187789
0.05,0.05,0.0,0.2,0.7,0.99992537065906,-0.22877215,12,99.44495837187789
0.05,0.05,0.0,0.25,0.65,0.9999295167335567,-0.22235979999999994,11,99.49121184088807
0.05,0.05,0.0,0.3,0.6,0.9999087863610734,-0.21598675,10,99.53746530989824
0.05,0.05,0.0,0.35,0.55,0.9998673256161067,-0.20961369999999996,10,99.53746530989824
0.05,0.05,0.0,0.4,0.5,0.9998548873926166,-0.20324064999999997,10,99.53746530989824
0.05,0.05,0.0,0.45,0.45,0.9998300109456366,-0.1968676,9,99.58371877890842
0.05,0.05,0.0,0.5,0.4,0.9998341570201333,-0.19457079999999996,12,99.44495837187789
0.05,0.05,0.0,0.55,0.35,0.9997719659026834,-0.23780775000000004,14,99.35245143385754
0.05,0.05,0.0,0.6,0.3,0.99967660618926,-0.2929668999999999,17,99.21369102682701
0.05,0.05,0.0,0.65,0.25,0.9995190553583867,-0.3484853,22,98.98242368177613
0.05,0.05,0.0,0.7,0.2,0.9993988191979833,-0.4040037,26,98.79740980573543
0.05,0.05,0.0,0.75,0.15,0.99921639192013,-0.45952210000000004,30,98.61239592969473
0.05,0.05,0.0,0.8,0.1,0.99904225679127,-0.5150405,35,98.38112858464385
0.05,0.05,0.0,0.85,0.05,0.9988100766194566,-0.5705588999999999,35,98.38112858464385
0.05,0.05,0.0,0.9,0.0,0.9985032671067033,-0.6333867000000001,36,98.33487511563366
0.05,0.05,0.05,0.0,0.85,0.99991293243557,-0.22480744999999996,14,99.35245143385754
0.05,0.05,0.05,0.05,0.8,0.99992537065906,-0.1932175,12,99.44495837187789
0.05,0.05,0.05,0.1,0.75,0.9999336628080533,-0.18270094999999997,11,99.49121184088807
0.05,0.05,0.05,0.15,0.7,0.9999336628080533,-0.17632789999999998,10,99.53746530989824
0.05,0.05,0.05,0.2,0.65,0.9999461010315434,-0.16995485,10,99.53746530989824
0.05,0.05,0.05,0.25,0.6,0.9999543931805367,-0.1635818,10,99.53746530989824
0.05,0.05,0.05,0.3,0.55,0.9999585392550333,-0.15720874999999995,10,99.53746530989824
0.05,0.05,0.05,0.35,0.5,0.9999336628080533,-0.15083569999999996,10,99.53746530989824
0.05,0.05,0.05,0.4,0.45,0.9998797638395966,-0.14446265000000003,10,99.53746530989824
0.05,0.05,0.05,0.45,0.4,0.99986317954161,-0.13808959999999998,10,99.53746530989824
0.05,0.05,0.05,0.5,0.35,0.9998548873926166,-0.16242344999999997,12,99.44495837187789
0.05,0.05,0.05,0.55,0.3,0.9997968423496634,-0.21110695000000002,12,99.44495837187789
0.05,0.05,0.05,0.6,0.25,0.9996973365617433,-0.26662535,19,99.12118408880666
0.05,0.05,0.05,0.65,0.2,0.9995480778798633,-0.32214375000000006,20,99.07493061979649
0.05,0.05,0.05,0.7,0.15,0.9994195495704666,-0.37766215,24,98.88991674375578
0.05,0.05,0.05,0.75,0.1,0.9992371222926133,-0.4331805499999999,30,98.61239592969473
0.05,0.05,0.05,0.8,0.05,0.9990298185677801,-0.48869895,33,98.47363552266421
0.05,0.05,0.05,0.85,0.0,0.9987934923214701,-0.55244555,34,98.42738205365403
0.05,0.05,0.1,0.0,0.8,0.9999295167335567,-0.16400515,10,99.53746530989824
0.05,0.05,0.1,0.05,0.75,0.9999461010315434,-0.1324152,10,99.53746530989824
0.05,0.05,0.1,0.1,0.7,0.99995024710604,-0.12392294999999998,10,99.53746530989824
0.05,0.05,0.1,0.15,0.65,0.9999543931805367,-0.11754989999999998,10,99.53746530989824
0.05,0.05,0.1,0.2,0.6,0.9999668314040266,-0.11117685,10,99.53746530989824
0.05,0.05,0.1,0.25,0.55,0.9999668314040266,-0.10480379999999995,10,99.53746530989824
0.05,0.05,0.1,0.3,0.5,0.9999709774785234,-0.09843074999999996,9,99.58371877890842
0.05,0.05,0.1,0.35,0.45,0.99996268532953,-0.09205770000000002,9,99.58371877890842
0.05,0.05,0.1,0.4,0.4,0.9999170785100666,-0.08568464999999997,9,99.58371877890842
0.05,0.05,0.1,0.45,0.35,0.9998714716906033,-0.08703915000000001,8,99.6299722479186
0.05,0.05,0.1,0.5,0.3,0.99986317954161,-0.13520909999999992,11,99.49121184088807
0.05,0.05,0.1,0.55,0.25,0.99981342664765,-0.18476540000000002,14,99.35245143385754
0.05,0.05,0.1,0.6,0.2,0.99971392085973,-0.2402838,20,99.07493061979649
0.05,0.05,0.1,0.65,0.15,0.9995439318053667,-0.29580219999999996,20,99.07493061979649
0.05,0.05,0.1,0.7,0.1,0.9994485720919434,-0.3513205999999999,26,98.79740980573543
0.05,0.05,0.1,0.75,0.05,0.9992329762181167,-0.40683899999999995,30,98.61239592969473
0.05,0.05,0.1,0.8,0.0,0.9990256724932833,-0.47150440000000005,32,98.51988899167438
0.05,0.05,0.15,0.0,0.75,0.9999585392550333,-0.10320285000000001,9,99.58371877890842
0.05,0.05,0.15,0.05,0.7,0.9999709774785234,-0.07161289999999998,9,99.58371877890842
0.05,0.05,0.15,0.1,0.65,0.9999709774785234,-0.06514495000000003,9,99.58371877890842
0.05,0.05,0.15,0.15,0.6,0.99997512355302,-0.05877189999999993,9,99.58371877890842
0.05,0.05,0.15,0.2,0.55,0.9999792696275167,-0.05239885,9,99.58371877890842
0.05,0.05,0.15,0.25,0.5,0.9999834157020133,-0.046025800000000006,9,99.58371877890842
0.05,0.05,0.15,0.3,0.45,0.99998756177651,-0.039652750000000014,9,99.58371877890842
0.05,0.05,0.15,0.35,0.4,0.9999834157020133,-0.03327970000000002,8,99.6299722479186
0.05,0.05,0.15,0.4,0.35,0.9999419549570466,-0.027713449999999973,8,99.6299722479186
0.05,0.05,0.15,0.45,0.3,0.99990049421208,-0.059824799999999956,8,99.6299722479186
0.05,0.05,0.15,0.5,0.25,0.9998714716906033,-0.10799474999999992,14,99.35245143385754
0.05,0.05,0.15,0.55,0.2,0.9998051344986567,-0.1584238500000001,14,99.35245143385754
0.05,0.05,0.15,0.6,0.15,0.9997180669342267,-0.21394225000000006,20,99.07493061979649
0.05,0.05,0.15,0.65,0.1,0.99958953862483,-0.26946064999999997,20,99.07493061979649
0.05,0.05,0.15,0.7,0.05,0.9994568642409367,-0.32497904999999994,26,98.79740980573543
0.05,0.05,0.15,0.75,0.0,0.9992454144416066,-0.3905632499999999,30,98.61239592969473
0.05,0.05,0.2,0.0,0.7,0.9999834157020133,-0.04240054999999998,7,99.67622571692877
0.05,0.05,0.2,0.05,0.65,0.9999834157020133,-0.01407615000000001,7,99.67622571692877
0.05,0.05,0.2,0.1,0.6,0.9999917078510067,-0.006366949999999982,9,99.58371877890842
0.05,0.05,0.2,0.15,0.55,1.0,6.100000000008876e-06,9,99.58371877890842
0.05,0.05,0.2,0.2,0.5,1.0,0.00637915,9,99.58371877890842
0.05,0.05,0.2,0.25,0.45,1.0,0.012752199999999991,8,99.6299722479186
0.05,0.05,0.2,0.3,0.4,1.0,0.019125249999999983,8,99.6299722479186
0.05,0.05,0.2,0.35,0.35,1.0,0.02445590000000003,8,99.6299722479186
0.05,0.05,0.2,0.4,0.3,1.0,0.0027560500000000654,8,99.6299722479186
0.05,0.05,0.2,0.45,0.25,0.99993780888255,-0.033219399999999955,10,99.53746530989824
0.05,0.05,0.2,0.5,0.2,0.9999046402865767,-0.08078040000000003,14,99.35245143385754
0.05,0.05,0.2,0.55,0.15,0.9998092805731533,-0.13208229999999999,15,99.30619796484737
0.05,0.05,0.2,0.6,0.1,0.99972635908322,-0.18760069999999984,20,99.07493061979649
0.05,0.05,0.2,0.65,0.05,0.9995853925503333,-0.24311909999999992,21,99.02867715078631
0.05,0.05,0.2,0.7,0.0,0.9994734485389234,-0.31061265,26,98.79740980573543
0.05,0.05,0.25,0.0,0.65,0.9999917078510067,-0.0252984,7,99.67622571692877
0.05,0.05,0.25,0.05,0.6,0.9999958539255034,-0.004206899999999958,7,99.67622571692877
0.05,0.05,0.25,0.1,0.55,1.0,0.016884600000000027,7,99.67622571692877
0.05,0.05,0.25,0.15,0.5,1.0,0.03797610000000007,7,99.67622571692877
0.05,0.05,0.25,0.2,0.45,1.0,0.05680669999999999,8,99.6299722479186
0.05,0.05,0.25,0.25,0.4,1.0,0.07153019999999999,8,99.6299722479186
0.05,0.05,0.25,0.3,0.35,1.0,0.07662525000000003,8,99.6299722479186
0.05,0.05,0.25,0.35,0.3,1.0,0.047362050000000044,8,99.6299722479186
0.05,0.05,0.25,0.4,0.25,1.0,0.01229264999999996,10,99.53746530989824
0.05,0.05,0.25,0.45,0.2,0.99997512355302,-0.022776750000000012,10,99.53746530989824
0.05,0.05,0.25,0.5,0.15,0.99991293243557,-0.057846149999999985,14,99.35245143385754
0.05,0.05,0.25,0.55,0.1,0.9998175727221467,-0.12665615000000008,16,99.25994449583719
0.05,0.05,0.25,0.6,0.05,0.9997222130087233,-0.2020904,21,99.02867715078631
0.05,0.05,0.25,0.65,0.0,0.9995812464758367,-0.27752465000000004,22,98.98242368177613
0.05,0.05,0.3,0.0,0.6,0.9999958539255034,-0.06137939999999997,4,99.81498612395929
0.05,0.05,0.3,0.05,0.55,0.9999958539255034,-0.04028789999999993,4,99.81498612395929
0.05,0.05,0.3,0.1,0.5,0.9999958539255034,-0.019196400000000002,4,99.81498612395929
0.05,0.05,0.3,0.15,0.45,1.0,0.0018951000000000384,4,99.81498612395929
0.05,0.05,0.3,0.2,0.4,1.0,0.02298660000000008,4,99.81498612395929
0.05,0.05,0.3,0.25,0.35,1.0,0.044078100000000064,4,99.81498612395929
0.05,0.05,0.3,0.3,0.3,1.0,0.06516960000000005,7,99.67622571692877
0.05,0.05,0.3,0.35,0.25,1.0,0.053113499999999925,9,99.58371877890842
0.05,0.05,0.3,0.4,0.2,1.0,0.009141400000000077,10,99.53746530989824
0.05,0.05,0.3,0.45,0.15,0.9999709774785234,-0.05319229999999997,10,99.53746530989824
0.05,0.05,0.3,0.5,0.1,0.9999087863610734,-0.11552600000000002,14,99.35245143385754
0.05,0.05,0.3,0.55,0.05,0.9997926962751666,-0.17785969999999995,17,99.21369102682701
0.05,0.05,0.3,0.6,0.0,0.9997097747852334,-0.24443664999999998,22,98.98242368177613
0.05,0.05,0.35,0.0,0.55,0.9999958539255034,-0.09746039999999995,1,99.95374653098983
0.05,0.05,0.35,0.05,0.5,0.9999958539255034,-0.07636889999999996,1,99.95374653098983
0.05,0.05,0.35,0.1,0.45,0.9999958539255034,-0.05527739999999998,1,99.95374653098983
0.05,0.05,0.35,0.15,0.4,0.9999958539255034,-0.034185899999999936,1,99.95374653098983
0.05,0.05,0.35,0.2,0.35,0.9999958539255034,-0.01309439999999995,1,99.95374653098983
0.05,0.05,0.35,0.25,0.3,1.0,0.007997100000000035,2,99.90749306197965
0.05,0.05,0.35,0.3,0.25,1.0,0.02908860000000002,4,99.81498612395929
0.05,0.05,0.35,0.35,0.2,1.0,0.011451100000000047,4,99.81498612395929
0.05,0.05,0.35,0.4,0.15,0.99998756177651,-0.050882599999999945,7,99.67622571692877
0.05,0.05,0.35,0.45,0.1,0.99996268532953,-0.11321629999999999,7,99.67622571692877
0.05,0.05,0.35,0.5,0.05,0.9999087863610734,-0.17554999999999993,12,99.44495837187789
0.05,0.05,0.35,0.55,0.0,0.9997926962751666,-0.23788369999999998,16,99.25994449583719
0.05,0.05,0.4,0.0,0.5,0.9999958539255034,-0.13354139999999998,2,99.90749306197965
0.05,0.05,0.4,0.05,0.45,0.9999958539255034,-0.11244990000000005,1,99.95374653098983
0.05,0.05,0.4,0.1,0.4,0.9999958539255034,-0.09135839999999995,1,99.95374653098983
0.05,0.05,0.4,0.15,0.35,0.9999958539255034,-0.07026689999999997,1,99.95374653098983
0.05,0.05,0.4,0.2,0.3,0.9999958539255034,-0.04917539999999998,2,99.90749306197965
0.05,0.05,0.4,0.25,0.25,0.9999958539255034,-0.028083899999999995,3,99.86123959296947
0.05,0.05,0.4,0.3,0.2,0.9999917078510067,-0.010659349999999956,3,99.86123959296947
0.05,0.05,0.4,0.35,0.15,0.9999834157020133,-0.04857290000000003,3,99.86123959296947
0.05,0.05,0.4,0.4,0.1,0.9999668314040266,-0.11090659999999997,3,99.86123959296947
0.05,0.05,0.4,0.45,0.05,0.9999585392550333,-0.17324029999999996,4,99.81498612395929
0.05,0.05,0.4,0.5,0.0,0.9998963481375833,-0.23557399999999995,11,99.49121184088807
0.05,0.05,0.45,0.0,0.45,0.9999834157020133,-0.16962239999999995,2,99.90749306197965
0.05,0.05,0.45,0.05,0.4,0.99998756177651,-0.14853090000000008,2,99.90749306197965
0.05,0.05,0.45,0.1,0.35,0.99998756177651,-0.12743939999999998,2,99.90749306197965
0.05,0.05,0.45,0.15,0.3,0.99998756177651,-0.1063479,4,99.81498612395929
0.05,0.05,0.45,0.2,0.25,0.9999917078510067,-0.08525639999999995,4,99.81498612395929
0.05,0.05,0.45,0.25,0.2,0.99998756177651,-0.06416489999999997,4,99.81498612395929
0.05,0.05,0.45,0.3,0.15,0.9999792696275167,-0.07971069999999997,4,99.81498612395929
0.05,0.05,0.45,0.35,0.1,0.9999709774785234,-0.1085969,4,99.81498612395929
0.05,0.05,0.45,0.4,0.05,0.9999543931805367,-0.17093059999999988,4,99.81498612395929
0.05,0.05,0.45,0.45,0.0,0.99993780888255,-0.23326429999999992,6,99.72247918593895
0.05,0.05,0.5,0.0,0.4,0.9999336628080533,-0.20570339999999998,5,99.76873265494912
0.05,0.05,0.5,0.05,0.35,0.9999419549570466,-0.1846119,5,99.76873265494912
0.05,0.05,0.5,0.1,0.3,0.9999461010315434,-0.16352039999999995,6,99.72247918593895
0.05,0.05,0.5,0.15,0.25,0.99995024710604,-0.14242889999999997,7,99.67622571692877
0.05,0.05,0.5,0.2,0.2,0.9999585392550333,-0.12133739999999993,7,99.67622571692877
0.05,0.05,0.5,0.25,0.15,0.9999543931805367,-0.12594139999999998,7,99.67622571692877
0.05,0.05,0.5,0.3,0.1,0.9999585392550333,-0.14876204999999998,7,99.67622571692877
0.05,0.05,0.5,0.35,0.05,0.9999419549570466,-0.17158269999999998,8,99.6299722479186
0.05,0.05,0.5,0.4,0.0,0.99991293243557,-0.2309546,9,99.58371877890842
0.05,0.05,0.55,0.0,0.35,0.99988805598859,-0.24178439999999995,12,99.44495837187789
0.05,0.05,0.55,0.05,0.3,0.9998922020630867,-0.22069289999999997,13,99.39870490286772
0.05,0.05,0.55,0.1,0.25,0.9999046402865767,-0.19960139999999993,13,99.39870490286772
0.05,0.05,0.55,0.15,0.2,0.9999046402865767,-0.17850990000000005,14,99.35245143385754
0.05,0.05,0.55,0.2,0.15,0.99990049421208,-0.17217209999999994,14,99.35245143385754
0.05,0.05,0.55,0.25,0.1,0.9998963481375833,-0.19499275,13,99.39870490286772
0.05,0.05,0.55,0.3,0.05,0.9998756177651,-0.21781339999999993,13,99.39870490286772
0.05,0.05,0.55,0.35,0.0,0.99985074131812,-0.24063405,14,99.35245143385754
0.05,0.05,0.6,0.0,0.3,0.9998465952436233,-0.2778653999999999,19,99.12118408880666
0.05,0.05,0.6,0.05,0.25,0.99985074131812,-0.2567738999999999,19,99.12118408880666
0.05,0.05,0.6,0.1,0.2,0.9998548873926166,-0.23956665,20,99.07493061979649
0.05,0.05,0.6,0.15,0.15,0.99985074131812,-0.22868455,20,99.07493061979649
0.05,0.05,0.6,0.2,0.1,0.99982586487114,-0.24122344999999984,20,99.07493061979649
0.05,0.05,0.6,0.25,0.05,0.9998175727221467,-0.26404409999999984,20,99.07493061979649
0.05,0.05,0.6,0.3,0.0,0.9997802580516767,-0.2868647499999999,20,99.07493061979649
0.05,0.05,0.65,0.0,0.25,0.9997553816046967,-0.3419218,22,98.98242368177613
0.05,0.05,0.65,0.05,0.2,0.9997595276791933,-0.3288480500000001,23,98.93617021276596
0.05,0.05,0.65,0.1,0.15,0.99973879730671,-0.3157743000000001,23,98.93617021276596
0.05,0.05,0.65,0.15,0.1,0.99972635908322,-0.30373450000000013,23,98.93617021276596
0.05,0.05,0.65,0.2,0.05,0.99971392085973,-0.31027479999999996,23,98.93617021276596
0.05,0.05,0.65,0.25,0.0,0.99970148263624,-0.33309545,23,98.93617021276596
0.05,0.05,0.7,0.0,0.2,0.99963929151879,-0.41812945,26,98.79740980573543
0.05,0.05,0.7,0.05,0.15,0.9996268532953,-0.4050557,26,98.79740980573543
0.05,0.05,0.7,0.1,0.1,0.99961441507181,-0.39198194999999997,26,98.79740980573543
0.05,0.05,0.7,0.15,0.05,0.99958953862483,-0.37890820000000003,26,98.79740980573543
0.05,0.05,0.7,0.2,0.0,0.9995729543268433,-0.3793261499999999,27,98.75115633672526
0.05,0.05,0.75,0.0,0.15,0.99949003283691,-0.4943371,30,98.61239592969473
0.05,0.05,0.75,0.05,0.1,0.9994734485389234,-0.48126335,30,98.61239592969473
0.05,0.05,0.75,0.1,0.05,0.9994610103154333,-0.4681896,30,98.61239592969473
0.05,0.05,0.75,0.15,0.0,0.99944027994295,-0.45511585,30,98.61239592969473
0.05,0.05,0.8,0.0,0.1,0.9992951673355667,-0.57054475,32,98.51988899167438
0.05,0.05,0.8,0.05,0.05,0.9992993134100634,-0.557471,32,98.51988899167438
0.05,0.05,0.8,0.1,0.0,0.9992619987395933,-0.54439725,34,98.42738205365403
0.05,0.05,0.85,0.0,0.05,0.9989593353013367,-0.6467523999999999,35,98.38112858464385
0.05,0.05,0.85,0.05,0.0,0.9989468970778467,-0.6336786499999999,35,98.38112858464385
0.05,0.05,0.9,0.0,0.0,0.9983830309463001,-0.7229600500000001,44,97.96484736355227
0.05,0.1,0.0,0.0,0.85,0.9999170785100666,-0.25354265,14,99.35245143385754
0.05,0.1,0.0,0.05,0.8,0.9999212245845633,-0.22195269999999995,13,99.39870490286772
0.05,0.1,0.0,0.1,0.75,0.99992537065906,-0.21110044999999994,11,99.49121184088807
0.05,0.1,0.0,0.15,0.7,0.9999336628080533,-0.2046612,11,99.49121184088807
0.05,0.1,0.0,0.2,0.65,0.9999461010315434,-0.19822194999999998,10,99.53746530989824
0.05,0.1,0.0,0.25,0.6,0.9999461010315434,-0.19178269999999997,10,99.53746530989824
0.05,0.1,0.0,0.3,0.55,0.99995024710604,-0.18534345000000002,10,99.53746530989824
0.05,0.1,0.0,0.35,0.5,0.9999336628080533,-0.1789042,10,99.53746530989824
0.05,0.1,0.0,0.4,0.45,0.9998797638395966,-0.1724676,10,99.53746530989824
0.05,0.1,0.0,0.45,0.4,0.99986317954161,-0.16609455,9,99.58371877890842
0.05,0.1,0.0,0.5,0.35,0.9998548873926166,-0.15972149999999996,11,99.49121184088807
0.05,0.1,0.0,0.55,0.3,0.9997968423496634,-0.21005039999999997,12,99.44495837187789
0.05,0.1,0.0,0.6,0.25,0.9996931904872467,-0.2655688,18,99.16743755781684
0.05,0.1,0.0,0.65,0.2,0.99953978573087,-0.3210872,21,99.02867715078631
0.05,0.1,0.0,0.7,0.15,0.9994071113469767,-0.37660560000000004,26,98.79740980573543
0.05,0.1,0.0,0.75,0.1,0.9992205379946267,-0.43212399999999995,29,98.6586493987049
0.05,0.1,0.0,0.8,0.05,0.9990505489402633,-0.48764240000000003,34,98.42738205365403
0.05,0.1,0.0,0.85,0.0,0.9987934923214701,-0.5500142499999999,35,98.38112858464385
0.05,0.1,0.05,0.0,0.8,0.9999336628080533,-0.19274034999999995,11,99.49121184088807
0.05,0.1,0.05,0.05,0.75,0.9999419549570466,-0.16115039999999997,10,99.53746530989824
0.05,0.1,0.05,0.1,0.7,0.9999461010315434,-0.15192789999999995,10,99.53746530989824
0.05,0.1,0.05,0.15,0.65,0.9999543931805367,-0.14555485,10,99.53746530989824
0.05,0.1,0.05,0.2,0.6,0.99996268532953,-0.13918179999999997,10,99.53746530989824
0.05,0.1,0.05,0.25,0.55,0.99996268532953,-0.13280875000000003,10,99.53746530989824
0.05,0.1,0.05,0.3,0.5,0.9999668314040266,-0.12643570000000004,9,99.58371877890842
0.05,0.1,0.05,0.35,0.45,0.9999709774785234,-0.12006264999999999,9,99.58371877890842
0.05,0.1,0.05,0.4,0.4,0.99991293243557,-0.1136896,9,99.58371877890842
0.05,0.1,0.05,0.45,0.35,0.9998714716906033,-0.10731655000000001,8,99.6299722479186
0.05,0.1,0.05,0.5,0.3,0.99986317954161,-0.12819044999999996,10,99.53746530989824
0.05,0.1,0.05,0.55,0.25,0.9998175727221467,-0.18370885000000003,13,99.39870490286772
0.05,0.1,0.05,0.6,0.2,0.9997097747852334,-0.23922724999999995,19,99.12118408880666
0.05,0.1,0.05,0.65,0.15,0.9995439318053667,-0.2947456500000001,22,98.98242368177613
0.05,0.1,0.05,0.7,0.1,0.9994319877939567,-0.3502640499999999,27,98.75115633672526
0.05,0.1,0.05,0.75,0.05,0.9992329762181167,-0.4057824499999999,30,98.61239592969473
0.05,0.1,0.05,0.8,0.0,0.9990464028657667,-0.4690731,33,98.47363552266421
0.05,0.1,0.1,0.0,0.75,0.9999585392550333,-0.13193804999999997,9,99.58371877890842
0.05,0.1,0.1,0.05,0.7,0.9999709774785234,-0.10034809999999994,9,99.58371877890842
0.05,0.1,0.1,0.1,0.65,0.9999668314040266,-0.09314990000000001,9,99.58371877890842
0.05,0.1,0.1,0.15,0.6,0.99996268532953,-0.08677684999999996,9,99.58371877890842
0.05,0.1,0.1,0.2,0.55,0.99996268532953,-0.08040380000000003,9,99.58371877890842
0.05,0.1,0.1,0.25,0.5,0.9999709774785234,-0.07403075000000003,9,99.58371877890842
0.05,0.1,0.1,0.3,0.45,0.9999709774785234,-0.06765769999999999,9,99.58371877890842
0.05,0.1,0.1,0.35,0.4,0.9999709774785234,-0.061284649999999996,8,99.6299722479186
0.05,0.1,0.1,0.4,0.35,0.9999336628080533,-0.054911600000000005,8,99.6299722479186
0.05,0.1,0.1,0.45,0.3,0.9999170785100666,-0.052251999999999965,8,99.6299722479186
0.05,0.1,0.1,0.5,0.25,0.9998714716906033,-0.10184889999999996,12,99.44495837187789
0.05,0.1,0.1,0.55,0.2,0.9998092805731533,-0.15736730000000004,14,99.35245143385754
0.05,0.1,0.1,0.6,0.15,0.9997056287107366,-0.21288569999999996,20,99.07493061979649
0.05,0.1,0.1,0.65,0.1,0.9995688082523467,-0.2684040999999999,24,98.88991674375578
0.05,0.1,0.1,0.7,0.05,0.99944027994295,-0.32392249999999984,27,98.75115633672526
0.05,0.1,0.1,0.75,0.0,0.99924126836711,-0.38813195,30,98.61239592969473
0.05,0.1,0.15,0.0,0.7,0.9999709774785234,-0.07113575,7,99.67622571692877
0.05,0.1,0.15,0.05,0.65,0.99997512355302,-0.04074495,7,99.67622571692877
0.05,0.1,0.15,0.1,0.6,0.9999792696275167,-0.034371899999999955,9,99.58371877890842
0.05,0.1,0.15,0.15,0.55,0.9999834157020133,-0.02799885000000002,9,99.58371877890842
0.05,0.1,0.15,0.2,0.5,0.99998756177651,-0.02162580000000003,9,99.58371877890842
0.05,0.1,0.15,0.25,0.45,0.99998756177651,-0.015252749999999982,8,99.6299722479186
0.05,0.1,0.15,0.3,0.4,0.99998756177651,-0.00887969999999999,8,99.6299722479186
0.05,0.1,0.15,0.35,0.35,0.9999917078510067,-0.002506649999999999,8,99.6299722479186
0.05,0.1,0.15,0.4,0.3,0.9999958539255034,-8.264999999996192e-05,8,99.6299722479186
0.05,0.1,0.15,0.45,0.25,0.99993780888255,-0.030107999999999968,9,99.58371877890842
0.05,0.1,0.15,0.5,0.2,0.99991293243557,-0.07550735000000003,14,99.35245143385754
0.05,0.1,0.15,0.55,0.15,0.9998051344986567,-0.13102575,15,99.30619796484737
0.05,0.1,0.15,0.6,0.1,0.9997056287107366,-0.18654414999999985,20,99.07493061979649
0.05,0.1,0.15,0.65,0.05,0.99957710040134,-0.24206255000000004,24,98.88991674375578
0.05,0.1,0.15,0.7,0.0,0.9994485720919434,-0.3071908,27,98.75115633672526
0.05,0.1,0.2,0.0,0.65,0.9999917078510067,-0.04057430000000001,7,99.67622571692877
0.05,0.1,0.2,0.05,0.6,0.9999958539255034,-0.022586400000000006,7,99.67622571692877
0.05,0.1,0.2,0.1,0.55,0.9999958539255034,-0.004598500000000005,7,99.67622571692877
0.05,0.1,0.2,0.15,0.5,1.0,0.013389399999999996,7,99.67622571692877
0.05,0.1,0.2,0.2,0.45,1.0,0.0313773,8,99.6299722479186
0.05,0.1,0.2,0.25,0.4,1.0,0.043525250000000015,8,99.6299722479186
0.05,0.1,0.2,0.3,0.35,1.0,0.04989830000000001,8,99.6299722479186
0.05,0.1,0.2,0.35,0.3,1.0,0.04956740000000004,8,99.6299722479186
0.05,0.1,0.2,0.4,0.25,1.0,0.014498000000000011,10,99.53746530989824
0.05,0.1,0.2,0.45,0.2,0.9999792696275167,-0.020571400000000017,10,99.53746530989824
0.05,0.1,0.2,0.5,0.15,0.99991293243557,-0.05896249999999992,14,99.35245143385754
0.05,0.1,0.2,0.55,0.1,0.9998175727221467,-0.1046842,16,99.25994449583719
0.05,0.1,0.2,0.6,0.05,0.9997056287107366,-0.17516649999999995,22,98.98242368177613
0.05,0.1,0.2,0.65,0.0,0.9995853925503333,-0.25060075,24,98.88991674375578
0.05,0.1,0.25,0.0,0.6,0.9999917078510067,-0.023655150000000014,4,99.81498612395929
0.05,0.1,0.25,0.05,0.55,0.9999958539255034,-0.0056672500000000126,4,99.81498612395929
0.05,0.1,0.25,0.1,0.5,1.0,0.012320649999999989,4,99.81498612395929
0.05,0.1,0.25,0.15,0.45,1.0,0.03030854999999999,4,99.81498612395929
0.05,0.1,0.25,0.2,0.4,1.0,0.04829644999999999,4,99.81498612395929
0.05,0.1,0.25,0.25,0.35,1.0,0.06628434999999999,4,99.81498612395929
0.05,0.1,0.25,0.3,0.3,1.0,0.07418960000000002,6,99.72247918593895
0.05,0.1,0.25,0.35,0.25,1.0,0.05576805000000001,8,99.6299722479186
0.05,0.1,0.25,0.4,0.2,1.0,0.024034600000000017,9,99.58371877890842
0.05,0.1,0.25,0.45,0.15,0.9999792696275167,-0.03178499999999995,10,99.53746530989824
0.05,0.1,0.25,0.5,0.1,0.9999170785100666,-0.0941187,13,99.39870490286772
0.05,0.1,0.25,0.55,0.05,0.99980098842416,-0.15645239999999988,17,99.21369102682701
0.05,0.1,0.25,0.6,0.0,0.99970148263624,-0.21878609999999998,22,98.98242368177613
0.05,0.1,0.3,0.0,0.55,0.9999917078510067,-0.04944999999999994,1,99.95374653098983
0.05,0.1,0.3,0.05,0.5,0.9999958539255034,-0.028358499999999953,1,99.95374653098983
0.05,0.1,0.3,0.1,0.45,0.9999958539255034,-0.007266999999999968,1,99.95374653098983
0.05,0.1,0.3,0.15,0.4,1.0,0.013824500000000073,1,99.95374653098983
0.05,0.1,0.3,0.2,0.35,1.0,0.03491600000000006,1,99.95374653098983
0.05,0.1,0.3,0.25,0.3,1.0,0.05600750000000004,1,99.95374653098983
0.05,0.1,0.3,0.3,0.25,1.0,0.04713594999999998,4,99.81498612395929
0.05,0.1,0.3,0.35,0.2,1.0,0.028714400000000084,4,99.81498612395929
0.05,0.1,0.3,0.4,0.15,0.9999917078510067,-0.029475299999999927,6,99.72247918593895
0.05,0.1,0.3,0.45,0.1,0.9999668314040266,-0.09180899999999997,7,99.67622571692877
0.05,0.1,0.3,0.5,0.05,0.9999295167335567,-0.1541426999999999,12,99.44495837187789
0.05,0.1,0.3,0.55,0.0,0.99980098842416,-0.21647639999999996,15,99.30619796484737
0.05,0.1,0.35,0.0,0.5,0.9999958539255034,-0.08553099999999997,1,99.95374653098983
0.05,0.1,0.35,0.05,0.45,0.9999958539255034,-0.06443950000000004,1,99.95374653098983
0.05,0.1,0.35,0.1,0.4,0.9999958539255034,-0.04334799999999994,1,99.95374653098983
0.05,0.1,0.35,0.15,0.35,0.9999958539255034,-0.022256499999999957,1,99.95374653098983
0.05,0.1,0.35,0.2,0.3,0.9999958539255034,-0.0011649999999999716,1,99.95374653098983
0.05,0.1,0.35,0.25,0.25,1.0,0.019926500000000014,3,99.86123959296947
0.05,0.1,0.35,0.3,0.2,1.0,0.020082300000000053,3,99.86123959296947
0.05,0.1,0.35,0.35,0.15,0.9999917078510067,-0.027165599999999956,3,99.86123959296947
0.05,0.1,0.35,0.4,0.1,0.9999792696275167,-0.0894993,3,99.86123959296947
0.05,0.1,0.35,0.45,0.05,0.9999668314040266,-0.15183299999999988,3,99.86123959296947
0.05,0.1,0.35,0.5,0.0,0.9999087863610734,-0.21416669999999993,12,99.44495837187789
0.05,0.1,0.4,0.0,0.45,0.9999958539255034,-0.121612,1,99.95374653098983
0.05,0.1,0.4,0.05,0.4,0.9999958539255034,-0.10052050000000001,1,99.95374653098983
0.05,0.1,0.4,0.1,0.35,0.9999958539255034,-0.07942899999999997,1,99.95374653098983
0.05,0.1,0.4,0.15,0.3,0.9999958539255034,-0.05833749999999999,2,99.90749306197965
0.05,0.1,0.4,0.2,0.25,0.9999958539255034,-0.037245999999999946,4,99.81498612395929
0.05,0.1,0.4,0.25,0.2,0.9999958539255034,-0.01615449999999996,4,99.81498612395929
0.05,0.1,0.4,0.3,0.15,0.99998756177651,-0.02485589999999993,4,99.81498612395929
0.05,0.1,0.4,0.35,0.1,0.9999792696275167,-0.08718960000000003,4,99.81498612395929
0.05,0.1,0.4,0.4,0.05,0.9999585392550333,-0.14952329999999991,4,99.81498612395929
0.05,0.1,0.4,0.45,0.0,0.9999461010315434,-0.21185699999999996,5,99.76873265494912
0.05,0.1,0.45,0.0,0.4,0.9999834157020133,-0.15769300000000008,5,99.76873265494912
0.05,0.1,0.45,0.05,0.35,0.9999834157020133,-0.1366015000000001,5,99.76873265494912
0.05,0.1,0.45,0.1,0.3,0.9999834157020133,-0.11550999999999995,5,99.76873265494912
0.05,0.1,0.45,0.15,0.25,0.9999834157020133,-0.09441850000000002,5,99.76873265494912
0.05,0.1,0.45,0.2,0.2,0.9999834157020133,-0.07332699999999998,6,99.72247918593895
0.05,0.1,0.45,0.25,0.15,0.99997512355302,-0.05917824999999999,6,99.72247918593895
0.05,0.1,0.45,0.3,0.1,0.9999668314040266,-0.08487990000000001,6,99.72247918593895
0.05,0.1,0.45,0.35,0.05,0.9999543931805367,-0.14721359999999994,6,99.72247918593895
0.05,0.1,0.45,0.4,0.0,0.9999419549570466,-0.20954729999999994,7,99.67622571692877
0.05,0.1,0.5,0.0,0.35,0.9999336628080533,-0.19377399999999995,6,99.72247918593895
0.05,0.1,0.5,0.05,0.3,0.9999336628080533,-0.17268249999999996,6,99.72247918593895
0.05,0.1,0.5,0.1,0.25,0.99993780888255,-0.15159099999999992,7,99.67622571692877
0.05,0.1,0.5,0.15,0.2,0.9999419549570466,-0.13049949999999993,8,99.6299722479186
0.05,0.1,0.5,0.2,0.15,0.9999419549570466,-0.10940799999999995,8,99.6299722479186
0.05,0.1,0.5,0.25,0.1,0.99995024710604,-0.1282296,7,99.67622571692877
0.05,0.1,0.5,0.3,0.05,0.9999461010315434,-0.15105024999999994,10,99.53746530989824
0.05,0.1,0.5,0.35,0.0,0.9999087863610734,-0.2072375999999999,11,99.49121184088807
0.05,0.1,0.55,0.0,0.3,0.9998839099140934,-0.22985499999999998,15,99.30619796484737
0.05,0.1,0.55,0.05,0.25,0.9998839099140934,-0.2087635,16,99.25994449583719
0.05,0.1,0.55,0.1,0.2,0.9998797638395966,-0.19365005000000007,17,99.21369102682701
0.05,0.1,0.55,0.15,0.15,0.9998797638395966,-0.1873868500000001,17,99.21369102682701
0.05,0.1,0.55,0.2,0.1,0.9998797638395966,-0.18112364999999997,17,99.21369102682701
0.05,0.1,0.55,0.25,0.05,0.99986317954161,-0.19728094999999995,16,99.25994449583719
0.05,0.1,0.55,0.3,0.0,0.9998465952436233,-0.22010159999999995,16,99.25994449583719
0.05,0.1,0.6,0.0,0.25,0.99981342664765,-0.2812263999999999,21,99.02867715078631
0.05,0.1,0.6,0.05,0.2,0.99981342664765,-0.27496319999999996,22,98.98242368177613
0.05,0.1,0.6,0.1,0.15,0.9998217187966434,-0.2687,22,98.98242368177613
0.05,0.1,0.6,0.15,0.1,0.9998051344986567,-0.26243679999999997,22,98.98242368177613
0.05,0.1,0.6,0.2,0.05,0.9997926962751666,-0.25617359999999983,22,98.98242368177613
0.05,0.1,0.6,0.25,0.0,0.9997678198281866,-0.26633229999999986,22,98.98242368177613
0.05,0.1,0.65,0.0,0.2,0.9997305051577167,-0.3564649000000001,27,98.75115633672526
0.05,0.1,0.65,0.05,0.15,0.9997056287107366,-0.3500131500000001,27,98.75115633672526
0.05,0.1,0.65,0.1,0.1,0.99968904441275,-0.3437499500000001,27,98.75115633672526
0.05,0.1,0.65,0.15,0.05,0.9996848983382534,-0.3374867500000001,28,98.70490286771508
0.05,0.1,0.65,0.2,0.0,0.9996475836677834,-0.33122355,28,98.70490286771508
0.05,0.1,0.7,0.0,0.15,0.9995853925503333,-0.43267255,29,98.6586493987049
0.05,0.1,0.7,0.05,0.1,0.99956466217785,-0.42506309999999997,29,98.6586493987049
0.05,0.1,0.7,0.1,0.05,0.9995439318053667,-0.4187999,30,98.61239592969473
0.05,0.1,0.7,0.15,0.0,0.99952734750738,-0.4125367,30,98.61239592969473
0.05,0.1,0.75,0.0,0.1,0.9993822348999967,-0.5088802,33,98.47363552266421
0.05,0.1,0.75,0.05,0.05,0.9993573584530167,-0.50011305,33,98.47363552266421
0.05,0.1,0.75,0.1,0.0,0.9993490663040233,-0.49384985000000003,33,98.47363552266421
0.05,0.1,0.8,0.0,0.05,0.9991210322067067,-0.58508785,38,98.24236817761333
0.05,0.1,0.8,0.05,0.0,0.9991085939832167,-0.575163,38,98.24236817761333
0.05,0.1,0.85,0.0,0.0,0.9986815483100601,-0.6612954999999999,42,98.05735430157262
0.05,0.15,0.0,0.0,0.8,0.9999212245845633,-0.22147555000000002,11,99.49121184088807
0.05,0.15,0.0,0.05,0.75,0.9999336628080533,-0.1898856,11,99.49121184088807
0.05,0.15,0.0,0.1,0.7,0.9999461010315434,-0.18055025000000002,11,99.49121184088807
0.05,0.15,0.0,0.15,0.65,0.99995024710604,-0.17411099999999996,11,99.49121184088807
0.05,0.15,0.0,0.2,0.6,0.9999585392550333,-0.16767174999999995,11,99.49121184088807
0.05,0.15,0.0,0.25,0.55,0.99996268532953,-0.1612325,9,99.58371877890842
0.05,0.15,0.0,0.3,0.5,0.99996268532953,-0.15479325,9,99.58371877890842
0.05,0.15,0.0,0.35,0.45,0.9999668314040266,-0.14835399999999999,9,99.58371877890842
0.05,0.15,0.0,0.4,0.4,0.9999170785100666,-0.14191474999999998,9,99.58371877890842
0.05,0.15,0.0,0.45,0.35,0.9998756177651,-0.13547550000000003,7,99.67622571692877
0.05,0.15,0.0,0.5,0.3,0.99986317954161,-0.13766865,10,99.53746530989824
0.05,0.15,0.0,0.55,0.25,0.99981342664765,-0.18265230000000005,13,99.39870490286772
0.05,0.15,0.0,0.6,0.2,0.9996973365617433,-0.23817070000000007,21,99.02867715078631
0.05,0.15,0.0,0.65,0.15,0.99953978573087,-0.29368910000000004,24,98.88991674375578
0.05,0.15,0.0,0.7,0.1,0.9994071113469767,-0.3492074999999999,27,98.75115633672526
0.05,0.15,0.0,0.75,0.05,0.9992329762181167,-0.4047258999999999,29,98.6586493987049
0.05,0.15,0.0,0.8,0.0,0.9990298185677801,-0.46664180000000005,33,98.47363552266421
0.05,0.15,0.05,0.0,0.75,0.9999461010315434,-0.16067325,10,99.53746530989824
0.05,0.15,0.05,0.05,0.7,0.99996268532953,-0.1290833,10,99.53746530989824
0.05,0.15,0.05,0.1,0.65,0.99996268532953,-0.12115484999999998,9,99.58371877890842
0.05,0.15,0.05,0.15,0.6,0.99996268532953,-0.11478179999999993,9,99.58371877890842
0.05,0.15,0.05,0.2,0.55,0.99996268532953,-0.10840875,9,99.58371877890842
0.05,0.15,0.05,0.25,0.5,0.99996268532953,-0.10203570000000001,9,99.58371877890842
0.05,0.15,0.05,0.3,0.45,0.9999709774785234,-0.09566264999999996,9,99.58371877890842
0.05,0.15,0.05,0.35,0.4,0.9999709774785234,-0.08928960000000002,8,99.6299722479186
0.05,0.15,0.05,0.4,0.35,0.9999585392550333,-0.08291654999999998,8,99.6299722479186
0.05,0.15,0.05,0.45,0.3,0.9999087863610734,-0.07902365,8,99.6299722479186
0.05,0.15,0.05,0.5,0.25,0.99986317954161,-0.10079234999999998,11,99.49121184088807
0.05,0.15,0.05,0.55,0.2,0.99981342664765,-0.1563107500000001,15,99.30619796484737
0.05,0.15,0.05,0.6,0.15,0.9996848983382534,-0.21182914999999997,21,99.02867715078631
0.05,0.15,0.05,0.65,0.1,0.99955222395436,-0.26734754999999993,25,98.84366327474561
0.05,0.15,0.05,0.7,0.05,0.99942784171946,-0.32286594999999996,27,98.75115633672526
0.05,0.15,0.05,0.75,0.0,0.9992288301436201,-0.38570065,30,98.61239592969473
0.05,0.15,0.1,0.0,0.7,0.9999709774785234,-0.09987094999999996,7,99.67622571692877
0.05,0.15,0.1,0.05,0.65,0.9999709774785234,-0.06874989999999997,7,99.67622571692877
0.05,0.15,0.1,0.1,0.6,0.9999709774785234,-0.06237684999999993,9,99.58371877890842
0.05,0.15,0.1,0.15,0.55,0.9999709774785234,-0.05600379999999999,9,99.58371877890842
0.05,0.15,0.1,0.2,0.5,0.99997512355302,-0.04963075,9,99.58371877890842
0.05,0.15,0.1,0.25,0.45,0.9999834157020133,-0.043257699999999955,8,99.6299722479186
0.05,0.15,0.1,0.3,0.4,0.9999834157020133,-0.03688465000000002,8,99.6299722479186
0.05,0.15,0.1,0.35,0.35,0.9999792696275167,-0.030511599999999972,8,99.6299722479186
0.05,0.15,0.1,0.4,0.3,0.9999792696275167,-0.02596124999999999,8,99.6299722479186
0.05,0.15,0.1,0.45,0.25,0.9999170785100666,-0.029668500000000042,9,99.58371877890842
0.05,0.15,0.1,0.5,0.2,0.99990049421208,-0.07445079999999998,14,99.35245143385754
0.05,0.15,0.1,0.55,0.15,0.9997926962751666,-0.1299692,15,99.30619796484737
0.05,0.15,0.1,0.6,0.1,0.9996973365617433,-0.18548759999999992,22,98.98242368177613
0.05,0.15,0.1,0.65,0.05,0.9995812464758367,-0.241006,25,98.84366327474561
0.05,0.15,0.1,0.7,0.0,0.9994361338684533,-0.30475949999999996,27,98.75115633672526
0.05,0.15,0.15,0.0,0.65,0.9999834157020133,-0.0660037,7,99.67622571692877
0.05,0.15,0.15,0.05,0.6,0.9999834157020133,-0.0480158,7,99.67622571692877
0.05,0.15,0.15,0.1,0.55,0.9999917078510067,-0.030027899999999996,7,99.67622571692877
0.05,0.15,0.15,0.15,0.5,0.9999958539255034,-0.012039999999999995,7,99.67622571692877
0.05,0.15,0.15,0.2,0.45,1.0,0.0059478999999999504,8,99.6299722479186
0.05,0.15,0.15,0.25,0.4,1.0,0.015520299999999987,8,99.6299722479186
0.05,0.15,0.15,0.3,0.35,1.0,0.021893350000000034,8,99.6299722479186
0.05,0.15,0.15,0.35,0.3,1.0,0.026208100000000067,8,99.6299722479186
0.05,0.15,0.15,0.4,0.25,1.0,0.01670334999999995,9,99.58371877890842
0.05,0.15,0.15,0.45,0.2,0.9999792696275167,-0.021004699999999987,10,99.53746530989824
0.05,0.15,0.15,0.5,0.15,0.9999212245845633,-0.06342254999999997,14,99.35245143385754
0.05,0.15,0.15,0.55,0.1,0.9998175727221467,-0.1058404,16,99.25994449583719
0.05,0.15,0.15,0.6,0.05,0.99970148263624,-0.15914604999999993,23,98.93617021276596
0.05,0.15,0.15,0.65,0.0,0.99957710040134,-0.22981954999999998,25,98.84366327474561
0.05,0.15,0.2,0.0,0.6,0.9999958539255034,-0.049084550000000005,4,99.81498612395929
0.05,0.15,0.2,0.05,0.55,0.9999958539255034,-0.031096650000000003,4,99.81498612395929
0.05,0.15,0.2,0.1,0.5,0.9999958539255034,-0.013108750000000002,3,99.86123959296947
0.05,0.15,0.2,0.15,0.45,1.0,0.004879149999999999,4,99.81498612395929
0.05,0.15,0.2,0.2,0.4,1.0,0.02286705,4,99.81498612395929
0.05,0.15,0.2,0.25,0.35,1.0,0.04085495,4,99.81498612395929
0.05,0.15,0.2,0.3,0.3,1.0,0.05884285,6,99.72247918593895
0.05,0.15,0.2,0.35,0.25,1.0,0.05842259999999999,7,99.67622571692877
0.05,0.15,0.2,0.4,0.2,1.0,0.026239950000000012,8,99.6299722479186
0.05,0.15,0.2,0.45,0.15,0.9999792696275167,-0.02224890000000007,8,99.6299722479186
0.05,0.15,0.2,0.5,0.1,0.9999212245845633,-0.08079630000000004,13,99.39870490286772
0.05,0.15,0.2,0.55,0.05,0.9997968423496634,-0.13934370000000001,18,99.16743755781684
0.05,0.15,0.2,0.6,0.0,0.99968904441275,-0.1978911,23,98.93617021276596
0.05,0.15,0.25,0.0,0.55,0.9999917078510067,-0.03216540000000001,1,99.95374653098983
0.05,0.15,0.25,0.05,0.5,0.9999958539255034,-0.01417750000000001,1,99.95374653098983
0.05,0.15,0.25,0.1,0.45,1.0,0.003810399999999936,1,99.95374653098983
0.05,0.15,0.25,0.15,0.4,1.0,0.021798299999999993,1,99.95374653098983
0.05,0.15,0.25,0.2,0.35,1.0,0.039786199999999994,1,99.95374653098983
0.05,0.15,0.25,0.25,0.3,1.0,0.057774099999999995,1,99.95374653098983
0.05,0.15,0.25,0.3,0.25,1.0,0.04979049999999996,2,99.90749306197965
0.05,0.15,0.25,0.35,0.2,1.0,0.03136895000000001,4,99.81498612395929
0.05,0.15,0.25,0.4,0.15,0.9999917078510067,-0.01430880000000001,6,99.72247918593895
0.05,0.15,0.25,0.45,0.1,0.9999668314040266,-0.07285620000000004,6,99.72247918593895
0.05,0.15,0.25,0.5,0.05,0.9999295167335567,-0.13273539999999995,13,99.39870490286772
0.05,0.15,0.25,0.55,0.0,0.9997968423496634,-0.1950691,15,99.30619796484737
0.05,0.15,0.3,0.0,0.5,0.9999917078510067,-0.037520599999999904,1,99.95374653098983
0.05,0.15,0.3,0.05,0.45,0.9999958539255034,-0.016429099999999974,1,99.95374653098983
0.05,0.15,0.3,0.1,0.4,1.0,0.0046624000000000665,1,99.95374653098983
0.05,0.15,0.3,0.15,0.35,1.0,0.025753900000000052,1,99.95374653098983
0.05,0.15,0.3,0.2,0.3,1.0,0.04684540000000009,1,99.95374653098983
0.05,0.15,0.3,0.25,0.25,1.0,0.04115840000000004,2,99.90749306197965
0.05,0.15,0.3,0.3,0.2,1.0,0.02273685000000003,3,99.86123959296947
0.05,0.15,0.3,0.35,0.15,0.9999917078510067,-0.006368700000000005,3,99.86123959296947
0.05,0.15,0.3,0.4,0.1,0.99998756177651,-0.06809199999999999,3,99.86123959296947
0.05,0.15,0.3,0.45,0.05,0.9999709774785234,-0.13042569999999992,3,99.86123959296947
0.05,0.15,0.3,0.5,0.0,0.9999170785100666,-0.19275940000000003,13,99.39870490286772
0.05,0.15,0.35,0.0,0.45,0.9999958539255034,-0.07360159999999999,1,99.95374653098983
0.05,0.15,0.35,0.05,0.4,0.9999958539255034,-0.052510100000000004,1,99.95374653098983
0.05,0.15,0.35,0.1,0.35,0.9999958539255034,-0.03141859999999991,1,99.95374653098983
0.05,0.15,0.35,0.15,0.3,0.9999958539255034,-0.010327099999999978,2,99.90749306197965
0.05,0.15,0.35,0.2,0.25,1.0,0.010764400000000063,2,99.90749306197965
0.05,0.15,0.35,0.25,0.2,1.0,0.014104750000000055,4,99.81498612395929
0.05,0.15,0.35,0.3,0.15,0.9999917078510067,-0.0043168000000000095,4,99.81498612395929
0.05,0.15,0.35,0.35,0.1,0.99998756177651,-0.06578230000000007,4,99.81498612395929
0.05,0.15,0.35,0.4,0.05,0.9999668314040266,-0.12811599999999995,4,99.81498612395929
0.05,0.15,0.35,0.45,0.0,0.9999419549570466,-0.19044969999999994,5,99.76873265494912
0.05,0.15,0.4,0.0,0.4,0.9999917078510067,-0.10968259999999996,3,99.86123959296947
0.05,0.15,0.4,0.05,0.35,0.9999917078510067,-0.08859109999999998,3,99.86123959296947
0.05,0.15,0.4,0.1,0.3,0.9999917078510067,-0.06749959999999994,3,99.86123959296947
0.05,0.15,0.4,0.15,0.25,0.9999958539255034,-0.04640810000000001,4,99.81498612395929
0.05,0.15,0.4,0.2,0.2,0.9999958539255034,-0.025316599999999967,5,99.76873265494912
0.05,0.15,0.4,0.25,0.15,0.99998756177651,-0.012948899999999985,5,99.76873265494912
0.05,0.15,0.4,0.3,0.1,0.99997512355302,-0.06347259999999999,5,99.76873265494912
0.05,0.15,0.4,0.35,0.05,0.9999709774785234,-0.12580629999999998,5,99.76873265494912
0.05,0.15,0.4,0.4,0.0,0.99995024710604,-0.18814000000000003,5,99.76873265494912
0.05,0.15,0.45,0.0,0.35,0.99997512355302,-0.14576360000000005,5,99.76873265494912
0.05,0.15,0.45,0.05,0.3,0.9999834157020133,-0.12467210000000006,5,99.76873265494912
0.05,0.15,0.45,0.1,0.25,0.9999834157020133,-0.10358059999999997,5,99.76873265494912
0.05,0.15,0.45,0.15,0.2,0.9999709774785234,-0.08248909999999998,6,99.72247918593895
0.05,0.15,0.45,0.2,0.15,0.9999668314040266,-0.064776,6,99.72247918593895
0.05,0.15,0.45,0.25,0.1,0.9999585392550333,-0.06146645000000006,7,99.67622571692877
0.05,0.15,0.45,0.3,0.05,0.9999585392550333,-0.12349659999999996,7,99.67622571692877
0.05,0.15,0.45,0.35,0.0,0.9999419549570466,-0.1858303,8,99.6299722479186
0.05,0.15,0.5,0.0,0.3,0.99991293243557,-0.18184459999999997,9,99.58371877890842
0.05,0.15,0.5,0.05,0.25,0.99992537065906,-0.16075309999999998,10,99.53746530989824
0.05,0.15,0.5,0.1,0.2,0.9999295167335567,-0.15235234999999991,12,99.44495837187789
0.05,0.15,0.5,0.15,0.15,0.9999295167335567,-0.14608915,12,99.44495837187789
0.05,0.15,0.5,0.2,0.1,0.9999336628080533,-0.13982595000000003,12,99.44495837187789
0.05,0.15,0.5,0.25,0.05,0.99992537065906,-0.13356275,13,99.39870490286772
0.05,0.15,0.5,0.3,0.0,0.9999046402865767,-0.18352059999999998,13,99.39870490286772
0.05,0.15,0.55,0.0,0.25,0.9998465952436233,-0.23992869999999994,19,99.12118408880666
0.05,0.15,0.55,0.05,0.2,0.9998548873926166,-0.23366550000000003,20,99.07493061979649
0.05,0.15,0.55,0.1,0.15,0.9998590334671134,-0.22740230000000006,21,99.02867715078631
0.05,0.15,0.55,0.15,0.1,0.99985074131812,-0.2211391000000001,21,99.02867715078631
0.05,0.15,0.55,0.2,0.05,0.9998300109456366,-0.21487589999999995,21,99.02867715078631
0.05,0.15,0.55,0.25,0.0,0.99981342664765,-0.20861269999999998,21,99.02867715078631
0.05,0.15,0.6,0.0,0.2,0.9997926962751666,-0.31497864999999997,26,98.79740980573543
0.05,0.15,0.6,0.05,0.15,0.9997926962751666,-0.30871544999999995,26,98.79740980573543
0.05,0.15,0.6,0.1,0.1,0.9997678198281866,-0.30245225,26,98.79740980573543
0.05,0.15,0.6,0.15,0.05,0.9997512355302,-0.29618904999999995,27,98.75115633672526
0.05,0.15,0.6,0.2,0.0,0.9997346512322134,-0.2899258499999999,27,98.75115633672526
0.05,0.15,0.65,0.0,0.15,0.99967660618926,-0.39002860000000006,31,98.56614246068455
0.05,0.15,0.65,0.05,0.1,0.9996475836677834,-0.38376540000000003,31,98.56614246068455
0.05,0.15,0.65,0.1,0.05,0.9996351454442933,-0.3775022000000001,31,98.56614246068455
0.05,0.15,0.65,0.15,0.0,0.99961441507181,-0.3712390000000001,31,98.56614246068455
0.05,0.15,0.7,0.0,0.1,0.9994568642409367,-0.46507855,35,98.38112858464385
0.05,0.15,0.7,0.05,0.05,0.99944027994295,-0.45881534999999996,35,98.38112858464385
0.05,0.15,0.7,0.1,0.0,0.99942784171946,-0.45255215,35,98.38112858464385
0.05,0.15,0.75,0.0,0.05,0.9992329762181167,-0.5401285,37,98.2886216466235
0.05,0.15,0.75,0.05,0.0,0.99921639192013,-0.5338653,37,98.2886216466235
0.05,0.15,0.8,0.0,0.0,0.9988556834389201,-0.6151784499999999,40,98.14986123959298
0.05,0.2,0.0,0.0,0.75,0.9999336628080533,-0.18940845,9,99.58371877890842
0.05,0.2,0.0,0.05,0.7,0.9999585392550333,-0.15781849999999992,10,99.53746530989824
0.05,0.2,0.0,0.1,0.65,0.9999585392550333,-0.15000005,10,99.53746530989824
0.05,0.2,0.0,0.15,0.6,0.99996268532953,-0.1435608,10,99.53746530989824
0.05,0.2,0.0,0.2,0.55,0.99996268532953,-0.13712154999999993,10,99.53746530989824
0.05,0.2,0.0,0.25,0.5,0.99996268532953,-0.13068229999999992,10,99.53746530989824
0.05,0.2,0.0,0.3,0.45,0.9999668314040266,-0.12424305000000002,9,99.58371877890842
0.05,0.2,0.0,0.35,0.4,0.9999709774785234,-0.11780379999999996,8,99.6299722479186
0.05,0.2,0.0,0.4,0.35,0.9999543931805367,-0.11136454999999995,8,99.6299722479186
0.05,0.2,0.0,0.45,0.3,0.9999087863610734,-0.11156764999999996,7,99.67622571692877
0.05,0.2,0.0,0.5,0.25,0.9998714716906033,-0.11757604999999999,11,99.49121184088807
0.05,0.2,0.0,0.55,0.2,0.9998092805731533,-0.15525420000000006,16,99.25994449583719
0.05,0.2,0.0,0.6,0.15,0.99966416796577,-0.21077259999999992,21,99.02867715078631
0.05,0.2,0.0,0.65,0.1,0.9995356396563734,-0.266291,25,98.84366327474561
0.05,0.2,0.0,0.7,0.05,0.99939052704899,-0.3218093999999999,27,98.75115633672526
0.05,0.2,0.0,0.75,0.0,0.99924126836711,-0.38326934999999995,31,98.56614246068455
0.05,0.2,0.05,0.0,0.7,0.9999668314040266,-0.12860614999999992,8,99.6299722479186
0.05,0.2,0.05,0.05,0.65,0.9999668314040266,-0.0970162,8,99.6299722479186
0.05,0.2,0.05,0.1,0.6,0.99996268532953,-0.09038179999999996,10,99.53746530989824
0.05,0.2,0.05,0.15,0.55,0.99996268532953,-0.08400874999999997,9,99.58371877890842
0.05,0.2,0.05,0.2,0.5,0.99996268532953,-0.07763569999999997,9,99.58371877890842
0.05,0.2,0.05,0.25,0.45,0.9999668314040266,-0.07126264999999998,8,99.6299722479186
0.05,0.2,0.05,0.3,0.4,0.9999668314040266,-0.06488959999999999,8,99.6299722479186
0.05,0.2,0.05,0.35,0.35,0.9999709774785234,-0.058516549999999945,8,99.6299722479186
0.05,0.2,0.05,0.4,0.3,0.9999709774785234,-0.052922649999999904,8,99.6299722479186
0.05,0.2,0.05,0.45,0.25,0.9999295167335567,-0.058931049999999985,9,99.58371877890842
0.05,0.2,0.05,0.5,0.2,0.9999046402865767,-0.0765463999999999,11,99.49121184088807
0.05,0.2,0.05,0.55,0.15,0.99980098842416,-0.12891264999999996,17,99.21369102682701
0.05,0.2,0.05,0.6,0.1,0.99967660618926,-0.18443104999999987,21,99.02867715078631
0.05,0.2,0.05,0.65,0.05,0.99955222395436,-0.23994944999999995,25,98.84366327474561
0.05,0.2,0.05,0.7,0.0,0.9994112574214733,-0.3023281999999999,27,98.75115633672526
0.05,0.2,0.1,0.0,0.65,0.9999709774785234,-0.09143309999999999,7,99.67622571692877
0.05,0.2,0.1,0.05,0.6,0.99997512355302,-0.07344519999999999,7,99.67622571692877
0.05,0.2,0.1,0.1,0.55,0.9999792696275167,-0.05545729999999999,7,99.67622571692877
0.05,0.2,0.1,0.15,0.5,0.9999834157020133,-0.037469399999999986,7,99.67622571692877
0.05,0.2,0.1,0.2,0.45,0.9999834157020133,-0.019481499999999985,8,99.6299722479186
0.05,0.2,0.1,0.25,0.4,0.9999834157020133,-0.012484649999999986,8,99.6299722479186
0.05,0.2,0.1,0.3,0.35,0.99998756177651,-0.006111599999999939,8,99.6299722479186
0.05,0.2,0.1,0.35,0.3,1.0,0.0002614500000000519,8,99.6299722479186
0.05,0.2,0.1,0.4,0.25,0.9999958539255034,-0.00028604999999998215,9,99.58371877890842
0.05,0.2,0.1,0.45,0.2,0.99997512355302,-0.02546474999999998,9,99.58371877890842
0.05,0.2,0.1,0.5,0.15,0.9999212245845633,-0.0678825999999999,14,99.35245143385754
0.05,0.2,0.1,0.55,0.1,0.99978855020067,-0.11030045,17,99.21369102682701
0.05,0.2,0.1,0.6,0.05,0.99967660618926,-0.15808949999999988,24,98.88991674375578
0.05,0.2,0.1,0.65,0.0,0.9995563700288567,-0.22495915000000005,25,98.84366327474561
0.05,0.2,0.15,0.0,0.6,0.9999917078510067,-0.07451395,4,99.81498612395929
0.05,0.2,0.15,0.05,0.55,0.9999958539255034,-0.05652604999999994,4,99.81498612395929
0.05,0.2,0.15,0.1,0.5,0.9999958539255034,-0.03853814999999994,3,99.86123959296947
0.05,0.2,0.15,0.15,0.45,0.9999958539255034,-0.020550249999999992,4,99.81498612395929
0.05,0.2,0.15,0.2,0.4,0.9999958539255034,-0.0025623499999999355,4,99.81498612395929
0.05,0.2,0.15,0.25,0.35,1.0,0.01542555000000001,4,99.81498612395929
0.05,0.2,0.15,0.3,0.3,1.0,0.03341345000000001,6,99.72247918593895
0.05,0.2,0.15,0.35,0.25,1.0,0.05140135000000001,7,99.67622571692877
0.05,0.2,0.15,0.4,0.2,1.0,0.025616900000000054,7,99.67622571692877
0.05,0.2,0.15,0.45,0.15,0.9999834157020133,-0.02290510000000001,8,99.6299722479186
0.05,0.2,0.15,0.5,0.1,0.9999212245845633,-0.08145249999999998,13,99.39870490286772
0.05,0.2,0.15,0.55,0.05,0.9997926962751666,-0.13999989999999995,17,99.21369102682701
0.05,0.2,0.15,0.6,0.0,0.9996848983382534,-0.19854730000000004,24,98.88991674375578
0.05,0.2,0.2,0.0,0.55,0.9999958539255034,-0.0575948,1,99.95374653098983
0.05,0.2,0.2,0.05,0.5,0.9999958539255034,-0.0396069,1,99.95374653098983
0.05,0.2,0.2,0.1,0.45,0.9999958539255034,-0.021619,1,99.95374653098983
0.05,0.2,0.2,0.15,0.4,0.9999958539255034,-0.0036310999999999982,1,99.95374653098983
0.05,0.2,0.2,0.2,0.35,1.0,0.014356800000000003,1,99.95374653098983
0.05,0.2,0.2,0.25,0.3,1.0,0.03234470000000006,1,99.95374653098983
0.05,0.2,0.2,0.3,0.25,1.0,0.05033259999999995,2,99.90749306197965
0.05,0.2,0.2,0.35,0.2,1.0,0.03402350000000004,3,99.86123959296947
0.05,0.2,0.2,0.4,0.15,0.9999958539255034,-0.014965000000000062,6,99.72247918593895
0.05,0.2,0.2,0.45,0.1,0.99997512355302,-0.07351240000000003,7,99.67622571692877
0.05,0.2,0.2,0.5,0.05,0.9999212245845633,-0.1320597999999999,12,99.44495837187789
0.05,0.2,0.2,0.55,0.0,0.9997968423496634,-0.19060719999999998,16,99.25994449583719
0.05,0.2,0.25,0.0,0.5,0.9999958539255034,-0.04067564999999995,1,99.95374653098983
0.05,0.2,0.25,0.05,0.45,0.9999958539255034,-0.022687750000000007,1,99.95374653098983
0.05,0.2,0.25,0.1,0.4,0.9999958539255034,-0.00469984999999995,1,99.95374653098983
0.05,0.2,0.25,0.15,0.35,1.0,0.013288050000000051,1,99.95374653098983
0.05,0.2,0.25,0.2,0.3,1.0,0.03127595,1,99.95374653098983
0.05,0.2,0.25,0.25,0.25,1.0,0.04381294999999996,1,99.95374653098983
0.05,0.2,0.25,0.3,0.2,1.0,0.025391400000000064,3,99.86123959296947
0.05,0.2,0.25,0.35,0.15,0.9999958539255034,-0.007024900000000001,3,99.86123959296947
0.05,0.2,0.25,0.4,0.1,0.99998756177651,-0.06557230000000003,3,99.86123959296947
0.05,0.2,0.25,0.45,0.05,0.9999668314040266,-0.1241197,5,99.76873265494912
0.05,0.2,0.25,0.5,0.0,0.99991293243557,-0.18266709999999997,12,99.44495837187789
0.05,0.2,0.3,0.0,0.45,0.9999917078510067,-0.02559119999999998,1,99.95374653098983
0.05,0.2,0.3,0.05,0.4,0.9999917078510067,-0.005768599999999957,1,99.95374653098983
0.05,0.2,0.3,0.1,0.35,1.0,0.012219299999999989,2,99.90749306197965
0.05,0.2,0.3,0.15,0.3,1.0,0.03020719999999999,2,99.90749306197965
0.05,0.2,0.3,0.2,0.25,1.0,0.03518085000000004,2,99.90749306197965
0.05,0.2,0.3,0.25,0.2,1.0,0.016759300000000088,4,99.81498612395929
0.05,0.2,0.3,0.3,0.15,0.9999958539255034,-0.0016622499999999207,4,99.81498612395929
0.05,0.2,0.3,0.35,0.1,0.99998756177651,-0.05763219999999997,4,99.81498612395929
0.05,0.2,0.3,0.4,0.05,0.99997512355302,-0.11617959999999988,4,99.81498612395929
0.05,0.2,0.3,0.45,0.0,0.9999461010315434,-0.1747269999999999,6,99.72247918593895
0.05,0.2,0.35,0.0,0.4,0.9999917078510067,-0.061672199999999955,2,99.90749306197965
0.05,0.2,0.35,0.05,0.35,0.9999958539255034,-0.04058069999999997,2,99.90749306197965
0.05,0.2,0.35,0.1,0.3,0.9999958539255034,-0.01948919999999993,2,99.90749306197965
0.05,0.2,0.35,0.15,0.25,1.0,0.001602300000000001,2,99.90749306197965
0.05,0.2,0.35,0.2,0.2,1.0,0.008127200000000057,4,99.81498612395929
0.05,0.2,0.35,0.25,0.15,0.9999958539255034,-0.010294349999999952,4,99.81498612395929
0.05,0.2,0.35,0.3,0.1,0.9999834157020133,-0.04969209999999996,4,99.81498612395929
0.05,0.2,0.35,0.35,0.05,0.9999834157020133,-0.10823949999999993,4,99.81498612395929
0.05,0.2,0.35,0.4,0.0,0.9999585392550333,-0.16678690000000002,6,99.72247918593895
0.05,0.2,0.4,0.0,0.35,0.99998756177651,-0.09775319999999998,4,99.81498612395929
0.05,0.2,0.4,0.05,0.3,0.9999917078510067,-0.07666169999999994,4,99.81498612395929
0.05,0.2,0.4,0.1,0.25,0.9999917078510067,-0.05557019999999996,4,99.81498612395929
0.05,0.2,0.4,0.15,0.2,0.99998756177651,-0.03447869999999997,7,99.67622571692877
0.05,0.2,0.4,0.2,0.15,0.9999834157020133,-0.029017550000000003,7,99.67622571692877
0.05,0.2,0.4,0.25,0.1,0.9999792696275167,-0.06226740000000003,7,99.67622571692877
0.05,0.2,0.4,0.3,0.05,0.99996268532953,-0.10208929999999994,7,99.67622571692877
0.05,0.2,0.4,0.35,0.0,0.9999461010315434,-0.16442299999999993,8,99.6299722479186
0.05,0.2,0.45,0.0,0.3,0.9999668314040266,-0.13383419999999996,8,99.6299722479186
0.05,0.2,0.45,0.05,0.25,0.9999709774785234,-0.11731785000000006,8,99.6299722479186
0.05,0.2,0.45,0.1,0.2,0.9999668314040266,-0.11105464999999998,10,99.53746530989824
0.05,0.2,0.45,0.15,0.15,0.99996268532953,-0.10479145000000001,10,99.53746530989824
0.05,0.2,0.45,0.2,0.1,0.99995024710604,-0.09852825000000004,10,99.53746530989824
0.05,0.2,0.45,0.25,0.05,0.9999419549570466,-0.12828999999999996,10,99.53746530989824
0.05,0.2,0.45,0.3,0.0,0.9999336628080533,-0.16211330000000002,11,99.49121184088807
0.05,0.2,0.5,0.0,0.25,0.9998963481375833,-0.19863099999999995,15,99.30619796484737
0.05,0.2,0.5,0.05,0.2,0.9998922020630867,-0.19236780000000003,17,99.21369102682701
0.05,0.2,0.5,0.1,0.15,0.9999046402865767,-0.18610459999999995,17,99.21369102682701
0.05,0.2,0.5,0.15,0.1,0.9999046402865767,-0.17984139999999998,17,99.21369102682701
0.05,0.2,0.5,0.2,0.05,0.99991293243557,-0.17357819999999996,18,99.16743755781684
0.05,0.2,0.5,0.25,0.0,0.9998756177651,-0.19431259999999995,19,99.12118408880666
0.05,0.2,0.55,0.0,0.2,0.9998175727221467,-0.27368095000000003,26,98.79740980573543
0.05,0.2,0.55,0.05,0.15,0.9998092805731533,-0.26741775000000007,26,98.79740980573543
0.05,0.2,0.55,0.1,0.1,0.9998051344986567,-0.26115455000000004,27,98.75115633672526
0.05,0.2,0.55,0.15,0.05,0.9997926962751666,-0.25489135000000007,27,98.75115633672526
0.05,0.2,0.55,0.2,0.0,0.99977611197718,-0.24862814999999994,27,98.75115633672526
0.05,0.2,0.6,0.0,0.15,0.9997512355302,-0.34873089999999995,32,98.51988899167438
0.05,0.2,0.6,0.05,0.1,0.9997222130087233,-0.34246769999999993,32,98.51988899167438
0.05,0.2,0.6,0.1,0.05,0.9997097747852334,-0.33620449999999996,32,98.51988899167438
0.05,0.2,0.6,0.15,0.0,0.9996848983382534,-0.3299413,33,98.47363552266421
0.05,0.2,0.65,0.0,0.1,0.9995605161033534,-0.42378085000000004,35,98.38112858464385
0.05,0.2,0.65,0.05,0.05,0.9995729543268433,-0.4175176500000001,35,98.38112858464385
0.05,0.2,0.65,0.1,0.0,0.9995439318053667,-0.41125445000000005,35,98.38112858464385
0.05,0.2,0.7,0.0,0.05,0.9992993134100634,-0.49883079999999996,36,98.33487511563366
0.05,0.2,0.7,0.05,0.0,0.9992744369630834,-0.4925676,36,98.33487511563366
0.05,0.2,0.75,0.0,0.0,0.9989842117483166,-0.5738807499999999,40,98.14986123959298
0.05,0.25,0.0,0.0,0.7,0.9999585392550333,-0.15734135,8,99.6299722479186
0.05,0.25,0.0,0.05,0.65,0.9999585392550333,-0.12588909999999986,9,99.58371877890842
0.05,0.25,0.0,0.1,0.6,0.99996268532953,-0.11944985000000002,9,99.58371877890842
0.05,0.25,0.0,0.15,0.55,0.99996268532953,-0.11301060000000002,10,99.53746530989824
0.05,0.25,0.0,0.2,0.5,0.99996268532953,-0.10657134999999995,10,99.53746530989824
0.05,0.25,0.0,0.25,0.45,0.9999668314040266,-0.10013209999999995,9,99.58371877890842
0.05,0.25,0.0,0.3,0.4,0.9999668314040266,-0.09369284999999994,8,99.6299722479186
0.05,0.25,0.0,0.35,0.35,0.9999668314040266,-0.08725359999999999,8,99.6299722479186
0.05,0.25,0.0,0.4,0.3,0.9999709774785234,-0.08546664999999998,8,99.6299722479186
0.05,0.25,0.0,0.45,0.25,0.9999336628080533,-0.09147505000000006,9,99.58371877890842
0.05,0.25,0.0,0.5,0.2,0.9999046402865767,-0.09748345000000003,13,99.39870490286772
0.05,0.25,0.0,0.55,0.15,0.99976367375369,-0.12785610000000003,16,99.25994449583719
0.05,0.25,0.0,0.6,0.1,0.9996309993697967,-0.18337449999999988,24,98.88991674375578
0.05,0.25,0.0,0.65,0.05,0.9995232014328833,-0.23889289999999996,26,98.79740980573543
0.05,0.25,0.0,0.7,0.0,0.9994071113469767,-0.2998969,28,98.70490286771508
0.05,0.25,0.05,0.0,0.65,0.9999709774785234,-0.11686249999999998,8,99.6299722479186
0.05,0.25,0.05,0.05,0.6,0.9999709774785234,-0.09887459999999998,8,99.6299722479186
0.05,0.25,0.05,0.1,0.55,0.9999709774785234,-0.08088670000000003,8,99.6299722479186
0.05,0.25,0.05,0.15,0.5,0.9999668314040266,-0.06289880000000003,8,99.6299722479186
0.05,0.25,0.05,0.2,0.45,0.9999709774785234,-0.04686264999999995,8,99.6299722479186
0.05,0.25,0.05,0.25,0.4,0.99997512355302,-0.04048959999999996,8,99.6299722479186
0.05,0.25,0.05,0.3,0.35,0.99997512355302,-0.03411654999999991,8,99.6299722479186
0.05,0.25,0.05,0.35,0.3,0.9999792696275167,-0.02774349999999992,8,99.6299722479186
0.05,0.25,0.05,0.4,0.25,0.9999792696275167,-0.03283005,9,99.58371877890842
0.05,0.25,0.05,0.45,0.2,0.9999585392550333,-0.038838450000000024,10,99.53746530989824
0.05,0.25,0.05,0.5,0.15,0.9999087863610734,-0.07234264999999995,15,99.30619796484737
0.05,0.25,0.05,0.55,0.1,0.9997719659026834,-0.11476049999999999,17,99.21369102682701
0.05,0.25,0.05,0.6,0.05,0.9996558758167767,-0.1571783499999999,23,98.93617021276596
0.05,0.25,0.05,0.65,0.0,0.9995356396563734,-0.22009875000000007,26,98.79740980573543
0.05,0.25,0.1,0.0,0.6,0.9999834157020133,-0.09994335000000004,5,99.76873265494912
0.05,0.25,0.1,0.05,0.55,0.9999834157020133,-0.08195544999999999,4,99.81498612395929
0.05,0.25,0.1,0.1,0.5,0.9999917078510067,-0.06396754999999998,3,99.86123959296947
0.05,0.25,0.1,0.15,0.45,0.9999958539255034,-0.04597964999999998,3,99.86123959296947
0.05,0.25,0.1,0.2,0.4,0.9999958539255034,-0.027991749999999926,4,99.81498612395929
0.05,0.25,0.1,0.25,0.35,0.9999958539255034,-0.01000384999999998,5,99.76873265494912
0.05,0.25,0.1,0.3,0.3,1.0,0.007984049999999965,6,99.72247918593895
0.05,0.25,0.1,0.35,0.25,1.0,0.025814949999999948,7,99.67622571692877
0.05,0.25,0.1,0.4,0.2,1.0,0.01980654999999998,7,99.67622571692877
0.05,0.25,0.1,0.45,0.15,0.9999834157020133,-0.023561300000000063,9,99.58371877890842
0.05,0.25,0.1,0.5,0.1,0.99992537065906,-0.08210870000000003,13,99.39870490286772
0.05,0.25,0.1,0.55,0.05,0.9997802580516767,-0.1406561,16,99.25994449583719
0.05,0.25,0.1,0.6,0.0,0.9996724601147633,-0.19920349999999998,22,98.98242368177613
0.05,0.25,0.15,0.0,0.55,0.9999958539255034,-0.08302419999999999,1,99.95374653098983
0.05,0.25,0.15,0.05,0.5,0.9999958539255034,-0.06503630000000005,1,99.95374653098983
0.05,0.25,0.15,0.1,0.45,0.9999958539255034,-0.04704839999999999,1,99.95374653098983
0.05,0.25,0.15,0.15,0.4,0.9999958539255034,-0.02906049999999999,1,99.95374653098983
0.05,0.25,0.15,0.2,0.35,0.9999958539255034,-0.011072599999999932,1,99.95374653098983
0.05,0.25,0.15,0.25,0.3,1.0,0.006915300000000013,1,99.95374653098983
0.05,0.25,0.15,0.3,0.25,1.0,0.024903199999999903,1,99.95374653098983
0.05,0.25,0.15,0.35,0.2,1.0,0.03667805000000002,3,99.86123959296947
0.05,0.25,0.15,0.4,0.15,0.9999958539255034,-0.015621200000000057,7,99.67622571692877
0.05,0.25,0.15,0.45,0.1,0.9999792696275167,-0.07416860000000003,7,99.67622571692877
0.05,0.25,0.15,0.5,0.05,0.9999046402865767,-0.132716,13,99.39870490286772
0.05,0.25,0.15,0.55,0.0,0.9997802580516767,-0.19126340000000003,16,99.25994449583719
0.05,0.25,0.2,0.0,0.5,0.9999958539255034,-0.06610505,1,99.95374653098983
0.05,0.25,0.2,0.05,0.45,0.9999958539255034,-0.04811715,1,99.95374653098983
0.05,0.25,0.2,0.1,0.4,0.9999958539255034,-0.030129250000000052,1,99.95374653098983
0.05,0.25,0.2,0.15,0.35,0.9999958539255034,-0.01214135000000005,1,99.95374653098983
0.05,0.25,0.2,0.2,0.3,1.0,0.005846550000000006,1,99.95374653098983
0.05,0.25,0.2,0.25,0.25,1.0,0.02383444999999995,1,99.95374653098983
0.05,0.25,0.2,0.3,0.2,1.0,0.028045949999999986,2,99.90749306197965
0.05,0.25,0.2,0.35,0.15,0.9999958539255034,-0.007681099999999996,3,99.86123959296947
0.05,0.25,0.2,0.4,0.1,0.99998756177651,-0.06622850000000002,4,99.81498612395929
0.05,0.25,0.2,0.45,0.05,0.99996268532953,-0.12477589999999994,6,99.72247918593895
0.05,0.25,0.2,0.5,0.0,0.99990049421208,-0.18332330000000002,13,99.39870490286772
0.05,0.25,0.25,0.0,0.45,0.9999958539255034,-0.049185900000000005,1,99.95374653098983
0.05,0.25,0.25,0.05,0.4,0.9999958539255034,-0.031197999999999948,1,99.95374653098983
0.05,0.25,0.25,0.1,0.35,0.9999958539255034,-0.013210100000000002,2,99.90749306197965
0.05,0.25,0.25,0.15,0.3,1.0,0.004777799999999999,2,99.90749306197965
0.05,0.25,0.25,0.2,0.25,1.0,0.0227657,2,99.90749306197965
0.05,0.25,0.25,0.25,0.2,1.0,0.01941385000000001,3,99.86123959296947
0.05,0.25,0.25,0.3,0.15,1.0,0.0002589999999999537,4,99.81498612395929
0.05,0.25,0.25,0.35,0.1,0.9999834157020133,-0.058288400000000073,4,99.81498612395929
0.05,0.25,0.25,0.4,0.05,0.99997512355302,-0.11683579999999999,5,99.76873265494912
0.05,0.25,0.25,0.45,0.0,0.9999461010315434,-0.17538320000000002,7,99.67622571692877
0.05,0.25,0.3,0.0,0.4,0.9999917078510067,-0.03226675000000001,2,99.90749306197965
0.05,0.25,0.3,0.05,0.35,0.9999958539255034,-0.01427885000000001,2,99.90749306197965
0.05,0.25,0.3,0.1,0.3,1.0,0.0037090499999999915,2,99.90749306197965
0.05,0.25,0.3,0.15,0.25,1.0,0.021696949999999937,2,99.90749306197965
0.05,0.25,0.3,0.2,0.2,1.0,0.010781750000000034,3,99.86123959296947
0.05,0.25,0.3,0.25,0.15,0.9999917078510067,-0.007639799999999974,4,99.81498612395929
0.05,0.25,0.3,0.3,0.1,0.9999834157020133,-0.05034829999999996,4,99.81498612395929
0.05,0.25,0.3,0.35,0.05,0.9999834157020133,-0.10889569999999993,5,99.76873265494912
0.05,0.25,0.3,0.4,0.0,0.99996268532953,-0.16744309999999996,6,99.72247918593895
0.05,0.25,0.35,0.0,0.35,0.99998756177651,-0.049742799999999976,4,99.81498612395929
0.05,0.25,0.35,0.05,0.3,0.9999917078510067,-0.02865129999999999,4,99.81498612395929
0.05,0.25,0.35,0.1,0.25,0.9999958539255034,-0.00755979999999995,5,99.76873265494912
0.05,0.25,0.35,0.15,0.2,1.0,0.00017415000000009506,6,99.72247918593895
0.05,0.25,0.35,0.2,0.15,0.9999917078510067,-0.033075699999999986,8,99.6299722479186
0.05,0.25,0.35,0.25,0.1,0.9999834157020133,-0.06632555000000001,8,99.6299722479186
0.05,0.25,0.35,0.3,0.05,0.9999792696275167,-0.10095559999999992,8,99.6299722479186
0.05,0.25,0.35,0.35,0.0,0.9999585392550333,-0.15950299999999995,10,99.53746530989824
0.05,0.25,0.4,0.0,0.3,0.9999834157020133,-0.08582379999999995,7,99.67622571692877
0.05,0.25,0.4,0.05,0.25,0.9999834157020133,-0.07602015000000001,7,99.67622571692877
0.05,0.25,0.4,0.1,0.2,0.9999792696275167,-0.06975694999999993,8,99.6299722479186
0.05,0.25,0.4,0.15,0.15,0.9999834157020133,-0.06584845,10,99.53746530989824
0.05,0.25,0.4,0.2,0.1,0.9999668314040266,-0.09909830000000008,10,99.53746530989824
0.05,0.25,0.4,0.25,0.05,0.9999585392550333,-0.13234815,10,99.53746530989824
0.05,0.25,0.4,0.3,0.0,0.9999336628080533,-0.16559800000000002,13,99.39870490286772
0.05,0.25,0.45,0.0,0.25,0.9999461010315434,-0.1573333,12,99.44495837187789
0.05,0.25,0.45,0.05,0.2,0.9999419549570466,-0.15107009999999998,14,99.35245143385754
0.05,0.25,0.45,0.1,0.15,0.9999461010315434,-0.14480689999999996,14,99.35245143385754
0.05,0.25,0.45,0.15,0.1,0.99992537065906,-0.13854370000000005,14,99.35245143385754
0.05,0.25,0.45,0.2,0.05,0.9999087863610734,-0.16512090000000001,15,99.30619796484737
0.05,0.25,0.45,0.25,0.0,0.9998922020630867,-0.19837075000000004,16,99.25994449583719
0.05,0.25,0.5,0.0,0.2,0.9998548873926166,-0.23238324999999999,24,98.88991674375578
0.05,0.25,0.5,0.05,0.15,0.9998548873926166,-0.22612005000000002,25,98.84366327474561
0.05,0.25,0.5,0.1,0.1,0.9998548873926166,-0.21985684999999994,25,98.84366327474561
0.05,0.25,0.5,0.15,0.05,0.99985074131812,-0.21359364999999997,25,98.84366327474561
0.05,0.25,0.5,0.2,0.0,0.99982586487114,-0.2311435,25,98.84366327474561
0.05,0.25,0.55,0.0,0.15,0.99976367375369,-0.3074332000000001,32,98.51988899167438
0.05,0.25,0.55,0.05,0.1,0.9997470894557033,-0.30117000000000005,32,98.51988899167438
0.05,0.25,0.55,0.1,0.05,0.9997305051577167,-0.2949068,32,98.51988899167438
0.05,0.25,0.55,0.15,0.0,0.99970148263624,-0.28864360000000006,32,98.51988899167438
0.05,0.25,0.6,0.0,0.1,0.9996475836677834,-0.3824831499999999,35,98.38112858464385
0.05,0.25,0.6,0.05,0.05,0.99961441507181,-0.37621994999999997,36,98.33487511563366
0.05,0.25,0.6,0.1,0.0,0.99960197684832,-0.36995674999999995,36,98.33487511563366
0.05,0.25,0.65,0.0,0.05,0.9994071113469767,-0.4575331,37,98.2886216466235
0.05,0.25,0.65,0.05,0.0,0.9993780888255,-0.45126990000000006,37,98.2886216466235
0.05,0.25,0.7,0.0,0.0,0.9990629871637534,-0.53258305,40,98.14986123959298
0.05,0.3,0.0,0.0,0.65,0.9999668314040266,-0.14229189999999997,7,99.67622571692877
0.05,0.3,0.0,0.05,0.6,0.99996268532953,-0.12430399999999997,8,99.6299722479186
0.05,0.3,0.0,0.1,0.55,0.99996268532953,-0.10631610000000002,8,99.6299722479186
0.05,0.3,0.0,0.15,0.5,0.99996268532953,-0.08832820000000008,8,99.6299722479186
0.05,0.3,0.0,0.2,0.45,0.9999668314040266,-0.07602115000000004,9,99.58371877890842
0.05,0.3,0.0,0.25,0.4,0.9999668314040266,-0.06958190000000003,9,99.58371877890842
0.05,0.3,0.0,0.3,0.35,0.9999668314040266,-0.06314265000000002,9,99.58371877890842
0.05,0.3,0.0,0.35,0.3,0.9999668314040266,-0.05936564999999999,8,99.6299722479186
0.05,0.3,0.0,0.4,0.25,0.9999709774785234,-0.06537404999999996,10,99.53746530989824
0.05,0.3,0.0,0.45,0.2,0.9999461010315434,-0.07138245000000004,12,99.44495837187789
0.05,0.3,0.0,0.5,0.15,0.99988805598859,-0.07739084999999996,15,99.30619796484737
0.05,0.3,0.0,0.55,0.1,0.9997595276791933,-0.11922055000000004,19,99.12118408880666
0.05,0.3,0.0,0.6,0.05,0.9996351454442933,-0.1616383999999999,24,98.88991674375578
0.05,0.3,0.0,0.65,0.0,0.9995066171348966,-0.21723509999999996,26,98.79740980573543
0.05,0.3,0.05,0.0,0.6,0.9999709774785234,-0.12537274999999998,5,99.76873265494912
0.05,0.3,0.05,0.05,0.55,0.9999792696275167,-0.10738484999999992,5,99.76873265494912
0.05,0.3,0.05,0.1,0.5,0.9999792696275167,-0.08939694999999992,4,99.81498612395929
0.05,0.3,0.05,0.15,0.45,0.9999834157020133,-0.07140905000000008,4,99.81498612395929
0.05,0.3,0.05,0.2,0.4,0.9999834157020133,-0.05342114999999997,5,99.76873265494912
0.05,0.3,0.05,0.25,0.35,0.9999834157020133,-0.03543325000000003,5,99.76873265494912
0.05,0.3,0.05,0.3,0.3,0.9999834157020133,-0.017445350000000026,6,99.72247918593895
0.05,0.3,0.05,0.35,0.25,0.9999958539255034,-0.006729049999999959,6,99.72247918593895
0.05,0.3,0.05,0.4,0.2,0.9999958539255034,-0.012737449999999984,8,99.6299722479186
0.05,0.3,0.05,0.45,0.15,0.99996268532953,-0.025721049999999968,10,99.53746530989824
0.05,0.3,0.05,0.5,0.1,0.9999046402865767,-0.08276490000000003,13,99.39870490286772
0.05,0.3,0.05,0.55,0.05,0.99977611197718,-0.1413123,18,99.16743755781684
0.05,0.3,0.05,0.6,0.0,0.9996475836677834,-0.19985969999999997,22,98.98242368177613
0.05,0.3,0.1,0.0,0.55,0.9999917078510067,-0.10845360000000004,2,99.90749306197965
0.05,0.3,0.1,0.05,0.5,0.9999958539255034,-0.09046570000000004,2,99.90749306197965
0.05,0.3,0.1,0.1,0.45,0.9999958539255034,-0.07247779999999998,1,99.95374653098983
0.05,0.3,0.1,0.15,0.4,0.9999958539255034,-0.05448989999999998,1,99.95374653098983
0.05,0.3,0.1,0.2,0.35,0.9999958539255034,-0.03650199999999998,1,99.95374653098983
0.05,0.3,0.1,0.25,0.3,0.9999958539255034,-0.018514099999999978,1,99.95374653098983
0.05,0.3,0.1,0.3,0.25,0.9999958539255034,-0.0005261999999999212,1,99.95374653098983
0.05,0.3,0.1,0.35,0.2,1.0,0.017461700000000024,4,99.81498612395929
0.05,0.3,0.1,0.4,0.15,0.9999917078510067,-0.016277400000000053,6,99.72247918593895
0.05,0.3,0.1,0.45,0.1,0.9999792696275167,-0.07482480000000008,8,99.6299722479186
0.05,0.3,0.1,0.5,0.05,0.9998963481375833,-0.1333722,13,99.39870490286772
0.05,0.3,0.1,0.55,0.0,0.9997678198281866,-0.19191960000000002,16,99.25994449583719
0.05,0.3,0.15,0.0,0.5,0.9999958539255034,-0.09153444999999999,1,99.95374653098983
0.05,0.3,0.15,0.05,0.45,0.9999958539255034,-0.07354654999999999,1,99.95374653098983
0.05,0.3,0.15,0.1,0.4,0.9999958539255034,-0.05555864999999993,1,99.95374653098983
0.05,0.3,0.15,0.15,0.35,0.9999958539255034,-0.037570749999999986,1,99.95374653098983
0.05,0.3,0.15,0.2,0.3,0.9999958539255034,-0.019582849999999985,1,99.95374653098983
0.05,0.3,0.15,0.25,0.25,0.9999958539255034,-0.0015949499999999839,1,99.95374653098983
0.05,0.3,0.15,0.3,0.2,1.0,0.016392950000000017,2,99.90749306197965
0.05,0.3,0.15,0.35,0.15,0.9999958539255034,-0.008337300000000047,3,99.86123959296947
0.05,0.3,0.15,0.4,0.1,0.9999792696275167,-0.06688470000000002,4,99.81498612395929
0.05,0.3,0.15,0.45,0.05,0.9999543931805367,-0.12543209999999994,9,99.58371877890842
0.05,0.3,0.15,0.5,0.0,0.9998922020630867,-0.18397949999999996,13,99.39870490286772
0.05,0.3,0.2,0.0,0.45,0.9999958539255034,-0.07461530000000005,1,99.95374653098983
0.05,0.3,0.2,0.05,0.4,0.9999958539255034,-0.056627399999999994,1,99.95374653098983
0.05,0.3,0.2,0.1,0.35,0.9999958539255034,-0.03863949999999999,2,99.90749306197965
0.05,0.3,0.2,0.15,0.3,0.9999958539255034,-0.020651599999999992,2,99.90749306197965
0.05,0.3,0.2,0.2,0.25,0.9999958539255034,-0.0026636999999999356,2,99.90749306197965
0.05,0.3,0.2,0.25,0.2,1.0,0.015324199999999955,3,99.86123959296947
0.05,0.3,0.2,0.3,0.15,0.9999958539255034,-0.00039719999999998645,3,99.86123959296947
0.05,0.3,0.2,0.35,0.1,0.9999834157020133,-0.058944600000000014,5,99.76873265494912
0.05,0.3,0.2,0.4,0.05,0.99997512355302,-0.11749199999999993,5,99.76873265494912
0.05,0.3,0.2,0.45,0.0,0.9999419549570466,-0.17603939999999996,8,99.6299722479186
0.05,0.3,0.25,0.0,0.4,0.9999958539255034,-0.05769615,2,99.90749306197965
0.05,0.3,0.25,0.05,0.35,0.9999958539255034,-0.03970825,2,99.90749306197965
0.05,0.3,0.25,0.1,0.3,0.9999958539255034,-0.02172035,2,99.90749306197965
0.05,0.3,0.25,0.15,0.25,0.9999958539255034,-0.0037324499999999983,2,99.90749306197965
0.05,0.3,0.25,0.2,0.2,1.0,0.013436300000000012,3,99.86123959296947
0.05,0.3,0.25,0.25,0.15,0.9999917078510067,-0.004985249999999997,4,99.81498612395929
0.05,0.3,0.25,0.3,0.1,0.99998756177651,-0.05100450000000001,5,99.76873265494912
0.05,0.3,0.25,0.35,0.05,0.9999792696275167,-0.10955189999999998,5,99.76873265494912
0.05,0.3,0.25,0.4,0.0,0.9999543931805367,-0.16809930000000006,6,99.72247918593895
0.05,0.3,0.3,0.0,0.35,0.99998756177651,-0.04077700000000001,5,99.76873265494912
0.05,0.3,0.3,0.05,0.3,0.9999917078510067,-0.02278909999999995,5,99.76873265494912
0.05,0.3,0.3,0.1,0.25,0.9999958539255034,-0.00480119999999995,5,99.76873265494912
0.05,0.3,0.3,0.15,0.2,0.9999958539255034,-0.003883999999999943,6,99.72247918593895
0.05,0.3,0.3,0.2,0.15,0.9999917078510067,-0.03713384999999997,7,99.67622571692877
0.05,0.3,0.3,0.25,0.1,0.99998756177651,-0.0703837,7,99.67622571692877
0.05,0.3,0.3,0.3,0.05,0.9999709774785234,-0.10363354999999991,8,99.6299722479186
0.05,0.3,0.3,0.35,0.0,0.9999461010315434,-0.1601592,9,99.58371877890842
0.05,0.3,0.35,0.0,0.3,0.9999834157020133,-0.04098564999999993,9,99.58371877890842
0.05,0.3,0.35,0.05,0.25,0.9999792696275167,-0.03472244999999996,9,99.58371877890842
0.05,0.3,0.35,0.1,0.2,0.9999834157020133,-0.03665674999999996,10,99.53746530989824
0.05,0.3,0.35,0.15,0.15,0.9999834157020133,-0.06990659999999999,11,99.49121184088807
0.05,0.3,0.35,0.2,0.1,0.9999709774785234,-0.10315645000000001,10,99.53746530989824
0.05,0.3,0.35,0.25,0.05,0.9999585392550333,-0.13640629999999992,11,99.49121184088807
0.05,0.3,0.35,0.3,0.0,0.99993780888255,-0.16965614999999995,12,99.44495837187789
0.05,0.3,0.4,0.0,0.25,0.99996268532953,-0.11603560000000002,15,99.30619796484737
0.05,0.3,0.4,0.05,0.2,0.9999585392550333,-0.10977239999999999,16,99.25994449583719
0.05,0.3,0.4,0.1,0.15,0.99995024710604,-0.10350919999999997,17,99.21369102682701
0.05,0.3,0.4,0.15,0.1,0.99995024710604,-0.13592919999999997,17,99.21369102682701
0.05,0.3,0.4,0.2,0.05,0.9999295167335567,-0.16917904999999994,17,99.21369102682701
0.05,0.3,0.4,0.25,0.0,0.9999087863610734,-0.20242889999999997,18,99.16743755781684
0.05,0.3,0.45,0.0,0.2,0.9999046402865767,-0.19108555,21,99.02867715078631
0.05,0.3,0.45,0.05,0.15,0.9999087863610734,-0.18482235000000002,23,98.93617021276596
0.05,0.3,0.45,0.1,0.1,0.9998797638395966,-0.17855915,23,98.93617021276596
0.05,0.3,0.45,0.15,0.05,0.9998673256161067,-0.20195179999999996,23,98.93617021276596
0.05,0.3,0.45,0.2,0.0,0.9998424491691267,-0.23520164999999998,23,98.93617021276596
0.05,0.3,0.5,0.0,0.15,0.9997968423496634,-0.2661355,29,98.6586493987049
0.05,0.3,0.5,0.05,0.1,0.9997968423496634,-0.2598723,28,98.70490286771508
0.05,0.3,0.5,0.1,0.05,0.99977611197718,-0.2536090999999999,28,98.70490286771508
0.05,0.3,0.5,0.15,0.0,0.9997553816046967,-0.26797439999999995,28,98.70490286771508
0.05,0.3,0.55,0.0,0.1,0.9996600218912733,-0.34118545,34,98.42738205365403
0.05,0.3,0.55,0.05,0.05,0.99963929151879,-0.33492225000000003,34,98.42738205365403
0.05,0.3,0.55,0.1,0.0,0.9996102689973133,-0.32865905,34,98.42738205365403
0.05,0.3,0.6,0.0,0.05,0.9994610103154333,-0.4162353999999999,37,98.2886216466235
0.05,0.3,0.6,0.05,0.0,0.99945271816644,-0.4099721999999999,37,98.2886216466235
0.05,0.3,0.65,0.0,0.0,0.9991376165046933,-0.49128535000000007,39,98.19611470860315
0.05,0.35,0.0,0.0,0.6,0.9999585392550333,-0.15080215000000002,5,99.76873265494912
0.05,0.35,0.0,0.05,0.55,0.99996268532953,-0.13281424999999997,5,99.76873265494912
0.05,0.35,0.0,0.1,0.5,0.99996268532953,-0.11482634999999997,4,99.81498612395929
0.05,0.35,0.0,0.15,0.45,0.9999668314040266,-0.09683845000000008,4,99.81498612395929
0.05,0.35,0.0,0.2,0.4,0.99996268532953,-0.07885055000000002,4,99.81498612395929
0.05,0.35,0.0,0.25,0.35,0.9999709774785234,-0.06086265000000002,6,99.72247918593895
0.05,0.35,0.0,0.3,0.3,0.9999668314040266,-0.04287475000000002,8,99.6299722479186
0.05,0.35,0.0,0.35,0.25,0.99996268532953,-0.03927305000000003,9,99.58371877890842
0.05,0.35,0.0,0.4,0.2,0.9999585392550333,-0.04677389999999998,10,99.53746530989824
0.05,0.35,0.0,0.45,0.15,0.9999336628080533,-0.0673319,10,99.53746530989824
0.05,0.35,0.0,0.5,0.1,0.9998756177651,-0.10319060000000002,13,99.39870490286772
0.05,0.35,0.0,0.55,0.05,0.9997429433812067,-0.16015804999999989,18,99.16743755781684
0.05,0.35,0.0,0.6,0.0,0.9996268532953,-0.21712549999999997,23,98.93617021276596
0.05,0.35,0.05,0.0,0.55,0.9999834157020133,-0.13388299999999997,2,99.90749306197965
0.05,0.35,0.05,0.05,0.5,0.9999834157020133,-0.11589509999999997,2,99.90749306197965
0.05,0.35,0.05,0.1,0.45,0.9999958539255034,-0.09790719999999997,2,99.90749306197965
0.05,0.35,0.05,0.15,0.4,0.9999958539255034,-0.07991930000000003,2,99.90749306197965
0.05,0.35,0.05,0.2,0.35,0.9999958539255034,-0.061931400000000025,2,99.90749306197965
0.05,0.35,0.05,0.25,0.3,0.9999958539255034,-0.04394349999999997,1,99.95374653098983
0.05,0.35,0.05,0.3,0.25,0.9999958539255034,-0.025955599999999968,3,99.86123959296947
0.05,0.35,0.05,0.35,0.2,0.99998756177651,-0.014388199999999962,5,99.76873265494912
0.05,0.35,0.05,0.4,0.15,0.9999834157020133,-0.03494619999999998,7,99.67622571692877
0.05,0.35,0.05,0.45,0.1,0.99996268532953,-0.07836825000000003,9,99.58371877890842
0.05,0.35,0.05,0.5,0.05,0.99988805598859,-0.13533569999999995,14,99.35245143385754
0.05,0.35,0.05,0.55,0.0,0.9997512355302,-0.19257579999999996,16,99.25994449583719
0.05,0.35,0.1,0.0,0.5,0.9999958539255034,-0.11696384999999998,2,99.90749306197965
0.05,0.35,0.1,0.05,0.45,0.9999958539255034,-0.09897594999999992,2,99.90749306197965
0.05,0.35,0.1,0.1,0.4,0.9999958539255034,-0.08098804999999987,2,99.90749306197965
0.05,0.35,0.1,0.15,0.35,0.9999958539255034,-0.06300014999999998,1,99.95374653098983
0.05,0.35,0.1,0.2,0.3,0.9999958539255034,-0.04501224999999992,1,99.95374653098983
0.05,0.35,0.1,0.25,0.25,0.9999958539255034,-0.02702434999999992,1,99.95374653098983
0.05,0.35,0.1,0.3,0.2,0.9999958539255034,-0.009036449999999974,3,99.86123959296947
0.05,0.35,0.1,0.35,0.15,0.99998756177651,-0.014975550000000004,4,99.81498612395929
0.05,0.35,0.1,0.4,0.1,0.9999792696275167,-0.06754090000000001,6,99.72247918593895
0.05,0.35,0.1,0.45,0.05,0.99993780888255,-0.1260883,10,99.53746530989824
0.05,0.35,0.1,0.5,0.0,0.9998839099140934,-0.18463570000000007,14,99.35245143385754
0.05,0.35,0.15,0.0,0.45,0.9999958539255034,-0.10004469999999999,1,99.95374653098983
0.05,0.35,0.15,0.05,0.4,0.9999958539255034,-0.08205679999999999,2,99.90749306197965
0.05,0.35,0.15,0.1,0.35,0.9999958539255034,-0.06406889999999993,2,99.90749306197965
0.05,0.35,0.15,0.15,0.3,0.9999958539255034,-0.04608100000000004,2,99.90749306197965
0.05,0.35,0.15,0.2,0.25,0.9999958539255034,-0.028093099999999982,2,99.90749306197965
0.05,0.35,0.15,0.25,0.2,0.9999958539255034,-0.010105200000000036,3,99.86123959296947
0.05,0.35,0.15,0.3,0.15,0.9999958539255034,-0.0010533999999999821,4,99.81498612395929
0.05,0.35,0.15,0.35,0.1,0.9999792696275167,-0.05960080000000001,6,99.72247918593895
0.05,0.35,0.15,0.4,0.05,0.99996268532953,-0.11814819999999993,7,99.67622571692877
0.05,0.35,0.15,0.45,0.0,0.9999295167335567,-0.1766956,9,99.58371877890842
0.05,0.35,0.2,0.0,0.4,0.9999917078510067,-0.08312554999999999,2,99.90749306197965
0.05,0.35,0.2,0.05,0.35,0.9999917078510067,-0.06513764999999994,2,99.90749306197965
0.05,0.35,0.2,0.1,0.3,0.9999917078510067,-0.047149749999999935,2,99.90749306197965
0.05,0.35,0.2,0.15,0.25,0.9999917078510067,-0.029161850000000045,2,99.90749306197965
0.05,0.35,0.2,0.2,0.2,0.9999917078510067,-0.011173949999999988,3,99.86123959296947
0.05,0.35,0.2,0.25,0.15,0.9999917078510067,-0.00841924999999999,4,99.81498612395929
0.05,0.35,0.2,0.3,0.1,0.9999792696275167,-0.051660700000000004,5,99.76873265494912
0.05,0.35,0.2,0.35,0.05,0.99997512355302,-0.11020809999999998,5,99.76873265494912
0.05,0.35,0.2,0.4,0.0,0.9999461010315434,-0.1687555,8,99.6299722479186
0.05,0.35,0.25,0.0,0.35,0.9999917078510067,-0.06620639999999994,6,99.72247918593895
0.05,0.35,0.25,0.05,0.3,0.9999917078510067,-0.04821849999999994,6,99.72247918593895
0.05,0.35,0.25,0.1,0.25,0.9999917078510067,-0.030803199999999975,6,99.72247918593895
0.05,0.35,0.25,0.15,0.2,0.99998756177651,-0.02764359999999999,7,99.67622571692877
0.05,0.35,0.25,0.2,0.15,0.99998756177651,-0.041192000000000006,7,99.67622571692877
0.05,0.35,0.25,0.25,0.1,0.9999834157020133,-0.07444185000000003,10,99.53746530989824
0.05,0.35,0.25,0.3,0.05,0.99996268532953,-0.10769169999999995,10,99.53746530989824
0.05,0.35,0.25,0.35,0.0,0.9999419549570466,-0.16081539999999994,11,99.49121184088807
0.05,0.35,0.3,0.0,0.3,0.9999917078510067,-0.05917219999999995,11,99.49121184088807
0.05,0.35,0.3,0.05,0.25,0.99998756177651,-0.05601259999999997,11,99.49121184088807
0.05,0.35,0.3,0.1,0.2,0.9999834157020133,-0.05285299999999993,12,99.44495837187789
0.05,0.35,0.3,0.15,0.15,0.99998756177651,-0.07396474999999997,12,99.44495837187789
0.05,0.35,0.3,0.2,0.1,0.9999709774785234,-0.1072146,14,99.35245143385754
0.05,0.35,0.3,0.25,0.05,0.99995024710604,-0.14046444999999996,15,99.30619796484737
0.05,0.35,0.3,0.3,0.0,0.99992537065906,-0.17371430000000004,17,99.21369102682701
0.05,0.35,0.35,0.0,0.25,0.9999709774785234,-0.08122199999999996,15,99.30619796484737
0.05,0.35,0.35,0.05,0.2,0.9999709774785234,-0.07806239999999998,16,99.25994449583719
0.05,0.35,0.35,0.1,0.15,0.9999668314040266,-0.10673749999999999,16,99.25994449583719
0.05,0.35,0.35,0.15,0.1,0.99995024710604,-0.13998735,18,99.16743755781684
0.05,0.35,0.35,0.2,0.05,0.9999295167335567,-0.17323719999999998,20,99.07493061979649
0.05,0.35,0.35,0.25,0.0,0.99990049421208,-0.20648705,21,99.02867715078631
0.05,0.35,0.4,0.0,0.2,0.9999046402865767,-0.14978785,22,98.98242368177613
0.05,0.35,0.4,0.05,0.15,0.9999212245845633,-0.14352464999999998,23,98.93617021276596
0.05,0.35,0.4,0.1,0.1,0.99991293243557,-0.17276010000000003,24,98.88991674375578
0.05,0.35,0.4,0.15,0.05,0.9998839099140934,-0.20600994999999994,24,98.88991674375578
0.05,0.35,0.4,0.2,0.0,0.99985074131812,-0.23925980000000002,25,98.84366327474561
0.05,0.35,0.45,0.0,0.15,0.9998217187966434,-0.2248378,24,98.88991674375578
0.05,0.35,0.45,0.05,0.1,0.99981342664765,-0.21857460000000004,25,98.84366327474561
0.05,0.35,0.45,0.1,0.05,0.99977611197718,-0.2387827,25,98.84366327474561
0.05,0.35,0.45,0.15,0.0,0.99977611197718,-0.27203255,26,98.79740980573543
0.05,0.35,0.5,0.0,0.1,0.9996931904872467,-0.29988775,30,98.61239592969473
0.05,0.35,0.5,0.05,0.05,0.99967660618926,-0.29362455,30,98.61239592969473
0.05,0.35,0.5,0.1,0.0,0.9996600218912733,-0.30480529999999995,30,98.61239592969473
0.05,0.35,0.55,0.0,0.05,0.9995024710604,-0.37493770000000004,35,98.38112858464385
0.05,0.35,0.55,0.05,0.0,0.9994817406879167,-0.3686745,35,98.38112858464385
0.05,0.35,0.6,0.0,0.0,0.9992329762181167,-0.4499876499999999,40,98.14986123959298
0.05,0.4,0.0,0.0,0.55,0.99995024710604,-0.15931239999999997,2,99.90749306197965
0.05,0.4,0.0,0.05,0.5,0.99996268532953,-0.14132449999999996,2,99.90749306197965
0.05,0.4,0.0,0.1,0.45,0.9999668314040266,-0.12333659999999996,3,99.86123959296947
0.05,0.4,0.0,0.15,0.4,0.99997512355302,-0.10534870000000007,3,99.86123959296947
0.05,0.4,0.0,0.2,0.35,0.9999668314040266,-0.08736080000000002,3,99.86123959296947
0.05,0.4,0.0,0.25,0.3,0.9999668314040266,-0.06937290000000007,4,99.81498612395929
0.05,0.4,0.0,0.3,0.25,0.99996268532953,-0.06485985000000005,4,99.81498612395929
0.05,0.4,0.0,0.35,0.2,0.9999709774785234,-0.07462344999999998,7,99.67622571692877
0.05,0.4,0.0,0.4,0.15,0.9999543931805367,-0.09518144999999995,8,99.6299722479186
0.05,0.4,0.0,0.45,0.1,0.9999336628080533,-0.11573945000000002,10,99.53746530989824
0.05,0.4,0.0,0.5,0.05,0.99985074131812,-0.16748699999999994,12,99.44495837187789
0.05,0.4,0.0,0.55,0.0,0.99973879730671,-0.22445444999999997,16,99.25994449583719
0.05,0.4,0.05,0.0,0.5,0.9999709774785234,-0.14239325000000003,2,99.90749306197965
0.05,0.4,0.05,0.05,0.45,0.99998756177651,-0.12440534999999997,2,99.90749306197965
0.05,0.4,0.05,0.1,0.4,0.99998756177651,-0.10641744999999991,2,99.90749306197965
0.05,0.4,0.05,0.15,0.35,0.99998756177651,-0.08842955000000008,3,99.86123959296947
0.05,0.4,0.05,0.2,0.3,0.9999834157020133,-0.07044165000000002,3,99.86123959296947
0.05,0.4,0.05,0.25,0.25,0.99998756177651,-0.052453749999999966,4,99.81498612395929
0.05,0.4,0.05,0.3,0.2,0.9999834157020133,-0.04223774999999996,4,99.81498612395929
0.05,0.4,0.05,0.35,0.15,0.9999668314040266,-0.06279574999999998,5,99.76873265494912
0.05,0.4,0.05,0.4,0.1,0.99996268532953,-0.08569719999999997,5,99.76873265494912
0.05,0.4,0.05,0.45,0.05,0.99992537065906,-0.1426646499999999,11,99.49121184088807
0.05,0.4,0.05,0.5,0.0,0.9998548873926166,-0.19963209999999998,13,99.39870490286772
0.05,0.4,0.1,0.0,0.45,0.99998756177651,-0.12547409999999998,2,99.90749306197965
0.05,0.4,0.1,0.05,0.4,0.99998756177651,-0.10748619999999992,3,99.86123959296947
0.05,0.4,0.1,0.1,0.35,0.9999917078510067,-0.08949829999999992,3,99.86123959296947
0.05,0.4,0.1,0.15,0.3,0.99998756177651,-0.07151040000000003,4,99.81498612395929
0.05,0.4,0.1,0.2,0.25,0.99998756177651,-0.05352250000000003,3,99.86123959296947
0.05,0.4,0.1,0.25,0.2,0.9999792696275167,-0.03553459999999997,5,99.76873265494912
0.05,0.4,0.1,0.3,0.15,0.9999709774785234,-0.030410049999999966,5,99.76873265494912
0.05,0.4,0.1,0.35,0.1,0.99996268532953,-0.060874850000000036,6,99.72247918593895
0.05,0.4,0.1,0.4,0.05,0.9999585392550333,-0.11880440000000003,8,99.6299722479186
0.05,0.4,0.1,0.45,0.0,0.99991293243557,-0.1773518,10,99.53746530989824
0.05,0.4,0.15,0.0,0.4,0.9999917078510067,-0.10855495000000004,3,99.86123959296947
0.05,0.4,0.15,0.05,0.35,0.9999917078510067,-0.09056704999999998,2,99.90749306197965
0.05,0.4,0.15,0.1,0.3,0.9999917078510067,-0.07257914999999998,2,99.90749306197965
0.05,0.4,0.15,0.15,0.25,0.9999917078510067,-0.05459124999999998,2,99.90749306197965
0.05,0.4,0.15,0.2,0.2,0.9999917078510067,-0.036603350000000034,5,99.76873265494912
0.05,0.4,0.15,0.25,0.15,0.9999834157020133,-0.03141670000000002,5,99.76873265494912
0.05,0.4,0.15,0.3,0.1,0.9999668314040266,-0.0523169,5,99.76873265494912
0.05,0.4,0.15,0.35,0.05,0.9999585392550333,-0.11086429999999997,7,99.67622571692877
0.05,0.4,0.15,0.4,0.0,0.9999170785100666,-0.16941170000000005,9,99.58371877890842
0.05,0.4,0.2,0.0,0.35,0.9999834157020133,-0.09163579999999999,7,99.67622571692877
0.05,0.4,0.2,0.05,0.3,0.9999917078510067,-0.07364789999999999,7,99.67622571692877
0.05,0.4,0.2,0.1,0.25,0.9999917078510067,-0.06294529999999998,7,99.67622571692877
0.05,0.4,0.2,0.15,0.2,0.99998756177651,-0.05978570000000005,8,99.6299722479186
0.05,0.4,0.2,0.2,0.15,0.9999834157020133,-0.05662610000000001,10,99.53746530989824
0.05,0.4,0.2,0.25,0.1,0.9999709774785234,-0.07850000000000001,10,99.53746530989824
0.05,0.4,0.2,0.3,0.05,0.9999461010315434,-0.11174984999999993,11,99.49121184088807
0.05,0.4,0.2,0.35,0.0,0.9999170785100666,-0.1614716,13,99.39870490286772
0.05,0.4,0.25,0.0,0.3,0.9999709774785234,-0.09131429999999996,13,99.39870490286772
0.05,0.4,0.25,0.05,0.25,0.99997512355302,-0.08815470000000003,13,99.39870490286772
0.05,0.4,0.25,0.1,0.2,0.99998756177651,-0.08499509999999999,14,99.35245143385754
0.05,0.4,0.25,0.15,0.15,0.9999834157020133,-0.08183550000000006,15,99.30619796484737
0.05,0.4,0.25,0.2,0.1,0.9999585392550333,-0.11127275000000003,15,99.30619796484737
0.05,0.4,0.25,0.25,0.05,0.9999336628080533,-0.14452259999999995,17,99.21369102682701
0.05,0.4,0.25,0.3,0.0,0.99990049421208,-0.17777244999999997,18,99.16743755781684
0.05,0.4,0.3,0.0,0.25,0.9999585392550333,-0.11336410000000002,16,99.25994449583719
0.05,0.4,0.3,0.05,0.2,0.9999543931805367,-0.11020449999999998,17,99.21369102682701
0.05,0.4,0.3,0.1,0.15,0.9999461010315434,-0.11079565000000002,17,99.21369102682701
0.05,0.4,0.3,0.15,0.1,0.9999295167335567,-0.1440455,19,99.12118408880666
0.05,0.4,0.3,0.2,0.05,0.99991293243557,-0.17729534999999996,20,99.07493061979649
0.05,0.4,0.3,0.25,0.0,0.99988805598859,-0.21054519999999993,23,98.93617021276596
0.05,0.4,0.35,0.0,0.2,0.9999170785100666,-0.13541390000000003,22,98.98242368177613
0.05,0.4,0.35,0.05,0.15,0.9999046402865767,-0.14356839999999998,23,98.93617021276596
0.05,0.4,0.35,0.1,0.1,0.9998922020630867,-0.17681825,24,98.88991674375578
0.05,0.4,0.35,0.15,0.05,0.9998839099140934,-0.21006809999999998,25,98.84366327474561
0.05,0.4,0.35,0.2,0.0,0.9998465952436233,-0.24331795,25,98.84366327474561
0.05,0.4,0.4,0.0,0.15,0.9998051344986567,-0.18354009999999998,25,98.84366327474561
0.05,0.4,0.4,0.05,0.1,0.9997926962751666,-0.20959099999999997,26,98.79740980573543
0.05,0.4,0.4,0.1,0.05,0.9997844041261733,-0.24284084999999997,27,98.75115633672526
0.05,0.4,0.4,0.15,0.0,0.9997678198281866,-0.2760907,27,98.75115633672526
0.05,0.4,0.45,0.0,0.1,0.99968904441275,-0.25859005,28,98.70490286771508
0.05,0.4,0.45,0.05,0.05,0.9996724601147633,-0.27561359999999996,28,98.70490286771508
0.05,0.4,0.45,0.1,0.0,0.9996600218912733,-0.30886345,29,98.6586493987049
0.05,0.4,0.5,0.0,0.05,0.9995190553583867,-0.33364,35,98.38112858464385
0.05,0.4,0.5,0.05,0.0,0.99951490928389,-0.34163619999999995,34,98.42738205365403
0.05,0.4,0.55,0.0,0.0,0.9992578526650967,-0.40868994999999997,40,98.14986123959298
0.05,0.45,0.0,0.0,0.5,0.9999046402865767,-0.16782265000000007,5,99.76873265494912
0.05,0.45,0.0,0.05,0.45,0.9999295167335567,-0.14983475000000002,4,99.81498612395929
0.05,0.45,0.0,0.1,0.4,0.9999419549570466,-0.13184684999999996,4,99.81498612395929
0.05,0.45,0.0,0.15,0.35,0.9999461010315434,-0.11385895000000013,4,99.81498612395929
0.05,0.45,0.0,0.2,0.3,0.99996268532953,-0.10393450000000004,5,99.76873265494912
0.05,0.45,0.0,0.25,0.25,0.9999668314040266,-0.10609345000000003,5,99.76873265494912
0.05,0.45,0.0,0.3,0.2,0.9999585392550333,-0.10825240000000003,7,99.67622571692877
0.05,0.45,0.0,0.35,0.15,0.9999585392550333,-0.12303100000000006,7,99.67622571692877
0.05,0.45,0.0,0.4,0.1,0.99993780888255,-0.14358900000000002,8,99.6299722479186
0.05,0.45,0.0,0.45,0.05,0.9998922020630867,-0.17481594999999994,11,99.49121184088807
0.05,0.45,0.0,0.5,0.0,0.99982586487114,-0.23178339999999992,13,99.39870490286772
0.05,0.45,0.05,0.0,0.45,0.9999336628080533,-0.15090350000000002,4,99.81498612395929
0.05,0.45,0.05,0.05,0.4,0.9999419549570466,-0.13291559999999997,5,99.76873265494912
0.05,0.45,0.05,0.1,0.35,0.9999585392550333,-0.11492769999999997,5,99.76873265494912
0.05,0.45,0.05,0.15,0.3,0.9999668314040266,-0.09693980000000013,5,99.76873265494912
0.05,0.45,0.05,0.2,0.25,0.9999668314040266,-0.07895190000000007,6,99.72247918593895
0.05,0.45,0.05,0.25,0.2,0.9999709774785234,-0.07780760000000003,7,99.67622571692877
0.05,0.45,0.05,0.3,0.15,0.9999585392550333,-0.09064529999999998,8,99.6299722479186
0.05,0.45,0.05,0.35,0.1,0.9999419549570466,-0.1112033,7,99.67622571692877
0.05,0.45,0.05,0.4,0.05,0.99992537065906,-0.1499935999999999,10,99.53746530989824
0.05,0.45,0.05,0.45,0.0,0.9998673256161067,-0.20696104999999998,11,99.49121184088807
0.05,0.45,0.1,0.0,0.4,0.9999336628080533,-0.13398434999999997,7,99.67622571692877
0.05,0.45,0.1,0.05,0.35,0.99995024710604,-0.11599644999999997,7,99.67622571692877
0.05,0.45,0.1,0.1,0.3,0.9999543931805367,-0.09800854999999997,7,99.67622571692877
0.05,0.45,0.1,0.15,0.25,0.9999668314040266,-0.08002065000000003,8,99.6299722479186
0.05,0.45,0.1,0.2,0.2,0.9999668314040266,-0.06671840000000001,8,99.6299722479186
0.05,0.45,0.1,0.25,0.15,0.9999585392550333,-0.06355880000000003,8,99.6299722479186
0.05,0.45,0.1,0.3,0.1,0.99995024710604,-0.07881759999999999,9,99.58371877890842
0.05,0.45,0.1,0.35,0.05,0.9999336628080533,-0.12517124999999996,9,99.58371877890842
0.05,0.45,0.1,0.4,0.0,0.9998839099140934,-0.18213869999999993,13,99.39870490286772
0.05,0.45,0.15,0.0,0.35,0.99993780888255,-0.11706520000000009,12,99.44495837187789
0.05,0.45,0.15,0.05,0.3,0.99995024710604,-0.09907730000000009,13,99.39870490286772
0.05,0.45,0.15,0.1,0.25,0.9999543931805367,-0.09508740000000004,12,99.44495837187789
0.05,0.45,0.15,0.15,0.2,0.9999461010315434,-0.09192780000000006,14,99.35245143385754
0.05,0.45,0.15,0.2,0.15,0.9999461010315434,-0.08876820000000007,14,99.35245143385754
0.05,0.45,0.15,0.25,0.1,0.9999461010315434,-0.08560860000000009,14,99.35245143385754
0.05,0.45,0.15,0.3,0.05,0.9999170785100666,-0.11580799999999997,17,99.21369102682701
0.05,0.45,0.15,0.35,0.0,0.9998922020630867,-0.16212779999999993,18,99.16743755781684
0.05,0.45,0.2,0.0,0.3,0.9999461010315434,-0.12345640000000002,16,99.25994449583719
0.05,0.45,0.2,0.05,0.25,0.9999461010315434,-0.12029680000000004,17,99.21369102682701
0.05,0.45,0.2,0.1,0.2,0.9999461010315434,-0.1171372,19,99.12118408880666
0.05,0.45,0.2,0.15,0.15,0.9999461010315434,-0.11397760000000007,19,99.12118408880666
0.05,0.45,0.2,0.2,0.1,0.9999170785100666,-0.11533090000000001,19,99.12118408880666
0.05,0.45,0.2,0.25,0.05,0.9998922020630867,-0.14858074999999993,20,99.07493061979649
0.05,0.45,0.2,0.3,0.0,0.9998839099140934,-0.18183060000000006,22,98.98242368177613
0.05,0.45,0.25,0.0,0.25,0.99993780888255,-0.14550620000000003,17,99.21369102682701
0.05,0.45,0.25,0.05,0.2,0.99993780888255,-0.1423466,18,99.16743755781684
0.05,0.45,0.25,0.1,0.15,0.9999170785100666,-0.139187,20,99.07493061979649
0.05,0.45,0.25,0.15,0.1,0.9998963481375833,-0.14810365000000003,20,99.07493061979649
0.05,0.45,0.25,0.2,0.05,0.9998673256161067,-0.1813535,21,99.02867715078631
0.05,0.45,0.25,0.25,0.0,0.9998673256161067,-0.21460334999999997,23,98.93617021276596
0.05,0.45,0.3,0.0,0.2,0.9998797638395966,-0.16755599999999998,23,98.93617021276596
0.05,0.45,0.3,0.05,0.15,0.9998673256161067,-0.1643964,23,98.93617021276596
0.05,0.45,0.3,0.1,0.1,0.99983830309463,-0.1808764,26,98.79740980573543
0.05,0.45,0.3,0.15,0.05,0.9998300109456366,-0.21412624999999996,27,98.75115633672526
0.05,0.45,0.3,0.2,0.0,0.99981342664765,-0.2473761,27,98.75115633672526
0.05,0.45,0.35,0.0,0.15,0.9997844041261733,-0.18960580000000007,28,98.70490286771508
0.05,0.45,0.35,0.05,0.1,0.9997802580516767,-0.21364914999999998,29,98.6586493987049
0.05,0.45,0.35,0.1,0.05,0.9997470894557033,-0.24689899999999998,32,98.51988899167438
0.05,0.45,0.35,0.15,0.0,0.9997346512322134,-0.28014885,32,98.51988899167438
0.05,0.45,0.4,0.0,0.1,0.9996848983382534,-0.2464219,30,98.61239592969473
0.05,0.45,0.4,0.05,0.05,0.9996683140402667,-0.27967175,32,98.51988899167438
0.05,0.45,0.4,0.1,0.0,0.99963929151879,-0.3129216,33,98.47363552266421
0.05,0.45,0.45,0.0,0.05,0.9995107632093934,-0.3124445,33,98.47363552266421
0.05,0.45,0.45,0.05,0.0,0.9994734485389234,-0.34569435,34,98.42738205365403
0.05,0.45,0.5,0.0,0.0,0.9992910212610701,-0.3784671,42,98.05735430157262
0.05,0.5,0.0,0.0,0.45,0.9998051344986567,-0.17633290000000007,8,99.6299722479186
0.05,0.5,0.0,0.05,0.4,0.9998175727221467,-0.158345,8,99.6299722479186
0.05,0.5,0.0,0.1,0.35,0.9998217187966434,-0.14559595000000003,8,99.6299722479186
0.05,0.5,0.0,0.15,0.3,0.99983830309463,-0.14516810000000002,9,99.58371877890842
0.05,0.5,0.0,0.2,0.25,0.9998590334671134,-0.14732704999999996,9,99.58371877890842
0.05,0.5,0.0,0.25,0.2,0.9998673256161067,-0.14948599999999995,12,99.44495837187789
0.05,0.5,0.0,0.3,0.15,0.9998839099140934,-0.15164495,12,99.44495837187789
0.05,0.5,0.0,0.35,0.1,0.99990049421208,-0.17143854999999997,13,99.39870490286772
0.05,0.5,0.0,0.4,0.05,0.99986317954161,-0.19199655,16,99.25994449583719
0.05,0.5,0.0,0.45,0.0,0.9997802580516767,-0.23911234999999997,17,99.21369102682701
0.05,0.5,0.05,0.0,0.4,0.9998217187966434,-0.15941375000000002,13,99.39870490286772
0.05,0.5,0.05,0.05,0.35,0.9998465952436233,-0.14142585000000002,12,99.44495837187789
0.05,0.5,0.05,0.1,0.3,0.9998548873926166,-0.12343795000000002,12,99.44495837187789
0.05,0.5,0.05,0.15,0.25,0.99986317954161,-0.11688224999999997,12,99.44495837187789
0.05,0.5,0.05,0.2,0.2,0.9998839099140934,-0.1190411999999999,15,99.30619796484737
0.05,0.5,0.05,0.25,0.15,0.9999046402865767,-0.12120014999999995,17,99.21369102682701
0.05,0.5,0.05,0.3,0.1,0.99988805598859,-0.13905284999999995,17,99.21369102682701
0.05,0.5,0.05,0.35,0.05,0.99986317954161,-0.15961084999999992,17,99.21369102682701
0.05,0.5,0.05,0.4,0.0,0.9997968423496634,-0.21429000000000004,21,99.02867715078631
0.05,0.5,0.1,0.0,0.35,0.9998465952436233,-0.14249460000000003,18,99.16743755781684
0.05,0.5,0.1,0.05,0.3,0.9998714716906033,-0.13038909999999998,16,99.25994449583719
0.05,0.5,0.1,0.1,0.25,0.9998797638395966,-0.1272295,17,99.21369102682701
0.05,0.5,0.1,0.15,0.2,0.99990049421208,-0.12406989999999996,18,99.16743755781684
0.05,0.5,0.1,0.2,0.15,0.99988805598859,-0.12091029999999992,20,99.07493061979649
0.05,0.5,0.1,0.25,0.1,0.9998797638395966,-0.11775069999999999,21,99.02867715078631
0.05,0.5,0.1,0.3,0.05,0.99985074131812,-0.13250019999999996,21,99.02867715078631
0.05,0.5,0.1,0.35,0.0,0.9998051344986567,-0.18946765000000004,24,98.88991674375578
0.05,0.5,0.15,0.0,0.3,0.9998922020630867,-0.15559849999999997,21,99.02867715078631
0.05,0.5,0.15,0.05,0.25,0.9998922020630867,-0.15243889999999993,21,99.02867715078631
0.05,0.5,0.15,0.1,0.2,0.9999046402865767,-0.14927929999999995,22,98.98242368177613
0.05,0.5,0.15,0.15,0.15,0.9998756177651,-0.14611970000000007,22,98.98242368177613
0.05,0.5,0.15,0.2,0.1,0.99985074131812,-0.14296010000000003,22,98.98242368177613
0.05,0.5,0.15,0.25,0.05,0.9998300109456366,-0.15263889999999997,23,98.93617021276596
0.05,0.5,0.15,0.3,0.0,0.9998092805731533,-0.18588875,25,98.84366327474561
0.05,0.5,0.2,0.0,0.25,0.9999046402865767,-0.17764829999999998,22,98.98242368177613
0.05,0.5,0.2,0.05,0.2,0.9998839099140934,-0.1744887,24,98.88991674375578
0.05,0.5,0.2,0.1,0.15,0.9998673256161067,-0.17132909999999996,25,98.84366327474561
0.05,0.5,0.2,0.15,0.1,0.99983830309463,-0.16816950000000003,25,98.84366327474561
0.05,0.5,0.2,0.2,0.05,0.9998300109456366,-0.18541164999999998,25,98.84366327474561
0.05,0.5,0.2,0.25,0.0,0.9997678198281866,-0.21866150000000006,29,98.6586493987049
0.05,0.5,0.25,0.0,0.2,0.9998341570201333,-0.1996981,30,98.61239592969473
0.05,0.5,0.25,0.05,0.15,0.99982586487114,-0.1965385,33,98.47363552266421
0.05,0.5,0.25,0.1,0.1,0.9997926962751666,-0.19337889999999996,33,98.47363552266421
0.05,0.5,0.25,0.15,0.05,0.99977611197718,-0.2181844,34,98.42738205365403
0.05,0.5,0.25,0.2,0.0,0.99971392085973,-0.25143425,37,98.2886216466235
0.05,0.5,0.3,0.0,0.15,0.99976367375369,-0.2217479,37,98.2886216466235
0.05,0.5,0.3,0.05,0.1,0.9997719659026834,-0.21858829999999996,36,98.33487511563366
0.05,0.5,0.3,0.1,0.05,0.9997305051577167,-0.25095714999999996,36,98.33487511563366
0.05,0.5,0.3,0.15,0.0,0.99967660618926,-0.284207,37,98.2886216466235
0.05,0.5,0.35,0.0,0.1,0.99965172974228,-0.25048005,39,98.19611470860315
0.05,0.5,0.35,0.05,0.05,0.9996227072208034,-0.2837299,40,98.14986123959298
0.05,0.5,0.35,0.1,0.0,0.99958953862483,-0.31697975,40,98.14986123959298
0.05,0.5,0.4,0.0,0.05,0.9994693024644267,-0.31650265,42,98.05735430157262
0.05,0.5,0.4,0.05,0.0,0.9994236956449634,-0.3497525,41,98.10360777058278
0.05,0.5,0.45,0.0,0.0,0.9992288301436201,-0.38252525000000004,49,97.73358001850139
0.05,0.55,0.0,0.0,0.4,0.9996973365617433,-0.21407310000000002,27,98.75115633672526
0.05,0.55,0.0,0.05,0.35,0.9997097747852334,-0.20553720000000003,28,98.70490286771508
0.05,0.55,0.0,0.1,0.3,0.99972635908322,-0.1970013,28,98.70490286771508
0.05,0.55,0.0,0.15,0.25,0.9997553816046967,-0.18856065,29,98.6586493987049
0.05,0.55,0.0,0.2,0.2,0.99977611197718,-0.19071959999999993,30,98.61239592969473
0.05,0.55,0.0,0.25,0.15,0.99977611197718,-0.19287854999999998,30,98.61239592969473
0.05,0.55,0.0,0.3,0.1,0.9997429433812067,-0.19928809999999997,30,98.61239592969473
0.05,0.55,0.0,0.35,0.05,0.99966416796577,-0.21984609999999993,33,98.47363552266421
0.05,0.55,0.0,0.4,0.0,0.9995978307738234,-0.24644129999999997,33,98.47363552266421
0.05,0.55,0.05,0.0,0.35,0.9997346512322134,-0.19170185000000006,33,98.47363552266421
0.05,0.55,0.05,0.05,0.3,0.9997512355302,-0.18316595000000002,34,98.42738205365403
0.05,0.55,0.05,0.1,0.25,0.9997678198281866,-0.17463004999999998,34,98.42738205365403
0.05,0.55,0.05,0.15,0.2,0.9997802580516767,-0.16609415,35,98.38112858464385
0.05,0.55,0.05,0.2,0.15,0.9997802580516767,-0.16243375,36,98.33487511563366
0.05,0.55,0.05,0.25,0.1,0.9997305051577167,-0.16690239999999995,35,98.38112858464385
0.05,0.55,0.05,0.3,0.05,0.9996807522637566,-0.18746039999999992,37,98.2886216466235
0.05,0.55,0.05,0.35,0.0,0.99961441507181,-0.22161894999999998,39,98.19611470860315
0.05,0.55,0.1,0.0,0.3,0.9997678198281866,-0.18774060000000004,37,98.2886216466235
0.05,0.55,0.1,0.05,0.25,0.9997802580516767,-0.184581,37,98.2886216466235
0.05,0.55,0.1,0.1,0.2,0.99977611197718,-0.18142139999999995,38,98.24236817761333
0.05,0.55,0.1,0.15,0.15,0.9997553816046967,-0.17826179999999997,38,98.24236817761333
0.05,0.55,0.1,0.2,0.1,0.9997222130087233,-0.17510219999999993,38,98.24236817761333
0.05,0.55,0.1,0.25,0.05,0.99968904441275,-0.17194259999999995,38,98.24236817761333
0.05,0.55,0.1,0.3,0.0,0.99963929151879,-0.19679660000000004,39,98.19611470860315
0.05,0.55,0.15,0.0,0.25,0.9997595276791933,-0.2097904,38,98.24236817761333
0.05,0.55,0.15,0.05,0.2,0.99973879730671,-0.20663079999999995,40,98.14986123959298
0.05,0.55,0.15,0.1,0.15,0.99972635908322,-0.20347119999999996,40,98.14986123959298
0.05,0.55,0.15,0.15,0.1,0.9997056287107366,-0.2003116000000001,38,98.24236817761333
0.05,0.55,0.15,0.2,0.05,0.99966416796577,-0.19715200000000005,39,98.19611470860315
0.05,0.55,0.15,0.25,0.0,0.9996227072208034,-0.22271965000000005,42,98.05735430157262
0.05,0.55,0.2,0.0,0.2,0.9996931904872467,-0.23184019999999994,46,97.87234042553192
0.05,0.55,0.2,0.05,0.15,0.9996973365617433,-0.2286806,46,97.87234042553192
0.05,0.55,0.2,0.1,0.1,0.99967660618926,-0.22552099999999997,45,97.9185938945421
0.05,0.55,0.2,0.15,0.05,0.99963929151879,-0.22236140000000004,44,97.96484736355227
0.05,0.55,0.2,0.2,0.0,0.9995978307738234,-0.25549239999999995,48,97.77983348751155
0.05,0.55,0.25,0.0,0.15,0.9996724601147633,-0.25389000000000006,48,97.77983348751155
0.05,0.55,0.25,0.05,0.1,0.9996558758167767,-0.2507304,48,97.77983348751155
0.05,0.55,0.25,0.1,0.05,0.99960197684832,-0.2550153,47,97.82608695652173
0.05,0.55,0.25,0.15,0.0,0.9995729543268433,-0.28826515,50,97.68732654949122
0.05,0.55,0.3,0.0,0.1,0.9995480778798633,-0.27593979999999996,50,97.68732654949122
0.05,0.55,0.3,0.05,0.05,0.9995066171348966,-0.28778804999999996,50,97.68732654949122
0.05,0.55,0.3,0.1,0.0,0.99945271816644,-0.3210379,52,97.59481961147087
0.05,0.55,0.35,0.0,0.05,0.99934077415503,-0.3205608,55,97.45605920444034
0.05,0.55,0.35,0.05,0.0,0.9992868751865733,-0.35381065,56,97.40980573543015
0.05,0.55,0.4,0.0,0.0,0.9990712793127466,-0.3865834,59,97.27104532839962
0.05,0.6,0.0,0.0,0.35,0.9996309993697967,-0.26547845,44,97.96484736355227
0.05,0.6,0.0,0.05,0.3,0.9996351454442933,-0.25694254999999994,44,97.96484736355227
0.05,0.6,0.0,0.1,0.25,0.9996600218912733,-0.2484066499999999,45,97.9185938945421
0.05,0.6,0.0,0.15,0.2,0.9996351454442933,-0.23987075000000002,46,97.87234042553192
0.05,0.6,0.0,0.2,0.15,0.9996061229228167,-0.23411215000000002,46,97.87234042553192
0.05,0.6,0.0,0.25,0.1,0.9995232014328833,-0.23627109999999996,45,97.9185938945421
0.05,0.6,0.0,0.3,0.05,0.9994817406879167,-0.24769564999999993,46,97.87234042553192
0.05,0.6,0.0,0.35,0.0,0.9994319877939567,-0.26825364999999995,48,97.77983348751155
0.05,0.6,0.05,0.0,0.3,0.99963929151879,-0.2431071999999999,47,97.82608695652173
0.05,0.6,0.05,0.05,0.25,0.9996309993697967,-0.23457129999999993,47,97.82608695652173
0.05,0.6,0.05,0.1,0.2,0.9996185611463067,-0.2260353999999999,48,97.77983348751155
0.05,0.6,0.05,0.15,0.15,0.99958953862483,-0.2174995,49,97.73358001850139
0.05,0.6,0.05,0.2,0.1,0.9995356396563734,-0.20896359999999997,48,97.77983348751155
0.05,0.6,0.05,0.25,0.05,0.9994983249859033,-0.21530994999999986,47,97.82608695652173
0.05,0.6,0.05,0.3,0.0,0.9994361338684533,-0.23586794999999994,49,97.73358001850139
0.05,0.6,0.1,0.0,0.25,0.9995812464758367,-0.24193249999999988,51,97.64107308048104
0.05,0.6,0.1,0.05,0.2,0.9995688082523467,-0.2387728999999999,51,97.64107308048104
0.05,0.6,0.1,0.1,0.15,0.9995563700288567,-0.23561329999999986,51,97.64107308048104
0.05,0.6,0.1,0.15,0.1,0.9995024710604,-0.23245369999999999,51,97.64107308048104
0.05,0.6,0.1,0.2,0.05,0.99949003283691,-0.22929409999999995,52,97.59481961147087
0.05,0.6,0.1,0.25,0.0,0.99944027994295,-0.22677779999999997,52,97.59481961147087
0.05,0.6,0.15,0.0,0.2,0.9995480778798633,-0.2639823,56,97.40980573543015
0.05,0.6,0.15,0.05,0.15,0.99952734750738,-0.2608227,55,97.45605920444034
0.05,0.6,0.15,0.1,0.1,0.9994817406879167,-0.2576631,54,97.5023126734505
0.05,0.6,0.15,0.15,0.05,0.9994361338684533,-0.2545035,55,97.45605920444034
0.05,0.6,0.15,0.2,0.0,0.9994195495704666,-0.25955054999999994,55,97.45605920444034
0.05,0.6,0.2,0.0,0.15,0.9994610103154333,-0.2860321,63,97.08603145235892
0.05,0.6,0.2,0.05,0.1,0.9993946731234867,-0.28287249999999997,61,97.17853839037927
0.05,0.6,0.2,0.1,0.05,0.9993697966765067,-0.27971289999999993,61,97.17853839037927
0.05,0.6,0.2,0.15,0.0,0.9993158977080501,-0.29232329999999995,62,97.1322849213691
0.05,0.6,0.25,0.0,0.1,0.9993117516335533,-0.30808189999999996,66,96.94727104532839
0.05,0.6,0.25,0.05,0.05,0.9992951673355667,-0.3049223,67,96.90101757631822
0.05,0.6,0.25,0.1,0.0,0.9992371222926133,-0.32509604999999997,66,96.94727104532839
0.05,0.6,0.3,0.0,0.05,0.9991376165046933,-0.3329823,69,96.80851063829788
0.05,0.6,0.3,0.05,0.0,0.9990837175362367,-0.3578688,69,96.80851063829788
0.05,0.6,0.35,0.0,0.0,0.99884324521543,-0.39420275000000005,72,96.66975023126734
0.05,0.65,0.0,0.0,0.3,0.99942784171946,-0.3168838,58,97.3172987974098
0.05,0.65,0.0,0.05,0.25,0.99942784171946,-0.30834789999999995,61,97.17853839037927
0.05,0.65,0.0,0.1,0.2,0.9993697966765067,-0.2998119999999999,62,97.1322849213691
0.05,0.65,0.0,0.15,0.15,0.9993241898570433,-0.2912760999999999,61,97.17853839037927
0.05,0.65,0.0,0.2,0.1,0.9993117516335533,-0.2827402,62,97.1322849213691
0.05,0.65,0.0,0.25,0.05,0.99927858303758,-0.27966365,63,97.08603145235892
0.05,0.65,0.0,0.3,0.0,0.9991998076221433,-0.2961032,64,97.03977798334876
0.05,0.65,0.05,0.0,0.25,0.9993739427510033,-0.29451254999999993,62,97.1322849213691
0.05,0.65,0.05,0.05,0.2,0.9993366280805334,-0.28597664999999994,65,96.99352451433857
0.05,0.65,0.05,0.1,0.15,0.9993117516335533,-0.2774407499999999,64,97.03977798334876
0.05,0.65,0.05,0.15,0.1,0.9992827291120767,-0.26890485000000003,65,96.99352451433857
0.05,0.65,0.05,0.2,0.05,0.9992246840691233,-0.2614361999999999,65,96.99352451433857
0.05,0.65,0.05,0.25,0.0,0.9991624929516734,-0.2637175,68,96.85476410730804
0.05,0.65,0.1,0.0,0.2,0.9993117516335533,-0.2961243999999999,68,96.85476410730804
0.05,0.65,0.1,0.05,0.15,0.9992744369630834,-0.2929647999999999,69,96.80851063829788
0.05,0.65,0.1,0.1,0.1,0.9992371222926133,-0.2898051999999999,69,96.80851063829788
0.05,0.65,0.1,0.15,0.05,0.99917907724966,-0.28664559999999994,69,96.80851063829788
0.05,0.65,0.1,0.2,0.0,0.9991210322067067,-0.283486,70,96.76225716928771
0.05,0.65,0.15,0.0,0.15,0.9992495605161034,-0.3181742000000001,71,96.71600370027753
0.05,0.65,0.15,0.05,0.1,0.9991832233241567,-0.31501460000000003,72,96.66975023126734
0.05,0.65,0.15,0.1,0.05,0.9991003018342234,-0.311855,73,96.62349676225716
0.05,0.65,0.15,0.15,0.0,0.99906713323825,-0.3086954,74,96.577243293247
0.05,0.65,0.2,0.0,0.1,0.9990837175362367,-0.34022399999999997,74,96.577243293247
0.05,0.65,0.2,0.05,0.05,0.9990090881952967,-0.3370644,73,96.62349676225716
0.05,0.65,0.2,0.1,0.0,0.9990007960463033,-0.3339048,74,96.577243293247
0.05,0.65,0.25,0.0,0.05,0.9988598295134167,-0.3622738,77,96.43848288621648
0.05,0.65,0.25,0.05,0.0,0.99881836876845,-0.36192694999999997,77,96.43848288621648
0.05,0.65,0.3,0.0,0.0,0.9985157053301934,-0.40983505000000003,80,96.29972247918593
0.05,0.7,0.0,0.0,0.25,0.99909200968523,-0.36828914999999995,74,96.577243293247
0.05,0.7,0.0,0.05,0.2,0.9990629871637534,-0.35975324999999997,75,96.53098982423683
0.05,0.7,0.0,0.1,0.15,0.9990464028657667,-0.35121735,75,96.53098982423683
0.05,0.7,0.0,0.15,0.1,0.9989676274503301,-0.34268144999999994,76,96.48473635522664
0.05,0.7,0.0,0.2,0.05,0.99890543633288,-0.3341455499999999,77,96.43848288621648
0.05,0.7,0.0,0.25,0.0,0.9988971441838866,-0.3256096499999999,78,96.3922294172063
0.05,0.7,0.05,0.0,0.2,0.9990049421208,-0.34591789999999994,79,96.34597594819611
0.05,0.7,0.05,0.05,0.15,0.9989717735248267,-0.33738199999999996,79,96.34597594819611
0.05,0.7,0.05,0.1,0.1,0.9989095824073767,-0.3288460999999999,79,96.34597594819611
0.05,0.7,0.05,0.15,0.05,0.9988639755879134,-0.32031019999999993,79,96.34597594819611
0.05,0.7,0.05,0.2,0.0,0.9988473912899267,-0.3156280999999999,81,96.25346901017576
0.05,0.7,0.1,0.0,0.15,0.9989137284818733,-0.35031629999999997,81,96.25346901017576
0.05,0.7,0.1,0.05,0.1,0.9988805598859001,-0.34715669999999993,83,96.16096207215541
0.05,0.7,0.1,0.1,0.05,0.9988100766194566,-0.34399709999999994,83,96.16096207215541
0.05,0.7,0.1,0.15,0.0,0.9987893462469734,-0.3408374999999999,84,96.11470860314523
0.05,0.7,0.15,0.0,0.1,0.9987644697999933,-0.3723660999999999,84,96.11470860314523
0.05,0.7,0.15,0.05,0.05,0.9987064247570401,-0.3692064999999999,85,96.06845513413505
0.05,0.7,0.15,0.1,0.0,0.9986732561610667,-0.3660469,85,96.06845513413505
0.05,0.7,0.2,0.0,0.05,0.99851985140469,-0.39441589999999993,86,96.02220166512488
0.05,0.7,0.2,0.05,0.0,0.9984535142127434,-0.3912563,87,95.97594819611471
0.05,0.7,0.25,0.0,0.0,0.9980886596570367,-0.42546734999999997,91,95.790934320074
0.05,0.75,0.0,0.0,0.2,0.9987478855020067,-0.41969449999999997,83,96.16096207215541
0.05,0.75,0.0,0.05,0.15,0.9986856943845567,-0.4111586,84,96.11470860314523
0.05,0.75,0.0,0.1,0.1,0.9986400875650934,-0.40262269999999994,84,96.11470860314523
0.05,0.75,0.0,0.15,0.05,0.9986152111181134,-0.39408679999999996,84,96.11470860314523
0.05,0.75,0.0,0.2,0.0,0.9985281435536834,-0.3855508999999999,87,95.97594819611471
0.05,0.75,0.05,0.0,0.15,0.9986359414905968,-0.39732325,88,95.92969472710453
0.05,0.75,0.05,0.05,0.1,0.9985737503731467,-0.3887873500000001,88,95.92969472710453
0.05,0.75,0.05,0.1,0.05,0.9985488739261668,-0.38025144999999994,89,95.88344125809436
0.05,0.75,0.05,0.15,0.0,0.9984742445852267,-0.3729796000000001,91,95.790934320074
0.05,0.75,0.1,0.0,0.1,0.9983996152442867,-0.4045082,92,95.74468085106383
0.05,0.75,0.1,0.05,0.05,0.9983623005738167,-0.40134859999999994,94,95.65217391304348
0.05,0.75,0.1,0.1,0.0,0.9982918173073734,-0.3981889999999999,94,95.65217391304348
0.05,0.75,0.15,0.0,0.05,0.9980803675080434,-0.426558,96,95.55966697502313
0.05,0.75,0.15,0.05,0.0,0.9980181763905934,-0.42339840000000006,96,95.55966697502313
0.05,0.75,0.2,0.0,0.0,0.9975745464194501,-0.44860779999999995,100,95.37465309898242
0.05,0.8,0.0,0.0,0.15,0.9981674350724734,-0.47109985,100,95.37465309898242
0.05,0.8,0.0,0.05,0.1,0.9981135361040168,-0.4625639500000001,99,95.4209065679926
0.05,0.8,0.0,0.1,0.05,0.9980347606885801,-0.45402804999999996,100,95.37465309898242
0.05,0.8,0.0,0.15,0.0,0.9979145245281767,-0.4454921500000001,102,95.28214616096207
0.05,0.8,0.05,0.0,0.1,0.99784818733623,-0.4487286000000001,105,95.14338575393154
0.05,0.8,0.05,0.05,0.05,0.9977942883677734,-0.4401927000000001,106,95.09713228492137
0.05,0.8,0.05,0.1,0.0,0.9976947825798534,-0.43165680000000006,107,95.05087881591119
0.05,0.8,0.1,0.0,0.05,0.9974543102590467,-0.45870009999999994,106,95.09713228492137
0.05,0.8,0.1,0.05,0.0,0.9973506583966301,-0.45554050000000007,107,95.05087881591119
0.05,0.8,0.15,0.0,0.0,0.99695263524495,-0.48074990000000006,112,94.81961147086031
0.05,0.85,0.0,0.0,0.1,0.9970479949583734,-0.5225051999999999,118,94.54209065679926
0.05,0.85,0.0,0.05,0.05,0.9969733656174334,-0.5139692999999999,117,94.58834412580943
0.05,0.85,0.0,0.1,0.0,0.9968572755315267,-0.5054333999999999,119,94.49583718778909
0.05,0.85,0.05,0.0,0.05,0.9966002189127334,-0.5001339499999999,117,94.58834412580943
0.05,0.85,0.05,0.05,0.0,0.9964758366778335,-0.49159805,117,94.58834412580943
0.05,0.85,0.1,0.0,0.0,0.9960363527811867,-0.5128919999999999,120,94.44958371877891
0.05,0.9,0.0,0.0,0.05,0.9953688347872235,-0.5739105499999999,120,94.44958371877891
0.05,0.9,0.0,0.05,0.0,0.9952983515207802,-0.5653746500000001,121,94.40333024976873
0.05,0.9,0.05,0.0,0.0,0.9948878901456102,-0.5515393000000001,122,94.35707678075855
0.05,0.95,0.0,0.0,0.0,0.9935155394872135,-0.6253158999999999,129,94.03330249768733
0.1,0.0,0.0,0.0,0.9,0.99985074131812,-0.30538469999999995,15,99.30619796484737
0.1,0.0,0.0,0.05,0.85,0.9998714716906033,-0.27379475,14,99.35245143385754
0.1,0.0,0.0,0.1,0.8,0.9998963481375833,-0.2546481,13,99.39870490286772
0.1,0.0,0.0,0.15,0.75,0.9999087863610734,-0.24827505,12,99.44495837187789
0.1,0.0,0.0,0.2,0.7,0.9999212245845633,-0.24190199999999998,12,99.44495837187789
0.1,0.0,0.0,0.25,0.65,0.9998922020630867,-0.23552895000000001,12,99.44495837187789
0.1,0.0,0.0,0.3,0.6,0.99986317954161,-0.2291559,12,99.44495837187789
0.1,0.0,0.0,0.35,0.55,0.99982586487114,-0.22278285000000003,9,99.58371877890842
0.1,0.0,0.0,0.4,0.5,0.9998092805731533,-0.21640979999999996,9,99.58371877890842
0.1,0.0,0.0,0.45,0.45,0.99978855020067,-0.21003675,11,99.49121184088807
0.1,0.0,0.0,0.5,0.4,0.9997595276791933,-0.22843519999999998,14,99.35245143385754
0.1,0.0,0.0,0.55,0.35,0.99970148263624,-0.27581665,17,99.21369102682701
0.1,0.0,0.0,0.6,0.3,0.99957710040134,-0.32398659999999996,20,99.07493061979649
0.1,0.0,0.0,0.65,0.25,0.99946515638993,-0.37843635,24,98.88991674375578
0.1,0.0,0.0,0.7,0.2,0.9992910212610701,-0.4341284999999999,27,98.75115633672526
0.1,0.0,0.0,0.75,0.15,0.9990878636107333,-0.4898206500000001,33,98.47363552266421
0.1,0.0,0.0,0.8,0.1,0.9989261667053634,-0.5455128,35,98.38112858464385
0.1,0.0,0.0,0.85,0.05,0.9986856943845567,-0.60120495,38,98.24236817761333
0.1,0.0,0.0,0.9,0.0,0.9983747387973068,-0.6568970999999999,41,98.10360777058278
0.1,0.0,0.05,0.0,0.85,0.9998839099140934,-0.24458239999999995,13,99.39870490286772
0.1,0.0,0.05,0.05,0.8,0.99991293243557,-0.21299245,13,99.39870490286772
0.1,0.0,0.05,0.1,0.75,0.99991293243557,-0.1958701,12,99.44495837187789
0.1,0.0,0.05,0.15,0.7,0.9999212245845633,-0.18949704999999994,12,99.44495837187789
0.1,0.0,0.05,0.2,0.65,0.9999212245845633,-0.183124,10,99.53746530989824
0.1,0.0,0.05,0.25,0.6,0.9999295167335567,-0.17675094999999996,10,99.53746530989824
0.1,0.0,0.05,0.3,0.55,0.99990049421208,-0.17037790000000003,10,99.53746530989824
0.1,0.0,0.05,0.35,0.5,0.9998714716906033,-0.16400484999999998,9,99.58371877890842
0.1,0.0,0.05,0.4,0.45,0.9998424491691267,-0.1576318,9,99.58371877890842
0.1,0.0,0.05,0.45,0.4,0.9998300109456366,-0.15788395,11,99.49121184088807
0.1,0.0,0.05,0.5,0.35,0.9998217187966434,-0.20104860000000005,14,99.35245143385754
0.1,0.0,0.05,0.55,0.3,0.9997595276791933,-0.2486023,17,99.21369102682701
0.1,0.0,0.05,0.6,0.25,0.9996185611463067,-0.29677224999999996,20,99.07493061979649
0.1,0.0,0.05,0.65,0.2,0.99946515638993,-0.35199205000000006,22,98.98242368177613
0.1,0.0,0.05,0.7,0.15,0.99932833593154,-0.40768420000000005,25,98.84366327474561
0.1,0.0,0.05,0.75,0.1,0.9990961557597267,-0.46337634999999994,32,98.51988899167438
0.1,0.0,0.05,0.8,0.05,0.9989386049288533,-0.5190684999999999,34,98.42738205365403
0.1,0.0,0.05,0.85,0.0,0.9986608179375767,-0.57476065,37,98.2886216466235
0.1,0.0,0.1,0.0,0.8,0.9999212245845633,-0.1837801,13,99.39870490286772
0.1,0.0,0.1,0.05,0.75,0.99992537065906,-0.15219014999999997,10,99.53746530989824
0.1,0.0,0.1,0.1,0.7,0.9999295167335567,-0.13709209999999994,10,99.53746530989824
0.1,0.0,0.1,0.15,0.65,0.9999336628080533,-0.13071905,10,99.53746530989824
0.1,0.0,0.1,0.2,0.6,0.9999543931805367,-0.12434599999999996,10,99.53746530989824
0.1,0.0,0.1,0.25,0.55,0.9999543931805367,-0.11797295000000002,10,99.53746530989824
0.1,0.0,0.1,0.3,0.5,0.9999543931805367,-0.11159989999999997,10,99.53746530989824
0.1,0.0,0.1,0.35,0.45,0.9999046402865767,-0.10522684999999998,10,99.53746530989824
0.1,0.0,0.1,0.4,0.4,0.99986317954161,-0.09885379999999999,8,99.6299722479186
0.1,0.0,0.1,0.45,0.35,0.9998548873926166,-0.13386494999999998,9,99.58371877890842
0.1,0.0,0.1,0.5,0.3,0.9998465952436233,-0.17758250000000003,12,99.44495837187789
0.1,0.0,0.1,0.55,0.25,0.9997595276791933,-0.22138795,17,99.21369102682701
0.1,0.0,0.1,0.6,0.2,0.9996600218912733,-0.26985560000000003,19,99.12118408880666
0.1,0.0,0.1,0.65,0.15,0.9994858867624133,-0.32554775,21,99.02867715078631
0.1,0.0,0.1,0.7,0.1,0.9993324820060366,-0.38123989999999985,24,98.88991674375578
0.1,0.0,0.1,0.75,0.05,0.9991127400577133,-0.43693205,33,98.47363552266421
0.1,0.0,0.1,0.8,0.0,0.99891787455637,-0.49262420000000007,33,98.47363552266421
0.1,0.0,0.15,0.0,0.75,0.9999336628080533,-0.12297779999999997,10,99.53746530989824
0.1,0.0,0.15,0.05,0.7,0.9999461010315434,-0.09138784999999999,10,99.53746530989824
0.1,0.0,0.15,0.1,0.65,0.9999585392550333,-0.0783141,10,99.53746530989824
0.1,0.0,0.15,0.15,0.6,0.9999709774785234,-0.07194105,9,99.58371877890842
0.1,0.0,0.15,0.2,0.55,0.9999792696275167,-0.06556800000000002,9,99.58371877890842
0.1,0.0,0.15,0.25,0.5,0.9999792696275167,-0.05919494999999997,9,99.58371877890842
0.1,0.0,0.15,0.3,0.45,0.9999709774785234,-0.05282190000000003,9,99.58371877890842
0.1,0.0,0.15,0.35,0.4,0.99993780888255,-0.046448849999999986,9,99.58371877890842
0.1,0.0,0.15,0.4,0.35,0.9998922020630867,-0.0666813,9,99.58371877890842
0.1,0.0,0.15,0.45,0.3,0.9998714716906033,-0.11039885000000005,9,99.58371877890842
0.1,0.0,0.15,0.5,0.25,0.99985074131812,-0.15411640000000004,14,99.35245143385754
0.1,0.0,0.15,0.55,0.2,0.99976367375369,-0.1978339500000001,17,99.21369102682701
0.1,0.0,0.15,0.6,0.15,0.99967660618926,-0.24341129999999994,20,99.07493061979649
0.1,0.0,0.15,0.65,0.1,0.9995190553583867,-0.29910345,21,99.02867715078631
0.1,0.0,0.15,0.7,0.05,0.99934077415503,-0.35479559999999993,24,98.88991674375578
0.1,0.0,0.15,0.75,0.0,0.9991251782812034,-0.41569029999999996,32,98.51988899167438
0.1,0.0,0.2,0.0,0.7,0.99996268532953,-0.06217549999999994,7,99.67622571692877
0.1,0.0,0.2,0.05,0.65,0.9999709774785234,-0.030585550000000017,9,99.58371877890842
0.1,0.0,0.2,0.1,0.6,0.9999834157020133,-0.019536099999999945,9,99.58371877890842
0.1,0.0,0.2,0.15,0.55,0.9999917078510067,-0.01316305000000001,9,99.58371877890842
0.1,0.0,0.2,0.2,0.5,0.9999917078510067,-0.006790000000000018,9,99.58371877890842
0.1,0.0,0.2,0.25,0.45,0.9999958539255034,-0.0004169499999999715,9,99.58371877890842
0.1,0.0,0.2,0.3,0.4,1.0,0.005802200000000091,9,99.58371877890842
0.1,0.0,0.2,0.35,0.35,1.0,0.0005023500000000403,8,99.6299722479186
0.1,0.0,0.2,0.4,0.3,0.9999461010315434,-0.043215199999999954,8,99.6299722479186
0.1,0.0,0.2,0.45,0.25,0.9999087863610734,-0.08693274999999995,12,99.44495837187789
0.1,0.0,0.2,0.5,0.2,0.9998548873926166,-0.13065030000000005,14,99.35245143385754
0.1,0.0,0.2,0.55,0.15,0.99976367375369,-0.17436785,18,99.16743755781684
0.1,0.0,0.2,0.6,0.1,0.9996931904872467,-0.21992319999999999,20,99.07493061979649
0.1,0.0,0.2,0.65,0.05,0.99956466217785,-0.27265914999999996,22,98.98242368177613
0.1,0.0,0.2,0.7,0.0,0.9993615045275134,-0.3394488999999999,25,98.84366327474561
0.1,0.0,0.25,0.0,0.65,0.9999792696275167,-0.04816275000000003,7,99.67622571692877
0.1,0.0,0.25,0.05,0.6,0.9999834157020133,-0.013469200000000014,7,99.67622571692877
0.1,0.0,0.25,0.1,0.55,0.9999958539255034,-0.0013404499999999375,7,99.67622571692877
0.1,0.0,0.25,0.15,0.5,1.0,0.008136200000000038,9,99.58371877890842
0.1,0.0,0.25,0.2,0.45,1.0,0.017612850000000013,9,99.58371877890842
0.1,0.0,0.25,0.25,0.4,1.0,0.0267,8,99.6299722479186
0.1,0.0,0.25,0.3,0.35,1.0,0.031143650000000078,8,99.6299722479186
0.1,0.0,0.25,0.35,0.3,1.0,0.01423400000000008,8,99.6299722479186
0.1,0.0,0.25,0.4,0.25,0.9999834157020133,-0.020835400000000004,10,99.53746530989824
0.1,0.0,0.25,0.45,0.2,0.99991293243557,-0.06346665000000007,12,99.44495837187789
0.1,0.0,0.25,0.5,0.15,0.9998465952436233,-0.10718420000000001,14,99.35245143385754
0.1,0.0,0.25,0.55,0.1,0.9997595276791933,-0.15090175000000006,19,99.12118408880666
0.1,0.0,0.25,0.6,0.05,0.9996848983382534,-0.22082229999999997,21,99.02867715078631
0.1,0.0,0.25,0.65,0.0,0.9995480778798633,-0.29180415,22,98.98242368177613
0.1,0.0,0.3,0.0,0.6,0.9999834157020133,-0.06358459999999999,7,99.67622571692877
0.1,0.0,0.3,0.05,0.55,0.99998756177651,-0.04249309999999995,7,99.67622571692877
0.1,0.0,0.3,0.1,0.5,0.9999958539255034,-0.021401599999999965,7,99.67622571692877
0.1,0.0,0.3,0.15,0.45,0.9999958539255034,-0.00031009999999997984,7,99.67622571692877
0.1,0.0,0.3,0.2,0.4,1.0,0.02078140000000006,6,99.72247918593895
0.1,0.0,0.3,0.25,0.35,1.0,0.027209250000000018,8,99.6299722479186
0.1,0.0,0.3,0.3,0.3,1.0,0.031652900000000095,9,99.58371877890842
0.1,0.0,0.3,0.35,0.25,1.0,0.023770599999999975,10,99.53746530989824
0.1,0.0,0.3,0.4,0.2,0.9999958539255034,-0.011298799999999998,10,99.53746530989824
0.1,0.0,0.3,0.45,0.15,0.9999336628080533,-0.06033889999999997,12,99.44495837187789
0.1,0.0,0.3,0.5,0.1,0.9998341570201333,-0.12495310000000004,15,99.30619796484737
0.1,0.0,0.3,0.55,0.05,0.9997346512322134,-0.19593495000000005,20,99.07493061979649
0.1,0.0,0.3,0.6,0.0,0.99966416796577,-0.2669168,21,99.02867715078631
0.1,0.0,0.35,0.0,0.55,0.99998756177651,-0.09966559999999997,4,99.81498612395929
0.1,0.0,0.35,0.05,0.5,0.9999958539255034,-0.07857409999999998,5,99.76873265494912
0.1,0.0,0.35,0.1,0.45,0.9999958539255034,-0.057482599999999995,4,99.81498612395929
0.1,0.0,0.35,0.15,0.4,0.9999958539255034,-0.036391099999999954,4,99.81498612395929
0.1,0.0,0.35,0.2,0.35,0.9999958539255034,-0.015299599999999969,5,99.76873265494912
0.1,0.0,0.35,0.25,0.3,1.0,0.0057919000000000165,6,99.72247918593895
0.1,0.0,0.35,0.3,0.25,1.0,0.026883400000000002,8,99.6299722479186
0.1,0.0,0.35,0.35,0.2,1.0,0.004304500000000044,10,99.53746530989824
0.1,0.0,0.35,0.4,0.15,0.9999792696275167,-0.05802919999999995,10,99.53746530989824
0.1,0.0,0.35,0.45,0.1,0.9999461010315434,-0.1203629,12,99.44495837187789
0.1,0.0,0.35,0.5,0.05,0.9998300109456366,-0.18269659999999993,16,99.25994449583719
0.1,0.0,0.35,0.55,0.0,0.9997346512322134,-0.24503029999999998,22,98.98242368177613
0.1,0.0,0.4,0.0,0.5,0.99998756177651,-0.13574659999999994,2,99.90749306197965
0.1,0.0,0.4,0.05,0.45,0.9999958539255034,-0.11465509999999995,2,99.90749306197965
0.1,0.0,0.4,0.1,0.4,0.9999958539255034,-0.09356359999999997,2,99.90749306197965
0.1,0.0,0.4,0.15,0.35,0.9999958539255034,-0.07247209999999998,1,99.95374653098983
0.1,0.0,0.4,0.2,0.3,0.9999958539255034,-0.05138059999999994,2,99.90749306197965
0.1,0.0,0.4,0.25,0.25,0.9999917078510067,-0.030289100000000013,4,99.81498612395929
0.1,0.0,0.4,0.3,0.2,0.9999917078510067,-0.038627599999999984,4,99.81498612395929
0.1,0.0,0.4,0.35,0.15,0.9999792696275167,-0.06144824999999998,4,99.81498612395929
0.1,0.0,0.4,0.4,0.1,0.9999668314040266,-0.11805320000000002,4,99.81498612395929
0.1,0.0,0.4,0.45,0.05,0.99993780888255,-0.1803868999999999,8,99.6299722479186
0.1,0.0,0.4,0.5,0.0,0.9998424491691267,-0.24272059999999995,12,99.44495837187789
0.1,0.0,0.45,0.0,0.45,0.99997512355302,-0.17182759999999997,2,99.90749306197965
0.1,0.0,0.45,0.05,0.4,0.99998756177651,-0.15073609999999998,2,99.90749306197965
0.1,0.0,0.45,0.1,0.35,0.99998756177651,-0.12964459999999994,2,99.90749306197965
0.1,0.0,0.45,0.15,0.3,0.9999917078510067,-0.10855310000000001,3,99.86123959296947
0.1,0.0,0.45,0.2,0.25,0.99998756177651,-0.08746159999999992,4,99.81498612395929
0.1,0.0,0.45,0.25,0.2,0.99998756177651,-0.08485829999999994,3,99.86123959296947
0.1,0.0,0.45,0.3,0.15,0.9999834157020133,-0.10767894999999994,3,99.86123959296947
0.1,0.0,0.45,0.35,0.1,0.9999668314040266,-0.1304996,3,99.86123959296947
0.1,0.0,0.45,0.4,0.05,0.9999543931805367,-0.17807719999999988,3,99.86123959296947
0.1,0.0,0.45,0.45,0.0,0.99991293243557,-0.24041089999999993,9,99.58371877890842
0.1,0.0,0.5,0.0,0.4,0.99992537065906,-0.2079086,3,99.86123959296947
0.1,0.0,0.5,0.05,0.35,0.9999295167335567,-0.1868171,4,99.81498612395929
0.1,0.0,0.5,0.1,0.3,0.9999419549570466,-0.16572559999999997,5,99.76873265494912
0.1,0.0,0.5,0.15,0.25,0.99995024710604,-0.1446341,5,99.76873265494912
0.1,0.0,0.5,0.2,0.2,0.99995024710604,-0.13108899999999996,6,99.72247918593895
0.1,0.0,0.5,0.25,0.15,0.9999543931805367,-0.15390964999999995,7,99.67622571692877
0.1,0.0,0.5,0.3,0.1,0.99995024710604,-0.1767303,8,99.6299722479186
0.1,0.0,0.5,0.35,0.05,0.9999295167335567,-0.19955094999999995,8,99.6299722479186
0.1,0.0,0.5,0.4,0.0,0.9999087863610734,-0.23810119999999996,9,99.58371877890842
0.1,0.0,0.55,0.0,0.35,0.99988805598859,-0.24398959999999997,11,99.49121184088807
0.1,0.0,0.55,0.05,0.3,0.9998963481375833,-0.2228981,12,99.44495837187789
0.1,0.0,0.55,0.1,0.25,0.99990049421208,-0.20180659999999995,12,99.44495837187789
0.1,0.0,0.55,0.15,0.2,0.9999046402865767,-0.18071510000000007,13,99.39870490286772
0.1,0.0,0.55,0.2,0.15,0.9999046402865767,-0.20014034999999997,13,99.39870490286772
0.1,0.0,0.55,0.25,0.1,0.9998922020630867,-0.22296100000000002,12,99.44495837187789
0.1,0.0,0.55,0.3,0.05,0.9998797638395966,-0.24578164999999996,12,99.44495837187789
0.1,0.0,0.55,0.35,0.0,0.99985074131812,-0.2686023,13,99.39870490286772
0.1,0.0,0.6,0.0,0.3,0.9998300109456366,-0.2800705999999999,16,99.25994449583719
0.1,0.0,0.6,0.05,0.25,0.9998465952436233,-0.2589790999999999,17,99.21369102682701
0.1,0.0,0.6,0.1,0.2,0.9998548873926166,-0.24141079999999998,18,99.16743755781684
0.1,0.0,0.6,0.15,0.15,0.9998465952436233,-0.24637105000000004,18,99.16743755781684
0.1,0.0,0.6,0.2,0.1,0.9998341570201333,-0.26919169999999987,18,99.16743755781684
0.1,0.0,0.6,0.25,0.05,0.99982586487114,-0.29201234999999987,18,99.16743755781684
0.1,0.0,0.6,0.3,0.0,0.9997802580516767,-0.3148329999999999,18,99.16743755781684
0.1,0.0,0.65,0.0,0.25,0.99973879730671,-0.3437659499999999,21,99.02867715078631
0.1,0.0,0.65,0.05,0.2,0.9997305051577167,-0.3306922,22,98.98242368177613
0.1,0.0,0.65,0.1,0.15,0.9997346512322134,-0.31761845,22,98.98242368177613
0.1,0.0,0.65,0.15,0.1,0.99973879730671,-0.3154224,22,98.98242368177613
0.1,0.0,0.65,0.2,0.05,0.99971392085973,-0.3382430499999999,22,98.98242368177613
0.1,0.0,0.65,0.25,0.0,0.9996931904872467,-0.3610636999999999,23,98.93617021276596
0.1,0.0,0.7,0.0,0.2,0.9996351454442933,-0.4199736,24,98.88991674375578
0.1,0.0,0.7,0.05,0.15,0.9996351454442933,-0.40689985,24,98.88991674375578
0.1,0.0,0.7,0.1,0.1,0.9996061229228167,-0.3938261,24,98.88991674375578
0.1,0.0,0.7,0.15,0.05,0.99960197684832,-0.38447375,24,98.88991674375578
0.1,0.0,0.7,0.2,0.0,0.9995812464758367,-0.4072943999999999,24,98.88991674375578
0.1,0.0,0.75,0.0,0.15,0.99952734750738,-0.49618125,27,98.75115633672526
0.1,0.0,0.75,0.05,0.1,0.99951490928389,-0.4831075,27,98.75115633672526
0.1,0.0,0.75,0.1,0.05,0.9995066171348966,-0.47003375000000003,28,98.70490286771508
0.1,0.0,0.75,0.15,0.0,0.9994693024644267,-0.45696000000000003,28,98.70490286771508
0.1,0.0,0.8,0.0,0.1,0.99932833593154,-0.5723889,29,98.6586493987049
0.1,0.0,0.8,0.05,0.05,0.9992951673355667,-0.55931515,29,98.6586493987049
0.1,0.0,0.8,0.1,0.0,0.9992619987395933,-0.5462414,31,98.56614246068455
0.1,0.0,0.85,0.0,0.05,0.9989759195993234,-0.6485965499999999,34,98.42738205365403
0.1,0.0,0.85,0.05,0.0,0.99895518922684,-0.6355227999999999,34,98.42738205365403
0.1,0.0,0.9,0.0,0.0,0.99847009851073,-0.7248041999999999,40,98.14986123959298
0.1,0.05,0.0,0.0,0.85,0.9998922020630867,-0.2733176,14,99.35245143385754
0.1,0.05,0.0,0.05,0.8,0.99991293243557,-0.24172764999999996,14,99.35245143385754
0.1,0.05,0.0,0.1,0.75,0.9999170785100666,-0.223904,12,99.44495837187789
0.1,0.05,0.0,0.15,0.7,0.99992537065906,-0.21750199999999992,12,99.44495837187789
0.1,0.05,0.0,0.2,0.65,0.99992537065906,-0.21112894999999998,10,99.53746530989824
0.1,0.05,0.0,0.25,0.6,0.9999336628080533,-0.2047559,10,99.53746530989824
0.1,0.05,0.0,0.3,0.55,0.9998922020630867,-0.19838285,10,99.53746530989824
0.1,0.05,0.0,0.35,0.5,0.9998714716906033,-0.1920098,9,99.58371877890842
0.1,0.05,0.0,0.4,0.45,0.99983830309463,-0.18563675000000002,9,99.58371877890842
0.1,0.05,0.0,0.45,0.4,0.9998300109456366,-0.17926370000000003,11,99.49121184088807
0.1,0.05,0.0,0.5,0.35,0.9998341570201333,-0.19271039999999995,14,99.35245143385754
0.1,0.05,0.0,0.55,0.3,0.9997678198281866,-0.24088035000000002,17,99.21369102682701
0.1,0.05,0.0,0.6,0.25,0.9996102689973133,-0.2932611,19,99.12118408880666
0.1,0.05,0.0,0.65,0.2,0.99947759461342,-0.3487795,22,98.98242368177613
0.1,0.05,0.0,0.7,0.15,0.9993158977080501,-0.4042979,27,98.75115633672526
0.1,0.05,0.0,0.75,0.1,0.9990878636107333,-0.45981629999999996,34,98.42738205365403
0.1,0.05,0.0,0.8,0.05,0.9989344588543567,-0.5153347,35,98.38112858464385
0.1,0.05,0.0,0.85,0.0,0.9986732561610667,-0.5708531,36,98.33487511563366
0.1,0.05,0.05,0.0,0.8,0.99992537065906,-0.21251530000000002,12,99.44495837187789
0.1,0.05,0.05,0.05,0.75,0.9999336628080533,-0.18092534999999998,10,99.53746530989824
0.1,0.05,0.05,0.1,0.7,0.9999336628080533,-0.16509704999999997,10,99.53746530989824
0.1,0.05,0.05,0.15,0.65,0.99993780888255,-0.15872399999999998,10,99.53746530989824
0.1,0.05,0.05,0.2,0.6,0.9999543931805367,-0.15235094999999998,10,99.53746530989824
0.1,0.05,0.05,0.25,0.55,0.9999543931805367,-0.1459779,10,99.53746530989824
0.1,0.05,0.05,0.3,0.5,0.99995024710604,-0.13960485,10,99.53746530989824
0.1,0.05,0.05,0.35,0.45,0.9999170785100666,-0.1332318,10,99.53746530989824
0.1,0.05,0.05,0.4,0.4,0.9998673256161067,-0.12685875000000002,8,99.6299722479186
0.1,0.05,0.05,0.45,0.35,0.9998548873926166,-0.12307505000000002,9,99.58371877890842
0.1,0.05,0.05,0.5,0.3,0.9998465952436233,-0.16655284999999997,12,99.44495837187789
0.1,0.05,0.05,0.55,0.25,0.9997802580516767,-0.21366600000000002,16,99.25994449583719
0.1,0.05,0.05,0.6,0.2,0.99966416796577,-0.26691955,20,99.07493061979649
0.1,0.05,0.05,0.65,0.15,0.99947759461342,-0.32243795,21,99.02867715078631
0.1,0.05,0.05,0.7,0.1,0.99934077415503,-0.37795634999999994,28,98.70490286771508
0.1,0.05,0.05,0.75,0.05,0.9991168861322101,-0.43347474999999996,33,98.47363552266421
0.1,0.05,0.05,0.8,0.0,0.9989220206308667,-0.48899315,33,98.47363552266421
0.1,0.05,0.1,0.0,0.75,0.9999419549570466,-0.151713,10,99.53746530989824
0.1,0.05,0.1,0.05,0.7,0.9999461010315434,-0.12012305000000001,10,99.53746530989824
0.1,0.05,0.1,0.1,0.65,0.99995024710604,-0.10631905000000003,10,99.53746530989824
0.1,0.05,0.1,0.15,0.6,0.9999668314040266,-0.09994599999999998,9,99.58371877890842
0.1,0.05,0.1,0.2,0.55,0.9999668314040266,-0.09357294999999999,9,99.58371877890842
0.1,0.05,0.1,0.25,0.5,0.9999709774785234,-0.0871999,9,99.58371877890842
0.1,0.05,0.1,0.3,0.45,0.9999709774785234,-0.08082685,9,99.58371877890842
0.1,0.05,0.1,0.35,0.4,0.9999461010315434,-0.07445380000000001,9,99.58371877890842
0.1,0.05,0.1,0.4,0.35,0.9998963481375833,-0.07090569999999996,8,99.6299722479186
0.1,0.05,0.1,0.45,0.3,0.99986317954161,-0.09936919999999999,8,99.6299722479186
0.1,0.05,0.1,0.5,0.25,0.9998465952436233,-0.14308674999999993,14,99.35245143385754
0.1,0.05,0.1,0.55,0.2,0.99977611197718,-0.1868043000000001,17,99.21369102682701
0.1,0.05,0.1,0.6,0.15,0.9996807522637566,-0.24057800000000007,20,99.07493061979649
0.1,0.05,0.1,0.65,0.1,0.9995066171348966,-0.2960964,23,98.93617021276596
0.1,0.05,0.1,0.7,0.05,0.99935321237852,-0.3516147999999999,28,98.70490286771508
0.1,0.05,0.1,0.75,0.0,0.9991500547281833,-0.4071332,32,98.51988899167438
0.1,0.05,0.15,0.0,0.7,0.99996268532953,-0.09091070000000001,8,99.6299722479186
0.1,0.05,0.15,0.05,0.65,0.9999709774785234,-0.05932075000000003,9,99.58371877890842
0.1,0.05,0.15,0.1,0.6,0.99997512355302,-0.04754105000000003,9,99.58371877890842
0.1,0.05,0.15,0.15,0.55,0.9999792696275167,-0.04116800000000004,9,99.58371877890842
0.1,0.05,0.15,0.2,0.5,0.99998756177651,-0.03479494999999999,9,99.58371877890842
0.1,0.05,0.15,0.25,0.45,0.99998756177651,-0.028421900000000055,9,99.58371877890842
0.1,0.05,0.15,0.3,0.4,0.99998756177651,-0.022048850000000064,9,99.58371877890842
0.1,0.05,0.15,0.35,0.35,0.99998756177651,-0.018736349999999957,8,99.6299722479186
0.1,0.05,0.15,0.4,0.3,0.9999336628080533,-0.03218555000000001,8,99.6299722479186
0.1,0.05,0.15,0.45,0.25,0.9998963481375833,-0.0759031,11,99.49121184088807
0.1,0.05,0.15,0.5,0.2,0.99986317954161,-0.11962065000000005,14,99.35245143385754
0.1,0.05,0.15,0.55,0.15,0.9997719659026834,-0.16333820000000004,17,99.21369102682701
0.1,0.05,0.15,0.6,0.1,0.99966416796577,-0.2142364499999999,20,99.07493061979649
0.1,0.05,0.15,0.65,0.05,0.9995314935818767,-0.26975484999999993,23,98.93617021276596
0.1,0.05,0.15,0.7,0.0,0.9993573584530167,-0.33071459999999997,27,98.75115633672526
0.1,0.05,0.2,0.0,0.65,0.9999834157020133,-0.030108400000000035,7,99.67622571692877
0.1,0.05,0.2,0.05,0.6,1.0,0.0014815499999999981,7,99.67622571692877
0.1,0.05,0.2,0.1,0.55,1.0,0.011236949999999968,8,99.6299722479186
0.1,0.05,0.2,0.15,0.5,1.0,0.017610000000000015,9,99.58371877890842
0.1,0.05,0.2,0.2,0.45,1.0,0.023983050000000006,9,99.58371877890842
0.1,0.05,0.2,0.25,0.4,1.0,0.030356099999999997,8,99.6299722479186
0.1,0.05,0.2,0.3,0.35,1.0,0.033433000000000046,8,99.6299722479186
0.1,0.05,0.2,0.35,0.3,1.0,0.016439350000000075,8,99.6299722479186
0.1,0.05,0.2,0.4,0.25,0.99998756177651,-0.018630049999999954,10,99.53746530989824
0.1,0.05,0.2,0.45,0.2,0.9999295167335567,-0.05369944999999998,12,99.44495837187789
0.1,0.05,0.2,0.5,0.15,0.9998548873926166,-0.09615455,14,99.35245143385754
0.1,0.05,0.2,0.55,0.1,0.9997719659026834,-0.14022565000000003,18,99.16743755781684
0.1,0.05,0.2,0.6,0.05,0.99967660618926,-0.19129165000000004,21,99.02867715078631
0.1,0.05,0.2,0.65,0.0,0.9995480778798633,-0.26262820000000003,24,98.88991674375578
0.1,0.05,0.25,0.0,0.6,0.9999958539255034,-0.015574200000000038,7,99.67622571692877
0.1,0.05,0.25,0.05,0.55,1.0,0.005517300000000003,7,99.67622571692877
0.1,0.05,0.25,0.1,0.5,1.0,0.026608800000000044,7,99.67622571692877
0.1,0.05,0.25,0.15,0.45,1.0,0.04770029999999997,7,99.67622571692877
0.1,0.05,0.25,0.2,0.4,1.0,0.06879180000000001,7,99.67622571692877
0.1,0.05,0.25,0.25,0.35,1.0,0.07477045000000004,8,99.6299722479186
0.1,0.05,0.25,0.3,0.3,1.0,0.06104535000000011,8,99.6299722479186
0.1,0.05,0.25,0.35,0.25,1.0,0.025975950000000025,10,99.53746530989824
0.1,0.05,0.25,0.4,0.2,0.9999958539255034,-0.009093449999999947,10,99.53746530989824
0.1,0.05,0.25,0.45,0.15,0.99993780888255,-0.044162849999999976,12,99.44495837187789
0.1,0.05,0.25,0.5,0.1,0.9998465952436233,-0.1012653,14,99.35245143385754
0.1,0.05,0.25,0.55,0.05,0.9997470894557033,-0.16570334999999997,21,99.02867715078631
0.1,0.05,0.25,0.6,0.0,0.99965172974228,-0.23668520000000004,21,99.02867715078631
0.1,0.05,0.3,0.0,0.55,0.9999958539255034,-0.05165519999999996,3,99.86123959296947
0.1,0.05,0.3,0.05,0.5,0.9999958539255034,-0.03056369999999997,4,99.81498612395929
0.1,0.05,0.3,0.1,0.45,0.9999958539255034,-0.009472199999999986,4,99.81498612395929
0.1,0.05,0.3,0.15,0.4,1.0,0.011619300000000055,4,99.81498612395929
0.1,0.05,0.3,0.2,0.35,1.0,0.03271080000000004,4,99.81498612395929
0.1,0.05,0.3,0.25,0.3,1.0,0.053802300000000025,4,99.81498612395929
0.1,0.05,0.3,0.3,0.25,1.0,0.06575239999999999,8,99.6299722479186
0.1,0.05,0.3,0.35,0.2,1.0,0.025711800000000062,10,99.53746530989824
0.1,0.05,0.3,0.4,0.15,0.9999917078510067,-0.03662189999999993,10,99.53746530989824
0.1,0.05,0.3,0.45,0.1,0.9999543931805367,-0.09895559999999998,12,99.44495837187789
0.1,0.05,0.3,0.5,0.05,0.99985074131812,-0.16128929999999997,16,99.25994449583719
0.1,0.05,0.3,0.55,0.0,0.9997429433812067,-0.2236229999999999,21,99.02867715078631
0.1,0.05,0.35,0.0,0.5,0.9999958539255034,-0.08773619999999999,1,99.95374653098983
0.1,0.05,0.35,0.05,0.45,0.9999958539255034,-0.06664470000000006,1,99.95374653098983
0.1,0.05,0.35,0.1,0.4,0.9999958539255034,-0.04555319999999996,1,99.95374653098983
0.1,0.05,0.35,0.15,0.35,0.9999958539255034,-0.024461699999999975,1,99.95374653098983
0.1,0.05,0.35,0.2,0.3,0.9999958539255034,-0.00337019999999999,1,99.95374653098983
0.1,0.05,0.35,0.25,0.25,1.0,0.017721299999999995,3,99.86123959296947
0.1,0.05,0.35,0.3,0.2,1.0,0.028021500000000088,4,99.81498612395929
0.1,0.05,0.35,0.35,0.15,0.9999917078510067,-0.03431219999999996,4,99.81498612395929
0.1,0.05,0.35,0.4,0.1,0.99997512355302,-0.09664589999999995,5,99.76873265494912
0.1,0.05,0.35,0.45,0.05,0.99993780888255,-0.15897959999999994,8,99.6299722479186
0.1,0.05,0.35,0.5,0.0,0.99985074131812,-0.22131330000000005,12,99.44495837187789
0.1,0.05,0.4,0.0,0.45,0.9999958539255034,-0.12381719999999996,2,99.90749306197965
0.1,0.05,0.4,0.05,0.4,0.9999958539255034,-0.10272570000000009,2,99.90749306197965
0.1,0.05,0.4,0.1,0.35,0.9999958539255034,-0.08163419999999993,1,99.95374653098983
0.1,0.05,0.4,0.15,0.3,0.9999958539255034,-0.060542700000000005,1,99.95374653098983
0.1,0.05,0.4,0.2,0.25,0.9999958539255034,-0.039451199999999964,2,99.90749306197965
0.1,0.05,0.4,0.25,0.2,0.9999917078510067,-0.01835969999999998,3,99.86123959296947
0.1,0.05,0.4,0.3,0.15,0.99998756177651,-0.04091579999999995,3,99.86123959296947
0.1,0.05,0.4,0.35,0.1,0.99997512355302,-0.09433620000000004,3,99.86123959296947
0.1,0.05,0.4,0.4,0.05,0.99996268532953,-0.15666989999999992,3,99.86123959296947
0.1,0.05,0.4,0.45,0.0,0.9999212245845633,-0.21900359999999996,7,99.67622571692877
0.1,0.05,0.45,0.0,0.4,0.9999834157020133,-0.1598982,3,99.86123959296947
0.1,0.05,0.45,0.05,0.35,0.9999834157020133,-0.13880669999999995,4,99.81498612395929
0.1,0.05,0.45,0.1,0.3,0.9999834157020133,-0.11771519999999996,4,99.81498612395929
0.1,0.05,0.45,0.15,0.25,0.9999792696275167,-0.09662369999999998,5,99.76873265494912
0.1,0.05,0.45,0.2,0.2,0.9999792696275167,-0.07553219999999994,5,99.76873265494912
0.1,0.05,0.45,0.25,0.15,0.9999792696275167,-0.08714649999999996,5,99.76873265494912
0.1,0.05,0.45,0.3,0.1,0.9999709774785234,-0.10996714999999996,5,99.76873265494912
0.1,0.05,0.45,0.35,0.05,0.9999543931805367,-0.15436019999999995,4,99.81498612395929
0.1,0.05,0.45,0.4,0.0,0.9999419549570466,-0.21669389999999994,5,99.76873265494912
0.1,0.05,0.5,0.0,0.35,0.9999170785100666,-0.19597919999999996,5,99.76873265494912
0.1,0.05,0.5,0.05,0.3,0.9999295167335567,-0.17488769999999998,6,99.72247918593895
0.1,0.05,0.5,0.1,0.25,0.99993780888255,-0.15379619999999994,6,99.72247918593895
0.1,0.05,0.5,0.15,0.2,0.9999461010315434,-0.13270469999999995,7,99.67622571692877
0.1,0.05,0.5,0.2,0.15,0.9999461010315434,-0.13337719999999997,9,99.58371877890842
0.1,0.05,0.5,0.25,0.1,0.9999419549570466,-0.15619784999999997,9,99.58371877890842
0.1,0.05,0.5,0.3,0.05,0.9999336628080533,-0.17901849999999997,11,99.49121184088807
0.1,0.05,0.5,0.35,0.0,0.99990049421208,-0.2143841999999999,11,99.49121184088807
0.1,0.05,0.55,0.0,0.3,0.9998756177651,-0.2320602,13,99.39870490286772
0.1,0.05,0.55,0.05,0.25,0.9998797638395966,-0.2109687,13,99.39870490286772
0.1,0.05,0.55,0.1,0.2,0.9998922020630867,-0.18987720000000008,14,99.35245143385754
0.1,0.05,0.55,0.15,0.15,0.99988805598859,-0.1796079000000001,14,99.35245143385754
0.1,0.05,0.55,0.2,0.1,0.9998797638395966,-0.20242854999999998,14,99.35245143385754
0.1,0.05,0.55,0.25,0.05,0.9998673256161067,-0.22524919999999993,13,99.39870490286772
0.1,0.05,0.55,0.3,0.0,0.9998548873926166,-0.24806984999999998,13,99.39870490286772
0.1,0.05,0.6,0.0,0.25,0.9998092805731533,-0.2821013999999999,19,99.12118408880666
0.1,0.05,0.6,0.05,0.2,0.9998217187966434,-0.26902765,20,99.07493061979649
0.1,0.05,0.6,0.1,0.15,0.9998175727221467,-0.25763025,20,99.07493061979649
0.1,0.05,0.6,0.15,0.1,0.99980098842416,-0.25136705000000004,20,99.07493061979649
0.1,0.05,0.6,0.2,0.05,0.9998051344986567,-0.27147989999999983,20,99.07493061979649
0.1,0.05,0.6,0.25,0.0,0.9997678198281866,-0.2943005499999999,20,99.07493061979649
0.1,0.05,0.65,0.0,0.2,0.9997180669342267,-0.35830904999999996,24,98.88991674375578
0.1,0.05,0.65,0.05,0.15,0.9997097747852334,-0.3452353,24,98.88991674375578
0.1,0.05,0.65,0.1,0.1,0.9997056287107366,-0.3326802,24,98.88991674375578
0.1,0.05,0.65,0.15,0.05,0.9996848983382534,-0.326417,24,98.88991674375578
0.1,0.05,0.65,0.2,0.0,0.99966416796577,-0.3405312499999999,24,98.88991674375578
0.1,0.05,0.7,0.0,0.15,0.99958953862483,-0.4345167,26,98.79740980573543
0.1,0.05,0.7,0.05,0.1,0.9995729543268433,-0.42144295,26,98.79740980573543
0.1,0.05,0.7,0.1,0.05,0.99956466217785,-0.4083692,27,98.75115633672526
0.1,0.05,0.7,0.15,0.0,0.9995439318053667,-0.40146695000000004,27,98.75115633672526
0.1,0.05,0.75,0.0,0.1,0.99942784171946,-0.51072435,30,98.61239592969473
0.1,0.05,0.75,0.05,0.05,0.9994236956449634,-0.4976506,30,98.61239592969473
0.1,0.05,0.75,0.1,0.0,0.9993988191979833,-0.48457685,30,98.61239592969473
0.1,0.05,0.8,0.0,0.05,0.9991873693986534,-0.586932,34,98.42738205365403
0.1,0.05,0.8,0.05,0.0,0.99916663902617,-0.57385825,34,98.42738205365403
0.1,0.05,0.85,0.0,0.0,0.99880593054496,-0.66313965,38,98.24236817761333
0.1,0.1,0.0,0.0,0.8,0.9999212245845633,-0.24125049999999998,12,99.44495837187789
0.1,0.1,0.0,0.05,0.75,0.9999212245845633,-0.20966055,11,99.49121184088807
0.1,0.1,0.0,0.1,0.7,0.9999336628080533,-0.19335379999999996,11,99.49121184088807
0.1,0.1,0.0,0.15,0.65,0.9999336628080533,-0.18691455,10,99.53746530989824
0.1,0.1,0.0,0.2,0.6,0.9999461010315434,-0.1804753,10,99.53746530989824
0.1,0.1,0.0,0.25,0.55,0.9999543931805367,-0.17403604999999994,10,99.53746530989824
0.1,0.1,0.0,0.3,0.5,0.9999585392550333,-0.16760980000000003,10,99.53746530989824
0.1,0.1,0.0,0.35,0.45,0.9999212245845633,-0.16123674999999998,9,99.58371877890842
0.1,0.1,0.0,0.4,0.4,0.9998673256161067,-0.1548637,8,99.6299722479186
0.1,0.1,0.0,0.45,0.35,0.9998548873926166,-0.14895365,9,99.58371877890842
0.1,0.1,0.0,0.5,0.3,0.9998548873926166,-0.15777409999999997,12,99.44495837187789
0.1,0.1,0.0,0.55,0.25,0.9997719659026834,-0.21034460000000005,16,99.25994449583719
0.1,0.1,0.0,0.6,0.2,0.9996434375932867,-0.26586299999999996,21,99.02867715078631
0.1,0.1,0.0,0.65,0.15,0.9994983249859033,-0.3213814000000001,24,98.88991674375578
0.1,0.1,0.0,0.7,0.1,0.9993200437825467,-0.3768997999999999,28,98.70490286771508
0.1,0.1,0.0,0.75,0.05,0.9991210322067067,-0.4324182,32,98.51988899167438
0.1,0.1,0.0,0.8,0.0,0.9989344588543567,-0.4879366,34,98.42738205365403
0.1,0.1,0.05,0.0,0.75,0.9999336628080533,-0.1804482,10,99.53746530989824
0.1,0.1,0.05,0.05,0.7,0.9999461010315434,-0.14885824999999997,10,99.53746530989824
0.1,0.1,0.05,0.1,0.65,0.99995024710604,-0.134324,9,99.58371877890842
0.1,0.1,0.05,0.15,0.6,0.9999585392550333,-0.12795094999999995,9,99.58371877890842
0.1,0.1,0.05,0.2,0.55,0.9999668314040266,-0.12157790000000002,9,99.58371877890842
0.1,0.1,0.05,0.25,0.5,0.9999668314040266,-0.11520485000000003,9,99.58371877890842
0.1,0.1,0.05,0.3,0.45,0.9999709774785234,-0.10883179999999998,9,99.58371877890842
0.1,0.1,0.05,0.35,0.4,0.9999461010315434,-0.10245874999999999,9,99.58371877890842
0.1,0.1,0.05,0.4,0.35,0.9999046402865767,-0.09678429999999999,7,99.67622571692877
0.1,0.1,0.05,0.45,0.3,0.99986317954161,-0.09544424999999995,8,99.6299722479186
0.1,0.1,0.05,0.5,0.25,0.9998548873926166,-0.13205710000000004,13,99.39870490286772
0.1,0.1,0.05,0.55,0.2,0.9997802580516767,-0.18400305000000006,17,99.21369102682701
0.1,0.1,0.05,0.6,0.15,0.9996434375932867,-0.23952145000000002,20,99.07493061979649
0.1,0.1,0.05,0.65,0.1,0.9994858867624133,-0.29503984999999994,25,98.84366327474561
0.1,0.1,0.05,0.7,0.05,0.9993241898570433,-0.3505582499999999,28,98.70490286771508
0.1,0.1,0.05,0.75,0.0,0.9991334704301967,-0.40607665000000004,32,98.51988899167438
0.1,0.1,0.1,0.0,0.7,0.9999668314040266,-0.11964589999999997,8,99.6299722479186
0.1,0.1,0.1,0.05,0.65,0.9999709774785234,-0.08805595,9,99.58371877890842
0.1,0.1,0.1,0.1,0.6,0.9999709774785234,-0.07554599999999995,9,99.58371877890842
0.1,0.1,0.1,0.15,0.55,0.99997512355302,-0.06917295000000001,9,99.58371877890842
0.1,0.1,0.1,0.2,0.5,0.99997512355302,-0.06279990000000002,9,99.58371877890842
0.1,0.1,0.1,0.25,0.45,0.9999709774785234,-0.05642684999999997,9,99.58371877890842
0.1,0.1,0.1,0.3,0.4,0.9999709774785234,-0.05005379999999998,9,99.58371877890842
0.1,0.1,0.1,0.35,0.35,0.9999709774785234,-0.04461494999999993,8,99.6299722479186
0.1,0.1,0.1,0.4,0.3,0.99992537065906,-0.043274900000000005,7,99.67622571692877
0.1,0.1,0.1,0.45,0.25,0.9998922020630867,-0.06487345,9,99.58371877890842
0.1,0.1,0.1,0.5,0.2,0.99986317954161,-0.10859100000000005,14,99.35245143385754
0.1,0.1,0.1,0.55,0.15,0.9997802580516767,-0.1584547,17,99.21369102682701
0.1,0.1,0.1,0.6,0.1,0.9996558758167767,-0.21317989999999987,20,99.07493061979649
0.1,0.1,0.1,0.65,0.05,0.9995066171348966,-0.2686983,26,98.79740980573543
0.1,0.1,0.1,0.7,0.0,0.99934077415503,-0.32421669999999997,28,98.70490286771508
0.1,0.1,0.15,0.0,0.65,0.9999792696275167,-0.05884360000000005,7,99.67622571692877
0.1,0.1,0.15,0.05,0.6,0.9999834157020133,-0.027253650000000018,7,99.67622571692877
0.1,0.1,0.15,0.1,0.55,0.9999917078510067,-0.016768000000000005,8,99.6299722479186
0.1,0.1,0.15,0.15,0.5,0.9999917078510067,-0.010394950000000014,9,99.58371877890842
0.1,0.1,0.15,0.2,0.45,0.9999958539255034,-0.004021899999999967,9,99.58371877890842
0.1,0.1,0.15,0.25,0.4,1.0,0.002351150000000024,8,99.6299722479186
0.1,0.1,0.15,0.3,0.35,1.0,0.007554400000000072,8,99.6299722479186
0.1,0.1,0.15,0.35,0.3,1.0,0.008894450000000054,8,99.6299722479186
0.1,0.1,0.15,0.4,0.25,0.9999834157020133,-0.016424700000000014,9,99.58371877890842
0.1,0.1,0.15,0.45,0.2,0.9999336628080533,-0.05149409999999999,11,99.49121184088807
0.1,0.1,0.15,0.5,0.15,0.99986317954161,-0.08656349999999996,14,99.35245143385754
0.1,0.1,0.15,0.55,0.1,0.99978855020067,-0.13586140000000002,18,99.16743755781684
0.1,0.1,0.15,0.6,0.05,0.99966416796577,-0.18692739999999997,22,98.98242368177613
0.1,0.1,0.15,0.65,0.0,0.9995356396563734,-0.24573890000000004,26,98.79740980573543
0.1,0.1,0.2,0.0,0.6,0.9999958539255034,-0.014653699999999992,7,99.67622571692877
0.1,0.1,0.2,0.05,0.55,1.0,0.0033342000000000094,7,99.67622571692877
0.1,0.1,0.2,0.1,0.5,1.0,0.02132210000000001,7,99.67622571692877
0.1,0.1,0.2,0.15,0.45,1.0,0.039309999999999956,6,99.72247918593895
0.1,0.1,0.2,0.2,0.4,1.0,0.05475610000000003,7,99.67622571692877
0.1,0.1,0.2,0.25,0.35,1.0,0.05972375000000002,8,99.6299722479186
0.1,0.1,0.2,0.3,0.3,1.0,0.0610638,8,99.6299722479186
0.1,0.1,0.2,0.35,0.25,1.0,0.028181299999999965,9,99.58371877890842
0.1,0.1,0.2,0.4,0.2,0.9999958539255034,-0.006888100000000008,10,99.53746530989824
0.1,0.1,0.2,0.45,0.15,0.9999543931805367,-0.041957500000000036,12,99.44495837187789
0.1,0.1,0.2,0.5,0.1,0.9998548873926166,-0.07998939999999999,14,99.35245143385754
0.1,0.1,0.2,0.55,0.05,0.9997595276791933,-0.14219169999999998,20,99.07493061979649
0.1,0.1,0.2,0.6,0.0,0.99965172974228,-0.20645360000000001,22,98.98242368177613
0.1,0.1,0.25,0.0,0.55,0.9999958539255034,-0.003644799999999948,3,99.86123959296947
0.1,0.1,0.25,0.05,0.5,1.0,0.017446699999999926,3,99.86123959296947
0.1,0.1,0.25,0.1,0.45,1.0,0.038241250000000004,4,99.81498612395929
0.1,0.1,0.25,0.15,0.4,1.0,0.056229150000000006,4,99.81498612395929
0.1,0.1,0.25,0.2,0.35,1.0,0.07421705,4,99.81498612395929
0.1,0.1,0.25,0.25,0.3,1.0,0.08682850000000003,4,99.81498612395929
0.1,0.1,0.25,0.3,0.25,1.0,0.06840694999999997,6,99.72247918593895
0.1,0.1,0.25,0.35,0.2,1.0,0.037717900000000026,8,99.6299722479186
0.1,0.1,0.25,0.4,0.15,0.9999917078510067,-0.015214599999999912,8,99.6299722479186
0.1,0.1,0.25,0.45,0.1,0.9999585392550333,-0.07754830000000001,12,99.44495837187789
0.1,0.1,0.25,0.5,0.05,0.9998590334671134,-0.1398819999999999,16,99.25994449583719
0.1,0.1,0.25,0.55,0.0,0.9997429433812067,-0.2022157,21,99.02867715078631
0.1,0.1,0.3,0.0,0.5,0.9999958539255034,-0.03972579999999992,1,99.95374653098983
0.1,0.1,0.3,0.05,0.45,0.9999958539255034,-0.018634299999999993,1,99.95374653098983
0.1,0.1,0.3,0.1,0.4,1.0,0.0024572000000001037,1,99.95374653098983
0.1,0.1,0.3,0.15,0.35,1.0,0.023548700000000033,1,99.95374653098983
0.1,0.1,0.3,0.2,0.3,1.0,0.044640200000000074,1,99.95374653098983
0.1,0.1,0.3,0.25,0.25,1.0,0.05977484999999999,1,99.95374653098983
0.1,0.1,0.3,0.3,0.2,1.0,0.04135330000000004,4,99.81498612395929
0.1,0.1,0.3,0.35,0.15,0.9999917078510067,-0.012904899999999997,4,99.81498612395929
0.1,0.1,0.3,0.4,0.1,0.9999834157020133,-0.07523859999999999,5,99.76873265494912
0.1,0.1,0.3,0.45,0.05,0.99995024710604,-0.13757229999999993,8,99.6299722479186
0.1,0.1,0.3,0.5,0.0,0.9998714716906033,-0.19990599999999997,13,99.39870490286772
0.1,0.1,0.35,0.0,0.45,0.9999958539255034,-0.07580680000000001,1,99.95374653098983
0.1,0.1,0.35,0.05,0.4,0.9999958539255034,-0.05471530000000002,1,99.95374653098983
0.1,0.1,0.35,0.1,0.35,0.9999958539255034,-0.033623799999999926,1,99.95374653098983
0.1,0.1,0.35,0.15,0.3,0.9999958539255034,-0.012532299999999996,1,99.95374653098983
0.1,0.1,0.35,0.2,0.25,1.0,0.008559200000000045,2,99.90749306197965
0.1,0.1,0.35,0.25,0.2,1.0,0.02965070000000003,3,99.86123959296947
0.1,0.1,0.35,0.3,0.15,0.9999958539255034,-0.010595199999999971,3,99.86123959296947
0.1,0.1,0.35,0.35,0.1,0.99998756177651,-0.07292890000000002,3,99.86123959296947
0.1,0.1,0.35,0.4,0.05,0.9999668314040266,-0.1352625999999999,4,99.81498612395929
0.1,0.1,0.35,0.45,0.0,0.9999212245845633,-0.19759629999999995,7,99.67622571692877
0.1,0.1,0.4,0.0,0.4,0.9999917078510067,-0.11188780000000004,3,99.86123959296947
0.1,0.1,0.4,0.05,0.35,0.9999958539255034,-0.0907963,2,99.90749306197965
0.1,0.1,0.4,0.1,0.3,0.9999958539255034,-0.06970479999999996,2,99.90749306197965
0.1,0.1,0.4,0.15,0.25,0.9999958539255034,-0.048613300000000026,3,99.86123959296947
0.1,0.1,0.4,0.2,0.2,0.9999958539255034,-0.027521799999999985,4,99.81498612395929
0.1,0.1,0.4,0.25,0.15,0.9999834157020133,-0.020383349999999967,4,99.81498612395929
0.1,0.1,0.4,0.3,0.1,0.9999792696275167,-0.0706192,4,99.81498612395929
0.1,0.1,0.4,0.35,0.05,0.9999668314040266,-0.13295289999999993,4,99.81498612395929
0.1,0.1,0.4,0.4,0.0,0.9999543931805367,-0.19528659999999998,5,99.76873265494912
0.1,0.1,0.45,0.0,0.35,0.9999792696275167,-0.14796879999999996,5,99.76873265494912
0.1,0.1,0.45,0.05,0.3,0.9999834157020133,-0.12687729999999997,5,99.76873265494912
0.1,0.1,0.45,0.1,0.25,0.99997512355302,-0.10578579999999993,6,99.72247918593895
0.1,0.1,0.45,0.15,0.2,0.99997512355302,-0.08469429999999994,6,99.72247918593895
0.1,0.1,0.45,0.2,0.15,0.9999709774785234,-0.06661404999999992,6,99.72247918593895
0.1,0.1,0.45,0.25,0.1,0.99996268532953,-0.08943470000000003,6,99.72247918593895
0.1,0.1,0.45,0.3,0.05,0.9999585392550333,-0.1306431999999999,6,99.72247918593895
0.1,0.1,0.45,0.35,0.0,0.9999419549570466,-0.1929769,7,99.67622571692877
0.1,0.1,0.5,0.0,0.3,0.9999212245845633,-0.18404979999999999,7,99.67622571692877
0.1,0.1,0.5,0.05,0.25,0.99992537065906,-0.1629583,8,99.6299722479186
0.1,0.1,0.5,0.1,0.2,0.9999336628080533,-0.14186679999999996,9,99.58371877890842
0.1,0.1,0.5,0.15,0.15,0.99992537065906,-0.13501939999999996,10,99.53746530989824
0.1,0.1,0.5,0.2,0.1,0.99992537065906,-0.1356654,11,99.49121184088807
0.1,0.1,0.5,0.25,0.05,0.9999295167335567,-0.15848604999999993,12,99.44495837187789
0.1,0.1,0.5,0.3,0.0,0.99990049421208,-0.19066719999999998,12,99.44495837187789
0.1,0.1,0.55,0.0,0.25,0.9998673256161067,-0.22885894999999995,16,99.25994449583719
0.1,0.1,0.55,0.05,0.2,0.9998673256161067,-0.22259575000000004,17,99.21369102682701
0.1,0.1,0.55,0.1,0.15,0.99986317954161,-0.21633255000000007,18,99.16743755781684
0.1,0.1,0.55,0.15,0.1,0.9998590334671134,-0.2100693500000001,18,99.16743755781684
0.1,0.1,0.55,0.2,0.05,0.9998300109456366,-0.20471674999999995,18,99.16743755781684
0.1,0.1,0.55,0.25,0.0,0.9998300109456366,-0.22753739999999995,18,99.16743755781684
0.1,0.1,0.6,0.0,0.2,0.9997926962751666,-0.3039088999999999,22,98.98242368177613
0.1,0.1,0.6,0.05,0.15,0.9997926962751666,-0.29764569999999996,22,98.98242368177613
0.1,0.1,0.6,0.1,0.1,0.9997719659026834,-0.29138249999999993,22,98.98242368177613
0.1,0.1,0.6,0.15,0.05,0.9997553816046967,-0.28511929999999996,23,98.93617021276596
0.1,0.1,0.6,0.2,0.0,0.9997429433812067,-0.27885609999999983,23,98.93617021276596
0.1,0.1,0.65,0.0,0.15,0.99967660618926,-0.37895885000000007,27,98.75115633672526
0.1,0.1,0.65,0.05,0.1,0.99966416796577,-0.3726956500000001,28,98.70490286771508
0.1,0.1,0.65,0.1,0.05,0.99965172974228,-0.3664324500000001,28,98.70490286771508
0.1,0.1,0.65,0.15,0.0,0.9996309993697967,-0.3601692500000001,28,98.70490286771508
0.1,0.1,0.7,0.0,0.1,0.9995356396563734,-0.4540088,31,98.56614246068455
0.1,0.1,0.7,0.05,0.05,0.9995107632093934,-0.44774559999999997,31,98.56614246068455
0.1,0.1,0.7,0.1,0.0,0.99949003283691,-0.44148239999999994,31,98.56614246068455
0.1,0.1,0.75,0.0,0.05,0.99932833593154,-0.52905875,33,98.47363552266421
0.1,0.1,0.75,0.05,0.0,0.9993076055590567,-0.52279555,33,98.47363552266421
0.1,0.1,0.8,0.0,0.0,0.9990298185677801,-0.6041087,39,98.19611470860315
0.1,0.15,0.0,0.0,0.75,0.9999295167335567,-0.2091833999999999,11,99.49121184088807
0.1,0.15,0.0,0.05,0.7,0.9999419549570466,-0.17759344999999993,11,99.49121184088807
0.1,0.15,0.0,0.1,0.65,0.9999461010315434,-0.1628036,10,99.53746530989824
0.1,0.15,0.0,0.15,0.6,0.9999543931805367,-0.15636434999999999,10,99.53746530989824
0.1,0.15,0.0,0.2,0.55,0.99996268532953,-0.14992509999999998,9,99.58371877890842
0.1,0.15,0.0,0.25,0.5,0.99996268532953,-0.14348584999999991,9,99.58371877890842
0.1,0.15,0.0,0.3,0.45,0.9999668314040266,-0.13704659999999996,9,99.58371877890842
0.1,0.15,0.0,0.35,0.4,0.99996268532953,-0.13060734999999996,8,99.6299722479186
0.1,0.15,0.0,0.4,0.35,0.9999087863610734,-0.12416809999999995,7,99.67622571692877
0.1,0.15,0.0,0.45,0.3,0.99986317954161,-0.12132284999999993,8,99.6299722479186
0.1,0.15,0.0,0.5,0.25,0.9998590334671134,-0.1274281,13,99.39870490286772
0.1,0.15,0.0,0.55,0.2,0.9997719659026834,-0.18294650000000007,17,99.21369102682701
0.1,0.15,0.0,0.6,0.15,0.9996268532953,-0.23846489999999998,22,98.98242368177613
0.1,0.15,0.0,0.65,0.1,0.99947759461342,-0.2939832999999999,26,98.79740980573543
0.1,0.15,0.0,0.7,0.05,0.9993158977080501,-0.34950169999999997,28,98.70490286771508
0.1,0.15,0.0,0.75,0.0,0.9991293243557,-0.4050201,31,98.56614246068455
0.1,0.15,0.05,0.0,0.7,0.9999585392550333,-0.14838109999999993,9,99.58371877890842
0.1,0.15,0.05,0.05,0.65,0.99996268532953,-0.11679114999999995,9,99.58371877890842
0.1,0.15,0.05,0.1,0.6,0.99996268532953,-0.10355094999999997,9,99.58371877890842
0.1,0.15,0.05,0.15,0.55,0.99996268532953,-0.09717789999999998,9,99.58371877890842
0.1,0.15,0.05,0.2,0.5,0.99996268532953,-0.09080484999999994,9,99.58371877890842
0.1,0.15,0.05,0.25,0.45,0.9999709774785234,-0.0844318,9,99.58371877890842
0.1,0.15,0.05,0.3,0.4,0.9999709774785234,-0.07805875000000001,9,99.58371877890842
0.1,0.15,0.05,0.35,0.35,0.9999709774785234,-0.07168569999999996,8,99.6299722479186
0.1,0.15,0.05,0.4,0.3,0.9999336628080533,-0.06915349999999992,7,99.67622571692877
0.1,0.15,0.05,0.45,0.25,0.99988805598859,-0.06781344999999994,9,99.58371877890842
0.1,0.15,0.05,0.5,0.2,0.99986317954161,-0.10302444999999999,13,99.39870490286772
0.1,0.15,0.05,0.55,0.15,0.99977611197718,-0.15660495000000002,18,99.16743755781684
0.1,0.15,0.05,0.6,0.1,0.9996309993697967,-0.21212334999999993,22,98.98242368177613
0.1,0.15,0.05,0.65,0.05,0.99949003283691,-0.26764175,26,98.79740980573543
0.1,0.15,0.05,0.7,0.0,0.9993200437825467,-0.3231601499999999,28,98.70490286771508
0.1,0.15,0.1,0.0,0.65,0.9999709774785234,-0.08757880000000001,7,99.67622571692877
0.1,0.15,0.1,0.05,0.6,0.9999709774785234,-0.05598884999999998,7,99.67622571692877
0.1,0.15,0.1,0.1,0.55,0.9999709774785234,-0.044772950000000034,8,99.6299722479186
0.1,0.15,0.1,0.15,0.5,0.99997512355302,-0.03839989999999993,9,99.58371877890842
0.1,0.15,0.1,0.2,0.45,0.99998756177651,-0.032026849999999996,9,99.58371877890842
0.1,0.15,0.1,0.25,0.4,0.99998756177651,-0.025653800000000004,8,99.6299722479186
0.1,0.15,0.1,0.3,0.35,0.99998756177651,-0.019280749999999958,8,99.6299722479186
0.1,0.15,0.1,0.35,0.3,0.9999834157020133,-0.01698414999999992,8,99.6299722479186
0.1,0.15,0.1,0.4,0.25,0.9999668314040266,-0.01564410000000005,9,99.58371877890842
0.1,0.15,0.1,0.45,0.2,0.9999170785100666,-0.04928875000000005,9,99.58371877890842
0.1,0.15,0.1,0.5,0.15,0.9998714716906033,-0.09069404999999992,14,99.35245143385754
0.1,0.15,0.1,0.55,0.1,0.9997719659026834,-0.1331119,18,99.16743755781684
0.1,0.15,0.1,0.6,0.05,0.9996475836677834,-0.18578179999999989,23,98.93617021276596
0.1,0.15,0.1,0.65,0.0,0.9994983249859033,-0.24130019999999996,26,98.79740980573543
0.1,0.15,0.15,0.0,0.6,0.9999917078510067,-0.04008309999999998,7,99.67622571692877
0.1,0.15,0.15,0.05,0.55,0.9999958539255034,-0.022095199999999926,7,99.67622571692877
0.1,0.15,0.15,0.1,0.5,0.9999958539255034,-0.004107299999999925,7,99.67622571692877
0.1,0.15,0.15,0.15,0.45,1.0,0.013880599999999965,6,99.72247918593895
0.1,0.15,0.15,0.2,0.4,1.0,0.02675115,7,99.67622571692877
0.1,0.15,0.15,0.25,0.35,1.0,0.03312420000000005,8,99.6299722479186
0.1,0.15,0.15,0.3,0.3,1.0,0.03518520000000008,8,99.6299722479186
0.1,0.15,0.15,0.35,0.25,1.0,0.03038665000000007,9,99.58371877890842
0.1,0.15,0.15,0.4,0.2,0.9999958539255034,-0.004682750000000013,10,99.53746530989824
0.1,0.15,0.15,0.45,0.15,0.9999668314040266,-0.039752149999999986,10,99.53746530989824
0.1,0.15,0.15,0.5,0.1,0.9998714716906033,-0.08203024999999992,14,99.35245143385754
0.1,0.15,0.15,0.55,0.05,0.9997595276791933,-0.1391929999999999,19,99.12118408880666
0.1,0.15,0.15,0.6,0.0,0.99965172974228,-0.19774039999999998,23,98.93617021276596
0.1,0.15,0.2,0.0,0.55,0.9999958539255034,-0.02316394999999999,3,99.86123959296947
0.1,0.15,0.2,0.05,0.5,0.9999958539255034,-0.005176049999999988,3,99.86123959296947
0.1,0.15,0.2,0.1,0.45,1.0,0.012811850000000014,3,99.86123959296947
0.1,0.15,0.2,0.15,0.4,1.0,0.030799750000000015,4,99.81498612395929
0.1,0.15,0.2,0.2,0.35,1.0,0.048787650000000016,4,99.81498612395929
0.1,0.15,0.2,0.25,0.3,1.0,0.06677555000000002,4,99.81498612395929
0.1,0.15,0.2,0.3,0.25,1.0,0.07106149999999994,5,99.76873265494912
0.1,0.15,0.2,0.35,0.2,1.0,0.03992325000000002,8,99.6299722479186
0.1,0.15,0.2,0.4,0.15,0.9999958539255034,-0.014158100000000007,8,99.6299722479186
0.1,0.15,0.2,0.45,0.1,0.99996268532953,-0.07270550000000003,10,99.53746530989824
0.1,0.15,0.2,0.5,0.05,0.9998673256161067,-0.1312528999999999,16,99.25994449583719
0.1,0.15,0.2,0.55,0.0,0.9997553816046967,-0.18980029999999998,20,99.07493061979649
0.1,0.15,0.25,0.0,0.5,0.9999958539255034,-0.006244799999999939,1,99.95374653098983
0.1,0.15,0.25,0.05,0.45,1.0,0.011743100000000006,1,99.95374653098983
0.1,0.15,0.25,0.1,0.4,1.0,0.029731000000000063,1,99.95374653098983
0.1,0.15,0.25,0.15,0.35,1.0,0.047718900000000064,1,99.95374653098983
0.1,0.15,0.25,0.2,0.3,1.0,0.06570680000000001,1,99.95374653098983
0.1,0.15,0.25,0.25,0.25,1.0,0.06242939999999997,1,99.95374653098983
0.1,0.15,0.25,0.3,0.2,1.0,0.04400785000000007,3,99.86123959296947
0.1,0.15,0.25,0.35,0.15,0.9999958539255034,-0.006218000000000057,4,99.81498612395929
0.1,0.15,0.25,0.4,0.1,0.9999917078510067,-0.06476540000000003,5,99.76873265494912
0.1,0.15,0.25,0.45,0.05,0.99995024710604,-0.1233128,9,99.58371877890842
0.1,0.15,0.25,0.5,0.0,0.9998756177651,-0.18186019999999992,14,99.35245143385754
0.1,0.15,0.3,0.0,0.45,0.9999958539255034,-0.0277964,1,99.95374653098983
0.1,0.15,0.3,0.05,0.4,0.9999958539255034,-0.006704899999999958,1,99.95374653098983
0.1,0.15,0.3,0.1,0.35,1.0,0.014386600000000083,1,99.95374653098983
0.1,0.15,0.3,0.15,0.3,1.0,0.03547810000000007,1,99.95374653098983
0.1,0.15,0.3,0.2,0.25,1.0,0.05379729999999999,1,99.95374653098983
0.1,0.15,0.3,0.25,0.2,1.0,0.03537575000000004,3,99.86123959296947
0.1,0.15,0.3,0.3,0.15,1.0,0.0017221000000000042,3,99.86123959296947
0.1,0.15,0.3,0.35,0.1,0.99998756177651,-0.05682530000000002,3,99.86123959296947
0.1,0.15,0.3,0.4,0.05,0.9999709774785234,-0.11537269999999994,4,99.81498612395929
0.1,0.15,0.3,0.45,0.0,0.9999170785100666,-0.17618899999999998,7,99.67622571692877
0.1,0.15,0.35,0.0,0.4,0.9999958539255034,-0.06387739999999997,2,99.90749306197965
0.1,0.15,0.35,0.05,0.35,0.9999958539255034,-0.04278589999999999,2,99.90749306197965
0.1,0.15,0.35,0.1,0.3,0.9999958539255034,-0.021694399999999947,2,99.90749306197965
0.1,0.15,0.35,0.15,0.25,0.9999958539255034,-0.0006029000000000173,2,99.90749306197965
0.1,0.15,0.35,0.2,0.2,1.0,0.020488600000000023,4,99.81498612395929
0.1,0.15,0.35,0.25,0.15,1.0,0.008322099999999999,4,99.81498612395929
0.1,0.15,0.35,0.3,0.1,0.99998756177651,-0.04921190000000003,4,99.81498612395929
0.1,0.15,0.35,0.35,0.05,0.99997512355302,-0.11154559999999997,4,99.81498612395929
0.1,0.15,0.35,0.4,0.0,0.9999585392550333,-0.17387929999999996,5,99.76873265494912
0.1,0.15,0.4,0.0,0.35,0.99998756177651,-0.0999584,3,99.86123959296947
0.1,0.15,0.4,0.05,0.3,0.9999917078510067,-0.07886689999999996,3,99.86123959296947
0.1,0.15,0.4,0.1,0.25,0.9999917078510067,-0.05777539999999998,3,99.86123959296947
0.1,0.15,0.4,0.15,0.2,0.9999917078510067,-0.03668389999999999,5,99.76873265494912
0.1,0.15,0.4,0.2,0.15,0.99998756177651,-0.01559239999999995,5,99.76873265494912
0.1,0.15,0.4,0.25,0.1,0.9999709774785234,-0.046902200000000005,5,99.76873265494912
0.1,0.15,0.4,0.3,0.05,0.99997512355302,-0.10923589999999994,5,99.76873265494912
0.1,0.15,0.4,0.35,0.0,0.9999543931805367,-0.17156959999999993,6,99.72247918593895
0.1,0.15,0.45,0.0,0.3,0.9999709774785234,-0.13603939999999998,5,99.76873265494912
0.1,0.15,0.45,0.05,0.25,0.9999668314040266,-0.11494789999999999,5,99.76873265494912
0.1,0.15,0.45,0.1,0.2,0.99997512355302,-0.09998489999999993,7,99.67622571692877
0.1,0.15,0.45,0.15,0.15,0.9999668314040266,-0.09372169999999996,7,99.67622571692877
0.1,0.15,0.45,0.2,0.1,0.9999543931805367,-0.0874585,8,99.6299722479186
0.1,0.15,0.45,0.25,0.05,0.99995024710604,-0.10692619999999997,8,99.6299722479186
0.1,0.15,0.45,0.3,0.0,0.99993780888255,-0.16925990000000002,9,99.58371877890842
0.1,0.15,0.5,0.0,0.25,0.99990049421208,-0.1875612499999999,10,99.53746530989824
0.1,0.15,0.5,0.05,0.2,0.9999087863610734,-0.18129805000000004,13,99.39870490286772
0.1,0.15,0.5,0.1,0.15,0.9999087863610734,-0.1750348499999999,13,99.39870490286772
0.1,0.15,0.5,0.15,0.1,0.9999087863610734,-0.16877164999999994,14,99.35245143385754
0.1,0.15,0.5,0.2,0.05,0.9999087863610734,-0.16250844999999992,14,99.35245143385754
0.1,0.15,0.5,0.25,0.0,0.9998963481375833,-0.1669502,13,99.39870490286772
0.1,0.15,0.55,0.0,0.2,0.9998341570201333,-0.26261120000000004,22,98.98242368177613
0.1,0.15,0.55,0.05,0.15,0.9998424491691267,-0.2563480000000001,22,98.98242368177613
0.1,0.15,0.55,0.1,0.1,0.9998341570201333,-0.25008480000000005,22,98.98242368177613
0.1,0.15,0.55,0.15,0.05,0.99981342664765,-0.24382160000000003,22,98.98242368177613
0.1,0.15,0.55,0.2,0.0,0.99978855020067,-0.23755839999999995,22,98.98242368177613
0.1,0.15,0.6,0.0,0.15,0.9997512355302,-0.33766114999999997,27,98.75115633672526
0.1,0.15,0.6,0.05,0.1,0.9997470894557033,-0.33139794999999994,28,98.70490286771508
0.1,0.15,0.6,0.1,0.05,0.9997222130087233,-0.3251347499999999,28,98.70490286771508
0.1,0.15,0.6,0.15,0.0,0.9997097747852334,-0.31887154999999995,28,98.70490286771508
0.1,0.15,0.65,0.0,0.1,0.9996268532953,-0.41271110000000005,31,98.56614246068455
0.1,0.15,0.65,0.05,0.05,0.9996061229228167,-0.4064479000000001,31,98.56614246068455
0.1,0.15,0.65,0.1,0.0,0.9995853925503333,-0.40018470000000006,31,98.56614246068455
0.1,0.15,0.7,0.0,0.05,0.9993863809744934,-0.48776105,36,98.33487511563366
0.1,0.15,0.7,0.05,0.0,0.9993780888255,-0.48149785,35,98.38112858464385
0.1,0.15,0.75,0.0,0.0,0.9991293243557,-0.562811,38,98.24236817761333
0.1,0.2,0.0,0.0,0.7,0.99995024710604,-0.1771162999999999,9,99.58371877890842
0.1,0.2,0.0,0.05,0.65,0.9999585392550333,-0.14552635000000003,10,99.53746530989824
0.1,0.2,0.0,0.1,0.6,0.99996268532953,-0.13225339999999997,10,99.53746530989824
0.1,0.2,0.0,0.15,0.55,0.99996268532953,-0.12581414999999996,10,99.53746530989824
0.1,0.2,0.0,0.2,0.5,0.99996268532953,-0.11937489999999995,10,99.53746530989824
0.1,0.2,0.0,0.25,0.45,0.99996268532953,-0.11293564999999994,9,99.58371877890842
0.1,0.2,0.0,0.3,0.4,0.9999709774785234,-0.10649639999999999,9,99.58371877890842
0.1,0.2,0.0,0.35,0.35,0.9999709774785234,-0.10005714999999998,7,99.67622571692877
0.1,0.2,0.0,0.4,0.3,0.99995024710604,-0.09503209999999995,7,99.67622571692877
0.1,0.2,0.0,0.45,0.25,0.99990049421208,-0.0984721,9,99.58371877890842
0.1,0.2,0.0,0.5,0.2,0.99986317954161,-0.10448049999999998,14,99.35245143385754
0.1,0.2,0.0,0.55,0.15,0.9997470894557033,-0.15554839999999998,19,99.12118408880666
0.1,0.2,0.0,0.6,0.1,0.99961441507181,-0.2110667999999999,24,98.88991674375578
0.1,0.2,0.0,0.65,0.05,0.99947759461342,-0.26658519999999997,26,98.79740980573543
0.1,0.2,0.0,0.7,0.0,0.9993158977080501,-0.3221035999999999,29,98.6586493987049
0.1,0.2,0.05,0.0,0.65,0.9999709774785234,-0.11631400000000003,8,99.6299722479186
0.1,0.2,0.05,0.05,0.6,0.9999709774785234,-0.08472405,8,99.6299722479186
0.1,0.2,0.05,0.1,0.55,0.9999668314040266,-0.0727779,8,99.6299722479186
0.1,0.2,0.05,0.15,0.5,0.9999668314040266,-0.06640484999999996,9,99.58371877890842
0.1,0.2,0.05,0.2,0.45,0.9999668314040266,-0.060031800000000024,9,99.58371877890842
0.1,0.2,0.05,0.25,0.4,0.9999709774785234,-0.05365875000000003,8,99.6299722479186
0.1,0.2,0.05,0.3,0.35,0.9999709774785234,-0.047285699999999986,8,99.6299722479186
0.1,0.2,0.05,0.35,0.3,0.9999709774785234,-0.042862749999999894,8,99.6299722479186
0.1,0.2,0.05,0.4,0.25,0.9999585392550333,-0.041522700000000023,8,99.6299722479186
0.1,0.2,0.05,0.45,0.2,0.9999170785100666,-0.05273624999999993,9,99.58371877890842
0.1,0.2,0.05,0.5,0.15,0.9998673256161067,-0.09515409999999991,16,99.25994449583719
0.1,0.2,0.05,0.55,0.1,0.9997429433812067,-0.13757194999999994,19,99.12118408880666
0.1,0.2,0.05,0.6,0.05,0.9996227072208034,-0.18472524999999984,24,98.88991674375578
0.1,0.2,0.05,0.65,0.0,0.9994817406879167,-0.24024365000000003,26,98.79740980573543
0.1,0.2,0.1,0.0,0.6,0.9999834157020133,-0.06551250000000003,7,99.67622571692877
0.1,0.2,0.1,0.05,0.55,0.9999834157020133,-0.04752459999999997,7,99.67622571692877
0.1,0.2,0.1,0.1,0.5,0.99998756177651,-0.02953669999999997,7,99.67622571692877
0.1,0.2,0.1,0.15,0.45,0.99998756177651,-0.011548800000000026,6,99.72247918593895
0.1,0.2,0.1,0.2,0.4,0.9999958539255034,-0.0012538000000000271,7,99.67622571692877
0.1,0.2,0.1,0.25,0.35,1.0,0.00511925000000002,8,99.6299722479186
0.1,0.2,0.1,0.3,0.3,1.0,0.009306600000000054,8,99.6299722479186
0.1,0.2,0.1,0.35,0.25,1.0,0.01064664999999998,8,99.6299722479186
0.1,0.2,0.1,0.4,0.2,0.9999917078510067,-0.0024774000000000185,9,99.58371877890842
0.1,0.2,0.1,0.45,0.15,0.9999709774785234,-0.04407244999999993,10,99.53746530989824
0.1,0.2,0.1,0.5,0.1,0.9998839099140934,-0.08649029999999996,15,99.30619796484737
0.1,0.2,0.1,0.55,0.05,0.9997512355302,-0.1398492,20,99.07493061979649
0.1,0.2,0.1,0.6,0.0,0.9996227072208034,-0.19839659999999998,24,98.88991674375578
0.1,0.2,0.15,0.0,0.55,0.9999958539255034,-0.04859334999999998,3,99.86123959296947
0.1,0.2,0.15,0.05,0.5,0.9999958539255034,-0.03060544999999998,3,99.86123959296947
0.1,0.2,0.15,0.1,0.45,0.9999958539255034,-0.012617550000000033,3,99.86123959296947
0.1,0.2,0.15,0.15,0.4,1.0,0.005370350000000024,4,99.81498612395929
0.1,0.2,0.15,0.2,0.35,1.0,0.023358250000000025,4,99.81498612395929
0.1,0.2,0.15,0.25,0.3,1.0,0.041346150000000026,4,99.81498612395929
0.1,0.2,0.15,0.3,0.25,1.0,0.05933405000000003,5,99.76873265494912
0.1,0.2,0.15,0.35,0.2,1.0,0.04212860000000007,7,99.67622571692877
0.1,0.2,0.15,0.4,0.15,0.9999958539255034,-0.014814300000000058,8,99.6299722479186
0.1,0.2,0.15,0.45,0.1,0.99996268532953,-0.07336170000000003,9,99.58371877890842
0.1,0.2,0.15,0.5,0.05,0.9998797638395966,-0.13190909999999995,15,99.30619796484737
0.1,0.2,0.15,0.55,0.0,0.99976367375369,-0.19045650000000003,19,99.12118408880666
0.1,0.2,0.2,0.0,0.5,0.9999958539255034,-0.031674199999999986,1,99.95374653098983
0.1,0.2,0.2,0.05,0.45,0.9999958539255034,-0.01368630000000004,1,99.95374653098983
0.1,0.2,0.2,0.1,0.4,1.0,0.0043016000000000165,1,99.95374653098983
0.1,0.2,0.2,0.15,0.35,1.0,0.022289500000000018,1,99.95374653098983
0.1,0.2,0.2,0.2,0.3,1.0,0.04027740000000002,1,99.95374653098983
0.1,0.2,0.2,0.25,0.25,1.0,0.058265299999999964,1,99.95374653098983
0.1,0.2,0.2,0.3,0.2,1.0,0.04666240000000005,2,99.90749306197965
0.1,0.2,0.2,0.35,0.15,0.9999958539255034,-0.006874199999999997,4,99.81498612395929
0.1,0.2,0.2,0.4,0.1,0.9999917078510067,-0.06542160000000002,5,99.76873265494912
0.1,0.2,0.2,0.45,0.05,0.9999461010315434,-0.12396899999999994,10,99.53746530989824
0.1,0.2,0.2,0.5,0.0,0.9998797638395966,-0.18251640000000002,13,99.39870490286772
0.1,0.2,0.25,0.0,0.45,0.9999958539255034,-0.014755050000000047,1,99.95374653098983
0.1,0.2,0.25,0.05,0.4,1.0,0.0032328500000000093,1,99.95374653098983
0.1,0.2,0.25,0.1,0.35,1.0,0.02122075000000001,1,99.95374653098983
0.1,0.2,0.25,0.15,0.3,1.0,0.03920865000000001,1,99.95374653098983
0.1,0.2,0.25,0.2,0.25,1.0,0.05645184999999997,1,99.95374653098983
0.1,0.2,0.25,0.25,0.2,1.0,0.03803030000000002,2,99.90749306197965
0.1,0.2,0.25,0.3,0.15,1.0,0.0010659000000000085,3,99.86123959296947
0.1,0.2,0.25,0.35,0.1,0.9999917078510067,-0.05748150000000002,4,99.81498612395929
0.1,0.2,0.25,0.4,0.05,0.99997512355302,-0.11602889999999993,4,99.81498612395929
0.1,0.2,0.25,0.45,0.0,0.9999212245845633,-0.17457629999999996,8,99.6299722479186
0.1,0.2,0.3,0.0,0.4,0.9999958539255034,-0.015866999999999964,2,99.90749306197965
0.1,0.2,0.3,0.05,0.35,1.0,0.005224500000000076,2,99.90749306197965
0.1,0.2,0.3,0.1,0.3,1.0,0.026316000000000117,2,99.90749306197965
0.1,0.2,0.3,0.15,0.25,1.0,0.04740749999999999,2,99.90749306197965
0.1,0.2,0.3,0.2,0.2,1.0,0.029398200000000096,3,99.86123959296947
0.1,0.2,0.3,0.25,0.15,1.0,0.009006000000000014,4,99.81498612395929
0.1,0.2,0.3,0.3,0.1,0.9999834157020133,-0.04954139999999996,4,99.81498612395929
0.1,0.2,0.3,0.35,0.05,0.9999834157020133,-0.10808879999999993,4,99.81498612395929
0.1,0.2,0.3,0.4,0.0,0.99996268532953,-0.16663619999999996,6,99.72247918593895
0.1,0.2,0.35,0.0,0.35,0.9999958539255034,-0.051947999999999994,2,99.90749306197965
0.1,0.2,0.35,0.05,0.3,0.9999958539255034,-0.03085650000000001,2,99.90749306197965
0.1,0.2,0.35,0.1,0.25,0.9999958539255034,-0.009764999999999968,2,99.90749306197965
0.1,0.2,0.35,0.15,0.2,1.0,0.011326500000000017,3,99.86123959296947
0.1,0.2,0.35,0.2,0.15,0.9999958539255034,-0.0011842999999999715,4,99.81498612395929
0.1,0.2,0.35,0.25,0.1,0.9999834157020133,-0.04160129999999995,4,99.81498612395929
0.1,0.2,0.35,0.3,0.05,0.9999834157020133,-0.10014869999999987,4,99.81498612395929
0.1,0.2,0.35,0.35,0.0,0.9999585392550333,-0.1586960999999999,5,99.76873265494912
0.1,0.2,0.4,0.0,0.3,0.9999834157020133,-0.08802899999999997,4,99.81498612395929
0.1,0.2,0.4,0.05,0.25,0.99998756177651,-0.06693749999999998,4,99.81498612395929
0.1,0.2,0.4,0.1,0.2,0.99998756177651,-0.05868719999999994,7,99.67622571692877
0.1,0.2,0.4,0.15,0.15,0.9999834157020133,-0.05242399999999997,7,99.67622571692877
0.1,0.2,0.4,0.2,0.1,0.9999668314040266,-0.06720690000000007,7,99.67622571692877
0.1,0.2,0.4,0.25,0.05,0.99996268532953,-0.10045674999999998,7,99.67622571692877
0.1,0.2,0.4,0.3,0.0,0.9999543931805367,-0.15075599999999995,8,99.6299722479186
0.1,0.2,0.45,0.0,0.25,0.9999585392550333,-0.1462635499999999,10,99.53746530989824
0.1,0.2,0.45,0.05,0.2,0.9999543931805367,-0.14000034999999994,11,99.49121184088807
0.1,0.2,0.45,0.1,0.15,0.99995024710604,-0.13373714999999992,11,99.49121184088807
0.1,0.2,0.45,0.15,0.1,0.9999419549570466,-0.12747395,11,99.49121184088807
0.1,0.2,0.45,0.2,0.05,0.99993780888255,-0.1332295,11,99.49121184088807
0.1,0.2,0.45,0.25,0.0,0.9999336628080533,-0.16647935000000003,11,99.49121184088807
0.1,0.2,0.5,0.0,0.2,0.9998673256161067,-0.2213135,19,99.12118408880666
0.1,0.2,0.5,0.05,0.15,0.9998714716906033,-0.21505030000000003,19,99.12118408880666
0.1,0.2,0.5,0.1,0.1,0.9998714716906033,-0.2087870999999999,20,99.07493061979649
0.1,0.2,0.5,0.15,0.05,0.9998673256161067,-0.20252389999999992,21,99.02867715078631
0.1,0.2,0.5,0.2,0.0,0.9998465952436233,-0.1992521,20,99.07493061979649
0.1,0.2,0.55,0.0,0.15,0.9997968423496634,-0.29636345000000003,28,98.70490286771508
0.1,0.2,0.55,0.05,0.1,0.9997926962751666,-0.29010025000000006,28,98.70490286771508
0.1,0.2,0.55,0.1,0.05,0.9997553816046967,-0.28383705000000004,28,98.70490286771508
0.1,0.2,0.55,0.15,0.0,0.9997305051577167,-0.27757385000000007,28,98.70490286771508
0.1,0.2,0.6,0.0,0.1,0.9996931904872467,-0.3714133999999999,34,98.42738205365403
0.1,0.2,0.6,0.05,0.05,0.9996724601147633,-0.3651502,34,98.42738205365403
0.1,0.2,0.6,0.1,0.0,0.9996558758167767,-0.35888699999999996,34,98.42738205365403
0.1,0.2,0.65,0.0,0.05,0.9995107632093934,-0.44646335000000004,35,98.38112858464385
0.1,0.2,0.65,0.05,0.0,0.99947759461342,-0.44020015000000007,35,98.38112858464385
0.1,0.2,0.7,0.0,0.0,0.9991998076221433,-0.5215133,37,98.2886216466235
0.1,0.25,0.0,0.0,0.65,0.99996268532953,-0.1450492,8,99.6299722479186
0.1,0.25,0.0,0.05,0.6,0.99996268532953,-0.11345924999999996,8,99.6299722479186
0.1,0.25,0.0,0.1,0.55,0.99996268532953,-0.1017032,9,99.58371877890842
0.1,0.25,0.0,0.15,0.5,0.99996268532953,-0.09526394999999999,10,99.53746530989824
0.1,0.25,0.0,0.2,0.45,0.99996268532953,-0.08882469999999998,10,99.53746530989824
0.1,0.25,0.0,0.25,0.4,0.9999668314040266,-0.08238544999999992,8,99.6299722479186
0.1,0.25,0.0,0.3,0.35,0.9999709774785234,-0.07594619999999996,8,99.6299722479186
0.1,0.25,0.0,0.35,0.3,0.9999709774785234,-0.06950694999999996,8,99.6299722479186
0.1,0.25,0.0,0.4,0.25,0.99995024710604,-0.07237110000000002,7,99.67622571692877
0.1,0.25,0.0,0.45,0.2,0.99992537065906,-0.07837950000000005,10,99.53746530989824
0.1,0.25,0.0,0.5,0.15,0.9998590334671134,-0.0996141499999999,15,99.30619796484737
0.1,0.25,0.0,0.55,0.1,0.9997097747852334,-0.142032,21,99.02867715078631
0.1,0.25,0.0,0.6,0.05,0.9995936846993266,-0.18444984999999997,25,98.84366327474561
0.1,0.25,0.0,0.65,0.0,0.99947759461342,-0.23918710000000004,27,98.75115633672526
0.1,0.25,0.05,0.0,0.6,0.9999709774785234,-0.09094189999999996,8,99.6299722479186
0.1,0.25,0.05,0.05,0.55,0.9999709774785234,-0.07295400000000002,8,99.6299722479186
0.1,0.25,0.05,0.1,0.5,0.9999709774785234,-0.05496610000000002,8,99.6299722479186
0.1,0.25,0.05,0.15,0.45,0.99997512355302,-0.03697820000000002,6,99.72247918593895
0.1,0.25,0.05,0.2,0.4,0.9999834157020133,-0.02925875,7,99.67622571692877
0.1,0.25,0.05,0.25,0.35,0.9999792696275167,-0.022885699999999953,8,99.6299722479186
0.1,0.25,0.05,0.3,0.3,0.9999834157020133,-0.01657199999999992,8,99.6299722479186
0.1,0.25,0.05,0.35,0.25,0.9999834157020133,-0.015231949999999883,8,99.6299722479186
0.1,0.25,0.05,0.4,0.2,0.9999709774785234,-0.019734499999999988,8,99.6299722479186
0.1,0.25,0.05,0.45,0.15,0.9999585392550333,-0.04853249999999992,10,99.53746530989824
0.1,0.25,0.05,0.5,0.1,0.99986317954161,-0.0909503499999999,17,99.21369102682701
0.1,0.25,0.05,0.55,0.05,0.9997305051577167,-0.14050539999999995,22,98.98242368177613
0.1,0.25,0.05,0.6,0.0,0.9995978307738234,-0.19905280000000003,25,98.84366327474561
0.1,0.25,0.1,0.0,0.55,0.9999917078510067,-0.07402274999999997,2,99.90749306197965
0.1,0.25,0.1,0.05,0.5,0.9999958539255034,-0.05603484999999997,3,99.86123959296947
0.1,0.25,0.1,0.1,0.45,0.9999958539255034,-0.03804694999999997,3,99.86123959296947
0.1,0.25,0.1,0.15,0.4,0.9999958539255034,-0.020059049999999967,3,99.86123959296947
0.1,0.25,0.1,0.2,0.35,0.9999958539255034,-0.0020711499999999106,4,99.81498612395929
0.1,0.25,0.1,0.25,0.3,1.0,0.01591674999999998,4,99.81498612395929
0.1,0.25,0.1,0.3,0.25,1.0,0.03390464999999998,5,99.76873265494912
0.1,0.25,0.1,0.35,0.2,1.0,0.03702039999999995,7,99.67622571692877
0.1,0.25,0.1,0.4,0.15,0.9999958539255034,-0.015470500000000054,8,99.6299722479186
0.1,0.25,0.1,0.45,0.1,0.9999585392550333,-0.07401790000000003,8,99.6299722479186
0.1,0.25,0.1,0.5,0.05,0.9998797638395966,-0.13256529999999994,16,99.25994449583719
0.1,0.25,0.1,0.55,0.0,0.9997595276791933,-0.19111270000000002,19,99.12118408880666
0.1,0.25,0.15,0.0,0.5,0.9999958539255034,-0.05710360000000003,1,99.95374653098983
0.1,0.25,0.15,0.05,0.45,0.9999958539255034,-0.039115699999999975,1,99.95374653098983
0.1,0.25,0.15,0.1,0.4,0.9999958539255034,-0.02112779999999992,1,99.95374653098983
0.1,0.25,0.15,0.15,0.35,0.9999958539255034,-0.0031398999999999733,1,99.95374653098983
0.1,0.25,0.15,0.2,0.3,1.0,0.014848000000000083,1,99.95374653098983
0.1,0.25,0.15,0.25,0.25,1.0,0.03283590000000014,1,99.95374653098983
0.1,0.25,0.15,0.3,0.2,1.0,0.049316950000000026,2,99.90749306197965
0.1,0.25,0.15,0.35,0.15,0.9999958539255034,-0.007530399999999993,2,99.90749306197965
0.1,0.25,0.15,0.4,0.1,0.9999917078510067,-0.06607780000000002,6,99.72247918593895
0.1,0.25,0.15,0.45,0.05,0.99995024710604,-0.12462519999999999,8,99.6299722479186
0.1,0.25,0.15,0.5,0.0,0.9998797638395966,-0.18317259999999996,14,99.35245143385754
0.1,0.25,0.2,0.0,0.45,0.9999958539255034,-0.04018444999999998,1,99.95374653098983
0.1,0.25,0.2,0.05,0.4,0.9999958539255034,-0.022196549999999926,1,99.95374653098983
0.1,0.25,0.2,0.1,0.35,0.9999958539255034,-0.004208649999999925,1,99.95374653098983
0.1,0.25,0.2,0.15,0.3,1.0,0.013779249999999965,1,99.95374653098983
0.1,0.25,0.2,0.2,0.25,1.0,0.031767149999999966,1,99.95374653098983
0.1,0.25,0.2,0.25,0.2,1.0,0.040684849999999995,2,99.90749306197965
0.1,0.25,0.2,0.3,0.15,1.0,0.0004096999999999573,3,99.86123959296947
0.1,0.25,0.2,0.35,0.1,0.9999917078510067,-0.05813770000000007,4,99.81498612395929
0.1,0.25,0.2,0.4,0.05,0.99997512355302,-0.11668509999999999,5,99.76873265494912
0.1,0.25,0.2,0.45,0.0,0.99991293243557,-0.17523250000000007,7,99.67622571692877
0.1,0.25,0.25,0.0,0.4,0.9999958539255034,-0.023265299999999933,2,99.90749306197965
0.1,0.25,0.25,0.05,0.35,0.9999958539255034,-0.005277399999999932,2,99.90749306197965
0.1,0.25,0.25,0.1,0.3,1.0,0.012710500000000069,2,99.90749306197965
0.1,0.25,0.25,0.15,0.25,1.0,0.030698400000000015,2,99.90749306197965
0.1,0.25,0.25,0.2,0.2,1.0,0.032052750000000074,3,99.86123959296947
0.1,0.25,0.25,0.25,0.15,1.0,0.008349800000000018,4,99.81498612395929
0.1,0.25,0.25,0.3,0.1,0.9999834157020133,-0.05019759999999995,4,99.81498612395929
0.1,0.25,0.25,0.35,0.05,0.9999834157020133,-0.10874499999999993,5,99.76873265494912
0.1,0.25,0.25,0.4,0.0,0.99996268532953,-0.1672924,6,99.72247918593895
0.1,0.25,0.3,0.0,0.35,0.9999917078510067,-0.006346149999999995,2,99.90749306197965
0.1,0.25,0.3,0.05,0.3,1.0,0.011641750000000006,2,99.90749306197965
0.1,0.25,0.3,0.1,0.25,1.0,0.029629649999999952,2,99.90749306197965
0.1,0.25,0.3,0.15,0.2,1.0,0.0234206500000001,3,99.86123959296947
0.1,0.25,0.3,0.2,0.15,0.9999958539255034,-0.005242449999999954,4,99.81498612395929
0.1,0.25,0.3,0.25,0.1,0.9999834157020133,-0.0422575,4,99.81498612395929
0.1,0.25,0.3,0.3,0.05,0.9999834157020133,-0.10080489999999992,4,99.81498612395929
0.1,0.25,0.3,0.35,0.0,0.99997512355302,-0.1593523,6,99.72247918593895
0.1,0.25,0.35,0.0,0.3,0.9999917078510067,-0.04001859999999996,6,99.72247918593895
0.1,0.25,0.35,0.05,0.25,0.9999917078510067,-0.02365269999999997,6,99.72247918593895
0.1,0.25,0.35,0.1,0.2,0.9999917078510067,-0.017389499999999947,7,99.67622571692877
0.1,0.25,0.35,0.15,0.15,0.99998756177651,-0.03801519999999997,8,99.6299722479186
0.1,0.25,0.35,0.2,0.1,0.9999792696275167,-0.07126505,8,99.6299722479186
0.1,0.25,0.35,0.25,0.05,0.9999792696275167,-0.10451489999999991,8,99.6299722479186
0.1,0.25,0.35,0.3,0.0,0.9999585392550333,-0.15141219999999994,10,99.53746530989824
0.1,0.25,0.4,0.0,0.25,0.9999668314040266,-0.10496585000000003,10,99.53746530989824
0.1,0.25,0.4,0.05,0.2,0.9999792696275167,-0.09870265,11,99.49121184088807
0.1,0.25,0.4,0.1,0.15,0.99997512355302,-0.09243944999999998,12,99.44495837187789
0.1,0.25,0.4,0.15,0.1,0.99996268532953,-0.10403780000000001,12,99.44495837187789
0.1,0.25,0.4,0.2,0.05,0.9999543931805367,-0.13728764999999998,13,99.39870490286772
0.1,0.25,0.4,0.25,0.0,0.9999336628080533,-0.1705375,13,99.39870490286772
0.1,0.25,0.45,0.0,0.2,0.99992537065906,-0.18001579999999995,13,99.39870490286772
0.1,0.25,0.45,0.05,0.15,0.9999212245845633,-0.17375259999999998,14,99.35245143385754
0.1,0.25,0.45,0.1,0.1,0.9999087863610734,-0.16748939999999995,15,99.30619796484737
0.1,0.25,0.45,0.15,0.05,0.99990049421208,-0.1700604,15,99.30619796484737
0.1,0.25,0.45,0.2,0.0,0.99990049421208,-0.20331025000000003,16,99.25994449583719
0.1,0.25,0.5,0.0,0.15,0.9998341570201333,-0.25506575000000004,26,98.79740980573543
0.1,0.25,0.5,0.05,0.1,0.9998217187966434,-0.24880255,26,98.79740980573543
0.1,0.25,0.5,0.1,0.05,0.9998175727221467,-0.24253934999999993,25,98.84366327474561
0.1,0.25,0.5,0.15,0.0,0.9997844041261733,-0.23627614999999996,26,98.79740980573543
0.1,0.25,0.55,0.0,0.1,0.99973879730671,-0.3301157,32,98.51988899167438
0.1,0.25,0.55,0.05,0.05,0.99971392085973,-0.32385250000000004,32,98.51988899167438
0.1,0.25,0.55,0.1,0.0,0.9996807522637566,-0.3175893,32,98.51988899167438
0.1,0.25,0.6,0.0,0.05,0.99958953862483,-0.40516564999999993,37,98.2886216466235
0.1,0.25,0.6,0.05,0.0,0.9995563700288567,-0.3989024499999999,37,98.2886216466235
0.1,0.25,0.65,0.0,0.0,0.9993200437825467,-0.4802156000000001,37,98.2886216466235
0.1,0.3,0.0,0.0,0.6,0.9999668314040266,-0.11637130000000001,6,99.72247918593895
0.1,0.3,0.0,0.05,0.55,0.9999668314040266,-0.09838340000000007,8,99.6299722479186
0.1,0.3,0.0,0.1,0.5,0.9999668314040266,-0.08039549999999995,8,99.6299722479186
0.1,0.3,0.0,0.15,0.45,0.99996268532953,-0.06471375000000007,7,99.67622571692877
0.1,0.3,0.0,0.2,0.4,0.9999668314040266,-0.05827450000000001,8,99.6299722479186
0.1,0.3,0.0,0.25,0.35,0.9999668314040266,-0.051835250000000055,9,99.58371877890842
0.1,0.3,0.0,0.3,0.3,0.9999668314040266,-0.04539599999999999,8,99.6299722479186
0.1,0.3,0.0,0.35,0.25,0.9999709774785234,-0.04627009999999998,8,99.6299722479186
0.1,0.3,0.0,0.4,0.2,0.99996268532953,-0.052278500000000006,11,99.49121184088807
0.1,0.3,0.0,0.45,0.15,0.9999419549570466,-0.058286899999999975,11,99.49121184088807
0.1,0.3,0.0,0.5,0.1,0.9998465952436233,-0.0954104,19,99.12118408880666
0.1,0.3,0.0,0.55,0.05,0.9996848983382534,-0.1411616,22,98.98242368177613
0.1,0.3,0.0,0.6,0.0,0.9995812464758367,-0.19970899999999997,26,98.79740980573543
0.1,0.3,0.05,0.0,0.55,0.9999834157020133,-0.09945214999999996,3,99.86123959296947
0.1,0.3,0.05,0.05,0.5,0.9999834157020133,-0.08146425000000007,3,99.86123959296947
0.1,0.3,0.05,0.1,0.45,0.99998756177651,-0.06347635000000007,4,99.81498612395929
0.1,0.3,0.05,0.15,0.4,0.99998756177651,-0.045488450000000014,4,99.81498612395929
0.1,0.3,0.05,0.2,0.35,0.9999958539255034,-0.027500549999999957,3,99.86123959296947
0.1,0.3,0.05,0.25,0.3,0.9999958539255034,-0.009512649999999956,4,99.81498612395929
0.1,0.3,0.05,0.3,0.25,1.0,0.008475250000000045,5,99.76873265494912
0.1,0.3,0.05,0.35,0.2,1.0,0.006366499999999997,8,99.6299722479186
0.1,0.3,0.05,0.4,0.15,0.99998756177651,-0.01612670000000005,9,99.58371877890842
0.1,0.3,0.05,0.45,0.1,0.9999461010315434,-0.07467410000000002,10,99.53746530989824
0.1,0.3,0.05,0.5,0.05,0.9998756177651,-0.1332215,18,99.16743755781684
0.1,0.3,0.05,0.55,0.0,0.9997180669342267,-0.19176890000000008,20,99.07493061979649
0.1,0.3,0.1,0.0,0.5,0.9999958539255034,-0.08253299999999997,2,99.90749306197965
0.1,0.3,0.1,0.05,0.45,0.9999958539255034,-0.06454509999999997,1,99.95374653098983
0.1,0.3,0.1,0.1,0.4,0.9999958539255034,-0.04655719999999991,1,99.95374653098983
0.1,0.3,0.1,0.15,0.35,0.9999958539255034,-0.02856930000000002,1,99.95374653098983
0.1,0.3,0.1,0.2,0.3,0.9999958539255034,-0.010581399999999963,1,99.95374653098983
0.1,0.3,0.1,0.25,0.25,1.0,0.0074065000000000936,1,99.95374653098983
0.1,0.3,0.1,0.3,0.2,1.0,0.023783699999999963,2,99.90749306197965
0.1,0.3,0.1,0.35,0.15,0.9999958539255034,-0.008186600000000044,3,99.86123959296947
0.1,0.3,0.1,0.4,0.1,0.99998756177651,-0.06673400000000007,6,99.72247918593895
0.1,0.3,0.1,0.45,0.05,0.9999419549570466,-0.1252814,10,99.53746530989824
0.1,0.3,0.1,0.5,0.0,0.9998756177651,-0.18382880000000001,16,99.25994449583719
0.1,0.3,0.15,0.0,0.45,0.9999958539255034,-0.06561384999999997,1,99.95374653098983
0.1,0.3,0.15,0.05,0.4,0.9999958539255034,-0.04762594999999992,1,99.95374653098983
0.1,0.3,0.15,0.1,0.35,0.9999958539255034,-0.029638049999999916,1,99.95374653098983
0.1,0.3,0.15,0.15,0.3,0.9999958539255034,-0.011650150000000026,1,99.95374653098983
0.1,0.3,0.15,0.2,0.25,1.0,0.006337750000000031,1,99.95374653098983
0.1,0.3,0.15,0.25,0.2,1.0,0.024325649999999976,2,99.90749306197965
0.1,0.3,0.15,0.3,0.15,0.9999958539255034,-0.00024649999999998284,2,99.90749306197965
0.1,0.3,0.15,0.35,0.1,0.9999917078510067,-0.05879390000000001,5,99.76873265494912
0.1,0.3,0.15,0.4,0.05,0.9999709774785234,-0.11734129999999993,6,99.72247918593895
0.1,0.3,0.15,0.45,0.0,0.9999087863610734,-0.1758887,9,99.58371877890842
0.1,0.3,0.2,0.0,0.4,0.9999958539255034,-0.048694700000000035,2,99.90749306197965
0.1,0.3,0.2,0.05,0.35,0.9999958539255034,-0.03070679999999998,2,99.90749306197965
0.1,0.3,0.2,0.1,0.3,0.9999958539255034,-0.012718899999999977,2,99.90749306197965
0.1,0.3,0.2,0.15,0.25,1.0,0.005268999999999968,2,99.90749306197965
0.1,0.3,0.2,0.2,0.2,1.0,0.023256900000000025,3,99.86123959296947
0.1,0.3,0.2,0.25,0.15,1.0,0.007693599999999912,3,99.86123959296947
0.1,0.3,0.2,0.3,0.1,0.99998756177651,-0.050853800000000005,5,99.76873265494912
0.1,0.3,0.2,0.35,0.05,0.99997512355302,-0.10940119999999998,5,99.76873265494912
0.1,0.3,0.2,0.4,0.0,0.9999543931805367,-0.16794860000000006,6,99.72247918593895
0.1,0.3,0.25,0.0,0.35,0.9999958539255034,-0.031775549999999986,2,99.90749306197965
0.1,0.3,0.25,0.05,0.3,0.9999958539255034,-0.013787649999999985,2,99.90749306197965
0.1,0.3,0.25,0.1,0.25,1.0,0.0042002500000000165,2,99.90749306197965
0.1,0.3,0.25,0.15,0.2,1.0,0.020062199999999974,3,99.86123959296947
0.1,0.3,0.25,0.2,0.15,0.9999958539255034,-0.009300600000000048,3,99.86123959296947
0.1,0.3,0.25,0.25,0.1,0.99998756177651,-0.042913700000000055,4,99.81498612395929
0.1,0.3,0.25,0.3,0.05,0.9999792696275167,-0.10146109999999997,5,99.76873265494912
0.1,0.3,0.25,0.35,0.0,0.9999709774785234,-0.16000850000000005,6,99.72247918593895
0.1,0.3,0.3,0.0,0.3,0.9999917078510067,-0.014856399999999992,6,99.72247918593895
0.1,0.3,0.3,0.05,0.25,0.9999958539255034,-0.008306799999999948,6,99.72247918593895
0.1,0.3,0.3,0.1,0.2,0.9999917078510067,-0.008823499999999929,7,99.67622571692877
0.1,0.3,0.3,0.15,0.15,0.99998756177651,-0.042073349999999954,7,99.67622571692877
0.1,0.3,0.3,0.2,0.1,0.99998756177651,-0.07532320000000003,8,99.6299722479186
0.1,0.3,0.3,0.25,0.05,0.9999792696275167,-0.10857304999999995,9,99.58371877890842
0.1,0.3,0.3,0.3,0.0,0.9999543931805367,-0.1520684,10,99.53746530989824
0.1,0.3,0.35,0.0,0.25,0.9999834157020133,-0.06366814999999998,10,99.53746530989824
0.1,0.3,0.35,0.05,0.2,0.9999834157020133,-0.057404949999999955,11,99.49121184088807
0.1,0.3,0.35,0.1,0.15,0.9999834157020133,-0.07484609999999997,11,99.49121184088807
0.1,0.3,0.35,0.15,0.1,0.99997512355302,-0.10809595,12,99.44495837187789
0.1,0.3,0.35,0.2,0.05,0.9999543931805367,-0.14134579999999997,12,99.44495837187789
0.1,0.3,0.35,0.25,0.0,0.9999336628080533,-0.17459565,14,99.35245143385754
0.1,0.3,0.4,0.0,0.2,0.9999543931805367,-0.1387181,17,99.21369102682701
0.1,0.3,0.4,0.05,0.15,0.99995024710604,-0.1324549,18,99.16743755781684
0.1,0.3,0.4,0.1,0.1,0.9999336628080533,-0.14086870000000007,18,99.16743755781684
0.1,0.3,0.4,0.15,0.05,0.9999170785100666,-0.17411854999999998,18,99.16743755781684
0.1,0.3,0.4,0.2,0.0,0.99990049421208,-0.20736840000000006,19,99.12118408880666
0.1,0.3,0.45,0.0,0.15,0.9998839099140934,-0.21376805,23,98.93617021276596
0.1,0.3,0.45,0.05,0.1,0.99986317954161,-0.20750485000000002,23,98.93617021276596
0.1,0.3,0.45,0.1,0.05,0.9998590334671134,-0.2068913,23,98.93617021276596
0.1,0.3,0.45,0.15,0.0,0.99982586487114,-0.24014115000000003,23,98.93617021276596
0.1,0.3,0.5,0.0,0.1,0.99976367375369,-0.288818,30,98.61239592969473
0.1,0.3,0.5,0.05,0.05,0.9997470894557033,-0.2825548,28,98.70490286771508
0.1,0.3,0.5,0.1,0.0,0.9997222130087233,-0.27629159999999997,29,98.6586493987049
0.1,0.3,0.55,0.0,0.05,0.9996227072208034,-0.36386795000000005,34,98.42738205365403
0.1,0.3,0.55,0.05,0.0,0.9995812464758367,-0.35760475,34,98.42738205365403
0.1,0.3,0.6,0.0,0.0,0.9993780888255,-0.4389178999999999,37,98.2886216466235
0.1,0.35,0.0,0.0,0.55,0.9999585392550333,-0.12488154999999995,3,99.86123959296947
0.1,0.35,0.0,0.05,0.5,0.9999585392550333,-0.10689364999999995,3,99.86123959296947
0.1,0.35,0.0,0.1,0.45,0.99996268532953,-0.08890574999999995,3,99.86123959296947
0.1,0.35,0.0,0.15,0.4,0.9999668314040266,-0.07091785000000006,4,99.81498612395929
0.1,0.35,0.0,0.2,0.35,0.99997512355302,-0.05292995,5,99.76873265494912
0.1,0.35,0.0,0.25,0.3,0.99997512355302,-0.03494205000000006,7,99.67622571692877
0.1,0.35,0.0,0.3,0.25,0.9999709774785234,-0.028422049999999976,8,99.6299722479186
0.1,0.35,0.0,0.35,0.2,0.99996268532953,-0.030581000000000025,10,99.53746530989824
0.1,0.35,0.0,0.4,0.15,0.9999461010315434,-0.05059395,9,99.58371877890842
0.1,0.35,0.0,0.45,0.1,0.9999336628080533,-0.08174645000000003,11,99.49121184088807
0.1,0.35,0.0,0.5,0.05,0.9998465952436233,-0.13871389999999995,18,99.16743755781684
0.1,0.35,0.0,0.55,0.0,0.9996807522637566,-0.19568134999999998,20,99.07493061979649
0.1,0.35,0.05,0.0,0.5,0.99998756177651,-0.10796240000000001,2,99.90749306197965
0.1,0.35,0.05,0.05,0.45,0.9999958539255034,-0.08997449999999996,2,99.90749306197965
0.1,0.35,0.05,0.1,0.4,0.9999958539255034,-0.0719865999999999,2,99.90749306197965
0.1,0.35,0.05,0.15,0.35,0.9999958539255034,-0.053998700000000066,2,99.90749306197965
0.1,0.35,0.05,0.2,0.3,0.9999958539255034,-0.036010799999999954,1,99.95374653098983
0.1,0.35,0.05,0.25,0.25,0.9999958539255034,-0.018022899999999953,2,99.90749306197965
0.1,0.35,0.05,0.3,0.2,0.99998756177651,-0.004956450000000001,4,99.81498612395929
0.1,0.35,0.05,0.35,0.15,0.9999834157020133,-0.02709440000000002,6,99.72247918593895
0.1,0.35,0.05,0.4,0.1,0.9999709774785234,-0.06739020000000001,6,99.72247918593895
0.1,0.35,0.05,0.45,0.05,0.9999170785100666,-0.12593759999999993,11,99.49121184088807
0.1,0.35,0.05,0.5,0.0,0.9998424491691267,-0.184485,16,99.25994449583719
0.1,0.35,0.1,0.0,0.45,0.9999958539255034,-0.09104324999999996,2,99.90749306197965
0.1,0.35,0.1,0.05,0.4,0.9999958539255034,-0.07305534999999991,2,99.90749306197965
0.1,0.35,0.1,0.1,0.35,0.9999958539255034,-0.05506744999999991,1,99.95374653098983
0.1,0.35,0.1,0.15,0.3,0.9999958539255034,-0.03707954999999996,1,99.95374653098983
0.1,0.35,0.1,0.2,0.25,0.9999958539255034,-0.019091650000000016,1,99.95374653098983
0.1,0.35,0.1,0.25,0.2,0.9999958539255034,-0.001103749999999959,3,99.86123959296947
0.1,0.35,0.1,0.3,0.15,0.9999917078510067,-0.011590950000000044,5,99.76873265494912
0.1,0.35,0.1,0.35,0.1,0.9999834157020133,-0.05945010000000006,6,99.72247918593895
0.1,0.35,0.1,0.4,0.05,0.99996268532953,-0.11799750000000003,8,99.6299722479186
0.1,0.35,0.1,0.45,0.0,0.99990049421208,-0.1765449,10,99.53746530989824
0.1,0.35,0.15,0.0,0.4,0.9999958539255034,-0.07412409999999997,2,99.90749306197965
0.1,0.35,0.15,0.05,0.35,0.9999958539255034,-0.05613619999999997,2,99.90749306197965
0.1,0.35,0.15,0.1,0.3,0.9999958539255034,-0.03814829999999997,2,99.90749306197965
0.1,0.35,0.15,0.15,0.25,0.9999958539255034,-0.020160399999999967,2,99.90749306197965
0.1,0.35,0.15,0.2,0.2,0.9999958539255034,-0.0021725000000000216,3,99.86123959296947
0.1,0.35,0.15,0.25,0.15,1.0,0.00391249999999993,4,99.81498612395929
0.1,0.35,0.15,0.3,0.1,0.9999834157020133,-0.05151,5,99.76873265494912
0.1,0.35,0.15,0.35,0.05,0.9999709774785234,-0.11005739999999997,6,99.72247918593895
0.1,0.35,0.15,0.4,0.0,0.9999461010315434,-0.16860480000000005,8,99.6299722479186
0.1,0.35,0.2,0.0,0.35,0.9999917078510067,-0.05720494999999998,2,99.90749306197965
0.1,0.35,0.2,0.05,0.3,0.9999917078510067,-0.039217049999999976,2,99.90749306197965
0.1,0.35,0.2,0.1,0.25,0.9999917078510067,-0.02122915000000003,2,99.90749306197965
0.1,0.35,0.2,0.15,0.2,0.9999917078510067,-0.012079900000000032,3,99.86123959296947
0.1,0.35,0.2,0.2,0.15,0.9999917078510067,-0.013358749999999975,3,99.86123959296947
0.1,0.35,0.2,0.25,0.1,0.9999792696275167,-0.0466086,4,99.81498612395929
0.1,0.35,0.2,0.3,0.05,0.9999709774785234,-0.10211729999999991,6,99.72247918593895
0.1,0.35,0.2,0.35,0.0,0.9999543931805367,-0.1606647,7,99.67622571692877
0.1,0.35,0.25,0.0,0.3,0.9999917078510067,-0.04360849999999994,7,99.67622571692877
0.1,0.35,0.25,0.05,0.25,0.9999917078510067,-0.04044890000000001,7,99.67622571692877
0.1,0.35,0.25,0.1,0.2,0.99998756177651,-0.037289299999999914,8,99.6299722479186
0.1,0.35,0.25,0.15,0.15,0.9999917078510067,-0.04613149999999999,8,99.6299722479186
0.1,0.35,0.25,0.2,0.1,0.9999834157020133,-0.07938135000000002,10,99.53746530989824
0.1,0.35,0.25,0.25,0.05,0.99996268532953,-0.11263119999999993,10,99.53746530989824
0.1,0.35,0.25,0.3,0.0,0.9999461010315434,-0.15272459999999993,11,99.49121184088807
0.1,0.35,0.3,0.0,0.25,0.9999834157020133,-0.06565829999999995,11,99.49121184088807
0.1,0.35,0.3,0.05,0.2,0.9999834157020133,-0.06249869999999996,14,99.35245143385754
0.1,0.35,0.3,0.1,0.15,0.9999834157020133,-0.07890424999999995,14,99.35245143385754
0.1,0.35,0.3,0.15,0.1,0.9999668314040266,-0.11215409999999998,15,99.30619796484737
0.1,0.35,0.3,0.2,0.05,0.99995024710604,-0.14540394999999995,16,99.25994449583719
0.1,0.35,0.3,0.25,0.0,0.9999170785100666,-0.17865380000000003,17,99.21369102682701
0.1,0.35,0.35,0.0,0.2,0.9999709774785234,-0.09742039999999996,17,99.21369102682701
0.1,0.35,0.35,0.05,0.15,0.9999668314040266,-0.11167699999999997,17,99.21369102682701
0.1,0.35,0.35,0.1,0.1,0.99995024710604,-0.14492685,19,99.12118408880666
0.1,0.35,0.35,0.15,0.05,0.9999295167335567,-0.17817669999999997,19,99.12118408880666
0.1,0.35,0.35,0.2,0.0,0.9998963481375833,-0.21142655,21,99.02867715078631
0.1,0.35,0.4,0.0,0.15,0.9998963481375833,-0.17247035,24,98.88991674375578
0.1,0.35,0.4,0.05,0.1,0.9998839099140934,-0.17769959999999996,25,98.84366327474561
0.1,0.35,0.4,0.1,0.05,0.99986317954161,-0.21094944999999993,25,98.84366327474561
0.1,0.35,0.4,0.15,0.0,0.9998424491691267,-0.24419929999999998,26,98.79740980573543
0.1,0.35,0.45,0.0,0.1,0.99977611197718,-0.24752030000000003,26,98.79740980573543
0.1,0.35,0.45,0.05,0.05,0.9997470894557033,-0.24372219999999994,26,98.79740980573543
0.1,0.35,0.45,0.1,0.0,0.9997512355302,-0.27697204999999997,26,98.79740980573543
0.1,0.35,0.5,0.0,0.05,0.9996309993697967,-0.32257025,31,98.56614246068455
0.1,0.35,0.5,0.05,0.0,0.99960197684832,-0.31630705000000003,30,98.61239592969473
0.1,0.35,0.55,0.0,0.0,0.9993988191979833,-0.3976202,37,98.2886216466235
0.1,0.4,0.0,0.0,0.5,0.99996268532953,-0.1333918,3,99.86123959296947
0.1,0.4,0.0,0.05,0.45,0.9999668314040266,-0.1154039,4,99.81498612395929
0.1,0.4,0.0,0.1,0.4,0.9999709774785234,-0.09741599999999995,4,99.81498612395929
0.1,0.4,0.0,0.15,0.35,0.9999792696275167,-0.07942810000000006,4,99.81498612395929
0.1,0.4,0.0,0.2,0.3,0.9999834157020133,-0.06749670000000002,4,99.81498612395929
0.1,0.4,0.0,0.25,0.25,0.99997512355302,-0.06965565000000007,5,99.76873265494912
0.1,0.4,0.0,0.3,0.2,0.9999709774785234,-0.0718146,7,99.67622571692877
0.1,0.4,0.0,0.35,0.15,0.9999585392550333,-0.0784435,8,99.6299722479186
0.1,0.4,0.0,0.4,0.1,0.9999543931805367,-0.09900150000000002,6,99.72247918593895
0.1,0.4,0.0,0.45,0.05,0.99990049421208,-0.14604284999999995,10,99.53746530989824
0.1,0.4,0.0,0.5,0.0,0.9998217187966434,-0.20301030000000003,17,99.21369102682701
0.1,0.4,0.05,0.0,0.45,0.99997512355302,-0.11647265000000001,3,99.86123959296947
0.1,0.4,0.05,0.05,0.4,0.9999792696275167,-0.09848474999999995,3,99.86123959296947
0.1,0.4,0.05,0.1,0.35,0.9999834157020133,-0.08049684999999995,4,99.81498612395929
0.1,0.4,0.05,0.15,0.3,0.9999834157020133,-0.06250895000000006,4,99.81498612395929
0.1,0.4,0.05,0.2,0.25,0.9999834157020133,-0.04452105000000006,4,99.81498612395929
0.1,0.4,0.05,0.25,0.2,0.9999792696275167,-0.04136980000000001,5,99.76873265494912
0.1,0.4,0.05,0.3,0.15,0.9999668314040266,-0.04605779999999998,7,99.67622571692877
0.1,0.4,0.05,0.35,0.1,0.9999668314040266,-0.0666158,7,99.67622571692877
0.1,0.4,0.05,0.4,0.05,0.9999461010315434,-0.1212204999999999,9,99.58371877890842
0.1,0.4,0.05,0.45,0.0,0.99988805598859,-0.17818794999999998,11,99.49121184088807
0.1,0.4,0.1,0.0,0.4,0.9999834157020133,-0.09955349999999996,4,99.81498612395929
0.1,0.4,0.1,0.05,0.35,0.9999834157020133,-0.08156559999999996,4,99.81498612395929
0.1,0.4,0.1,0.1,0.3,0.9999834157020133,-0.06357769999999996,5,99.76873265494912
0.1,0.4,0.1,0.15,0.25,0.9999834157020133,-0.045589800000000014,4,99.81498612395929
0.1,0.4,0.1,0.2,0.2,0.9999834157020133,-0.027601900000000013,6,99.72247918593895
0.1,0.4,0.1,0.25,0.15,0.9999792696275167,-0.024827650000000034,6,99.72247918593895
0.1,0.4,0.1,0.3,0.1,0.9999668314040266,-0.052166199999999996,7,99.67622571692877
0.1,0.4,0.1,0.35,0.05,0.99995024710604,-0.11071359999999997,8,99.6299722479186
0.1,0.4,0.1,0.4,0.0,0.9999295167335567,-0.169261,11,99.49121184088807
0.1,0.4,0.15,0.0,0.35,0.99998756177651,-0.08263435000000002,3,99.86123959296947
0.1,0.4,0.15,0.05,0.3,0.99998756177651,-0.06464645000000002,3,99.86123959296947
0.1,0.4,0.15,0.1,0.25,0.9999917078510067,-0.047381600000000024,4,99.81498612395929
0.1,0.4,0.15,0.15,0.2,0.9999917078510067,-0.04422200000000004,6,99.72247918593895
0.1,0.4,0.15,0.2,0.15,0.9999834157020133,-0.041062400000000054,7,99.67622571692877
0.1,0.4,0.15,0.25,0.1,0.9999709774785234,-0.05066675000000004,7,99.67622571692877
0.1,0.4,0.15,0.3,0.05,0.9999585392550333,-0.1027734999999999,9,99.58371877890842
0.1,0.4,0.15,0.35,0.0,0.9999336628080533,-0.16132089999999993,10,99.53746530989824
0.1,0.4,0.2,0.0,0.3,0.99998756177651,-0.0757506,10,99.53746530989824
0.1,0.4,0.2,0.05,0.25,0.9999917078510067,-0.07259100000000002,10,99.53746530989824
0.1,0.4,0.2,0.1,0.2,0.99998756177651,-0.06943139999999998,11,99.49121184088807
0.1,0.4,0.2,0.15,0.15,0.99998756177651,-0.06627180000000005,13,99.39870490286772
0.1,0.4,0.2,0.2,0.1,0.9999792696275167,-0.0834395,13,99.39870490286772
0.1,0.4,0.2,0.25,0.05,0.99995024710604,-0.11668934999999991,14,99.35245143385754
0.1,0.4,0.2,0.3,0.0,0.99991293243557,-0.15338079999999998,15,99.30619796484737
0.1,0.4,0.25,0.0,0.25,0.99997512355302,-0.09780040000000001,15,99.30619796484737
0.1,0.4,0.25,0.05,0.2,0.9999834157020133,-0.09464079999999997,16,99.25994449583719
0.1,0.4,0.25,0.1,0.15,0.9999792696275167,-0.09148119999999998,16,99.25994449583719
0.1,0.4,0.25,0.15,0.1,0.99996268532953,-0.11621225000000002,18,99.16743755781684
0.1,0.4,0.25,0.2,0.05,0.9999336628080533,-0.14946209999999993,19,99.12118408880666
0.1,0.4,0.25,0.25,0.0,0.99990049421208,-0.18271194999999996,21,99.02867715078631
0.1,0.4,0.3,0.0,0.2,0.9999585392550333,-0.11985019999999996,19,99.12118408880666
0.1,0.4,0.3,0.05,0.15,0.9999419549570466,-0.11669059999999998,19,99.12118408880666
0.1,0.4,0.3,0.1,0.1,0.9999295167335567,-0.14898499999999998,19,99.12118408880666
0.1,0.4,0.3,0.15,0.05,0.9999170785100666,-0.18223484999999995,21,99.02867715078631
0.1,0.4,0.3,0.2,0.0,0.9998839099140934,-0.21548469999999997,23,98.93617021276596
0.1,0.4,0.35,0.0,0.15,0.9998756177651,-0.14850789999999997,24,98.88991674375578
0.1,0.4,0.35,0.05,0.1,0.9998714716906033,-0.18175775,24,98.88991674375578
0.1,0.4,0.35,0.1,0.05,0.99986317954161,-0.21500759999999997,26,98.79740980573543
0.1,0.4,0.35,0.15,0.0,0.99983830309463,-0.24825745,26,98.79740980573543
0.1,0.4,0.4,0.0,0.1,0.99977611197718,-0.21453049999999999,26,98.79740980573543
0.1,0.4,0.4,0.05,0.05,0.9997678198281866,-0.24778034999999995,27,98.75115633672526
0.1,0.4,0.4,0.1,0.0,0.9997470894557033,-0.2810302,28,98.70490286771508
0.1,0.4,0.45,0.0,0.05,0.9996351454442933,-0.28127255000000007,30,98.61239592969473
0.1,0.4,0.45,0.05,0.0,0.9996061229228167,-0.31380294999999997,30,98.61239592969473
0.1,0.4,0.5,0.0,0.0,0.9994236956449634,-0.3563225,37,98.2886216466235
0.1,0.45,0.0,0.0,0.45,0.9999212245845633,-0.14190205000000006,6,99.72247918593895
0.1,0.45,0.0,0.05,0.4,0.9999419549570466,-0.12391415,6,99.72247918593895
0.1,0.45,0.0,0.1,0.35,0.99995024710604,-0.11122684999999999,4,99.81498612395929
0.1,0.45,0.0,0.15,0.3,0.99995024710604,-0.10873030000000011,4,99.81498612395929
0.1,0.45,0.0,0.2,0.25,0.99996268532953,-0.11088925000000005,5,99.76873265494912
0.1,0.45,0.0,0.25,0.2,0.99996268532953,-0.11304820000000004,7,99.67622571692877
0.1,0.45,0.0,0.3,0.15,0.99995024710604,-0.11520715000000009,8,99.6299722479186
0.1,0.45,0.0,0.35,0.1,0.99995024710604,-0.12685105000000002,8,99.6299722479186
0.1,0.45,0.0,0.4,0.05,0.9999212245845633,-0.15337179999999995,10,99.53746530989824
0.1,0.45,0.0,0.45,0.0,0.99985074131812,-0.21033924999999992,11,99.49121184088807
0.1,0.45,0.05,0.0,0.4,0.99993780888255,-0.12498290000000001,7,99.67622571692877
0.1,0.45,0.05,0.05,0.35,0.9999543931805367,-0.106995,6,99.72247918593895
0.1,0.45,0.05,0.1,0.3,0.99996268532953,-0.0890071,5,99.76873265494912
0.1,0.45,0.05,0.15,0.25,0.9999585392550333,-0.08044445000000006,6,99.72247918593895
0.1,0.45,0.05,0.2,0.2,0.9999668314040266,-0.0826034,7,99.67622571692877
0.1,0.45,0.05,0.25,0.15,0.9999585392550333,-0.08476235000000004,8,99.6299722479186
0.1,0.45,0.05,0.3,0.1,0.9999461010315434,-0.09446535,7,99.67622571692877
0.1,0.45,0.05,0.35,0.05,0.9999461010315434,-0.12854944999999995,7,99.67622571692877
0.1,0.45,0.05,0.4,0.0,0.9999046402865767,-0.18551689999999998,11,99.49121184088807
0.1,0.45,0.1,0.0,0.35,0.9999419549570466,-0.10806375000000001,8,99.6299722479186
0.1,0.45,0.1,0.05,0.3,0.99995024710604,-0.09007585000000001,7,99.67622571692877
0.1,0.45,0.1,0.1,0.25,0.9999543931805367,-0.07952369999999997,7,99.67622571692877
0.1,0.45,0.1,0.15,0.2,0.9999668314040266,-0.07636410000000005,8,99.6299722479186
0.1,0.45,0.1,0.2,0.15,0.99996268532953,-0.0732045,8,99.6299722479186
0.1,0.45,0.1,0.25,0.1,0.9999461010315434,-0.07004490000000002,9,99.58371877890842
0.1,0.45,0.1,0.3,0.05,0.99993780888255,-0.1037270999999999,9,99.58371877890842
0.1,0.45,0.1,0.35,0.0,0.9998922020630867,-0.16197710000000004,11,99.49121184088807
0.1,0.45,0.15,0.0,0.3,0.9999419549570466,-0.10789270000000006,15,99.30619796484737
0.1,0.45,0.15,0.05,0.25,0.9999543931805367,-0.10473310000000002,13,99.39870490286772
0.1,0.45,0.15,0.1,0.2,0.9999461010315434,-0.10157350000000004,15,99.30619796484737
0.1,0.45,0.15,0.15,0.15,0.99995024710604,-0.09841390000000011,15,99.30619796484737
0.1,0.45,0.15,0.2,0.1,0.9999419549570466,-0.09525430000000007,16,99.25994449583719
0.1,0.45,0.15,0.25,0.05,0.9999170785100666,-0.12074749999999995,17,99.21369102682701
0.1,0.45,0.15,0.3,0.0,0.9998922020630867,-0.15403699999999998,20,99.07493061979649
0.1,0.45,0.2,0.0,0.25,0.9999336628080533,-0.12994250000000007,17,99.21369102682701
0.1,0.45,0.2,0.05,0.2,0.99993780888255,-0.12678290000000003,18,99.16743755781684
0.1,0.45,0.2,0.1,0.15,0.9999336628080533,-0.12362329999999999,19,99.12118408880666
0.1,0.45,0.2,0.15,0.1,0.99991293243557,-0.12046370000000006,19,99.12118408880666
0.1,0.45,0.2,0.2,0.05,0.9998839099140934,-0.15352024999999997,19,99.12118408880666
0.1,0.45,0.2,0.25,0.0,0.9998756177651,-0.18677009999999994,21,99.02867715078631
0.1,0.45,0.25,0.0,0.2,0.99992537065906,-0.15199230000000002,19,99.12118408880666
0.1,0.45,0.25,0.05,0.15,0.9999087863610734,-0.14883270000000004,19,99.12118408880666
0.1,0.45,0.25,0.1,0.1,0.9998797638395966,-0.15304315000000002,20,99.07493061979649
0.1,0.45,0.25,0.15,0.05,0.9998714716906033,-0.186293,21,99.02867715078631
0.1,0.45,0.25,0.2,0.0,0.99986317954161,-0.21954285,23,98.93617021276596
0.1,0.45,0.3,0.0,0.15,0.9998548873926166,-0.17404210000000003,24,98.88991674375578
0.1,0.45,0.3,0.05,0.1,0.9998424491691267,-0.18581589999999998,27,98.75115633672526
0.1,0.45,0.3,0.1,0.05,0.99982586487114,-0.21906574999999998,28,98.70490286771508
0.1,0.45,0.3,0.15,0.0,0.99980098842416,-0.2523156,29,98.6586493987049
0.1,0.45,0.35,0.0,0.1,0.9997553816046967,-0.21858865,30,98.61239592969473
0.1,0.45,0.35,0.05,0.05,0.99972635908322,-0.25183849999999997,33,98.47363552266421
0.1,0.45,0.35,0.1,0.0,0.99972635908322,-0.28508835,33,98.47363552266421
0.1,0.45,0.4,0.0,0.05,0.9996185611463067,-0.28461125,33,98.47363552266421
0.1,0.45,0.4,0.05,0.0,0.9995936846993266,-0.3178611,33,98.47363552266421
0.1,0.45,0.45,0.0,0.0,0.9994029652724801,-0.35063385,35,98.38112858464385
0.1,0.5,0.0,0.0,0.4,0.9998051344986567,-0.17970399999999997,10,99.53746530989824
0.1,0.5,0.0,0.05,0.35,0.9998092805731533,-0.17116810000000005,11,99.49121184088807
0.1,0.5,0.0,0.1,0.3,0.9998175727221467,-0.1626322,12,99.44495837187789
0.1,0.5,0.0,0.15,0.25,0.9998424491691267,-0.15409629999999996,11,99.49121184088807
0.1,0.5,0.0,0.2,0.2,0.9998590334671134,-0.1542817999999999,14,99.35245143385754
0.1,0.5,0.0,0.25,0.15,0.9998756177651,-0.15644074999999996,13,99.39870490286772
0.1,0.5,0.0,0.3,0.1,0.9998963481375833,-0.15859969999999995,13,99.39870490286772
0.1,0.5,0.0,0.35,0.05,0.9998839099140934,-0.17525859999999993,15,99.30619796484737
0.1,0.5,0.0,0.4,0.0,0.99978855020067,-0.21766819999999998,15,99.30619796484737
0.1,0.5,0.05,0.0,0.35,0.9998341570201333,-0.15733275000000002,15,99.30619796484737
0.1,0.5,0.05,0.05,0.3,0.9998424491691267,-0.14879684999999998,15,99.30619796484737
0.1,0.5,0.05,0.1,0.25,0.9998590334671134,-0.14026094999999994,17,99.21369102682701
0.1,0.5,0.05,0.15,0.2,0.99986317954161,-0.13172504999999995,18,99.16743755781684
0.1,0.5,0.05,0.2,0.15,0.99988805598859,-0.12599594999999997,18,99.16743755781684
0.1,0.5,0.05,0.25,0.1,0.9998922020630867,-0.1281548999999999,18,99.16743755781684
0.1,0.5,0.05,0.3,0.05,0.9998590334671134,-0.1428728999999999,18,99.16743755781684
0.1,0.5,0.05,0.35,0.0,0.99981342664765,-0.19284584999999999,20,99.07493061979649
0.1,0.5,0.1,0.0,0.3,0.9998590334671134,-0.14003480000000001,20,99.07493061979649
0.1,0.5,0.1,0.05,0.25,0.9998756177651,-0.13687519999999997,21,99.02867715078631
0.1,0.5,0.1,0.1,0.2,0.99988805598859,-0.13371559999999993,22,98.98242368177613
0.1,0.5,0.1,0.15,0.15,0.99988805598859,-0.13055599999999995,22,98.98242368177613
0.1,0.5,0.1,0.2,0.1,0.99986317954161,-0.12739639999999997,22,98.98242368177613
0.1,0.5,0.1,0.25,0.05,0.9998424491691267,-0.12480564999999999,22,98.98242368177613
0.1,0.5,0.1,0.3,0.0,0.9998092805731533,-0.16802350000000005,24,98.88991674375578
0.1,0.5,0.15,0.0,0.25,0.99988805598859,-0.16208459999999997,23,98.93617021276596
0.1,0.5,0.15,0.05,0.2,0.9998839099140934,-0.15892499999999993,25,98.84366327474561
0.1,0.5,0.15,0.1,0.15,0.9998797638395966,-0.1557654,23,98.93617021276596
0.1,0.5,0.15,0.15,0.1,0.9998465952436233,-0.15260580000000007,23,98.93617021276596
0.1,0.5,0.15,0.2,0.05,0.9998300109456366,-0.15757839999999995,24,98.88991674375578
0.1,0.5,0.15,0.25,0.0,0.99980098842416,-0.19082825000000003,26,98.79740980573543
0.1,0.5,0.2,0.0,0.2,0.9998922020630867,-0.18413439999999998,27,98.75115633672526
0.1,0.5,0.2,0.05,0.15,0.9998548873926166,-0.1809748,28,98.70490286771508
0.1,0.5,0.2,0.1,0.1,0.9998300109456366,-0.17781519999999995,28,98.70490286771508
0.1,0.5,0.2,0.15,0.05,0.9998175727221467,-0.19035114999999997,30,98.61239592969473
0.1,0.5,0.2,0.2,0.0,0.99976367375369,-0.22360099999999994,33,98.47363552266421
0.1,0.5,0.25,0.0,0.15,0.9998051344986567,-0.20618419999999998,34,98.42738205365403
0.1,0.5,0.25,0.05,0.1,0.99978855020067,-0.20302459999999994,35,98.38112858464385
0.1,0.5,0.25,0.1,0.05,0.9997678198281866,-0.2231239,35,98.38112858464385
0.1,0.5,0.25,0.15,0.0,0.9996973365617433,-0.25637374999999996,36,98.33487511563366
0.1,0.5,0.3,0.0,0.1,0.9997429433812067,-0.22823399999999996,37,98.2886216466235
0.1,0.5,0.3,0.05,0.05,0.9997097747852334,-0.25589664999999995,37,98.2886216466235
0.1,0.5,0.3,0.1,0.0,0.9996683140402667,-0.2891465,37,98.2886216466235
0.1,0.5,0.35,0.0,0.05,0.99957710040134,-0.28866939999999996,40,98.14986123959298
0.1,0.5,0.35,0.05,0.0,0.9995314935818767,-0.32191925,41,98.10360777058278
0.1,0.5,0.4,0.0,0.0,0.9993366280805334,-0.354692,46,97.87234042553192
0.1,0.55,0.0,0.0,0.35,0.99970148263624,-0.23110935000000005,27,98.75115633672526
0.1,0.55,0.0,0.05,0.3,0.9997056287107366,-0.22257345,28,98.70490286771508
0.1,0.55,0.0,0.1,0.25,0.9997305051577167,-0.21403755000000002,29,98.6586493987049
0.1,0.55,0.0,0.15,0.2,0.99976367375369,-0.20550164999999998,31,98.56614246068455
0.1,0.55,0.0,0.2,0.15,0.9997595276791933,-0.19767435,32,98.51988899167438
0.1,0.55,0.0,0.25,0.1,0.99972635908322,-0.19983329999999994,33,98.47363552266421
0.1,0.55,0.0,0.3,0.05,0.9996558758167767,-0.20310814999999993,35,98.38112858464385
0.1,0.55,0.0,0.35,0.0,0.99957710040134,-0.22499715000000003,37,98.2886216466235
0.1,0.55,0.05,0.0,0.3,0.9997305051577167,-0.20873810000000004,35,98.38112858464385
0.1,0.55,0.05,0.05,0.25,0.9997470894557033,-0.2002022,35,98.38112858464385
0.1,0.55,0.05,0.1,0.2,0.99976367375369,-0.19166629999999996,36,98.33487511563366
0.1,0.55,0.05,0.15,0.15,0.9997595276791933,-0.18313039999999997,38,98.24236817761333
0.1,0.55,0.05,0.2,0.1,0.99972635908322,-0.17459449999999993,40,98.14986123959298
0.1,0.55,0.05,0.25,0.05,0.9996600218912733,-0.17154744999999993,40,98.14986123959298
0.1,0.55,0.05,0.3,0.0,0.9996227072208034,-0.20017479999999999,42,98.05735430157262
0.1,0.55,0.1,0.0,0.25,0.9997595276791933,-0.19422669999999997,38,98.24236817761333
0.1,0.55,0.1,0.05,0.2,0.9997553816046967,-0.1910671,40,98.14986123959298
0.1,0.55,0.1,0.1,0.15,0.9997470894557033,-0.18790749999999995,40,98.14986123959298
0.1,0.55,0.1,0.15,0.1,0.9997180669342267,-0.18474789999999996,41,98.10360777058278
0.1,0.55,0.1,0.2,0.05,0.99967660618926,-0.18158829999999992,42,98.05735430157262
0.1,0.55,0.1,0.25,0.0,0.9996268532953,-0.19488640000000007,42,98.05735430157262
0.1,0.55,0.15,0.0,0.2,0.9997222130087233,-0.21627649999999998,43,98.01110083256243
0.1,0.55,0.15,0.05,0.15,0.9996973365617433,-0.2131169,43,98.01110083256243
0.1,0.55,0.15,0.1,0.1,0.99968904441275,-0.2099573,43,98.01110083256243
0.1,0.55,0.15,0.15,0.05,0.9996558758167767,-0.20679770000000008,45,97.9185938945421
0.1,0.55,0.15,0.2,0.0,0.99960197684832,-0.22765915000000003,47,97.82608695652173
0.1,0.55,0.2,0.0,0.15,0.9996724601147633,-0.23832630000000005,47,97.82608695652173
0.1,0.55,0.2,0.05,0.1,0.9996600218912733,-0.2351667,47,97.82608695652173
0.1,0.55,0.2,0.1,0.05,0.9996268532953,-0.2320071,47,97.82608695652173
0.1,0.55,0.2,0.15,0.0,0.99958953862483,-0.2604319,49,97.73358001850139
0.1,0.55,0.25,0.0,0.1,0.9996268532953,-0.2603761,49,97.73358001850139
0.1,0.55,0.25,0.05,0.05,0.9995729543268433,-0.25995479999999993,50,97.68732654949122
0.1,0.55,0.25,0.1,0.0,0.99953978573087,-0.29320465,51,97.64107308048104
0.1,0.55,0.3,0.0,0.05,0.9994236956449634,-0.29272754999999995,55,97.45605920444034
0.1,0.55,0.3,0.05,0.0,0.9993780888255,-0.3259774,57,97.36355226641999
0.1,0.55,0.35,0.0,0.0,0.9992205379946267,-0.35875015,58,97.3172987974098
0.1,0.6,0.0,0.0,0.3,0.9996185611463067,-0.28251469999999995,47,97.82608695652173
0.1,0.6,0.0,0.05,0.25,0.99963929151879,-0.2739787999999999,48,97.77983348751155
0.1,0.6,0.0,0.1,0.2,0.9996227072208034,-0.26544289999999987,50,97.68732654949122
0.1,0.6,0.0,0.15,0.15,0.99957710040134,-0.25690700000000005,50,97.68732654949122
0.1,0.6,0.0,0.2,0.1,0.9995024710604,-0.24837109999999996,49,97.73358001850139
0.1,0.6,0.0,0.25,0.05,0.99947759461342,-0.24322584999999985,49,97.73358001850139
0.1,0.6,0.0,0.3,0.0,0.9994319877939567,-0.25151569999999995,50,97.68732654949122
0.1,0.6,0.05,0.0,0.25,0.9996061229228167,-0.26014344999999994,49,97.73358001850139
0.1,0.6,0.05,0.05,0.2,0.9996061229228167,-0.2516075499999999,50,97.68732654949122
0.1,0.6,0.05,0.1,0.15,0.9995729543268433,-0.24307164999999992,51,97.64107308048104
0.1,0.6,0.05,0.15,0.1,0.9994858867624133,-0.23453575,51,97.64107308048104
0.1,0.6,0.05,0.2,0.05,0.9994693024644267,-0.22599984999999984,50,97.68732654949122
0.1,0.6,0.05,0.25,0.0,0.9994112574214733,-0.21912999999999994,51,97.64107308048104
0.1,0.6,0.1,0.0,0.2,0.99955222395436,-0.24841859999999988,53,97.54856614246069
0.1,0.6,0.1,0.05,0.15,0.9995190553583867,-0.2452589999999999,54,97.5023126734505
0.1,0.6,0.1,0.1,0.1,0.9994610103154333,-0.24209939999999985,56,97.40980573543015
0.1,0.6,0.1,0.15,0.05,0.9994485720919434,-0.23893979999999998,56,97.40980573543015
0.1,0.6,0.1,0.2,0.0,0.9994112574214733,-0.23578019999999994,56,97.40980573543015
0.1,0.6,0.15,0.0,0.15,0.9995024710604,-0.2704684,59,97.27104532839962
0.1,0.6,0.15,0.05,0.1,0.99944027994295,-0.2673088,59,97.27104532839962
0.1,0.6,0.15,0.1,0.05,0.9993988191979833,-0.2641492,60,97.22479185938946
0.1,0.6,0.15,0.15,0.0,0.9993739427510033,-0.26449005,60,97.22479185938946
0.1,0.6,0.2,0.0,0.1,0.9993449202295267,-0.29251819999999995,66,96.94727104532839
0.1,0.6,0.2,0.05,0.05,0.99930345948456,-0.28935859999999997,65,96.99352451433857
0.1,0.6,0.2,0.1,0.0,0.99927858303758,-0.29726279999999994,66,96.94727104532839
0.1,0.6,0.25,0.0,0.05,0.9992039536966401,-0.31456799999999996,68,96.85476410730804
0.1,0.6,0.25,0.05,0.0,0.9991624929516734,-0.33003554999999996,70,96.76225716928771
0.1,0.6,0.3,0.0,0.0,0.9989717735248267,-0.3628083,72,96.66975023126734
0.1,0.65,0.0,0.0,0.25,0.9993739427510033,-0.33392004999999997,66,96.94727104532839
0.1,0.65,0.0,0.05,0.2,0.99932833593154,-0.3253841499999999,68,96.85476410730804
0.1,0.65,0.0,0.1,0.15,0.9992951673355667,-0.31684824999999994,67,96.90101757631822
0.1,0.65,0.0,0.15,0.1,0.9992619987395933,-0.30831235,67,96.90101757631822
0.1,0.65,0.0,0.2,0.05,0.9992371222926133,-0.29977644999999986,67,96.90101757631822
0.1,0.65,0.0,0.25,0.0,0.99916663902617,-0.29124055,69,96.80851063829788
0.1,0.65,0.05,0.0,0.2,0.9992951673355667,-0.3115487999999999,68,96.85476410730804
0.1,0.65,0.05,0.05,0.15,0.9992827291120767,-0.3030128999999999,70,96.76225716928771
0.1,0.65,0.05,0.1,0.1,0.9992329762181167,-0.294477,70,96.76225716928771
0.1,0.65,0.05,0.15,0.05,0.9991873693986534,-0.2859410999999999,70,96.76225716928771
0.1,0.65,0.05,0.2,0.0,0.9991293243557,-0.27740519999999996,71,96.71600370027753
0.1,0.65,0.1,0.0,0.15,0.9992329762181167,-0.30261049999999995,74,96.577243293247
0.1,0.65,0.1,0.05,0.1,0.99921639192013,-0.2994508999999999,75,96.53098982423683
0.1,0.65,0.1,0.1,0.05,0.9991624929516734,-0.2962912999999999,75,96.53098982423683
0.1,0.65,0.1,0.15,0.0,0.9990961557597267,-0.2931317,76,96.48473635522664
0.1,0.65,0.15,0.0,0.1,0.9991334704301967,-0.3246603,77,96.43848288621648
0.1,0.65,0.15,0.05,0.05,0.99907957146174,-0.32150070000000003,78,96.3922294172063
0.1,0.65,0.15,0.1,0.0,0.9990256724932833,-0.3183411,78,96.3922294172063
0.1,0.65,0.2,0.0,0.05,0.9989386049288533,-0.3467101,80,96.29972247918593
0.1,0.65,0.2,0.05,0.0,0.99890543633288,-0.3435505,80,96.29972247918593
0.1,0.65,0.25,0.0,0.0,0.9987022786825434,-0.3691092,82,96.2072155411656
0.1,0.7,0.0,0.0,0.2,0.9990132342697934,-0.38532539999999993,77,96.43848288621648
0.1,0.7,0.0,0.05,0.15,0.99899250389731,-0.3767895,78,96.3922294172063
0.1,0.7,0.0,0.1,0.1,0.99893031277986,-0.36825359999999996,78,96.3922294172063
0.1,0.7,0.0,0.15,0.05,0.9988639755879134,-0.3597176999999999,78,96.3922294172063
0.1,0.7,0.0,0.2,0.0,0.9988225148429467,-0.3511817999999999,81,96.25346901017576
0.1,0.7,0.05,0.0,0.15,0.9989344588543567,-0.36295415,79,96.34597594819611
0.1,0.7,0.05,0.05,0.1,0.9988556834389201,-0.35441825000000005,79,96.34597594819611
0.1,0.7,0.05,0.1,0.05,0.9987893462469734,-0.3458823499999999,79,96.34597594819611
0.1,0.7,0.05,0.15,0.0,0.9987603237254967,-0.33734645,80,96.29972247918593
0.1,0.7,0.1,0.0,0.1,0.99878105409798,-0.35680239999999996,84,96.11470860314523
0.1,0.7,0.1,0.05,0.05,0.99871886298053,-0.3536427999999999,83,96.16096207215541
0.1,0.7,0.1,0.1,0.0,0.9987064247570401,-0.3504831999999999,83,96.16096207215541
0.1,0.7,0.15,0.0,0.05,0.99860691896912,-0.3788522,85,96.06845513413505
0.1,0.7,0.15,0.05,0.0,0.99856960429865,-0.37569260000000004,85,96.06845513413505
0.1,0.7,0.2,0.0,0.0,0.9983332780523401,-0.4009019999999999,89,95.88344125809436
0.1,0.75,0.0,0.0,0.15,0.9985903346711333,-0.4367307499999999,85,96.06845513413505
0.1,0.75,0.0,0.05,0.1,0.9985322896281801,-0.42819484999999996,86,96.02220166512488
0.1,0.75,0.0,0.1,0.05,0.9985281435536834,-0.41965894999999986,86,96.02220166512488
0.1,0.75,0.0,0.15,0.0,0.9984410759892534,-0.41112304999999993,90,95.83718778908418
0.1,0.75,0.05,0.0,0.1,0.9984410759892534,-0.4143595,90,95.83718778908418
0.1,0.75,0.05,0.05,0.05,0.9984161995422733,-0.40582359999999995,92,95.74468085106383
0.1,0.75,0.05,0.1,0.0,0.99837059272281,-0.3972876999999999,93,95.69842738205365
0.1,0.75,0.1,0.0,0.05,0.9982254801154267,-0.4109942999999998,94,95.65217391304348
0.1,0.75,0.1,0.05,0.0,0.9981674350724734,-0.40783469999999994,94,95.65217391304348
0.1,0.75,0.15,0.0,0.0,0.9978606255597201,-0.43304409999999993,97,95.51341350601294
0.1,0.8,0.0,0.0,0.1,0.9979311088261634,-0.48813609999999996,102,95.28214616096207
0.1,0.8,0.0,0.05,0.05,0.9978523334107268,-0.4796002,104,95.18963922294172
0.1,0.8,0.0,0.1,0.0,0.99773624332482,-0.4710643,107,95.05087881591119
0.1,0.8,0.05,0.0,0.05,0.9976160071644168,-0.46576485,107,95.05087881591119
0.1,0.8,0.05,0.05,0.0,0.9974957710040134,-0.4572289500000001,109,94.95837187789084
0.1,0.8,0.1,0.0,0.0,0.9971599389697834,-0.4651862,110,94.91211840888066
0.1,0.85,0.0,0.0,0.05,0.9967038707751501,-0.5395414499999999,118,94.54209065679926
0.1,0.85,0.0,0.05,0.0,0.9966168032107201,-0.53100555,119,94.49583718778909
0.1,0.85,0.05,0.0,0.0,0.9961773193140734,-0.5171702,119,94.49583718778909
0.1,0.9,0.0,0.0,0.0,0.9949500812630602,-0.5909468,123,94.31082331174838
0.15,0.0,0.0,0.0,0.85,0.99985074131812,-0.29309255,15,99.30619796484737
0.15,0.0,0.0,0.05,0.8,0.99988805598859,-0.26150260000000003,14,99.35245143385754
0.15,0.0,0.0,0.1,0.75,0.9998963481375833,-0.23704419999999998,13,99.39870490286772
0.15,0.0,0.0,0.15,0.7,0.9999212245845633,-0.23067115,13,99.39870490286772
0.15,0.0,0.0,0.2,0.65,0.9999046402865767,-0.22429810000000003,12,99.44495837187789
0.15,0.0,0.0,0.25,0.6,0.9998797638395966,-0.21792505,9,99.58371877890842
0.15,0.0,0.0,0.3,0.55,0.99985074131812,-0.211552,9,99.58371877890842
0.15,0.0,0.0,0.35,0.5,0.9998217187966434,-0.20517894999999997,9,99.58371877890842
0.15,0.0,0.0,0.4,0.45,0.9998051344986567,-0.1988059,10,99.53746530989824
0.15,0.0,0.0,0.45,0.4,0.9997844041261733,-0.20001475,14,99.35245143385754
0.15,0.0,0.0,0.5,0.35,0.9997305051577167,-0.2437323,14,99.35245143385754
0.15,0.0,0.0,0.55,0.3,0.9996309993697967,-0.28744985,17,99.21369102682701
0.15,0.0,0.0,0.6,0.25,0.9995480778798633,-0.33116739999999995,23,98.93617021276596
0.15,0.0,0.0,0.65,0.2,0.99939052704899,-0.3787305500000001,24,98.88991674375578
0.15,0.0,0.0,0.7,0.15,0.9992122458456334,-0.4344227,28,98.70490286771508
0.15,0.0,0.0,0.75,0.1,0.9990090881952967,-0.49011484999999994,35,98.38112858464385
0.15,0.0,0.0,0.8,0.05,0.9987644697999933,-0.5458069999999999,37,98.2886216466235
0.15,0.0,0.0,0.85,0.0,0.9985239974791867,-0.60149915,39,98.19611470860315
0.15,0.0,0.05,0.0,0.8,0.99988805598859,-0.23229025,14,99.35245143385754
0.15,0.0,0.05,0.05,0.75,0.99991293243557,-0.2007003,13,99.39870490286772
0.15,0.0,0.05,0.1,0.7,0.9999170785100666,-0.17826619999999999,11,99.49121184088807
0.15,0.0,0.05,0.15,0.65,0.99992537065906,-0.17189315,10,99.53746530989824
0.15,0.0,0.05,0.2,0.6,0.99992537065906,-0.1655201,10,99.53746530989824
0.15,0.0,0.05,0.25,0.55,0.99992537065906,-0.15914704999999996,10,99.53746530989824
0.15,0.0,0.05,0.3,0.5,0.99988805598859,-0.15277399999999997,9,99.58371877890842
0.15,0.0,0.05,0.35,0.45,0.99983830309463,-0.14640095000000003,9,99.58371877890842
0.15,0.0,0.05,0.4,0.4,0.9998424491691267,-0.14172875000000001,10,99.53746530989824
0.15,0.0,0.05,0.45,0.35,0.9998424491691267,-0.17654865000000003,14,99.35245143385754
0.15,0.0,0.05,0.5,0.3,0.9997926962751666,-0.2202662,14,99.35245143385754
0.15,0.0,0.05,0.55,0.25,0.9996724601147633,-0.26398374999999996,19,99.12118408880666
0.15,0.0,0.05,0.6,0.2,0.9995605161033534,-0.3077012999999999,20,99.07493061979649
0.15,0.0,0.05,0.65,0.15,0.9993863809744934,-0.3556902999999999,23,98.93617021276596
0.15,0.0,0.05,0.7,0.1,0.9992288301436201,-0.40797839999999985,28,98.70490286771508
0.15,0.0,0.05,0.75,0.05,0.9990132342697934,-0.46367055,34,98.42738205365403
0.15,0.0,0.05,0.8,0.0,0.998756177651,-0.5193627000000001,36,98.33487511563366
0.15,0.0,0.1,0.0,0.75,0.99991293243557,-0.17148795,11,99.49121184088807
0.15,0.0,0.1,0.05,0.7,0.9999295167335567,-0.13989799999999997,10,99.53746530989824
0.15,0.0,0.1,0.1,0.65,0.9999295167335567,-0.11948819999999999,10,99.53746530989824
0.15,0.0,0.1,0.15,0.6,0.9999336628080533,-0.11311515,10,99.53746530989824
0.15,0.0,0.1,0.2,0.55,0.9999543931805367,-0.1067421,10,99.53746530989824
0.15,0.0,0.1,0.25,0.5,0.9999543931805367,-0.10036904999999996,9,99.58371877890842
0.15,0.0,0.1,0.3,0.45,0.9999461010315434,-0.09399600000000002,8,99.6299722479186
0.15,0.0,0.1,0.35,0.4,0.99990049421208,-0.08955940000000001,8,99.6299722479186
0.15,0.0,0.1,0.4,0.35,0.9998548873926166,-0.10936500000000005,9,99.58371877890842
0.15,0.0,0.1,0.45,0.3,0.9998548873926166,-0.15308254999999998,13,99.39870490286772
0.15,0.0,0.1,0.5,0.25,0.9998051344986567,-0.19680009999999992,14,99.35245143385754
0.15,0.0,0.1,0.55,0.2,0.99971392085973,-0.24051764999999997,18,99.16743755781684
0.15,0.0,0.1,0.6,0.15,0.99958953862483,-0.2842351999999999,20,99.07493061979649
0.15,0.0,0.1,0.65,0.1,0.9993988191979833,-0.33299425,23,98.93617021276596
0.15,0.0,0.1,0.7,0.05,0.9992495605161034,-0.384234,29,98.6586493987049
0.15,0.0,0.1,0.75,0.0,0.99901738034429,-0.44194195000000003,33,98.47363552266421
0.15,0.0,0.15,0.0,0.7,0.99992537065906,-0.11068564999999997,9,99.58371877890842
0.15,0.0,0.15,0.05,0.65,0.9999419549570466,-0.07909570000000005,9,99.58371877890842
0.15,0.0,0.15,0.1,0.6,0.9999585392550333,-0.06071019999999999,9,99.58371877890842
0.15,0.0,0.15,0.15,0.55,0.9999709774785234,-0.054337150000000056,9,99.58371877890842
0.15,0.0,0.15,0.2,0.5,0.9999792696275167,-0.047964099999999954,9,99.58371877890842
0.15,0.0,0.15,0.25,0.45,0.9999792696275167,-0.04159105000000002,9,99.58371877890842
0.15,0.0,0.15,0.3,0.4,0.9999792696275167,-0.03739005000000001,9,99.58371877890842
0.15,0.0,0.15,0.35,0.35,0.99993780888255,-0.042181350000000006,8,99.6299722479186
0.15,0.0,0.15,0.4,0.3,0.9998797638395966,-0.0858989,8,99.6299722479186
0.15,0.0,0.15,0.45,0.25,0.99986317954161,-0.12961645,14,99.35245143385754
0.15,0.0,0.15,0.5,0.2,0.9997968423496634,-0.17333400000000004,14,99.35245143385754
0.15,0.0,0.15,0.55,0.15,0.9997305051577167,-0.21705154999999998,18,99.16743755781684
0.15,0.0,0.15,0.6,0.1,0.9996268532953,-0.2607691,20,99.07493061979649
0.15,0.0,0.15,0.65,0.05,0.99945271816644,-0.3102982000000001,24,98.88991674375578
0.15,0.0,0.15,0.7,0.0,0.99924126836711,-0.3721487,29,98.6586493987049
0.15,0.0,0.2,0.0,0.65,0.9999585392550333,-0.05986914999999998,7,99.67622571692877
0.15,0.0,0.2,0.05,0.6,0.99997512355302,-0.025175599999999965,9,99.58371877890842
0.15,0.0,0.2,0.1,0.55,0.9999917078510067,-0.005710800000000016,9,99.58371877890842
0.15,0.0,0.2,0.15,0.5,1.0,0.0037658500000000705,9,99.58371877890842
0.15,0.0,0.2,0.2,0.45,1.0,0.010813899999999987,9,99.58371877890842
0.15,0.0,0.2,0.25,0.4,1.0,0.01477930000000005,9,99.58371877890842
0.15,0.0,0.2,0.3,0.35,1.0,0.016119350000000088,9,99.58371877890842
0.15,0.0,0.2,0.35,0.3,0.9999834157020133,-0.01871524999999996,8,99.6299722479186
0.15,0.0,0.2,0.4,0.25,0.9999295167335567,-0.062432799999999955,11,99.49121184088807
0.15,0.0,0.2,0.45,0.2,0.9998922020630867,-0.10615035,13,99.39870490286772
0.15,0.0,0.2,0.5,0.15,0.99980098842416,-0.1498679,14,99.35245143385754
0.15,0.0,0.2,0.55,0.1,0.99972635908322,-0.19358545000000005,19,99.12118408880666
0.15,0.0,0.2,0.6,0.05,0.9996434375932867,-0.23730299999999993,21,99.02867715078631
0.15,0.0,0.2,0.65,0.0,0.99947759461342,-0.30410795000000007,24,98.88991674375578
0.15,0.0,0.25,0.0,0.6,0.99997512355302,-0.05206700000000003,7,99.67622571692877
0.15,0.0,0.25,0.05,0.55,0.99998756177651,-0.017373449999999957,7,99.67622571692877
0.15,0.0,0.25,0.1,0.5,1.0,6.705000000006844e-05,7,99.67622571692877
0.15,0.0,0.25,0.15,0.45,1.0,0.009543699999999988,9,99.58371877890842
0.15,0.0,0.25,0.2,0.4,1.0,0.016377100000000033,9,99.58371877890842
0.15,0.0,0.25,0.25,0.35,1.0,0.02082075,8,99.6299722479186
0.15,0.0,0.25,0.3,0.3,1.0,0.025264400000000076,8,99.6299722479186
0.15,0.0,0.25,0.35,0.25,0.9999958539255034,-0.007152099999999939,10,99.53746530989824
0.15,0.0,0.25,0.4,0.2,0.9999585392550333,-0.04222149999999997,11,99.49121184088807
0.15,0.0,0.25,0.45,0.15,0.9998839099140934,-0.08268425000000001,13,99.39870490286772
0.15,0.0,0.25,0.5,0.1,0.9998092805731533,-0.12640179999999995,14,99.35245143385754
0.15,0.0,0.25,0.55,0.05,0.9997180669342267,-0.19343525,20,99.07493061979649
0.15,0.0,0.25,0.6,0.0,0.9996268532953,-0.26441709999999996,21,99.02867715078631
0.15,0.0,0.3,0.0,0.55,0.99997512355302,-0.05386039999999992,7,99.67622571692877
0.15,0.0,0.3,0.05,0.5,0.99998756177651,-0.03276889999999999,7,99.67622571692877
0.15,0.0,0.3,0.1,0.45,0.9999958539255034,-0.011677399999999949,7,99.67622571692877
0.15,0.0,0.3,0.15,0.4,1.0,0.009414100000000036,6,99.72247918593895
0.15,0.0,0.3,0.2,0.35,1.0,0.016886350000000105,6,99.72247918593895
0.15,0.0,0.3,0.25,0.3,1.0,0.02133000000000007,8,99.6299722479186
0.15,0.0,0.3,0.3,0.25,1.0,0.025773650000000092,10,99.53746530989824
0.15,0.0,0.3,0.35,0.2,1.0,0.002384500000000067,10,99.53746530989824
0.15,0.0,0.3,0.4,0.15,0.9999668314040266,-0.04376849999999993,12,99.44495837187789
0.15,0.0,0.3,0.45,0.1,0.99988805598859,-0.10610219999999998,13,99.39870490286772
0.15,0.0,0.3,0.5,0.05,0.99981342664765,-0.16854789999999997,16,99.25994449583719
0.15,0.0,0.3,0.55,0.0,0.9997180669342267,-0.23952974999999999,21,99.02867715078631
0.15,0.0,0.35,0.0,0.5,0.9999792696275167,-0.08994139999999995,3,99.86123959296947
0.15,0.0,0.35,0.05,0.45,0.9999917078510067,-0.06884989999999996,3,99.86123959296947
0.15,0.0,0.35,0.1,0.4,0.9999958539255034,-0.04775839999999987,3,99.86123959296947
0.15,0.0,0.35,0.15,0.35,0.9999958539255034,-0.026666899999999938,3,99.86123959296947
0.15,0.0,0.35,0.2,0.3,0.9999958539255034,-0.005575399999999897,3,99.86123959296947
0.15,0.0,0.35,0.25,0.25,1.0,0.015516100000000033,6,99.72247918593895
0.15,0.0,0.35,0.3,0.2,1.0,0.00016730000000009237,8,99.6299722479186
0.15,0.0,0.35,0.35,0.15,0.9999834157020133,-0.04145879999999996,10,99.53746530989824
0.15,0.0,0.35,0.4,0.1,0.9999668314040266,-0.10379249999999995,12,99.44495837187789
0.15,0.0,0.35,0.45,0.05,0.9998922020630867,-0.16612619999999995,14,99.35245143385754
0.15,0.0,0.35,0.5,0.0,0.9998051344986567,-0.22845989999999994,16,99.25994449583719
0.15,0.0,0.4,0.0,0.45,0.9999834157020133,-0.12602239999999998,2,99.90749306197965
0.15,0.0,0.4,0.05,0.4,0.9999958539255034,-0.10493090000000005,2,99.90749306197965
0.15,0.0,0.4,0.1,0.35,0.9999958539255034,-0.08383939999999995,2,99.90749306197965
0.15,0.0,0.4,0.15,0.3,0.9999917078510067,-0.06274789999999997,2,99.90749306197965
0.15,0.0,0.4,0.2,0.25,0.9999917078510067,-0.04165639999999998,2,99.90749306197965
0.15,0.0,0.4,0.25,0.2,0.99998756177651,-0.04606339999999998,3,99.86123959296947
0.15,0.0,0.4,0.3,0.15,0.99998756177651,-0.06888404999999997,4,99.81498612395929
0.15,0.0,0.4,0.35,0.1,0.99997512355302,-0.10148279999999998,4,99.81498612395929
0.15,0.0,0.4,0.4,0.05,0.9999461010315434,-0.16381649999999987,6,99.72247918593895
0.15,0.0,0.4,0.45,0.0,0.9998963481375833,-0.22615019999999997,11,99.49121184088807
0.15,0.0,0.45,0.0,0.4,0.9999461010315434,-0.16210339999999995,2,99.90749306197965
0.15,0.0,0.45,0.05,0.35,0.9999668314040266,-0.14101189999999997,2,99.90749306197965
0.15,0.0,0.45,0.1,0.3,0.9999792696275167,-0.11992039999999998,3,99.86123959296947
0.15,0.0,0.45,0.15,0.25,0.9999792696275167,-0.0988289,3,99.86123959296947
0.15,0.0,0.45,0.2,0.2,0.9999792696275167,-0.09229409999999993,4,99.81498612395929
0.15,0.0,0.45,0.25,0.15,0.9999792696275167,-0.11511474999999999,4,99.81498612395929
0.15,0.0,0.45,0.3,0.1,0.99997512355302,-0.13793539999999999,4,99.81498612395929
0.15,0.0,0.45,0.35,0.05,0.9999585392550333,-0.16150679999999995,4,99.81498612395929
0.15,0.0,0.45,0.4,0.0,0.9999295167335567,-0.22384049999999994,7,99.67622571692877
0.15,0.0,0.5,0.0,0.35,0.9999087863610734,-0.19818439999999998,4,99.81498612395929
0.15,0.0,0.5,0.05,0.3,0.99992537065906,-0.1770929,5,99.76873265494912
0.15,0.0,0.5,0.1,0.25,0.9999295167335567,-0.15600139999999996,5,99.76873265494912
0.15,0.0,0.5,0.15,0.2,0.9999419549570466,-0.13852480000000011,8,99.6299722479186
0.15,0.0,0.5,0.2,0.15,0.9999461010315434,-0.16134545,8,99.6299722479186
0.15,0.0,0.5,0.25,0.1,0.99993780888255,-0.1841661,9,99.58371877890842
0.15,0.0,0.5,0.3,0.05,0.9999212245845633,-0.20698675,9,99.58371877890842
0.15,0.0,0.5,0.35,0.0,0.99990049421208,-0.2298074,10,99.53746530989824
0.15,0.0,0.55,0.0,0.3,0.9998714716906033,-0.2342654,12,99.44495837187789
0.15,0.0,0.55,0.05,0.25,0.9998797638395966,-0.21317390000000003,12,99.44495837187789
0.15,0.0,0.55,0.1,0.2,0.9998922020630867,-0.1920824000000001,13,99.39870490286772
0.15,0.0,0.55,0.15,0.15,0.99988805598859,-0.20757615000000013,13,99.39870490286772
0.15,0.0,0.55,0.2,0.1,0.9998714716906033,-0.2303968,13,99.39870490286772
0.15,0.0,0.55,0.25,0.05,0.99986317954161,-0.25321744999999996,13,99.39870490286772
0.15,0.0,0.55,0.3,0.0,0.99983830309463,-0.2760381,12,99.44495837187789
0.15,0.0,0.6,0.0,0.25,0.9998175727221467,-0.2839455499999999,17,99.21369102682701
0.15,0.0,0.6,0.05,0.2,0.9998217187966434,-0.2708718,18,99.16743755781684
0.15,0.0,0.6,0.1,0.15,0.9998092805731533,-0.25779805,18,99.16743755781684
0.15,0.0,0.6,0.15,0.1,0.9997968423496634,-0.2766275,18,99.16743755781684
0.15,0.0,0.6,0.2,0.05,0.9997968423496634,-0.29944814999999986,18,99.16743755781684
0.15,0.0,0.6,0.25,0.0,0.99976367375369,-0.3222687999999999,18,99.16743755781684
0.15,0.0,0.65,0.0,0.2,0.9997180669342267,-0.3601532,22,98.98242368177613
0.15,0.0,0.65,0.05,0.15,0.9996973365617433,-0.34707945,22,98.98242368177613
0.15,0.0,0.65,0.1,0.1,0.9997056287107366,-0.3340057,22,98.98242368177613
0.15,0.0,0.65,0.15,0.05,0.9996931904872467,-0.34567885,22,98.98242368177613
0.15,0.0,0.65,0.2,0.0,0.9996848983382534,-0.36849949999999987,23,98.93617021276596
0.15,0.0,0.7,0.0,0.15,0.9995936846993266,-0.43636085,25,98.84366327474561
0.15,0.0,0.7,0.05,0.1,0.99958953862483,-0.4232871,25,98.84366327474561
0.15,0.0,0.7,0.1,0.05,0.9995688082523467,-0.41021335000000003,25,98.84366327474561
0.15,0.0,0.7,0.15,0.0,0.9995563700288567,-0.4147302,25,98.84366327474561
0.15,0.0,0.75,0.0,0.1,0.9994568642409367,-0.5125685,28,98.70490286771508
0.15,0.0,0.75,0.05,0.05,0.9994485720919434,-0.49949475,28,98.70490286771508
0.15,0.0,0.75,0.1,0.0,0.9994195495704666,-0.486421,29,98.6586493987049
0.15,0.0,0.8,0.0,0.05,0.9992288301436201,-0.58877615,33,98.47363552266421
0.15,0.0,0.8,0.05,0.0,0.9991998076221433,-0.5757024000000001,34,98.42738205365403
0.15,0.0,0.85,0.0,0.0,0.9988225148429467,-0.6649837999999999,36,98.33487511563366
0.15,0.05,0.0,0.0,0.8,0.99990049421208,-0.26102545,15,99.30619796484737
0.15,0.05,0.0,0.05,0.75,0.9999170785100666,-0.22943549999999996,13,99.39870490286772
0.15,0.05,0.0,0.1,0.7,0.99992537065906,-0.20627114999999996,10,99.53746530989824
0.15,0.05,0.0,0.15,0.65,0.9999295167335567,-0.19989809999999997,10,99.53746530989824
0.15,0.05,0.0,0.2,0.6,0.9999295167335567,-0.19352504999999998,10,99.53746530989824
0.15,0.05,0.0,0.25,0.55,0.9999295167335567,-0.18715199999999999,9,99.58371877890842
0.15,0.05,0.0,0.3,0.5,0.99988805598859,-0.18077895,9,99.58371877890842
0.15,0.05,0.0,0.35,0.45,0.99983830309463,-0.1744059,9,99.58371877890842
0.15,0.05,0.0,0.4,0.4,0.99983830309463,-0.16803285,9,99.58371877890842
0.15,0.05,0.0,0.45,0.35,0.9998465952436233,-0.1662673,14,99.35245143385754
0.15,0.05,0.0,0.5,0.3,0.9997968423496634,-0.20923654999999997,14,99.35245143385754
0.15,0.05,0.0,0.55,0.25,0.9996807522637566,-0.25295409999999996,17,99.21369102682701
0.15,0.05,0.0,0.6,0.2,0.9995605161033534,-0.29810404999999995,21,99.02867715078631
0.15,0.05,0.0,0.65,0.15,0.9994071113469767,-0.34917005,23,98.93617021276596
0.15,0.05,0.0,0.7,0.1,0.9992288301436201,-0.40459209999999995,29,98.6586493987049
0.15,0.05,0.0,0.75,0.05,0.9990215264187867,-0.4601105,34,98.42738205365403
0.15,0.05,0.0,0.8,0.0,0.9987769080234834,-0.5156289000000001,37,98.2886216466235
0.15,0.05,0.05,0.0,0.75,0.99992537065906,-0.20022314999999996,11,99.49121184088807
0.15,0.05,0.05,0.05,0.7,0.99993780888255,-0.16863319999999993,10,99.53746530989824
0.15,0.05,0.05,0.1,0.65,0.9999419549570466,-0.14749314999999996,10,99.53746530989824
0.15,0.05,0.05,0.15,0.6,0.9999419549570466,-0.14112009999999997,10,99.53746530989824
0.15,0.05,0.05,0.2,0.55,0.9999543931805367,-0.13474704999999998,10,99.53746530989824
0.15,0.05,0.05,0.25,0.5,0.9999543931805367,-0.128374,9,99.58371877890842
0.15,0.05,0.05,0.3,0.45,0.9999461010315434,-0.12200095,8,99.6299722479186
0.15,0.05,0.05,0.35,0.4,0.99990049421208,-0.1156279,8,99.6299722479186
0.15,0.05,0.05,0.4,0.35,0.9998590334671134,-0.11409795,9,99.58371877890842
0.15,0.05,0.05,0.45,0.3,0.9998548873926166,-0.14205289999999998,13,99.39870490286772
0.15,0.05,0.05,0.5,0.25,0.99981342664765,-0.18577044999999998,13,99.39870490286772
0.15,0.05,0.05,0.55,0.2,0.9997097747852334,-0.22948800000000003,18,99.16743755781684
0.15,0.05,0.05,0.6,0.15,0.99957710040134,-0.27551074999999997,20,99.07493061979649
0.15,0.05,0.05,0.65,0.1,0.99941540349597,-0.3265767500000001,25,98.84366327474561
0.15,0.05,0.05,0.7,0.05,0.9992329762181167,-0.3782505499999999,28,98.70490286771508
0.15,0.05,0.05,0.75,0.0,0.9990256724932833,-0.43376894999999993,33,98.47363552266421
0.15,0.05,0.1,0.0,0.7,0.9999419549570466,-0.13942084999999993,9,99.58371877890842
0.15,0.05,0.1,0.05,0.65,0.9999543931805367,-0.10783090000000001,9,99.58371877890842
0.15,0.05,0.1,0.1,0.6,0.9999668314040266,-0.08871514999999996,9,99.58371877890842
0.15,0.05,0.1,0.15,0.55,0.9999668314040266,-0.08234209999999997,9,99.58371877890842
0.15,0.05,0.1,0.2,0.5,0.9999668314040266,-0.07596904999999998,9,99.58371877890842
0.15,0.05,0.1,0.25,0.45,0.9999709774785234,-0.06959599999999999,9,99.58371877890842
0.15,0.05,0.1,0.3,0.4,0.9999709774785234,-0.06326865000000004,8,99.6299722479186
0.15,0.05,0.1,0.35,0.35,0.9999461010315434,-0.0619286,8,99.6299722479186
0.15,0.05,0.1,0.4,0.3,0.9998756177651,-0.07486925,8,99.6299722479186
0.15,0.05,0.1,0.45,0.25,0.9998590334671134,-0.11858679999999999,13,99.39870490286772
0.15,0.05,0.1,0.5,0.2,0.99980098842416,-0.16230435000000004,14,99.35245143385754
0.15,0.05,0.1,0.55,0.15,0.99972635908322,-0.20602190000000004,18,99.16743755781684
0.15,0.05,0.1,0.6,0.1,0.9996102689973133,-0.25291745,20,99.07493061979649
0.15,0.05,0.1,0.65,0.05,0.99942784171946,-0.30398345000000004,25,98.84366327474561
0.15,0.05,0.1,0.7,0.0,0.9992371222926133,-0.36010669999999995,30,98.61239592969473
0.15,0.05,0.15,0.0,0.65,0.9999668314040266,-0.07861855000000001,7,99.67622571692877
0.15,0.05,0.15,0.05,0.6,0.99997512355302,-0.047028599999999976,9,99.58371877890842
0.15,0.05,0.15,0.1,0.55,0.99997512355302,-0.029937150000000023,9,99.58371877890842
0.15,0.05,0.15,0.15,0.5,0.99998756177651,-0.023564099999999977,9,99.58371877890842
0.15,0.05,0.15,0.2,0.45,0.99998756177651,-0.01719105000000004,9,99.58371877890842
0.15,0.05,0.15,0.25,0.4,0.99998756177651,-0.011099299999999979,9,99.58371877890842
0.15,0.05,0.15,0.3,0.35,0.9999917078510067,-0.009759249999999942,9,99.58371877890842
0.15,0.05,0.15,0.35,0.3,0.9999834157020133,-0.01448334999999995,7,99.67622571692877
0.15,0.05,0.15,0.4,0.25,0.9999295167335567,-0.05140315000000001,9,99.58371877890842
0.15,0.05,0.15,0.45,0.2,0.99990049421208,-0.0951207,14,99.35245143385754
0.15,0.05,0.15,0.5,0.15,0.9997968423496634,-0.13883825000000005,14,99.35245143385754
0.15,0.05,0.15,0.55,0.1,0.9997222130087233,-0.1825558000000001,18,99.16743755781684
0.15,0.05,0.15,0.6,0.05,0.9996351454442933,-0.23032415,21,99.02867715078631
0.15,0.05,0.15,0.65,0.0,0.9994610103154333,-0.2920659500000001,26,98.79740980573543
0.15,0.05,0.2,0.0,0.6,0.9999917078510067,-0.017816249999999978,7,99.67622571692877
0.15,0.05,0.2,0.05,0.55,1.0,0.013773700000000055,7,99.67622571692877
0.15,0.05,0.2,0.1,0.5,1.0,0.02884085000000003,7,99.67622571692877
0.15,0.05,0.2,0.15,0.45,1.0,0.035213899999999965,9,99.58371877890842
0.15,0.05,0.2,0.2,0.4,1.0,0.041070050000000025,9,99.58371877890842
0.15,0.05,0.2,0.25,0.35,1.0,0.042410100000000006,8,99.6299722479186
0.15,0.05,0.2,0.3,0.3,1.0,0.030122650000000084,8,99.6299722479186
0.15,0.05,0.2,0.35,0.25,0.9999958539255034,-0.00494675,9,99.58371877890842
0.15,0.05,0.2,0.4,0.2,0.9999585392550333,-0.04001614999999997,10,99.53746530989824
0.15,0.05,0.2,0.45,0.15,0.9999046402865767,-0.07508555,13,99.39870490286772
0.15,0.05,0.2,0.5,0.1,0.99981342664765,-0.11537215,14,99.35245143385754
0.15,0.05,0.2,0.55,0.05,0.99972635908322,-0.16320365000000003,21,99.02867715078631
0.15,0.05,0.2,0.6,0.0,0.9996185611463067,-0.2341855,21,99.02867715078631
0.15,0.05,0.25,0.0,0.55,0.9999958539255034,-0.005849999999999966,7,99.67622571692877
0.15,0.05,0.25,0.05,0.5,1.0,0.015241499999999963,7,99.67622571692877
0.15,0.05,0.25,0.1,0.45,1.0,0.036333000000000004,7,99.67622571692877
0.15,0.05,0.25,0.15,0.4,1.0,0.057424500000000045,6,99.72247918593895
0.15,0.05,0.25,0.2,0.35,1.0,0.06444755000000008,6,99.72247918593895
0.15,0.05,0.25,0.25,0.3,1.0,0.06889120000000004,8,99.6299722479186
0.15,0.05,0.25,0.3,0.25,1.0,0.039659250000000035,9,99.58371877890842
0.15,0.05,0.25,0.35,0.2,1.0,0.004589850000000062,10,99.53746530989824
0.15,0.05,0.25,0.4,0.15,0.9999709774785234,-0.030479549999999966,11,99.49121184088807
0.15,0.05,0.25,0.45,0.1,0.99990049421208,-0.08469490000000002,13,99.39870490286772
0.15,0.05,0.25,0.5,0.05,0.9998175727221467,-0.1470285999999999,15,99.30619796484737
0.15,0.05,0.25,0.55,0.0,0.9997180669342267,-0.2093623,21,99.02867715078631
0.15,0.05,0.3,0.0,0.5,0.9999958539255034,-0.04193099999999994,2,99.90749306197965
0.15,0.05,0.3,0.05,0.45,0.9999958539255034,-0.02083950000000001,2,99.90749306197965
0.15,0.05,0.3,0.1,0.4,1.0,0.0002520000000000855,3,99.86123959296947
0.15,0.05,0.3,0.15,0.35,1.0,0.02134350000000007,3,99.86123959296947
0.15,0.05,0.3,0.2,0.3,1.0,0.042435000000000056,3,99.86123959296947
0.15,0.05,0.3,0.25,0.25,1.0,0.06352649999999999,5,99.76873265494912
0.15,0.05,0.3,0.3,0.2,1.0,0.0422822000000001,6,99.72247918593895
0.15,0.05,0.3,0.35,0.15,0.9999917078510067,-0.020051499999999944,10,99.53746530989824
0.15,0.05,0.3,0.4,0.1,0.9999792696275167,-0.08238519999999994,12,99.44495837187789
0.15,0.05,0.3,0.45,0.05,0.99990049421208,-0.14471889999999993,13,99.39870490286772
0.15,0.05,0.3,0.5,0.0,0.99981342664765,-0.20705259999999992,16,99.25994449583719
0.15,0.05,0.35,0.0,0.45,0.9999958539255034,-0.07801199999999997,1,99.95374653098983
0.15,0.05,0.35,0.05,0.4,0.9999958539255034,-0.05692049999999993,1,99.95374653098983
0.15,0.05,0.35,0.1,0.35,0.9999958539255034,-0.03582899999999989,1,99.95374653098983
0.15,0.05,0.35,0.15,0.3,0.9999958539255034,-0.014737499999999903,1,99.95374653098983
0.15,0.05,0.35,0.2,0.25,1.0,0.006354000000000082,2,99.90749306197965
0.15,0.05,0.35,0.25,0.2,1.0,0.020699750000000072,3,99.86123959296947
0.15,0.05,0.35,0.3,0.15,0.9999917078510067,-0.01774179999999992,4,99.81498612395929
0.15,0.05,0.35,0.35,0.1,0.9999792696275167,-0.08007550000000002,4,99.81498612395929
0.15,0.05,0.35,0.4,0.05,0.9999543931805367,-0.1424091999999999,6,99.72247918593895
0.15,0.05,0.35,0.45,0.0,0.99990049421208,-0.2047428999999999,11,99.49121184088807
0.15,0.05,0.4,0.0,0.4,0.9999958539255034,-0.11409300000000006,2,99.90749306197965
0.15,0.05,0.4,0.05,0.35,0.9999958539255034,-0.09300150000000001,2,99.90749306197965
0.15,0.05,0.4,0.1,0.3,0.9999958539255034,-0.07190999999999992,2,99.90749306197965
0.15,0.05,0.4,0.15,0.25,0.9999917078510067,-0.050818500000000044,2,99.90749306197965
0.15,0.05,0.4,0.2,0.2,0.99998756177651,-0.029726999999999948,3,99.86123959296947
0.15,0.05,0.4,0.25,0.15,0.9999834157020133,-0.048351599999999995,3,99.86123959296947
0.15,0.05,0.4,0.3,0.1,0.9999834157020133,-0.0777658,4,99.81498612395929
0.15,0.05,0.4,0.35,0.05,0.9999668314040266,-0.14009949999999993,4,99.81498612395929
0.15,0.05,0.4,0.4,0.0,0.99993780888255,-0.20243319999999998,7,99.67622571692877
0.15,0.05,0.45,0.0,0.35,0.9999585392550333,-0.15017399999999997,4,99.81498612395929
0.15,0.05,0.45,0.05,0.3,0.9999709774785234,-0.1290825,4,99.81498612395929
0.15,0.05,0.45,0.1,0.25,0.99997512355302,-0.10799099999999995,5,99.76873265494912
0.15,0.05,0.45,0.15,0.2,0.9999792696275167,-0.08689949999999996,6,99.72247918593895
0.15,0.05,0.45,0.2,0.15,0.99997512355302,-0.09458229999999995,6,99.72247918593895
0.15,0.05,0.45,0.25,0.1,0.9999668314040266,-0.11740295,5,99.76873265494912
0.15,0.05,0.45,0.3,0.05,0.99996268532953,-0.14022359999999995,5,99.76873265494912
0.15,0.05,0.45,0.35,0.0,0.99993780888255,-0.20012349999999995,6,99.72247918593895
0.15,0.05,0.5,0.0,0.3,0.99991293243557,-0.18625499999999995,7,99.67622571692877
0.15,0.05,0.5,0.05,0.25,0.9999170785100666,-0.1651634999999999,9,99.58371877890842
0.15,0.05,0.5,0.1,0.2,0.9999295167335567,-0.14407200000000003,11,99.49121184088807
0.15,0.05,0.5,0.15,0.15,0.9999336628080533,-0.14081300000000008,11,99.49121184088807
0.15,0.05,0.5,0.2,0.1,0.99992537065906,-0.16363364999999996,11,99.49121184088807
0.15,0.05,0.5,0.25,0.05,0.9999295167335567,-0.18645429999999996,11,99.49121184088807
0.15,0.05,0.5,0.3,0.0,0.99990049421208,-0.20927494999999996,12,99.44495837187789
0.15,0.05,0.55,0.0,0.25,0.99986317954161,-0.22233599999999998,13,99.39870490286772
0.15,0.05,0.55,0.05,0.2,0.9998673256161067,-0.2115260000000001,14,99.35245143385754
0.15,0.05,0.55,0.1,0.15,0.99986317954161,-0.20526280000000008,14,99.35245143385754
0.15,0.05,0.55,0.15,0.1,0.9998673256161067,-0.2098643500000001,14,99.35245143385754
0.15,0.05,0.55,0.2,0.05,0.9998548873926166,-0.23268499999999992,14,99.35245143385754
0.15,0.05,0.55,0.25,0.0,0.99983830309463,-0.25550565,14,99.35245143385754
0.15,0.05,0.6,0.0,0.2,0.9997926962751666,-0.29848864999999997,20,99.07493061979649
0.15,0.05,0.6,0.05,0.15,0.99978855020067,-0.28657595,20,99.07493061979649
0.15,0.05,0.6,0.1,0.1,0.9997844041261733,-0.28031275,20,99.07493061979649
0.15,0.05,0.6,0.15,0.05,0.99977611197718,-0.27891569999999993,20,99.07493061979649
0.15,0.05,0.6,0.2,0.0,0.9997470894557033,-0.3017363499999999,20,99.07493061979649
0.15,0.05,0.65,0.0,0.15,0.99967660618926,-0.37469630000000004,24,98.88991674375578
0.15,0.05,0.65,0.05,0.1,0.99967660618926,-0.3616259,24,98.88991674375578
0.15,0.05,0.65,0.1,0.05,0.99966416796577,-0.3553627,24,98.88991674375578
0.15,0.05,0.65,0.15,0.0,0.9996558758167767,-0.3490995,24,98.88991674375578
0.15,0.05,0.7,0.0,0.1,0.9995480778798633,-0.45090395,29,98.6586493987049
0.15,0.05,0.7,0.05,0.05,0.9995314935818767,-0.4378302,29,98.6586493987049
0.15,0.05,0.7,0.1,0.0,0.9995232014328833,-0.43041265,29,98.6586493987049
0.15,0.05,0.75,0.0,0.05,0.99939052704899,-0.5271116,30,98.61239592969473
0.15,0.05,0.75,0.05,0.0,0.99935321237852,-0.51403785,31,98.56614246068455
0.15,0.05,0.8,0.0,0.0,0.9991003018342234,-0.60331925,37,98.2886216466235
0.15,0.1,0.0,0.0,0.75,0.9999295167335567,-0.22895834999999998,12,99.44495837187789
0.15,0.1,0.0,0.05,0.7,0.9999295167335567,-0.1973684,11,99.49121184088807
0.15,0.1,0.0,0.1,0.65,0.9999336628080533,-0.17560714999999993,10,99.53746530989824
0.15,0.1,0.0,0.15,0.6,0.99993780888255,-0.16916789999999998,10,99.53746530989824
0.15,0.1,0.0,0.2,0.55,0.99995024710604,-0.16275199999999995,10,99.53746530989824
0.15,0.1,0.0,0.25,0.5,0.9999543931805367,-0.15637894999999996,8,99.6299722479186
0.15,0.1,0.0,0.3,0.45,0.99995024710604,-0.15000590000000003,8,99.6299722479186
0.15,0.1,0.0,0.35,0.4,0.9998963481375833,-0.14363284999999998,8,99.6299722479186
0.15,0.1,0.0,0.4,0.35,0.9998590334671134,-0.13997654999999998,8,99.6299722479186
0.15,0.1,0.0,0.45,0.3,0.9998548873926166,-0.13863649999999994,13,99.39870490286772
0.15,0.1,0.0,0.5,0.25,0.9998217187966434,-0.17474079999999992,13,99.39870490286772
0.15,0.1,0.0,0.55,0.2,0.9997056287107366,-0.22008050000000007,16,99.25994449583719
0.15,0.1,0.0,0.6,0.15,0.9995812464758367,-0.2711464999999999,21,99.02867715078631
0.15,0.1,0.0,0.65,0.1,0.9994071113469767,-0.3222125,26,98.79740980573543
0.15,0.1,0.0,0.7,0.05,0.9992288301436201,-0.37719399999999986,28,98.70490286771508
0.15,0.1,0.0,0.75,0.0,0.9990215264187867,-0.4327124,34,98.42738205365403
0.15,0.1,0.05,0.0,0.7,0.99993780888255,-0.16815605,9,99.58371877890842
0.15,0.1,0.05,0.05,0.65,0.9999419549570466,-0.13656609999999997,9,99.58371877890842
0.15,0.1,0.05,0.1,0.6,0.9999543931805367,-0.1167201,9,99.58371877890842
0.15,0.1,0.05,0.15,0.55,0.9999668314040266,-0.11034704999999995,9,99.58371877890842
0.15,0.1,0.05,0.2,0.5,0.9999668314040266,-0.10397400000000001,9,99.58371877890842
0.15,0.1,0.05,0.25,0.45,0.9999668314040266,-0.09760095000000002,9,99.58371877890842
0.15,0.1,0.05,0.3,0.4,0.9999709774785234,-0.09122790000000003,8,99.6299722479186
0.15,0.1,0.05,0.35,0.35,0.9999461010315434,-0.08780719999999997,8,99.6299722479186
0.15,0.1,0.05,0.4,0.3,0.9998797638395966,-0.08646714999999994,7,99.67622571692877
0.15,0.1,0.05,0.45,0.25,0.9998590334671134,-0.10755714999999993,13,99.39870490286772
0.15,0.1,0.05,0.5,0.2,0.99980098842416,-0.15127470000000004,14,99.35245143385754
0.15,0.1,0.05,0.55,0.15,0.9997180669342267,-0.19748719999999992,18,99.16743755781684
0.15,0.1,0.05,0.6,0.1,0.9995978307738234,-0.24855319999999997,21,99.02867715078631
0.15,0.1,0.05,0.65,0.05,0.99942784171946,-0.2996192,27,98.75115633672526
0.15,0.1,0.05,0.7,0.0,0.9992495605161034,-0.35085245,28,98.70490286771508
0.15,0.1,0.1,0.0,0.65,0.9999668314040266,-0.10735374999999997,7,99.67622571692877
0.15,0.1,0.1,0.05,0.6,0.9999709774785234,-0.07576379999999994,9,99.58371877890842
0.15,0.1,0.1,0.1,0.55,0.99997512355302,-0.057942099999999996,9,99.58371877890842
0.15,0.1,0.1,0.15,0.5,0.99997512355302,-0.05156904999999995,9,99.58371877890842
0.15,0.1,0.1,0.2,0.45,0.9999792696275167,-0.045196000000000014,9,99.58371877890842
0.15,0.1,0.1,0.25,0.4,0.9999792696275167,-0.03882295000000002,9,99.58371877890842
0.15,0.1,0.1,0.3,0.35,0.99997512355302,-0.035637849999999915,9,99.58371877890842
0.15,0.1,0.1,0.35,0.3,0.99996268532953,-0.034297799999999934,7,99.67622571692877
0.15,0.1,0.1,0.4,0.25,0.9999212245845633,-0.04734739999999993,8,99.6299722479186
0.15,0.1,0.1,0.45,0.2,0.9998839099140934,-0.08409105,14,99.35245143385754
0.15,0.1,0.1,0.5,0.15,0.9997926962751666,-0.1278086,14,99.35245143385754
0.15,0.1,0.1,0.55,0.1,0.99971392085973,-0.17489390000000005,19,99.12118408880666
0.15,0.1,0.1,0.6,0.05,0.9996185611463067,-0.22595989999999994,23,98.93617021276596
0.15,0.1,0.1,0.65,0.0,0.99944027994295,-0.28002394999999997,27,98.75115633672526
0.15,0.1,0.15,0.0,0.6,0.9999834157020133,-0.04655145000000005,7,99.67622571692877
0.15,0.1,0.15,0.05,0.55,0.99998756177651,-0.014961499999999961,7,99.67622571692877
0.15,0.1,0.15,0.1,0.5,1.0,0.0008359000000000005,7,99.67622571692877
0.15,0.1,0.15,0.15,0.45,1.0,0.007208949999999992,9,99.58371877890842
0.15,0.1,0.15,0.2,0.4,1.0,0.013581999999999983,9,99.58371877890842
0.15,0.1,0.15,0.25,0.35,1.0,0.016531500000000032,8,99.6299722479186
0.15,0.1,0.15,0.3,0.3,1.0,0.01787155000000007,8,99.6299722479186
0.15,0.1,0.15,0.35,0.25,0.9999958539255034,-0.0027413999999999494,7,99.67622571692877
0.15,0.1,0.15,0.4,0.2,0.99997512355302,-0.03781079999999998,9,99.58371877890842
0.15,0.1,0.15,0.45,0.15,0.9999087863610734,-0.0728802,14,99.35245143385754
0.15,0.1,0.15,0.5,0.1,0.99981342664765,-0.10794959999999998,14,99.35245143385754
0.15,0.1,0.15,0.55,0.05,0.99971392085973,-0.1523006,20,99.07493061979649
0.15,0.1,0.15,0.6,0.0,0.9996309993697967,-0.21198319999999998,23,98.93617021276596
0.15,0.1,0.2,0.0,0.55,1.0,0.011266900000000024,7,99.67622571692877
0.15,0.1,0.2,0.05,0.5,1.0,0.02925479999999997,7,99.67622571692877
0.15,0.1,0.2,0.1,0.45,1.0,0.04724269999999997,7,99.67622571692877
0.15,0.1,0.2,0.15,0.4,1.0,0.06523059999999997,6,99.72247918593895
0.15,0.1,0.2,0.2,0.35,1.0,0.06870085000000009,6,99.72247918593895
0.15,0.1,0.2,0.25,0.3,1.0,0.07004090000000007,8,99.6299722479186
0.15,0.1,0.2,0.3,0.25,1.0,0.041864600000000085,8,99.6299722479186
0.15,0.1,0.2,0.35,0.2,1.0,0.006795200000000057,10,99.53746530989824
0.15,0.1,0.2,0.4,0.15,0.99997512355302,-0.02827419999999997,9,99.58371877890842
0.15,0.1,0.2,0.45,0.1,0.9999087863610734,-0.07189860000000003,13,99.39870490286772
0.15,0.1,0.2,0.5,0.05,0.99982586487114,-0.130446,15,99.30619796484737
0.15,0.1,0.2,0.55,0.0,0.9997056287107366,-0.18899339999999998,22,98.98242368177613
0.15,0.1,0.25,0.0,0.5,1.0,0.006079399999999957,2,99.90749306197965
0.15,0.1,0.25,0.05,0.45,1.0,0.027170899999999942,2,99.90749306197965
0.15,0.1,0.25,0.1,0.4,1.0,0.04826240000000004,2,99.90749306197965
0.15,0.1,0.25,0.15,0.35,1.0,0.06935390000000002,3,99.86123959296947
0.15,0.1,0.25,0.2,0.3,1.0,0.09044540000000001,3,99.86123959296947
0.15,0.1,0.25,0.25,0.25,1.0,0.08104584999999997,4,99.81498612395929
0.15,0.1,0.25,0.3,0.2,1.0,0.051401200000000036,6,99.72247918593895
0.15,0.1,0.25,0.35,0.15,0.9999958539255034,-0.0054111000000000575,8,99.6299722479186
0.15,0.1,0.25,0.4,0.1,0.99997512355302,-0.06395850000000003,10,99.53746530989824
0.15,0.1,0.25,0.45,0.05,0.99991293243557,-0.12331159999999991,14,99.35245143385754
0.15,0.1,0.25,0.5,0.0,0.99981342664765,-0.1856453,15,99.30619796484737
0.15,0.1,0.3,0.0,0.45,0.9999958539255034,-0.030001600000000017,1,99.95374653098983
0.15,0.1,0.3,0.05,0.4,0.9999958539255034,-0.008910099999999976,1,99.95374653098983
0.15,0.1,0.3,0.1,0.35,1.0,0.012181400000000064,1,99.95374653098983
0.15,0.1,0.3,0.15,0.3,1.0,0.03327290000000005,1,99.95374653098983
0.15,0.1,0.3,0.2,0.25,1.0,0.054364400000000035,1,99.95374653098983
0.15,0.1,0.3,0.25,0.2,1.0,0.053992200000000046,3,99.86123959296947
0.15,0.1,0.3,0.3,0.15,1.0,0.0025290000000000035,3,99.86123959296947
0.15,0.1,0.3,0.35,0.1,0.9999917078510067,-0.058668200000000004,4,99.81498612395929
0.15,0.1,0.3,0.4,0.05,0.99996268532953,-0.12100189999999988,5,99.76873265494912
0.15,0.1,0.3,0.45,0.0,0.99991293243557,-0.1833356,10,99.53746530989824
0.15,0.1,0.35,0.0,0.4,0.9999958539255034,-0.06608259999999994,1,99.95374653098983
0.15,0.1,0.35,0.05,0.35,0.9999958539255034,-0.04499109999999995,1,99.95374653098983
0.15,0.1,0.35,0.1,0.3,0.9999958539255034,-0.02389959999999991,1,99.95374653098983
0.15,0.1,0.35,0.15,0.25,0.9999958539255034,-0.00280809999999998,1,99.95374653098983
0.15,0.1,0.35,0.2,0.2,1.0,0.01828340000000006,3,99.86123959296947
0.15,0.1,0.35,0.25,0.15,1.0,0.005975200000000014,3,99.86123959296947
0.15,0.1,0.35,0.3,0.1,0.99998756177651,-0.05635849999999998,4,99.81498612395929
0.15,0.1,0.35,0.35,0.05,0.9999709774785234,-0.11869219999999997,4,99.81498612395929
0.15,0.1,0.35,0.4,0.0,0.9999419549570466,-0.18102589999999996,7,99.67622571692877
0.15,0.1,0.4,0.0,0.35,0.99998756177651,-0.10216360000000008,3,99.86123959296947
0.15,0.1,0.4,0.05,0.3,0.9999917078510067,-0.08107210000000004,2,99.90749306197965
0.15,0.1,0.4,0.1,0.25,0.9999917078510067,-0.059980599999999995,2,99.90749306197965
0.15,0.1,0.4,0.15,0.2,0.99998756177651,-0.03888910000000001,4,99.81498612395929
0.15,0.1,0.4,0.2,0.15,0.9999834157020133,-0.02781914999999996,4,99.81498612395929
0.15,0.1,0.4,0.25,0.1,0.9999792696275167,-0.05404880000000001,4,99.81498612395929
0.15,0.1,0.4,0.3,0.05,0.9999709774785234,-0.11638249999999989,4,99.81498612395929
0.15,0.1,0.4,0.35,0.0,0.9999585392550333,-0.17871619999999994,5,99.76873265494912
0.15,0.1,0.45,0.0,0.3,0.9999668314040266,-0.1382446,5,99.76873265494912
0.15,0.1,0.45,0.05,0.25,0.9999709774785234,-0.11715310000000001,5,99.76873265494912
0.15,0.1,0.45,0.1,0.2,0.9999709774785234,-0.09606159999999997,7,99.67622571692877
0.15,0.1,0.45,0.15,0.15,0.99997512355302,-0.08265194999999992,7,99.67622571692877
0.15,0.1,0.45,0.2,0.1,0.9999585392550333,-0.09687050000000003,6,99.72247918593895
0.15,0.1,0.45,0.25,0.05,0.9999585392550333,-0.11969114999999997,6,99.72247918593895
0.15,0.1,0.45,0.3,0.0,0.9999461010315434,-0.17640650000000002,7,99.67622571692877
0.15,0.1,0.5,0.0,0.25,0.9999046402865767,-0.1764914999999999,9,99.58371877890842
0.15,0.1,0.5,0.05,0.2,0.9999170785100666,-0.17022830000000005,10,99.53746530989824
0.15,0.1,0.5,0.1,0.15,0.9999170785100666,-0.16396510000000003,11,99.49121184088807
0.15,0.1,0.5,0.15,0.1,0.9999087863610734,-0.15770190000000006,11,99.49121184088807
0.15,0.1,0.5,0.2,0.05,0.99991293243557,-0.16592184999999993,13,99.39870490286772
0.15,0.1,0.5,0.25,0.0,0.9998922020630867,-0.18874249999999992,13,99.39870490286772
0.15,0.1,0.55,0.0,0.2,0.9998465952436233,-0.25154145000000006,19,99.12118408880666
0.15,0.1,0.55,0.05,0.15,0.9998424491691267,-0.2452782500000001,19,99.12118408880666
0.15,0.1,0.55,0.1,0.1,0.9998424491691267,-0.23901505000000006,19,99.12118408880666
0.15,0.1,0.55,0.15,0.05,0.9998300109456366,-0.23275185000000004,19,99.12118408880666
0.15,0.1,0.55,0.2,0.0,0.9998092805731533,-0.23497319999999994,19,99.12118408880666
0.15,0.1,0.6,0.0,0.15,0.9997719659026834,-0.3265914,23,98.93617021276596
0.15,0.1,0.6,0.05,0.1,0.9997512355302,-0.32032819999999995,23,98.93617021276596
0.15,0.1,0.6,0.1,0.05,0.9997305051577167,-0.3140649999999999,23,98.93617021276596
0.15,0.1,0.6,0.15,0.0,0.9997222130087233,-0.30780179999999996,23,98.93617021276596
0.15,0.1,0.65,0.0,0.1,0.9996227072208034,-0.40164134999999995,29,98.6586493987049
0.15,0.1,0.65,0.05,0.05,0.9996227072208034,-0.39537815,29,98.6586493987049
0.15,0.1,0.65,0.1,0.0,0.9996185611463067,-0.38911494999999996,29,98.6586493987049
0.15,0.1,0.7,0.0,0.05,0.9994693024644267,-0.4766913,32,98.51988899167438
0.15,0.1,0.7,0.05,0.0,0.9994485720919434,-0.4704281,32,98.51988899167438
0.15,0.1,0.75,0.0,0.0,0.9992329762181167,-0.55174125,35,98.38112858464385
0.15,0.15,0.0,0.0,0.7,0.9999295167335567,-0.1968912499999999,10,99.53746530989824
0.15,0.15,0.0,0.05,0.65,0.9999419549570466,-0.16530130000000004,10,99.53746530989824
0.15,0.15,0.0,0.1,0.6,0.99995024710604,-0.14505694999999996,10,99.53746530989824
0.15,0.15,0.0,0.15,0.55,0.99996268532953,-0.13861769999999995,9,99.58371877890842
0.15,0.15,0.0,0.2,0.5,0.9999668314040266,-0.13217844999999995,9,99.58371877890842
0.15,0.15,0.0,0.25,0.45,0.9999668314040266,-0.1257392,8,99.6299722479186
0.15,0.15,0.0,0.3,0.4,0.9999668314040266,-0.11929994999999999,8,99.6299722479186
0.15,0.15,0.0,0.35,0.35,0.9999461010315434,-0.11368579999999995,8,99.6299722479186
0.15,0.15,0.0,0.4,0.3,0.99988805598859,-0.11234574999999991,7,99.67622571692877
0.15,0.15,0.0,0.45,0.25,0.99986317954161,-0.11100569999999998,13,99.39870490286772
0.15,0.15,0.0,0.5,0.2,0.9998051344986567,-0.14205695000000002,13,99.39870490286772
0.15,0.15,0.0,0.55,0.15,0.9996973365617433,-0.19312295000000002,19,99.12118408880666
0.15,0.15,0.0,0.6,0.1,0.9995978307738234,-0.24418895000000002,24,98.88991674375578
0.15,0.15,0.0,0.65,0.05,0.9994236956449634,-0.29525495000000007,27,98.75115633672526
0.15,0.15,0.0,0.7,0.0,0.9992454144416066,-0.34979589999999994,28,98.70490286771508
0.15,0.15,0.05,0.0,0.65,0.9999668314040266,-0.13608895,8,99.6299722479186
0.15,0.15,0.05,0.05,0.6,0.9999668314040266,-0.10449899999999995,9,99.58371877890842
0.15,0.15,0.05,0.1,0.55,0.99996268532953,-0.08594704999999997,9,99.58371877890842
0.15,0.15,0.05,0.15,0.5,0.9999668314040266,-0.07957399999999992,9,99.58371877890842
0.15,0.15,0.05,0.2,0.45,0.9999668314040266,-0.07320094999999999,9,99.58371877890842
0.15,0.15,0.05,0.25,0.4,0.9999709774785234,-0.0668279,9,99.58371877890842
0.15,0.15,0.05,0.3,0.35,0.9999709774785234,-0.061516449999999945,8,99.6299722479186
0.15,0.15,0.05,0.35,0.3,0.9999585392550333,-0.06017639999999991,7,99.67622571692877
0.15,0.15,0.05,0.4,0.25,0.9999212245845633,-0.05883634999999998,7,99.67622571692877
0.15,0.15,0.05,0.45,0.2,0.9998797638395966,-0.08021145000000002,13,99.39870490286772
0.15,0.15,0.05,0.5,0.15,0.9997968423496634,-0.11946364999999992,14,99.35245143385754
0.15,0.15,0.05,0.55,0.1,0.9996683140402667,-0.1705296500000001,21,99.02867715078631
0.15,0.15,0.05,0.6,0.05,0.9995978307738234,-0.22159564999999998,24,98.88991674375578
0.15,0.15,0.05,0.65,0.0,0.99941540349597,-0.27266165000000003,27,98.75115633672526
0.15,0.15,0.1,0.0,0.6,0.9999709774785234,-0.07528665000000001,7,99.67622571692877
0.15,0.15,0.1,0.05,0.55,0.9999709774785234,-0.04369669999999992,7,99.67622571692877
0.15,0.15,0.1,0.1,0.5,0.99997512355302,-0.027169049999999917,8,99.6299722479186
0.15,0.15,0.1,0.15,0.45,0.99998756177651,-0.02079599999999998,9,99.58371877890842
0.15,0.15,0.1,0.2,0.4,0.99998756177651,-0.01442294999999999,9,99.58371877890842
0.15,0.15,0.1,0.25,0.35,0.99998756177651,-0.009347099999999942,8,99.6299722479186
0.15,0.15,0.1,0.3,0.3,0.9999917078510067,-0.008007049999999905,8,99.6299722479186
0.15,0.15,0.1,0.35,0.25,0.9999917078510067,-0.0066669999999999785,7,99.67622571692877
0.15,0.15,0.1,0.4,0.2,0.9999709774785234,-0.03560544999999998,8,99.6299722479186
0.15,0.15,0.1,0.45,0.15,0.99991293243557,-0.07067485000000001,14,99.35245143385754
0.15,0.15,0.1,0.5,0.1,0.9998092805731533,-0.10930174999999998,14,99.35245143385754
0.15,0.15,0.1,0.55,0.05,0.9996848983382534,-0.1517196,22,98.98242368177613
0.15,0.15,0.1,0.6,0.0,0.99960197684832,-0.20245460000000004,24,98.88991674375578
0.15,0.15,0.15,0.0,0.55,0.9999917078510067,-0.01448434999999998,7,99.67622571692877
0.15,0.15,0.15,0.05,0.5,1.0,0.0038254000000000343,7,99.67622571692877
0.15,0.15,0.15,0.1,0.45,1.0,0.02181329999999998,7,99.67622571692877
0.15,0.15,0.15,0.15,0.4,1.0,0.037982000000000016,6,99.72247918593895
0.15,0.15,0.15,0.2,0.35,1.0,0.04282225000000012,7,99.67622571692877
0.15,0.15,0.15,0.25,0.3,1.0,0.0441623000000001,8,99.6299722479186
0.15,0.15,0.15,0.3,0.25,1.0,0.044069950000000024,8,99.6299722479186
0.15,0.15,0.15,0.35,0.2,1.0,0.009000550000000052,8,99.6299722479186
0.15,0.15,0.15,0.4,0.15,0.99997512355302,-0.026068849999999977,9,99.58371877890842
0.15,0.15,0.15,0.45,0.1,0.9999295167335567,-0.07255480000000003,13,99.39870490286772
0.15,0.15,0.15,0.5,0.05,0.99982586487114,-0.13110219999999995,16,99.25994449583719
0.15,0.15,0.15,0.55,0.0,0.9996973365617433,-0.18964960000000003,22,98.98242368177613
0.15,0.15,0.2,0.0,0.5,1.0,0.002756650000000027,2,99.90749306197965
0.15,0.15,0.2,0.05,0.45,1.0,0.020744549999999973,2,99.90749306197965
0.15,0.15,0.2,0.1,0.4,1.0,0.03873245000000003,1,99.95374653098983
0.15,0.15,0.2,0.15,0.35,1.0,0.05672035000000003,3,99.86123959296947
0.15,0.15,0.2,0.2,0.3,1.0,0.07470824999999998,3,99.86123959296947
0.15,0.15,0.2,0.25,0.25,1.0,0.08370039999999995,4,99.81498612395929
0.15,0.15,0.2,0.3,0.2,1.0,0.05248010000000003,6,99.72247918593895
0.15,0.15,0.2,0.35,0.15,0.9999958539255034,-0.006067300000000053,8,99.6299722479186
0.15,0.15,0.2,0.4,0.1,0.9999792696275167,-0.06461470000000002,7,99.67622571692877
0.15,0.15,0.2,0.45,0.05,0.9999212245845633,-0.12316209999999994,13,99.39870490286772
0.15,0.15,0.2,0.5,0.0,0.9998092805731533,-0.18170949999999997,16,99.25994449583719
0.15,0.15,0.25,0.0,0.45,1.0,0.018008799999999936,1,99.95374653098983
0.15,0.15,0.25,0.05,0.4,1.0,0.03766370000000002,1,99.95374653098983
0.15,0.15,0.25,0.1,0.35,1.0,0.05565160000000002,1,99.95374653098983
0.15,0.15,0.25,0.15,0.3,1.0,0.07363950000000002,1,99.95374653098983
0.15,0.15,0.25,0.2,0.25,1.0,0.07506829999999998,1,99.95374653098983
0.15,0.15,0.25,0.25,0.2,1.0,0.056646750000000023,2,99.90749306197965
0.15,0.15,0.25,0.3,0.15,1.0,0.0018728000000000078,3,99.86123959296947
0.15,0.15,0.25,0.35,0.1,0.9999917078510067,-0.05667460000000002,4,99.81498612395929
0.15,0.15,0.25,0.4,0.05,0.99997512355302,-0.11522199999999994,5,99.76873265494912
0.15,0.15,0.25,0.45,0.0,0.9999087863610734,-0.17376939999999996,10,99.53746530989824
0.15,0.15,0.3,0.0,0.4,0.9999958539255034,-0.018072199999999983,1,99.95374653098983
0.15,0.15,0.3,0.05,0.35,1.0,0.0030193000000000025,1,99.95374653098983
0.15,0.15,0.3,0.1,0.3,1.0,0.024110800000000043,1,99.95374653098983
0.15,0.15,0.3,0.15,0.25,1.0,0.04520229999999997,1,99.95374653098983
0.15,0.15,0.3,0.2,0.2,1.0,0.04801464999999999,3,99.86123959296947
0.15,0.15,0.3,0.25,0.15,1.0,0.009812899999999958,4,99.81498612395929
0.15,0.15,0.3,0.3,0.1,0.9999917078510067,-0.048734500000000014,4,99.81498612395929
0.15,0.15,0.3,0.35,0.05,0.99997512355302,-0.10728189999999999,4,99.81498612395929
0.15,0.15,0.3,0.4,0.0,0.9999543931805367,-0.16582930000000007,6,99.72247918593895
0.15,0.15,0.35,0.0,0.35,0.9999958539255034,-0.05415319999999996,2,99.90749306197965
0.15,0.15,0.35,0.05,0.3,0.9999958539255034,-0.03306169999999997,2,99.90749306197965
0.15,0.15,0.35,0.1,0.25,0.9999958539255034,-0.011970199999999931,2,99.90749306197965
0.15,0.15,0.35,0.15,0.2,1.0,0.009121300000000054,4,99.81498612395929
0.15,0.15,0.35,0.2,0.15,1.0,0.017752999999999908,4,99.81498612395929
0.15,0.15,0.35,0.25,0.1,0.99998756177651,-0.040794400000000064,4,99.81498612395929
0.15,0.15,0.35,0.3,0.05,0.99997512355302,-0.09934179999999992,4,99.81498612395929
0.15,0.15,0.35,0.35,0.0,0.9999668314040266,-0.1578892,5,99.76873265494912
0.15,0.15,0.4,0.0,0.3,0.99998756177651,-0.09023419999999999,4,99.81498612395929
0.15,0.15,0.4,0.05,0.25,0.99998756177651,-0.0691427,4,99.81498612395929
0.15,0.15,0.4,0.1,0.2,0.9999917078510067,-0.04805119999999996,6,99.72247918593895
0.15,0.15,0.4,0.15,0.15,0.9999792696275167,-0.04135424999999998,6,99.72247918593895
0.15,0.15,0.4,0.2,0.1,0.9999668314040266,-0.0353155,6,99.72247918593895
0.15,0.15,0.4,0.25,0.05,0.9999709774785234,-0.09266549999999996,6,99.72247918593895
0.15,0.15,0.4,0.3,0.0,0.9999543931805367,-0.1549992,7,99.67622571692877
0.15,0.15,0.45,0.0,0.25,0.9999543931805367,-0.13519379999999992,6,99.72247918593895
0.15,0.15,0.45,0.05,0.2,0.9999543931805367,-0.1289306,8,99.6299722479186
0.15,0.15,0.45,0.1,0.15,0.99996268532953,-0.12266739999999993,8,99.6299722479186
0.15,0.15,0.45,0.15,0.1,0.99995024710604,-0.11640420000000001,8,99.6299722479186
0.15,0.15,0.45,0.2,0.05,0.99995024710604,-0.11014099999999993,8,99.6299722479186
0.15,0.15,0.45,0.25,0.0,0.9999419549570466,-0.15268949999999998,8,99.6299722479186
0.15,0.15,0.5,0.0,0.2,0.99988805598859,-0.21024375,14,99.35245143385754
0.15,0.15,0.5,0.05,0.15,0.9998797638395966,-0.20398055000000004,15,99.30619796484737
0.15,0.15,0.5,0.1,0.1,0.99988805598859,-0.19771735000000001,16,99.25994449583719
0.15,0.15,0.5,0.15,0.05,0.9998839099140934,-0.19145415000000005,16,99.25994449583719
0.15,0.15,0.5,0.2,0.0,0.9998756177651,-0.1851909499999999,17,99.21369102682701
0.15,0.15,0.55,0.0,0.15,0.9998217187966434,-0.28529370000000004,22,98.98242368177613
0.15,0.15,0.55,0.05,0.1,0.9998092805731533,-0.27903050000000007,22,98.98242368177613
0.15,0.15,0.55,0.1,0.05,0.9997844041261733,-0.27276730000000005,22,98.98242368177613
0.15,0.15,0.55,0.15,0.0,0.9997678198281866,-0.2665041000000001,22,98.98242368177613
0.15,0.15,0.6,0.0,0.1,0.9997097747852334,-0.36034364999999996,29,98.6586493987049
0.15,0.15,0.6,0.05,0.05,0.9996931904872467,-0.35408044999999994,30,98.61239592969473
0.15,0.15,0.6,0.1,0.0,0.99967660618926,-0.34781724999999997,30,98.61239592969473
0.15,0.15,0.65,0.0,0.05,0.9995729543268433,-0.43539359999999994,31,98.56614246068455
0.15,0.15,0.65,0.05,0.0,0.99955222395436,-0.42913039999999997,31,98.56614246068455
0.15,0.15,0.7,0.0,0.0,0.9993117516335533,-0.51044355,36,98.33487511563366
0.15,0.2,0.0,0.0,0.65,0.9999585392550333,-0.16482415,9,99.58371877890842
0.15,0.2,0.0,0.05,0.6,0.99996268532953,-0.13323420000000002,10,99.53746530989824
0.15,0.2,0.0,0.1,0.55,0.99996268532953,-0.11450674999999999,10,99.53746530989824
0.15,0.2,0.0,0.15,0.5,0.99996268532953,-0.10806749999999998,10,99.53746530989824
0.15,0.2,0.0,0.2,0.45,0.99996268532953,-0.10162824999999998,9,99.58371877890842
0.15,0.2,0.0,0.25,0.4,0.9999668314040266,-0.09518899999999997,8,99.6299722479186
0.15,0.2,0.0,0.3,0.35,0.9999709774785234,-0.08874975000000002,8,99.6299722479186
0.15,0.2,0.0,0.35,0.3,0.9999585392550333,-0.08605499999999994,7,99.67622571692877
0.15,0.2,0.0,0.4,0.25,0.99992537065906,-0.08471495000000007,7,99.67622571692877
0.15,0.2,0.0,0.45,0.2,0.9998797638395966,-0.08537655,13,99.39870490286772
0.15,0.2,0.0,0.5,0.15,0.9997968423496634,-0.12242559999999986,15,99.30619796484737
0.15,0.2,0.0,0.55,0.1,0.9996351454442933,-0.16616539999999996,21,99.02867715078631
0.15,0.2,0.0,0.6,0.05,0.99957710040134,-0.2172313999999999,24,98.88991674375578
0.15,0.2,0.0,0.65,0.0,0.9993946731234867,-0.26829739999999996,28,98.70490286771508
0.15,0.2,0.05,0.0,0.6,0.9999709774785234,-0.10402185000000003,8,99.6299722479186
0.15,0.2,0.05,0.05,0.55,0.9999709774785234,-0.07243189999999994,7,99.67622571692877
0.15,0.2,0.05,0.1,0.5,0.9999709774785234,-0.055173999999999945,8,99.6299722479186
0.15,0.2,0.05,0.15,0.45,0.9999709774785234,-0.048800949999999954,9,99.58371877890842
0.15,0.2,0.05,0.2,0.4,0.99997512355302,-0.04242789999999996,9,99.58371877890842
0.15,0.2,0.05,0.25,0.35,0.99997512355302,-0.036054849999999916,8,99.6299722479186
0.15,0.2,0.05,0.3,0.3,0.99997512355302,-0.033885649999999934,7,99.67622571692877
0.15,0.2,0.05,0.35,0.25,0.99997512355302,-0.03254559999999995,7,99.67622571692877
0.15,0.2,0.05,0.4,0.2,0.9999585392550333,-0.03340009999999999,8,99.6299722479186
0.15,0.2,0.05,0.45,0.15,0.99991293243557,-0.07134394999999988,13,99.39870490286772
0.15,0.2,0.05,0.5,0.1,0.99978855020067,-0.11376179999999986,16,99.25994449583719
0.15,0.2,0.05,0.55,0.05,0.9996683140402667,-0.1561796499999999,23,98.93617021276596
0.15,0.2,0.05,0.6,0.0,0.9995729543268433,-0.19859749999999993,24,98.88991674375578
0.15,0.2,0.1,0.0,0.55,0.9999834157020133,-0.04321954999999994,7,99.67622571692877
0.15,0.2,0.1,0.05,0.5,0.9999834157020133,-0.021603999999999957,7,99.67622571692877
0.15,0.2,0.1,0.1,0.45,0.9999958539255034,-0.003616100000000011,7,99.67622571692877
0.15,0.2,0.1,0.15,0.4,1.0,0.009977049999999987,6,99.72247918593895
0.15,0.2,0.1,0.2,0.35,1.0,0.016350100000000034,7,99.67622571692877
0.15,0.2,0.1,0.25,0.3,1.0,0.018283700000000014,8,99.6299722479186
0.15,0.2,0.1,0.3,0.25,1.0,0.01962374999999994,8,99.6299722479186
0.15,0.2,0.1,0.35,0.2,1.0,0.011205900000000046,8,99.6299722479186
0.15,0.2,0.1,0.4,0.15,0.99997512355302,-0.023863500000000037,9,99.58371877890842
0.15,0.2,0.1,0.45,0.1,0.9999336628080533,-0.07321100000000003,15,99.30619796484737
0.15,0.2,0.1,0.5,0.05,0.99981342664765,-0.1317583999999999,18,99.16743755781684
0.15,0.2,0.1,0.55,0.0,0.9996848983382534,-0.19030579999999997,23,98.93617021276596
0.15,0.2,0.15,0.0,0.5,0.9999958539255034,-0.02267275000000002,2,99.90749306197965
0.15,0.2,0.15,0.05,0.45,0.9999958539255034,-0.004684849999999963,2,99.90749306197965
0.15,0.2,0.15,0.1,0.4,1.0,0.013303050000000038,1,99.95374653098983
0.15,0.2,0.15,0.15,0.35,1.0,0.031290949999999984,1,99.95374653098983
0.15,0.2,0.15,0.2,0.3,1.0,0.04927885000000004,3,99.86123959296947
0.15,0.2,0.15,0.25,0.25,1.0,0.06726675000000004,3,99.86123959296947
0.15,0.2,0.15,0.3,0.2,1.0,0.051823900000000034,6,99.72247918593895
0.15,0.2,0.15,0.35,0.15,0.9999958539255034,-0.006723499999999993,8,99.6299722479186
0.15,0.2,0.15,0.4,0.1,0.9999792696275167,-0.06527090000000002,7,99.67622571692877
0.15,0.2,0.15,0.45,0.05,0.9999295167335567,-0.12381829999999999,13,99.39870490286772
0.15,0.2,0.15,0.5,0.0,0.9998051344986567,-0.18236569999999996,17,99.21369102682701
0.15,0.2,0.2,0.0,0.45,0.9999958539255034,-0.005753600000000025,1,99.95374653098983
0.15,0.2,0.2,0.05,0.4,1.0,0.012234300000000031,1,99.95374653098983
0.15,0.2,0.2,0.1,0.35,1.0,0.030222200000000032,1,99.95374653098983
0.15,0.2,0.2,0.15,0.3,1.0,0.04821009999999998,1,99.95374653098983
0.15,0.2,0.2,0.2,0.25,1.0,0.06619799999999998,1,99.95374653098983
0.15,0.2,0.2,0.25,0.2,1.0,0.0593013,2,99.90749306197965
0.15,0.2,0.2,0.3,0.15,1.0,0.0012166000000000121,3,99.86123959296947
0.15,0.2,0.2,0.35,0.1,0.9999917078510067,-0.057330800000000015,3,99.86123959296947
0.15,0.2,0.2,0.4,0.05,0.9999792696275167,-0.11587819999999993,4,99.81498612395929
0.15,0.2,0.2,0.45,0.0,0.9999087863610734,-0.17442560000000001,11,99.49121184088807
0.15,0.2,0.25,0.0,0.4,1.0,0.011165550000000024,1,99.95374653098983
0.15,0.2,0.25,0.05,0.35,1.0,0.029153450000000025,1,99.95374653098983
0.15,0.2,0.25,0.1,0.3,1.0,0.047141350000000026,1,99.95374653098983
0.15,0.2,0.25,0.15,0.25,1.0,0.06512925000000003,1,99.95374653098983
0.15,0.2,0.25,0.2,0.2,1.0,0.05066920000000008,2,99.90749306197965
0.15,0.2,0.25,0.25,0.15,1.0,0.009156700000000018,4,99.81498612395929
0.15,0.2,0.25,0.3,0.1,0.9999917078510067,-0.049390699999999954,4,99.81498612395929
0.15,0.2,0.25,0.35,0.05,0.9999792696275167,-0.10793809999999993,4,99.81498612395929
0.15,0.2,0.25,0.4,0.0,0.99995024710604,-0.1664855,6,99.72247918593895
0.15,0.2,0.3,0.0,0.35,0.9999958539255034,-0.006142799999999948,2,99.90749306197965
0.15,0.2,0.3,0.05,0.3,1.0,0.014948700000000037,2,99.90749306197965
0.15,0.2,0.3,0.1,0.25,1.0,0.03604020000000002,2,99.90749306197965
0.15,0.2,0.3,0.15,0.2,1.0,0.042037100000000105,3,99.86123959296947
0.15,0.2,0.3,0.2,0.15,1.0,0.017096799999999968,4,99.81498612395929
0.15,0.2,0.3,0.25,0.1,0.99998756177651,-0.04145059999999995,4,99.81498612395929
0.15,0.2,0.3,0.3,0.05,0.9999834157020133,-0.09999799999999986,4,99.81498612395929
0.15,0.2,0.3,0.35,0.0,0.9999709774785234,-0.15854539999999995,5,99.76873265494912
0.15,0.2,0.35,0.0,0.3,0.9999917078510067,-0.04222379999999998,3,99.86123959296947
0.15,0.2,0.35,0.05,0.25,0.9999917078510067,-0.021132299999999993,3,99.86123959296947
0.15,0.2,0.35,0.1,0.2,0.9999917078510067,-0.006319749999999957,4,99.81498612395929
0.15,0.2,0.35,0.15,0.15,0.9999917078510067,-0.006123799999999957,5,99.76873265494912
0.15,0.2,0.35,0.2,0.1,0.9999834157020133,-0.03937364999999998,5,99.76873265494912
0.15,0.2,0.35,0.25,0.05,0.9999792696275167,-0.09205789999999991,5,99.76873265494912
0.15,0.2,0.35,0.3,0.0,0.99996268532953,-0.1506052999999999,6,99.72247918593895
0.15,0.2,0.4,0.0,0.25,0.9999834157020133,-0.09389610000000004,5,99.76873265494912
0.15,0.2,0.4,0.05,0.2,0.9999792696275167,-0.08763290000000001,7,99.67622571692877
0.15,0.2,0.4,0.1,0.15,0.99997512355302,-0.08136969999999993,8,99.6299722479186
0.15,0.2,0.4,0.15,0.1,0.9999668314040266,-0.07510650000000002,8,99.6299722479186
0.15,0.2,0.4,0.2,0.05,0.99996268532953,-0.10539624999999997,8,99.6299722479186
0.15,0.2,0.4,0.25,0.0,0.9999543931805367,-0.14266520000000005,9,99.58371877890842
0.15,0.2,0.45,0.0,0.2,0.9999419549570466,-0.16894605000000001,11,99.49121184088807
0.15,0.2,0.45,0.05,0.15,0.9999419549570466,-0.16268285000000005,12,99.44495837187789
0.15,0.2,0.45,0.1,0.1,0.9999295167335567,-0.15641964999999997,11,99.49121184088807
0.15,0.2,0.45,0.15,0.05,0.99992537065906,-0.15015644999999994,11,99.49121184088807
0.15,0.2,0.45,0.2,0.0,0.9999170785100666,-0.17141885,11,99.49121184088807
0.15,0.2,0.5,0.0,0.15,0.9998548873926166,-0.24399600000000005,20,99.07493061979649
0.15,0.2,0.5,0.05,0.1,0.9998424491691267,-0.23773280000000002,21,99.02867715078631
0.15,0.2,0.5,0.1,0.05,0.9998341570201333,-0.2314696,21,99.02867715078631
0.15,0.2,0.5,0.15,0.0,0.99982586487114,-0.22520640000000003,22,98.98242368177613
0.15,0.2,0.55,0.0,0.1,0.9997678198281866,-0.31904595,28,98.70490286771508
0.15,0.2,0.55,0.05,0.05,0.9997429433812067,-0.31278275000000005,28,98.70490286771508
0.15,0.2,0.55,0.1,0.0,0.9997180669342267,-0.30651955000000003,28,98.70490286771508
0.15,0.2,0.6,0.0,0.05,0.9996434375932867,-0.39409589999999994,34,98.42738205365403
0.15,0.2,0.6,0.05,0.0,0.9996309993697967,-0.3878326999999999,35,98.38112858464385
0.15,0.2,0.65,0.0,0.0,0.9993946731234867,-0.46914585,35,98.38112858464385
0.15,0.25,0.0,0.0,0.6,0.9999668314040266,-0.13275705,8,99.6299722479186
0.15,0.25,0.0,0.05,0.55,0.99996268532953,-0.10116710000000001,8,99.6299722479186
0.15,0.25,0.0,0.1,0.5,0.99996268532953,-0.08395655000000002,9,99.58371877890842
0.15,0.25,0.0,0.15,0.45,0.99996268532953,-0.07751730000000001,10,99.53746530989824
0.15,0.25,0.0,0.2,0.4,0.99996268532953,-0.07107804999999995,9,99.58371877890842
0.15,0.25,0.0,0.25,0.35,0.9999709774785234,-0.06463879999999994,8,99.6299722479186
0.15,0.25,0.0,0.3,0.3,0.9999709774785234,-0.05976424999999991,7,99.67622571692877
0.15,0.25,0.0,0.35,0.25,0.9999709774785234,-0.058424199999999926,7,99.67622571692877
0.15,0.25,0.0,0.4,0.2,0.99995024710604,-0.05927555000000001,8,99.6299722479186
0.15,0.25,0.0,0.45,0.15,0.99990049421208,-0.07580399999999993,16,99.25994449583719
0.15,0.25,0.0,0.5,0.1,0.9997802580516767,-0.11822184999999996,19,99.12118408880666
0.15,0.25,0.0,0.55,0.05,0.9996309993697967,-0.1606397,23,98.93617021276596
0.15,0.25,0.0,0.6,0.0,0.9995480778798633,-0.20305754999999992,26,98.79740980573543
0.15,0.25,0.05,0.0,0.55,0.9999709774785234,-0.07195475000000001,8,99.6299722479186
0.15,0.25,0.05,0.05,0.5,0.9999709774785234,-0.04703339999999995,8,99.6299722479186
0.15,0.25,0.05,0.1,0.45,0.9999709774785234,-0.029045500000000002,7,99.67622571692877
0.15,0.25,0.05,0.15,0.4,0.9999834157020133,-0.018027899999999986,6,99.72247918593895
0.15,0.25,0.05,0.2,0.35,0.99998756177651,-0.011654849999999939,7,99.67622571692877
0.15,0.25,0.05,0.25,0.3,0.99998756177651,-0.0075948999999999045,8,99.6299722479186
0.15,0.25,0.05,0.3,0.25,0.9999958539255034,-0.006254849999999923,7,99.67622571692877
0.15,0.25,0.05,0.35,0.2,0.9999917078510067,-0.0049147999999999414,8,99.6299722479186
0.15,0.25,0.05,0.4,0.15,0.9999668314040266,-0.024722349999999893,9,99.58371877890842
0.15,0.25,0.05,0.45,0.1,0.9999295167335567,-0.07386720000000002,16,99.25994449583719
0.15,0.25,0.05,0.5,0.05,0.9997926962751666,-0.1324146,20,99.07493061979649
0.15,0.25,0.05,0.55,0.0,0.9996351454442933,-0.19096200000000008,24,98.88991674375578
0.15,0.25,0.1,0.0,0.5,0.9999917078510067,-0.048102150000000066,2,99.90749306197965
0.15,0.25,0.1,0.05,0.45,0.9999958539255034,-0.03011425000000001,1,99.95374653098983
0.15,0.25,0.1,0.1,0.4,0.9999958539255034,-0.012126349999999952,1,99.95374653098983
0.15,0.25,0.1,0.15,0.35,1.0,0.005861549999999993,1,99.95374653098983
0.15,0.25,0.1,0.2,0.3,1.0,0.02384945000000005,2,99.90749306197965
0.15,0.25,0.1,0.25,0.25,1.0,0.041837350000000106,3,99.86123959296947
0.15,0.25,0.1,0.3,0.2,1.0,0.04040499999999991,6,99.72247918593895
0.15,0.25,0.1,0.35,0.15,0.9999958539255034,-0.0073797000000000446,6,99.72247918593895
0.15,0.25,0.1,0.4,0.1,0.9999792696275167,-0.06592710000000007,8,99.6299722479186
0.15,0.25,0.1,0.45,0.05,0.99992537065906,-0.12447449999999999,15,99.30619796484737
0.15,0.25,0.1,0.5,0.0,0.99980098842416,-0.18302190000000007,18,99.16743755781684
0.15,0.25,0.15,0.0,0.45,0.9999958539255034,-0.031183000000000072,1,99.95374653098983
0.15,0.25,0.15,0.05,0.4,0.9999958539255034,-0.013195100000000015,1,99.95374653098983
0.15,0.25,0.15,0.1,0.35,1.0,0.004792799999999986,1,99.95374653098983
0.15,0.25,0.15,0.15,0.3,1.0,0.022780699999999987,1,99.95374653098983
0.15,0.25,0.15,0.2,0.25,1.0,0.040768600000000044,1,99.95374653098983
0.15,0.25,0.15,0.25,0.2,1.0,0.05590844999999994,2,99.90749306197965
0.15,0.25,0.15,0.3,0.15,1.0,0.0005604000000000164,2,99.90749306197965
0.15,0.25,0.15,0.35,0.1,0.9999958539255034,-0.05798700000000001,3,99.86123959296947
0.15,0.25,0.15,0.4,0.05,0.9999709774785234,-0.11653439999999993,6,99.72247918593895
0.15,0.25,0.15,0.45,0.0,0.9998922020630867,-0.1750818,12,99.44495837187789
0.15,0.25,0.2,0.0,0.4,0.9999958539255034,-0.014263849999999967,1,99.95374653098983
0.15,0.25,0.2,0.05,0.35,1.0,0.0037240500000000343,1,99.95374653098983
0.15,0.25,0.2,0.1,0.3,1.0,0.021711950000000035,1,99.95374653098983
0.15,0.25,0.2,0.15,0.25,1.0,0.03969984999999998,1,99.95374653098983
0.15,0.25,0.2,0.2,0.2,1.0,0.05332375,2,99.90749306197965
0.15,0.25,0.2,0.25,0.15,1.0,0.008500499999999966,3,99.86123959296947
0.15,0.25,0.2,0.3,0.1,0.9999958539255034,-0.050046900000000005,4,99.81498612395929
0.15,0.25,0.2,0.35,0.05,0.9999792696275167,-0.10859429999999998,5,99.76873265494912
0.15,0.25,0.2,0.4,0.0,0.9999461010315434,-0.16714170000000006,5,99.76873265494912
0.15,0.25,0.25,0.0,0.35,1.0,0.002655300000000027,2,99.90749306197965
0.15,0.25,0.25,0.05,0.3,1.0,0.020643200000000028,2,99.90749306197965
0.15,0.25,0.25,0.1,0.25,1.0,0.03863110000000003,2,99.90749306197965
0.15,0.25,0.25,0.15,0.2,1.0,0.04469165000000003,3,99.86123959296947
0.15,0.25,0.25,0.2,0.15,1.0,0.016440599999999916,3,99.86123959296947
0.15,0.25,0.25,0.25,0.1,0.9999917078510067,-0.042106800000000055,4,99.81498612395929
0.15,0.25,0.25,0.3,0.05,0.9999834157020133,-0.10065419999999997,4,99.81498612395929
0.15,0.25,0.25,0.35,0.0,0.9999709774785234,-0.15920160000000005,6,99.72247918593895
0.15,0.25,0.3,0.0,0.3,1.0,0.005786600000000031,2,99.90749306197965
0.15,0.25,0.3,0.05,0.25,1.0,0.026878100000000016,2,99.90749306197965
0.15,0.25,0.3,0.1,0.2,1.0,0.023067900000000086,3,99.86123959296947
0.15,0.25,0.3,0.15,0.15,0.9999958539255034,-0.01018194999999994,3,99.86123959296947
0.15,0.25,0.3,0.2,0.1,0.99998756177651,-0.04343180000000002,4,99.81498612395929
0.15,0.25,0.3,0.25,0.05,0.9999834157020133,-0.09271409999999997,4,99.81498612395929
0.15,0.25,0.3,0.3,0.0,0.99997512355302,-0.1512615,6,99.72247918593895
0.15,0.25,0.35,0.0,0.25,0.9999917078510067,-0.052598400000000045,6,99.72247918593895
0.15,0.25,0.35,0.05,0.2,0.99998756177651,-0.04633520000000002,7,99.67622571692877
0.15,0.25,0.35,0.1,0.15,0.9999917078510067,-0.04295469999999996,8,99.6299722479186
0.15,0.25,0.35,0.15,0.1,0.9999834157020133,-0.07620454999999998,8,99.6299722479186
0.15,0.25,0.35,0.2,0.05,0.9999668314040266,-0.10945439999999995,8,99.6299722479186
0.15,0.25,0.35,0.25,0.0,0.9999585392550333,-0.14332139999999993,9,99.58371877890842
0.15,0.25,0.4,0.0,0.2,0.9999668314040266,-0.12764834999999997,12,99.44495837187789
0.15,0.25,0.4,0.05,0.15,0.99996268532953,-0.12138515,13,99.39870490286772
0.15,0.25,0.4,0.1,0.1,0.9999543931805367,-0.11512194999999997,13,99.39870490286772
0.15,0.25,0.4,0.15,0.05,0.9999419549570466,-0.14222714999999997,13,99.39870490286772
0.15,0.25,0.4,0.2,0.0,0.9999295167335567,-0.175477,13,99.39870490286772
0.15,0.25,0.45,0.0,0.15,0.99990049421208,-0.2026983,16,99.25994449583719
0.15,0.25,0.45,0.05,0.1,0.99990049421208,-0.19643510000000003,17,99.21369102682701
0.15,0.25,0.45,0.1,0.05,0.9998797638395966,-0.19017189999999995,18,99.16743755781684
0.15,0.25,0.45,0.15,0.0,0.9998714716906033,-0.20824975,19,99.12118408880666
0.15,0.25,0.5,0.0,0.1,0.9997968423496634,-0.27774825000000003,27,98.75115633672526
0.15,0.25,0.5,0.05,0.05,0.9997926962751666,-0.27148505,27,98.75115633672526
0.15,0.25,0.5,0.1,0.0,0.9997595276791933,-0.26522185,27,98.75115633672526
0.15,0.25,0.55,0.0,0.05,0.9996848983382534,-0.35279820000000006,32,98.51988899167438
0.15,0.25,0.55,0.05,0.0,0.9996724601147633,-0.34653500000000004,32,98.51988899167438
0.15,0.25,0.6,0.0,0.0,0.9994941789114067,-0.4278481499999999,37,98.2886216466235
0.15,0.3,0.0,0.0,0.55,0.9999709774785234,-0.10068994999999997,6,99.72247918593895
0.15,0.3,0.0,0.05,0.5,0.9999709774785234,-0.07246279999999994,7,99.67622571692877
0.15,0.3,0.0,0.1,0.45,0.9999668314040266,-0.05447489999999994,8,99.6299722479186
0.15,0.3,0.0,0.15,0.4,0.9999668314040266,-0.04696710000000004,7,99.67622571692877
0.15,0.3,0.0,0.2,0.35,0.9999709774785234,-0.04052785000000003,8,99.6299722479186
0.15,0.3,0.0,0.25,0.3,0.9999668314040266,-0.03408859999999997,8,99.6299722479186
0.15,0.3,0.0,0.3,0.25,0.99997512355302,-0.03213345000000001,8,99.6299722479186
0.15,0.3,0.0,0.35,0.2,0.9999709774785234,-0.03317454999999997,10,99.53746530989824
0.15,0.3,0.0,0.4,0.15,0.9999461010315434,-0.03918294999999994,11,99.49121184088807
0.15,0.3,0.0,0.45,0.1,0.9999087863610734,-0.07452340000000002,16,99.25994449583719
0.15,0.3,0.0,0.5,0.05,0.9997802580516767,-0.13307079999999993,20,99.07493061979649
0.15,0.3,0.0,0.55,0.0,0.9996227072208034,-0.19161820000000002,23,98.93617021276596
0.15,0.3,0.05,0.0,0.5,0.9999834157020133,-0.07353155,3,99.86123959296947
0.15,0.3,0.05,0.05,0.45,0.99998756177651,-0.055543649999999944,2,99.90749306197965
0.15,0.3,0.05,0.1,0.4,0.9999958539255034,-0.03755574999999989,2,99.90749306197965
0.15,0.3,0.05,0.15,0.35,0.9999958539255034,-0.019567849999999998,1,99.95374653098983
0.15,0.3,0.05,0.2,0.3,0.9999958539255034,-0.0015799499999999411,1,99.95374653098983
0.15,0.3,0.05,0.25,0.25,1.0,0.01640795000000006,2,99.90749306197965
0.15,0.3,0.05,0.3,0.2,1.0,0.011664850000000004,5,99.76873265494912
0.15,0.3,0.05,0.35,0.15,0.9999917078510067,-0.010473100000000013,8,99.6299722479186
0.15,0.3,0.05,0.4,0.1,0.9999709774785234,-0.06658330000000007,9,99.58371877890842
0.15,0.3,0.05,0.45,0.05,0.9999046402865767,-0.12513070000000004,16,99.25994449583719
0.15,0.3,0.05,0.5,0.0,0.9997968423496634,-0.18367809999999996,18,99.16743755781684
0.15,0.3,0.1,0.0,0.45,0.9999958539255034,-0.05661239999999995,1,99.95374653098983
0.15,0.3,0.1,0.05,0.4,0.9999958539255034,-0.038624499999999895,1,99.95374653098983
0.15,0.3,0.1,0.1,0.35,0.9999958539255034,-0.020636599999999894,1,99.95374653098983
0.15,0.3,0.1,0.15,0.3,0.9999958539255034,-0.0026486999999999483,1,99.95374653098983
0.15,0.3,0.1,0.2,0.25,1.0,0.015339199999999997,1,99.95374653098983
0.15,0.3,0.1,0.25,0.2,1.0,0.027168300000000034,2,99.90749306197965
0.15,0.3,0.1,0.3,0.15,0.9999958539255034,-9.580000000003475e-05,2,99.90749306197965
0.15,0.3,0.1,0.35,0.1,0.99998756177651,-0.05864320000000006,3,99.86123959296947
0.15,0.3,0.1,0.4,0.05,0.99996268532953,-0.11719059999999998,7,99.67622571692877
0.15,0.3,0.1,0.45,0.0,0.99988805598859,-0.17573800000000006,15,99.30619796484737
0.15,0.3,0.15,0.0,0.4,0.9999958539255034,-0.03969324999999996,1,99.95374653098983
0.15,0.3,0.15,0.05,0.35,0.9999958539255034,-0.021705349999999957,1,99.95374653098983
0.15,0.3,0.15,0.1,0.3,0.9999958539255034,-0.0037174499999999555,1,99.95374653098983
0.15,0.3,0.15,0.15,0.25,1.0,0.014270450000000046,1,99.95374653098983
0.15,0.3,0.15,0.2,0.2,1.0,0.03225834999999999,3,99.86123959296947
0.15,0.3,0.15,0.25,0.15,1.0,0.00784429999999997,3,99.86123959296947
0.15,0.3,0.15,0.3,0.1,0.9999917078510067,-0.050703099999999945,5,99.76873265494912
0.15,0.3,0.15,0.35,0.05,0.9999792696275167,-0.10925049999999992,5,99.76873265494912
0.15,0.3,0.15,0.4,0.0,0.99993780888255,-0.1677979,7,99.67622571692877
0.15,0.3,0.2,0.0,0.35,0.9999958539255034,-0.022774099999999964,2,99.90749306197965
0.15,0.3,0.2,0.05,0.3,0.9999958539255034,-0.004786199999999963,2,99.90749306197965
0.15,0.3,0.2,0.1,0.25,1.0,0.013201699999999983,2,99.90749306197965
0.15,0.3,0.2,0.15,0.2,1.0,0.031189599999999984,3,99.86123959296947
0.15,0.3,0.2,0.2,0.15,1.0,0.01578439999999992,3,99.86123959296947
0.15,0.3,0.2,0.25,0.1,0.9999917078510067,-0.04276300000000005,4,99.81498612395929
0.15,0.3,0.2,0.3,0.05,0.99997512355302,-0.10131039999999997,5,99.76873265494912
0.15,0.3,0.2,0.35,0.0,0.99996268532953,-0.1598578,6,99.72247918593895
0.15,0.3,0.25,0.0,0.3,0.9999958539255034,-0.00585494999999997,2,99.90749306197965
0.15,0.3,0.25,0.05,0.25,1.0,0.0072569000000000106,2,99.90749306197965
0.15,0.3,0.25,0.1,0.2,1.0,0.01041650000000005,3,99.86123959296947
0.15,0.3,0.25,0.15,0.15,0.9999958539255034,-0.014240099999999978,3,99.86123959296947
0.15,0.3,0.25,0.2,0.1,0.9999917078510067,-0.04748995,4,99.81498612395929
0.15,0.3,0.25,0.25,0.05,0.9999834157020133,-0.0933702999999999,5,99.76873265494912
0.15,0.3,0.25,0.3,0.0,0.99997512355302,-0.15191769999999993,6,99.72247918593895
0.15,0.3,0.3,0.0,0.25,0.9999917078510067,-0.017952499999999982,7,99.67622571692877
0.15,0.3,0.3,0.05,0.2,0.99998756177651,-0.014792899999999942,8,99.6299722479186
0.15,0.3,0.3,0.1,0.15,0.9999917078510067,-0.047012849999999995,8,99.6299722479186
0.15,0.3,0.3,0.15,0.1,0.9999834157020133,-0.08026270000000002,9,99.58371877890842
0.15,0.3,0.3,0.2,0.05,0.99997512355302,-0.11351254999999993,9,99.58371877890842
0.15,0.3,0.3,0.25,0.0,0.99995024710604,-0.14676239999999996,11,99.49121184088807
0.15,0.3,0.35,0.0,0.2,0.9999834157020133,-0.08635064999999997,11,99.49121184088807
0.15,0.3,0.35,0.05,0.15,0.99998756177651,-0.08008745,11,99.49121184088807
0.15,0.3,0.35,0.1,0.1,0.9999709774785234,-0.11303544999999998,12,99.44495837187789
0.15,0.3,0.35,0.15,0.05,0.99995024710604,-0.14628529999999995,12,99.44495837187789
0.15,0.3,0.35,0.2,0.0,0.9999336628080533,-0.17953514999999998,12,99.44495837187789
0.15,0.3,0.4,0.0,0.15,0.9999336628080533,-0.1614006,17,99.21369102682701
0.15,0.3,0.4,0.05,0.1,0.9999212245845633,-0.15513740000000004,18,99.16743755781684
0.15,0.3,0.4,0.1,0.05,0.99991293243557,-0.17905804999999997,19,99.12118408880666
0.15,0.3,0.4,0.15,0.0,0.9998922020630867,-0.2123079,19,99.12118408880666
0.15,0.3,0.45,0.0,0.1,0.9998341570201333,-0.23645054999999998,23,98.93617021276596
0.15,0.3,0.45,0.05,0.05,0.9998217187966434,-0.23018735,23,98.93617021276596
0.15,0.3,0.45,0.1,0.0,0.99981342664765,-0.24508065,23,98.93617021276596
0.15,0.3,0.5,0.0,0.05,0.99971392085973,-0.3115005,32,98.51988899167438
0.15,0.3,0.5,0.05,0.0,0.9996848983382534,-0.30523730000000004,32,98.51988899167438
0.15,0.3,0.55,0.0,0.0,0.99952734750738,-0.38655045,35,98.38112858464385
0.15,0.35,0.0,0.0,0.5,0.9999585392550333,-0.09896094999999999,3,99.86123959296947
0.15,0.35,0.0,0.05,0.45,0.9999585392550333,-0.08097304999999999,2,99.90749306197965
0.15,0.35,0.0,0.1,0.4,0.9999668314040266,-0.06298514999999993,2,99.90749306197965
0.15,0.35,0.0,0.15,0.35,0.99997512355302,-0.044997250000000044,3,99.86123959296947
0.15,0.35,0.0,0.2,0.3,0.99997512355302,-0.031058900000000056,3,99.86123959296947
0.15,0.35,0.0,0.25,0.25,0.99997512355302,-0.03321784999999999,4,99.81498612395929
0.15,0.35,0.0,0.3,0.2,0.9999792696275167,-0.03537680000000004,7,99.67622571692877
0.15,0.35,0.0,0.35,0.15,0.99996268532953,-0.03921325000000003,9,99.58371877890842
0.15,0.35,0.0,0.4,0.1,0.9999461010315434,-0.06723950000000001,9,99.58371877890842
0.15,0.35,0.0,0.45,0.05,0.9998756177651,-0.12578689999999998,18,99.16743755781684
0.15,0.35,0.0,0.5,0.0,0.9997595276791933,-0.18433429999999995,18,99.16743755781684
0.15,0.35,0.05,0.0,0.45,0.99998756177651,-0.0820418,2,99.90749306197965
0.15,0.35,0.05,0.05,0.4,0.9999917078510067,-0.06405389999999994,2,99.90749306197965
0.15,0.35,0.05,0.1,0.35,0.9999917078510067,-0.04606599999999994,2,99.90749306197965
0.15,0.35,0.05,0.15,0.3,0.9999917078510067,-0.028078099999999995,2,99.90749306197965
0.15,0.35,0.05,0.2,0.25,0.9999917078510067,-0.010090200000000049,2,99.90749306197965
0.15,0.35,0.05,0.25,0.2,0.9999917078510067,-0.004931999999999992,3,99.86123959296947
0.15,0.35,0.05,0.3,0.15,0.9999834157020133,-0.02370980000000006,4,99.81498612395929
0.15,0.35,0.05,0.35,0.1,0.99997512355302,-0.05929940000000006,4,99.81498612395929
0.15,0.35,0.05,0.4,0.05,0.9999543931805367,-0.11784679999999997,7,99.67622571692877
0.15,0.35,0.05,0.45,0.0,0.9998756177651,-0.17639420000000006,16,99.25994449583719
0.15,0.35,0.1,0.0,0.4,0.9999958539255034,-0.06512264999999995,2,99.90749306197965
0.15,0.35,0.1,0.05,0.35,0.9999958539255034,-0.04713474999999995,1,99.95374653098983
0.15,0.35,0.1,0.1,0.3,0.9999958539255034,-0.029146849999999946,1,99.95374653098983
0.15,0.35,0.1,0.15,0.25,0.9999958539255034,-0.01115895,1,99.95374653098983
0.15,0.35,0.1,0.2,0.2,1.0,0.00682895,4,99.81498612395929
0.15,0.35,0.1,0.25,0.15,0.9999958539255034,-0.008206350000000084,5,99.76873265494912
0.15,0.35,0.1,0.3,0.1,0.99998756177651,-0.0513593,5,99.76873265494912
0.15,0.35,0.1,0.35,0.05,0.9999668314040266,-0.10990669999999997,6,99.72247918593895
0.15,0.35,0.1,0.4,0.0,0.99992537065906,-0.1684541,7,99.67622571692877
0.15,0.35,0.15,0.0,0.35,0.9999917078510067,-0.04820350000000001,2,99.90749306197965
0.15,0.35,0.15,0.05,0.3,0.9999917078510067,-0.03021560000000001,2,99.90749306197965
0.15,0.35,0.15,0.1,0.25,0.9999958539255034,-0.012227700000000064,2,99.90749306197965
0.15,0.35,0.15,0.15,0.2,1.0,0.0034837999999999814,3,99.86123959296947
0.15,0.35,0.15,0.2,0.15,1.0,0.0066434000000000215,4,99.81498612395929
0.15,0.35,0.15,0.25,0.1,0.99998756177651,-0.04341919999999999,5,99.76873265494912
0.15,0.35,0.15,0.3,0.05,0.9999709774785234,-0.10196659999999991,6,99.72247918593895
0.15,0.35,0.15,0.35,0.0,0.9999585392550333,-0.16051399999999993,8,99.6299722479186
0.15,0.35,0.2,0.0,0.3,0.9999917078510067,-0.03128434999999996,2,99.90749306197965
0.15,0.35,0.2,0.05,0.25,0.9999917078510067,-0.024885199999999996,2,99.90749306197965
0.15,0.35,0.2,0.1,0.2,0.9999958539255034,-0.021725599999999956,3,99.86123959296947
0.15,0.35,0.2,0.15,0.15,0.9999917078510067,-0.018566000000000027,3,99.86123959296947
0.15,0.35,0.2,0.2,0.1,0.99998756177651,-0.051548099999999986,4,99.81498612395929
0.15,0.35,0.2,0.25,0.05,0.9999709774785234,-0.09402649999999996,6,99.72247918593895
0.15,0.35,0.2,0.3,0.0,0.9999543931805367,-0.15257390000000004,7,99.67622571692877
0.15,0.35,0.25,0.0,0.25,0.9999917078510067,-0.05009459999999999,8,99.6299722479186
0.15,0.35,0.25,0.05,0.2,0.9999917078510067,-0.04693499999999995,9,99.58371877890842
0.15,0.35,0.25,0.1,0.15,0.9999917078510067,-0.05107099999999998,9,99.58371877890842
0.15,0.35,0.25,0.15,0.1,0.9999834157020133,-0.08432085,9,99.58371877890842
0.15,0.35,0.25,0.2,0.05,0.99996268532953,-0.11757069999999992,11,99.49121184088807
0.15,0.35,0.25,0.25,0.0,0.99993780888255,-0.15082054999999994,13,99.39870490286772
0.15,0.35,0.3,0.0,0.2,0.99998756177651,-0.07214439999999994,15,99.30619796484737
0.15,0.35,0.3,0.05,0.15,0.99998756177651,-0.08384374999999994,15,99.30619796484737
0.15,0.35,0.3,0.1,0.1,0.99996268532953,-0.11709359999999996,15,99.30619796484737
0.15,0.35,0.3,0.15,0.05,0.9999419549570466,-0.15034344999999993,16,99.25994449583719
0.15,0.35,0.3,0.2,0.0,0.99991293243557,-0.1835932999999999,18,99.16743755781684
0.15,0.35,0.35,0.0,0.15,0.9999419549570466,-0.12010289999999996,17,99.21369102682701
0.15,0.35,0.35,0.05,0.1,0.99993780888255,-0.14986634999999998,18,99.16743755781684
0.15,0.35,0.35,0.1,0.05,0.99992537065906,-0.18311619999999995,20,99.07493061979649
0.15,0.35,0.35,0.15,0.0,0.99990049421208,-0.21636604999999998,21,99.02867715078631
0.15,0.35,0.4,0.0,0.1,0.9998548873926166,-0.19515285000000002,25,98.84366327474561
0.15,0.35,0.4,0.05,0.05,0.9998590334671134,-0.21588894999999994,25,98.84366327474561
0.15,0.35,0.4,0.1,0.0,0.9998217187966434,-0.24913879999999997,25,98.84366327474561
0.15,0.35,0.45,0.0,0.05,0.9997346512322134,-0.27020279999999997,26,98.79740980573543
0.15,0.35,0.45,0.05,0.0,0.9997222130087233,-0.28191154999999996,27,98.75115633672526
0.15,0.35,0.5,0.0,0.0,0.99955222395436,-0.34525275,34,98.42738205365403
0.15,0.4,0.0,0.0,0.45,0.9999668314040266,-0.10747120000000004,5,99.76873265494912
0.15,0.4,0.0,0.05,0.4,0.99997512355302,-0.08948329999999999,4,99.81498612395929
0.15,0.4,0.0,0.1,0.35,0.9999792696275167,-0.07685774999999995,4,99.81498612395929
0.15,0.4,0.0,0.15,0.3,0.99997512355302,-0.07229250000000009,4,99.81498612395929
0.15,0.4,0.0,0.2,0.25,0.9999792696275167,-0.07445145000000003,4,99.81498612395929
0.15,0.4,0.0,0.25,0.2,0.99997512355302,-0.07661040000000002,6,99.72247918593895
0.15,0.4,0.0,0.3,0.15,0.9999668314040266,-0.07876935000000007,6,99.72247918593895
0.15,0.4,0.0,0.35,0.1,0.9999585392550333,-0.08226355000000002,5,99.76873265494912
0.15,0.4,0.0,0.4,0.05,0.9999419549570466,-0.12459869999999995,8,99.6299722479186
0.15,0.4,0.0,0.45,0.0,0.9998465952436233,-0.18156614999999993,16,99.25994449583719
0.15,0.4,0.05,0.0,0.4,0.99997512355302,-0.09055205,4,99.81498612395929
0.15,0.4,0.05,0.05,0.35,0.9999792696275167,-0.07256415,4,99.81498612395929
0.15,0.4,0.05,0.1,0.3,0.9999834157020133,-0.05457624999999999,4,99.81498612395929
0.15,0.4,0.05,0.15,0.25,0.9999834157020133,-0.045950600000000064,4,99.81498612395929
0.15,0.4,0.05,0.2,0.2,0.99997512355302,-0.04616560000000003,6,99.72247918593895
0.15,0.4,0.05,0.25,0.15,0.9999709774785234,-0.04832455000000002,6,99.72247918593895
0.15,0.4,0.05,0.3,0.1,0.9999668314040266,-0.05908445000000001,7,99.67622571692877
0.15,0.4,0.05,0.35,0.05,0.9999543931805367,-0.11056289999999996,7,99.67622571692877
0.15,0.4,0.05,0.4,0.0,0.9999170785100666,-0.16911030000000005,9,99.58371877890842
0.15,0.4,0.1,0.0,0.35,0.9999834157020133,-0.0736329,4,99.81498612395929
0.15,0.4,0.1,0.05,0.3,0.9999834157020133,-0.055645,5,99.76873265494912
0.15,0.4,0.1,0.1,0.25,0.9999834157020133,-0.0376571,4,99.81498612395929
0.15,0.4,0.1,0.15,0.2,0.9999834157020133,-0.02865829999999997,5,99.76873265494912
0.15,0.4,0.1,0.2,0.15,0.9999792696275167,-0.025498699999999985,6,99.72247918593895
0.15,0.4,0.1,0.25,0.1,0.9999585392550333,-0.04407540000000004,6,99.72247918593895
0.15,0.4,0.1,0.3,0.05,0.9999543931805367,-0.1026227999999999,7,99.67622571692877
0.15,0.4,0.1,0.35,0.0,0.99993780888255,-0.16117019999999999,8,99.6299722479186
0.15,0.4,0.15,0.0,0.3,0.99998756177651,-0.06018689999999999,4,99.81498612395929
0.15,0.4,0.15,0.05,0.25,0.99998756177651,-0.0570273,5,99.76873265494912
0.15,0.4,0.15,0.1,0.2,0.99998756177651,-0.05386769999999996,6,99.72247918593895
0.15,0.4,0.15,0.15,0.15,0.9999792696275167,-0.050708100000000034,7,99.67622571692877
0.15,0.4,0.15,0.2,0.1,0.9999792696275167,-0.055606250000000024,7,99.67622571692877
0.15,0.4,0.15,0.25,0.05,0.99996268532953,-0.0946826999999999,7,99.67622571692877
0.15,0.4,0.15,0.3,0.0,0.9999336628080533,-0.15323009999999992,10,99.53746530989824
0.15,0.4,0.2,0.0,0.25,0.9999834157020133,-0.08223670000000005,11,99.49121184088807
0.15,0.4,0.2,0.05,0.2,0.99998756177651,-0.07907710000000001,12,99.44495837187789
0.15,0.4,0.2,0.1,0.15,0.99998756177651,-0.07591749999999997,13,99.39870490286772
0.15,0.4,0.2,0.15,0.1,0.9999792696275167,-0.08837899999999999,15,99.30619796484737
0.15,0.4,0.2,0.2,0.05,0.9999543931805367,-0.12162884999999996,16,99.25994449583719
0.15,0.4,0.2,0.25,0.0,0.9999170785100666,-0.15487870000000004,17,99.21369102682701
0.15,0.4,0.25,0.0,0.2,0.9999709774785234,-0.1042865,16,99.25994449583719
0.15,0.4,0.25,0.05,0.15,0.9999792696275167,-0.10112690000000002,16,99.25994449583719
0.15,0.4,0.25,0.1,0.1,0.9999668314040266,-0.12115175,17,99.21369102682701
0.15,0.4,0.25,0.15,0.05,0.9999295167335567,-0.15440159999999992,19,99.12118408880666
0.15,0.4,0.25,0.2,0.0,0.9999046402865767,-0.18765145,21,99.02867715078631
0.15,0.4,0.3,0.0,0.15,0.99993780888255,-0.1263363,19,99.12118408880666
0.15,0.4,0.3,0.05,0.1,0.99992537065906,-0.15392449999999996,19,99.12118408880666
0.15,0.4,0.3,0.1,0.05,0.99991293243557,-0.18717434999999993,22,98.98242368177613
0.15,0.4,0.3,0.15,0.0,0.9998839099140934,-0.22042419999999996,23,98.93617021276596
0.15,0.4,0.35,0.0,0.1,0.9998424491691267,-0.18669724999999998,24,98.88991674375578
0.15,0.4,0.35,0.05,0.05,0.9998341570201333,-0.21994709999999995,25,98.84366327474561
0.15,0.4,0.35,0.1,0.0,0.9998051344986567,-0.25319695,26,98.79740980573543
0.15,0.4,0.4,0.0,0.05,0.9997553816046967,-0.25271984999999997,28,98.70490286771508
0.15,0.4,0.4,0.05,0.0,0.9997222130087233,-0.2859697,29,98.6586493987049
0.15,0.4,0.45,0.0,0.0,0.9995853925503333,-0.31874245,30,98.61239592969473
0.15,0.45,0.0,0.0,0.4,0.9999336628080533,-0.1453349,6,99.72247918593895
0.15,0.45,0.0,0.05,0.35,0.9999461010315434,-0.136799,6,99.72247918593895
0.15,0.45,0.0,0.1,0.3,0.9999543931805367,-0.12826309999999996,6,99.72247918593895
0.15,0.45,0.0,0.15,0.25,0.9999543931805367,-0.11972720000000009,8,99.6299722479186
0.15,0.45,0.0,0.2,0.2,0.9999543931805367,-0.11784400000000006,8,99.6299722479186
0.15,0.45,0.0,0.25,0.15,0.99995024710604,-0.12000295000000005,9,99.58371877890842
0.15,0.45,0.0,0.3,0.1,0.9999461010315434,-0.12216190000000005,7,99.67622571692877
0.15,0.45,0.0,0.35,0.05,0.9999419549570466,-0.1319276499999999,9,99.58371877890842
0.15,0.45,0.0,0.4,0.0,0.9998963481375833,-0.18889509999999993,10,99.53746530989824
0.15,0.45,0.05,0.0,0.35,0.9999419549570466,-0.12296364999999998,7,99.67622571692877
0.15,0.45,0.05,0.05,0.3,0.9999585392550333,-0.11442775,7,99.67622571692877
0.15,0.45,0.05,0.1,0.25,0.9999585392550333,-0.10589184999999995,7,99.67622571692877
0.15,0.45,0.05,0.15,0.2,0.99996268532953,-0.09735595000000002,8,99.6299722479186
0.15,0.45,0.05,0.2,0.15,0.9999585392550333,-0.08955815000000006,8,99.6299722479186
0.15,0.45,0.05,0.25,0.1,0.99995024710604,-0.09171710000000005,7,99.67622571692877
0.15,0.45,0.05,0.3,0.05,0.99995024710604,-0.1071052999999999,7,99.67622571692877
0.15,0.45,0.05,0.35,0.0,0.99991293243557,-0.16407274999999993,9,99.58371877890842
0.15,0.45,0.1,0.0,0.3,0.9999461010315434,-0.10059239999999997,9,99.58371877890842
0.15,0.45,0.1,0.05,0.25,0.99995024710604,-0.09205649999999999,9,99.58371877890842
0.15,0.45,0.1,0.1,0.2,0.99996268532953,-0.08600979999999991,10,99.53746530989824
0.15,0.45,0.1,0.15,0.15,0.9999543931805367,-0.08285020000000004,9,99.58371877890842
0.15,0.45,0.1,0.2,0.1,0.99995024710604,-0.0796906,8,99.6299722479186
0.15,0.45,0.1,0.25,0.05,0.9999419549570466,-0.09533889999999995,9,99.58371877890842
0.15,0.45,0.1,0.3,0.0,0.9998922020630867,-0.15388630000000003,13,99.39870490286772
0.15,0.45,0.15,0.0,0.25,0.99993780888255,-0.11437880000000006,16,99.25994449583719
0.15,0.45,0.15,0.05,0.2,0.9999461010315434,-0.11121920000000002,16,99.25994449583719
0.15,0.45,0.15,0.1,0.15,0.99995024710604,-0.10805960000000003,18,99.16743755781684
0.15,0.45,0.15,0.15,0.1,0.99993780888255,-0.1049000000000001,18,99.16743755781684
0.15,0.45,0.15,0.2,0.05,0.9999170785100666,-0.12568699999999994,17,99.21369102682701
0.15,0.45,0.15,0.25,0.0,0.9998797638395966,-0.15893685000000002,20,99.07493061979649
0.15,0.45,0.2,0.0,0.2,0.9999336628080533,-0.1364286,20,99.07493061979649
0.15,0.45,0.2,0.05,0.15,0.99992537065906,-0.13326900000000003,20,99.07493061979649
0.15,0.45,0.2,0.1,0.1,0.99990049421208,-0.1301094,21,99.02867715078631
0.15,0.45,0.2,0.15,0.05,0.9998797638395966,-0.15845974999999995,20,99.07493061979649
0.15,0.45,0.2,0.2,0.0,0.9998673256161067,-0.19170959999999992,22,98.98242368177613
0.15,0.45,0.25,0.0,0.15,0.9999046402865767,-0.15847840000000002,20,99.07493061979649
0.15,0.45,0.25,0.05,0.1,0.9998673256161067,-0.15798265,22,98.98242368177613
0.15,0.45,0.25,0.1,0.05,0.9998590334671134,-0.19123249999999997,22,98.98242368177613
0.15,0.45,0.25,0.15,0.0,0.9998465952436233,-0.22448235,22,98.98242368177613
0.15,0.45,0.3,0.0,0.1,0.9998217187966434,-0.1907554,28,98.70490286771508
0.15,0.45,0.3,0.05,0.05,0.9998175727221467,-0.22400524999999996,29,98.6586493987049
0.15,0.45,0.3,0.1,0.0,0.9997719659026834,-0.25725509999999996,29,98.6586493987049
0.15,0.45,0.35,0.0,0.05,0.99971392085973,-0.25677799999999995,33,98.47363552266421
0.15,0.45,0.35,0.05,0.0,0.9996931904872467,-0.29002785,33,98.47363552266421
0.15,0.45,0.4,0.0,0.0,0.99953978573087,-0.3228006,36,98.33487511563366
0.15,0.5,0.0,0.0,0.35,0.9997968423496634,-0.19674025000000006,11,99.49121184088807
0.15,0.5,0.0,0.05,0.3,0.99980098842416,-0.18820435000000002,11,99.49121184088807
0.15,0.5,0.0,0.1,0.25,0.99981342664765,-0.17966844999999998,12,99.44495837187789
0.15,0.5,0.0,0.15,0.2,0.99983830309463,-0.17113255,14,99.35245143385754
0.15,0.5,0.0,0.2,0.15,0.9998590334671134,-0.16259664999999995,14,99.35245143385754
0.15,0.5,0.0,0.25,0.1,0.99986317954161,-0.16339549999999997,14,99.35245143385754
0.15,0.5,0.0,0.3,0.05,0.9998756177651,-0.16555444999999996,14,99.35245143385754
0.15,0.5,0.0,0.35,0.0,0.9998051344986567,-0.19622405000000004,14,99.35245143385754
0.15,0.5,0.05,0.0,0.3,0.9998300109456366,-0.174369,16,99.25994449583719
0.15,0.5,0.05,0.05,0.25,0.99983830309463,-0.16583309999999996,17,99.21369102682701
0.15,0.5,0.05,0.1,0.2,0.99985074131812,-0.15729719999999997,19,99.12118408880666
0.15,0.5,0.05,0.15,0.15,0.9998714716906033,-0.14876129999999999,19,99.12118408880666
0.15,0.5,0.05,0.2,0.1,0.9998714716906033,-0.14022539999999994,21,99.02867715078631
0.15,0.5,0.05,0.25,0.05,0.9998465952436233,-0.13510964999999991,21,99.02867715078631
0.15,0.5,0.05,0.3,0.0,0.9998092805731533,-0.1714017,22,98.98242368177613
0.15,0.5,0.1,0.0,0.25,0.9998548873926166,-0.15199775,21,99.02867715078631
0.15,0.5,0.1,0.05,0.2,0.9998756177651,-0.14346184999999995,24,98.88991674375578
0.15,0.5,0.1,0.1,0.15,0.9998839099140934,-0.14020169999999993,25,98.84366327474561
0.15,0.5,0.1,0.15,0.1,0.99986317954161,-0.1370421,24,98.88991674375578
0.15,0.5,0.1,0.2,0.05,0.9998341570201333,-0.13388249999999996,24,98.88991674375578
0.15,0.5,0.1,0.25,0.0,0.9997968423496634,-0.16299499999999995,24,98.88991674375578
0.15,0.5,0.15,0.0,0.2,0.9998839099140934,-0.16857069999999996,24,98.88991674375578
0.15,0.5,0.15,0.05,0.15,0.99986317954161,-0.16541110000000003,25,98.84366327474561
0.15,0.5,0.15,0.1,0.1,0.99983830309463,-0.1622515,25,98.84366327474561
0.15,0.5,0.15,0.15,0.05,0.9998217187966434,-0.16251789999999994,26,98.79740980573543
0.15,0.5,0.15,0.2,0.0,0.99978855020067,-0.19576775000000002,26,98.79740980573543
0.15,0.5,0.2,0.0,0.15,0.9998465952436233,-0.19062050000000003,31,98.56614246068455
0.15,0.5,0.2,0.05,0.1,0.9998217187966434,-0.18746089999999999,32,98.51988899167438
0.15,0.5,0.2,0.1,0.05,0.9998092805731533,-0.19529064999999995,32,98.51988899167438
0.15,0.5,0.2,0.15,0.0,0.9997553816046967,-0.22854049999999998,31,98.56614246068455
0.15,0.5,0.25,0.0,0.1,0.9997802580516767,-0.21267029999999998,36,98.33487511563366
0.15,0.5,0.25,0.05,0.05,0.9997553816046967,-0.22806339999999997,37,98.2886216466235
0.15,0.5,0.25,0.1,0.0,0.9997097747852334,-0.26131325,38,98.24236817761333
0.15,0.5,0.3,0.0,0.05,0.9996807522637566,-0.26083615,39,98.19611470860315
0.15,0.5,0.3,0.05,0.0,0.9996558758167767,-0.29408599999999996,39,98.19611470860315
0.15,0.5,0.35,0.0,0.0,0.9994983249859033,-0.32685875,44,97.96484736355227
0.15,0.55,0.0,0.0,0.3,0.9996931904872467,-0.24814560000000002,32,98.51988899167438
0.15,0.55,0.0,0.05,0.25,0.9997056287107366,-0.23960970000000004,32,98.51988899167438
0.15,0.55,0.0,0.1,0.2,0.9997305051577167,-0.2310738,32,98.51988899167438
0.15,0.55,0.0,0.15,0.15,0.99973879730671,-0.2225379,33,98.47363552266421
0.15,0.55,0.0,0.2,0.1,0.99971392085973,-0.21400199999999997,35,98.38112858464385
0.15,0.55,0.0,0.25,0.05,0.9996434375932867,-0.20678804999999995,36,98.33487511563366
0.15,0.55,0.0,0.3,0.0,0.9995853925503333,-0.2089470000000001,38,98.24236817761333
0.15,0.55,0.05,0.0,0.25,0.9997222130087233,-0.22577435,37,98.2886216466235
0.15,0.55,0.05,0.05,0.2,0.99973879730671,-0.21723844999999997,38,98.24236817761333
0.15,0.55,0.05,0.1,0.15,0.9997470894557033,-0.20870255,39,98.19611470860315
0.15,0.55,0.05,0.15,0.1,0.99970148263624,-0.20016664999999995,41,98.10360777058278
0.15,0.55,0.05,0.2,0.05,0.9996475836677834,-0.1916307499999999,41,98.10360777058278
0.15,0.55,0.05,0.25,0.0,0.9996102689973133,-0.18728299999999998,43,98.01110083256243
0.15,0.55,0.1,0.0,0.2,0.9997346512322134,-0.2034031,40,98.14986123959298
0.15,0.55,0.1,0.05,0.15,0.9997222130087233,-0.19755319999999998,40,98.14986123959298
0.15,0.55,0.1,0.1,0.1,0.99970148263624,-0.19439359999999994,41,98.10360777058278
0.15,0.55,0.1,0.15,0.05,0.99965172974228,-0.19123399999999996,43,98.01110083256243
0.15,0.55,0.1,0.2,0.0,0.9996061229228167,-0.19982589999999995,43,98.01110083256243
0.15,0.55,0.15,0.0,0.15,0.9996848983382534,-0.22276259999999998,45,97.9185938945421
0.15,0.55,0.15,0.05,0.1,0.9996724601147633,-0.219603,46,97.87234042553192
0.15,0.55,0.15,0.1,0.05,0.9996268532953,-0.2164434,47,97.82608695652173
0.15,0.55,0.15,0.15,0.0,0.9995688082523467,-0.23259865000000007,49,97.73358001850139
0.15,0.55,0.2,0.0,0.1,0.9996475836677834,-0.2448124,48,97.77983348751155
0.15,0.55,0.2,0.05,0.05,0.9996102689973133,-0.24165280000000003,50,97.68732654949122
0.15,0.55,0.2,0.1,0.0,0.9995605161033534,-0.26537140000000004,51,97.64107308048104
0.15,0.55,0.25,0.0,0.05,0.9995356396563734,-0.26686220000000005,55,97.45605920444034
0.15,0.55,0.25,0.05,0.0,0.99949003283691,-0.29814415,56,97.40980573543015
0.15,0.55,0.3,0.0,0.0,0.9992993134100634,-0.3309169,59,97.27104532839962
0.15,0.6,0.0,0.0,0.25,0.9996061229228167,-0.2995509499999999,49,97.73358001850139
0.15,0.6,0.0,0.05,0.2,0.9996185611463067,-0.29101504999999994,50,97.68732654949122
0.15,0.6,0.0,0.1,0.15,0.9995729543268433,-0.2824791499999999,51,97.64107308048104
0.15,0.6,0.0,0.15,0.1,0.9995024710604,-0.27394325,51,97.64107308048104
0.15,0.6,0.0,0.2,0.05,0.99945271816644,-0.2654073499999999,50,97.68732654949122
0.15,0.6,0.0,0.25,0.0,0.9994195495704666,-0.25687145,53,97.54856614246069
0.15,0.6,0.05,0.0,0.2,0.99957710040134,-0.2771796999999999,51,97.64107308048104
0.15,0.6,0.05,0.05,0.15,0.99953978573087,-0.26864379999999993,51,97.64107308048104
0.15,0.6,0.05,0.1,0.1,0.99947759461342,-0.2601078999999999,52,97.59481961147087
0.15,0.6,0.05,0.15,0.05,0.99944027994295,-0.25157199999999985,53,97.54856614246069
0.15,0.6,0.05,0.2,0.0,0.9993822348999967,-0.24303609999999998,53,97.54856614246069
0.15,0.6,0.1,0.0,0.15,0.9995024710604,-0.25490469999999993,56,97.40980573543015
0.15,0.6,0.1,0.05,0.1,0.9994361338684533,-0.2517450999999999,56,97.40980573543015
0.15,0.6,0.1,0.1,0.05,0.9994071113469767,-0.24858549999999985,57,97.36355226641999
0.15,0.6,0.1,0.15,0.0,0.9993739427510033,-0.24542589999999997,58,97.3172987974098
0.15,0.6,0.15,0.0,0.1,0.99939052704899,-0.2769545,64,97.03977798334876
0.15,0.6,0.15,0.05,0.05,0.9993615045275134,-0.2737949,64,97.03977798334876
0.15,0.6,0.15,0.1,0.0,0.9993076055590567,-0.27063529999999997,64,97.03977798334876
0.15,0.6,0.2,0.0,0.05,0.9992619987395933,-0.2990043,68,96.85476410730804
0.15,0.6,0.2,0.05,0.0,0.9992080997711367,-0.3022022999999999,68,96.85476410730804
0.15,0.6,0.25,0.0,0.0,0.9990754253872434,-0.33497504999999994,70,96.76225716928771
0.15,0.65,0.0,0.0,0.2,0.9992910212610701,-0.35095629999999994,68,96.85476410730804
0.15,0.65,0.0,0.05,0.15,0.9992619987395933,-0.34242039999999996,68,96.85476410730804
0.15,0.65,0.0,0.1,0.1,0.9992205379946267,-0.33388450000000003,69,96.80851063829788
0.15,0.65,0.0,0.15,0.05,0.9991873693986534,-0.32534859999999993,69,96.80851063829788
0.15,0.65,0.0,0.2,0.0,0.9991127400577133,-0.3168127,72,96.66975023126734
0.15,0.65,0.05,0.0,0.15,0.9992371222926133,-0.32858504999999993,73,96.62349676225716
0.15,0.65,0.05,0.05,0.1,0.9991956615476467,-0.32004915,74,96.577243293247
0.15,0.65,0.05,0.1,0.05,0.9991210322067067,-0.3115132499999999,72,96.66975023126734
0.15,0.65,0.05,0.15,0.0,0.9990961557597267,-0.30297735000000003,73,96.62349676225716
0.15,0.65,0.1,0.0,0.1,0.9991417625791901,-0.30909659999999994,76,96.48473635522664
0.15,0.65,0.1,0.05,0.05,0.99909200968523,-0.3059369999999999,77,96.43848288621648
0.15,0.65,0.1,0.1,0.0,0.9990381107167734,-0.3027774,77,96.43848288621648
0.15,0.65,0.15,0.0,0.05,0.9990007960463033,-0.33114640000000006,78,96.3922294172063
0.15,0.65,0.15,0.05,0.0,0.9989386049288533,-0.3279868,79,96.34597594819611
0.15,0.65,0.2,0.0,0.0,0.9988225148429467,-0.3531962,83,96.16096207215541
0.15,0.7,0.0,0.0,0.15,0.9989510431523434,-0.4023616499999999,80,96.29972247918593
0.15,0.7,0.0,0.05,0.1,0.99886812166241,-0.39382575,79,96.34597594819611
0.15,0.7,0.0,0.1,0.05,0.9987934923214701,-0.3852898499999998,79,96.34597594819611
0.15,0.7,0.0,0.15,0.0,0.99874373942751,-0.37675394999999995,81,96.25346901017576
0.15,0.7,0.05,0.0,0.1,0.9987934923214701,-0.37999039999999995,82,96.2072155411656
0.15,0.7,0.05,0.05,0.05,0.9987271551295234,-0.3714544999999999,82,96.2072155411656
0.15,0.7,0.05,0.1,0.0,0.9986981326080467,-0.3629185999999999,83,96.16096207215541
0.15,0.7,0.1,0.0,0.05,0.9986483797140867,-0.36328849999999985,86,96.02220166512488
0.15,0.7,0.1,0.05,0.0,0.9986110650436167,-0.3601289,86,96.02220166512488
0.15,0.7,0.15,0.0,0.0,0.99848253673422,-0.3853382999999999,89,95.88344125809436
0.15,0.75,0.0,0.0,0.1,0.9984535142127434,-0.453767,90,95.83718778908418
0.15,0.75,0.0,0.05,0.05,0.9984493681382467,-0.4452311,91,95.790934320074
0.15,0.75,0.0,0.1,0.0,0.9983830309463001,-0.43669519999999995,95,95.6059204440333
0.15,0.75,0.05,0.0,0.05,0.9982918173073734,-0.43139574999999997,96,95.55966697502313
0.15,0.75,0.05,0.05,0.0,0.9982420644134133,-0.42285985000000004,97,95.51341350601294
0.15,0.75,0.1,0.0,0.0,0.9980389067630767,-0.4174804,98,95.46716003700277
0.15,0.8,0.0,0.0,0.05,0.9976657600583767,-0.50517235,109,94.95837187789084
0.15,0.8,0.0,0.05,0.0,0.9975496699724701,-0.4966364500000001,110,94.91211840888066
0.15,0.8,0.05,0.0,0.0,0.9973133437261601,-0.4828011000000001,113,94.77335800185014
0.15,0.85,0.0,0.0,0.0,0.9962478025805168,-0.5565777,119,94.49583718778909
0.2,0.0,0.0,0.0,0.8,0.99986317954161,-0.2808004,14,99.35245143385754
0.2,0.0,0.0,0.05,0.75,0.99988805598859,-0.24921045,14,99.35245143385754
0.2,0.0,0.0,0.1,0.7,0.9999087863610734,-0.21944029999999998,13,99.39870490286772
0.2,0.0,0.0,0.15,0.65,0.9999212245845633,-0.21306724999999999,10,99.53746530989824
0.2,0.0,0.0,0.2,0.6,0.99990049421208,-0.2066942,9,99.58371877890842
0.2,0.0,0.0,0.25,0.55,0.9998756177651,-0.20032115,9,99.58371877890842
0.2,0.0,0.0,0.3,0.5,0.9998341570201333,-0.19394809999999998,9,99.58371877890842
0.2,0.0,0.0,0.35,0.45,0.9998175727221467,-0.18757505000000002,9,99.58371877890842
0.2,0.0,0.0,0.4,0.4,0.99980098842416,-0.184921,12,99.44495837187789
0.2,0.0,0.0,0.45,0.35,0.9997719659026834,-0.21923235000000005,14,99.35245143385754
0.2,0.0,0.0,0.5,0.3,0.99968904441275,-0.2629499,14,99.35245143385754
0.2,0.0,0.0,0.55,0.25,0.9995936846993266,-0.30666745000000006,20,99.07493061979649
0.2,0.0,0.0,0.6,0.2,0.99947759461342,-0.35038499999999995,23,98.93617021276596
0.2,0.0,0.0,0.65,0.15,0.9993241898570433,-0.39482554999999997,26,98.79740980573543
0.2,0.0,0.0,0.7,0.1,0.9990754253872434,-0.4460653,34,98.42738205365403
0.2,0.0,0.0,0.75,0.05,0.99886812166241,-0.49730505,36,98.33487511563366
0.2,0.0,0.0,0.8,0.0,0.9986027728946234,-0.5485448,38,98.24236817761333
0.2,0.0,0.05,0.0,0.75,0.99990049421208,-0.2199981,12,99.44495837187789
0.2,0.0,0.05,0.05,0.7,0.99991293243557,-0.18840815,11,99.49121184088807
0.2,0.0,0.05,0.1,0.65,0.9999170785100666,-0.16066230000000004,11,99.49121184088807
0.2,0.0,0.05,0.15,0.6,0.99992537065906,-0.15428925,10,99.53746530989824
0.2,0.0,0.05,0.2,0.55,0.99992537065906,-0.1479162,9,99.58371877890842
0.2,0.0,0.05,0.25,0.5,0.99991293243557,-0.14154314999999995,9,99.58371877890842
0.2,0.0,0.05,0.3,0.45,0.9998714716906033,-0.13517010000000002,9,99.58371877890842
0.2,0.0,0.05,0.35,0.4,0.99983830309463,-0.13275165,9,99.58371877890842
0.2,0.0,0.05,0.4,0.35,0.9998424491691267,-0.15204870000000004,12,99.44495837187789
0.2,0.0,0.05,0.45,0.3,0.9998300109456366,-0.19576625000000003,13,99.39870490286772
0.2,0.0,0.05,0.5,0.25,0.9997553816046967,-0.23948379999999997,14,99.35245143385754
0.2,0.0,0.05,0.55,0.2,0.9996558758167767,-0.28320135,19,99.12118408880666
0.2,0.0,0.05,0.6,0.15,0.99949003283691,-0.32691889999999996,20,99.07493061979649
0.2,0.0,0.05,0.65,0.1,0.9993200437825467,-0.3721295000000001,26,98.79740980573543
0.2,0.0,0.05,0.7,0.05,0.99910444790872,-0.42336925,33,98.47363552266421
0.2,0.0,0.05,0.75,0.0,0.9988556834389201,-0.47883785,36,98.33487511563366
0.2,0.0,0.1,0.0,0.7,0.99992537065906,-0.1591958,11,99.49121184088807
0.2,0.0,0.1,0.05,0.65,0.9999295167335567,-0.12760585000000002,11,99.49121184088807
0.2,0.0,0.1,0.1,0.6,0.9999295167335567,-0.10188429999999998,9,99.58371877890842
0.2,0.0,0.1,0.15,0.55,0.9999336628080533,-0.09551124999999999,9,99.58371877890842
0.2,0.0,0.1,0.2,0.5,0.99995024710604,-0.08913819999999995,8,99.6299722479186
0.2,0.0,0.1,0.25,0.45,0.9999543931805367,-0.08276515000000001,8,99.6299722479186
0.2,0.0,0.1,0.3,0.4,0.9999336628080533,-0.0805823,8,99.6299722479186
0.2,0.0,0.1,0.35,0.35,0.9998797638395966,-0.08486505,8,99.6299722479186
0.2,0.0,0.1,0.4,0.3,0.9998548873926166,-0.12858260000000005,12,99.44495837187789
0.2,0.0,0.1,0.45,0.25,0.99983830309463,-0.17230014999999999,14,99.35245143385754
0.2,0.0,0.1,0.5,0.2,0.9997719659026834,-0.21601770000000003,14,99.35245143385754
0.2,0.0,0.1,0.55,0.15,0.99967660618926,-0.25973525000000003,19,99.12118408880666
0.2,0.0,0.1,0.6,0.1,0.9995107632093934,-0.3034528000000001,21,99.02867715078631
0.2,0.0,0.1,0.65,0.05,0.9993076055590567,-0.3494334500000001,25,98.84366327474561
0.2,0.0,0.1,0.7,0.0,0.9991003018342234,-0.41079709999999997,32,98.51988899167438
0.2,0.0,0.15,0.0,0.65,0.99992537065906,-0.09839350000000002,9,99.58371877890842
0.2,0.0,0.15,0.05,0.6,0.9999336628080533,-0.06680355000000004,9,99.58371877890842
0.2,0.0,0.15,0.1,0.55,0.9999585392550333,-0.04310630000000004,9,99.58371877890842
0.2,0.0,0.15,0.15,0.5,0.9999709774785234,-0.03673324999999994,9,99.58371877890842
0.2,0.0,0.15,0.2,0.45,0.9999792696275167,-0.030360200000000004,9,99.58371877890842
0.2,0.0,0.15,0.25,0.4,0.9999834157020133,-0.028412949999999992,8,99.6299722479186
0.2,0.0,0.15,0.3,0.35,0.99996268532953,-0.027072899999999955,8,99.6299722479186
0.2,0.0,0.15,0.35,0.3,0.9999212245845633,-0.06139895000000001,8,99.6299722479186
0.2,0.0,0.15,0.4,0.25,0.9998797638395966,-0.1051165,13,99.39870490286772
0.2,0.0,0.15,0.45,0.2,0.9998465952436233,-0.14883405000000005,14,99.35245143385754
0.2,0.0,0.15,0.5,0.15,0.9997719659026834,-0.1925516,15,99.30619796484737
0.2,0.0,0.15,0.55,0.1,0.9997097747852334,-0.2362691500000001,19,99.12118408880666
0.2,0.0,0.15,0.6,0.05,0.9995563700288567,-0.27998670000000003,22,98.98242368177613
0.2,0.0,0.15,0.65,0.0,0.99934077415503,-0.34357505000000005,25,98.84366327474561
0.2,0.0,0.2,0.0,0.6,0.9999668314040266,-0.06377339999999998,7,99.67622571692877
0.2,0.0,0.2,0.05,0.55,0.99997512355302,-0.029079849999999963,9,99.58371877890842
0.2,0.0,0.2,0.1,0.5,0.9999958539255034,-0.004303299999999899,9,99.58371877890842
0.2,0.0,0.2,0.15,0.45,1.0,0.005173350000000021,9,99.58371877890842
0.2,0.0,0.2,0.2,0.4,1.0,0.009988600000000014,9,99.58371877890842
0.2,0.0,0.2,0.25,0.35,1.0,0.014432250000000035,9,99.58371877890842
0.2,0.0,0.2,0.3,0.3,0.9999958539255034,-0.003005399999999936,8,99.6299722479186
0.2,0.0,0.2,0.35,0.25,0.9999668314040266,-0.038074799999999964,8,99.6299722479186
0.2,0.0,0.2,0.4,0.2,0.9999295167335567,-0.08165040000000007,13,99.39870490286772
0.2,0.0,0.2,0.45,0.15,0.99983830309463,-0.12536795,14,99.35245143385754
0.2,0.0,0.2,0.5,0.1,0.9997678198281866,-0.1690855,15,99.30619796484737
0.2,0.0,0.2,0.55,0.05,0.9997180669342267,-0.2128030500000001,20,99.07493061979649
0.2,0.0,0.2,0.6,0.0,0.9995605161033534,-0.2789314,22,98.98242368177613
0.2,0.0,0.25,0.0,0.55,0.9999709774785234,-0.05597124999999997,7,99.67622571692877
0.2,0.0,0.25,0.05,0.5,0.9999834157020133,-0.02127770000000001,7,99.67622571692877
0.2,0.0,0.25,0.1,0.45,1.0,0.001474550000000019,7,99.67622571692877
0.2,0.0,0.25,0.15,0.4,1.0,0.00605420000000001,9,99.58371877890842
0.2,0.0,0.25,0.2,0.35,1.0,0.01049785000000003,9,99.58371877890842
0.2,0.0,0.25,0.25,0.3,1.0,0.014941499999999996,8,99.6299722479186
0.2,0.0,0.25,0.3,0.25,1.0,0.006531200000000015,8,99.6299722479186
0.2,0.0,0.25,0.35,0.2,0.99998756177651,-0.028538199999999958,9,99.58371877890842
0.2,0.0,0.25,0.4,0.15,0.9999212245845633,-0.06360760000000004,13,99.39870490286772
0.2,0.0,0.25,0.45,0.1,0.9998424491691267,-0.10190185000000002,14,99.35245143385754
0.2,0.0,0.25,0.5,0.05,0.9997719659026834,-0.16604819999999992,16,99.25994449583719
0.2,0.0,0.25,0.55,0.0,0.99970148263624,-0.23703005000000005,21,99.02867715078631
0.2,0.0,0.3,0.0,0.5,0.9999709774785234,-0.048169099999999965,7,99.67622571692877
0.2,0.0,0.3,0.05,0.45,0.9999834157020133,-0.02304470000000003,7,99.67622571692877
0.2,0.0,0.3,0.1,0.4,0.9999958539255034,-0.0019531999999999328,7,99.67622571692877
0.2,0.0,0.3,0.15,0.35,1.0,0.006563450000000082,6,99.72247918593895
0.2,0.0,0.3,0.2,0.3,1.0,0.011007100000000103,6,99.72247918593895
0.2,0.0,0.3,0.25,0.25,1.0,0.015450750000000013,9,99.58371877890842
0.2,0.0,0.3,0.3,0.2,1.0,0.01606780000000002,10,99.53746530989824
0.2,0.0,0.3,0.35,0.15,0.99998756177651,-0.027198099999999947,10,99.53746530989824
0.2,0.0,0.3,0.4,0.1,0.99992537065906,-0.0895318,13,99.39870490286772
0.2,0.0,0.3,0.45,0.05,0.9998548873926166,-0.15186549999999993,14,99.35245143385754
0.2,0.0,0.3,0.5,0.0,0.99976367375369,-0.21419919999999992,16,99.25994449583719
0.2,0.0,0.35,0.0,0.45,0.99997512355302,-0.08021719999999999,3,99.86123959296947
0.2,0.0,0.35,0.05,0.4,0.99998756177651,-0.05912569999999995,3,99.86123959296947
0.2,0.0,0.35,0.1,0.35,0.9999958539255034,-0.03803419999999991,2,99.90749306197965
0.2,0.0,0.35,0.15,0.3,0.9999958539255034,-0.01694269999999992,2,99.90749306197965
0.2,0.0,0.35,0.2,0.25,1.0,0.0041488000000000635,4,99.81498612395929
0.2,0.0,0.35,0.25,0.2,0.9999958539255034,-0.0072684999999999556,7,99.67622571692877
0.2,0.0,0.35,0.3,0.15,0.99998756177651,-0.030089149999999898,7,99.67622571692877
0.2,0.0,0.35,0.35,0.1,0.9999709774785234,-0.08722210000000002,10,99.53746530989824
0.2,0.0,0.35,0.4,0.05,0.9999212245845633,-0.1495557999999999,11,99.49121184088807
0.2,0.0,0.35,0.45,0.0,0.9998548873926166,-0.2118894999999999,15,99.30619796484737
0.2,0.0,0.4,0.0,0.4,0.99997512355302,-0.11629820000000007,2,99.90749306197965
0.2,0.0,0.4,0.05,0.35,0.9999917078510067,-0.09520670000000009,2,99.90749306197965
0.2,0.0,0.4,0.1,0.3,0.9999917078510067,-0.07411519999999999,2,99.90749306197965
0.2,0.0,0.4,0.15,0.25,0.99998756177651,-0.05302370000000001,3,99.86123959296947
0.2,0.0,0.4,0.2,0.2,0.99998756177651,-0.05349919999999997,3,99.86123959296947
0.2,0.0,0.4,0.25,0.15,0.9999834157020133,-0.07631985000000002,3,99.86123959296947
0.2,0.0,0.4,0.3,0.1,0.9999792696275167,-0.09914050000000002,4,99.81498612395929
0.2,0.0,0.4,0.35,0.05,0.9999668314040266,-0.1472461,5,99.76873265494912
0.2,0.0,0.4,0.4,0.0,0.99991293243557,-0.20957979999999998,7,99.67622571692877
0.2,0.0,0.45,0.0,0.35,0.9999336628080533,-0.1523792,2,99.90749306197965
0.2,0.0,0.45,0.05,0.3,0.99995024710604,-0.1312877,2,99.90749306197965
0.2,0.0,0.45,0.1,0.25,0.9999668314040266,-0.11019619999999997,3,99.86123959296947
0.2,0.0,0.45,0.15,0.2,0.9999709774785234,-0.09972989999999998,4,99.81498612395929
0.2,0.0,0.45,0.2,0.15,0.99997512355302,-0.12255054999999998,5,99.76873265494912
0.2,0.0,0.45,0.25,0.1,0.9999709774785234,-0.14537119999999998,5,99.76873265494912
0.2,0.0,0.45,0.3,0.05,0.99996268532953,-0.16819184999999998,5,99.76873265494912
0.2,0.0,0.45,0.35,0.0,0.9999295167335567,-0.20727009999999996,6,99.72247918593895
0.2,0.0,0.5,0.0,0.3,0.9998839099140934,-0.18846019999999997,6,99.72247918593895
0.2,0.0,0.5,0.05,0.25,0.9999046402865767,-0.16736869999999993,8,99.6299722479186
0.2,0.0,0.5,0.1,0.2,0.99992537065906,-0.14627720000000005,9,99.58371877890842
0.2,0.0,0.5,0.15,0.15,0.9999295167335567,-0.16878125000000005,9,99.58371877890842
0.2,0.0,0.5,0.2,0.1,0.9999336628080533,-0.1916019,9,99.58371877890842
0.2,0.0,0.5,0.25,0.05,0.9999212245845633,-0.21442254999999993,9,99.58371877890842
0.2,0.0,0.5,0.3,0.0,0.9998963481375833,-0.2372432,10,99.53746530989824
0.2,0.0,0.55,0.0,0.25,0.99985074131812,-0.2245412,12,99.44495837187789
0.2,0.0,0.55,0.05,0.2,0.9998714716906033,-0.21105140000000006,13,99.39870490286772
0.2,0.0,0.55,0.1,0.15,0.9998714716906033,-0.21501195000000012,13,99.39870490286772
0.2,0.0,0.55,0.15,0.1,0.9998548873926166,-0.23783260000000012,13,99.39870490286772
0.2,0.0,0.55,0.2,0.05,0.9998341570201333,-0.26065324999999995,13,99.39870490286772
0.2,0.0,0.55,0.25,0.0,0.9998175727221467,-0.2834739,13,99.39870490286772
0.2,0.0,0.6,0.0,0.2,0.99980098842416,-0.30033279999999996,18,99.16743755781684
0.2,0.0,0.6,0.05,0.15,0.99978855020067,-0.28725904999999996,18,99.16743755781684
0.2,0.0,0.6,0.1,0.1,0.9997802580516767,-0.2840633,18,99.16743755781684
0.2,0.0,0.6,0.15,0.05,0.9997844041261733,-0.30688394999999996,18,99.16743755781684
0.2,0.0,0.6,0.2,0.0,0.9997553816046967,-0.3297045999999999,18,99.16743755781684
0.2,0.0,0.65,0.0,0.15,0.9996683140402667,-0.37654045,23,98.93617021276596
0.2,0.0,0.65,0.05,0.1,0.9996807522637566,-0.3634667,23,98.93617021276596
0.2,0.0,0.65,0.1,0.05,0.9996558758167767,-0.35311465,24,98.88991674375578
0.2,0.0,0.65,0.15,0.0,0.9996434375932867,-0.3759353,24,98.88991674375578
0.2,0.0,0.7,0.0,0.1,0.9995563700288567,-0.4527481,25,98.84366327474561
0.2,0.0,0.7,0.05,0.05,0.9995439318053667,-0.43967435,25,98.84366327474561
0.2,0.0,0.7,0.1,0.0,0.9995356396563734,-0.4266006,26,98.79740980573543
0.2,0.0,0.75,0.0,0.05,0.9993863809744934,-0.52895575,30,98.61239592969473
0.2,0.0,0.75,0.05,0.0,0.9993739427510033,-0.515882,30,98.61239592969473
0.2,0.0,0.8,0.0,0.0,0.9990464028657667,-0.6051634,34,98.42738205365403
0.2,0.05,0.0,0.0,0.75,0.9999087863610734,-0.2487333,12,99.44495837187789
0.2,0.05,0.0,0.05,0.7,0.9999170785100666,-0.21714334999999996,11,99.49121184088807
0.2,0.05,0.0,0.1,0.65,0.9999295167335567,-0.18866725,11,99.49121184088807
0.2,0.05,0.0,0.15,0.6,0.9999336628080533,-0.18229419999999996,9,99.58371877890842
0.2,0.05,0.0,0.2,0.55,0.9999336628080533,-0.17592115000000003,9,99.58371877890842
0.2,0.05,0.0,0.25,0.5,0.9999087863610734,-0.16954809999999998,9,99.58371877890842
0.2,0.05,0.0,0.3,0.45,0.9998714716906033,-0.16317505,9,99.58371877890842
0.2,0.05,0.0,0.35,0.4,0.9998341570201333,-0.15863024999999997,8,99.6299722479186
0.2,0.05,0.0,0.4,0.35,0.9998424491691267,-0.1572902,11,99.49121184088807
0.2,0.05,0.0,0.45,0.3,0.99983830309463,-0.18473660000000003,13,99.39870490286772
0.2,0.05,0.0,0.5,0.25,0.9997470894557033,-0.22845415000000002,14,99.35245143385754
0.2,0.05,0.0,0.55,0.2,0.9996558758167767,-0.2721717,19,99.12118408880666
0.2,0.05,0.0,0.6,0.15,0.9994983249859033,-0.3158892499999999,21,99.02867715078631
0.2,0.05,0.0,0.65,0.1,0.99932833593154,-0.36560925,28,98.70490286771508
0.2,0.05,0.0,0.7,0.05,0.99910444790872,-0.41667524999999994,34,98.42738205365403
0.2,0.05,0.0,0.75,0.0,0.9988764138114034,-0.46774124999999994,37,98.2886216466235
0.2,0.05,0.05,0.0,0.7,0.9999336628080533,-0.18793099999999996,11,99.49121184088807
0.2,0.05,0.05,0.05,0.65,0.9999419549570466,-0.15634104999999998,11,99.49121184088807
0.2,0.05,0.05,0.1,0.6,0.9999419549570466,-0.12988924999999996,9,99.58371877890842
0.2,0.05,0.05,0.15,0.55,0.9999419549570466,-0.12351620000000002,9,99.58371877890842
0.2,0.05,0.05,0.2,0.5,0.99995024710604,-0.11714314999999997,8,99.6299722479186
0.2,0.05,0.05,0.25,0.45,0.9999543931805367,-0.11077009999999998,8,99.6299722479186
0.2,0.05,0.05,0.3,0.4,0.9999419549570466,-0.10646089999999997,8,99.6299722479186
0.2,0.05,0.05,0.35,0.35,0.9998839099140934,-0.10512085000000004,8,99.6299722479186
0.2,0.05,0.05,0.4,0.3,0.9998548873926166,-0.11755295000000004,12,99.44495837187789
0.2,0.05,0.05,0.45,0.25,0.9998424491691267,-0.16127050000000004,14,99.35245143385754
0.2,0.05,0.05,0.5,0.2,0.9997802580516767,-0.20498805000000003,14,99.35245143385754
0.2,0.05,0.05,0.55,0.15,0.9996683140402667,-0.24870559999999997,18,99.16743755781684
0.2,0.05,0.05,0.6,0.1,0.9995066171348966,-0.29242315,22,98.98242368177613
0.2,0.05,0.05,0.65,0.05,0.9993076055590567,-0.34301595,27,98.75115633672526
0.2,0.05,0.05,0.7,0.0,0.9990961557597267,-0.3987550999999999,31,98.56614246068455
0.2,0.05,0.1,0.0,0.65,0.9999461010315434,-0.12712869999999998,9,99.58371877890842
0.2,0.05,0.1,0.05,0.6,0.9999543931805367,-0.09553875,9,99.58371877890842
0.2,0.05,0.1,0.1,0.55,0.9999709774785234,-0.07111125000000001,9,99.58371877890842
0.2,0.05,0.1,0.15,0.5,0.99997512355302,-0.06473819999999997,9,99.58371877890842
0.2,0.05,0.1,0.2,0.45,0.99997512355302,-0.05836514999999998,8,99.6299722479186
0.2,0.05,0.1,0.25,0.4,0.9999709774785234,-0.054291549999999966,8,99.6299722479186
0.2,0.05,0.1,0.3,0.35,0.9999585392550333,-0.052951499999999985,8,99.6299722479186
0.2,0.05,0.1,0.35,0.3,0.99991293243557,-0.05161144999999995,8,99.6299722479186
0.2,0.05,0.1,0.4,0.25,0.99986317954161,-0.09408685000000006,11,99.49121184088807
0.2,0.05,0.1,0.45,0.2,0.99983830309463,-0.13780440000000005,14,99.35245143385754
0.2,0.05,0.1,0.5,0.15,0.99976367375369,-0.18152195,14,99.35245143385754
0.2,0.05,0.1,0.55,0.1,0.9996973365617433,-0.22523950000000004,19,99.12118408880666
0.2,0.05,0.1,0.6,0.05,0.9995356396563734,-0.2693566499999999,22,98.98242368177613
0.2,0.05,0.1,0.65,0.0,0.9993490663040233,-0.33071435,28,98.70490286771508
0.2,0.05,0.15,0.0,0.6,0.9999668314040266,-0.06632640000000001,7,99.67622571692877
0.2,0.05,0.15,0.05,0.55,0.99997512355302,-0.034736449999999974,9,99.58371877890842
0.2,0.05,0.15,0.1,0.5,0.9999834157020133,-0.012333249999999962,9,99.58371877890842
0.2,0.05,0.15,0.15,0.45,0.99998756177651,-0.005960199999999971,9,99.58371877890842
0.2,0.05,0.15,0.2,0.4,0.9999958539255034,-0.0021222000000000185,9,99.58371877890842
0.2,0.05,0.15,0.25,0.35,0.9999958539255034,-0.0007821499999999815,8,99.6299722479186
0.2,0.05,0.15,0.3,0.3,0.9999958539255034,-0.0008000499999999411,8,99.6299722479186
0.2,0.05,0.15,0.35,0.25,0.9999668314040266,-0.035869450000000025,7,99.67622571692877
0.2,0.05,0.15,0.4,0.2,0.9999336628080533,-0.07093885,13,99.39870490286772
0.2,0.05,0.15,0.45,0.15,0.9998424491691267,-0.1143383,14,99.35245143385754
0.2,0.05,0.15,0.5,0.1,0.9997802580516767,-0.15805585000000005,15,99.30619796484737
0.2,0.05,0.15,0.55,0.05,0.99970148263624,-0.20177340000000005,21,99.02867715078631
0.2,0.05,0.15,0.6,0.0,0.99955222395436,-0.26439729999999995,22,98.98242368177613
0.2,0.05,0.2,0.0,0.55,0.9999917078510067,-0.011266649999999934,7,99.67622571692877
0.2,0.05,0.2,0.05,0.5,1.0,0.023426900000000028,7,99.67622571692877
0.2,0.05,0.2,0.1,0.45,1.0,0.046444750000000035,7,99.67622571692877
0.2,0.05,0.2,0.15,0.4,1.0,0.050047149999999985,9,99.58371877890842
0.2,0.05,0.2,0.2,0.35,1.0,0.05138720000000002,9,99.58371877890842
0.2,0.05,0.2,0.25,0.3,1.0,0.04380595000000004,8,99.6299722479186
0.2,0.05,0.2,0.3,0.25,1.0,0.008736549999999954,7,99.67622571692877
0.2,0.05,0.2,0.35,0.2,0.99998756177651,-0.026332849999999963,9,99.58371877890842
0.2,0.05,0.2,0.4,0.15,0.9999336628080533,-0.06140225000000005,13,99.39870490286772
0.2,0.05,0.2,0.45,0.1,0.9998590334671134,-0.09647165000000002,14,99.35245143385754
0.2,0.05,0.2,0.5,0.05,0.9997802580516767,-0.1358166,16,99.25994449583719
0.2,0.05,0.2,0.55,0.0,0.9996848983382534,-0.20679845000000002,21,99.02867715078631
0.2,0.05,0.25,0.0,0.5,0.9999958539255034,-0.003464500000000037,7,99.67622571692877
0.2,0.05,0.25,0.05,0.45,1.0,0.024965699999999924,7,99.67622571692877
0.2,0.05,0.25,0.1,0.4,1.0,0.04605720000000002,7,99.67622571692877
0.2,0.05,0.25,0.15,0.35,1.0,0.05412465000000005,6,99.72247918593895
0.2,0.05,0.25,0.2,0.3,1.0,0.05856830000000007,6,99.72247918593895
0.2,0.05,0.25,0.25,0.25,1.0,0.05334254999999999,8,99.6299722479186
0.2,0.05,0.25,0.3,0.2,1.0,0.018273150000000016,9,99.58371877890842
0.2,0.05,0.25,0.35,0.15,0.99998756177651,-0.016796249999999957,9,99.58371877890842
0.2,0.05,0.25,0.4,0.1,0.9999419549570466,-0.06812450000000003,13,99.39870490286772
0.2,0.05,0.25,0.45,0.05,0.99986317954161,-0.1304581999999999,15,99.30619796484737
0.2,0.05,0.25,0.5,0.0,0.9997678198281866,-0.19279190000000002,16,99.25994449583719
0.2,0.05,0.3,0.0,0.45,0.9999958539255034,-0.032206800000000035,2,99.90749306197965
0.2,0.05,0.3,0.05,0.4,0.9999958539255034,-0.011115299999999995,2,99.90749306197965
0.2,0.05,0.3,0.1,0.35,1.0,0.009976200000000046,2,99.90749306197965
0.2,0.05,0.3,0.15,0.3,1.0,0.03106770000000003,2,99.90749306197965
0.2,0.05,0.3,0.2,0.25,1.0,0.05215920000000002,2,99.90749306197965
0.2,0.05,0.3,0.25,0.2,1.0,0.05885260000000009,5,99.76873265494912
0.2,0.05,0.3,0.3,0.15,0.9999958539255034,-0.0034810999999999592,6,99.72247918593895
0.2,0.05,0.3,0.35,0.1,0.9999792696275167,-0.0658148,7,99.67622571692877
0.2,0.05,0.3,0.4,0.05,0.9999336628080533,-0.1281484999999999,11,99.49121184088807
0.2,0.05,0.3,0.45,0.0,0.99986317954161,-0.1904822,15,99.30619796484737
0.2,0.05,0.35,0.0,0.4,0.9999958539255034,-0.06828779999999995,2,99.90749306197965
0.2,0.05,0.35,0.05,0.35,0.9999958539255034,-0.04719629999999997,1,99.95374653098983
0.2,0.05,0.35,0.1,0.3,0.9999958539255034,-0.026104799999999928,1,99.95374653098983
0.2,0.05,0.35,0.15,0.25,0.9999958539255034,-0.005013299999999998,1,99.95374653098983
0.2,0.05,0.35,0.2,0.2,1.0,0.01326395000000008,3,99.86123959296947
0.2,0.05,0.35,0.25,0.15,0.9999917078510067,-0.009556699999999974,3,99.86123959296947
0.2,0.05,0.35,0.3,0.1,0.9999834157020133,-0.06350509999999998,4,99.81498612395929
0.2,0.05,0.35,0.35,0.05,0.99997512355302,-0.12583879999999997,5,99.76873265494912
0.2,0.05,0.35,0.4,0.0,0.9999170785100666,-0.18817249999999996,7,99.67622571692877
0.2,0.05,0.4,0.0,0.35,0.99998756177651,-0.10436880000000004,2,99.90749306197965
0.2,0.05,0.4,0.05,0.3,0.9999917078510067,-0.08327730000000005,2,99.90749306197965
0.2,0.05,0.4,0.1,0.25,0.99998756177651,-0.06218579999999996,3,99.86123959296947
0.2,0.05,0.4,0.15,0.2,0.99998756177651,-0.04109429999999997,3,99.86123959296947
0.2,0.05,0.4,0.2,0.15,0.99998756177651,-0.05578739999999999,4,99.81498612395929
0.2,0.05,0.4,0.25,0.1,0.9999834157020133,-0.0786080500000001,4,99.81498612395929
0.2,0.05,0.4,0.3,0.05,0.99997512355302,-0.12352909999999995,4,99.81498612395929
0.2,0.05,0.4,0.35,0.0,0.9999461010315434,-0.18586280000000005,6,99.72247918593895
0.2,0.05,0.45,0.0,0.3,0.9999543931805367,-0.14044979999999996,4,99.81498612395929
0.2,0.05,0.45,0.05,0.25,0.9999543931805367,-0.11935829999999992,5,99.76873265494912
0.2,0.05,0.45,0.1,0.2,0.9999585392550333,-0.09826679999999993,6,99.72247918593895
0.2,0.05,0.45,0.15,0.15,0.99997512355302,-0.10201809999999994,6,99.72247918593895
0.2,0.05,0.45,0.2,0.1,0.9999709774785234,-0.12483875,6,99.72247918593895
0.2,0.05,0.45,0.25,0.05,0.9999585392550333,-0.14765939999999994,6,99.72247918593895
0.2,0.05,0.45,0.3,0.0,0.9999461010315434,-0.18355310000000002,6,99.72247918593895
0.2,0.05,0.5,0.0,0.25,0.99990049421208,-0.1765308,10,99.53746530989824
0.2,0.05,0.5,0.05,0.2,0.9999046402865767,-0.15915855000000007,11,99.49121184088807
0.2,0.05,0.5,0.1,0.15,0.9999170785100666,-0.15289535000000004,11,99.49121184088807
0.2,0.05,0.5,0.15,0.1,0.9999087863610734,-0.17106945000000007,11,99.49121184088807
0.2,0.05,0.5,0.2,0.05,0.99991293243557,-0.19389009999999995,11,99.49121184088807
0.2,0.05,0.5,0.25,0.0,0.9998922020630867,-0.21671074999999995,11,99.49121184088807
0.2,0.05,0.55,0.0,0.2,0.99985074131812,-0.24047170000000007,14,99.35245143385754
0.2,0.05,0.55,0.05,0.15,0.99985074131812,-0.2342085000000001,14,99.35245143385754
0.2,0.05,0.55,0.1,0.1,0.99983830309463,-0.22794530000000007,14,99.35245143385754
0.2,0.05,0.55,0.15,0.05,0.9998175727221467,-0.24012080000000002,14,99.35245143385754
0.2,0.05,0.55,0.2,0.0,0.9998092805731533,-0.26294144999999997,14,99.35245143385754
0.2,0.05,0.6,0.0,0.15,0.99977611197718,-0.31552165,21,99.02867715078631
0.2,0.05,0.6,0.05,0.1,0.9997553816046967,-0.30925844999999996,21,99.02867715078631
0.2,0.05,0.6,0.1,0.05,0.9997470894557033,-0.30299524999999994,21,99.02867715078631
0.2,0.05,0.6,0.15,0.0,0.9997429433812067,-0.30917215,21,99.02867715078631
0.2,0.05,0.65,0.0,0.1,0.9996558758167767,-0.39108355,24,98.88991674375578
0.2,0.05,0.65,0.05,0.05,0.9996268532953,-0.3843084,24,98.88991674375578
0.2,0.05,0.65,0.1,0.0,0.9996227072208034,-0.37804519999999997,24,98.88991674375578
0.2,0.05,0.7,0.0,0.05,0.9994983249859033,-0.4672912,30,98.61239592969473
0.2,0.05,0.7,0.05,0.0,0.9994983249859033,-0.45935835,30,98.61239592969473
0.2,0.05,0.75,0.0,0.0,0.9992744369630834,-0.54349885,34,98.42738205365403
0.2,0.1,0.0,0.0,0.7,0.9999295167335567,-0.21666619999999998,12,99.44495837187789
0.2,0.1,0.0,0.05,0.65,0.99993780888255,-0.18507625,10,99.53746530989824
0.2,0.1,0.0,0.1,0.6,0.9999419549570466,-0.15789419999999998,9,99.58371877890842
0.2,0.1,0.0,0.15,0.55,0.9999419549570466,-0.15152115,8,99.6299722479186
0.2,0.1,0.0,0.2,0.5,0.99995024710604,-0.1451481,8,99.6299722479186
0.2,0.1,0.0,0.25,0.45,0.9999543931805367,-0.13877505,8,99.6299722479186
0.2,0.1,0.0,0.3,0.4,0.9999419549570466,-0.13240200000000002,8,99.6299722479186
0.2,0.1,0.0,0.35,0.35,0.99988805598859,-0.13099945000000002,8,99.6299722479186
0.2,0.1,0.0,0.4,0.3,0.9998548873926166,-0.12965939999999998,11,99.49121184088807
0.2,0.1,0.0,0.45,0.25,0.99985074131812,-0.15024084999999998,14,99.35245143385754
0.2,0.1,0.0,0.5,0.2,0.9997678198281866,-0.19395840000000003,13,99.39870490286772
0.2,0.1,0.0,0.55,0.15,0.9996683140402667,-0.23767595000000002,18,99.16743755781684
0.2,0.1,0.0,0.6,0.1,0.99952734750738,-0.28758570000000006,25,98.84366327474561
0.2,0.1,0.0,0.65,0.05,0.9993076055590567,-0.33865170000000006,28,98.70490286771508
0.2,0.1,0.0,0.7,0.0,0.9990961557597267,-0.38971769999999994,31,98.56614246068455
0.2,0.1,0.05,0.0,0.65,0.9999419549570466,-0.1558639,9,99.58371877890842
0.2,0.1,0.05,0.05,0.6,0.9999461010315434,-0.12427394999999997,9,99.58371877890842
0.2,0.1,0.05,0.1,0.55,0.9999585392550333,-0.09911619999999999,9,99.58371877890842
0.2,0.1,0.05,0.15,0.5,0.9999668314040266,-0.09274314999999994,9,99.58371877890842
0.2,0.1,0.05,0.2,0.45,0.9999668314040266,-0.0863701,8,99.6299722479186
0.2,0.1,0.05,0.25,0.4,0.9999709774785234,-0.08017015,8,99.6299722479186
0.2,0.1,0.05,0.3,0.35,0.9999585392550333,-0.07883010000000001,8,99.6299722479186
0.2,0.1,0.05,0.35,0.3,0.9999170785100666,-0.07749004999999998,8,99.6299722479186
0.2,0.1,0.05,0.4,0.25,0.9998714716906033,-0.0830572,11,99.49121184088807
0.2,0.1,0.05,0.45,0.2,0.99983830309463,-0.12677475000000005,13,99.39870490286772
0.2,0.1,0.05,0.5,0.15,0.9997678198281866,-0.17049230000000004,14,99.35245143385754
0.2,0.1,0.05,0.55,0.1,0.9996683140402667,-0.21420985000000015,19,99.12118408880666
0.2,0.1,0.05,0.6,0.05,0.9995232014328833,-0.2649924,25,98.84366327474561
0.2,0.1,0.05,0.65,0.0,0.99932833593154,-0.31867235000000005,28,98.70490286771508
0.2,0.1,0.1,0.0,0.6,0.9999709774785234,-0.09506160000000002,7,99.67622571692877
0.2,0.1,0.1,0.05,0.55,0.99997512355302,-0.06347164999999994,9,99.58371877890842
0.2,0.1,0.1,0.1,0.5,0.99997512355302,-0.04033819999999999,9,99.58371877890842
0.2,0.1,0.1,0.15,0.45,0.99997512355302,-0.03396515,9,99.58371877890842
0.2,0.1,0.1,0.2,0.4,0.9999792696275167,-0.028000799999999992,9,99.58371877890842
0.2,0.1,0.1,0.25,0.35,0.9999834157020133,-0.02666075000000001,8,99.6299722479186
0.2,0.1,0.1,0.3,0.3,0.9999834157020133,-0.025320699999999974,7,99.67622571692877
0.2,0.1,0.1,0.35,0.25,0.9999585392550333,-0.033664099999999975,7,99.67622571692877
0.2,0.1,0.1,0.4,0.2,0.99992537065906,-0.0687335,12,99.44495837187789
0.2,0.1,0.1,0.45,0.15,0.99983830309463,-0.10380290000000003,14,99.35245143385754
0.2,0.1,0.1,0.5,0.1,0.9997719659026834,-0.1470262,14,99.35245143385754
0.2,0.1,0.1,0.55,0.05,0.9996724601147633,-0.1913331000000001,21,99.02867715078631
0.2,0.1,0.1,0.6,0.0,0.9995439318053667,-0.2506316,25,98.84366327474561
0.2,0.1,0.15,0.0,0.55,0.9999958539255034,-0.03425929999999999,7,99.67622571692877
0.2,0.1,0.15,0.05,0.5,0.9999958539255034,-0.0026693499999999593,7,99.67622571692877
0.2,0.1,0.15,0.1,0.45,1.0,0.018439800000000006,7,99.67622571692877
0.2,0.1,0.15,0.15,0.4,1.0,0.02416855000000001,9,99.58371877890842
0.2,0.1,0.15,0.2,0.35,1.0,0.025508600000000048,9,99.58371877890842
0.2,0.1,0.15,0.25,0.3,1.0,0.02684865000000003,7,99.67622571692877
0.2,0.1,0.15,0.3,0.25,1.0,0.01094190000000006,7,99.67622571692877
0.2,0.1,0.15,0.35,0.2,0.9999917078510067,-0.02412749999999997,8,99.6299722479186
0.2,0.1,0.15,0.4,0.15,0.9999461010315434,-0.0591969,13,99.39870490286772
0.2,0.1,0.15,0.45,0.1,0.9998714716906033,-0.09426630000000003,14,99.35245143385754
0.2,0.1,0.15,0.5,0.05,0.99978855020067,-0.13029529999999995,16,99.25994449583719
0.2,0.1,0.15,0.55,0.0,0.9996807522637566,-0.19171525000000006,22,98.98242368177613
0.2,0.1,0.2,0.0,0.5,1.0,0.026542999999999983,7,99.67622571692877
0.2,0.1,0.2,0.05,0.45,1.0,0.05517539999999993,7,99.67622571692877
0.2,0.1,0.2,0.1,0.4,1.0,0.07316329999999999,7,99.67622571692877
0.2,0.1,0.2,0.15,0.35,1.0,0.07767795000000005,6,99.72247918593895
0.2,0.1,0.2,0.2,0.3,1.0,0.07901800000000003,6,99.72247918593895
0.2,0.1,0.2,0.25,0.25,1.0,0.05554790000000004,8,99.6299722479186
0.2,0.1,0.2,0.3,0.2,1.0,0.020478500000000066,9,99.58371877890842
0.2,0.1,0.2,0.35,0.15,0.9999917078510067,-0.014590899999999962,9,99.58371877890842
0.2,0.1,0.2,0.4,0.1,0.9999461010315434,-0.06380779999999997,13,99.39870490286772
0.2,0.1,0.2,0.45,0.05,0.9998714716906033,-0.12235519999999989,15,99.30619796484737
0.2,0.1,0.2,0.5,0.0,0.9997719659026834,-0.18090259999999997,16,99.25994449583719
0.2,0.1,0.25,0.0,0.45,1.0,0.015803599999999918,2,99.90749306197965
0.2,0.1,0.25,0.05,0.4,1.0,0.03689509999999996,1,99.95374653098983
0.2,0.1,0.25,0.1,0.35,1.0,0.0579866,1,99.95374653098983
0.2,0.1,0.25,0.15,0.3,1.0,0.07907809999999998,2,99.90749306197965
0.2,0.1,0.25,0.2,0.25,1.0,0.09368474999999998,2,99.90749306197965
0.2,0.1,0.25,0.25,0.2,1.0,0.061227100000000034,4,99.81498612395929
0.2,0.1,0.25,0.3,0.15,1.0,0.002679700000000007,5,99.76873265494912
0.2,0.1,0.25,0.35,0.1,0.99998756177651,-0.05586770000000002,7,99.67622571692877
0.2,0.1,0.25,0.4,0.05,0.9999461010315434,-0.11441509999999994,10,99.53746530989824
0.2,0.1,0.25,0.45,0.0,0.9998839099140934,-0.17296249999999996,14,99.35245143385754
0.2,0.1,0.3,0.0,0.4,0.9999958539255034,-0.0202774,1,99.95374653098983
0.2,0.1,0.3,0.05,0.35,1.0,0.0008140999999999843,1,99.95374653098983
0.2,0.1,0.3,0.1,0.3,1.0,0.021905600000000025,1,99.95374653098983
0.2,0.1,0.3,0.15,0.25,1.0,0.042997099999999955,1,99.95374653098983
0.2,0.1,0.3,0.2,0.2,1.0,0.0640886,3,99.86123959296947
0.2,0.1,0.3,0.25,0.15,1.0,0.010619800000000013,3,99.86123959296947
0.2,0.1,0.3,0.3,0.1,0.9999917078510067,-0.04792759999999996,3,99.86123959296947
0.2,0.1,0.3,0.35,0.05,0.9999834157020133,-0.10647499999999993,3,99.86123959296947
0.2,0.1,0.3,0.4,0.0,0.9999212245845633,-0.1667652,7,99.67622571692877
0.2,0.1,0.35,0.0,0.35,0.9999958539255034,-0.056358399999999975,1,99.95374653098983
0.2,0.1,0.35,0.05,0.3,0.9999958539255034,-0.03526689999999999,1,99.95374653098983
0.2,0.1,0.35,0.1,0.25,0.9999958539255034,-0.01417539999999995,1,99.95374653098983
0.2,0.1,0.35,0.15,0.2,1.0,0.006916100000000036,4,99.81498612395929
0.2,0.1,0.35,0.2,0.15,1.0,0.006990050000000025,4,99.81498612395929
0.2,0.1,0.35,0.25,0.1,0.9999834157020133,-0.03998750000000001,4,99.81498612395929
0.2,0.1,0.35,0.3,0.05,0.9999709774785234,-0.10212179999999993,4,99.81498612395929
0.2,0.1,0.35,0.35,0.0,0.9999543931805367,-0.16445549999999998,6,99.72247918593895
0.2,0.1,0.4,0.0,0.3,0.99998756177651,-0.09243940000000006,4,99.81498612395929
0.2,0.1,0.4,0.05,0.25,0.99998756177651,-0.07134790000000002,4,99.81498612395929
0.2,0.1,0.4,0.1,0.2,0.9999834157020133,-0.05025639999999998,5,99.76873265494912
0.2,0.1,0.4,0.15,0.15,0.9999834157020133,-0.03525494999999995,5,99.76873265494912
0.2,0.1,0.4,0.2,0.1,0.9999709774785234,-0.05807560000000006,5,99.76873265494912
0.2,0.1,0.4,0.25,0.05,0.9999709774785234,-0.0998120999999999,5,99.76873265494912
0.2,0.1,0.4,0.3,0.0,0.9999585392550333,-0.16214579999999995,5,99.76873265494912
0.2,0.1,0.45,0.0,0.25,0.99993780888255,-0.12852039999999998,5,99.76873265494912
0.2,0.1,0.45,0.05,0.2,0.99996268532953,-0.11786085000000002,7,99.67622571692877
0.2,0.1,0.45,0.1,0.15,0.9999668314040266,-0.11159764999999994,7,99.67622571692877
0.2,0.1,0.45,0.15,0.1,0.9999585392550333,-0.10533444999999997,7,99.67622571692877
0.2,0.1,0.45,0.2,0.05,0.9999543931805367,-0.1271269499999999,7,99.67622571692877
0.2,0.1,0.45,0.25,0.0,0.9999419549570466,-0.15983609999999993,6,99.72247918593895
0.2,0.1,0.5,0.0,0.2,0.9998839099140934,-0.19917400000000002,12,99.44495837187789
0.2,0.1,0.5,0.05,0.15,0.9998922020630867,-0.19291080000000005,12,99.44495837187789
0.2,0.1,0.5,0.1,0.1,0.9998963481375833,-0.18664760000000008,12,99.44495837187789
0.2,0.1,0.5,0.15,0.05,0.9998922020630867,-0.18038440000000006,13,99.39870490286772
0.2,0.1,0.5,0.2,0.0,0.9998797638395966,-0.19617829999999997,13,99.39870490286772
0.2,0.1,0.55,0.0,0.15,0.9998175727221467,-0.27422395000000005,19,99.12118408880666
0.2,0.1,0.55,0.05,0.1,0.99981342664765,-0.2679607500000001,19,99.12118408880666
0.2,0.1,0.55,0.1,0.05,0.9998051344986567,-0.26169755000000006,19,99.12118408880666
0.2,0.1,0.55,0.15,0.0,0.9997844041261733,-0.2554343500000001,19,99.12118408880666
0.2,0.1,0.6,0.0,0.1,0.9997305051577167,-0.34927389999999997,24,98.88991674375578
0.2,0.1,0.6,0.05,0.05,0.9996973365617433,-0.34301069999999995,24,98.88991674375578
0.2,0.1,0.6,0.1,0.0,0.9996931904872467,-0.3367475,26,98.79740980573543
0.2,0.1,0.65,0.0,0.05,0.9995936846993266,-0.42432384999999995,30,98.61239592969473
0.2,0.1,0.65,0.05,0.0,0.99956466217785,-0.41806065,30,98.61239592969473
0.2,0.1,0.7,0.0,0.0,0.99939052704899,-0.4993738,33,98.47363552266421
0.2,0.15,0.0,0.0,0.65,0.9999336628080533,-0.18459910000000002,10,99.53746530989824
0.2,0.15,0.0,0.05,0.6,0.9999419549570466,-0.15300915000000004,10,99.53746530989824
0.2,0.15,0.0,0.1,0.55,0.9999543931805367,-0.12731029999999993,9,99.58371877890842
0.2,0.15,0.0,0.15,0.5,0.9999668314040266,-0.12087104999999998,8,99.6299722479186
0.2,0.15,0.0,0.2,0.45,0.9999668314040266,-0.11443179999999997,8,99.6299722479186
0.2,0.15,0.0,0.25,0.4,0.9999668314040266,-0.10800200000000004,8,99.6299722479186
0.2,0.15,0.0,0.3,0.35,0.9999585392550333,-0.10470869999999993,8,99.6299722479186
0.2,0.15,0.0,0.35,0.3,0.9999212245845633,-0.10336864999999995,8,99.6299722479186
0.2,0.15,0.0,0.4,0.25,0.9998714716906033,-0.10202860000000002,10,99.53746530989824
0.2,0.15,0.0,0.45,0.2,0.99985074131812,-0.11574510000000005,13,99.39870490286772
0.2,0.15,0.0,0.5,0.15,0.9997595276791933,-0.15946265000000004,13,99.39870490286772
0.2,0.15,0.0,0.55,0.1,0.9996351454442933,-0.20956215000000006,22,98.98242368177613
0.2,0.15,0.0,0.6,0.05,0.99951490928389,-0.26062814999999995,25,98.84366327474561
0.2,0.15,0.0,0.65,0.0,0.9993200437825467,-0.31169415,28,98.70490286771508
0.2,0.15,0.05,0.0,0.6,0.9999668314040266,-0.12379679999999998,7,99.67622571692877
0.2,0.15,0.05,0.05,0.55,0.9999709774785234,-0.09220684999999995,9,99.58371877890842
0.2,0.15,0.05,0.1,0.5,0.99997512355302,-0.06834315000000002,9,99.58371877890842
0.2,0.15,0.05,0.15,0.45,0.9999709774785234,-0.06197009999999997,9,99.58371877890842
0.2,0.15,0.05,0.2,0.4,0.9999709774785234,-0.05559705000000004,8,99.6299722479186
0.2,0.15,0.05,0.25,0.35,0.9999709774785234,-0.05253934999999993,8,99.6299722479186
0.2,0.15,0.05,0.3,0.3,0.9999709774785234,-0.05119929999999995,7,99.67622571692877
0.2,0.15,0.05,0.35,0.25,0.9999419549570466,-0.04985925000000002,7,99.67622571692877
0.2,0.15,0.05,0.4,0.2,0.9999087863610734,-0.06652815000000001,12,99.44495837187789
0.2,0.15,0.05,0.45,0.15,0.99983830309463,-0.10159755000000004,14,99.35245143385754
0.2,0.15,0.05,0.5,0.1,0.9997678198281866,-0.13666695,14,99.35245143385754
0.2,0.15,0.05,0.55,0.05,0.9996351454442933,-0.18696885000000002,23,98.93617021276596
0.2,0.15,0.05,0.6,0.0,0.9995107632093934,-0.23858959999999996,25,98.84366327474561
0.2,0.15,0.1,0.0,0.55,0.9999709774785234,-0.06299449999999995,7,99.67622571692877
0.2,0.15,0.1,0.05,0.5,0.9999792696275167,-0.03140454999999992,7,99.67622571692877
0.2,0.15,0.1,0.1,0.45,0.99998756177651,-0.009565150000000022,7,99.67622571692877
0.2,0.15,0.1,0.15,0.4,0.99998756177651,-0.003192100000000031,9,99.58371877890842
0.2,0.15,0.1,0.2,0.35,0.9999958539255034,-0.00036999999999992594,9,99.58371877890842
0.2,0.15,0.1,0.25,0.3,1.0,0.0009700500000000556,7,99.67622571692877
0.2,0.15,0.1,0.3,0.25,1.0,0.0023100999999999816,7,99.67622571692877
0.2,0.15,0.1,0.35,0.2,0.9999834157020133,-0.021922149999999974,8,99.6299722479186
0.2,0.15,0.1,0.4,0.15,0.99995024710604,-0.05699155,13,99.39870490286772
0.2,0.15,0.1,0.45,0.1,0.9998756177651,-0.09206095000000003,14,99.35245143385754
0.2,0.15,0.1,0.5,0.05,0.99977611197718,-0.1309515,16,99.25994449583719
0.2,0.15,0.1,0.55,0.0,0.9996600218912733,-0.18949889999999997,24,98.88991674375578
0.2,0.15,0.15,0.0,0.5,0.9999958539255034,-0.0021921999999999775,7,99.67622571692877
0.2,0.15,0.15,0.05,0.45,1.0,0.029397750000000056,7,99.67622571692877
0.2,0.15,0.15,0.1,0.4,1.0,0.047733899999999996,7,99.67622571692877
0.2,0.15,0.15,0.15,0.35,1.0,0.05179935000000008,6,99.72247918593895
0.2,0.15,0.15,0.2,0.3,1.0,0.053139400000000114,6,99.72247918593895
0.2,0.15,0.15,0.25,0.25,1.0,0.054479449999999985,7,99.67622571692877
0.2,0.15,0.15,0.3,0.2,1.0,0.02268385000000006,8,99.6299722479186
0.2,0.15,0.15,0.35,0.15,0.9999917078510067,-0.012385549999999967,9,99.58371877890842
0.2,0.15,0.15,0.4,0.1,0.9999543931805367,-0.06446399999999997,13,99.39870490286772
0.2,0.15,0.15,0.45,0.05,0.9998797638395966,-0.12301139999999994,15,99.30619796484737
0.2,0.15,0.15,0.5,0.0,0.9997678198281866,-0.18155880000000002,18,99.16743755781684
0.2,0.15,0.2,0.0,0.45,1.0,0.028677249999999987,2,99.90749306197965
0.2,0.15,0.2,0.05,0.4,1.0,0.046665150000000044,1,99.95374653098983
0.2,0.15,0.2,0.1,0.35,1.0,0.06465305000000005,1,99.95374653098983
0.2,0.15,0.2,0.15,0.3,1.0,0.08264095000000005,2,99.90749306197965
0.2,0.15,0.2,0.2,0.25,1.0,0.09633929999999996,2,99.90749306197965
0.2,0.15,0.2,0.25,0.2,1.0,0.06057090000000004,3,99.86123959296947
0.2,0.15,0.2,0.3,0.15,1.0,0.0020235000000000114,3,99.86123959296947
0.2,0.15,0.2,0.35,0.1,0.99998756177651,-0.056523900000000016,6,99.72247918593895
0.2,0.15,0.2,0.4,0.05,0.9999461010315434,-0.11507129999999993,10,99.53746530989824
0.2,0.15,0.2,0.45,0.0,0.9998797638395966,-0.17361870000000001,14,99.35245143385754
0.2,0.15,0.25,0.0,0.4,1.0,0.027733000000000008,1,99.95374653098983
0.2,0.15,0.25,0.05,0.35,1.0,0.04882449999999999,1,99.95374653098983
0.2,0.15,0.25,0.1,0.3,1.0,0.06991600000000003,1,99.95374653098983
0.2,0.15,0.25,0.15,0.25,1.0,0.08770720000000004,1,99.95374653098983
0.2,0.15,0.25,0.2,0.2,1.0,0.06851099999999999,2,99.90749306197965
0.2,0.15,0.25,0.25,0.15,1.0,0.009963599999999961,3,99.86123959296947
0.2,0.15,0.25,0.3,0.1,0.9999917078510067,-0.048583799999999955,3,99.86123959296947
0.2,0.15,0.25,0.35,0.05,0.9999834157020133,-0.10713119999999993,3,99.86123959296947
0.2,0.15,0.25,0.4,0.0,0.9999336628080533,-0.16567859999999995,7,99.67622571692877
0.2,0.15,0.3,0.0,0.35,0.9999958539255034,-0.008347999999999967,1,99.95374653098983
0.2,0.15,0.3,0.05,0.3,1.0,0.012743500000000019,1,99.95374653098983
0.2,0.15,0.3,0.1,0.25,1.0,0.033835000000000004,1,99.95374653098983
0.2,0.15,0.3,0.15,0.2,1.0,0.054926500000000045,3,99.86123959296947
0.2,0.15,0.3,0.2,0.15,1.0,0.017903699999999967,4,99.81498612395929
0.2,0.15,0.3,0.25,0.1,0.9999917078510067,-0.040643700000000005,4,99.81498612395929
0.2,0.15,0.3,0.3,0.05,0.99998756177651,-0.09919109999999992,4,99.81498612395929
0.2,0.15,0.3,0.35,0.0,0.9999668314040266,-0.15773849999999995,4,99.81498612395929
0.2,0.15,0.35,0.0,0.3,0.9999917078510067,-0.04442899999999994,2,99.90749306197965
0.2,0.15,0.35,0.05,0.25,0.9999917078510067,-0.023337499999999956,2,99.90749306197965
0.2,0.15,0.35,0.1,0.2,0.9999958539255034,-0.0022459999999999147,3,99.86123959296947
0.2,0.15,0.35,0.15,0.15,1.0,0.011013200000000056,4,99.81498612395929
0.2,0.15,0.35,0.2,0.1,0.9999834157020133,-0.032703600000000055,4,99.81498612395929
0.2,0.15,0.35,0.25,0.05,0.99997512355302,-0.09125099999999992,4,99.81498612395929
0.2,0.15,0.35,0.3,0.0,0.9999668314040266,-0.1497984,5,99.76873265494912
0.2,0.15,0.4,0.0,0.25,0.9999834157020133,-0.08282635000000005,5,99.76873265494912
0.2,0.15,0.4,0.05,0.2,0.9999834157020133,-0.07656315000000002,5,99.76873265494912
0.2,0.15,0.4,0.1,0.15,0.99997512355302,-0.07029994999999994,6,99.72247918593895
0.2,0.15,0.4,0.15,0.1,0.9999709774785234,-0.06403675000000003,6,99.72247918593895
0.2,0.15,0.4,0.2,0.05,0.9999668314040266,-0.08331089999999997,6,99.72247918593895
0.2,0.15,0.4,0.25,0.0,0.9999585392550333,-0.1418583,7,99.67622571692877
0.2,0.15,0.45,0.0,0.2,0.99993780888255,-0.15787630000000002,9,99.58371877890842
0.2,0.15,0.45,0.05,0.15,0.99995024710604,-0.15161310000000006,9,99.58371877890842
0.2,0.15,0.45,0.1,0.1,0.9999336628080533,-0.14534989999999992,10,99.53746530989824
0.2,0.15,0.45,0.15,0.05,0.99993780888255,-0.13908669999999995,9,99.58371877890842
0.2,0.15,0.45,0.2,0.0,0.99993780888255,-0.13952745,9,99.58371877890842
0.2,0.15,0.5,0.0,0.15,0.99986317954161,-0.23292625000000006,17,99.21369102682701
0.2,0.15,0.5,0.05,0.1,0.99986317954161,-0.22666305000000003,16,99.25994449583719
0.2,0.15,0.5,0.1,0.05,0.9998548873926166,-0.22039985,16,99.25994449583719
0.2,0.15,0.5,0.15,0.0,0.9998465952436233,-0.21413665000000004,17,99.21369102682701
0.2,0.15,0.55,0.0,0.1,0.9997678198281866,-0.30797620000000003,23,98.93617021276596
0.2,0.15,0.55,0.05,0.05,0.9997595276791933,-0.30171300000000006,23,98.93617021276596
0.2,0.15,0.55,0.1,0.0,0.9997512355302,-0.29544980000000004,24,98.88991674375578
0.2,0.15,0.6,0.0,0.05,0.9996807522637566,-0.38302614999999995,30,98.61239592969473
0.2,0.15,0.6,0.05,0.0,0.9996434375932867,-0.37676294999999993,30,98.61239592969473
0.2,0.15,0.65,0.0,0.0,0.99947759461342,-0.4580761,33,98.47363552266421
0.2,0.2,0.0,0.0,0.6,0.9999585392550333,-0.15253200000000006,8,99.6299722479186
0.2,0.2,0.0,0.05,0.55,0.99996268532953,-0.12094204999999997,10,99.53746530989824
0.2,0.2,0.0,0.1,0.5,0.99996268532953,-0.09676010000000002,10,99.53746530989824
0.2,0.2,0.0,0.15,0.45,0.9999668314040266,-0.09032085000000001,9,99.58371877890842
0.2,0.2,0.0,0.2,0.4,0.9999668314040266,-0.08388159999999995,8,99.6299722479186
0.2,0.2,0.0,0.25,0.35,0.9999709774785234,-0.07841794999999996,8,99.6299722479186
0.2,0.2,0.0,0.3,0.3,0.9999709774785234,-0.07707789999999998,7,99.67622571692877
0.2,0.2,0.0,0.35,0.25,0.9999461010315434,-0.07573785,7,99.67622571692877
0.2,0.2,0.0,0.4,0.2,0.9999170785100666,-0.07439780000000007,12,99.44495837187789
0.2,0.2,0.0,0.45,0.15,0.99985074131812,-0.09939220000000004,13,99.39870490286772
0.2,0.2,0.0,0.5,0.1,0.99973879730671,-0.14103329999999997,16,99.25994449583719
0.2,0.2,0.0,0.55,0.05,0.99961441507181,-0.18345115,24,98.88991674375578
0.2,0.2,0.0,0.6,0.0,0.9995190553583867,-0.2336706,27,98.75115633672526
0.2,0.2,0.05,0.0,0.55,0.9999709774785234,-0.09172969999999997,7,99.67622571692877
0.2,0.2,0.05,0.05,0.5,0.9999709774785234,-0.060139749999999936,7,99.67622571692877
0.2,0.2,0.05,0.1,0.45,0.99997512355302,-0.03757009999999994,7,99.67622571692877
0.2,0.2,0.05,0.15,0.4,0.9999792696275167,-0.03119704999999995,9,99.58371877890842
0.2,0.2,0.05,0.2,0.35,0.9999792696275167,-0.0262485999999999,8,99.6299722479186
0.2,0.2,0.05,0.25,0.3,0.9999834157020133,-0.024908549999999974,7,99.67622571692877
0.2,0.2,0.05,0.3,0.25,0.9999792696275167,-0.023568499999999992,7,99.67622571692877
0.2,0.2,0.05,0.35,0.2,0.9999668314040266,-0.02222845000000001,8,99.6299722479186
0.2,0.2,0.05,0.4,0.15,0.9999461010315434,-0.05478620000000001,12,99.44495837187789
0.2,0.2,0.05,0.45,0.1,0.9998714716906033,-0.08995165,15,99.30619796484737
0.2,0.2,0.05,0.5,0.05,0.9997512355302,-0.13236949999999992,18,99.16743755781684
0.2,0.2,0.05,0.55,0.0,0.9996268532953,-0.19015510000000002,23,98.93617021276596
0.2,0.2,0.1,0.0,0.5,0.9999917078510067,-0.030927399999999994,7,99.67622571692877
0.2,0.2,0.1,0.05,0.45,1.0,0.0006625500000000395,7,99.67622571692877
0.2,0.2,0.1,0.1,0.4,1.0,0.021207900000000002,7,99.67622571692877
0.2,0.2,0.1,0.15,0.35,1.0,0.025920749999999992,6,99.72247918593895
0.2,0.2,0.1,0.2,0.3,1.0,0.02726080000000003,6,99.72247918593895
0.2,0.2,0.1,0.25,0.25,1.0,0.0286008499999999,7,99.67622571692877
0.2,0.2,0.1,0.3,0.2,1.0,0.0248892,8,99.6299722479186
0.2,0.2,0.1,0.35,0.15,0.9999917078510067,-0.010180200000000028,8,99.6299722479186
0.2,0.2,0.1,0.4,0.1,0.99996268532953,-0.06512020000000002,13,99.39870490286772
0.2,0.2,0.1,0.45,0.05,0.9998797638395966,-0.12366759999999993,16,99.25994449583719
0.2,0.2,0.1,0.5,0.0,0.9997678198281866,-0.18221500000000002,19,99.12118408880666
0.2,0.2,0.15,0.0,0.45,1.0,0.0032478499999999966,2,99.90749306197965
0.2,0.2,0.15,0.05,0.4,1.0,0.021235750000000053,1,99.95374653098983
0.2,0.2,0.15,0.1,0.35,1.0,0.03922365,1,99.95374653098983
0.2,0.2,0.15,0.15,0.3,1.0,0.05721155,1,99.95374653098983
0.2,0.2,0.15,0.2,0.25,1.0,0.07519944999999995,2,99.90749306197965
0.2,0.2,0.15,0.25,0.2,1.0,0.05991469999999999,3,99.86123959296947
0.2,0.2,0.15,0.3,0.15,1.0,0.0013673000000000157,2,99.90749306197965
0.2,0.2,0.15,0.35,0.1,0.99998756177651,-0.05718010000000001,5,99.76873265494912
0.2,0.2,0.15,0.4,0.05,0.9999585392550333,-0.11572749999999998,10,99.53746530989824
0.2,0.2,0.15,0.45,0.0,0.9998714716906033,-0.17427489999999995,15,99.30619796484737
0.2,0.2,0.2,0.0,0.4,1.0,0.02016699999999999,1,99.95374653098983
0.2,0.2,0.2,0.05,0.35,1.0,0.03815489999999999,1,99.95374653098983
0.2,0.2,0.2,0.1,0.3,1.0,0.05614279999999999,1,99.95374653098983
0.2,0.2,0.2,0.15,0.25,1.0,0.0741307,1,99.95374653098983
0.2,0.2,0.2,0.2,0.2,1.0,0.06785479999999999,2,99.90749306197965
0.2,0.2,0.2,0.25,0.15,1.0,0.009307399999999966,2,99.90749306197965
0.2,0.2,0.2,0.3,0.1,0.9999958539255034,-0.049240000000000006,2,99.90749306197965
0.2,0.2,0.2,0.35,0.05,0.99998756177651,-0.10778739999999998,2,99.90749306197965
0.2,0.2,0.2,0.4,0.0,0.9999295167335567,-0.16633480000000006,8,99.6299722479186
0.2,0.2,0.25,0.0,0.35,1.0,0.037086149999999984,1,99.95374653098983
0.2,0.2,0.25,0.05,0.3,1.0,0.055074049999999986,1,99.95374653098983
0.2,0.2,0.25,0.1,0.25,1.0,0.07306194999999993,2,99.90749306197965
0.2,0.2,0.25,0.15,0.2,1.0,0.06330810000000003,3,99.86123959296947
0.2,0.2,0.25,0.2,0.15,1.0,0.017247499999999916,4,99.81498612395929
0.2,0.2,0.25,0.25,0.1,0.9999958539255034,-0.0412999,4,99.81498612395929
0.2,0.2,0.25,0.3,0.05,0.99998756177651,-0.09984729999999992,4,99.81498612395929
0.2,0.2,0.25,0.35,0.0,0.9999668314040266,-0.1583947,4,99.81498612395929
0.2,0.2,0.3,0.0,0.3,1.0,0.0035814000000000124,2,99.90749306197965
0.2,0.2,0.3,0.05,0.25,1.0,0.024672899999999998,2,99.90749306197965
0.2,0.2,0.3,0.1,0.2,1.0,0.04576440000000004,3,99.86123959296947
0.2,0.2,0.3,0.15,0.15,1.0,0.02170945000000002,4,99.81498612395929
0.2,0.2,0.3,0.2,0.1,0.9999917078510067,-0.03335980000000005,4,99.81498612395929
0.2,0.2,0.3,0.25,0.05,0.9999834157020133,-0.09190719999999997,4,99.81498612395929
0.2,0.2,0.3,0.3,0.0,0.99997512355302,-0.15045459999999994,5,99.76873265494912
0.2,0.2,0.35,0.0,0.25,0.9999917078510067,-0.04152865,3,99.86123959296947
0.2,0.2,0.35,0.05,0.2,0.9999917078510067,-0.035265449999999976,4,99.81498612395929
0.2,0.2,0.35,0.1,0.15,0.9999917078510067,-0.02900224999999995,5,99.76873265494912
0.2,0.2,0.35,0.15,0.1,0.9999834157020133,-0.04431315000000002,5,99.76873265494912
0.2,0.2,0.35,0.2,0.05,0.99997512355302,-0.08396710000000002,5,99.76873265494912
0.2,0.2,0.35,0.25,0.0,0.99996268532953,-0.1425145,6,99.72247918593895
0.2,0.2,0.4,0.0,0.2,0.99997512355302,-0.11657859999999998,7,99.67622571692877
0.2,0.2,0.4,0.05,0.15,0.99997512355302,-0.11031540000000001,8,99.6299722479186
0.2,0.2,0.4,0.1,0.1,0.99996268532953,-0.10405219999999998,8,99.6299722479186
0.2,0.2,0.4,0.15,0.05,0.99995024710604,-0.1103357499999999,8,99.6299722479186
0.2,0.2,0.4,0.2,0.0,0.99995024710604,-0.14358559999999998,8,99.6299722479186
0.2,0.2,0.45,0.0,0.15,0.9999336628080533,-0.19162855,13,99.39870490286772
0.2,0.2,0.45,0.05,0.1,0.99992537065906,-0.18536534999999998,13,99.39870490286772
0.2,0.2,0.45,0.1,0.05,0.99991293243557,-0.1791021499999999,12,99.44495837187789
0.2,0.2,0.45,0.15,0.0,0.9999087863610734,-0.17635834999999994,12,99.44495837187789
0.2,0.2,0.5,0.0,0.1,0.9998175727221467,-0.2666785,23,98.93617021276596
0.2,0.2,0.5,0.05,0.05,0.9998175727221467,-0.2604153,23,98.93617021276596
0.2,0.2,0.5,0.1,0.0,0.9998092805731533,-0.2541521,23,98.93617021276596
0.2,0.2,0.55,0.0,0.05,0.9997056287107366,-0.34172845,28,98.70490286771508
0.2,0.2,0.55,0.05,0.0,0.9996848983382534,-0.33546525000000005,28,98.70490286771508
0.2,0.2,0.6,0.0,0.0,0.99957710040134,-0.4167783999999999,35,98.38112858464385
0.2,0.25,0.0,0.0,0.55,0.9999709774785234,-0.12046490000000004,8,99.6299722479186
0.2,0.25,0.0,0.05,0.5,0.9999668314040266,-0.0888749499999999,8,99.6299722479186
0.2,0.25,0.0,0.1,0.45,0.9999668314040266,-0.06620989999999999,9,99.58371877890842
0.2,0.25,0.0,0.15,0.4,0.99996268532953,-0.05977064999999998,10,99.53746530989824
0.2,0.25,0.0,0.2,0.35,0.9999709774785234,-0.05333139999999997,8,99.6299722479186
0.2,0.25,0.0,0.25,0.3,0.9999709774785234,-0.05078714999999995,7,99.67622571692877
0.2,0.25,0.0,0.3,0.25,0.9999709774785234,-0.049447099999999966,7,99.67622571692877
0.2,0.25,0.0,0.35,0.2,0.9999543931805367,-0.048107049999999985,8,99.6299722479186
0.2,0.25,0.0,0.4,0.15,0.99992537065906,-0.05258085000000001,13,99.39870490286772
0.2,0.25,0.0,0.45,0.1,0.9998673256161067,-0.09441169999999999,16,99.25994449583719
0.2,0.25,0.0,0.5,0.05,0.9997097747852334,-0.13682954999999986,20,99.07493061979649
0.2,0.25,0.0,0.55,0.0,0.99960197684832,-0.19081129999999996,24,98.88991674375578
0.2,0.25,0.05,0.0,0.5,0.9999709774785234,-0.05966260000000001,7,99.67622571692877
0.2,0.25,0.05,0.05,0.45,0.99997512355302,-0.02807264999999992,7,99.67622571692877
0.2,0.25,0.05,0.1,0.4,0.9999834157020133,-0.006797049999999971,7,99.67622571692877
0.2,0.25,0.05,0.15,0.35,0.9999958539255034,-0.00042399999999997995,6,99.72247918593895
0.2,0.25,0.05,0.2,0.3,1.0,0.0013822000000001111,6,99.72247918593895
0.2,0.25,0.05,0.25,0.25,1.0,0.002722250000000037,7,99.67622571692877
0.2,0.25,0.05,0.3,0.2,1.0,0.004062300000000019,8,99.6299722479186
0.2,0.25,0.05,0.35,0.15,0.99998756177651,-0.007974849999999978,8,99.6299722479186
0.2,0.25,0.05,0.4,0.1,0.99996268532953,-0.06577640000000001,14,99.35245143385754
0.2,0.25,0.05,0.45,0.05,0.99988805598859,-0.12432379999999998,18,99.16743755781684
0.2,0.25,0.05,0.5,0.0,0.9997595276791933,-0.18287119999999996,20,99.07493061979649
0.2,0.25,0.1,0.0,0.45,0.9999958539255034,-0.02218155000000005,2,99.90749306197965
0.2,0.25,0.1,0.05,0.4,0.9999958539255034,-0.004193649999999993,1,99.95374653098983
0.2,0.25,0.1,0.1,0.35,1.0,0.013794250000000008,1,99.95374653098983
0.2,0.25,0.1,0.15,0.3,1.0,0.03178215000000001,1,99.95374653098983
0.2,0.25,0.1,0.2,0.25,1.0,0.04977005000000001,1,99.95374653098983
0.2,0.25,0.1,0.25,0.2,1.0,0.04378959999999993,2,99.90749306197965
0.2,0.25,0.1,0.3,0.15,1.0,0.0007110999999999645,3,99.86123959296947
0.2,0.25,0.1,0.35,0.1,0.9999917078510067,-0.05783630000000006,5,99.76873265494912
0.2,0.25,0.1,0.4,0.05,0.9999419549570466,-0.11638369999999998,11,99.49121184088807
0.2,0.25,0.1,0.45,0.0,0.9998797638395966,-0.17493110000000006,16,99.25994449583719
0.2,0.25,0.15,0.0,0.4,0.9999958539255034,-0.0052624,1,99.95374653098983
0.2,0.25,0.15,0.05,0.35,1.0,0.0127255,1,99.95374653098983
0.2,0.25,0.15,0.1,0.3,1.0,0.030713400000000002,1,99.95374653098983
0.2,0.25,0.15,0.15,0.25,1.0,0.04870130000000006,1,99.95374653098983
0.2,0.25,0.15,0.2,0.2,1.0,0.059293050000000014,2,99.90749306197965
0.2,0.25,0.15,0.25,0.15,1.0,0.00865119999999997,2,99.90749306197965
0.2,0.25,0.15,0.3,0.1,0.9999958539255034,-0.0498962,2,99.90749306197965
0.2,0.25,0.15,0.35,0.05,0.9999792696275167,-0.10844359999999997,3,99.86123959296947
0.2,0.25,0.15,0.4,0.0,0.99992537065906,-0.166991,8,99.6299722479186
0.2,0.25,0.2,0.0,0.35,1.0,0.011656750000000049,1,99.95374653098983
0.2,0.25,0.2,0.05,0.3,1.0,0.02964465000000005,1,99.95374653098983
0.2,0.25,0.2,0.1,0.25,1.0,0.04763255000000011,2,99.90749306197965
0.2,0.25,0.2,0.15,0.2,1.0,0.06562045,3,99.86123959296947
0.2,0.25,0.2,0.2,0.15,1.0,0.01659129999999992,3,99.86123959296947
0.2,0.25,0.2,0.25,0.1,0.9999958539255034,-0.04195610000000005,4,99.81498612395929
0.2,0.25,0.2,0.3,0.05,0.99998756177651,-0.10050349999999991,3,99.86123959296947
0.2,0.25,0.2,0.35,0.0,0.9999709774785234,-0.15905089999999994,5,99.76873265494912
0.2,0.25,0.25,0.0,0.3,1.0,0.028575900000000043,2,99.90749306197965
0.2,0.25,0.25,0.05,0.25,1.0,0.046563800000000044,2,99.90749306197965
0.2,0.25,0.25,0.1,0.2,1.0,0.05090115000000006,3,99.86123959296947
0.2,0.25,0.25,0.15,0.15,1.0,0.017651300000000036,3,99.86123959296947
0.2,0.25,0.25,0.2,0.1,0.9999917078510067,-0.0340160000000001,4,99.81498612395929
0.2,0.25,0.25,0.25,0.05,0.99998756177651,-0.09256340000000002,4,99.81498612395929
0.2,0.25,0.25,0.3,0.0,0.99997512355302,-0.15111080000000005,6,99.72247918593895
0.2,0.25,0.3,0.0,0.25,0.9999958539255034,-0.00023094999999995203,2,99.90749306197965
0.2,0.25,0.3,0.05,0.2,1.0,0.006032250000000017,3,99.86123959296947
0.2,0.25,0.3,0.1,0.15,0.9999958539255034,-0.01512144999999998,3,99.86123959296947
0.2,0.25,0.3,0.15,0.1,0.9999917078510067,-0.048371300000000006,4,99.81498612395929
0.2,0.25,0.3,0.2,0.05,0.9999834157020133,-0.08462330000000001,4,99.81498612395929
0.2,0.25,0.3,0.25,0.0,0.9999834157020133,-0.14317069999999998,5,99.76873265494912
0.2,0.25,0.35,0.0,0.2,0.99998756177651,-0.07528089999999998,8,99.6299722479186
0.2,0.25,0.35,0.05,0.15,0.9999917078510067,-0.06901770000000002,8,99.6299722479186
0.2,0.25,0.35,0.1,0.1,0.99998756177651,-0.08114405000000002,9,99.58371877890842
0.2,0.25,0.35,0.15,0.05,0.9999668314040266,-0.11439389999999994,9,99.58371877890842
0.2,0.25,0.35,0.2,0.0,0.9999543931805367,-0.14764375000000002,9,99.58371877890842
0.2,0.25,0.4,0.0,0.15,0.9999585392550333,-0.15033084999999996,12,99.44495837187789
0.2,0.25,0.4,0.05,0.1,0.9999419549570466,-0.14406765000000005,13,99.39870490286772
0.2,0.25,0.4,0.1,0.05,0.99992537065906,-0.14716664999999995,13,99.39870490286772
0.2,0.25,0.4,0.15,0.0,0.9999212245845633,-0.18041649999999998,13,99.39870490286772
0.2,0.25,0.45,0.0,0.1,0.99986317954161,-0.2253808,18,99.16743755781684
0.2,0.25,0.45,0.05,0.05,0.99985074131812,-0.21911759999999997,19,99.12118408880666
0.2,0.25,0.45,0.1,0.0,0.9998590334671134,-0.21318925,19,99.12118408880666
0.2,0.25,0.5,0.0,0.05,0.9997719659026834,-0.30043074999999997,28,98.70490286771508
0.2,0.25,0.5,0.05,0.0,0.9997470894557033,-0.29416755,28,98.70490286771508
0.2,0.25,0.55,0.0,0.0,0.99961441507181,-0.3754807,32,98.51988899167438
0.2,0.3,0.0,0.0,0.5,0.99996268532953,-0.08839779999999997,6,99.72247918593895
0.2,0.3,0.0,0.05,0.45,0.9999709774785234,-0.05680784999999994,7,99.67622571692877
0.2,0.3,0.0,0.1,0.4,0.9999709774785234,-0.035659699999999905,8,99.6299722479186
0.2,0.3,0.0,0.15,0.35,0.99997512355302,-0.029220450000000064,7,99.67622571692877
0.2,0.3,0.0,0.2,0.3,0.99997512355302,-0.024496399999999918,6,99.72247918593895
0.2,0.3,0.0,0.25,0.25,0.9999792696275167,-0.023156350000000048,8,99.6299722479186
0.2,0.3,0.0,0.3,0.2,0.99997512355302,-0.02181630000000001,9,99.58371877890842
0.2,0.3,0.0,0.35,0.15,0.9999585392550333,-0.022591949999999972,10,99.53746530989824
0.2,0.3,0.0,0.4,0.1,0.9999336628080533,-0.06643260000000001,14,99.35245143385754
0.2,0.3,0.0,0.45,0.05,0.9998714716906033,-0.12497999999999992,19,99.12118408880666
0.2,0.3,0.0,0.5,0.0,0.9997222130087233,-0.1835274,20,99.07493061979649
0.2,0.3,0.05,0.0,0.45,0.9999917078510067,-0.047610949999999985,3,99.86123959296947
0.2,0.3,0.05,0.05,0.4,0.9999958539255034,-0.02962304999999993,2,99.90749306197965
0.2,0.3,0.05,0.1,0.35,0.9999958539255034,-0.011635149999999927,1,99.95374653098983
0.2,0.3,0.05,0.15,0.3,1.0,0.006352750000000018,1,99.95374653098983
0.2,0.3,0.05,0.2,0.25,1.0,0.024340649999999964,1,99.95374653098983
0.2,0.3,0.05,0.25,0.2,1.0,0.01504945000000002,3,99.86123959296947
0.2,0.3,0.05,0.3,0.15,0.9999958539255034,-0.007088499999999998,4,99.81498612395929
0.2,0.3,0.05,0.35,0.1,0.9999834157020133,-0.05849250000000006,6,99.72247918593895
0.2,0.3,0.05,0.4,0.05,0.9999336628080533,-0.11703990000000003,12,99.44495837187789
0.2,0.3,0.05,0.45,0.0,0.9998756177651,-0.1755873,17,99.21369102682701
0.2,0.3,0.1,0.0,0.4,0.9999958539255034,-0.030691799999999936,1,99.95374653098983
0.2,0.3,0.1,0.05,0.35,0.9999958539255034,-0.012703899999999935,1,99.95374653098983
0.2,0.3,0.1,0.1,0.3,1.0,0.005284000000000066,1,99.95374653098983
0.2,0.3,0.1,0.15,0.25,1.0,0.023271900000000012,1,99.95374653098983
0.2,0.3,0.1,0.2,0.2,1.0,0.030552899999999994,2,99.90749306197965
0.2,0.3,0.1,0.25,0.15,1.0,0.007994999999999919,1,99.95374653098983
0.2,0.3,0.1,0.3,0.1,0.9999917078510067,-0.0505524,3,99.86123959296947
0.2,0.3,0.1,0.35,0.05,0.99997512355302,-0.10909979999999997,4,99.81498612395929
0.2,0.3,0.1,0.4,0.0,0.9999170785100666,-0.16764720000000005,10,99.53746530989824
0.2,0.3,0.15,0.0,0.35,0.9999958539255034,-0.013772649999999997,1,99.95374653098983
0.2,0.3,0.15,0.05,0.3,1.0,0.004215250000000004,1,99.95374653098983
0.2,0.3,0.15,0.1,0.25,1.0,0.02220314999999995,2,99.90749306197965
0.2,0.3,0.15,0.15,0.2,1.0,0.04019104999999995,3,99.86123959296947
0.2,0.3,0.15,0.2,0.15,1.0,0.01593509999999998,3,99.86123959296947
0.2,0.3,0.15,0.25,0.1,0.9999958539255034,-0.042612299999999936,3,99.86123959296947
0.2,0.3,0.15,0.3,0.05,0.9999792696275167,-0.10115969999999985,5,99.76873265494912
0.2,0.3,0.15,0.35,0.0,0.99996268532953,-0.15970709999999988,6,99.72247918593895
0.2,0.3,0.2,0.0,0.3,1.0,0.003146500000000052,2,99.90749306197965
0.2,0.3,0.2,0.05,0.25,1.0,0.021134399999999998,2,99.90749306197965
0.2,0.3,0.2,0.1,0.2,1.0,0.025980200000000064,3,99.86123959296947
0.2,0.3,0.2,0.15,0.15,1.0,0.013593149999999998,3,99.86123959296947
0.2,0.3,0.2,0.2,0.1,0.9999917078510067,-0.0346722000000001,3,99.86123959296947
0.2,0.3,0.2,0.25,0.05,0.9999834157020133,-0.09321959999999996,5,99.76873265494912
0.2,0.3,0.2,0.3,0.0,0.9999668314040266,-0.15176699999999999,6,99.72247918593895
0.2,0.3,0.25,0.0,0.25,0.9999958539255034,-0.0023887999999999687,2,99.90749306197965
0.2,0.3,0.25,0.05,0.2,1.0,0.0007708000000000714,3,99.86123959296947
0.2,0.3,0.25,0.1,0.15,0.9999958539255034,-0.01917960000000002,3,99.86123959296947
0.2,0.3,0.25,0.15,0.1,0.9999917078510067,-0.052429450000000044,3,99.86123959296947
0.2,0.3,0.25,0.2,0.05,0.9999834157020133,-0.08567929999999996,4,99.81498612395929
0.2,0.3,0.25,0.25,0.0,0.99997512355302,-0.1438269000000001,6,99.72247918593895
0.2,0.3,0.3,0.0,0.2,0.99998756177651,-0.033983199999999936,9,99.58371877890842
0.2,0.3,0.3,0.05,0.15,0.99998756177651,-0.051952349999999925,9,99.58371877890842
0.2,0.3,0.3,0.1,0.1,0.9999834157020133,-0.0852022,10,99.53746530989824
0.2,0.3,0.3,0.15,0.05,0.9999709774785234,-0.11845204999999992,10,99.53746530989824
0.2,0.3,0.3,0.2,0.0,0.99995024710604,-0.1517018999999999,11,99.49121184088807
0.2,0.3,0.35,0.0,0.15,0.99997512355302,-0.10903314999999997,12,99.44495837187789
0.2,0.3,0.35,0.05,0.1,0.9999668314040266,-0.11797494999999997,14,99.35245143385754
0.2,0.3,0.35,0.1,0.05,0.9999419549570466,-0.15122479999999994,14,99.35245143385754
0.2,0.3,0.35,0.15,0.0,0.9999295167335567,-0.18447464999999996,14,99.35245143385754
0.2,0.3,0.4,0.0,0.1,0.9998922020630867,-0.1840831,19,99.12118408880666
0.2,0.3,0.4,0.05,0.05,0.9998922020630867,-0.18399754999999995,19,99.12118408880666
0.2,0.3,0.4,0.1,0.0,0.99986317954161,-0.21724739999999998,20,99.07493061979649
0.2,0.3,0.45,0.0,0.05,0.99981342664765,-0.25913305,24,98.88991674375578
0.2,0.3,0.45,0.05,0.0,0.9997926962751666,-0.25286984999999995,24,98.88991674375578
0.2,0.3,0.5,0.0,0.0,0.9996558758167767,-0.334183,33,98.47363552266421
0.2,0.35,0.0,0.0,0.45,0.9999585392550333,-0.07304035000000003,4,99.81498612395929
0.2,0.35,0.0,0.05,0.4,0.99996268532953,-0.055052449999999975,3,99.86123959296947
0.2,0.35,0.0,0.1,0.35,0.99997512355302,-0.042488649999999906,4,99.81498612395929
0.2,0.35,0.0,0.15,0.3,0.99998756177651,-0.03585470000000007,4,99.81498612395929
0.2,0.35,0.0,0.2,0.25,0.99998756177651,-0.03801365000000001,3,99.86123959296947
0.2,0.35,0.0,0.25,0.2,0.99998756177651,-0.0401726,3,99.86123959296947
0.2,0.35,0.0,0.3,0.15,0.99997512355302,-0.04233155000000005,7,99.67622571692877
0.2,0.35,0.0,0.35,0.1,0.9999585392550333,-0.0591487,8,99.6299722479186
0.2,0.35,0.0,0.4,0.05,0.9999087863610734,-0.11769609999999997,11,99.49121184088807
0.2,0.35,0.0,0.45,0.0,0.9998590334671134,-0.17624349999999994,17,99.21369102682701
0.2,0.35,0.05,0.0,0.4,0.9999834157020133,-0.05612119999999998,3,99.86123959296947
0.2,0.35,0.05,0.05,0.35,0.99998756177651,-0.03813329999999998,3,99.86123959296947
0.2,0.35,0.05,0.1,0.3,0.99998756177651,-0.02014539999999998,4,99.81498612395929
0.2,0.35,0.05,0.15,0.25,0.99998756177651,-0.011581500000000022,3,99.86123959296947
0.2,0.35,0.05,0.2,0.2,0.9999917078510067,-0.009727799999999953,4,99.81498612395929
0.2,0.35,0.05,0.25,0.15,0.9999917078510067,-0.020325200000000043,4,99.81498612395929
0.2,0.35,0.05,0.3,0.1,0.99997512355302,-0.05120859999999999,4,99.81498612395929
0.2,0.35,0.05,0.35,0.05,0.9999668314040266,-0.10975599999999996,6,99.72247918593895
0.2,0.35,0.05,0.4,0.0,0.9999087863610734,-0.16830340000000005,10,99.53746530989824
0.2,0.35,0.1,0.0,0.35,0.9999917078510067,-0.03920204999999999,2,99.90749306197965
0.2,0.35,0.1,0.05,0.3,0.9999917078510067,-0.021214149999999987,3,99.86123959296947
0.2,0.35,0.1,0.1,0.25,0.9999958539255034,-0.003226249999999986,3,99.86123959296947
0.2,0.35,0.1,0.15,0.2,1.0,0.010789749999999987,5,99.76873265494912
0.2,0.35,0.1,0.2,0.15,0.9999958539255034,-0.004821750000000069,5,99.76873265494912
0.2,0.35,0.1,0.25,0.1,0.9999917078510067,-0.04326849999999999,5,99.76873265494912
0.2,0.35,0.1,0.3,0.05,0.99997512355302,-0.1018158999999999,6,99.72247918593895
0.2,0.35,0.1,0.35,0.0,0.99995024710604,-0.1603633,8,99.6299722479186
0.2,0.35,0.15,0.0,0.3,0.9999917078510067,-0.02228290000000005,3,99.86123959296947
0.2,0.35,0.15,0.05,0.25,0.9999917078510067,-0.009321499999999983,3,99.86123959296947
0.2,0.35,0.15,0.1,0.2,0.9999958539255034,-0.006161899999999942,4,99.81498612395929
0.2,0.35,0.15,0.15,0.15,0.9999958539255034,-0.0030023000000000133,5,99.76873265494912
0.2,0.35,0.15,0.2,0.1,0.99998756177651,-0.03532840000000004,6,99.72247918593895
0.2,0.35,0.15,0.25,0.05,0.99997512355302,-0.09387579999999995,7,99.67622571692877
0.2,0.35,0.15,0.3,0.0,0.99996268532953,-0.15242319999999993,7,99.67622571692877
0.2,0.35,0.2,0.0,0.25,0.9999917078510067,-0.03453090000000003,3,99.86123959296947
0.2,0.35,0.2,0.05,0.2,0.9999958539255034,-0.03137129999999999,4,99.81498612395929
0.2,0.35,0.2,0.1,0.15,0.9999917078510067,-0.02821169999999995,4,99.81498612395929
0.2,0.35,0.2,0.15,0.1,0.99998756177651,-0.05648759999999997,4,99.81498612395929
0.2,0.35,0.2,0.2,0.05,0.99997512355302,-0.08973744999999994,7,99.67622571692877
0.2,0.35,0.2,0.25,0.0,0.9999543931805367,-0.14448309999999998,8,99.6299722479186
0.2,0.35,0.25,0.0,0.2,0.9999917078510067,-0.056580699999999984,11,99.49121184088807
0.2,0.35,0.25,0.05,0.15,0.9999917078510067,-0.05601049999999996,11,99.49121184088807
0.2,0.35,0.25,0.1,0.1,0.99998756177651,-0.08926034999999999,11,99.49121184088807
0.2,0.35,0.25,0.15,0.05,0.9999709774785234,-0.1225101999999999,12,99.44495837187789
0.2,0.35,0.25,0.2,0.0,0.9999295167335567,-0.15576004999999998,15,99.30619796484737
0.2,0.35,0.3,0.0,0.15,0.9999834157020133,-0.08878324999999998,16,99.25994449583719
0.2,0.35,0.3,0.05,0.1,0.9999668314040266,-0.12203309999999995,16,99.25994449583719
0.2,0.35,0.3,0.1,0.05,0.9999461010315434,-0.15528294999999992,17,99.21369102682701
0.2,0.35,0.3,0.15,0.0,0.9999087863610734,-0.18853279999999994,18,99.16743755781684
0.2,0.35,0.35,0.0,0.1,0.9999212245845633,-0.15480584999999997,20,99.07493061979649
0.2,0.35,0.35,0.05,0.05,0.99991293243557,-0.18805569999999994,21,99.02867715078631
0.2,0.35,0.35,0.1,0.0,0.99988805598859,-0.22130554999999996,21,99.02867715078631
0.2,0.35,0.4,0.0,0.05,0.9998175727221467,-0.22082844999999993,26,98.79740980573543
0.2,0.35,0.4,0.05,0.0,0.99978855020067,-0.2540782999999999,26,98.79740980573543
0.2,0.35,0.45,0.0,0.0,0.9996973365617433,-0.29288529999999996,28,98.70490286771508
0.2,0.4,0.0,0.0,0.4,0.9999709774785234,-0.11096579999999995,5,99.76873265494912
0.2,0.4,0.0,0.05,0.35,0.9999792696275167,-0.10242989999999996,5,99.76873265494912
0.2,0.4,0.0,0.1,0.3,0.9999792696275167,-0.09389399999999992,5,99.76873265494912
0.2,0.4,0.0,0.15,0.25,0.9999709774785234,-0.08535810000000005,4,99.81498612395929
0.2,0.4,0.0,0.2,0.2,0.9999792696275167,-0.08140619999999998,5,99.76873265494912
0.2,0.4,0.0,0.25,0.15,0.9999709774785234,-0.08356515000000003,6,99.72247918593895
0.2,0.4,0.0,0.3,0.1,0.9999585392550333,-0.08572410000000003,5,99.76873265494912
0.2,0.4,0.0,0.35,0.05,0.9999543931805367,-0.1104121999999999,7,99.67622571692877
0.2,0.4,0.0,0.4,0.0,0.99988805598859,-0.1689596,10,99.53746530989824
0.2,0.4,0.05,0.0,0.35,0.99997512355302,-0.08859454999999994,5,99.76873265494912
0.2,0.4,0.05,0.05,0.3,0.99997512355302,-0.08005864999999995,6,99.72247918593895
0.2,0.4,0.05,0.1,0.25,0.9999792696275167,-0.07152274999999991,5,99.76873265494912
0.2,0.4,0.05,0.15,0.2,0.9999792696275167,-0.06298685000000004,5,99.76873265494912
0.2,0.4,0.05,0.2,0.15,0.9999709774785234,-0.05445095,6,99.72247918593895
0.2,0.4,0.05,0.25,0.1,0.99996268532953,-0.05569985000000005,6,99.72247918593895
0.2,0.4,0.05,0.3,0.05,0.9999543931805367,-0.1024720999999999,6,99.72247918593895
0.2,0.4,0.05,0.35,0.0,0.99993780888255,-0.16101949999999993,9,99.58371877890842
0.2,0.4,0.1,0.0,0.3,0.9999792696275167,-0.06622329999999993,6,99.72247918593895
0.2,0.4,0.1,0.05,0.25,0.9999834157020133,-0.057687399999999944,4,99.81498612395929
0.2,0.4,0.1,0.1,0.2,0.9999834157020133,-0.04915149999999996,5,99.76873265494912
0.2,0.4,0.1,0.15,0.15,0.9999834157020133,-0.04061560000000003,6,99.72247918593895
0.2,0.4,0.1,0.2,0.1,0.99996268532953,-0.04019640000000002,6,99.72247918593895
0.2,0.4,0.1,0.25,0.05,0.9999585392550333,-0.0945319999999999,5,99.76873265494912
0.2,0.4,0.1,0.3,0.0,0.9999419549570466,-0.15307939999999998,8,99.6299722479186
0.2,0.4,0.15,0.0,0.25,0.99998756177651,-0.06667300000000004,5,99.76873265494912
0.2,0.4,0.15,0.05,0.2,0.99998756177651,-0.0635134,6,99.72247918593895
0.2,0.4,0.15,0.1,0.15,0.9999834157020133,-0.06035380000000001,6,99.72247918593895
0.2,0.4,0.15,0.15,0.1,0.99997512355302,-0.06054575000000001,7,99.67622571692877
0.2,0.4,0.15,0.2,0.05,0.9999668314040266,-0.09379559999999992,7,99.67622571692877
0.2,0.4,0.15,0.25,0.0,0.9999295167335567,-0.14513929999999997,9,99.58371877890842
0.2,0.4,0.2,0.0,0.2,0.9999834157020133,-0.08872279999999999,15,99.30619796484737
0.2,0.4,0.2,0.05,0.15,0.99998756177651,-0.0855632,15,99.30619796484737
0.2,0.4,0.2,0.1,0.1,0.99997512355302,-0.09331850000000003,15,99.30619796484737
0.2,0.4,0.2,0.15,0.05,0.99995024710604,-0.12656834999999994,16,99.25994449583719
0.2,0.4,0.2,0.2,0.0,0.9999170785100666,-0.1598181999999999,18,99.16743755781684
0.2,0.4,0.25,0.0,0.15,0.99997512355302,-0.1107726,16,99.25994449583719
0.2,0.4,0.25,0.05,0.1,0.9999585392550333,-0.12609125,17,99.21369102682701
0.2,0.4,0.25,0.1,0.05,0.99992537065906,-0.15934109999999996,19,99.12118408880666
0.2,0.4,0.25,0.15,0.0,0.99990049421208,-0.19259094999999998,20,99.07493061979649
0.2,0.4,0.3,0.0,0.1,0.9999170785100666,-0.158864,21,99.02867715078631
0.2,0.4,0.3,0.05,0.05,0.99990049421208,-0.19211384999999992,22,98.98242368177613
0.2,0.4,0.3,0.1,0.0,0.9998839099140934,-0.2253637,24,98.88991674375578
0.2,0.4,0.35,0.0,0.05,0.9998051344986567,-0.22488659999999996,27,98.75115633672526
0.2,0.4,0.35,0.05,0.0,0.99977611197718,-0.25813644999999996,28,98.70490286771508
0.2,0.4,0.4,0.0,0.0,0.9996848983382534,-0.2909092,28,98.70490286771508
0.2,0.45,0.0,0.0,0.35,0.9999336628080533,-0.16237115000000002,6,99.72247918593895
0.2,0.45,0.0,0.05,0.3,0.9999461010315434,-0.15383524999999998,7,99.67622571692877
0.2,0.45,0.0,0.1,0.25,0.9999543931805367,-0.14529934999999994,7,99.67622571692877
0.2,0.45,0.0,0.15,0.2,0.9999461010315434,-0.13676345000000006,9,99.58371877890842
0.2,0.45,0.0,0.2,0.15,0.9999543931805367,-0.12822755000000008,9,99.58371877890842
0.2,0.45,0.0,0.25,0.1,0.9999461010315434,-0.1269577,9,99.58371877890842
0.2,0.45,0.0,0.3,0.05,0.99993780888255,-0.12911665,8,99.6299722479186
0.2,0.45,0.0,0.35,0.0,0.9999087863610734,-0.16745095,9,99.58371877890842
0.2,0.45,0.05,0.0,0.3,0.9999543931805367,-0.13999989999999995,7,99.67622571692877
0.2,0.45,0.05,0.05,0.25,0.9999585392550333,-0.13146399999999991,8,99.6299722479186
0.2,0.45,0.05,0.1,0.2,0.9999543931805367,-0.12292809999999993,10,99.53746530989824
0.2,0.45,0.05,0.15,0.15,0.9999543931805367,-0.11439220000000005,10,99.53746530989824
0.2,0.45,0.05,0.2,0.1,0.99995024710604,-0.10585630000000001,10,99.53746530989824
0.2,0.45,0.05,0.25,0.05,0.9999461010315434,-0.10278554999999995,8,99.6299722479186
0.2,0.45,0.05,0.3,0.0,0.9999212245845633,-0.15373559999999992,10,99.53746530989824
0.2,0.45,0.1,0.0,0.25,0.9999419549570466,-0.11762864999999995,10,99.53746530989824
0.2,0.45,0.1,0.05,0.2,0.9999461010315434,-0.1090927499999999,11,99.49121184088807
0.2,0.45,0.1,0.1,0.15,0.9999461010315434,-0.10055684999999998,12,99.44495837187789
0.2,0.45,0.1,0.15,0.1,0.99995024710604,-0.09202095000000005,12,99.44495837187789
0.2,0.45,0.1,0.2,0.05,0.9999461010315434,-0.09785374999999996,13,99.39870490286772
0.2,0.45,0.1,0.25,0.0,0.9998963481375833,-0.14579550000000008,15,99.30619796484737
0.2,0.45,0.15,0.0,0.2,0.9999295167335567,-0.12086490000000005,19,99.12118408880666
0.2,0.45,0.15,0.05,0.15,0.9999336628080533,-0.11770530000000007,19,99.12118408880666
0.2,0.45,0.15,0.1,0.1,0.99993780888255,-0.11454570000000003,20,99.07493061979649
0.2,0.45,0.15,0.15,0.05,0.9999046402865767,-0.13062649999999992,19,99.12118408880666
0.2,0.45,0.15,0.2,0.0,0.9998839099140934,-0.16387635,21,99.02867715078631
0.2,0.45,0.2,0.0,0.15,0.9999170785100666,-0.14291470000000006,21,99.02867715078631
0.2,0.45,0.2,0.05,0.1,0.9998963481375833,-0.13975510000000002,22,98.98242368177613
0.2,0.45,0.2,0.1,0.05,0.9998797638395966,-0.16339924999999994,21,99.02867715078631
0.2,0.45,0.2,0.15,0.0,0.9998590334671134,-0.19664909999999997,23,98.93617021276596
0.2,0.45,0.25,0.0,0.1,0.9998548873926166,-0.16496450000000001,24,98.88991674375578
0.2,0.45,0.25,0.05,0.05,0.9998465952436233,-0.19617199999999996,24,98.88991674375578
0.2,0.45,0.25,0.1,0.0,0.9998300109456366,-0.22942184999999998,25,98.84366327474561
0.2,0.45,0.3,0.0,0.05,0.99978855020067,-0.22894474999999997,31,98.56614246068455
0.2,0.45,0.3,0.05,0.0,0.9997429433812067,-0.26219459999999994,32,98.51988899167438
0.2,0.45,0.35,0.0,0.0,0.9996683140402667,-0.29496734999999996,35,98.38112858464385
0.2,0.5,0.0,0.0,0.3,0.9997926962751666,-0.21377649999999998,12,99.44495837187789
0.2,0.5,0.0,0.05,0.25,0.99980098842416,-0.2052406,12,99.44495837187789
0.2,0.5,0.0,0.1,0.2,0.9998175727221467,-0.19670469999999995,14,99.35245143385754
0.2,0.5,0.0,0.15,0.15,0.9998300109456366,-0.18816879999999997,15,99.30619796484737
0.2,0.5,0.0,0.2,0.1,0.99983830309463,-0.17963289999999993,14,99.35245143385754
0.2,0.5,0.0,0.25,0.05,0.9998590334671134,-0.1710969999999999,13,99.39870490286772
0.2,0.5,0.0,0.3,0.0,0.9998051344986567,-0.18494840000000007,15,99.30619796484737
0.2,0.5,0.05,0.0,0.25,0.9998217187966434,-0.19140524999999997,20,99.07493061979649
0.2,0.5,0.05,0.05,0.2,0.99982586487114,-0.18286934999999993,23,98.93617021276596
0.2,0.5,0.05,0.1,0.15,0.9998465952436233,-0.17433344999999995,23,98.93617021276596
0.2,0.5,0.05,0.15,0.1,0.9998590334671134,-0.16579754999999996,24,98.88991674375578
0.2,0.5,0.05,0.2,0.05,0.99983830309463,-0.15726164999999986,24,98.88991674375578
0.2,0.5,0.05,0.25,0.0,0.9997926962751666,-0.16872829999999994,23,98.93617021276596
0.2,0.5,0.1,0.0,0.2,0.9998548873926166,-0.16903399999999996,24,98.88991674375578
0.2,0.5,0.1,0.05,0.15,0.9998590334671134,-0.16049809999999998,25,98.84366327474561
0.2,0.5,0.1,0.1,0.1,0.99985074131812,-0.15196219999999994,24,98.88991674375578
0.2,0.5,0.1,0.15,0.05,0.99982586487114,-0.1435282,25,98.84366327474561
0.2,0.5,0.1,0.2,0.0,0.99980098842416,-0.16793449999999993,27,98.75115633672526
0.2,0.5,0.15,0.0,0.15,0.99986317954161,-0.1750568,29,98.6586493987049
0.2,0.5,0.15,0.05,0.1,0.9998300109456366,-0.17189720000000003,29,98.6586493987049
0.2,0.5,0.15,0.1,0.05,0.9998175727221467,-0.1687376,29,98.6586493987049
0.2,0.5,0.15,0.15,0.0,0.9997802580516767,-0.20070725000000006,30,98.61239592969473
0.2,0.5,0.2,0.0,0.1,0.9998092805731533,-0.19710660000000002,33,98.47363552266421
0.2,0.5,0.2,0.05,0.05,0.99978855020067,-0.20023014999999994,33,98.47363552266421
0.2,0.5,0.2,0.1,0.0,0.9997429433812067,-0.23348000000000002,33,98.47363552266421
0.2,0.5,0.25,0.0,0.05,0.9997512355302,-0.23300289999999999,38,98.24236817761333
0.2,0.5,0.25,0.05,0.0,0.99970148263624,-0.26625275,38,98.24236817761333
0.2,0.5,0.3,0.0,0.0,0.9996227072208034,-0.2990255,44,97.96484736355227
0.2,0.55,0.0,0.0,0.25,0.9996848983382534,-0.26518185,37,98.2886216466235
0.2,0.55,0.0,0.05,0.2,0.9996931904872467,-0.25664594999999996,38,98.24236817761333
0.2,0.55,0.0,0.1,0.15,0.99971392085973,-0.24811004999999997,40,98.14986123959298
0.2,0.55,0.0,0.15,0.1,0.9996931904872467,-0.23957414999999999,42,98.05735430157262
0.2,0.55,0.0,0.2,0.05,0.9996309993697967,-0.23103824999999995,43,98.01110083256243
0.2,0.55,0.0,0.25,0.0,0.9995563700288567,-0.22250234999999996,44,97.96484736355227
0.2,0.55,0.05,0.0,0.2,0.9997056287107366,-0.2428106,42,98.05735430157262
0.2,0.55,0.05,0.05,0.15,0.99971392085973,-0.2342747,42,98.05735430157262
0.2,0.55,0.05,0.1,0.1,0.9996807522637566,-0.22573879999999996,44,97.96484736355227
0.2,0.55,0.05,0.15,0.05,0.9996185611463067,-0.21720289999999992,44,97.96484736355227
0.2,0.55,0.05,0.2,0.0,0.99957710040134,-0.20866699999999994,45,97.9185938945421
0.2,0.55,0.1,0.0,0.15,0.9996848983382534,-0.22043934999999998,43,98.01110083256243
0.2,0.55,0.1,0.05,0.1,0.9996724601147633,-0.21190344999999994,44,97.96484736355227
0.2,0.55,0.1,0.1,0.05,0.99961441507181,-0.2033675499999999,45,97.9185938945421
0.2,0.55,0.1,0.15,0.0,0.99958953862483,-0.2047654,46,97.87234042553192
0.2,0.55,0.15,0.0,0.1,0.9996351454442933,-0.22924869999999997,49,97.73358001850139
0.2,0.55,0.15,0.05,0.05,0.9996102689973133,-0.22608910000000004,50,97.68732654949122
0.2,0.55,0.15,0.1,0.0,0.9995439318053667,-0.23753815,50,97.68732654949122
0.2,0.55,0.2,0.0,0.05,0.99956466217785,-0.25129850000000004,54,97.5023126734505
0.2,0.55,0.2,0.05,0.0,0.99952734750738,-0.2703109,55,97.45605920444034
0.2,0.55,0.25,0.0,0.0,0.9994319877939567,-0.30308365000000004,59,97.27104532839962
0.2,0.6,0.0,0.0,0.2,0.99957710040134,-0.3165871999999999,51,97.64107308048104
0.2,0.6,0.0,0.05,0.15,0.9995688082523467,-0.3080512999999999,53,97.54856614246069
0.2,0.6,0.0,0.1,0.1,0.99949003283691,-0.2995154,53,97.54856614246069
0.2,0.6,0.0,0.15,0.05,0.9994319877939567,-0.2909794999999999,52,97.59481961147087
0.2,0.6,0.0,0.2,0.0,0.99939052704899,-0.28244359999999996,54,97.5023126734505
0.2,0.6,0.05,0.0,0.15,0.9995232014328833,-0.2942159499999999,55,97.45605920444034
0.2,0.6,0.05,0.05,0.1,0.9994485720919434,-0.28568004999999985,56,97.40980573543015
0.2,0.6,0.05,0.1,0.05,0.9993988191979833,-0.27714414999999987,57,97.36355226641999
0.2,0.6,0.05,0.15,0.0,0.9993615045275134,-0.26860825,59,97.27104532839962
0.2,0.6,0.1,0.0,0.1,0.9994112574214733,-0.2718446999999999,61,97.17853839037927
0.2,0.6,0.1,0.05,0.05,0.9993697966765067,-0.26330879999999984,62,97.1322849213691
0.2,0.6,0.1,0.1,0.0,0.9993366280805334,-0.2550716,63,97.08603145235892
0.2,0.6,0.15,0.0,0.05,0.9992827291120767,-0.28344060000000004,67,96.90101757631822
0.2,0.6,0.15,0.05,0.0,0.9992578526650967,-0.280281,67,96.90101757631822
0.2,0.6,0.2,0.0,0.0,0.9991583468771766,-0.3071418,70,96.76225716928771
0.2,0.65,0.0,0.0,0.15,0.9992039536966401,-0.36799255,73,96.62349676225716
0.2,0.65,0.0,0.05,0.1,0.99916663902617,-0.35945665000000004,73,96.62349676225716
0.2,0.65,0.0,0.1,0.05,0.9991127400577133,-0.3509207499999999,74,96.577243293247
0.2,0.65,0.0,0.15,0.0,0.9990629871637534,-0.34238485,75,96.53098982423683
0.2,0.65,0.05,0.0,0.1,0.9991210322067067,-0.3456213,76,96.48473635522664
0.2,0.65,0.05,0.05,0.05,0.99907957146174,-0.3370854,77,96.43848288621648
0.2,0.65,0.05,0.1,0.0,0.9990381107167734,-0.3285495,77,96.43848288621648
0.2,0.65,0.1,0.0,0.05,0.9990256724932833,-0.3232500499999999,78,96.3922294172063
0.2,0.65,0.1,0.05,0.0,0.99898006567382,-0.31471415,78,96.3922294172063
0.2,0.65,0.15,0.0,0.0,0.9988598295134167,-0.3376325,81,96.25346901017576
0.2,0.7,0.0,0.0,0.1,0.9987769080234834,-0.4193979,80,96.29972247918593
0.2,0.7,0.0,0.05,0.05,0.9986898404590534,-0.41086199999999995,80,96.29972247918593
0.2,0.7,0.0,0.1,0.0,0.9986483797140867,-0.4023260999999999,82,96.2072155411656
0.2,0.7,0.05,0.0,0.05,0.9986276493416034,-0.3970266499999999,83,96.16096207215541
0.2,0.7,0.05,0.05,0.0,0.9985944807456301,-0.38849075000000005,83,96.16096207215541
0.2,0.7,0.1,0.0,0.0,0.9985032671067033,-0.3746553999999999,90,95.83718778908418
0.2,0.75,0.0,0.0,0.05,0.9983332780523401,-0.47080325,94,95.65217391304348
0.2,0.75,0.0,0.05,0.0,0.9982627947858967,-0.4622673500000001,95,95.6059204440333
0.2,0.75,0.05,0.0,0.0,0.9980720753590501,-0.44843200000000005,100,95.37465309898242
0.2,0.8,0.0,0.0,0.0,0.9973713887691134,-0.5222086,113,94.77335800185014
0.25,0.0,0.0,0.0,0.75,0.9998756177651,-0.26850824999999995,16,99.25994449583719
0.25,0.0,0.0,0.05,0.7,0.9998922020630867,-0.23691829999999994,11,99.49121184088807
0.25,0.0,0.0,0.1,0.65,0.9999046402865767,-0.20532835,10,99.53746530989824
0.25,0.0,0.0,0.15,0.6,0.9999212245845633,-0.19546334999999998,10,99.53746530989824
0.25,0.0,0.0,0.2,0.55,0.9998839099140934,-0.1890903,9,99.58371877890842
0.25,0.0,0.0,0.25,0.5,0.99986317954161,-0.18271725,9,99.58371877890842
0.25,0.0,0.0,0.3,0.45,0.99982586487114,-0.17728394999999997,9,99.58371877890842
0.25,0.0,0.0,0.35,0.4,0.9998175727221467,-0.17594390000000001,12,99.44495837187789
0.25,0.0,0.0,0.4,0.35,0.99980098842416,-0.19473240000000003,13,99.39870490286772
0.25,0.0,0.0,0.45,0.3,0.9997512355302,-0.23844995000000005,14,99.35245143385754
0.25,0.0,0.0,0.5,0.25,0.9996351454442933,-0.2821675,18,99.16743755781684
0.25,0.0,0.0,0.55,0.2,0.9995563700288567,-0.32588505,21,99.02867715078631
0.25,0.0,0.0,0.6,0.15,0.9993946731234867,-0.3696025999999999,24,98.88991674375578
0.25,0.0,0.0,0.65,0.1,0.99916663902617,-0.41332015000000005,31,98.56614246068455
0.25,0.0,0.0,0.7,0.05,0.9989593353013367,-0.4625045,35,98.38112858464385
0.25,0.0,0.0,0.75,0.0,0.9987064247570401,-0.5174862499999999,37,98.2886216466235
0.25,0.0,0.05,0.0,0.7,0.99990049421208,-0.20770594999999992,12,99.44495837187789
0.25,0.0,0.05,0.05,0.65,0.9999087863610734,-0.176116,11,99.49121184088807
0.25,0.0,0.05,0.1,0.6,0.99991293243557,-0.14452604999999996,10,99.53746530989824
0.25,0.0,0.05,0.15,0.55,0.9999212245845633,-0.13668534999999998,9,99.58371877890842
0.25,0.0,0.05,0.2,0.5,0.99992537065906,-0.1303123,8,99.6299722479186
0.25,0.0,0.05,0.25,0.45,0.9998922020630867,-0.12511459999999996,8,99.6299722479186
0.25,0.0,0.05,0.3,0.4,0.99986317954161,-0.12377455000000004,8,99.6299722479186
0.25,0.0,0.05,0.35,0.35,0.99983830309463,-0.12754875,11,99.49121184088807
0.25,0.0,0.05,0.4,0.3,0.9998424491691267,-0.17126629999999998,12,99.44495837187789
0.25,0.0,0.05,0.45,0.25,0.99980098842416,-0.21498385000000003,14,99.35245143385754
0.25,0.0,0.05,0.5,0.2,0.99971392085973,-0.2587014,19,99.12118408880666
0.25,0.0,0.05,0.55,0.15,0.9995729543268433,-0.30241894999999996,20,99.07493061979649
0.25,0.0,0.05,0.6,0.1,0.9994195495704666,-0.34613650000000007,22,98.98242368177613
0.25,0.0,0.05,0.65,0.05,0.9991873693986534,-0.38985405000000006,30,98.61239592969473
0.25,0.0,0.05,0.7,0.0,0.9989593353013367,-0.44944549999999994,35,98.38112858464385
0.25,0.0,0.1,0.0,0.65,0.99992537065906,-0.14690365,10,99.53746530989824
0.25,0.0,0.1,0.05,0.6,0.99992537065906,-0.11531369999999996,10,99.53746530989824
0.25,0.0,0.1,0.1,0.55,0.9999295167335567,-0.08428039999999998,8,99.6299722479186
0.25,0.0,0.1,0.15,0.5,0.99993780888255,-0.07790734999999999,8,99.6299722479186
0.25,0.0,0.1,0.2,0.45,0.99995024710604,-0.07294525000000002,8,99.6299722479186
0.25,0.0,0.1,0.25,0.4,0.9999419549570466,-0.07160519999999998,8,99.6299722479186
0.25,0.0,0.1,0.3,0.35,0.9999087863610734,-0.07026515,8,99.6299722479186
0.25,0.0,0.1,0.35,0.3,0.9998673256161067,-0.10408264999999994,10,99.53746530989824
0.25,0.0,0.1,0.4,0.25,0.99985074131812,-0.14780020000000005,12,99.44495837187789
0.25,0.0,0.1,0.45,0.2,0.99978855020067,-0.19151775000000004,15,99.30619796484737
0.25,0.0,0.1,0.5,0.15,0.9997305051577167,-0.23523529999999998,18,99.16743755781684
0.25,0.0,0.1,0.55,0.1,0.9996185611463067,-0.2789528500000001,19,99.12118408880666
0.25,0.0,0.1,0.6,0.05,0.99941540349597,-0.32267039999999997,22,98.98242368177613
0.25,0.0,0.1,0.65,0.0,0.9991956615476467,-0.38412245,28,98.70490286771508
0.25,0.0,0.15,0.0,0.6,0.99992537065906,-0.08610134999999997,10,99.53746530989824
0.25,0.0,0.15,0.05,0.55,0.9999295167335567,-0.05451139999999999,9,99.58371877890842
0.25,0.0,0.15,0.1,0.5,0.9999543931805367,-0.025502400000000036,9,99.58371877890842
0.25,0.0,0.15,0.15,0.45,0.99997512355302,-0.020775900000000014,8,99.6299722479186
0.25,0.0,0.15,0.2,0.4,0.9999834157020133,-0.019435850000000032,8,99.6299722479186
0.25,0.0,0.15,0.25,0.35,0.9999834157020133,-0.018095799999999995,8,99.6299722479186
0.25,0.0,0.15,0.3,0.3,0.9999543931805367,-0.03689899999999996,8,99.6299722479186
0.25,0.0,0.15,0.35,0.25,0.9999295167335567,-0.08061654999999995,10,99.53746530989824
0.25,0.0,0.15,0.4,0.2,0.9998714716906033,-0.12433410000000011,13,99.39870490286772
0.25,0.0,0.15,0.45,0.15,0.99980098842416,-0.16805165000000005,14,99.35245143385754
0.25,0.0,0.15,0.5,0.1,0.9997553816046967,-0.21176920000000005,17,99.21369102682701
0.25,0.0,0.15,0.55,0.05,0.99965172974228,-0.25548675000000004,20,99.07493061979649
0.25,0.0,0.15,0.6,0.0,0.9994319877939567,-0.3194788,22,98.98242368177613
0.25,0.0,0.2,0.0,0.55,0.9999668314040266,-0.06767764999999998,7,99.67622571692877
0.25,0.0,0.2,0.05,0.5,0.99997512355302,-0.032984100000000016,7,99.67622571692877
0.25,0.0,0.2,0.1,0.45,0.99998756177651,-0.004777949999999975,9,99.58371877890842
0.25,0.0,0.2,0.15,0.4,0.9999958539255034,-0.0003342999999999541,9,99.58371877890842
0.25,0.0,0.2,0.2,0.35,1.0,0.004109350000000067,8,99.6299722479186
0.25,0.0,0.2,0.25,0.3,1.0,0.008553000000000033,8,99.6299722479186
0.25,0.0,0.2,0.3,0.25,0.9999834157020133,-0.02439150000000001,7,99.67622571692877
0.25,0.0,0.2,0.35,0.2,0.9999419549570466,-0.05946089999999993,12,99.44495837187789
0.25,0.0,0.2,0.4,0.15,0.9998963481375833,-0.10086800000000007,13,99.39870490286772
0.25,0.0,0.2,0.45,0.1,0.9997926962751666,-0.14458555,14,99.35245143385754
0.25,0.0,0.2,0.5,0.05,0.9997470894557033,-0.1883031,18,99.16743755781684
0.25,0.0,0.2,0.55,0.0,0.99965172974228,-0.25483515,20,99.07493061979649
0.25,0.0,0.25,0.0,0.5,0.99997512355302,-0.059875499999999915,7,99.67622571692877
0.25,0.0,0.25,0.05,0.45,0.9999792696275167,-0.025181949999999953,7,99.67622571692877
0.25,0.0,0.25,0.1,0.4,0.9999917078510067,-0.004268699999999903,7,99.67622571692877
0.25,0.0,0.25,0.15,0.35,1.0,0.00017495000000011807,7,99.67622571692877
0.25,0.0,0.25,0.2,0.3,1.0,0.004618600000000139,8,99.6299722479186
0.25,0.0,0.25,0.25,0.25,1.0,0.009062249999999994,7,99.67622571692877
0.25,0.0,0.25,0.3,0.2,0.9999958539255034,-0.014854899999999949,9,99.58371877890842
0.25,0.0,0.25,0.35,0.15,0.99995024710604,-0.04992429999999992,12,99.44495837187789
0.25,0.0,0.25,0.4,0.1,0.9998922020630867,-0.0849937,13,99.39870490286772
0.25,0.0,0.25,0.45,0.05,0.9998092805731533,-0.13866114999999996,16,99.25994449583719
0.25,0.0,0.25,0.5,0.0,0.9997346512322134,-0.20964300000000002,18,99.16743755781684
0.25,0.0,0.3,0.0,0.45,0.9999709774785234,-0.05207335000000002,7,99.67622571692877
0.25,0.0,0.3,0.05,0.4,0.99997512355302,-0.0173798,7,99.67622571692877
0.25,0.0,0.3,0.1,0.35,0.9999958539255034,-0.003759449999999942,7,99.67622571692877
0.25,0.0,0.3,0.15,0.3,1.0,0.0006842000000000792,6,99.72247918593895
0.25,0.0,0.3,0.2,0.25,1.0,0.005127849999999989,6,99.72247918593895
0.25,0.0,0.3,0.25,0.2,1.0,0.009571499999999955,7,99.67622571692877
0.25,0.0,0.3,0.3,0.15,0.9999917078510067,-0.010627699999999907,9,99.58371877890842
0.25,0.0,0.3,0.35,0.1,0.9999543931805367,-0.07296140000000001,12,99.44495837187789
0.25,0.0,0.3,0.4,0.05,0.9998673256161067,-0.1352950999999999,13,99.39870490286772
0.25,0.0,0.3,0.45,0.0,0.99982586487114,-0.19762879999999994,16,99.25994449583719
0.25,0.0,0.35,0.0,0.4,0.99997512355302,-0.07049299999999997,3,99.86123959296947
0.25,0.0,0.35,0.05,0.35,0.9999792696275167,-0.04940149999999999,2,99.90749306197965
0.25,0.0,0.35,0.1,0.3,0.9999917078510067,-0.028310000000000002,3,99.86123959296947
0.25,0.0,0.35,0.15,0.25,0.9999958539255034,-0.007218500000000017,3,99.86123959296947
0.25,0.0,0.35,0.2,0.2,0.9999958539255034,-0.014704299999999948,5,99.76873265494912
0.25,0.0,0.35,0.25,0.15,0.99998756177651,-0.037524949999999946,5,99.76873265494912
0.25,0.0,0.35,0.3,0.1,0.9999792696275167,-0.07065169999999998,5,99.76873265494912
0.25,0.0,0.35,0.35,0.05,0.9999543931805367,-0.13298539999999992,8,99.6299722479186
0.25,0.0,0.35,0.4,0.0,0.99988805598859,-0.1953190999999999,13,99.39870490286772
0.25,0.0,0.4,0.0,0.35,0.9999709774785234,-0.10657399999999995,2,99.90749306197965
0.25,0.0,0.4,0.05,0.3,0.9999709774785234,-0.08548249999999996,2,99.90749306197965
0.25,0.0,0.4,0.1,0.25,0.9999834157020133,-0.06439099999999998,3,99.86123959296947
0.25,0.0,0.4,0.15,0.2,0.99998756177651,-0.060934999999999906,4,99.81498612395929
0.25,0.0,0.4,0.2,0.15,0.9999834157020133,-0.08375564999999996,4,99.81498612395929
0.25,0.0,0.4,0.25,0.1,0.9999792696275167,-0.10657630000000001,3,99.86123959296947
0.25,0.0,0.4,0.3,0.05,0.99997512355302,-0.13067569999999995,4,99.81498612395929
0.25,0.0,0.4,0.35,0.0,0.9999336628080533,-0.1930094,7,99.67622571692877
0.25,0.0,0.45,0.0,0.3,0.9999295167335567,-0.14265499999999998,3,99.86123959296947
0.25,0.0,0.45,0.05,0.25,0.99993780888255,-0.12156349999999994,5,99.76873265494912
0.25,0.0,0.45,0.1,0.2,0.99995024710604,-0.10716570000000003,6,99.72247918593895
0.25,0.0,0.45,0.15,0.15,0.9999585392550333,-0.12998635000000008,6,99.72247918593895
0.25,0.0,0.45,0.2,0.1,0.9999585392550333,-0.15280699999999997,6,99.72247918593895
0.25,0.0,0.45,0.25,0.05,0.9999543931805367,-0.17562764999999997,5,99.76873265494912
0.25,0.0,0.45,0.3,0.0,0.99992537065906,-0.19844829999999997,7,99.67622571692877
0.25,0.0,0.5,0.0,0.25,0.9998673256161067,-0.178736,8,99.6299722479186
0.25,0.0,0.5,0.05,0.2,0.9998756177651,-0.15764450000000008,9,99.58371877890842
0.25,0.0,0.5,0.1,0.15,0.9998839099140934,-0.1762170500000001,9,99.58371877890842
0.25,0.0,0.5,0.15,0.1,0.9999046402865767,-0.1990377000000001,9,99.58371877890842
0.25,0.0,0.5,0.2,0.05,0.99990049421208,-0.22185834999999998,10,99.53746530989824
0.25,0.0,0.5,0.25,0.0,0.9998797638395966,-0.24467899999999998,10,99.53746530989824
0.25,0.0,0.55,0.0,0.2,0.9998341570201333,-0.24051240000000007,13,99.39870490286772
0.25,0.0,0.55,0.05,0.15,0.9998465952436233,-0.22743865000000013,13,99.39870490286772
0.25,0.0,0.55,0.1,0.1,0.99983830309463,-0.2452684000000001,13,99.39870490286772
0.25,0.0,0.55,0.15,0.05,0.9998300109456366,-0.26808905000000005,13,99.39870490286772
0.25,0.0,0.55,0.2,0.0,0.9998092805731533,-0.2909097,13,99.39870490286772
0.25,0.0,0.6,0.0,0.15,0.9997346512322134,-0.31672005,18,99.16743755781684
0.25,0.0,0.6,0.05,0.1,0.9997553816046967,-0.3036463,18,99.16743755781684
0.25,0.0,0.6,0.1,0.05,0.9997429433812067,-0.31431974999999995,18,99.16743755781684
0.25,0.0,0.6,0.15,0.0,0.9997222130087233,-0.33714039999999995,18,99.16743755781684
0.25,0.0,0.65,0.0,0.1,0.9996351454442933,-0.3929277,23,98.93617021276596
0.25,0.0,0.65,0.05,0.05,0.9996268532953,-0.37985395,24,98.88991674375578
0.25,0.0,0.65,0.1,0.0,0.9996102689973133,-0.3833711,25,98.84366327474561
0.25,0.0,0.7,0.0,0.05,0.9994858867624133,-0.4691353499999999,27,98.75115633672526
0.25,0.0,0.7,0.05,0.0,0.9994817406879167,-0.4560615999999999,28,98.70490286771508
0.25,0.0,0.75,0.0,0.0,0.9992371222926133,-0.545343,31,98.56614246068455
0.25,0.05,0.0,0.0,0.7,0.99991293243557,-0.23644115,12,99.44495837187789
0.25,0.05,0.0,0.05,0.65,0.99992537065906,-0.2048512,10,99.53746530989824
0.25,0.05,0.0,0.1,0.6,0.9999336628080533,-0.17326125000000003,10,99.53746530989824
0.25,0.05,0.0,0.15,0.55,0.9999336628080533,-0.1646903,9,99.58371877890842
0.25,0.05,0.0,0.2,0.5,0.9999336628080533,-0.15831725000000002,8,99.6299722479186
0.25,0.05,0.0,0.25,0.45,0.9998922020630867,-0.15194420000000003,8,99.6299722479186
0.25,0.05,0.0,0.3,0.4,0.9998548873926166,-0.14965315,8,99.6299722479186
0.25,0.05,0.0,0.35,0.35,0.9998341570201333,-0.14831309999999998,10,99.53746530989824
0.25,0.05,0.0,0.4,0.3,0.9998424491691267,-0.16023664999999998,12,99.44495837187789
0.25,0.05,0.0,0.45,0.25,0.99981342664765,-0.20395420000000003,13,99.39870490286772
0.25,0.05,0.0,0.5,0.2,0.99971392085973,-0.24767175000000008,18,99.16743755781684
0.25,0.05,0.0,0.55,0.15,0.9995812464758367,-0.29138929999999996,19,99.12118408880666
0.25,0.05,0.0,0.6,0.1,0.99941540349597,-0.33510685000000007,24,98.88991674375578
0.25,0.05,0.0,0.65,0.05,0.99917907724966,-0.3820484500000001,31,98.56614246068455
0.25,0.05,0.0,0.7,0.0,0.9989759195993234,-0.4374035,36,98.33487511563366
0.25,0.05,0.05,0.0,0.65,0.99993780888255,-0.17563885,10,99.53746530989824
0.25,0.05,0.05,0.05,0.6,0.99993780888255,-0.14404890000000004,10,99.53746530989824
0.25,0.05,0.05,0.1,0.55,0.9999419549570466,-0.11245895000000006,8,99.6299722479186
0.25,0.05,0.05,0.15,0.5,0.9999419549570466,-0.10591230000000001,8,99.6299722479186
0.25,0.05,0.05,0.2,0.45,0.99995024710604,-0.09953925000000002,8,99.6299722479186
0.25,0.05,0.05,0.25,0.4,0.9999461010315434,-0.09748380000000001,8,99.6299722479186
0.25,0.05,0.05,0.3,0.35,0.99991293243557,-0.09614374999999997,8,99.6299722479186
0.25,0.05,0.05,0.35,0.3,0.9998673256161067,-0.09480370000000005,10,99.53746530989824
0.25,0.05,0.05,0.4,0.25,0.9998548873926166,-0.13677055000000005,12,99.44495837187789
0.25,0.05,0.05,0.45,0.2,0.9998092805731533,-0.1804881000000001,14,99.35245143385754
0.25,0.05,0.05,0.5,0.15,0.99973879730671,-0.22420564999999992,18,99.16743755781684
0.25,0.05,0.05,0.55,0.1,0.99961441507181,-0.26792320000000014,20,99.07493061979649
0.25,0.05,0.05,0.6,0.05,0.99941540349597,-0.3116407500000001,24,98.88991674375578
0.25,0.05,0.05,0.65,0.0,0.9991998076221433,-0.36958835000000007,30,98.61239592969473
0.25,0.05,0.1,0.0,0.6,0.9999461010315434,-0.11483654999999998,10,99.53746530989824
0.25,0.05,0.1,0.05,0.55,0.9999543931805367,-0.08324659999999995,9,99.58371877890842
0.25,0.05,0.1,0.1,0.5,0.99997512355302,-0.053507350000000065,8,99.6299722479186
0.25,0.05,0.1,0.15,0.45,0.99997512355302,-0.04713430000000002,8,99.6299722479186
0.25,0.05,0.1,0.2,0.4,0.9999792696275167,-0.045314450000000006,8,99.6299722479186
0.25,0.05,0.1,0.25,0.35,0.9999792696275167,-0.04397439999999997,8,99.6299722479186
0.25,0.05,0.1,0.3,0.3,0.9999461010315434,-0.04263434999999993,8,99.6299722479186
0.25,0.05,0.1,0.35,0.25,0.9999046402865767,-0.0695868999999999,10,99.53746530989824
0.25,0.05,0.1,0.4,0.2,0.9998590334671134,-0.11330445000000011,12,99.44495837187789
0.25,0.05,0.1,0.45,0.15,0.99980098842416,-0.15702200000000005,14,99.35245143385754
0.25,0.05,0.1,0.5,0.1,0.9997470894557033,-0.20073955,18,99.16743755781684
0.25,0.05,0.1,0.55,0.05,0.9996309993697967,-0.2444571000000001,20,99.07493061979649
0.25,0.05,0.1,0.6,0.0,0.99944027994295,-0.3049447,24,98.88991674375578
0.25,0.05,0.15,0.0,0.55,0.99997512355302,-0.054034250000000006,7,99.67622571692877
0.25,0.05,0.15,0.05,0.5,0.9999917078510067,-0.022444299999999973,8,99.6299722479186
0.25,0.05,0.15,0.1,0.45,1.0,0.005270649999999988,9,99.58371877890842
0.25,0.05,0.15,0.15,0.4,1.0,0.006854900000000053,8,99.6299722479186
0.25,0.05,0.15,0.2,0.35,1.0,0.008194950000000034,8,99.6299722479186
0.25,0.05,0.15,0.25,0.3,1.0,0.009535000000000016,8,99.6299722479186
0.25,0.05,0.15,0.3,0.25,0.99998756177651,-0.02218614999999996,7,99.67622571692877
0.25,0.05,0.15,0.35,0.2,0.9999419549570466,-0.05725554999999993,11,99.49121184088807
0.25,0.05,0.15,0.4,0.15,0.9999087863610734,-0.09232495000000002,13,99.39870490286772
0.25,0.05,0.15,0.45,0.1,0.9998092805731533,-0.1335559,14,99.35245143385754
0.25,0.05,0.15,0.5,0.05,0.9997470894557033,-0.17727344999999994,18,99.16743755781684
0.25,0.05,0.15,0.55,0.0,0.9996351454442933,-0.24030105000000007,21,99.02867715078631
0.25,0.05,0.2,0.0,0.5,0.9999958539255034,-0.015170899999999987,7,99.67622571692877
0.25,0.05,0.2,0.05,0.45,1.0,0.01952265000000003,7,99.67622571692877
0.25,0.05,0.2,0.1,0.4,1.0,0.04329250000000001,7,99.67622571692877
0.25,0.05,0.2,0.15,0.35,1.0,0.04773615000000003,8,99.6299722479186
0.25,0.05,0.2,0.2,0.3,1.0,0.052179800000000054,8,99.6299722479186
0.25,0.05,0.2,0.25,0.25,1.0,0.022419849999999908,7,99.67622571692877
0.25,0.05,0.2,0.3,0.2,0.9999958539255034,-0.01264955000000001,9,99.58371877890842
0.25,0.05,0.2,0.35,0.15,0.99996268532953,-0.04771894999999998,12,99.44495837187789
0.25,0.05,0.2,0.4,0.1,0.9998963481375833,-0.08278835000000007,13,99.39870490286772
0.25,0.05,0.2,0.45,0.05,0.99982586487114,-0.1215483,15,99.30619796484737
0.25,0.05,0.2,0.5,0.0,0.9997429433812067,-0.18097589999999997,18,99.16743755781684
0.25,0.05,0.25,0.0,0.45,0.9999958539255034,-0.0073687499999999795,7,99.67622571692877
0.25,0.05,0.25,0.05,0.4,1.0,0.027324800000000038,7,99.67622571692877
0.25,0.05,0.25,0.1,0.35,1.0,0.043801750000000084,7,99.67622571692877
0.25,0.05,0.25,0.15,0.3,1.0,0.048245400000000105,6,99.72247918593895
0.25,0.05,0.25,0.2,0.25,1.0,0.05268905000000007,5,99.76873265494912
0.25,0.05,0.25,0.25,0.2,1.0,0.031956450000000025,8,99.6299722479186
0.25,0.05,0.25,0.3,0.15,0.9999958539255034,-0.0031129499999999477,9,99.58371877890842
0.25,0.05,0.25,0.35,0.1,0.9999668314040266,-0.05506080000000002,12,99.44495837187789
0.25,0.05,0.25,0.4,0.05,0.9998963481375833,-0.11388779999999987,13,99.39870490286772
0.25,0.05,0.25,0.45,0.0,0.9998424491691267,-0.17622149999999992,16,99.25994449583719
0.25,0.05,0.3,0.0,0.4,0.9999958539255034,-0.022482599999999964,2,99.90749306197965
0.25,0.05,0.3,0.05,0.35,0.9999958539255034,-0.0013910999999999785,1,99.95374653098983
0.25,0.05,0.3,0.1,0.3,1.0,0.019700400000000062,1,99.95374653098983
0.25,0.05,0.3,0.15,0.25,1.0,0.04079190000000005,2,99.90749306197965
0.25,0.05,0.3,0.2,0.2,1.0,0.046609949999999956,4,99.81498612395929
0.25,0.05,0.3,0.25,0.15,1.0,0.011426699999999956,4,99.81498612395929
0.25,0.05,0.3,0.3,0.1,0.9999917078510067,-0.049244399999999966,4,99.81498612395929
0.25,0.05,0.3,0.35,0.05,0.99996268532953,-0.11157809999999996,8,99.6299722479186
0.25,0.05,0.3,0.4,0.0,0.9998963481375833,-0.1739118,12,99.44495837187789
0.25,0.05,0.35,0.0,0.35,0.9999958539255034,-0.05856359999999994,2,99.90749306197965
0.25,0.05,0.35,0.05,0.3,0.9999958539255034,-0.03747209999999995,1,99.95374653098983
0.25,0.05,0.35,0.1,0.25,0.9999958539255034,-0.016380599999999967,1,99.95374653098983
0.25,0.05,0.35,0.15,0.2,1.0,0.004710900000000073,3,99.86123959296947
0.25,0.05,0.35,0.2,0.15,0.9999917078510067,-0.016992499999999966,3,99.86123959296947
0.25,0.05,0.35,0.25,0.1,0.9999834157020133,-0.046934699999999996,3,99.86123959296947
0.25,0.05,0.35,0.3,0.05,0.99997512355302,-0.10926839999999993,2,99.90749306197965
0.25,0.05,0.35,0.35,0.0,0.99993780888255,-0.17160209999999998,7,99.67622571692877
0.25,0.05,0.4,0.0,0.3,0.99998756177651,-0.09464459999999997,2,99.90749306197965
0.25,0.05,0.4,0.05,0.25,0.9999792696275167,-0.07355309999999993,3,99.86123959296947
0.25,0.05,0.4,0.1,0.2,0.9999792696275167,-0.05246159999999994,5,99.76873265494912
0.25,0.05,0.4,0.15,0.15,0.9999834157020133,-0.06322319999999992,5,99.76873265494912
0.25,0.05,0.4,0.2,0.1,0.99997512355302,-0.08604385000000003,4,99.81498612395929
0.25,0.05,0.4,0.25,0.05,0.9999709774785234,-0.10886449999999998,4,99.81498612395929
0.25,0.05,0.4,0.3,0.0,0.9999585392550333,-0.16929240000000007,5,99.76873265494912
0.25,0.05,0.45,0.0,0.25,0.9999461010315434,-0.1307256,4,99.81498612395929
0.25,0.05,0.45,0.05,0.2,0.9999543931805367,-0.10963410000000007,6,99.72247918593895
0.25,0.05,0.45,0.1,0.15,0.9999543931805367,-0.10945390000000005,6,99.72247918593895
0.25,0.05,0.45,0.15,0.1,0.9999461010315434,-0.13227455000000005,6,99.72247918593895
0.25,0.05,0.45,0.2,0.05,0.99995024710604,-0.15509519999999993,6,99.72247918593895
0.25,0.05,0.45,0.25,0.0,0.99995024710604,-0.17791584999999993,6,99.72247918593895
0.25,0.05,0.5,0.0,0.2,0.9998797638395966,-0.18810425000000003,11,99.49121184088807
0.25,0.05,0.5,0.05,0.15,0.9998797638395966,-0.18184105000000006,11,99.49121184088807
0.25,0.05,0.5,0.1,0.1,0.9998797638395966,-0.17850525000000012,11,99.49121184088807
0.25,0.05,0.5,0.15,0.05,0.99988805598859,-0.20132590000000006,11,99.49121184088807
0.25,0.05,0.5,0.2,0.0,0.9998673256161067,-0.22414655,11,99.49121184088807
0.25,0.05,0.55,0.0,0.15,0.9998300109456366,-0.26315420000000006,14,99.35245143385754
0.25,0.05,0.55,0.05,0.1,0.9998217187966434,-0.2568910000000001,15,99.30619796484737
0.25,0.05,0.55,0.1,0.05,0.9998051344986567,-0.25062780000000007,15,99.30619796484737
0.25,0.05,0.55,0.15,0.0,0.9997926962751666,-0.27037725000000007,15,99.30619796484737
0.25,0.05,0.6,0.0,0.1,0.9997222130087233,-0.33820415,21,99.02867715078631
0.25,0.05,0.6,0.05,0.05,0.99971392085973,-0.33194094999999996,21,99.02867715078631
0.25,0.05,0.6,0.1,0.0,0.99968904441275,-0.32567775,23,98.93617021276596
0.25,0.05,0.65,0.0,0.05,0.9996061229228167,-0.41325409999999996,25,98.84366327474561
0.25,0.05,0.65,0.05,0.0,0.9995853925503333,-0.4069909,27,98.75115633672526
0.25,0.05,0.7,0.0,0.0,0.99942784171946,-0.4883040499999999,32,98.51988899167438
0.25,0.1,0.0,0.0,0.65,0.9999336628080533,-0.20437404999999997,10,99.53746530989824
0.25,0.1,0.0,0.05,0.6,0.9999419549570466,-0.1727841,9,99.58371877890842
0.25,0.1,0.0,0.1,0.55,0.9999419549570466,-0.14119415000000002,8,99.6299722479186
0.25,0.1,0.0,0.15,0.5,0.9999419549570466,-0.13391725,8,99.6299722479186
0.25,0.1,0.0,0.2,0.45,0.99995024710604,-0.12754420000000005,8,99.6299722479186
0.25,0.1,0.0,0.25,0.4,0.99995024710604,-0.12336239999999998,8,99.6299722479186
0.25,0.1,0.0,0.3,0.35,0.9999212245845633,-0.12202235,8,99.6299722479186
0.25,0.1,0.0,0.35,0.3,0.9998756177651,-0.12068229999999996,9,99.58371877890842
0.25,0.1,0.0,0.4,0.25,0.9998548873926166,-0.1257409,12,99.44495837187789
0.25,0.1,0.0,0.45,0.2,0.99981342664765,-0.16945845000000004,14,99.35245143385754
0.25,0.1,0.0,0.5,0.15,0.9997305051577167,-0.21317599999999998,18,99.16743755781684
0.25,0.1,0.0,0.55,0.1,0.9996102689973133,-0.2568935500000001,20,99.07493061979649
0.25,0.1,0.0,0.6,0.05,0.9994029652724801,-0.3040249,25,98.84366327474561
0.25,0.1,0.0,0.65,0.0,0.9991956615476467,-0.35732075,30,98.61239592969473
0.25,0.1,0.05,0.0,0.6,0.99995024710604,-0.14357175,10,99.53746530989824
0.25,0.1,0.05,0.05,0.55,0.9999543931805367,-0.11198180000000002,9,99.58371877890842
0.25,0.1,0.05,0.1,0.5,0.9999709774785234,-0.08151230000000004,8,99.6299722479186
0.25,0.1,0.05,0.15,0.45,0.9999668314040266,-0.07513924999999999,8,99.6299722479186
0.25,0.1,0.05,0.2,0.4,0.9999668314040266,-0.07119304999999998,8,99.6299722479186
0.25,0.1,0.05,0.25,0.35,0.9999709774785234,-0.069853,8,99.6299722479186
0.25,0.1,0.05,0.3,0.3,0.9999419549570466,-0.06851294999999996,8,99.6299722479186
0.25,0.1,0.05,0.35,0.25,0.9999087863610734,-0.06717289999999998,10,99.53746530989824
0.25,0.1,0.05,0.4,0.2,0.99986317954161,-0.10227480000000011,12,99.44495837187789
0.25,0.1,0.05,0.45,0.15,0.9998051344986567,-0.14599235000000005,14,99.35245143385754
0.25,0.1,0.05,0.5,0.1,0.9997180669342267,-0.18970990000000004,18,99.16743755781684
0.25,0.1,0.05,0.55,0.05,0.9996102689973133,-0.23342745000000004,22,98.98242368177613
0.25,0.1,0.05,0.6,0.0,0.99941540349597,-0.29041059999999996,25,98.84366327474561
0.25,0.1,0.1,0.0,0.55,0.9999709774785234,-0.08276944999999997,7,99.67622571692877
0.25,0.1,0.1,0.05,0.5,0.99997512355302,-0.05117949999999993,8,99.6299722479186
0.25,0.1,0.1,0.1,0.45,0.99997512355302,-0.02273430000000004,9,99.58371877890842
0.25,0.1,0.1,0.15,0.4,0.9999792696275167,-0.019023699999999977,8,99.6299722479186
0.25,0.1,0.1,0.2,0.35,0.9999834157020133,-0.01768364999999994,8,99.6299722479186
0.25,0.1,0.1,0.25,0.3,0.9999834157020133,-0.016343599999999958,8,99.6299722479186
0.25,0.1,0.1,0.3,0.25,0.99998756177651,-0.019980799999999965,7,99.67622571692877
0.25,0.1,0.1,0.35,0.2,0.9999461010315434,-0.05505019999999994,10,99.53746530989824
0.25,0.1,0.1,0.4,0.15,0.99991293243557,-0.09011959999999997,13,99.39870490286772
0.25,0.1,0.1,0.45,0.1,0.99981342664765,-0.125189,14,99.35245143385754
0.25,0.1,0.1,0.5,0.05,0.99973879730671,-0.1662438,18,99.16743755781684
0.25,0.1,0.1,0.55,0.0,0.9995978307738234,-0.22576695000000002,24,98.88991674375578
0.25,0.1,0.15,0.0,0.5,0.9999958539255034,-0.02196714999999999,7,99.67622571692877
0.25,0.1,0.15,0.05,0.45,1.0,0.009622800000000042,7,99.67622571692877
0.25,0.1,0.15,0.1,0.4,1.0,0.033145650000000026,7,99.67622571692877
0.25,0.1,0.15,0.15,0.35,1.0,0.034485700000000064,7,99.67622571692877
0.25,0.1,0.15,0.2,0.3,1.0,0.0358257500000001,8,99.6299722479186
0.25,0.1,0.15,0.25,0.25,1.0,0.024625200000000014,7,99.67622571692877
0.25,0.1,0.15,0.3,0.2,0.9999958539255034,-0.010444199999999904,8,99.6299722479186
0.25,0.1,0.15,0.35,0.15,0.99996268532953,-0.04551359999999993,11,99.49121184088807
0.25,0.1,0.15,0.4,0.1,0.99990049421208,-0.08058299999999996,13,99.39870490286772
0.25,0.1,0.15,0.45,0.05,0.99983830309463,-0.12220449999999994,15,99.30619796484737
0.25,0.1,0.15,0.5,0.0,0.9997222130087233,-0.1807518999999999,18,99.16743755781684
0.25,0.1,0.2,0.0,0.45,1.0,0.037335850000000004,7,99.67622571692877
0.25,0.1,0.2,0.05,0.4,1.0,0.07042510000000002,7,99.67622571692877
0.25,0.1,0.2,0.1,0.35,1.0,0.08665505000000001,7,99.67622571692877
0.25,0.1,0.2,0.15,0.3,1.0,0.08799510000000005,6,99.72247918593895
0.25,0.1,0.2,0.2,0.25,1.0,0.06923119999999999,5,99.76873265494912
0.25,0.1,0.2,0.25,0.2,1.0,0.03416180000000002,7,99.67622571692877
0.25,0.1,0.2,0.3,0.15,0.9999958539255034,-0.0009075999999999529,9,99.58371877890842
0.25,0.1,0.2,0.35,0.1,0.9999668314040266,-0.055717000000000017,12,99.44495837187789
0.25,0.1,0.2,0.4,0.05,0.9999087863610734,-0.11426439999999993,13,99.39870490286772
0.25,0.1,0.2,0.45,0.0,0.9998465952436233,-0.17281180000000002,15,99.30619796484737
0.25,0.1,0.25,0.0,0.4,1.0,0.025527800000000045,2,99.90749306197965
0.25,0.1,0.25,0.05,0.35,1.0,0.04661930000000003,1,99.95374653098983
0.25,0.1,0.25,0.1,0.3,1.0,0.06771080000000007,1,99.95374653098983
0.25,0.1,0.25,0.15,0.25,1.0,0.08880230000000006,2,99.90749306197965
0.25,0.1,0.25,0.2,0.2,1.0,0.06931789999999999,3,99.86123959296947
0.25,0.1,0.25,0.25,0.15,1.0,0.010770500000000016,3,99.86123959296947
0.25,0.1,0.25,0.3,0.1,0.9999917078510067,-0.047776899999999956,4,99.81498612395929
0.25,0.1,0.25,0.35,0.05,0.9999709774785234,-0.10632429999999993,8,99.6299722479186
0.25,0.1,0.25,0.4,0.0,0.9999046402865767,-0.16487169999999995,11,99.49121184088807
0.25,0.1,0.3,0.0,0.35,0.9999958539255034,-0.010553199999999985,1,99.95374653098983
0.25,0.1,0.3,0.05,0.3,1.0,0.0105383,1,99.95374653098983
0.25,0.1,0.3,0.1,0.25,1.0,0.031629799999999986,1,99.95374653098983
0.25,0.1,0.3,0.15,0.2,1.0,0.05070930000000001,2,99.90749306197965
0.25,0.1,0.3,0.2,0.15,1.0,0.018710599999999966,3,99.86123959296947
0.25,0.1,0.3,0.25,0.1,0.9999917078510067,-0.039836800000000006,2,99.90749306197965
0.25,0.1,0.3,0.3,0.05,0.9999792696275167,-0.09838419999999992,2,99.90749306197965
0.25,0.1,0.3,0.35,0.0,0.9999543931805367,-0.15693159999999995,7,99.67622571692877
0.25,0.1,0.35,0.0,0.3,0.9999958539255034,-0.04663419999999996,1,99.95374653098983
0.25,0.1,0.35,0.05,0.25,0.9999958539255034,-0.025542699999999974,2,99.90749306197965
0.25,0.1,0.35,0.1,0.2,0.9999958539255034,-0.004451199999999933,4,99.81498612395929
0.25,0.1,0.35,0.15,0.15,0.9999958539255034,-0.008925349999999999,4,99.81498612395929
0.25,0.1,0.35,0.2,0.1,0.9999834157020133,-0.031896700000000056,4,99.81498612395929
0.25,0.1,0.35,0.25,0.05,0.9999792696275167,-0.09044409999999997,4,99.81498612395929
0.25,0.1,0.35,0.3,0.0,0.99996268532953,-0.1489915,4,99.81498612395929
0.25,0.1,0.4,0.0,0.25,0.9999834157020133,-0.08271519999999999,4,99.81498612395929
0.25,0.1,0.4,0.05,0.2,0.9999792696275167,-0.06549339999999998,6,99.72247918593895
0.25,0.1,0.4,0.1,0.15,0.9999792696275167,-0.0592301999999999,6,99.72247918593895
0.25,0.1,0.4,0.15,0.1,0.9999668314040266,-0.06856000000000001,5,99.76873265494912
0.25,0.1,0.4,0.2,0.05,0.99997512355302,-0.08833205,5,99.76873265494912
0.25,0.1,0.4,0.25,0.0,0.9999585392550333,-0.14557539999999997,6,99.72247918593895
0.25,0.1,0.45,0.0,0.2,0.9999336628080533,-0.14680655000000004,7,99.67622571692877
0.25,0.1,0.45,0.05,0.15,0.9999336628080533,-0.14054335,8,99.6299722479186
0.25,0.1,0.45,0.1,0.1,0.9999419549570466,-0.13428015000000004,8,99.6299722479186
0.25,0.1,0.45,0.15,0.05,0.9999461010315434,-0.13456275,8,99.6299722479186
0.25,0.1,0.45,0.2,0.0,0.9999461010315434,-0.15738339999999995,8,99.6299722479186
0.25,0.1,0.5,0.0,0.15,0.9998548873926166,-0.22185650000000007,13,99.39870490286772
0.25,0.1,0.5,0.05,0.1,0.9998548873926166,-0.21559330000000004,12,99.44495837187789
0.25,0.1,0.5,0.1,0.05,0.9998548873926166,-0.20933010000000002,13,99.39870490286772
0.25,0.1,0.5,0.15,0.0,0.9998673256161067,-0.20361410000000002,13,99.39870490286772
0.25,0.1,0.55,0.0,0.1,0.99978855020067,-0.29690645000000004,19,99.12118408880666
0.25,0.1,0.55,0.05,0.05,0.9997844041261733,-0.29064325,19,99.12118408880666
0.25,0.1,0.55,0.1,0.0,0.9997553816046967,-0.28438005000000005,19,99.12118408880666
0.25,0.1,0.6,0.0,0.05,0.9996807522637566,-0.37195639999999996,27,98.75115633672526
0.25,0.1,0.6,0.05,0.0,0.9996724601147633,-0.36569319999999994,27,98.75115633672526
0.25,0.1,0.65,0.0,0.0,0.9995066171348966,-0.44700635,32,98.51988899167438
0.25,0.15,0.0,0.0,0.6,0.9999336628080533,-0.17230695000000001,11,99.49121184088807
0.25,0.15,0.0,0.05,0.55,0.9999461010315434,-0.14071699999999998,8,99.6299722479186
0.25,0.15,0.0,0.1,0.5,0.9999668314040266,-0.10956365000000001,8,99.6299722479186
0.25,0.15,0.0,0.15,0.45,0.9999668314040266,-0.10314419999999996,8,99.6299722479186
0.25,0.15,0.0,0.2,0.4,0.9999668314040266,-0.09707164999999995,8,99.6299722479186
0.25,0.15,0.0,0.25,0.35,0.9999668314040266,-0.09573159999999992,8,99.6299722479186
0.25,0.15,0.0,0.3,0.3,0.99995024710604,-0.09439154999999994,8,99.6299722479186
0.25,0.15,0.0,0.35,0.25,0.9999087863610734,-0.09305150000000006,9,99.58371877890842
0.25,0.15,0.0,0.4,0.2,0.99986317954161,-0.09745084999999998,12,99.44495837187789
0.25,0.15,0.0,0.45,0.15,0.9998051344986567,-0.13496270000000005,13,99.39870490286772
0.25,0.15,0.0,0.5,0.1,0.9997097747852334,-0.17868025000000004,19,99.12118408880666
0.25,0.15,0.0,0.55,0.05,0.9995936846993266,-0.22600135,23,98.93617021276596
0.25,0.15,0.0,0.6,0.0,0.99941540349597,-0.27723800000000004,26,98.79740980573543
0.25,0.15,0.05,0.0,0.55,0.9999709774785234,-0.11150464999999998,7,99.67622571692877
0.25,0.15,0.05,0.05,0.5,0.99997512355302,-0.07991469999999995,8,99.6299722479186
0.25,0.15,0.05,0.1,0.45,0.99997512355302,-0.05073924999999996,8,99.6299722479186
0.25,0.15,0.05,0.15,0.4,0.99997512355302,-0.04490229999999995,8,99.6299722479186
0.25,0.15,0.05,0.2,0.35,0.9999792696275167,-0.043562249999999914,8,99.6299722479186
0.25,0.15,0.05,0.25,0.3,0.99997512355302,-0.04222219999999999,8,99.6299722479186
0.25,0.15,0.05,0.3,0.25,0.9999585392550333,-0.04088215000000006,7,99.67622571692877
0.25,0.15,0.05,0.35,0.2,0.9999295167335567,-0.05284485,9,99.58371877890842
0.25,0.15,0.05,0.4,0.15,0.9998963481375833,-0.08791425000000003,12,99.44495837187789
0.25,0.15,0.05,0.45,0.1,0.9997968423496634,-0.12298365000000006,14,99.35245143385754
0.25,0.15,0.05,0.5,0.05,0.9996848983382534,-0.15805304999999997,20,99.07493061979649
0.25,0.15,0.05,0.55,0.0,0.9996061229228167,-0.21123285000000008,24,98.88991674375578
0.25,0.15,0.1,0.0,0.5,0.9999834157020133,-0.05070234999999995,7,99.67622571692877
0.25,0.15,0.1,0.05,0.45,0.9999958539255034,-0.01911239999999992,7,99.67622571692877
0.25,0.15,0.1,0.1,0.4,1.0,0.006680599999999981,7,99.67622571692877
0.25,0.15,0.1,0.15,0.35,1.0,0.008607100000000034,7,99.67622571692877
0.25,0.15,0.1,0.2,0.3,1.0,0.009947150000000071,8,99.6299722479186
0.25,0.15,0.1,0.25,0.25,1.0,0.011287199999999942,7,99.67622571692877
0.25,0.15,0.1,0.3,0.2,0.9999958539255034,-0.008238849999999964,8,99.6299722479186
0.25,0.15,0.1,0.35,0.15,0.99996268532953,-0.04330824999999999,10,99.53746530989824
0.25,0.15,0.1,0.4,0.1,0.9999170785100666,-0.07837765000000002,13,99.39870490286772
0.25,0.15,0.1,0.45,0.05,0.9998465952436233,-0.12286069999999993,15,99.30619796484737
0.25,0.15,0.1,0.5,0.0,0.9997180669342267,-0.18140809999999996,20,99.07493061979649
0.25,0.15,0.15,0.0,0.45,1.0,0.010099950000000024,7,99.67622571692877
0.25,0.15,0.15,0.05,0.4,1.0,0.04168990000000006,7,99.67622571692877
0.25,0.15,0.15,0.1,0.35,1.0,0.06077645000000004,7,99.67622571692877
0.25,0.15,0.15,0.15,0.3,1.0,0.062116500000000074,5,99.76873265494912
0.25,0.15,0.15,0.2,0.25,1.0,0.06345655000000006,5,99.76873265494912
0.25,0.15,0.15,0.25,0.2,1.0,0.036367150000000015,7,99.67622571692877
0.25,0.15,0.15,0.3,0.15,1.0,0.001297750000000042,8,99.6299722479186
0.25,0.15,0.15,0.35,0.1,0.9999709774785234,-0.05637320000000001,11,99.49121184088807
0.25,0.15,0.15,0.4,0.05,0.9999212245845633,-0.11492059999999998,14,99.35245143385754
0.25,0.15,0.15,0.45,0.0,0.99983830309463,-0.17346799999999996,15,99.30619796484737
0.25,0.15,0.2,0.0,0.4,1.0,0.05459785,2,99.90749306197965
0.25,0.15,0.2,0.05,0.35,1.0,0.07258575,1,99.95374653098983
0.25,0.15,0.2,0.1,0.3,1.0,0.09057365,1,99.95374653098983
0.25,0.15,0.2,0.15,0.25,1.0,0.10856155,1,99.95374653098983
0.25,0.15,0.2,0.2,0.2,1.0,0.06866169999999999,2,99.90749306197965
0.25,0.15,0.2,0.25,0.15,1.0,0.010114299999999965,3,99.86123959296947
0.25,0.15,0.2,0.3,0.1,0.9999917078510067,-0.04843309999999995,3,99.86123959296947
0.25,0.15,0.2,0.35,0.05,0.99997512355302,-0.10698049999999992,8,99.6299722479186
0.25,0.15,0.2,0.4,0.0,0.99991293243557,-0.1655279,11,99.49121184088807
0.25,0.15,0.25,0.0,0.35,1.0,0.037457200000000024,1,99.95374653098983
0.25,0.15,0.25,0.05,0.3,1.0,0.05854870000000001,1,99.95374653098983
0.25,0.15,0.25,0.1,0.25,1.0,0.0796402,1,99.95374653098983
0.25,0.15,0.25,0.15,0.2,1.0,0.07660180000000005,2,99.90749306197965
0.25,0.15,0.25,0.2,0.15,1.0,0.01805439999999997,3,99.86123959296947
0.25,0.15,0.25,0.25,0.1,0.9999917078510067,-0.040493,2,99.90749306197965
0.25,0.15,0.25,0.3,0.05,0.99998756177651,-0.09904039999999992,2,99.90749306197965
0.25,0.15,0.25,0.35,0.0,0.99996268532953,-0.1575878,6,99.72247918593895
0.25,0.15,0.3,0.0,0.3,1.0,0.001376199999999994,2,99.90749306197965
0.25,0.15,0.3,0.05,0.25,1.0,0.02246769999999998,2,99.90749306197965
0.25,0.15,0.3,0.1,0.2,1.0,0.04355920000000002,3,99.86123959296947
0.25,0.15,0.3,0.15,0.15,1.0,0.025994499999999976,4,99.81498612395929
0.25,0.15,0.3,0.2,0.1,0.9999917078510067,-0.03255290000000005,4,99.81498612395929
0.25,0.15,0.3,0.25,0.05,0.9999834157020133,-0.09110029999999991,3,99.86123959296947
0.25,0.15,0.3,0.3,0.0,0.9999709774785234,-0.14964769999999994,4,99.81498612395929
0.25,0.15,0.35,0.0,0.25,0.9999917078510067,-0.034704800000000036,2,99.90749306197965
0.25,0.15,0.35,0.05,0.2,0.9999917078510067,-0.02419569999999993,3,99.86123959296947
0.25,0.15,0.35,0.1,0.15,0.9999917078510067,-0.017932499999999907,4,99.81498612395929
0.25,0.15,0.35,0.15,0.1,0.9999834157020133,-0.02461279999999999,4,99.81498612395929
0.25,0.15,0.35,0.2,0.05,0.99997512355302,-0.08316019999999996,4,99.81498612395929
0.25,0.15,0.35,0.25,0.0,0.9999709774785234,-0.14170760000000004,5,99.76873265494912
0.25,0.15,0.4,0.0,0.2,0.9999792696275167,-0.10550884999999999,6,99.72247918593895
0.25,0.15,0.4,0.05,0.15,0.9999709774785234,-0.09924565000000002,7,99.67622571692877
0.25,0.15,0.4,0.1,0.1,0.9999668314040266,-0.09298245,6,99.72247918593895
0.25,0.15,0.4,0.15,0.05,0.99996268532953,-0.08671924999999997,6,99.72247918593895
0.25,0.15,0.4,0.2,0.0,0.9999585392550333,-0.13376750000000004,6,99.72247918593895
0.25,0.15,0.45,0.0,0.15,0.9999212245845633,-0.18055880000000002,10,99.53746530989824
0.25,0.15,0.45,0.05,0.1,0.9999295167335567,-0.17429560000000005,11,99.49121184088807
0.25,0.15,0.45,0.1,0.05,0.99992537065906,-0.16803240000000003,11,99.49121184088807
0.25,0.15,0.45,0.15,0.0,0.99992537065906,-0.16176920000000006,11,99.49121184088807
0.25,0.15,0.5,0.0,0.1,0.9998465952436233,-0.25560875000000005,17,99.21369102682701
0.25,0.15,0.5,0.05,0.05,0.99983830309463,-0.24934555000000003,18,99.16743755781684
0.25,0.15,0.5,0.1,0.0,0.9998217187966434,-0.24308235000000006,17,99.21369102682701
0.25,0.15,0.55,0.0,0.05,0.9997346512322134,-0.3306587,25,98.84366327474561
0.25,0.15,0.55,0.05,0.0,0.99972635908322,-0.32439550000000006,25,98.84366327474561
0.25,0.15,0.6,0.0,0.0,0.99960197684832,-0.40570864999999995,32,98.51988899167438
0.25,0.2,0.0,0.0,0.55,0.99996268532953,-0.14023985,8,99.6299722479186
0.25,0.2,0.0,0.05,0.5,0.9999668314040266,-0.10864989999999997,9,99.58371877890842
0.25,0.2,0.0,0.1,0.45,0.9999668314040266,-0.07901344999999999,8,99.6299722479186
0.25,0.2,0.0,0.15,0.4,0.9999668314040266,-0.07257419999999998,8,99.6299722479186
0.25,0.2,0.0,0.2,0.35,0.9999668314040266,-0.06944084999999989,8,99.6299722479186
0.25,0.2,0.0,0.25,0.3,0.9999709774785234,-0.06810079999999996,8,99.6299722479186
0.25,0.2,0.0,0.3,0.25,0.9999585392550333,-0.06676075000000004,7,99.67622571692877
0.25,0.2,0.0,0.35,0.2,0.99993780888255,-0.0654207,8,99.6299722479186
0.25,0.2,0.0,0.4,0.15,0.99990049421208,-0.08570889999999998,12,99.44495837187789
0.25,0.2,0.0,0.45,0.1,0.9997926962751666,-0.1207783,16,99.25994449583719
0.25,0.2,0.0,0.5,0.05,0.99966416796577,-0.15964099999999998,22,98.98242368177613
0.25,0.2,0.0,0.55,0.0,0.9995729543268433,-0.20205884999999996,24,98.88991674375578
0.25,0.2,0.05,0.0,0.5,0.9999709774785234,-0.07943754999999997,7,99.67622571692877
0.25,0.2,0.05,0.05,0.45,0.99997512355302,-0.047847599999999935,7,99.67622571692877
0.25,0.2,0.05,0.1,0.4,0.99997512355302,-0.020783399999999952,6,99.72247918593895
0.25,0.2,0.05,0.15,0.35,0.9999792696275167,-0.017271499999999884,7,99.67622571692877
0.25,0.2,0.05,0.2,0.3,0.9999834157020133,-0.015931449999999847,7,99.67622571692877
0.25,0.2,0.05,0.25,0.25,0.99998756177651,-0.014591399999999921,7,99.67622571692877
0.25,0.2,0.05,0.3,0.2,0.9999917078510067,-0.013251349999999995,8,99.6299722479186
0.25,0.2,0.05,0.35,0.15,0.99996268532953,-0.04110289999999994,8,99.6299722479186
0.25,0.2,0.05,0.4,0.1,0.99991293243557,-0.07617229999999997,13,99.39870490286772
0.25,0.2,0.05,0.45,0.05,0.99983830309463,-0.12351689999999999,17,99.21369102682701
0.25,0.2,0.05,0.5,0.0,0.9996807522637566,-0.18206430000000007,23,98.93617021276596
0.25,0.2,0.1,0.0,0.45,0.9999958539255034,-0.018635249999999992,7,99.67622571692877
0.25,0.2,0.1,0.05,0.4,1.0,0.012954700000000041,7,99.67622571692877
0.25,0.2,0.1,0.1,0.35,1.0,0.033988900000000044,7,99.67622571692877
0.25,0.2,0.1,0.15,0.3,1.0,0.036237900000000045,5,99.76873265494912
0.25,0.2,0.1,0.2,0.25,1.0,0.03757794999999997,5,99.76873265494912
0.25,0.2,0.1,0.25,0.2,1.0,0.03857250000000001,7,99.67622571692877
0.25,0.2,0.1,0.3,0.15,1.0,0.0015179999999999638,8,99.6299722479186
0.25,0.2,0.1,0.35,0.1,0.99997512355302,-0.05702940000000006,10,99.53746530989824
0.25,0.2,0.1,0.4,0.05,0.99992537065906,-0.11557679999999998,14,99.35245143385754
0.25,0.2,0.1,0.45,0.0,0.9998300109456366,-0.17412420000000006,17,99.21369102682701
0.25,0.2,0.15,0.0,0.4,1.0,0.029168450000000012,2,99.90749306197965
0.25,0.2,0.15,0.05,0.35,1.0,0.047156350000000014,1,99.95374653098983
0.25,0.2,0.15,0.1,0.3,1.0,0.06514425000000001,1,99.95374653098983
0.25,0.2,0.15,0.15,0.25,1.0,0.08313214999999996,1,99.95374653098983
0.25,0.2,0.15,0.2,0.2,1.0,0.0680055,2,99.90749306197965
0.25,0.2,0.15,0.25,0.15,1.0,0.00945809999999997,2,99.90749306197965
0.25,0.2,0.15,0.3,0.1,0.9999958539255034,-0.0490893,3,99.86123959296947
0.25,0.2,0.15,0.35,0.05,0.99997512355302,-0.10763669999999997,6,99.72247918593895
0.25,0.2,0.15,0.4,0.0,0.99991293243557,-0.1661841,12,99.44495837187789
0.25,0.2,0.2,0.0,0.35,1.0,0.046087600000000006,1,99.95374653098983
0.25,0.2,0.2,0.05,0.3,1.0,0.06407550000000001,1,99.95374653098983
0.25,0.2,0.2,0.1,0.25,1.0,0.08206340000000001,1,99.95374653098983
0.25,0.2,0.2,0.15,0.2,1.0,0.0759456,2,99.90749306197965
0.25,0.2,0.2,0.2,0.15,1.0,0.01739819999999992,1,99.95374653098983
0.25,0.2,0.2,0.25,0.1,0.9999958539255034,-0.0411492,2,99.90749306197965
0.25,0.2,0.2,0.3,0.05,0.9999917078510067,-0.09969659999999991,2,99.90749306197965
0.25,0.2,0.2,0.35,0.0,0.9999543931805367,-0.15824399999999994,5,99.76873265494912
0.25,0.2,0.25,0.0,0.3,1.0,0.0493866,2,99.90749306197965
0.25,0.2,0.25,0.05,0.25,1.0,0.07047809999999993,2,99.90749306197965
0.25,0.2,0.25,0.1,0.2,1.0,0.07594700000000004,3,99.86123959296947
0.25,0.2,0.25,0.15,0.15,1.0,0.02533829999999998,3,99.86123959296947
0.25,0.2,0.25,0.2,0.1,0.9999958539255034,-0.03320910000000005,4,99.81498612395929
0.25,0.2,0.25,0.25,0.05,0.99998756177651,-0.09175649999999996,3,99.86123959296947
0.25,0.2,0.25,0.3,0.0,0.9999834157020133,-0.1503039,4,99.81498612395929
0.25,0.2,0.3,0.0,0.25,1.0,0.010838800000000037,2,99.90749306197965
0.25,0.2,0.3,0.05,0.2,1.0,0.017102000000000006,3,99.86123959296947
0.25,0.2,0.3,0.1,0.15,1.0,0.016769950000000033,3,99.86123959296947
0.25,0.2,0.3,0.15,0.1,0.9999917078510067,-0.02526900000000004,4,99.81498612395929
0.25,0.2,0.3,0.2,0.05,0.99998756177651,-0.08381640000000001,4,99.81498612395929
0.25,0.2,0.3,0.25,0.0,0.99997512355302,-0.14236380000000004,5,99.76873265494912
0.25,0.2,0.35,0.0,0.2,0.9999917078510067,-0.06421114999999994,5,99.76873265494912
0.25,0.2,0.35,0.05,0.15,0.9999834157020133,-0.057947949999999915,5,99.76873265494912
0.25,0.2,0.35,0.1,0.1,0.9999834157020133,-0.051684749999999946,6,99.72247918593895
0.25,0.2,0.35,0.15,0.05,0.99997512355302,-0.08250249999999992,6,99.72247918593895
0.25,0.2,0.35,0.2,0.0,0.99996268532953,-0.13442370000000003,6,99.72247918593895
0.25,0.2,0.4,0.0,0.15,0.9999543931805367,-0.13926109999999997,11,99.49121184088807
0.25,0.2,0.4,0.05,0.1,0.9999543931805367,-0.13299790000000006,10,99.53746530989824
0.25,0.2,0.4,0.1,0.05,0.99995024710604,-0.12673469999999998,10,99.53746530989824
0.25,0.2,0.4,0.15,0.0,0.9999419549570466,-0.14852509999999997,10,99.53746530989824
0.25,0.2,0.45,0.0,0.1,0.99988805598859,-0.21431105,14,99.35245143385754
0.25,0.2,0.45,0.05,0.05,0.9998839099140934,-0.20804784999999998,14,99.35245143385754
0.25,0.2,0.45,0.1,0.0,0.9998922020630867,-0.20178465,14,99.35245143385754
0.25,0.2,0.5,0.0,0.05,0.99978855020067,-0.289361,24,98.88991674375578
0.25,0.2,0.5,0.05,0.0,0.99977611197718,-0.2830978,24,98.88991674375578
0.25,0.2,0.55,0.0,0.0,0.9996600218912733,-0.36441095,28,98.70490286771508
0.25,0.25,0.0,0.0,0.5,0.9999709774785234,-0.10817275000000004,8,99.6299722479186
0.25,0.25,0.0,0.05,0.45,0.9999709774785234,-0.0765828,8,99.6299722479186
0.25,0.25,0.0,0.1,0.4,0.99997512355302,-0.04846324999999996,7,99.67622571692877
0.25,0.25,0.0,0.15,0.35,0.9999709774785234,-0.04315009999999997,7,99.67622571692877
0.25,0.25,0.0,0.2,0.3,0.99997512355302,-0.04181004999999993,7,99.67622571692877
0.25,0.25,0.0,0.25,0.25,0.9999709774785234,-0.040470000000000006,7,99.67622571692877
0.25,0.25,0.0,0.3,0.2,0.9999668314040266,-0.039129950000000024,8,99.6299722479186
0.25,0.25,0.0,0.35,0.15,0.99993780888255,-0.03889755,9,99.58371877890842
0.25,0.25,0.0,0.4,0.1,0.9998963481375833,-0.07396695000000003,15,99.30619796484737
0.25,0.25,0.0,0.45,0.05,0.9997968423496634,-0.12417309999999993,19,99.12118408880666
0.25,0.25,0.0,0.5,0.0,0.9996724601147633,-0.1827205,22,98.98242368177613
0.25,0.25,0.05,0.0,0.45,0.9999792696275167,-0.04737044999999995,5,99.76873265494912
0.25,0.25,0.05,0.05,0.4,0.9999917078510067,-0.01578049999999992,7,99.67622571692877
0.25,0.25,0.05,0.1,0.35,1.0,0.006524900000000111,6,99.72247918593895
0.25,0.25,0.05,0.15,0.3,1.0,0.010359300000000071,5,99.76873265494912
0.25,0.25,0.05,0.2,0.25,1.0,0.011699350000000108,5,99.76873265494912
0.25,0.25,0.05,0.25,0.2,1.0,0.013039399999999979,7,99.67622571692877
0.25,0.25,0.05,0.3,0.15,1.0,0.0008617999999999681,8,99.6299722479186
0.25,0.25,0.05,0.35,0.1,0.9999668314040266,-0.05768560000000006,9,99.58371877890842
0.25,0.25,0.05,0.4,0.05,0.99992537065906,-0.11623300000000003,17,99.21369102682701
0.25,0.25,0.05,0.45,0.0,0.9998424491691267,-0.1747804,19,99.12118408880666
0.25,0.25,0.1,0.0,0.4,1.0,0.0037390500000000215,2,99.90749306197965
0.25,0.25,0.1,0.05,0.35,1.0,0.021726950000000023,1,99.95374653098983
0.25,0.25,0.1,0.1,0.3,1.0,0.039714850000000024,1,99.95374653098983
0.25,0.25,0.1,0.15,0.25,1.0,0.057702750000000025,0,100.0
0.25,0.25,0.1,0.2,0.2,1.0,0.047174199999999944,1,99.95374653098983
0.25,0.25,0.1,0.25,0.15,1.0,0.008801899999999974,2,99.90749306197965
0.25,0.25,0.1,0.3,0.1,0.9999958539255034,-0.0497455,2,99.90749306197965
0.25,0.25,0.1,0.35,0.05,0.9999709774785234,-0.10829289999999997,6,99.72247918593895
0.25,0.25,0.1,0.4,0.0,0.9999087863610734,-0.16684030000000005,13,99.39870490286772
0.25,0.25,0.15,0.0,0.35,1.0,0.02065819999999996,1,99.95374653098983
0.25,0.25,0.15,0.05,0.3,1.0,0.03864609999999996,1,99.95374653098983
0.25,0.25,0.15,0.1,0.25,1.0,0.05663399999999996,1,99.95374653098983
0.25,0.25,0.15,0.15,0.2,1.0,0.06267764999999992,2,99.90749306197965
0.25,0.25,0.15,0.2,0.15,1.0,0.016741999999999924,1,99.95374653098983
0.25,0.25,0.15,0.25,0.1,0.9999958539255034,-0.04180540000000005,1,99.95374653098983
0.25,0.25,0.15,0.3,0.05,0.99998756177651,-0.10035279999999991,2,99.90749306197965
0.25,0.25,0.15,0.35,0.0,0.9999419549570466,-0.1589002,7,99.67622571692877
0.25,0.25,0.2,0.0,0.3,1.0,0.03757735000000001,2,99.90749306197965
0.25,0.25,0.2,0.05,0.25,1.0,0.05556525000000001,2,99.90749306197965
0.25,0.25,0.2,0.1,0.2,1.0,0.07355315000000001,3,99.86123959296947
0.25,0.25,0.2,0.15,0.15,1.0,0.02468209999999993,3,99.86123959296947
0.25,0.25,0.2,0.2,0.1,0.9999958539255034,-0.0338653000000001,2,99.90749306197965
0.25,0.25,0.2,0.25,0.05,0.99998756177651,-0.09241270000000001,3,99.86123959296947
0.25,0.25,0.2,0.3,0.0,0.99997512355302,-0.15096009999999999,5,99.76873265494912
0.25,0.25,0.25,0.0,0.25,1.0,0.04531700000000005,2,99.90749306197965
0.25,0.25,0.25,0.05,0.2,1.0,0.045961650000000076,3,99.86123959296947
0.25,0.25,0.25,0.1,0.15,1.0,0.012711799999999995,3,99.86123959296947
0.25,0.25,0.25,0.15,0.1,0.9999917078510067,-0.025925200000000037,4,99.81498612395929
0.25,0.25,0.25,0.2,0.05,0.99998756177651,-0.08447260000000001,4,99.81498612395929
0.25,0.25,0.25,0.25,0.0,0.9999834157020133,-0.14301999999999992,4,99.81498612395929
0.25,0.25,0.3,0.0,0.2,0.9999958539255034,-0.022913449999999946,4,99.81498612395929
0.25,0.25,0.3,0.05,0.15,0.9999917078510067,-0.020060949999999966,4,99.81498612395929
0.25,0.25,0.3,0.1,0.1,0.99998756177651,-0.05331080000000005,5,99.76873265494912
0.25,0.25,0.3,0.15,0.05,0.9999834157020133,-0.08656064999999996,5,99.76873265494912
0.25,0.25,0.3,0.2,0.0,0.99997512355302,-0.13507990000000003,6,99.72247918593895
0.25,0.25,0.35,0.0,0.15,0.9999834157020133,-0.09796339999999992,8,99.6299722479186
0.25,0.25,0.35,0.05,0.1,0.9999834157020133,-0.09170020000000001,9,99.58371877890842
0.25,0.25,0.35,0.1,0.05,0.9999668314040266,-0.11933339999999998,9,99.58371877890842
0.25,0.25,0.35,0.15,0.0,0.99995024710604,-0.15258325,10,99.53746530989824
0.25,0.25,0.4,0.0,0.1,0.9999295167335567,-0.17301335,14,99.35245143385754
0.25,0.25,0.4,0.05,0.05,0.9999087863610734,-0.16675014999999999,14,99.35245143385754
0.25,0.25,0.4,0.1,0.0,0.9999046402865767,-0.18535599999999997,14,99.35245143385754
0.25,0.25,0.45,0.0,0.05,0.99982586487114,-0.2480633,20,99.07493061979649
0.25,0.25,0.45,0.05,0.0,0.99983830309463,-0.24180009999999996,20,99.07493061979649
0.25,0.25,0.5,0.0,0.0,0.9997056287107366,-0.32311325,28,98.70490286771508
0.25,0.3,0.0,0.0,0.45,0.99996268532953,-0.07610564999999997,6,99.72247918593895
0.25,0.3,0.0,0.05,0.4,0.9999668314040266,-0.044515699999999936,7,99.67622571692877
0.25,0.3,0.0,0.1,0.35,0.9999668314040266,-0.020939099999999933,6,99.72247918593895
0.25,0.3,0.0,0.15,0.3,0.9999792696275167,-0.015519299999999958,6,99.72247918593895
0.25,0.3,0.0,0.2,0.25,0.9999792696275167,-0.014179249999999977,7,99.67622571692877
0.25,0.3,0.0,0.25,0.2,0.99998756177651,-0.01283920000000005,9,99.58371877890842
0.25,0.3,0.0,0.3,0.15,0.9999834157020133,-0.019207350000000012,11,99.49121184088807
0.25,0.3,0.0,0.35,0.1,0.9999461010315434,-0.058341800000000055,12,99.44495837187789
0.25,0.3,0.0,0.4,0.05,0.99990049421208,-0.11688919999999997,18,99.16743755781684
0.25,0.3,0.0,0.45,0.0,0.99980098842416,-0.17543660000000005,20,99.07493061979649
0.25,0.3,0.05,0.0,0.4,0.99998756177651,-0.021690349999999914,3,99.86123959296947
0.25,0.3,0.05,0.05,0.35,0.9999958539255034,-0.0037024499999999128,1,99.95374653098983
0.25,0.3,0.05,0.1,0.3,1.0,0.01425170000000009,2,99.90749306197965
0.25,0.3,0.05,0.15,0.25,1.0,0.02278760000000002,1,99.95374653098983
0.25,0.3,0.05,0.2,0.2,1.0,0.01843404999999998,3,99.86123959296947
0.25,0.3,0.05,0.25,0.15,0.9999958539255034,-0.0037039000000000377,4,99.81498612395929
0.25,0.3,0.05,0.3,0.1,0.99998756177651,-0.050401699999999994,5,99.76873265494912
0.25,0.3,0.05,0.35,0.05,0.9999585392550333,-0.10894910000000002,9,99.58371877890842
0.25,0.3,0.05,0.4,0.0,0.9998963481375833,-0.1674965,15,99.30619796484737
0.25,0.3,0.1,0.0,0.35,0.9999958539255034,-0.00477119999999992,2,99.90749306197965
0.25,0.3,0.1,0.05,0.3,1.0,0.013216700000000081,2,99.90749306197965
0.25,0.3,0.1,0.1,0.25,1.0,0.031204600000000138,2,99.90749306197965
0.25,0.3,0.1,0.15,0.2,1.0,0.03393750000000001,2,99.90749306197965
0.25,0.3,0.1,0.2,0.15,1.0,0.011799549999999992,3,99.86123959296947
0.25,0.3,0.1,0.25,0.1,0.9999917078510067,-0.04246159999999999,3,99.86123959296947
0.25,0.3,0.1,0.3,0.05,0.9999792696275167,-0.1010089999999999,5,99.76873265494912
0.25,0.3,0.1,0.35,0.0,0.9999336628080533,-0.15955639999999993,8,99.6299722479186
0.25,0.3,0.15,0.0,0.3,1.0,0.012147950000000018,3,99.86123959296947
0.25,0.3,0.15,0.05,0.25,1.0,0.030135849999999964,3,99.86123959296947
0.25,0.3,0.15,0.1,0.2,1.0,0.04154390000000008,4,99.81498612395929
0.25,0.3,0.15,0.15,0.15,1.0,0.024025899999999933,4,99.81498612395929
0.25,0.3,0.15,0.2,0.1,0.9999958539255034,-0.034521500000000094,3,99.86123959296947
0.25,0.3,0.15,0.25,0.05,0.99998756177651,-0.09306889999999995,6,99.72247918593895
0.25,0.3,0.15,0.3,0.0,0.9999668314040266,-0.15161630000000004,7,99.67622571692877
0.25,0.3,0.2,0.0,0.25,1.0,0.01317489999999999,3,99.86123959296947
0.25,0.3,0.2,0.05,0.2,1.0,0.01633450000000003,4,99.81498612395929
0.25,0.3,0.2,0.1,0.15,1.0,0.008653650000000013,4,99.81498612395929
0.25,0.3,0.2,0.15,0.1,0.9999917078510067,-0.026581400000000033,4,99.81498612395929
0.25,0.3,0.2,0.2,0.05,0.99998756177651,-0.0851288,5,99.76873265494912
0.25,0.3,0.2,0.25,0.0,0.9999668314040266,-0.14367620000000003,7,99.67622571692877
0.25,0.3,0.25,0.0,0.2,0.9999958539255034,-0.008874899999999963,4,99.81498612395929
0.25,0.3,0.25,0.05,0.15,0.9999917078510067,-0.024119100000000004,4,99.81498612395929
0.25,0.3,0.25,0.1,0.1,0.99998756177651,-0.05736895000000003,4,99.81498612395929
0.25,0.3,0.25,0.15,0.05,0.9999917078510067,-0.09061879999999994,5,99.76873265494912
0.25,0.3,0.25,0.2,0.0,0.99997512355302,-0.13573610000000003,6,99.72247918593895
0.25,0.3,0.3,0.0,0.15,0.99998756177651,-0.05689185000000002,10,99.53746530989824
0.25,0.3,0.3,0.05,0.1,0.9999834157020133,-0.09014169999999999,10,99.53746530989824
0.25,0.3,0.3,0.1,0.05,0.9999792696275167,-0.12339154999999996,11,99.49121184088807
0.25,0.3,0.3,0.15,0.0,0.9999419549570466,-0.1566414,11,99.49121184088807
0.25,0.3,0.35,0.0,0.1,0.99995024710604,-0.13171564999999996,14,99.35245143385754
0.25,0.3,0.35,0.05,0.05,0.99993780888255,-0.15616429999999992,15,99.30619796484737
0.25,0.3,0.35,0.1,0.0,0.9999295167335567,-0.18941415,15,99.30619796484737
0.25,0.3,0.4,0.0,0.05,0.9998714716906033,-0.2067656,20,99.07493061979649
0.25,0.3,0.4,0.05,0.0,0.9998465952436233,-0.22218689999999996,21,99.02867715078631
0.25,0.3,0.45,0.0,0.0,0.9997719659026834,-0.28181554999999997,26,98.79740980573543
0.25,0.35,0.0,0.0,0.4,0.9999709774785234,-0.0765966999999999,6,99.72247918593895
0.25,0.35,0.0,0.05,0.35,0.99997512355302,-0.06806079999999992,5,99.76873265494912
0.25,0.35,0.0,0.1,0.3,0.9999834157020133,-0.059524899999999936,3,99.86123959296947
0.25,0.35,0.0,0.15,0.25,0.9999917078510067,-0.05098900000000006,3,99.86123959296947
0.25,0.35,0.0,0.2,0.2,0.99998756177651,-0.04496840000000002,3,99.86123959296947
0.25,0.35,0.0,0.25,0.15,0.9999792696275167,-0.04712735000000001,4,99.81498612395929
0.25,0.35,0.0,0.3,0.1,0.9999668314040266,-0.05458200000000002,7,99.67622571692877
0.25,0.35,0.0,0.35,0.05,0.9999419549570466,-0.1096052999999999,8,99.6299722479186
0.25,0.35,0.0,0.4,0.0,0.9998756177651,-0.1681527,15,99.30619796484737
0.25,0.35,0.05,0.0,0.35,0.9999834157020133,-0.05422544999999995,4,99.81498612395929
0.25,0.35,0.05,0.05,0.3,0.99998756177651,-0.04568954999999991,4,99.81498612395929
0.25,0.35,0.05,0.1,0.25,0.9999917078510067,-0.03715364999999993,3,99.86123959296947
0.25,0.35,0.05,0.15,0.2,0.9999917078510067,-0.028617749999999997,3,99.86123959296947
0.25,0.35,0.05,0.2,0.15,0.99998756177651,-0.020081850000000012,3,99.86123959296947
0.25,0.35,0.05,0.25,0.1,0.99997512355302,-0.043117799999999984,4,99.81498612395929
0.25,0.35,0.05,0.3,0.05,0.99996268532953,-0.1016651999999999,5,99.76873265494912
0.25,0.35,0.05,0.35,0.0,0.99992537065906,-0.16021259999999993,9,99.58371877890842
0.25,0.35,0.1,0.0,0.3,0.9999917078510067,-0.031854199999999944,3,99.86123959296947
0.25,0.35,0.1,0.05,0.25,0.9999958539255034,-0.023318299999999903,4,99.81498612395929
0.25,0.35,0.1,0.1,0.2,0.9999958539255034,-0.014782399999999918,5,99.76873265494912
0.25,0.35,0.1,0.15,0.15,0.9999917078510067,-0.006246500000000044,4,99.81498612395929
0.25,0.35,0.1,0.2,0.1,0.99998756177651,-0.035177700000000034,5,99.76873265494912
0.25,0.35,0.1,0.25,0.05,0.99997512355302,-0.09372509999999995,5,99.76873265494912
0.25,0.35,0.1,0.3,0.0,0.99996268532953,-0.15227249999999998,8,99.6299722479186
0.25,0.35,0.15,0.0,0.25,0.9999917078510067,-0.018967200000000017,3,99.86123959296947
0.25,0.35,0.15,0.05,0.2,0.9999917078510067,-0.015807599999999977,4,99.81498612395929
0.25,0.35,0.15,0.1,0.15,0.9999958539255034,-0.012647999999999993,5,99.76873265494912
0.25,0.35,0.15,0.15,0.1,0.9999792696275167,-0.028654349999999995,5,99.76873265494912
0.25,0.35,0.15,0.2,0.05,0.99997512355302,-0.085785,5,99.76873265494912
0.25,0.35,0.15,0.25,0.0,0.9999668314040266,-0.14433240000000003,7,99.67622571692877
0.25,0.35,0.2,0.0,0.2,0.9999958539255034,-0.04101699999999997,6,99.72247918593895
0.25,0.35,0.2,0.05,0.15,0.9999917078510067,-0.037857399999999986,6,99.72247918593895
0.25,0.35,0.2,0.1,0.1,0.99998756177651,-0.06142710000000001,7,99.67622571692877
0.25,0.35,0.2,0.15,0.05,0.9999792696275167,-0.09467694999999993,7,99.67622571692877
0.25,0.35,0.2,0.2,0.0,0.99995024710604,-0.13639229999999997,10,99.53746530989824
0.25,0.35,0.25,0.0,0.15,0.99998756177651,-0.06306679999999998,12,99.44495837187789
0.25,0.35,0.25,0.05,0.1,0.9999834157020133,-0.09419984999999997,12,99.44495837187789
0.25,0.35,0.25,0.1,0.05,0.9999668314040266,-0.12744969999999994,13,99.39870490286772
0.25,0.35,0.25,0.15,0.0,0.9999295167335567,-0.16069954999999997,15,99.30619796484737
0.25,0.35,0.3,0.0,0.1,0.9999668314040266,-0.1269726,16,99.25994449583719
0.25,0.35,0.3,0.05,0.05,0.99993780888255,-0.1602224499999999,17,99.21369102682701
0.25,0.35,0.3,0.1,0.0,0.9999087863610734,-0.19347229999999999,17,99.21369102682701
0.25,0.35,0.35,0.0,0.05,0.9998922020630867,-0.19299519999999992,21,99.02867715078631
0.25,0.35,0.35,0.05,0.0,0.9998673256161067,-0.22624504999999995,21,99.02867715078631
0.25,0.35,0.4,0.0,0.0,0.9997719659026834,-0.25901779999999996,26,98.79740980573543
0.25,0.4,0.0,0.0,0.35,0.9999709774785234,-0.12800204999999998,5,99.76873265494912
0.25,0.4,0.0,0.05,0.3,0.99997512355302,-0.11946614999999994,5,99.76873265494912
0.25,0.4,0.0,0.1,0.25,0.9999709774785234,-0.1109302499999999,4,99.81498612395929
0.25,0.4,0.0,0.15,0.2,0.9999668314040266,-0.10239435000000002,5,99.76873265494912
0.25,0.4,0.0,0.2,0.15,0.9999709774785234,-0.09385845000000004,6,99.72247918593895
0.25,0.4,0.0,0.25,0.1,0.99996268532953,-0.09051990000000004,5,99.76873265494912
0.25,0.4,0.0,0.3,0.05,0.9999543931805367,-0.1050435999999999,6,99.72247918593895
0.25,0.4,0.0,0.35,0.0,0.99990049421208,-0.16086879999999998,8,99.6299722479186
0.25,0.4,0.05,0.0,0.3,0.99997512355302,-0.10563079999999997,6,99.72247918593895
0.25,0.4,0.05,0.05,0.25,0.99997512355302,-0.09709489999999993,6,99.72247918593895
0.25,0.4,0.05,0.1,0.2,0.99997512355302,-0.08855899999999994,6,99.72247918593895
0.25,0.4,0.05,0.15,0.15,0.99997512355302,-0.08002310000000007,6,99.72247918593895
0.25,0.4,0.05,0.2,0.1,0.9999668314040266,-0.07148719999999997,5,99.76873265494912
0.25,0.4,0.05,0.25,0.05,0.9999543931805367,-0.09438129999999989,6,99.72247918593895
0.25,0.4,0.05,0.3,0.0,0.9999419549570466,-0.15292869999999992,7,99.67622571692877
0.25,0.4,0.1,0.0,0.25,0.9999792696275167,-0.08325954999999996,5,99.76873265494912
0.25,0.4,0.1,0.05,0.2,0.9999834157020133,-0.07472364999999997,6,99.72247918593895
0.25,0.4,0.1,0.1,0.15,0.9999792696275167,-0.06618774999999999,6,99.72247918593895
0.25,0.4,0.1,0.15,0.1,0.9999668314040266,-0.057651850000000004,6,99.72247918593895
0.25,0.4,0.1,0.2,0.05,0.9999585392550333,-0.0864412,5,99.76873265494912
0.25,0.4,0.1,0.25,0.0,0.9999461010315434,-0.1449885999999999,8,99.6299722479186
0.25,0.4,0.15,0.0,0.2,0.99998756177651,-0.07315910000000003,9,99.58371877890842
0.25,0.4,0.15,0.05,0.15,0.9999834157020133,-0.06999950000000005,9,99.58371877890842
0.25,0.4,0.15,0.1,0.1,0.99997512355302,-0.06683990000000001,8,99.6299722479186
0.25,0.4,0.15,0.15,0.05,0.9999585392550333,-0.09873509999999991,9,99.58371877890842
0.25,0.4,0.15,0.2,0.0,0.9999336628080533,-0.13704850000000002,10,99.53746530989824
0.25,0.4,0.2,0.0,0.15,0.9999834157020133,-0.09520890000000004,17,99.21369102682701
0.25,0.4,0.2,0.05,0.1,0.99997512355302,-0.09825799999999996,16,99.25994449583719
0.25,0.4,0.2,0.1,0.05,0.9999543931805367,-0.13150784999999993,17,99.21369102682701
0.25,0.4,0.2,0.15,0.0,0.9999087863610734,-0.16475769999999995,19,99.12118408880666
0.25,0.4,0.25,0.0,0.1,0.99995024710604,-0.13103074999999997,18,99.16743755781684
0.25,0.4,0.25,0.05,0.05,0.9999212245845633,-0.1642805999999999,18,99.16743755781684
0.25,0.4,0.25,0.1,0.0,0.9999046402865767,-0.19753044999999997,21,99.02867715078631
0.25,0.4,0.3,0.0,0.05,0.99988805598859,-0.19705334999999996,22,98.98242368177613
0.25,0.4,0.3,0.05,0.0,0.9998673256161067,-0.23030319999999993,26,98.79740980573543
0.25,0.4,0.35,0.0,0.0,0.9997553816046967,-0.26307594999999995,28,98.70490286771508
0.25,0.45,0.0,0.0,0.3,0.9999295167335567,-0.1794074,7,99.67622571692877
0.25,0.45,0.0,0.05,0.25,0.9999336628080533,-0.17087149999999995,7,99.67622571692877
0.25,0.45,0.0,0.1,0.2,0.99995024710604,-0.1623355999999999,8,99.6299722479186
0.25,0.45,0.0,0.15,0.15,0.99995024710604,-0.1537997000000001,8,99.6299722479186
0.25,0.45,0.0,0.2,0.1,0.9999461010315434,-0.14526380000000005,9,99.58371877890842
0.25,0.45,0.0,0.25,0.05,0.9999336628080533,-0.1367279,9,99.58371877890842
0.25,0.45,0.0,0.3,0.0,0.9999170785100666,-0.16432500000000005,10,99.53746530989824
0.25,0.45,0.05,0.0,0.25,0.99995024710604,-0.15703614999999993,8,99.6299722479186
0.25,0.45,0.05,0.05,0.2,0.99995024710604,-0.14850024999999994,9,99.58371877890842
0.25,0.45,0.05,0.1,0.15,0.9999461010315434,-0.13996434999999996,10,99.53746530989824
0.25,0.45,0.05,0.15,0.1,0.9999461010315434,-0.13142845000000003,8,99.6299722479186
0.25,0.45,0.05,0.2,0.05,0.9999419549570466,-0.12289254999999999,9,99.58371877890842
0.25,0.45,0.05,0.25,0.0,0.99992537065906,-0.15017359999999996,10,99.53746530989824
0.25,0.45,0.1,0.0,0.2,0.9999336628080533,-0.13466489999999992,15,99.30619796484737
0.25,0.45,0.1,0.05,0.15,0.99993780888255,-0.126129,14,99.35245143385754
0.25,0.45,0.1,0.1,0.1,0.9999461010315434,-0.11759309999999995,15,99.30619796484737
0.25,0.45,0.1,0.15,0.05,0.9999419549570466,-0.11602804999999994,15,99.30619796484737
0.25,0.45,0.1,0.2,0.0,0.9998963481375833,-0.1439015999999999,16,99.25994449583719
0.25,0.45,0.15,0.0,0.15,0.9999212245845633,-0.12735100000000005,19,99.12118408880666
0.25,0.45,0.15,0.05,0.1,0.9999336628080533,-0.12419140000000006,20,99.07493061979649
0.25,0.45,0.15,0.1,0.05,0.99990049421208,-0.13556599999999996,20,99.07493061979649
0.25,0.45,0.15,0.15,0.0,0.99988805598859,-0.16881585000000005,21,99.02867715078631
0.25,0.45,0.2,0.0,0.1,0.9998839099140934,-0.14940080000000006,22,98.98242368177613
0.25,0.45,0.2,0.05,0.05,0.9998714716906033,-0.16833874999999993,23,98.93617021276596
0.25,0.45,0.2,0.1,0.0,0.99985074131812,-0.2015886,24,98.88991674375578
0.25,0.45,0.25,0.0,0.05,0.99983830309463,-0.20111149999999994,27,98.75115633672526
0.25,0.45,0.25,0.05,0.0,0.9998175727221467,-0.23436134999999997,28,98.70490286771508
0.25,0.45,0.3,0.0,0.0,0.99971392085973,-0.2671341,34,98.42738205365403
0.25,0.5,0.0,0.0,0.25,0.9997926962751666,-0.23081275,13,99.39870490286772
0.25,0.5,0.0,0.05,0.2,0.99980098842416,-0.22227684999999997,16,99.25994449583719
0.25,0.5,0.0,0.1,0.15,0.99980098842416,-0.21374094999999999,16,99.25994449583719
0.25,0.5,0.0,0.15,0.1,0.9998092805731533,-0.20520504999999994,18,99.16743755781684
0.25,0.5,0.0,0.2,0.05,0.9998175727221467,-0.1966691499999999,18,99.16743755781684
0.25,0.5,0.0,0.25,0.0,0.99977611197718,-0.19586625000000002,20,99.07493061979649
0.25,0.5,0.05,0.0,0.2,0.9998092805731533,-0.20844149999999995,24,98.88991674375578
0.25,0.5,0.05,0.05,0.15,0.9998217187966434,-0.19990559999999996,26,98.79740980573543
0.25,0.5,0.05,0.1,0.1,0.9998341570201333,-0.19136969999999992,25,98.84366327474561
0.25,0.5,0.05,0.15,0.05,0.99982586487114,-0.18283379999999994,25,98.84366327474561
0.25,0.5,0.05,0.2,0.0,0.99977611197718,-0.18959424999999996,27,98.75115633672526
0.25,0.5,0.1,0.0,0.15,0.9998465952436233,-0.18607025,29,98.6586493987049
0.25,0.5,0.1,0.05,0.1,0.9998341570201333,-0.17753434999999995,27,98.75115633672526
0.25,0.5,0.1,0.1,0.05,0.9998092805731533,-0.1689984499999999,28,98.70490286771508
0.25,0.5,0.1,0.15,0.0,0.99977611197718,-0.18332224999999996,30,98.61239592969473
0.25,0.5,0.15,0.0,0.1,0.99981342664765,-0.1815429,32,98.51988899167438
0.25,0.5,0.15,0.05,0.05,0.9997968423496634,-0.17838330000000002,32,98.51988899167438
0.25,0.5,0.15,0.1,0.0,0.9997595276791933,-0.20564675,33,98.47363552266421
0.25,0.5,0.2,0.0,0.05,0.99976367375369,-0.20516964999999998,35,98.38112858464385
0.25,0.5,0.2,0.05,0.0,0.9997180669342267,-0.23841949999999995,35,98.38112858464385
0.25,0.5,0.25,0.0,0.0,0.99967660618926,-0.27119225,43,98.01110083256243
0.25,0.55,0.0,0.0,0.2,0.99967660618926,-0.2822181,41,98.10360777058278
0.25,0.55,0.0,0.05,0.15,0.99970148263624,-0.2736822,42,98.05735430157262
0.25,0.55,0.0,0.1,0.1,0.9996807522637566,-0.26514629999999995,45,97.9185938945421
0.25,0.55,0.0,0.15,0.05,0.9995978307738234,-0.25661039999999996,44,97.96484736355227
0.25,0.55,0.0,0.2,0.0,0.9995439318053667,-0.24807449999999998,46,97.87234042553192
0.25,0.55,0.05,0.0,0.15,0.9996931904872467,-0.25984685,45,97.9185938945421
0.25,0.55,0.05,0.05,0.1,0.9996558758167767,-0.25131095,45,97.9185938945421
0.25,0.55,0.05,0.1,0.05,0.99961441507181,-0.24277504999999994,46,97.87234042553192
0.25,0.55,0.05,0.15,0.0,0.9995688082523467,-0.23423914999999995,46,97.87234042553192
0.25,0.55,0.1,0.0,0.1,0.9996558758167767,-0.23747559999999995,47,97.82608695652173
0.25,0.55,0.1,0.05,0.05,0.9996102689973133,-0.22893969999999997,49,97.73358001850139
0.25,0.55,0.1,0.1,0.0,0.9995605161033534,-0.22274289999999997,51,97.64107308048104
0.25,0.55,0.15,0.0,0.05,0.9995688082523467,-0.23573480000000002,54,97.5023126734505
0.25,0.55,0.15,0.05,0.0,0.9995232014328833,-0.24247765,54,97.5023126734505
0.25,0.55,0.2,0.0,0.0,0.9994734485389234,-0.2752504,59,97.27104532839962
0.25,0.6,0.0,0.0,0.15,0.9995190553583867,-0.33362344999999993,55,97.45605920444034
0.25,0.6,0.0,0.05,0.1,0.9994610103154333,-0.32508755,56,97.40980573543015
0.25,0.6,0.0,0.1,0.05,0.9994029652724801,-0.31655164999999985,56,97.40980573543015
0.25,0.6,0.0,0.15,0.0,0.9993449202295267,-0.30801575000000003,57,97.36355226641999
0.25,0.6,0.05,0.0,0.1,0.9994071113469767,-0.31125219999999987,60,97.22479185938946
0.25,0.6,0.05,0.05,0.05,0.9993697966765067,-0.3027162999999999,62,97.1322849213691
0.25,0.6,0.05,0.1,0.0,0.99930345948456,-0.2941804,63,97.08603145235892
0.25,0.6,0.1,0.0,0.05,0.9993241898570433,-0.2888809499999999,66,96.94727104532839
0.25,0.6,0.1,0.05,0.0,0.9992702908885867,-0.28034505,66,96.94727104532839
0.25,0.6,0.15,0.0,0.0,0.9991956615476467,-0.2899267,69,96.80851063829788
0.25,0.65,0.0,0.0,0.1,0.9991085939832167,-0.38502880000000006,74,96.577243293247
0.25,0.65,0.0,0.05,0.05,0.9990505489402633,-0.3764929,74,96.577243293247
0.25,0.65,0.0,0.1,0.0,0.9989966499718067,-0.367957,75,96.53098982423683
0.25,0.65,0.05,0.0,0.05,0.9989842117483166,-0.36265755,77,96.43848288621648
0.25,0.65,0.05,0.05,0.0,0.99895518922684,-0.3541216500000001,77,96.43848288621648
0.25,0.65,0.1,0.0,0.0,0.9989095824073767,-0.34028630000000004,80,96.29972247918593
0.25,0.7,0.0,0.0,0.05,0.9986152111181134,-0.43643414999999985,80,96.29972247918593
0.25,0.7,0.0,0.05,0.0,0.9985903346711333,-0.4278982499999999,81,96.25346901017576
0.25,0.7,0.05,0.0,0.0,0.9985074131812001,-0.41406289999999996,87,95.97594819611471
0.25,0.75,0.0,0.0,0.0,0.9980679292845533,-0.4878395,98,95.46716003700277
0.3,0.0,0.0,0.0,0.7,0.9998756177651,-0.2583465,14,99.35245143385754
0.3,0.0,0.0,0.05,0.65,0.9998963481375833,-0.22462615,13,99.39870490286772
0.3,0.0,0.0,0.1,0.6,0.9999087863610734,-0.1930362,13,99.39870490286772
0.3,0.0,0.0,0.15,0.55,0.99990049421208,-0.17785945000000003,10,99.53746530989824
0.3,0.0,0.0,0.2,0.5,0.99986317954161,-0.17148640000000004,9,99.58371877890842
0.3,0.0,0.0,0.25,0.45,0.9998590334671134,-0.16830685,9,99.58371877890842
0.3,0.0,0.0,0.3,0.4,0.99982586487114,-0.16696679999999997,9,99.58371877890842
0.3,0.0,0.0,0.35,0.35,0.9998175727221467,-0.17023245,12,99.44495837187789
0.3,0.0,0.0,0.4,0.3,0.9997802580516767,-0.21395000000000003,12,99.44495837187789
0.3,0.0,0.0,0.45,0.25,0.99967660618926,-0.25766754999999997,13,99.39870490286772
0.3,0.0,0.0,0.5,0.2,0.99958953862483,-0.30138509999999996,18,99.16743755781684
0.3,0.0,0.0,0.55,0.15,0.9994693024644267,-0.34510264999999996,23,98.93617021276596
0.3,0.0,0.0,0.6,0.1,0.9992537065906,-0.38882019999999995,28,98.70490286771508
0.3,0.0,0.0,0.65,0.05,0.9990546950147601,-0.4325377500000001,34,98.42738205365403
0.3,0.0,0.0,0.7,0.0,0.9987769080234834,-0.4893135,37,98.2886216466235
0.3,0.0,0.05,0.0,0.65,0.99990049421208,-0.19749509999999998,11,99.49121184088807
0.3,0.0,0.05,0.05,0.6,0.9999087863610734,-0.16382385,10,99.53746530989824
0.3,0.0,0.05,0.1,0.55,0.9999087863610734,-0.13223390000000002,9,99.58371877890842
0.3,0.0,0.05,0.15,0.5,0.9999170785100666,-0.11908145000000003,8,99.6299722479186
0.3,0.0,0.05,0.2,0.45,0.99991293243557,-0.1161375,8,99.6299722479186
0.3,0.0,0.05,0.25,0.4,0.9998839099140934,-0.11479744999999997,8,99.6299722479186
0.3,0.0,0.05,0.3,0.35,0.9998424491691267,-0.11345739999999999,9,99.58371877890842
0.3,0.0,0.05,0.35,0.3,0.9998341570201333,-0.14676635,12,99.44495837187789
0.3,0.0,0.05,0.4,0.25,0.9998300109456366,-0.19048389999999998,12,99.44495837187789
0.3,0.0,0.05,0.45,0.2,0.99976367375369,-0.23420145000000003,15,99.30619796484737
0.3,0.0,0.05,0.5,0.15,0.9996558758167767,-0.2779189999999999,19,99.12118408880666
0.3,0.0,0.05,0.55,0.1,0.9995066171348966,-0.32163655,21,99.02867715078631
0.3,0.0,0.05,0.6,0.05,0.9992744369630834,-0.36535409999999996,26,98.79740980573543
0.3,0.0,0.05,0.65,0.0,0.99906713323825,-0.4246698500000001,33,98.47363552266421
0.3,0.0,0.1,0.0,0.6,0.99992537065906,-0.13664370000000003,10,99.53746530989824
0.3,0.0,0.1,0.05,0.55,0.99992537065906,-0.10302155000000002,9,99.58371877890842
0.3,0.0,0.1,0.1,0.5,0.99992537065906,-0.07143159999999998,8,99.6299722479186
0.3,0.0,0.1,0.15,0.45,0.99993780888255,-0.06396815,8,99.6299722479186
0.3,0.0,0.1,0.2,0.4,0.9999543931805367,-0.06262810000000002,8,99.6299722479186
0.3,0.0,0.1,0.25,0.35,0.9999295167335567,-0.06128804999999998,8,99.6299722479186
0.3,0.0,0.1,0.3,0.3,0.9998963481375833,-0.0795827,10,99.53746530989824
0.3,0.0,0.1,0.35,0.25,0.99986317954161,-0.12330025,12,99.44495837187789
0.3,0.0,0.1,0.4,0.2,0.99982586487114,-0.16701780000000005,14,99.35245143385754
0.3,0.0,0.1,0.45,0.15,0.99976367375369,-0.21073535,16,99.25994449583719
0.3,0.0,0.1,0.5,0.1,0.99968904441275,-0.25445290000000004,18,99.16743755781684
0.3,0.0,0.1,0.55,0.05,0.9995480778798633,-0.29817045000000003,21,99.02867715078631
0.3,0.0,0.1,0.6,0.0,0.9992827291120767,-0.36002619999999996,26,98.79740980573543
0.3,0.0,0.15,0.0,0.55,0.99992537065906,-0.07938404999999998,10,99.53746530989824
0.3,0.0,0.15,0.05,0.5,0.9999336628080533,-0.04469050000000002,8,99.6299722479186
0.3,0.0,0.15,0.1,0.45,0.99995024710604,-0.014200999999999964,8,99.6299722479186
0.3,0.0,0.15,0.15,0.4,0.9999792696275167,-0.010458749999999961,8,99.6299722479186
0.3,0.0,0.15,0.2,0.35,0.99998756177651,-0.00911869999999998,8,99.6299722479186
0.3,0.0,0.15,0.25,0.3,0.9999792696275167,-0.02024479999999995,8,99.6299722479186
0.3,0.0,0.15,0.3,0.25,0.99993780888255,-0.056116599999999905,10,99.53746530989824
0.3,0.0,0.15,0.35,0.2,0.9999170785100666,-0.09983415000000001,14,99.35245143385754
0.3,0.0,0.15,0.4,0.15,0.9998300109456366,-0.1435517,13,99.39870490286772
0.3,0.0,0.15,0.45,0.1,0.9997719659026834,-0.18726925000000005,15,99.30619796484737
0.3,0.0,0.15,0.5,0.05,0.9997222130087233,-0.2309868,19,99.12118408880666
0.3,0.0,0.15,0.55,0.0,0.9995729543268433,-0.29538255,21,99.02867715078631
0.3,0.0,0.2,0.0,0.5,0.9999668314040266,-0.07158190000000003,7,99.67622571692877
0.3,0.0,0.2,0.05,0.45,0.99997512355302,-0.036888350000000014,7,99.67622571692877
0.3,0.0,0.2,0.1,0.4,0.9999792696275167,-0.011796499999999988,8,99.6299722479186
0.3,0.0,0.2,0.15,0.35,0.9999917078510067,-0.006213549999999957,8,99.6299722479186
0.3,0.0,0.2,0.2,0.3,0.9999958539255034,-0.0017698999999999354,8,99.6299722479186
0.3,0.0,0.2,0.25,0.25,0.9999958539255034,-0.010708200000000057,8,99.6299722479186
0.3,0.0,0.2,0.3,0.2,0.9999668314040266,-0.045777599999999974,11,99.49121184088807
0.3,0.0,0.2,0.35,0.15,0.99992537065906,-0.08084699999999995,13,99.39870490286772
0.3,0.0,0.2,0.4,0.1,0.9998756177651,-0.12008560000000001,13,99.39870490286772
0.3,0.0,0.2,0.45,0.05,0.9997719659026834,-0.16380315000000006,16,99.25994449583719
0.3,0.0,0.2,0.5,0.0,0.9997097747852334,-0.2307388999999999,19,99.12118408880666
0.3,0.0,0.25,0.0,0.45,0.99997512355302,-0.06377974999999997,7,99.67622571692877
0.3,0.0,0.25,0.05,0.4,0.9999792696275167,-0.02908619999999995,7,99.67622571692877
0.3,0.0,0.25,0.1,0.35,0.99998756177651,-0.010147949999999906,6,99.72247918593895
0.3,0.0,0.25,0.15,0.3,0.9999917078510067,-0.0057042999999998845,6,99.72247918593895
0.3,0.0,0.25,0.2,0.25,0.9999958539255034,-0.0012606499999999188,8,99.6299722479186
0.3,0.0,0.25,0.25,0.2,0.9999958539255034,-0.0011715999999999394,9,99.58371877890842
0.3,0.0,0.25,0.3,0.15,0.9999792696275167,-0.03624099999999991,11,99.49121184088807
0.3,0.0,0.25,0.35,0.1,0.9999087863610734,-0.07131039999999994,13,99.39870490286772
0.3,0.0,0.25,0.4,0.05,0.9998590334671134,-0.12103439999999988,13,99.39870490286772
0.3,0.0,0.25,0.45,0.0,0.99976367375369,-0.18336809999999987,16,99.25994449583719
0.3,0.0,0.3,0.0,0.4,0.99997512355302,-0.05597759999999996,7,99.67622571692877
0.3,0.0,0.3,0.05,0.35,0.9999792696275167,-0.021284049999999943,6,99.72247918593895
0.3,0.0,0.3,0.1,0.3,0.99998756177651,-0.009638699999999889,7,99.67622571692877
0.3,0.0,0.3,0.15,0.25,0.9999958539255034,-0.005195049999999979,5,99.76873265494912
0.3,0.0,0.3,0.2,0.2,0.9999958539255034,-0.0007513999999999577,7,99.67622571692877
0.3,0.0,0.3,0.25,0.15,1.0,0.0012699500000000752,7,99.67622571692877
0.3,0.0,0.3,0.3,0.1,0.9999668314040266,-0.05639099999999997,11,99.49121184088807
0.3,0.0,0.3,0.35,0.05,0.9999087863610734,-0.1187246999999999,13,99.39870490286772
0.3,0.0,0.3,0.4,0.0,0.9998548873926166,-0.18105839999999995,14,99.35245143385754
0.3,0.0,0.35,0.0,0.35,0.99997512355302,-0.060768799999999956,3,99.86123959296947
0.3,0.0,0.35,0.05,0.3,0.9999792696275167,-0.03967729999999997,2,99.90749306197965
0.3,0.0,0.35,0.1,0.25,0.9999834157020133,-0.018585799999999986,3,99.86123959296947
0.3,0.0,0.35,0.15,0.2,0.99998756177651,-0.02214009999999994,5,99.76873265494912
0.3,0.0,0.35,0.2,0.15,0.99998756177651,-0.04496074999999994,4,99.81498612395929
0.3,0.0,0.35,0.25,0.1,0.9999834157020133,-0.06778140000000005,4,99.81498612395929
0.3,0.0,0.35,0.3,0.05,0.9999668314040266,-0.11641499999999988,7,99.67622571692877
0.3,0.0,0.35,0.35,0.0,0.9998963481375833,-0.17874869999999998,10,99.53746530989824
0.3,0.0,0.4,0.0,0.3,0.99996268532953,-0.09684979999999999,2,99.90749306197965
0.3,0.0,0.4,0.05,0.25,0.99996268532953,-0.07575829999999995,2,99.90749306197965
0.3,0.0,0.4,0.1,0.2,0.9999668314040266,-0.0683707999999999,4,99.81498612395929
0.3,0.0,0.4,0.15,0.15,0.9999792696275167,-0.09119144999999995,4,99.81498612395929
0.3,0.0,0.4,0.2,0.1,0.99997512355302,-0.11401209999999995,3,99.86123959296947
0.3,0.0,0.4,0.25,0.05,0.99997512355302,-0.13683274999999995,3,99.86123959296947
0.3,0.0,0.4,0.3,0.0,0.9999461010315434,-0.176439,7,99.67622571692877
0.3,0.0,0.45,0.0,0.25,0.9999087863610734,-0.13293080000000002,4,99.81498612395929
0.3,0.0,0.45,0.05,0.2,0.9999212245845633,-0.11460150000000002,6,99.72247918593895
0.3,0.0,0.45,0.1,0.15,0.99993780888255,-0.13742215000000008,6,99.72247918593895
0.3,0.0,0.45,0.15,0.1,0.9999336628080533,-0.16024280000000007,6,99.72247918593895
0.3,0.0,0.45,0.2,0.05,0.99993780888255,-0.18306344999999996,6,99.72247918593895
0.3,0.0,0.45,0.25,0.0,0.9999295167335567,-0.20588409999999996,5,99.76873265494912
0.3,0.0,0.5,0.0,0.2,0.99986317954161,-0.18069200000000013,11,99.49121184088807
0.3,0.0,0.5,0.05,0.15,0.9998673256161067,-0.18365285000000003,10,99.53746530989824
0.3,0.0,0.5,0.1,0.1,0.99986317954161,-0.2064735000000001,10,99.53746530989824
0.3,0.0,0.5,0.15,0.05,0.99986317954161,-0.22929415000000003,10,99.53746530989824
0.3,0.0,0.5,0.2,0.0,0.9998424491691267,-0.2521148,10,99.53746530989824
0.3,0.0,0.55,0.0,0.15,0.99981342664765,-0.25689965000000015,13,99.39870490286772
0.3,0.0,0.55,0.05,0.1,0.9998092805731533,-0.25270420000000005,13,99.39870490286772
0.3,0.0,0.55,0.1,0.05,0.9998092805731533,-0.27552485000000004,13,99.39870490286772
0.3,0.0,0.55,0.15,0.0,0.99977611197718,-0.29834550000000004,13,99.39870490286772
0.3,0.0,0.6,0.0,0.1,0.99970148263624,-0.3331073,19,99.12118408880666
0.3,0.0,0.6,0.05,0.05,0.9996931904872467,-0.32175554999999995,19,99.12118408880666
0.3,0.0,0.6,0.1,0.0,0.99970148263624,-0.3445762,20,99.07493061979649
0.3,0.0,0.65,0.0,0.05,0.99957710040134,-0.40931495,27,98.75115633672526
0.3,0.0,0.65,0.05,0.0,0.99955222395436,-0.3962412,28,98.70490286771508
0.3,0.0,0.7,0.0,0.0,0.9993780888255,-0.4855225999999999,30,98.61239592969473
0.3,0.05,0.0,0.0,0.65,0.9999170785100666,-0.224149,11,99.49121184088807
0.3,0.05,0.0,0.05,0.6,0.99992537065906,-0.19255904999999995,9,99.58371877890842
0.3,0.05,0.0,0.1,0.55,0.9999336628080533,-0.16096909999999998,9,99.58371877890842
0.3,0.05,0.0,0.15,0.5,0.9999336628080533,-0.1470864,8,99.6299722479186
0.3,0.05,0.0,0.2,0.45,0.9999046402865767,-0.14201610000000003,8,99.6299722479186
0.3,0.05,0.0,0.25,0.4,0.99988805598859,-0.14067605,8,99.6299722479186
0.3,0.05,0.0,0.3,0.35,0.9998465952436233,-0.13933599999999996,8,99.6299722479186
0.3,0.05,0.0,0.35,0.3,0.9998300109456366,-0.13799594999999998,12,99.44495837187789
0.3,0.05,0.0,0.4,0.25,0.9998300109456366,-0.17945424999999998,12,99.44495837187789
0.3,0.05,0.0,0.45,0.2,0.9997470894557033,-0.22317180000000003,14,99.35245143385754
0.3,0.05,0.0,0.5,0.15,0.9996683140402667,-0.26688934999999997,19,99.12118408880666
0.3,0.05,0.0,0.55,0.1,0.99951490928389,-0.3106069000000001,21,99.02867715078631
0.3,0.05,0.0,0.6,0.05,0.99927858303758,-0.35432445,26,98.79740980573543
0.3,0.05,0.0,0.65,0.0,0.9990629871637534,-0.41013575,35,98.38112858464385
0.3,0.05,0.05,0.0,0.6,0.9999461010315434,-0.16334669999999996,9,99.58371877890842
0.3,0.05,0.05,0.05,0.55,0.99993780888255,-0.13175674999999998,9,99.58371877890842
0.3,0.05,0.05,0.1,0.5,0.9999419549570466,-0.1001668,8,99.6299722479186
0.3,0.05,0.05,0.15,0.45,0.9999419549570466,-0.08986674999999994,8,99.6299722479186
0.3,0.05,0.05,0.2,0.4,0.99995024710604,-0.0885067,8,99.6299722479186
0.3,0.05,0.05,0.25,0.35,0.9999295167335567,-0.08716664999999996,8,99.6299722479186
0.3,0.05,0.05,0.3,0.3,0.9998963481375833,-0.08582659999999998,8,99.6299722479186
0.3,0.05,0.05,0.35,0.25,0.9998673256161067,-0.11227059999999994,12,99.44495837187789
0.3,0.05,0.05,0.4,0.2,0.9998217187966434,-0.15598815000000005,13,99.39870490286772
0.3,0.05,0.05,0.45,0.15,0.9997719659026834,-0.19970569999999999,15,99.30619796484737
0.3,0.05,0.05,0.5,0.1,0.9996807522637566,-0.2434232500000001,18,99.16743755781684
0.3,0.05,0.05,0.55,0.05,0.99953978573087,-0.2871408000000001,21,99.02867715078631
0.3,0.05,0.05,0.6,0.0,0.99927858303758,-0.34549209999999997,26,98.79740980573543
0.3,0.05,0.1,0.0,0.55,0.9999461010315434,-0.10254439999999998,9,99.58371877890842
0.3,0.05,0.1,0.05,0.5,0.9999543931805367,-0.07095444999999995,8,99.6299722479186
0.3,0.05,0.1,0.1,0.45,0.99997512355302,-0.04166500000000001,8,99.6299722479186
0.3,0.05,0.1,0.15,0.4,0.99997512355302,-0.036337349999999935,8,99.6299722479186
0.3,0.05,0.1,0.2,0.35,0.9999792696275167,-0.03499729999999995,8,99.6299722479186
0.3,0.05,0.1,0.25,0.3,0.99996268532953,-0.033657249999999916,8,99.6299722479186
0.3,0.05,0.1,0.3,0.25,0.9999336628080533,-0.053108849999999985,9,99.58371877890842
0.3,0.05,0.1,0.35,0.2,0.9999046402865767,-0.08880450000000001,13,99.39870490286772
0.3,0.05,0.1,0.4,0.15,0.9998341570201333,-0.13252205,13,99.39870490286772
0.3,0.05,0.1,0.45,0.1,0.99977611197718,-0.1762396,15,99.30619796484737
0.3,0.05,0.1,0.5,0.05,0.99970148263624,-0.21995715000000005,19,99.12118408880666
0.3,0.05,0.1,0.55,0.0,0.99955222395436,-0.28084845,22,98.98242368177613
0.3,0.05,0.15,0.0,0.5,0.9999834157020133,-0.04174209999999995,7,99.67622571692877
0.3,0.05,0.15,0.05,0.45,0.9999958539255034,-0.010152149999999915,6,99.72247918593895
0.3,0.05,0.15,0.1,0.4,1.0,0.013107299999999988,8,99.6299722479186
0.3,0.05,0.15,0.15,0.35,1.0,0.01717205000000005,8,99.6299722479186
0.3,0.05,0.15,0.2,0.3,1.0,0.018512100000000087,8,99.6299722479186
0.3,0.05,0.15,0.25,0.25,0.9999958539255034,-0.00850284999999995,8,99.6299722479186
0.3,0.05,0.15,0.3,0.2,0.9999709774785234,-0.04357224999999998,9,99.58371877890842
0.3,0.05,0.15,0.35,0.15,0.9999336628080533,-0.07864164999999995,13,99.39870490286772
0.3,0.05,0.15,0.4,0.1,0.9998797638395966,-0.11371105000000004,13,99.39870490286772
0.3,0.05,0.15,0.45,0.05,0.99977611197718,-0.1527735,16,99.25994449583719
0.3,0.05,0.15,0.5,0.0,0.9996973365617433,-0.21620479999999997,19,99.12118408880666
0.3,0.05,0.2,0.0,0.45,0.9999958539255034,-0.019075149999999985,7,99.67622571692877
0.3,0.05,0.2,0.05,0.4,1.0,0.015618400000000032,7,99.67622571692877
0.3,0.05,0.2,0.1,0.35,1.0,0.03595145000000005,6,99.72247918593895
0.3,0.05,0.2,0.15,0.3,1.0,0.041856900000000086,6,99.72247918593895
0.3,0.05,0.2,0.2,0.25,1.0,0.03610314999999997,7,99.67622571692877
0.3,0.05,0.2,0.25,0.2,1.0,0.00103375,8,99.6299722479186
0.3,0.05,0.2,0.3,0.15,0.9999834157020133,-0.03403564999999997,10,99.53746530989824
0.3,0.05,0.2,0.35,0.1,0.9999212245845633,-0.06910505,13,99.39870490286772
0.3,0.05,0.2,0.4,0.05,0.9998797638395966,-0.11345750000000004,14,99.35245143385754
0.3,0.05,0.2,0.45,0.0,0.9997844041261733,-0.17200490000000002,16,99.25994449583719
0.3,0.05,0.25,0.0,0.4,0.9999958539255034,-0.011272999999999977,6,99.72247918593895
0.3,0.05,0.25,0.05,0.35,1.0,0.02342055000000004,6,99.72247918593895
0.3,0.05,0.25,0.1,0.3,1.0,0.037723600000000135,6,99.72247918593895
0.3,0.05,0.25,0.15,0.25,1.0,0.04236615000000005,5,99.76873265494912
0.3,0.05,0.25,0.2,0.2,1.0,0.04563974999999998,6,99.72247918593895
0.3,0.05,0.25,0.25,0.15,1.0,0.01057034999999995,7,99.67622571692877
0.3,0.05,0.25,0.3,0.1,0.9999834157020133,-0.04697000000000001,10,99.53746530989824
0.3,0.05,0.25,0.35,0.05,0.9999295167335567,-0.10551739999999998,13,99.39870490286772
0.3,0.05,0.25,0.4,0.0,0.9998673256161067,-0.16406480000000007,14,99.35245143385754
0.3,0.05,0.3,0.0,0.35,0.9999917078510067,-0.012758399999999948,2,99.90749306197965
0.3,0.05,0.3,0.05,0.3,1.0,0.008333100000000038,1,99.95374653098983
0.3,0.05,0.3,0.1,0.25,1.0,0.029424600000000023,1,99.95374653098983
0.3,0.05,0.3,0.15,0.2,1.0,0.030694550000000043,3,99.86123959296947
0.3,0.05,0.3,0.2,0.15,1.0,0.01166020000000001,4,99.81498612395929
0.3,0.05,0.3,0.25,0.1,0.9999834157020133,-0.039029900000000006,4,99.81498612395929
0.3,0.05,0.3,0.3,0.05,0.9999668314040266,-0.09757729999999992,6,99.72247918593895
0.3,0.05,0.3,0.35,0.0,0.99991293243557,-0.1573413999999999,9,99.58371877890842
0.3,0.05,0.35,0.0,0.3,0.9999958539255034,-0.04883939999999998,2,99.90749306197965
0.3,0.05,0.35,0.05,0.25,0.9999958539255034,-0.027747899999999937,2,99.90749306197965
0.3,0.05,0.35,0.1,0.2,0.99998756177651,-0.009905749999999991,3,99.86123959296947
0.3,0.05,0.35,0.15,0.15,0.9999917078510067,-0.028940100000000024,3,99.86123959296947
0.3,0.05,0.35,0.2,0.1,0.9999834157020133,-0.04797445000000006,2,99.90749306197965
0.3,0.05,0.35,0.25,0.05,0.99997512355302,-0.09269799999999989,2,99.90749306197965
0.3,0.05,0.35,0.3,0.0,0.9999543931805367,-0.1550317,7,99.67622571692877
0.3,0.05,0.4,0.0,0.25,0.9999792696275167,-0.0849203999999999,3,99.86123959296947
0.3,0.05,0.4,0.05,0.2,0.9999792696275167,-0.06382890000000002,5,99.76873265494912
0.3,0.05,0.4,0.1,0.15,0.9999792696275167,-0.07065899999999997,5,99.76873265494912
0.3,0.05,0.4,0.15,0.1,0.9999709774785234,-0.09347964999999997,5,99.76873265494912
0.3,0.05,0.4,0.2,0.05,0.9999709774785234,-0.11630029999999997,5,99.76873265494912
0.3,0.05,0.4,0.25,0.0,0.9999668314040266,-0.15272200000000008,4,99.81498612395929
0.3,0.05,0.45,0.0,0.2,0.99992537065906,-0.13573680000000005,6,99.72247918593895
0.3,0.05,0.45,0.05,0.15,0.9999336628080533,-0.12947360000000002,6,99.72247918593895
0.3,0.05,0.45,0.1,0.1,0.99993780888255,-0.1397103500000001,6,99.72247918593895
0.3,0.05,0.45,0.15,0.05,0.99993780888255,-0.16253100000000004,6,99.72247918593895
0.3,0.05,0.45,0.2,0.0,0.99992537065906,-0.18535164999999998,6,99.72247918593895
0.3,0.05,0.5,0.0,0.15,0.9998590334671134,-0.21078674999999997,12,99.44495837187789
0.3,0.05,0.5,0.05,0.1,0.9998548873926166,-0.20452355,11,99.49121184088807
0.3,0.05,0.5,0.1,0.05,0.9998673256161067,-0.20876169999999994,11,99.49121184088807
0.3,0.05,0.5,0.15,0.0,0.99983830309463,-0.23158234999999994,11,99.49121184088807
0.3,0.05,0.55,0.0,0.1,0.9998051344986567,-0.2858367000000001,16,99.25994449583719
0.3,0.05,0.55,0.05,0.05,0.99978855020067,-0.2795735000000001,16,99.25994449583719
0.3,0.05,0.55,0.1,0.0,0.9997802580516767,-0.27781305000000006,16,99.25994449583719
0.3,0.05,0.6,0.0,0.05,0.9996807522637566,-0.36088665,23,98.93617021276596
0.3,0.05,0.6,0.05,0.0,0.9996683140402667,-0.35462345,27,98.75115633672526
0.3,0.05,0.65,0.0,0.0,0.9995190553583867,-0.43593659999999995,30,98.61239592969473
0.3,0.1,0.0,0.0,0.6,0.99993780888255,-0.19208189999999997,9,99.58371877890842
0.3,0.1,0.0,0.05,0.55,0.9999419549570466,-0.16049195,9,99.58371877890842
0.3,0.1,0.0,0.1,0.5,0.9999419549570466,-0.12890200000000002,8,99.6299722479186
0.3,0.1,0.0,0.15,0.45,0.9999419549570466,-0.11733074999999998,8,99.6299722479186
0.3,0.1,0.0,0.2,0.4,0.99995024710604,-0.11438530000000002,8,99.6299722479186
0.3,0.1,0.0,0.25,0.35,0.9999295167335567,-0.11304524999999999,8,99.6299722479186
0.3,0.1,0.0,0.3,0.3,0.9998922020630867,-0.1117052,8,99.6299722479186
0.3,0.1,0.0,0.35,0.25,0.9998673256161067,-0.11036515000000002,12,99.44495837187789
0.3,0.1,0.0,0.4,0.2,0.9998217187966434,-0.14495850000000005,13,99.39870490286772
0.3,0.1,0.0,0.45,0.15,0.9997595276791933,-0.18867604999999998,13,99.39870490286772
0.3,0.1,0.0,0.5,0.1,0.9996848983382534,-0.23239360000000003,18,99.16743755781684
0.3,0.1,0.0,0.55,0.05,0.99951490928389,-0.27611115,24,98.88991674375578
0.3,0.1,0.0,0.6,0.0,0.9992744369630834,-0.3309579999999999,28,98.70490286771508
0.3,0.1,0.05,0.0,0.55,0.99995024710604,-0.1312796,9,99.58371877890842
0.3,0.1,0.05,0.05,0.5,0.9999543931805367,-0.09968964999999991,8,99.6299722479186
0.3,0.1,0.05,0.1,0.45,0.99997512355302,-0.069129,8,99.6299722479186
0.3,0.1,0.05,0.15,0.4,0.99997512355302,-0.06255844999999993,8,99.6299722479186
0.3,0.1,0.05,0.2,0.35,0.9999709774785234,-0.06087589999999998,8,99.6299722479186
0.3,0.1,0.05,0.25,0.3,0.9999585392550333,-0.059535849999999946,8,99.6299722479186
0.3,0.1,0.05,0.3,0.25,0.9999212245845633,-0.05819580000000002,8,99.6299722479186
0.3,0.1,0.05,0.35,0.2,0.99990049421208,-0.08597289999999996,13,99.39870490286772
0.3,0.1,0.05,0.4,0.15,0.99981342664765,-0.12149240000000006,12,99.44495837187789
0.3,0.1,0.05,0.45,0.1,0.9997512355302,-0.16520995,14,99.35245143385754
0.3,0.1,0.05,0.5,0.05,0.9996683140402667,-0.2089275,19,99.12118408880666
0.3,0.1,0.05,0.55,0.0,0.9995356396563734,-0.26631435,25,98.84366327474561
0.3,0.1,0.1,0.0,0.5,0.9999709774785234,-0.07047729999999996,7,99.67622571692877
0.3,0.1,0.1,0.05,0.45,0.99997512355302,-0.03888734999999993,6,99.72247918593895
0.3,0.1,0.1,0.1,0.4,0.99997512355302,-0.0143567,8,99.6299722479186
0.3,0.1,0.1,0.15,0.35,0.9999917078510067,-0.00870654999999998,8,99.6299722479186
0.3,0.1,0.1,0.2,0.3,0.9999917078510067,-0.0073664999999999425,8,99.6299722479186
0.3,0.1,0.1,0.25,0.25,0.9999917078510067,-0.006297500000000011,8,99.6299722479186
0.3,0.1,0.1,0.3,0.2,0.9999709774785234,-0.04136689999999993,8,99.6299722479186
0.3,0.1,0.1,0.35,0.15,0.9999336628080533,-0.07643629999999996,13,99.39870490286772
0.3,0.1,0.1,0.4,0.1,0.9998714716906033,-0.11150569999999999,13,99.39870490286772
0.3,0.1,0.1,0.45,0.05,0.99977611197718,-0.1465750999999999,16,99.25994449583719
0.3,0.1,0.1,0.5,0.0,0.9996807522637566,-0.20167069999999993,19,99.12118408880666
0.3,0.1,0.15,0.0,0.45,0.9999958539255034,-0.00967499999999999,7,99.67622571692877
0.3,0.1,0.15,0.05,0.4,1.0,0.021914950000000044,6,99.72247918593895
0.3,0.1,0.15,0.1,0.35,1.0,0.040415599999999996,6,99.72247918593895
0.3,0.1,0.15,0.15,0.3,1.0,0.04480285000000006,6,99.72247918593895
0.3,0.1,0.15,0.2,0.25,1.0,0.03830850000000008,7,99.67622571692877
0.3,0.1,0.15,0.25,0.2,1.0,0.0032391000000000503,8,99.6299722479186
0.3,0.1,0.15,0.3,0.15,0.99998756177651,-0.03183029999999992,10,99.53746530989824
0.3,0.1,0.15,0.35,0.1,0.99993780888255,-0.06689969999999995,13,99.39870490286772
0.3,0.1,0.15,0.4,0.05,0.9998839099140934,-0.11411369999999998,14,99.35245143385754
0.3,0.1,0.15,0.45,0.0,0.9997926962751666,-0.17266109999999996,16,99.25994449583719
0.3,0.1,0.2,0.0,0.4,1.0,0.033431600000000006,6,99.72247918593895
0.3,0.1,0.2,0.05,0.35,1.0,0.06812515000000002,6,99.72247918593895
0.3,0.1,0.2,0.1,0.3,1.0,0.08369940000000009,6,99.72247918593895
0.3,0.1,0.2,0.15,0.25,1.0,0.0829145,5,99.76873265494912
0.3,0.1,0.2,0.2,0.2,1.0,0.04784510000000003,6,99.72247918593895
0.3,0.1,0.2,0.25,0.15,1.0,0.01092120000000002,7,99.67622571692877
0.3,0.1,0.2,0.3,0.1,0.9999834157020133,-0.04762619999999995,10,99.53746530989824
0.3,0.1,0.2,0.35,0.05,0.9999336628080533,-0.10617359999999992,13,99.39870490286772
0.3,0.1,0.2,0.4,0.0,0.9998756177651,-0.164721,14,99.35245143385754
0.3,0.1,0.25,0.0,0.35,1.0,0.03525200000000006,2,99.90749306197965
0.3,0.1,0.25,0.05,0.3,1.0,0.056343500000000046,1,99.95374653098983
0.3,0.1,0.25,0.1,0.25,1.0,0.07743500000000009,1,99.95374653098983
0.3,0.1,0.25,0.15,0.2,1.0,0.07539420000000002,2,99.90749306197965
0.3,0.1,0.25,0.2,0.15,1.0,0.01886129999999997,3,99.86123959296947
0.3,0.1,0.25,0.25,0.1,0.9999917078510067,-0.0396861,4,99.81498612395929
0.3,0.1,0.25,0.3,0.05,0.99997512355302,-0.09823349999999992,5,99.76873265494912
0.3,0.1,0.25,0.35,0.0,0.9999295167335567,-0.1567809,9,99.58371877890842
0.3,0.1,0.3,0.0,0.3,0.9999958539255034,-0.0008289999999999131,1,99.95374653098983
0.3,0.1,0.3,0.05,0.25,1.0,0.020262500000000017,1,99.95374653098983
0.3,0.1,0.3,0.1,0.2,1.0,0.034793900000000044,2,99.90749306197965
0.3,0.1,0.3,0.15,0.15,1.0,0.01575955000000001,2,99.90749306197965
0.3,0.1,0.3,0.2,0.1,0.99998756177651,-0.03174600000000005,2,99.90749306197965
0.3,0.1,0.3,0.25,0.05,0.9999834157020133,-0.09029339999999997,2,99.90749306197965
0.3,0.1,0.3,0.3,0.0,0.9999543931805367,-0.14884079999999994,5,99.76873265494912
0.3,0.1,0.35,0.0,0.25,0.9999917078510067,-0.03690999999999989,3,99.86123959296947
0.3,0.1,0.35,0.05,0.2,0.99998756177651,-0.015818499999999958,3,99.86123959296947
0.3,0.1,0.35,0.1,0.15,0.99998756177651,-0.024840749999999967,4,99.81498612395929
0.3,0.1,0.35,0.15,0.1,0.9999792696275167,-0.0438751,4,99.81498612395929
0.3,0.1,0.35,0.2,0.05,0.9999792696275167,-0.08235329999999996,3,99.86123959296947
0.3,0.1,0.35,0.25,0.0,0.9999709774785234,-0.14090069999999988,4,99.81498612395929
0.3,0.1,0.4,0.0,0.2,0.99997512355302,-0.0944391,5,99.76873265494912
0.3,0.1,0.4,0.05,0.15,0.9999792696275167,-0.08817590000000003,6,99.72247918593895
0.3,0.1,0.4,0.1,0.1,0.9999668314040266,-0.08447539999999998,6,99.72247918593895
0.3,0.1,0.4,0.15,0.05,0.9999668314040266,-0.10350975000000001,5,99.76873265494912
0.3,0.1,0.4,0.2,0.0,0.99996268532953,-0.13296060000000004,5,99.76873265494912
0.3,0.1,0.45,0.0,0.15,0.9999170785100666,-0.16948905000000003,8,99.6299722479186
0.3,0.1,0.45,0.05,0.1,0.9999087863610734,-0.16322585000000006,8,99.6299722479186
0.3,0.1,0.45,0.1,0.05,0.9999170785100666,-0.15696265000000004,8,99.6299722479186
0.3,0.1,0.45,0.15,0.0,0.9999212245845633,-0.1648192,8,99.6299722479186
0.3,0.1,0.5,0.0,0.1,0.9998424491691267,-0.24453900000000006,15,99.30619796484737
0.3,0.1,0.5,0.05,0.05,0.9998341570201333,-0.23827580000000004,16,99.25994449583719
0.3,0.1,0.5,0.1,0.0,0.99982586487114,-0.23201260000000007,15,99.30619796484737
0.3,0.1,0.55,0.0,0.05,0.9997553816046967,-0.31958895000000004,19,99.12118408880666
0.3,0.1,0.55,0.05,0.0,0.99973879730671,-0.31332575000000007,20,99.07493061979649
0.3,0.1,0.6,0.0,0.0,0.99963929151879,-0.39463889999999996,30,98.61239592969473
0.3,0.15,0.0,0.0,0.55,0.99993780888255,-0.1600148,9,99.58371877890842
0.3,0.15,0.0,0.05,0.5,0.9999461010315434,-0.12842484999999998,8,99.6299722479186
0.3,0.15,0.0,0.1,0.45,0.9999668314040266,-0.09683489999999995,8,99.6299722479186
0.3,0.15,0.0,0.15,0.4,0.9999668314040266,-0.09002244999999992,8,99.6299722479186
0.3,0.15,0.0,0.2,0.35,0.9999668314040266,-0.0867544999999999,8,99.6299722479186
0.3,0.15,0.0,0.25,0.3,0.99995024710604,-0.08541444999999998,8,99.6299722479186
0.3,0.15,0.0,0.3,0.25,0.99992537065906,-0.0840744,8,99.6299722479186
0.3,0.15,0.0,0.35,0.2,0.9999046402865767,-0.08376754999999997,13,99.39870490286772
0.3,0.15,0.0,0.4,0.15,0.9998175727221467,-0.11883695,12,99.44495837187789
0.3,0.15,0.0,0.45,0.1,0.9997470894557033,-0.1541803,14,99.35245143385754
0.3,0.15,0.0,0.5,0.05,0.9996475836677834,-0.19789785000000004,22,98.98242368177613
0.3,0.15,0.0,0.55,0.0,0.9995107632093934,-0.2517802500000001,25,98.84366327474561
0.3,0.15,0.05,0.0,0.5,0.9999709774785234,-0.09921249999999998,6,99.72247918593895
0.3,0.15,0.05,0.05,0.45,0.99997512355302,-0.06762254999999995,7,99.67622571692877
0.3,0.15,0.05,0.1,0.4,0.99997512355302,-0.04182069999999993,8,99.6299722479186
0.3,0.15,0.05,0.15,0.35,0.99997512355302,-0.03525014999999987,8,99.6299722479186
0.3,0.15,0.05,0.2,0.3,0.9999792696275167,-0.03324509999999986,8,99.6299722479186
0.3,0.15,0.05,0.25,0.25,0.99997512355302,-0.03190504999999988,8,99.6299722479186
0.3,0.15,0.05,0.3,0.2,0.9999585392550333,-0.039161549999999934,8,99.6299722479186
0.3,0.15,0.05,0.35,0.15,0.9999212245845633,-0.07423094999999996,12,99.44495837187789
0.3,0.15,0.05,0.4,0.1,0.9998756177651,-0.10930034999999999,13,99.39870490286772
0.3,0.15,0.05,0.45,0.05,0.9997553816046967,-0.14436974999999996,15,99.30619796484737
0.3,0.15,0.05,0.5,0.0,0.99965172974228,-0.19214399999999993,22,98.98242368177613
0.3,0.15,0.1,0.0,0.45,0.9999917078510067,-0.03841019999999995,7,99.67622571692877
0.3,0.15,0.1,0.05,0.4,0.9999958539255034,-0.006820249999999917,6,99.72247918593895
0.3,0.15,0.1,0.1,0.35,1.0,0.012951600000000008,6,99.72247918593895
0.3,0.15,0.1,0.15,0.3,1.0,0.01892425000000003,7,99.67622571692877
0.3,0.15,0.1,0.2,0.25,1.0,0.020264300000000013,7,99.67622571692877
0.3,0.15,0.1,0.25,0.2,1.0,0.00544444999999999,8,99.6299722479186
0.3,0.15,0.1,0.3,0.15,0.99998756177651,-0.029624949999999983,8,99.6299722479186
0.3,0.15,0.1,0.35,0.1,0.9999461010315434,-0.06469435000000001,13,99.39870490286772
0.3,0.15,0.1,0.4,0.05,0.99988805598859,-0.11476989999999992,14,99.35245143385754
0.3,0.15,0.1,0.45,0.0,0.9997719659026834,-0.1733173,16,99.25994449583719
0.3,0.15,0.15,0.0,0.4,1.0,0.022392100000000026,6,99.72247918593895
0.3,0.15,0.15,0.05,0.35,1.0,0.05398205000000006,5,99.76873265494912
0.3,0.15,0.15,0.1,0.3,1.0,0.06772390000000006,6,99.72247918593895
0.3,0.15,0.15,0.15,0.25,1.0,0.07243365000000002,5,99.76873265494912
0.3,0.15,0.15,0.2,0.2,1.0,0.050050450000000024,6,99.72247918593895
0.3,0.15,0.15,0.25,0.15,1.0,0.010264999999999969,7,99.67622571692877
0.3,0.15,0.15,0.3,0.1,0.99998756177651,-0.04828239999999995,10,99.53746530989824
0.3,0.15,0.15,0.35,0.05,0.9999419549570466,-0.10682979999999992,13,99.39870490286772
0.3,0.15,0.15,0.4,0.0,0.99988805598859,-0.16537719999999995,14,99.35245143385754
0.3,0.15,0.2,0.0,0.35,1.0,0.08051845000000002,2,99.90749306197965
0.3,0.15,0.2,0.05,0.3,1.0,0.09850635000000002,1,99.95374653098983
0.3,0.15,0.2,0.1,0.25,1.0,0.11649425000000002,0,100.0
0.3,0.15,0.2,0.15,0.2,1.0,0.07675250000000006,1,99.95374653098983
0.3,0.15,0.2,0.2,0.15,1.0,0.018205099999999974,2,99.90749306197965
0.3,0.15,0.2,0.25,0.1,0.9999958539255034,-0.0403423,3,99.86123959296947
0.3,0.15,0.2,0.3,0.05,0.9999834157020133,-0.09888969999999991,5,99.76873265494912
0.3,0.15,0.2,0.35,0.0,0.99993780888255,-0.15743709999999994,10,99.53746530989824
0.3,0.15,0.25,0.0,0.3,1.0,0.04718140000000004,1,99.95374653098983
0.3,0.15,0.25,0.05,0.25,1.0,0.06827289999999997,1,99.95374653098983
0.3,0.15,0.25,0.1,0.2,1.0,0.07949355000000002,2,99.90749306197965
0.3,0.15,0.25,0.15,0.15,1.0,0.02614519999999998,1,99.95374653098983
0.3,0.15,0.25,0.2,0.1,0.9999958539255034,-0.03240220000000005,2,99.90749306197965
0.3,0.15,0.25,0.25,0.05,0.9999917078510067,-0.09094959999999991,3,99.86123959296947
0.3,0.15,0.25,0.3,0.0,0.99996268532953,-0.149497,5,99.76873265494912
0.3,0.15,0.3,0.0,0.25,1.0,0.011100400000000066,2,99.90749306197965
0.3,0.15,0.3,0.05,0.2,1.0,0.02817175000000005,3,99.86123959296947
0.3,0.15,0.3,0.1,0.15,1.0,0.019858900000000068,3,99.86123959296947
0.3,0.15,0.3,0.15,0.1,0.9999958539255034,-0.024462099999999987,3,99.86123959296947
0.3,0.15,0.3,0.2,0.05,0.9999834157020133,-0.08300949999999996,3,99.86123959296947
0.3,0.15,0.3,0.25,0.0,0.99997512355302,-0.14155689999999999,4,99.81498612395929
0.3,0.15,0.35,0.0,0.2,0.99998756177651,-0.05314139999999995,4,99.81498612395929
0.3,0.15,0.35,0.05,0.15,0.99998756177651,-0.04687819999999998,5,99.76873265494912
0.3,0.15,0.35,0.1,0.1,0.9999792696275167,-0.04061500000000001,5,99.76873265494912
0.3,0.15,0.35,0.15,0.05,0.99997512355302,-0.07506939999999995,5,99.76873265494912
0.3,0.15,0.35,0.2,0.0,0.99997512355302,-0.13361680000000004,3,99.86123959296947
0.3,0.15,0.4,0.0,0.15,0.99996268532953,-0.12819135000000004,7,99.67622571692877
0.3,0.15,0.4,0.05,0.1,0.9999668314040266,-0.12192815000000001,7,99.67622571692877
0.3,0.15,0.4,0.1,0.05,0.9999585392550333,-0.11566494999999993,6,99.72247918593895
0.3,0.15,0.4,0.15,0.0,0.9999543931805367,-0.12567669999999997,6,99.72247918593895
0.3,0.15,0.45,0.0,0.1,0.99988805598859,-0.20324130000000007,11,99.49121184088807
0.3,0.15,0.45,0.05,0.05,0.99988805598859,-0.19697810000000004,11,99.49121184088807
0.3,0.15,0.45,0.1,0.0,0.99990049421208,-0.19071490000000008,11,99.49121184088807
0.3,0.15,0.5,0.0,0.05,0.99980098842416,-0.27829124999999993,19,99.12118408880666
0.3,0.15,0.5,0.05,0.0,0.9997926962751666,-0.27202804999999997,20,99.07493061979649
0.3,0.15,0.55,0.0,0.0,0.99970148263624,-0.3533412000000001,27,98.75115633672526
0.3,0.2,0.0,0.0,0.5,0.9999709774785234,-0.1279477,7,99.67622571692877
0.3,0.2,0.0,0.05,0.45,0.99997512355302,-0.09635774999999996,7,99.67622571692877
0.3,0.2,0.0,0.1,0.4,0.9999709774785234,-0.06928469999999998,8,99.6299722479186
0.3,0.2,0.0,0.15,0.35,0.9999709774785234,-0.06271414999999991,8,99.6299722479186
0.3,0.2,0.0,0.2,0.3,0.9999668314040266,-0.05912369999999989,8,99.6299722479186
0.3,0.2,0.0,0.25,0.25,0.9999668314040266,-0.057783649999999964,8,99.6299722479186
0.3,0.2,0.0,0.3,0.2,0.9999461010315434,-0.05644360000000004,8,99.6299722479186
0.3,0.2,0.0,0.35,0.15,0.9999170785100666,-0.07202559999999997,12,99.44495837187789
0.3,0.2,0.0,0.4,0.1,0.9998548873926166,-0.107095,12,99.44495837187789
0.3,0.2,0.0,0.45,0.05,0.9997097747852334,-0.1421643999999999,19,99.12118408880666
0.3,0.2,0.0,0.5,0.0,0.9996351454442933,-0.18667019999999995,24,98.88991674375578
0.3,0.2,0.05,0.0,0.45,0.99997512355302,-0.06714539999999997,6,99.72247918593895
0.3,0.2,0.05,0.05,0.4,0.99997512355302,-0.03555544999999993,6,99.72247918593895
0.3,0.2,0.05,0.1,0.35,0.9999792696275167,-0.014512399999999925,6,99.72247918593895
0.3,0.2,0.05,0.15,0.3,0.9999917078510067,-0.007941849999999862,7,99.67622571692877
0.3,0.2,0.05,0.2,0.25,0.9999917078510067,-0.00561429999999985,7,99.67622571692877
0.3,0.2,0.05,0.25,0.2,0.9999958539255034,-0.004274250000000035,8,99.6299722479186
0.3,0.2,0.05,0.3,0.15,0.9999834157020133,-0.027419599999999933,8,99.6299722479186
0.3,0.2,0.05,0.35,0.1,0.9999419549570466,-0.06248899999999996,12,99.44495837187789
0.3,0.2,0.05,0.4,0.05,0.9998797638395966,-0.11542610000000003,14,99.35245143385754
0.3,0.2,0.05,0.45,0.0,0.9997512355302,-0.1739735,19,99.12118408880666
0.3,0.2,0.1,0.0,0.4,0.9999958539255034,-0.00634309999999999,4,99.81498612395929
0.3,0.2,0.1,0.05,0.35,1.0,0.025246850000000043,5,99.76873265494912
0.3,0.2,0.1,0.1,0.3,1.0,0.04025990000000007,6,99.72247918593895
0.3,0.2,0.1,0.15,0.25,1.0,0.04655504999999993,5,99.76873265494912
0.3,0.2,0.1,0.2,0.2,1.0,0.04789509999999997,6,99.72247918593895
0.3,0.2,0.1,0.25,0.15,1.0,0.009608799999999917,7,99.67622571692877
0.3,0.2,0.1,0.3,0.1,0.99998756177651,-0.0489386,8,99.6299722479186
0.3,0.2,0.1,0.35,0.05,0.99993780888255,-0.10748599999999997,13,99.39870490286772
0.3,0.2,0.1,0.4,0.0,0.9998714716906033,-0.16603340000000005,15,99.30619796484737
0.3,0.2,0.15,0.0,0.35,1.0,0.05445920000000004,2,99.90749306197965
0.3,0.2,0.15,0.05,0.3,1.0,0.07307694999999997,1,99.95374653098983
0.3,0.2,0.15,0.1,0.25,1.0,0.09106484999999997,0,100.0
0.3,0.2,0.15,0.15,0.2,1.0,0.0760963,1,99.95374653098983
0.3,0.2,0.15,0.2,0.15,1.0,0.017548899999999923,1,99.95374653098983
0.3,0.2,0.15,0.25,0.1,0.9999958539255034,-0.04099849999999999,3,99.86123959296947
0.3,0.2,0.15,0.3,0.05,0.9999834157020133,-0.09954589999999991,3,99.86123959296947
0.3,0.2,0.15,0.35,0.0,0.9999295167335567,-0.1580933,10,99.53746530989824
0.3,0.2,0.2,0.0,0.3,1.0,0.07200820000000002,1,99.95374653098983
0.3,0.2,0.2,0.05,0.25,1.0,0.08999610000000002,1,99.95374653098983
0.3,0.2,0.2,0.1,0.2,1.0,0.08403639999999996,1,99.95374653098983
0.3,0.2,0.2,0.15,0.15,1.0,0.02548899999999993,1,99.95374653098983
0.3,0.2,0.2,0.2,0.1,0.9999958539255034,-0.0330584000000001,2,99.90749306197965
0.3,0.2,0.2,0.25,0.05,0.9999917078510067,-0.09160579999999996,3,99.86123959296947
0.3,0.2,0.2,0.3,0.0,0.99997512355302,-0.1501532,5,99.76873265494912
0.3,0.2,0.25,0.0,0.25,1.0,0.05911080000000002,2,99.90749306197965
0.3,0.2,0.25,0.05,0.2,1.0,0.06946945000000004,3,99.86123959296947
0.3,0.2,0.25,0.1,0.15,1.0,0.033429099999999934,3,99.86123959296947
0.3,0.2,0.25,0.15,0.1,0.9999958539255034,-0.025118300000000038,3,99.86123959296947
0.3,0.2,0.25,0.2,0.05,0.99998756177651,-0.08366570000000001,3,99.86123959296947
0.3,0.2,0.25,0.25,0.0,0.9999834157020133,-0.1422131000000001,4,99.81498612395929
0.3,0.2,0.3,0.0,0.2,0.9999958539255034,-0.011843699999999902,3,99.86123959296947
0.3,0.2,0.3,0.05,0.15,0.9999958539255034,-0.005580499999999933,3,99.86123959296947
0.3,0.2,0.3,0.1,0.1,0.9999917078510067,-0.021419400000000033,4,99.81498612395929
0.3,0.2,0.3,0.15,0.05,0.9999834157020133,-0.07572559999999995,4,99.81498612395929
0.3,0.2,0.3,0.2,0.0,0.9999834157020133,-0.13427300000000003,4,99.81498612395929
0.3,0.2,0.35,0.0,0.15,0.9999792696275167,-0.08689364999999993,5,99.76873265494912
0.3,0.2,0.35,0.05,0.1,0.9999834157020133,-0.08063045000000002,6,99.72247918593895
0.3,0.2,0.35,0.1,0.05,0.99997512355302,-0.08744199999999996,6,99.72247918593895
0.3,0.2,0.35,0.15,0.0,0.99996268532953,-0.12633290000000003,6,99.72247918593895
0.3,0.2,0.4,0.0,0.1,0.9999461010315434,-0.16194359999999997,11,99.49121184088807
0.3,0.2,0.4,0.05,0.05,0.99993780888255,-0.15568039999999994,10,99.53746530989824
0.3,0.2,0.4,0.1,0.0,0.99992537065906,-0.15346459999999995,10,99.53746530989824
0.3,0.2,0.45,0.0,0.05,0.9998341570201333,-0.23699355,15,99.30619796484737
0.3,0.2,0.45,0.05,0.0,0.99983830309463,-0.23073035000000003,16,99.25994449583719
0.3,0.2,0.5,0.0,0.0,0.99973879730671,-0.31204350000000003,25,98.84366327474561
0.3,0.25,0.0,0.0,0.45,0.9999709774785234,-0.09588060000000004,7,99.67622571692877
0.3,0.25,0.0,0.05,0.4,0.99997512355302,-0.06429065,7,99.67622571692877
0.3,0.25,0.0,0.1,0.35,0.99997512355302,-0.04197639999999997,6,99.72247918593895
0.3,0.25,0.0,0.15,0.3,0.99997512355302,-0.03540584999999996,7,99.67622571692877
0.3,0.25,0.0,0.2,0.25,0.9999792696275167,-0.031492899999999935,7,99.67622571692877
0.3,0.25,0.0,0.25,0.2,0.99997512355302,-0.030152850000000064,9,99.58371877890842
0.3,0.25,0.0,0.3,0.15,0.9999543931805367,-0.028812800000000027,9,99.58371877890842
0.3,0.25,0.0,0.35,0.1,0.99993780888255,-0.06028365000000002,14,99.35245143385754
0.3,0.25,0.0,0.4,0.05,0.99985074131812,-0.11608229999999997,18,99.16743755781684
0.3,0.25,0.0,0.45,0.0,0.9997305051577167,-0.17462970000000005,19,99.12118408880666
0.3,0.25,0.05,0.0,0.4,0.9999917078510067,-0.03507829999999995,2,99.90749306197965
0.3,0.25,0.05,0.05,0.35,0.9999958539255034,-0.003488349999999918,4,99.81498612395929
0.3,0.25,0.05,0.1,0.3,1.0,0.012795900000000082,6,99.72247918593895
0.3,0.25,0.05,0.15,0.25,1.0,0.019366450000000035,5,99.76873265494912
0.3,0.25,0.05,0.2,0.2,1.0,0.022016499999999994,6,99.72247918593895
0.3,0.25,0.05,0.25,0.15,1.0,0.008952599999999977,7,99.67622571692877
0.3,0.25,0.05,0.3,0.1,0.9999834157020133,-0.049594799999999994,9,99.58371877890842
0.3,0.25,0.05,0.35,0.05,0.9999295167335567,-0.10814219999999991,16,99.25994449583719
0.3,0.25,0.05,0.4,0.0,0.9998714716906033,-0.1666896,18,99.16743755781684
0.3,0.25,0.1,0.0,0.35,1.0,0.025724000000000025,2,99.90749306197965
0.3,0.25,0.1,0.05,0.3,1.0,0.04764755000000004,0,100.0
0.3,0.25,0.1,0.1,0.25,1.0,0.06563545000000004,0,100.0
0.3,0.25,0.1,0.15,0.2,1.0,0.05055879999999996,1,99.95374653098983
0.3,0.25,0.1,0.2,0.15,1.0,0.016892699999999927,1,99.95374653098983
0.3,0.25,0.1,0.25,0.1,0.9999958539255034,-0.041654700000000044,2,99.90749306197965
0.3,0.25,0.1,0.3,0.05,0.9999792696275167,-0.1002020999999999,4,99.81498612395929
0.3,0.25,0.1,0.35,0.0,0.9999212245845633,-0.15874949999999993,11,99.49121184088807
0.3,0.25,0.15,0.0,0.3,1.0,0.046578799999999976,1,99.95374653098983
0.3,0.25,0.15,0.05,0.25,1.0,0.06456669999999998,1,99.95374653098983
0.3,0.25,0.15,0.1,0.2,1.0,0.06606224999999993,1,99.95374653098983
0.3,0.25,0.15,0.15,0.15,1.0,0.024832799999999933,1,99.95374653098983
0.3,0.25,0.15,0.2,0.1,0.9999958539255034,-0.033714600000000094,1,99.95374653098983
0.3,0.25,0.15,0.25,0.05,0.99998756177651,-0.09226200000000001,3,99.86123959296947
0.3,0.25,0.15,0.3,0.0,0.9999585392550333,-0.15080940000000004,5,99.76873265494912
0.3,0.25,0.2,0.0,0.25,1.0,0.06088070000000001,2,99.90749306197965
0.3,0.25,0.2,0.05,0.2,1.0,0.06404030000000005,3,99.86123959296947
0.3,0.25,0.2,0.1,0.15,1.0,0.03277289999999994,2,99.90749306197965
0.3,0.25,0.2,0.15,0.1,0.9999958539255034,-0.025774500000000033,2,99.90749306197965
0.3,0.25,0.2,0.2,0.05,0.99998756177651,-0.0843219,3,99.86123959296947
0.3,0.25,0.2,0.25,0.0,0.9999792696275167,-0.14286929999999998,4,99.81498612395929
0.3,0.25,0.25,0.0,0.2,1.0,0.029454000000000036,3,99.86123959296947
0.3,0.25,0.25,0.05,0.15,1.0,0.007772300000000065,3,99.86123959296947
0.3,0.25,0.25,0.1,0.1,0.9999917078510067,-0.025477550000000015,3,99.86123959296947
0.3,0.25,0.25,0.15,0.05,0.99998756177651,-0.07638179999999994,3,99.86123959296947
0.3,0.25,0.25,0.2,0.0,0.99998756177651,-0.13492919999999997,4,99.81498612395929
0.3,0.25,0.3,0.0,0.15,0.9999917078510067,-0.04559594999999994,5,99.76873265494912
0.3,0.25,0.3,0.05,0.1,0.99998756177651,-0.05825029999999998,5,99.76873265494912
0.3,0.25,0.3,0.1,0.05,0.9999792696275167,-0.09150014999999995,6,99.72247918593895
0.3,0.25,0.3,0.15,0.0,0.99997512355302,-0.12698910000000002,6,99.72247918593895
0.3,0.25,0.35,0.0,0.1,0.99996268532953,-0.12064589999999997,9,99.58371877890842
0.3,0.25,0.35,0.05,0.05,0.9999668314040266,-0.12427289999999991,10,99.53746530989824
0.3,0.25,0.35,0.1,0.0,0.99995024710604,-0.15752275,10,99.53746530989824
0.3,0.25,0.4,0.0,0.05,0.99990049421208,-0.19569584999999995,14,99.35245143385754
0.3,0.25,0.4,0.05,0.0,0.9998797638395966,-0.19029549999999995,14,99.35245143385754
0.3,0.25,0.45,0.0,0.0,0.99978855020067,-0.2707458,21,99.02867715078631
0.3,0.3,0.0,0.0,0.4,0.99996268532953,-0.06381349999999997,5,99.76873265494912
0.3,0.3,0.0,0.05,0.35,0.99996268532953,-0.033691699999999936,4,99.81498612395929
0.3,0.3,0.0,0.1,0.3,0.99997512355302,-0.025155799999999895,6,99.72247918593895
0.3,0.3,0.0,0.15,0.25,0.9999834157020133,-0.01661990000000002,6,99.72247918593895
0.3,0.3,0.0,0.2,0.2,0.9999834157020133,-0.0085306,8,99.6299722479186
0.3,0.3,0.0,0.25,0.15,0.99998756177651,-0.015822750000000052,9,99.58371877890842
0.3,0.3,0.0,0.3,0.1,0.99996268532953,-0.05025099999999999,11,99.49121184088807
0.3,0.3,0.0,0.35,0.05,0.9999212245845633,-0.10879839999999996,17,99.21369102682701
0.3,0.3,0.0,0.4,0.0,0.9998548873926166,-0.16734580000000004,19,99.12118408880666
0.3,0.3,0.05,0.0,0.35,0.9999917078510067,-0.01985634999999991,3,99.86123959296947
0.3,0.3,0.05,0.05,0.3,0.9999958539255034,-0.011320449999999926,1,99.95374653098983
0.3,0.3,0.05,0.1,0.25,0.9999958539255034,-0.0027845499999998857,1,99.95374653098983
0.3,0.3,0.05,0.15,0.2,1.0,0.005751349999999988,3,99.86123959296947
0.3,0.3,0.05,0.2,0.15,0.9999958539255034,-0.00031930000000002234,3,99.86123959296947
0.3,0.3,0.05,0.25,0.1,0.99998756177651,-0.042310899999999985,3,99.86123959296947
0.3,0.3,0.05,0.3,0.05,0.99997512355302,-0.1008582999999999,5,99.76873265494912
0.3,0.3,0.05,0.35,0.0,0.99991293243557,-0.15940569999999998,13,99.39870490286772
0.3,0.3,0.1,0.0,0.3,1.0,0.0025149000000000976,2,99.90749306197965
0.3,0.3,0.1,0.05,0.25,1.0,0.011050800000000138,1,99.95374653098983
0.3,0.3,0.1,0.1,0.2,1.0,0.019586700000000068,2,99.90749306197965
0.3,0.3,0.1,0.15,0.15,1.0,0.015184149999999952,3,99.86123959296947
0.3,0.3,0.1,0.2,0.1,0.9999917078510067,-0.03437080000000009,4,99.81498612395929
0.3,0.3,0.1,0.25,0.05,0.9999834157020133,-0.09291819999999995,5,99.76873265494912
0.3,0.3,0.1,0.3,0.0,0.9999543931805367,-0.15146559999999998,7,99.67622571692877
0.3,0.3,0.15,0.0,0.25,1.0,0.02488614999999994,3,99.86123959296947
0.3,0.3,0.15,0.05,0.2,1.0,0.03189820000000004,4,99.81498612395929
0.3,0.3,0.15,0.1,0.15,1.0,0.03068759999999998,3,99.86123959296947
0.3,0.3,0.15,0.15,0.1,0.9999958539255034,-0.02643070000000003,3,99.86123959296947
0.3,0.3,0.15,0.2,0.05,0.9999834157020133,-0.0849781,4,99.81498612395929
0.3,0.3,0.15,0.25,0.0,0.9999709774785234,-0.14352549999999997,7,99.67622571692877
0.3,0.3,0.2,0.0,0.2,1.0,0.00668880000000005,4,99.81498612395929
0.3,0.3,0.2,0.05,0.15,1.0,0.003714150000000027,4,99.81498612395929
0.3,0.3,0.2,0.1,0.1,0.9999917078510067,-0.029535700000000054,4,99.81498612395929
0.3,0.3,0.2,0.15,0.05,0.99998756177651,-0.077038,4,99.81498612395929
0.3,0.3,0.2,0.2,0.0,0.9999709774785234,-0.13558540000000008,6,99.72247918593895
0.3,0.3,0.25,0.0,0.15,0.99998756177651,-0.02905859999999999,5,99.76873265494912
0.3,0.3,0.25,0.05,0.1,0.99998756177651,-0.062308450000000015,5,99.76873265494912
0.3,0.3,0.25,0.1,0.05,0.99998756177651,-0.09555829999999998,6,99.72247918593895
0.3,0.3,0.25,0.15,0.0,0.9999709774785234,-0.12880815,5,99.76873265494912
0.3,0.3,0.3,0.0,0.1,0.9999834157020133,-0.09508120000000003,11,99.49121184088807
0.3,0.3,0.3,0.05,0.05,0.9999709774785234,-0.12833104999999995,12,99.44495837187789
0.3,0.3,0.3,0.1,0.0,0.99993780888255,-0.16158090000000003,12,99.44495837187789
0.3,0.3,0.35,0.0,0.05,0.99992537065906,-0.16110379999999996,16,99.25994449583719
0.3,0.3,0.35,0.05,0.0,0.9999046402865767,-0.19435365,18,99.16743755781684
0.3,0.3,0.4,0.0,0.0,0.99982586487114,-0.2294481,22,98.98242368177613
0.3,0.35,0.0,0.0,0.35,0.99997512355302,-0.09363294999999999,5,99.76873265494912
0.3,0.35,0.0,0.05,0.3,0.9999792696275167,-0.08509704999999995,4,99.81498612395929
0.3,0.35,0.0,0.1,0.25,0.99998756177651,-0.07656114999999991,4,99.81498612395929
0.3,0.35,0.0,0.15,0.2,0.99998756177651,-0.06802525000000004,4,99.81498612395929
0.3,0.35,0.0,0.2,0.15,0.9999792696275167,-0.05948935000000005,3,99.86123959296947
0.3,0.35,0.0,0.25,0.1,0.9999709774785234,-0.05408210000000002,4,99.81498612395929
0.3,0.35,0.0,0.3,0.05,0.9999585392550333,-0.1015144999999999,6,99.72247918593895
0.3,0.35,0.0,0.35,0.0,0.99988805598859,-0.16006189999999998,14,99.35245143385754
0.3,0.35,0.05,0.0,0.3,0.9999834157020133,-0.07126169999999993,5,99.76873265494912
0.3,0.35,0.05,0.05,0.25,0.99998756177651,-0.06272579999999994,3,99.86123959296947
0.3,0.35,0.05,0.1,0.2,0.9999917078510067,-0.05418989999999996,4,99.81498612395929
0.3,0.35,0.05,0.15,0.15,0.9999834157020133,-0.04565400000000003,3,99.86123959296947
0.3,0.35,0.05,0.2,0.1,0.99997512355302,-0.03711809999999999,5,99.76873265494912
0.3,0.35,0.05,0.25,0.05,0.9999668314040266,-0.09357439999999995,5,99.76873265494912
0.3,0.35,0.05,0.3,0.0,0.99993780888255,-0.15212179999999992,8,99.6299722479186
0.3,0.35,0.1,0.0,0.25,0.9999917078510067,-0.04889044999999992,5,99.76873265494912
0.3,0.35,0.1,0.05,0.2,0.9999917078510067,-0.040354549999999934,5,99.76873265494912
0.3,0.35,0.1,0.1,0.15,0.9999917078510067,-0.03181864999999995,4,99.81498612395929
0.3,0.35,0.1,0.15,0.1,0.99997512355302,-0.030179149999999988,4,99.81498612395929
0.3,0.35,0.1,0.2,0.05,0.9999709774785234,-0.0856343,5,99.76873265494912
0.3,0.35,0.1,0.25,0.0,0.99996268532953,-0.14418170000000008,7,99.67622571692877
0.3,0.35,0.15,0.0,0.2,0.9999917078510067,-0.02651920000000002,6,99.72247918593895
0.3,0.35,0.15,0.05,0.15,0.99998756177651,-0.022293699999999972,5,99.76873265494912
0.3,0.35,0.15,0.1,0.1,0.99997512355302,-0.03359384999999998,4,99.81498612395929
0.3,0.35,0.15,0.15,0.05,0.9999709774785234,-0.07769419999999994,4,99.81498612395929
0.3,0.35,0.15,0.2,0.0,0.9999668314040266,-0.13624160000000002,7,99.67622571692877
0.3,0.35,0.2,0.0,0.15,0.99998756177651,-0.04750310000000002,6,99.72247918593895
0.3,0.35,0.2,0.05,0.1,0.9999834157020133,-0.06636659999999994,8,99.6299722479186
0.3,0.35,0.2,0.1,0.05,0.9999792696275167,-0.09961644999999991,8,99.6299722479186
0.3,0.35,0.2,0.15,0.0,0.9999543931805367,-0.13286629999999994,10,99.53746530989824
0.3,0.35,0.25,0.0,0.1,0.9999792696275167,-0.09913934999999996,13,99.39870490286772
0.3,0.35,0.25,0.05,0.05,0.9999668314040266,-0.13238919999999987,14,99.35245143385754
0.3,0.35,0.25,0.1,0.0,0.99992537065906,-0.16563904999999995,15,99.30619796484737
0.3,0.35,0.3,0.0,0.05,0.99993780888255,-0.16516194999999995,16,99.25994449583719
0.3,0.35,0.3,0.05,0.0,0.99991293243557,-0.19841179999999992,18,99.16743755781684
0.3,0.35,0.35,0.0,0.0,0.99985074131812,-0.23118454999999993,23,98.93617021276596
0.3,0.4,0.0,0.0,0.3,0.9999709774785234,-0.14503829999999995,5,99.76873265494912
0.3,0.4,0.0,0.05,0.25,0.99997512355302,-0.1365023999999999,5,99.76873265494912
0.3,0.4,0.0,0.1,0.2,0.9999709774785234,-0.12796649999999993,6,99.72247918593895
0.3,0.4,0.0,0.15,0.15,0.99996268532953,-0.11943060000000005,6,99.72247918593895
0.3,0.4,0.0,0.2,0.1,0.9999585392550333,-0.11089470000000001,6,99.72247918593895
0.3,0.4,0.0,0.25,0.05,0.99995024710604,-0.1100173499999999,7,99.67622571692877
0.3,0.4,0.0,0.3,0.0,0.99992537065906,-0.15277799999999997,8,99.6299722479186
0.3,0.4,0.05,0.0,0.25,0.99997512355302,-0.12266704999999994,7,99.67622571692877
0.3,0.4,0.05,0.05,0.2,0.9999709774785234,-0.1141311499999999,7,99.67622571692877
0.3,0.4,0.05,0.1,0.15,0.9999709774785234,-0.10559524999999997,6,99.72247918593895
0.3,0.4,0.05,0.15,0.1,0.9999668314040266,-0.09705935000000004,6,99.72247918593895
0.3,0.4,0.05,0.2,0.05,0.9999585392550333,-0.1037453499999999,6,99.72247918593895
0.3,0.4,0.05,0.25,0.0,0.99993780888255,-0.14483789999999996,7,99.67622571692877
0.3,0.4,0.1,0.0,0.2,0.9999792696275167,-0.10029579999999999,7,99.67622571692877
0.3,0.4,0.1,0.05,0.15,0.9999709774785234,-0.0917599,7,99.67622571692877
0.3,0.4,0.1,0.1,0.1,0.9999668314040266,-0.08322399999999996,5,99.76873265494912
0.3,0.4,0.1,0.15,0.05,0.99996268532953,-0.0974733499999999,6,99.72247918593895
0.3,0.4,0.1,0.2,0.0,0.99993780888255,-0.13689779999999996,7,99.67622571692877
0.3,0.4,0.15,0.0,0.15,0.9999792696275167,-0.07964520000000003,11,99.49121184088807
0.3,0.4,0.15,0.05,0.1,0.9999709774785234,-0.07648560000000004,11,99.49121184088807
0.3,0.4,0.15,0.1,0.05,0.99996268532953,-0.10367459999999995,10,99.53746530989824
0.3,0.4,0.15,0.15,0.0,0.99993780888255,-0.13692445000000003,10,99.53746530989824
0.3,0.4,0.2,0.0,0.1,0.9999709774785234,-0.1031975,19,99.12118408880666
0.3,0.4,0.2,0.05,0.05,0.99995024710604,-0.1364473499999999,18,99.16743755781684
0.3,0.4,0.2,0.1,0.0,0.99991293243557,-0.1696972,18,99.16743755781684
0.3,0.4,0.25,0.0,0.05,0.9999170785100666,-0.16922009999999993,19,99.12118408880666
0.3,0.4,0.25,0.05,0.0,0.9999087863610734,-0.20246994999999995,21,99.02867715078631
0.3,0.4,0.3,0.0,0.0,0.99983830309463,-0.23524269999999997,26,98.79740980573543
0.3,0.45,0.0,0.0,0.25,0.9999212245845633,-0.19644364999999997,6,99.72247918593895
0.3,0.45,0.0,0.05,0.2,0.9999170785100666,-0.18790774999999993,7,99.67622571692877
0.3,0.45,0.0,0.1,0.15,0.99993780888255,-0.17937184999999994,8,99.6299722479186
0.3,0.45,0.0,0.15,0.1,0.99993780888255,-0.17083595000000007,9,99.58371877890842
0.3,0.45,0.0,0.2,0.05,0.9999295167335567,-0.16230005000000003,10,99.53746530989824
0.3,0.45,0.0,0.25,0.0,0.9999087863610734,-0.17731154999999993,11,99.49121184088807
0.3,0.45,0.05,0.0,0.2,0.9999336628080533,-0.17407239999999996,10,99.53746530989824
0.3,0.45,0.05,0.05,0.15,0.9999295167335567,-0.16553649999999998,9,99.58371877890842
0.3,0.45,0.05,0.1,0.1,0.9999419549570466,-0.1570006,9,99.58371877890842
0.3,0.45,0.05,0.15,0.05,0.9999336628080533,-0.1484647,10,99.53746530989824
0.3,0.45,0.05,0.2,0.0,0.99991293243557,-0.17103954999999998,12,99.44495837187789
0.3,0.45,0.1,0.0,0.15,0.9999336628080533,-0.15170115,16,99.25994449583719
0.3,0.45,0.1,0.05,0.1,0.9999336628080533,-0.14316524999999997,17,99.21369102682701
0.3,0.45,0.1,0.1,0.05,0.99991293243557,-0.1368939999999999,16,99.25994449583719
0.3,0.45,0.1,0.15,0.0,0.9998963481375833,-0.16476754999999998,17,99.21369102682701
0.3,0.45,0.15,0.0,0.1,0.99991293243557,-0.13383710000000004,20,99.07493061979649
0.3,0.45,0.15,0.05,0.05,0.99988805598859,-0.1405054999999999,22,98.98242368177613
0.3,0.45,0.15,0.1,0.0,0.9998673256161067,-0.17375534999999998,21,99.02867715078631
0.3,0.45,0.2,0.0,0.05,0.9998548873926166,-0.17327824999999997,26,98.79740980573543
0.3,0.45,0.2,0.05,0.0,0.9998300109456366,-0.20652809999999994,26,98.79740980573543
0.3,0.45,0.25,0.0,0.0,0.99978855020067,-0.23930084999999998,30,98.61239592969473
0.3,0.5,0.0,0.0,0.2,0.9997844041261733,-0.24784899999999999,22,98.98242368177613
0.3,0.5,0.0,0.05,0.15,0.9997926962751666,-0.2393131,21,99.02867715078631
0.3,0.5,0.0,0.1,0.1,0.9997926962751666,-0.23077719999999996,22,98.98242368177613
0.3,0.5,0.0,0.15,0.05,0.9997844041261733,-0.22224129999999992,21,99.02867715078631
0.3,0.5,0.0,0.2,0.0,0.99973879730671,-0.21673219999999993,23,98.93617021276596
0.3,0.5,0.05,0.0,0.15,0.9997968423496634,-0.22547774999999998,29,98.6586493987049
0.3,0.5,0.05,0.05,0.1,0.9998217187966434,-0.21694184999999994,28,98.70490286771508
0.3,0.5,0.05,0.1,0.05,0.99978855020067,-0.2084059499999999,26,98.79740980573543
0.3,0.5,0.05,0.15,0.0,0.9997429433812067,-0.21046020000000004,28,98.70490286771508
0.3,0.5,0.1,0.0,0.1,0.99980098842416,-0.20310649999999997,34,98.42738205365403
0.3,0.5,0.1,0.05,0.05,0.9997926962751666,-0.19457059999999993,32,98.51988899167438
0.3,0.5,0.1,0.1,0.0,0.9997553816046967,-0.2041882,32,98.51988899167438
0.3,0.5,0.15,0.0,0.05,0.99977611197718,-0.188029,35,98.38112858464385
0.3,0.5,0.15,0.05,0.0,0.99973879730671,-0.21058624999999997,35,98.38112858464385
0.3,0.5,0.2,0.0,0.0,0.99968904441275,-0.243359,40,98.14986123959298
0.3,0.55,0.0,0.0,0.15,0.9996558758167767,-0.29925435,44,97.96484736355227
0.3,0.55,0.0,0.05,0.1,0.99965172974228,-0.29071844999999996,45,97.9185938945421
0.3,0.55,0.0,0.1,0.05,0.9995729543268433,-0.28218255,45,97.9185938945421
0.3,0.55,0.0,0.15,0.0,0.9995107632093934,-0.27364665,47,97.82608695652173
0.3,0.55,0.05,0.0,0.1,0.9996227072208034,-0.2768831,46,97.87234042553192
0.3,0.55,0.05,0.05,0.05,0.99957710040134,-0.26834719999999995,45,97.9185938945421
0.3,0.55,0.05,0.1,0.0,0.9995356396563734,-0.25981129999999997,48,97.77983348751155
0.3,0.55,0.1,0.0,0.05,0.9995729543268433,-0.25451185,53,97.54856614246069
0.3,0.55,0.1,0.05,0.0,0.9995232014328833,-0.24597594999999994,52,97.59481961147087
0.3,0.55,0.15,0.0,0.0,0.9994734485389234,-0.24741715,58,97.3172987974098
0.3,0.6,0.0,0.0,0.1,0.9994112574214733,-0.3506596999999999,60,97.22479185938946
0.3,0.6,0.0,0.05,0.05,0.9993615045275134,-0.34212379999999987,59,97.27104532839962
0.3,0.6,0.0,0.1,0.0,0.9993241898570433,-0.3335878999999999,60,97.22479185938946
0.3,0.6,0.05,0.0,0.05,0.9993076055590567,-0.3282884499999999,66,96.94727104532839
0.3,0.6,0.05,0.05,0.0,0.9992619987395933,-0.31975255,67,96.90101757631822
0.3,0.6,0.1,0.0,0.0,0.9991749311751633,-0.3059171999999999,71,96.71600370027753
0.3,0.65,0.0,0.0,0.05,0.9989634813758334,-0.4020650499999999,76,96.48473635522664
0.3,0.65,0.0,0.05,0.0,0.9988971441838866,-0.39352915,76,96.48473635522664
0.3,0.65,0.05,0.0,0.0,0.9988515373644233,-0.3796938,80,96.29972247918593
0.3,0.7,0.0,0.0,0.0,0.99849497495771,-0.45347039999999994,87,95.97594819611471
0.35,0.0,0.0,0.0,0.65,0.9998756177651,-0.25584975,16,99.25994449583719
0.35,0.0,0.0,0.05,0.6,0.99990049421208,-0.212334,13,99.39870490286772
0.35,0.0,0.0,0.1,0.55,0.9999087863610734,-0.18074405000000004,13,99.39870490286772
0.35,0.0,0.0,0.15,0.5,0.9998673256161067,-0.16567635000000003,11,99.49121184088807
0.35,0.0,0.0,0.2,0.45,0.9998465952436233,-0.15932975,9,99.58371877890842
0.35,0.0,0.0,0.25,0.4,0.9998300109456366,-0.1579897,8,99.6299722479186
0.35,0.0,0.0,0.3,0.35,0.99981342664765,-0.15664964999999997,12,99.44495837187789
0.35,0.0,0.0,0.35,0.3,0.9997968423496634,-0.18945004999999995,12,99.44495837187789
0.35,0.0,0.0,0.4,0.25,0.9997346512322134,-0.23316760000000003,12,99.44495837187789
0.35,0.0,0.0,0.45,0.2,0.9996351454442933,-0.27688514999999997,16,99.25994449583719
0.35,0.0,0.0,0.5,0.15,0.99952734750738,-0.3206026999999999,22,98.98242368177613
0.35,0.0,0.0,0.55,0.1,0.9993158977080501,-0.3643202500000001,26,98.79740980573543
0.35,0.0,0.0,0.6,0.05,0.9991210322067067,-0.4080378,32,98.51988899167438
0.35,0.0,0.0,0.65,0.0,0.9988390991409334,-0.46521725,36,98.33487511563366
0.35,0.0,0.05,0.0,0.6,0.99990049421208,-0.19499835,12,99.44495837187789
0.35,0.0,0.05,0.05,0.55,0.9999087863610734,-0.1515317,12,99.44495837187789
0.35,0.0,0.05,0.1,0.5,0.9999087863610734,-0.11994175000000001,9,99.58371877890842
0.35,0.0,0.05,0.15,0.45,0.9999170785100666,-0.11090404999999998,8,99.6299722479186
0.35,0.0,0.05,0.2,0.4,0.9998756177651,-0.10582035000000001,8,99.6299722479186
0.35,0.0,0.05,0.25,0.35,0.9998714716906033,-0.10448029999999997,8,99.6299722479186
0.35,0.0,0.05,0.3,0.3,0.9998424491691267,-0.12226639999999994,12,99.44495837187789
0.35,0.0,0.05,0.35,0.25,0.9998217187966434,-0.16598394999999994,12,99.44495837187789
0.35,0.0,0.05,0.4,0.2,0.99978855020067,-0.20970150000000004,13,99.39870490286772
0.35,0.0,0.05,0.45,0.15,0.99971392085973,-0.25341905,16,99.25994449583719
0.35,0.0,0.05,0.5,0.1,0.99958953862483,-0.2971366,21,99.02867715078631
0.35,0.0,0.05,0.55,0.05,0.9993490663040233,-0.3408541500000001,24,98.88991674375578
0.35,0.0,0.05,0.6,0.0,0.9991334704301967,-0.4005736,29,98.6586493987049
0.35,0.0,0.1,0.0,0.55,0.99992537065906,-0.13414695,10,99.53746530989824
0.35,0.0,0.1,0.05,0.5,0.99992537065906,-0.09072940000000002,9,99.58371877890842
0.35,0.0,0.1,0.1,0.45,0.99992537065906,-0.06270229999999999,8,99.6299722479186
0.35,0.0,0.1,0.15,0.4,0.99993780888255,-0.05613174999999998,8,99.6299722479186
0.35,0.0,0.1,0.2,0.35,0.99993780888255,-0.05231095000000002,8,99.6299722479186
0.35,0.0,0.1,0.25,0.3,0.9999212245845633,-0.05508274999999996,8,99.6299722479186
0.35,0.0,0.1,0.3,0.25,0.99990049421208,-0.09880029999999995,12,99.44495837187789
0.35,0.0,0.1,0.35,0.2,0.99985074131812,-0.14251785,13,99.39870490286772
0.35,0.0,0.1,0.4,0.15,0.9997802580516767,-0.18623540000000005,14,99.35245143385754
0.35,0.0,0.1,0.45,0.1,0.9997305051577167,-0.22995295000000004,15,99.30619796484737
0.35,0.0,0.1,0.5,0.05,0.9996309993697967,-0.2736705,21,99.02867715078631
0.35,0.0,0.1,0.55,0.0,0.9993946731234867,-0.3359299500000001,24,98.88991674375578
0.35,0.0,0.15,0.0,0.5,0.9999295167335567,-0.08328830000000004,9,99.58371877890842
0.35,0.0,0.15,0.05,0.45,0.99995024710604,-0.04859475000000002,8,99.6299722479186
0.35,0.0,0.15,0.1,0.4,0.9999668314040266,-0.02349404999999999,8,99.6299722479186
0.35,0.0,0.15,0.15,0.35,0.9999834157020133,-0.01381989999999994,8,99.6299722479186
0.35,0.0,0.15,0.2,0.3,0.9999834157020133,-0.008158399999999955,8,99.6299722479186
0.35,0.0,0.15,0.25,0.25,0.9999585392550333,-0.041630900000000026,8,99.6299722479186
0.35,0.0,0.15,0.3,0.2,0.9999336628080533,-0.0767003,13,99.39870490286772
0.35,0.0,0.15,0.35,0.15,0.9998673256161067,-0.11905174999999996,14,99.35245143385754
0.35,0.0,0.15,0.4,0.1,0.9998051344986567,-0.16276930000000006,13,99.39870490286772
0.35,0.0,0.15,0.45,0.05,0.9997470894557033,-0.20648685000000006,16,99.25994449583719
0.35,0.0,0.15,0.5,0.0,0.9996309993697967,-0.2712862999999999,19,99.12118408880666
0.35,0.0,0.2,0.0,0.45,0.9999668314040266,-0.07548615000000003,6,99.72247918593895
0.35,0.0,0.2,0.05,0.4,0.99997512355302,-0.04079260000000001,6,99.72247918593895
0.35,0.0,0.2,0.1,0.35,0.9999792696275167,-0.02172189999999996,8,99.6299722479186
0.35,0.0,0.2,0.15,0.3,0.9999917078510067,-0.01209279999999996,8,99.6299722479186
0.35,0.0,0.2,0.2,0.25,0.9999917078510067,-0.0076491499999999935,8,99.6299722479186
0.35,0.0,0.2,0.25,0.2,0.99997512355302,-0.03209430000000002,11,99.49121184088807
0.35,0.0,0.2,0.3,0.15,0.99995024710604,-0.06716369999999999,13,99.39870490286772
0.35,0.0,0.2,0.35,0.1,0.9998839099140934,-0.10223310000000002,13,99.39870490286772
0.35,0.0,0.2,0.4,0.05,0.9998092805731533,-0.13930320000000002,15,99.30619796484737
0.35,0.0,0.2,0.45,0.0,0.9997305051577167,-0.20664265000000004,16,99.25994449583719
0.35,0.0,0.25,0.0,0.4,0.99997512355302,-0.06768399999999997,6,99.72247918593895
0.35,0.0,0.25,0.05,0.35,0.9999792696275167,-0.03299044999999995,6,99.72247918593895
0.35,0.0,0.25,0.1,0.3,0.99998756177651,-0.019949749999999933,6,99.72247918593895
0.35,0.0,0.25,0.15,0.25,0.9999917078510067,-0.011583549999999943,6,99.72247918593895
0.35,0.0,0.25,0.2,0.2,0.9999917078510067,-0.007139899999999977,9,99.58371877890842
0.35,0.0,0.25,0.25,0.15,0.99998756177651,-0.022557700000000014,10,99.53746530989824
0.35,0.0,0.25,0.3,0.1,0.9999419549570466,-0.05762709999999999,13,99.39870490286772
0.35,0.0,0.25,0.35,0.05,0.9998756177651,-0.10471049999999998,13,99.39870490286772
0.35,0.0,0.25,0.4,0.0,0.99982586487114,-0.1667977,15,99.30619796484737
0.35,0.0,0.3,0.0,0.35,0.99997512355302,-0.05988184999999996,6,99.72247918593895
0.35,0.0,0.3,0.05,0.3,0.9999834157020133,-0.027851749999999897,4,99.81498612395929
0.35,0.0,0.3,0.1,0.25,0.99998756177651,-0.018177599999999905,5,99.76873265494912
0.35,0.0,0.3,0.15,0.2,0.9999917078510067,-0.011074299999999981,6,99.72247918593895
0.35,0.0,0.3,0.2,0.15,0.99998756177651,-0.008354550000000016,6,99.72247918593895
0.35,0.0,0.3,0.25,0.1,0.99997512355302,-0.03982059999999993,8,99.6299722479186
0.35,0.0,0.3,0.3,0.05,0.99993780888255,-0.10215429999999986,13,99.39870490286772
0.35,0.0,0.3,0.35,0.0,0.9998756177651,-0.16448799999999986,14,99.35245143385754
0.35,0.0,0.35,0.0,0.3,0.99997512355302,-0.05207970000000001,3,99.86123959296947
0.35,0.0,0.35,0.05,0.25,0.9999709774785234,-0.029953099999999955,2,99.90749306197965
0.35,0.0,0.35,0.1,0.2,0.99997512355302,-0.02992049999999996,4,99.81498612395929
0.35,0.0,0.35,0.15,0.15,0.9999834157020133,-0.05239654999999993,5,99.76873265494912
0.35,0.0,0.35,0.2,0.1,0.9999792696275167,-0.07521720000000004,4,99.81498612395929
0.35,0.0,0.35,0.25,0.05,0.99996268532953,-0.0998445999999999,5,99.76873265494912
0.35,0.0,0.35,0.3,0.0,0.99992537065906,-0.1621783,8,99.6299722479186
0.35,0.0,0.4,0.0,0.25,0.9999419549570466,-0.08712560000000003,2,99.90749306197965
0.35,0.0,0.4,0.05,0.2,0.9999585392550333,-0.0758066,4,99.81498612395929
0.35,0.0,0.4,0.1,0.15,0.99996268532953,-0.09862725000000006,3,99.86123959296947
0.35,0.0,0.4,0.15,0.1,0.99996268532953,-0.12144790000000005,3,99.86123959296947
0.35,0.0,0.4,0.2,0.05,0.99996268532953,-0.14426854999999994,4,99.81498612395929
0.35,0.0,0.4,0.25,0.0,0.9999419549570466,-0.16708919999999994,6,99.72247918593895
0.35,0.0,0.45,0.0,0.2,0.9999046402865767,-0.12466705000000006,6,99.72247918593895
0.35,0.0,0.45,0.05,0.15,0.9999046402865767,-0.14485795,6,99.72247918593895
0.35,0.0,0.45,0.1,0.1,0.99991293243557,-0.16767860000000007,6,99.72247918593895
0.35,0.0,0.45,0.15,0.05,0.9999170785100666,-0.19049925,5,99.76873265494912
0.35,0.0,0.45,0.2,0.0,0.9998963481375833,-0.21331989999999995,5,99.76873265494912
0.35,0.0,0.5,0.0,0.15,0.9998590334671134,-0.1997170000000001,11,99.49121184088807
0.35,0.0,0.5,0.05,0.1,0.99985074131812,-0.21390930000000008,11,99.49121184088807
0.35,0.0,0.5,0.1,0.05,0.9998424491691267,-0.23672995000000008,10,99.53746530989824
0.35,0.0,0.5,0.15,0.0,0.99981342664765,-0.2595506000000001,10,99.53746530989824
0.35,0.0,0.55,0.0,0.1,0.99977611197718,-0.2747669500000001,14,99.35245143385754
0.35,0.0,0.55,0.05,0.05,0.9997719659026834,-0.28296065000000004,15,99.30619796484737
0.35,0.0,0.55,0.1,0.0,0.9997512355302,-0.3057813000000001,16,99.25994449583719
0.35,0.0,0.6,0.0,0.05,0.9996475836677834,-0.3498169,23,98.93617021276596
0.35,0.0,0.6,0.05,0.0,0.9996351454442933,-0.35201199999999994,23,98.93617021276596
0.35,0.0,0.65,0.0,0.0,0.9994734485389234,-0.42570220000000003,28,98.70490286771508
0.35,0.05,0.0,0.0,0.6,0.99991293243557,-0.21185684999999999,12,99.44495837187789
0.35,0.05,0.0,0.05,0.55,0.99992537065906,-0.1802669,12,99.44495837187789
0.35,0.05,0.0,0.1,0.5,0.9999336628080533,-0.14867694999999997,9,99.58371877890842
0.35,0.05,0.0,0.15,0.45,0.9999336628080533,-0.13836804999999996,8,99.6299722479186
0.35,0.05,0.0,0.2,0.4,0.9998839099140934,-0.1317975,8,99.6299722479186
0.35,0.05,0.0,0.25,0.35,0.9998756177651,-0.1303589,8,99.6299722479186
0.35,0.05,0.0,0.3,0.3,0.9998465952436233,-0.12901884999999996,12,99.44495837187789
0.35,0.05,0.0,0.35,0.25,0.9998300109456366,-0.15495429999999993,12,99.44495837187789
0.35,0.05,0.0,0.4,0.2,0.99978855020067,-0.19867185000000004,13,99.39870490286772
0.35,0.05,0.0,0.45,0.15,0.9997222130087233,-0.24238939999999992,16,99.25994449583719
0.35,0.05,0.0,0.5,0.1,0.9995978307738234,-0.28610695,21,99.02867715078631
0.35,0.05,0.0,0.55,0.05,0.99935321237852,-0.3298245,25,98.84366327474561
0.35,0.05,0.0,0.6,0.0,0.9991334704301967,-0.3860395,31,98.56614246068455
0.35,0.05,0.05,0.0,0.55,0.9999461010315434,-0.15105455,10,99.53746530989824
0.35,0.05,0.05,0.05,0.5,0.9999461010315434,-0.11946459999999992,9,99.58371877890842
0.35,0.05,0.05,0.1,0.45,0.99995024710604,-0.09016629999999998,8,99.6299722479186
0.35,0.05,0.05,0.15,0.4,0.9999419549570466,-0.08359574999999997,8,99.6299722479186
0.35,0.05,0.05,0.2,0.35,0.99993780888255,-0.07818955,8,99.6299722479186
0.35,0.05,0.05,0.25,0.3,0.9999170785100666,-0.07684949999999996,8,99.6299722479186
0.35,0.05,0.05,0.3,0.25,0.9998922020630867,-0.08777064999999995,12,99.44495837187789
0.35,0.05,0.05,0.35,0.2,0.99985074131812,-0.1314882,13,99.39870490286772
0.35,0.05,0.05,0.4,0.15,0.9997926962751666,-0.17520575000000005,14,99.35245143385754
0.35,0.05,0.05,0.45,0.1,0.9997222130087233,-0.2189233,15,99.30619796484737
0.35,0.05,0.05,0.5,0.05,0.9996102689973133,-0.26264085000000004,21,99.02867715078631
0.35,0.05,0.05,0.55,0.0,0.9993739427510033,-0.32139585000000004,25,98.84366327474561
0.35,0.05,0.1,0.0,0.5,0.9999461010315434,-0.09025224999999998,9,99.58371877890842
0.35,0.05,0.1,0.05,0.45,0.9999585392550333,-0.058662299999999945,8,99.6299722479186
0.35,0.05,0.1,0.1,0.4,0.99997512355302,-0.03539399999999998,8,99.6299722479186
0.35,0.05,0.1,0.15,0.35,0.9999792696275167,-0.028823449999999973,8,99.6299722479186
0.35,0.05,0.1,0.2,0.3,0.9999709774785234,-0.024680149999999956,8,99.6299722479186
0.35,0.05,0.1,0.25,0.25,0.99996268532953,-0.03942555000000003,8,99.6299722479186
0.35,0.05,0.1,0.3,0.2,0.99992537065906,-0.07449495,13,99.39870490286772
0.35,0.05,0.1,0.35,0.15,0.99986317954161,-0.10956434999999998,14,99.35245143385754
0.35,0.05,0.1,0.4,0.1,0.9998092805731533,-0.15173965000000006,13,99.39870490286772
0.35,0.05,0.1,0.45,0.05,0.9997429433812067,-0.1954572,16,99.25994449583719
0.35,0.05,0.1,0.5,0.0,0.9996227072208034,-0.2567522,19,99.12118408880666
0.35,0.05,0.15,0.0,0.45,0.99998756177651,-0.03078154999999999,6,99.72247918593895
0.35,0.05,0.15,0.05,0.4,1.0,0.0021400000000000863,6,99.72247918593895
0.35,0.05,0.15,0.1,0.35,1.0,0.019378300000000015,8,99.6299722479186
0.35,0.05,0.15,0.15,0.3,1.0,0.02594885000000008,8,99.6299722479186
0.35,0.05,0.15,0.2,0.25,1.0,0.005180450000000003,8,99.6299722479186
0.35,0.05,0.15,0.25,0.2,0.9999834157020133,-0.02988894999999997,9,99.58371877890842
0.35,0.05,0.15,0.3,0.15,0.99995024710604,-0.06495834999999994,13,99.39870490286772
0.35,0.05,0.15,0.35,0.1,0.99988805598859,-0.10002774999999997,13,99.39870490286772
0.35,0.05,0.15,0.4,0.05,0.9998217187966434,-0.13509715,14,99.35245143385754
0.35,0.05,0.15,0.45,0.0,0.99973879730671,-0.19210855,16,99.25994449583719
0.35,0.05,0.2,0.0,0.4,0.9999958539255034,-0.022979399999999983,6,99.72247918593895
0.35,0.05,0.2,0.05,0.35,1.0,0.011714150000000034,6,99.72247918593895
0.35,0.05,0.2,0.1,0.3,1.0,0.02602605000000008,6,99.72247918593895
0.35,0.05,0.2,0.15,0.25,1.0,0.03570020000000007,6,99.72247918593895
0.35,0.05,0.2,0.2,0.2,1.0,0.01471705000000001,8,99.6299722479186
0.35,0.05,0.2,0.25,0.15,0.9999917078510067,-0.02035235000000002,10,99.53746530989824
0.35,0.05,0.2,0.3,0.1,0.9999461010315434,-0.05542174999999999,13,99.39870490286772
0.35,0.05,0.2,0.35,0.05,0.99988805598859,-0.10536669999999998,13,99.39870490286772
0.35,0.05,0.2,0.4,0.0,0.99983830309463,-0.1639141,15,99.30619796484737
0.35,0.05,0.25,0.0,0.35,0.9999958539255034,-0.015177249999999975,5,99.76873265494912
0.35,0.05,0.25,0.05,0.3,1.0,0.018124050000000058,4,99.81498612395929
0.35,0.05,0.25,0.1,0.25,1.0,0.02779820000000005,5,99.76873265494912
0.35,0.05,0.25,0.15,0.2,1.0,0.03648689999999999,5,99.76873265494912
0.35,0.05,0.25,0.2,0.15,1.0,0.01966819999999997,6,99.72247918593895
0.35,0.05,0.25,0.25,0.1,0.99998756177651,-0.03887919999999995,8,99.6299722479186
0.35,0.05,0.25,0.3,0.05,0.99995024710604,-0.09742659999999986,13,99.39870490286772
0.35,0.05,0.25,0.35,0.0,0.99988805598859,-0.15597399999999995,14,99.35245143385754
0.35,0.05,0.3,0.0,0.3,0.9999917078510067,-0.007375099999999968,2,99.90749306197965
0.35,0.05,0.3,0.05,0.25,1.0,0.0180573,0,100.0
0.35,0.05,0.3,0.1,0.2,1.0,0.014779150000000074,1,99.95374653098983
0.35,0.05,0.3,0.15,0.15,0.9999958539255034,-0.004255199999999959,4,99.81498612395929
0.35,0.05,0.3,0.2,0.1,0.9999834157020133,-0.030939099999999997,4,99.81498612395929
0.35,0.05,0.3,0.25,0.05,0.9999709774785234,-0.08948649999999991,5,99.76873265494912
0.35,0.05,0.3,0.3,0.0,0.9999419549570466,-0.14803389999999989,8,99.6299722479186
0.35,0.05,0.35,0.0,0.25,0.99998756177651,-0.03911520000000002,2,99.90749306197965
0.35,0.05,0.35,0.05,0.2,0.9999834157020133,-0.02582115000000007,3,99.86123959296947
0.35,0.05,0.35,0.1,0.15,0.9999917078510067,-0.04485549999999999,3,99.86123959296947
0.35,0.05,0.35,0.15,0.1,0.9999834157020133,-0.06388985000000003,2,99.90749306197965
0.35,0.05,0.35,0.2,0.05,0.9999834157020133,-0.0829242,3,99.86123959296947
0.35,0.05,0.35,0.25,0.0,0.9999668314040266,-0.14009380000000005,5,99.76873265494912
0.35,0.05,0.4,0.0,0.2,0.9999709774785234,-0.08336935000000001,5,99.76873265494912
0.35,0.05,0.4,0.05,0.15,0.99997512355302,-0.08545580000000008,6,99.72247918593895
0.35,0.05,0.4,0.1,0.1,0.9999668314040266,-0.10449015000000006,6,99.72247918593895
0.35,0.05,0.4,0.15,0.05,0.99996268532953,-0.12373610000000002,4,99.81498612395929
0.35,0.05,0.4,0.2,0.0,0.99996268532953,-0.14655674999999996,4,99.81498612395929
0.35,0.05,0.45,0.0,0.15,0.9999087863610734,-0.15841930000000004,6,99.72247918593895
0.35,0.05,0.45,0.05,0.1,0.99991293243557,-0.15215610000000007,6,99.72247918593895
0.35,0.05,0.45,0.1,0.05,0.99991293243557,-0.16996680000000003,6,99.72247918593895
0.35,0.05,0.45,0.15,0.0,0.9999170785100666,-0.19278745000000003,5,99.76873265494912
0.35,0.05,0.5,0.0,0.1,0.9998465952436233,-0.23346924999999996,12,99.44495837187789
0.35,0.05,0.5,0.05,0.05,0.9998465952436233,-0.22720604999999994,12,99.44495837187789
0.35,0.05,0.5,0.1,0.0,0.9998217187966434,-0.23901814999999998,12,99.44495837187789
0.35,0.05,0.55,0.0,0.05,0.9997595276791933,-0.30851920000000005,19,99.12118408880666
0.35,0.05,0.55,0.05,0.0,0.9997553816046967,-0.3022560000000001,21,99.02867715078631
0.35,0.05,0.6,0.0,0.0,0.9996102689973133,-0.38356914999999997,27,98.75115633672526
0.35,0.1,0.0,0.0,0.55,0.9999336628080533,-0.17978975000000003,10,99.53746530989824
0.35,0.1,0.0,0.05,0.5,0.9999419549570466,-0.1481998,9,99.58371877890842
0.35,0.1,0.0,0.1,0.45,0.9999419549570466,-0.11763030000000002,8,99.6299722479186
0.35,0.1,0.0,0.15,0.4,0.9999419549570466,-0.11105975000000001,8,99.6299722479186
0.35,0.1,0.0,0.2,0.35,0.9999419549570466,-0.10448919999999995,8,99.6299722479186
0.35,0.1,0.0,0.25,0.3,0.99991293243557,-0.10272809999999993,8,99.6299722479186
0.35,0.1,0.0,0.3,0.25,0.9998922020630867,-0.10138804999999995,12,99.44495837187789
0.35,0.1,0.0,0.35,0.2,0.9998673256161067,-0.12045855,13,99.39870490286772
0.35,0.1,0.0,0.4,0.15,0.9997844041261733,-0.16417610000000005,13,99.39870490286772
0.35,0.1,0.0,0.45,0.1,0.99972635908322,-0.20789365000000004,15,99.30619796484737
0.35,0.1,0.0,0.5,0.05,0.99960197684832,-0.2516112000000001,22,98.98242368177613
0.35,0.1,0.0,0.55,0.0,0.9993822348999967,-0.3068617500000001,28,98.70490286771508
0.35,0.1,0.05,0.0,0.5,0.99995024710604,-0.11898745,9,99.58371877890842
0.35,0.1,0.05,0.05,0.45,0.99996268532953,-0.08739750000000002,8,99.6299722479186
0.35,0.1,0.05,0.1,0.4,0.99997512355302,-0.06285799999999997,8,99.6299722479186
0.35,0.1,0.05,0.15,0.35,0.99997512355302,-0.05628744999999996,8,99.6299722479186
0.35,0.1,0.05,0.2,0.3,0.9999709774785234,-0.05055874999999993,8,99.6299722479186
0.35,0.1,0.05,0.25,0.25,0.99995024710604,-0.04921870000000006,8,99.6299722479186
0.35,0.1,0.05,0.3,0.2,0.99991293243557,-0.07228959999999995,13,99.39870490286772
0.35,0.1,0.05,0.35,0.15,0.99985074131812,-0.10735899999999998,13,99.39870490286772
0.35,0.1,0.05,0.4,0.1,0.99978855020067,-0.1424284,13,99.39870490286772
0.35,0.1,0.05,0.45,0.05,0.99972635908322,-0.18442755000000005,16,99.25994449583719
0.35,0.1,0.05,0.5,0.0,0.9995978307738234,-0.24221810000000005,20,99.07493061979649
0.35,0.1,0.1,0.0,0.45,0.99997512355302,-0.05818515000000002,6,99.72247918593895
0.35,0.1,0.1,0.05,0.4,0.99998756177651,-0.026595199999999986,6,99.72247918593895
0.35,0.1,0.1,0.1,0.35,0.9999958539255034,-0.008085700000000029,8,99.6299722479186
0.35,0.1,0.1,0.15,0.3,0.9999958539255034,-0.0015151499999999651,8,99.6299722479186
0.35,0.1,0.1,0.2,0.25,1.0,0.0029506500000000546,8,99.6299722479186
0.35,0.1,0.1,0.25,0.2,0.9999834157020133,-0.027683599999999975,9,99.58371877890842
0.35,0.1,0.1,0.3,0.15,0.99996268532953,-0.06275299999999995,12,99.44495837187789
0.35,0.1,0.1,0.35,0.1,0.9998963481375833,-0.09782239999999998,13,99.39870490286772
0.35,0.1,0.1,0.4,0.05,0.9998341570201333,-0.13289179999999995,14,99.35245143385754
0.35,0.1,0.1,0.45,0.0,0.9997180669342267,-0.18457420000000002,16,99.25994449583719
0.35,0.1,0.15,0.0,0.4,1.0,0.0026171500000000125,6,99.72247918593895
0.35,0.1,0.15,0.05,0.35,1.0,0.034207100000000046,6,99.72247918593895
0.35,0.1,0.15,0.1,0.3,1.0,0.04668659999999997,6,99.72247918593895
0.35,0.1,0.15,0.15,0.25,1.0,0.050128950000000005,6,99.72247918593895
0.35,0.1,0.15,0.2,0.2,1.0,0.01692240000000006,8,99.6299722479186
0.35,0.1,0.15,0.25,0.15,0.9999917078510067,-0.01814699999999997,8,99.6299722479186
0.35,0.1,0.15,0.3,0.1,0.9999543931805367,-0.05321639999999994,13,99.39870490286772
0.35,0.1,0.15,0.35,0.05,0.9998922020630867,-0.10602289999999992,13,99.39870490286772
0.35,0.1,0.15,0.4,0.0,0.99985074131812,-0.16457029999999995,14,99.35245143385754
0.35,0.1,0.2,0.0,0.35,1.0,0.029527350000000008,4,99.81498612395929
0.35,0.1,0.2,0.05,0.3,1.0,0.06409985000000001,4,99.81498612395929
0.35,0.1,0.2,0.1,0.25,1.0,0.073774,4,99.81498612395929
0.35,0.1,0.2,0.15,0.2,1.0,0.06092845000000008,5,99.76873265494912
0.35,0.1,0.2,0.2,0.15,1.0,0.019011999999999918,5,99.76873265494912
0.35,0.1,0.2,0.25,0.1,0.9999917078510067,-0.0395354,6,99.72247918593895
0.35,0.1,0.2,0.3,0.05,0.9999543931805367,-0.09808279999999991,13,99.39870490286772
0.35,0.1,0.2,0.35,0.0,0.9999087863610734,-0.15663019999999994,14,99.35245143385754
0.35,0.1,0.25,0.0,0.3,1.0,0.037329500000000015,2,99.90749306197965
0.35,0.1,0.25,0.05,0.25,1.0,0.06587200000000004,0,100.0
0.35,0.1,0.25,0.1,0.2,1.0,0.0594788,1,99.95374653098983
0.35,0.1,0.25,0.15,0.15,1.0,0.02695209999999998,2,99.90749306197965
0.35,0.1,0.25,0.2,0.1,0.9999958539255034,-0.03159530000000005,4,99.81498612395929
0.35,0.1,0.25,0.25,0.05,0.99998756177651,-0.09014269999999996,5,99.76873265494912
0.35,0.1,0.25,0.3,0.0,0.9999461010315434,-0.1486901,8,99.6299722479186
0.35,0.1,0.3,0.0,0.25,1.0,0.008895200000000048,1,99.95374653098983
0.35,0.1,0.3,0.05,0.2,1.0,0.01887850000000002,1,99.95374653098983
0.35,0.1,0.3,0.1,0.15,0.9999958539255034,-0.0001558499999999574,2,99.90749306197965
0.35,0.1,0.3,0.15,0.1,0.9999917078510067,-0.023655199999999987,3,99.86123959296947
0.35,0.1,0.3,0.2,0.05,0.9999834157020133,-0.08220259999999996,3,99.86123959296947
0.35,0.1,0.3,0.25,0.0,0.9999668314040266,-0.14074999999999993,5,99.76873265494912
0.35,0.1,0.35,0.0,0.2,0.99998756177651,-0.042071650000000016,4,99.81498612395929
0.35,0.1,0.35,0.05,0.15,0.9999834157020133,-0.0407561500000001,5,99.76873265494912
0.35,0.1,0.35,0.1,0.1,0.9999834157020133,-0.059790500000000024,3,99.86123959296947
0.35,0.1,0.35,0.15,0.05,0.99997512355302,-0.07882485,3,99.86123959296947
0.35,0.1,0.35,0.2,0.0,0.9999709774785234,-0.13280989999999998,4,99.81498612395929
0.35,0.1,0.4,0.0,0.15,0.99996268532953,-0.11712160000000005,6,99.72247918593895
0.35,0.1,0.4,0.05,0.1,0.9999585392550333,-0.11085840000000008,6,99.72247918593895
0.35,0.1,0.4,0.1,0.05,0.9999585392550333,-0.11942515000000004,6,99.72247918593895
0.35,0.1,0.4,0.15,0.0,0.99996268532953,-0.13845950000000007,5,99.76873265494912
0.35,0.1,0.45,0.0,0.1,0.99988805598859,-0.19217155000000008,8,99.6299722479186
0.35,0.1,0.45,0.05,0.05,0.9998963481375833,-0.18590835000000006,8,99.6299722479186
0.35,0.1,0.45,0.1,0.0,0.9998963481375833,-0.1796451500000001,9,99.58371877890842
0.35,0.1,0.5,0.0,0.05,0.9998175727221467,-0.26722150000000006,18,99.16743755781684
0.35,0.1,0.5,0.05,0.0,0.9998051344986567,-0.2609583000000001,18,99.16743755781684
0.35,0.1,0.55,0.0,0.0,0.9996973365617433,-0.3422714500000001,22,98.98242368177613
0.35,0.15,0.0,0.0,0.5,0.99995024710604,-0.14772265,9,99.58371877890842
0.35,0.15,0.0,0.05,0.45,0.99996268532953,-0.11613269999999998,8,99.6299722479186
0.35,0.15,0.0,0.1,0.4,0.9999668314040266,-0.09032199999999996,8,99.6299722479186
0.35,0.15,0.0,0.15,0.35,0.9999668314040266,-0.08375144999999995,8,99.6299722479186
0.35,0.15,0.0,0.2,0.3,0.99996268532953,-0.07718089999999994,8,99.6299722479186
0.35,0.15,0.0,0.25,0.25,0.99995024710604,-0.07509729999999992,8,99.6299722479186
0.35,0.15,0.0,0.3,0.2,0.99991293243557,-0.07375725000000005,13,99.39870490286772
0.35,0.15,0.0,0.35,0.15,0.9998714716906033,-0.10515364999999999,13,99.39870490286772
0.35,0.15,0.0,0.4,0.1,0.9997844041261733,-0.14022305000000002,12,99.44495837187789
0.35,0.15,0.0,0.45,0.05,0.99968904441275,-0.17529244999999993,18,99.16743755781684
0.35,0.15,0.0,0.5,0.0,0.99958953862483,-0.227684,23,98.93617021276596
0.35,0.15,0.05,0.0,0.45,0.9999709774785234,-0.08692034999999998,6,99.72247918593895
0.35,0.15,0.05,0.05,0.4,0.99997512355302,-0.055330399999999946,6,99.72247918593895
0.35,0.15,0.05,0.1,0.35,0.99997512355302,-0.03554969999999996,8,99.6299722479186
0.35,0.15,0.05,0.15,0.3,0.9999792696275167,-0.028979149999999898,8,99.6299722479186
0.35,0.15,0.05,0.2,0.25,0.9999792696275167,-0.02292794999999992,8,99.6299722479186
0.35,0.15,0.05,0.25,0.2,0.9999792696275167,-0.02547824999999998,9,99.58371877890842
0.35,0.15,0.05,0.3,0.15,0.9999543931805367,-0.06054764999999995,12,99.44495837187789
0.35,0.15,0.05,0.35,0.1,0.9998963481375833,-0.09561704999999998,13,99.39870490286772
0.35,0.15,0.05,0.4,0.05,0.9998465952436233,-0.13068645,14,99.35245143385754
0.35,0.15,0.05,0.45,0.0,0.99967660618926,-0.17886439999999998,18,99.16743755781684
0.35,0.15,0.1,0.0,0.4,0.9999958539255034,-0.026118049999999948,6,99.72247918593895
0.35,0.15,0.1,0.05,0.35,1.0,0.005471900000000085,6,99.72247918593895
0.35,0.15,0.1,0.1,0.3,1.0,0.01922260000000009,6,99.72247918593895
0.35,0.15,0.1,0.15,0.25,1.0,0.025793150000000042,6,99.72247918593895
0.35,0.15,0.1,0.2,0.2,1.0,0.01912775,8,99.6299722479186
0.35,0.15,0.1,0.25,0.15,0.9999917078510067,-0.01594165000000003,8,99.6299722479186
0.35,0.15,0.1,0.3,0.1,0.99996268532953,-0.05101105,13,99.39870490286772
0.35,0.15,0.1,0.35,0.05,0.9999087863610734,-0.10667909999999997,14,99.35245143385754
0.35,0.15,0.1,0.4,0.0,0.9998424491691267,-0.16522650000000005,14,99.35245143385754
0.35,0.15,0.15,0.0,0.35,1.0,0.03468425000000003,4,99.81498612395929
0.35,0.15,0.15,0.05,0.3,1.0,0.06627420000000006,4,99.81498612395929
0.35,0.15,0.15,0.1,0.25,1.0,0.07399490000000009,4,99.81498612395929
0.35,0.15,0.15,0.15,0.2,1.0,0.06154840000000006,4,99.81498612395929
0.35,0.15,0.15,0.2,0.15,1.0,0.018355799999999922,5,99.76873265494912
0.35,0.15,0.15,0.25,0.1,0.9999917078510067,-0.04019160000000005,6,99.72247918593895
0.35,0.15,0.15,0.3,0.05,0.9999543931805367,-0.09873899999999991,13,99.39870490286772
0.35,0.15,0.15,0.35,0.0,0.99991293243557,-0.1572864,14,99.35245143385754
0.35,0.15,0.2,0.0,0.3,1.0,0.0820341,1,99.95374653098983
0.35,0.15,0.2,0.05,0.25,1.0,0.1118478,0,100.0
0.35,0.15,0.2,0.1,0.2,1.0,0.08484330000000001,1,99.95374653098983
0.35,0.15,0.2,0.15,0.15,1.0,0.026295899999999983,1,99.95374653098983
0.35,0.15,0.2,0.2,0.1,0.9999958539255034,-0.032251500000000044,3,99.86123959296947
0.35,0.15,0.2,0.25,0.05,0.9999917078510067,-0.0907988999999999,3,99.86123959296947
0.35,0.15,0.2,0.3,0.0,0.99995024710604,-0.14934629999999993,8,99.6299722479186
0.35,0.15,0.25,0.0,0.25,1.0,0.0569056,1,99.95374653098983
0.35,0.15,0.25,0.05,0.2,1.0,0.06357815,1,99.95374653098983
0.35,0.15,0.25,0.1,0.15,1.0,0.03423599999999999,1,99.95374653098983
0.35,0.15,0.25,0.15,0.1,0.9999958539255034,-0.024311399999999983,3,99.86123959296947
0.35,0.15,0.25,0.2,0.05,0.9999917078510067,-0.08285879999999995,3,99.86123959296947
0.35,0.15,0.25,0.25,0.0,0.99997512355302,-0.14140619999999993,5,99.76873265494912
0.35,0.15,0.3,0.0,0.2,0.9999958539255034,-0.0007739499999999122,3,99.86123959296947
0.35,0.15,0.3,0.05,0.15,1.0,0.003943499999999989,3,99.86123959296947
0.35,0.15,0.3,0.1,0.1,0.9999917078510067,-0.016371300000000033,3,99.86123959296947
0.35,0.15,0.3,0.15,0.05,0.9999834157020133,-0.07491869999999995,3,99.86123959296947
0.35,0.15,0.3,0.2,0.0,0.99997512355302,-0.13346610000000003,4,99.81498612395929
0.35,0.15,0.35,0.0,0.15,0.9999834157020133,-0.0758239,5,99.76873265494912
0.35,0.15,0.35,0.05,0.1,0.9999792696275167,-0.06956070000000003,5,99.76873265494912
0.35,0.15,0.35,0.1,0.05,0.99997512355302,-0.07472549999999994,4,99.81498612395929
0.35,0.15,0.35,0.15,0.0,0.9999709774785234,-0.12552599999999997,4,99.81498612395929
0.35,0.15,0.4,0.0,0.1,0.99995024710604,-0.15087385000000003,8,99.6299722479186
0.35,0.15,0.4,0.05,0.05,0.9999461010315434,-0.14461065,8,99.6299722479186
0.35,0.15,0.4,0.1,0.0,0.9999419549570466,-0.13834745000000004,9,99.58371877890842
0.35,0.15,0.45,0.0,0.05,0.99986317954161,-0.2259238,13,99.39870490286772
0.35,0.15,0.45,0.05,0.0,0.9998590334671134,-0.21966060000000004,13,99.39870490286772
0.35,0.15,0.5,0.0,0.0,0.9997512355302,-0.30097374999999993,22,98.98242368177613
0.35,0.2,0.0,0.0,0.45,0.9999709774785234,-0.11565555,6,99.72247918593895
0.35,0.2,0.0,0.05,0.4,0.99997512355302,-0.08406559999999996,6,99.72247918593895
0.35,0.2,0.0,0.1,0.35,0.99997512355302,-0.0630137,8,99.6299722479186
0.35,0.2,0.0,0.15,0.3,0.99997512355302,-0.05644315,8,99.6299722479186
0.35,0.2,0.0,0.2,0.25,0.99997512355302,-0.049872600000000045,8,99.6299722479186
0.35,0.2,0.0,0.25,0.2,0.9999585392550333,-0.04746650000000008,9,99.58371877890842
0.35,0.2,0.0,0.3,0.15,0.99993780888255,-0.05834229999999996,12,99.44495837187789
0.35,0.2,0.0,0.35,0.1,0.9998797638395966,-0.09341169999999999,13,99.39870490286772
0.35,0.2,0.0,0.4,0.05,0.9997926962751666,-0.12848109999999996,17,99.21369102682701
0.35,0.2,0.0,0.45,0.0,0.9996724601147633,-0.17398809999999998,20,99.07493061979649
0.35,0.2,0.05,0.0,0.4,0.9999834157020133,-0.054853249999999965,6,99.72247918593895
0.35,0.2,0.05,0.05,0.35,0.9999917078510067,-0.02326329999999993,6,99.72247918593895
0.35,0.2,0.05,0.1,0.3,0.9999958539255034,-0.008241399999999954,6,99.72247918593895
0.35,0.2,0.05,0.15,0.25,0.9999958539255034,-0.0016708500000000015,6,99.72247918593895
0.35,0.2,0.05,0.2,0.2,1.0,0.004702849999999981,8,99.6299722479186
0.35,0.2,0.05,0.25,0.15,0.9999917078510067,-0.013736299999999979,8,99.6299722479186
0.35,0.2,0.05,0.3,0.1,0.9999668314040266,-0.04880569999999995,12,99.44495837187789
0.35,0.2,0.05,0.35,0.05,0.9999170785100666,-0.10733529999999991,14,99.35245143385754
0.35,0.2,0.05,0.4,0.0,0.9998341570201333,-0.1658827,17,99.21369102682701
0.35,0.2,0.1,0.0,0.35,1.0,0.005949050000000011,3,99.86123959296947
0.35,0.2,0.1,0.05,0.3,1.0,0.037539000000000045,4,99.81498612395929
0.35,0.2,0.1,0.1,0.25,1.0,0.04653090000000004,3,99.86123959296947
0.35,0.2,0.1,0.15,0.2,1.0,0.05310144999999994,4,99.81498612395929
0.35,0.2,0.1,0.2,0.15,1.0,0.017699599999999927,4,99.81498612395929
0.35,0.2,0.1,0.25,0.1,0.9999917078510067,-0.04084779999999999,5,99.76873265494912
0.35,0.2,0.1,0.3,0.05,0.9999543931805367,-0.0993951999999999,13,99.39870490286772
0.35,0.2,0.1,0.35,0.0,0.9999046402865767,-0.15794259999999993,14,99.35245143385754
0.35,0.2,0.15,0.0,0.3,1.0,0.06675134999999999,1,99.95374653098983
0.35,0.2,0.15,0.05,0.25,1.0,0.09473264999999986,0,100.0
0.35,0.2,0.15,0.1,0.2,1.0,0.08268354999999994,1,99.95374653098983
0.35,0.2,0.15,0.15,0.15,1.0,0.025639699999999988,1,99.95374653098983
0.35,0.2,0.15,0.2,0.1,0.9999958539255034,-0.03290770000000004,1,99.95374653098983
0.35,0.2,0.15,0.25,0.05,0.9999917078510067,-0.09145509999999996,3,99.86123959296947
0.35,0.2,0.15,0.3,0.0,0.9999543931805367,-0.15000249999999998,7,99.67622571692877
0.35,0.2,0.2,0.0,0.25,1.0,0.09792879999999993,0,100.0
0.35,0.2,0.2,0.05,0.2,1.0,0.09212720000000002,1,99.95374653098983
0.35,0.2,0.2,0.1,0.15,1.0,0.03357979999999994,1,99.95374653098983
0.35,0.2,0.2,0.15,0.1,0.9999958539255034,-0.024967600000000034,2,99.90749306197965
0.35,0.2,0.2,0.2,0.05,0.9999917078510067,-0.083515,3,99.86123959296947
0.35,0.2,0.2,0.25,0.0,0.9999792696275167,-0.14206240000000003,4,99.81498612395929
0.35,0.2,0.25,0.0,0.2,1.0,0.04052375000000008,3,99.86123959296947
0.35,0.2,0.25,0.05,0.15,1.0,0.03966370000000008,2,99.90749306197965
0.35,0.2,0.25,0.1,0.1,0.9999958539255034,-0.01702750000000003,2,99.90749306197965
0.35,0.2,0.25,0.15,0.05,0.99998756177651,-0.07557489999999994,3,99.86123959296947
0.35,0.2,0.25,0.2,0.0,0.9999834157020133,-0.13412229999999997,4,99.81498612395929
0.35,0.2,0.3,0.0,0.15,0.9999958539255034,-0.034526199999999896,3,99.86123959296947
0.35,0.2,0.3,0.05,0.1,0.9999834157020133,-0.028262999999999983,4,99.81498612395929
0.35,0.2,0.3,0.1,0.05,0.9999792696275167,-0.06763479999999994,3,99.86123959296947
0.35,0.2,0.3,0.15,0.0,0.9999792696275167,-0.12618219999999997,3,99.86123959296947
0.35,0.2,0.35,0.0,0.1,0.99997512355302,-0.10957614999999998,7,99.67622571692877
0.35,0.2,0.35,0.05,0.05,0.9999668314040266,-0.10331294999999996,7,99.67622571692877
0.35,0.2,0.35,0.1,0.0,0.9999585392550333,-0.12563134999999997,7,99.67622571692877
0.35,0.2,0.4,0.0,0.05,0.9999170785100666,-0.18462609999999996,12,99.44495837187789
0.35,0.2,0.4,0.05,0.0,0.99991293243557,-0.1783629,12,99.44495837187789
0.35,0.2,0.45,0.0,0.0,0.9998092805731533,-0.25967605,19,99.12118408880666
0.35,0.25,0.0,0.0,0.4,0.9999709774785234,-0.08358845000000004,8,99.6299722479186
0.35,0.25,0.0,0.05,0.35,0.99997512355302,-0.05199849999999995,7,99.67622571692877
0.35,0.25,0.0,0.1,0.3,0.99997512355302,-0.03570539999999994,7,99.67622571692877
0.35,0.25,0.0,0.15,0.25,0.9999792696275167,-0.029134849999999934,8,99.6299722479186
0.35,0.25,0.0,0.2,0.2,0.9999792696275167,-0.022564300000000037,10,99.53746530989824
0.35,0.25,0.0,0.25,0.15,0.9999834157020133,-0.019835700000000067,10,99.53746530989824
0.35,0.25,0.0,0.3,0.1,0.99995024710604,-0.04944409999999999,14,99.35245143385754
0.35,0.25,0.0,0.35,0.05,0.99990049421208,-0.10799149999999996,17,99.21369102682701
0.35,0.25,0.0,0.4,0.0,0.9998051344986567,-0.16653890000000005,19,99.12118408880666
0.35,0.25,0.05,0.0,0.35,0.9999958539255034,-0.02278614999999995,3,99.86123959296947
0.35,0.25,0.05,0.05,0.3,1.0,0.008803800000000084,4,99.81498612395929
0.35,0.25,0.05,0.1,0.25,1.0,0.019066899999999998,4,99.81498612395929
0.35,0.25,0.05,0.15,0.2,1.0,0.025637450000000006,5,99.76873265494912
0.35,0.25,0.05,0.2,0.15,1.0,0.016301999999999928,5,99.76873265494912
0.35,0.25,0.05,0.25,0.1,0.99998756177651,-0.04150400000000004,7,99.67622571692877
0.35,0.25,0.05,0.3,0.05,0.9999461010315434,-0.1000513999999999,14,99.35245143385754
0.35,0.25,0.05,0.35,0.0,0.9999046402865767,-0.15859879999999998,18,99.16743755781684
0.35,0.25,0.1,0.0,0.3,1.0,0.03688400000000008,2,99.90749306197965
0.35,0.25,0.1,0.05,0.25,1.0,0.04541990000000007,1,99.95374653098983
0.35,0.25,0.1,0.1,0.2,1.0,0.053943399999999975,2,99.90749306197965
0.35,0.25,0.1,0.15,0.15,1.0,0.024983499999999936,2,99.90749306197965
0.35,0.25,0.1,0.2,0.1,0.9999958539255034,-0.03356390000000009,2,99.90749306197965
0.35,0.25,0.1,0.25,0.05,0.99998756177651,-0.09211130000000001,5,99.76873265494912
0.35,0.25,0.1,0.3,0.0,0.9999419549570466,-0.15065869999999998,10,99.53746530989824
0.35,0.25,0.15,0.0,0.25,1.0,0.05925524999999998,1,99.95374653098983
0.35,0.25,0.15,0.05,0.2,1.0,0.06779114999999997,2,99.90749306197965
0.35,0.25,0.15,0.1,0.15,1.0,0.03292359999999994,3,99.86123959296947
0.35,0.25,0.15,0.15,0.1,0.9999958539255034,-0.02562380000000003,3,99.86123959296947
0.35,0.25,0.15,0.2,0.05,0.9999958539255034,-0.0841712,4,99.81498612395929
0.35,0.25,0.15,0.25,0.0,0.9999709774785234,-0.14271860000000003,6,99.72247918593895
0.35,0.25,0.2,0.0,0.2,1.0,0.054394600000000015,3,99.86123959296947
0.35,0.25,0.2,0.05,0.15,1.0,0.03560555000000004,3,99.86123959296947
0.35,0.25,0.2,0.1,0.1,0.9999958539255034,-0.01768370000000008,3,99.86123959296947
0.35,0.25,0.2,0.15,0.05,0.9999917078510067,-0.0762311,4,99.81498612395929
0.35,0.25,0.2,0.2,0.0,0.9999792696275167,-0.13477850000000008,5,99.76873265494912
0.35,0.25,0.25,0.0,0.15,1.0,0.002832800000000024,4,99.81498612395929
0.35,0.25,0.25,0.05,0.1,0.9999917078510067,-0.03041705,3,99.86123959296947
0.35,0.25,0.25,0.1,0.05,0.9999917078510067,-0.06829099999999999,4,99.81498612395929
0.35,0.25,0.25,0.15,0.0,0.9999792696275167,-0.12683840000000002,4,99.81498612395929
0.35,0.25,0.3,0.0,0.1,0.9999834157020133,-0.06827844999999999,7,99.67622571692877
0.35,0.25,0.3,0.05,0.05,0.9999834157020133,-0.09643964999999993,8,99.6299722479186
0.35,0.25,0.3,0.1,0.0,0.9999668314040266,-0.1296895,8,99.6299722479186
0.35,0.25,0.35,0.0,0.05,0.99995024710604,-0.14332839999999997,14,99.35245143385754
0.35,0.25,0.35,0.05,0.0,0.9999295167335567,-0.16246224999999997,14,99.35245143385754
0.35,0.25,0.4,0.0,0.0,0.9998548873926166,-0.21837835,19,99.12118408880666
0.35,0.3,0.0,0.0,0.35,0.99997512355302,-0.05926384999999995,5,99.76873265494912
0.35,0.3,0.0,0.05,0.3,0.9999792696275167,-0.05072794999999991,6,99.72247918593895
0.35,0.3,0.0,0.1,0.25,0.99998756177651,-0.042192049999999925,5,99.76873265494912
0.35,0.3,0.0,0.15,0.2,0.99998756177651,-0.033656149999999996,5,99.76873265494912
0.35,0.3,0.0,0.2,0.15,0.99998756177651,-0.02512025000000001,6,99.72247918593895
0.35,0.3,0.0,0.25,0.1,0.99997512355302,-0.04216019999999998,7,99.67622571692877
0.35,0.3,0.0,0.3,0.05,0.9999212245845633,-0.10070759999999995,16,99.25994449583719
0.35,0.3,0.0,0.35,0.0,0.9998963481375833,-0.15925499999999992,19,99.12118408880666
0.35,0.3,0.05,0.0,0.3,0.9999958539255034,-0.03689259999999994,3,99.86123959296947
0.35,0.3,0.05,0.05,0.25,0.9999958539255034,-0.0283566999999999,3,99.86123959296947
0.35,0.3,0.05,0.1,0.2,0.9999958539255034,-0.019820799999999916,3,99.86123959296947
0.35,0.3,0.05,0.15,0.15,0.9999958539255034,-0.011284900000000042,3,99.86123959296947
0.35,0.3,0.05,0.2,0.1,0.9999792696275167,-0.03422010000000003,3,99.86123959296947
0.35,0.3,0.05,0.25,0.05,0.9999834157020133,-0.09276749999999995,4,99.81498612395929
0.35,0.3,0.05,0.3,0.0,0.9999295167335567,-0.15131489999999997,10,99.53746530989824
0.35,0.3,0.1,0.0,0.25,0.9999958539255034,-0.014521349999999877,2,99.90749306197965
0.35,0.3,0.1,0.05,0.2,0.9999958539255034,-0.005985449999999892,2,99.90749306197965
0.35,0.3,0.1,0.1,0.15,1.0,0.002550450000000093,4,99.81498612395929
0.35,0.3,0.1,0.15,0.1,0.99998756177651,-0.026280000000000026,4,99.81498612395929
0.35,0.3,0.1,0.2,0.05,0.9999792696275167,-0.0848274,4,99.81498612395929
0.35,0.3,0.1,0.25,0.0,0.9999668314040266,-0.14337480000000002,7,99.67622571692877
0.35,0.3,0.15,0.0,0.2,1.0,0.00784990000000002,3,99.86123959296947
0.35,0.3,0.15,0.05,0.15,1.0,0.016385800000000006,3,99.86123959296947
0.35,0.3,0.15,0.1,0.1,0.99998756177651,-0.01833990000000002,4,99.81498612395929
0.35,0.3,0.15,0.15,0.05,0.9999834157020133,-0.07688729999999994,4,99.81498612395929
0.35,0.3,0.15,0.2,0.0,0.9999709774785234,-0.13543469999999996,6,99.72247918593895
0.35,0.3,0.2,0.0,0.15,0.9999958539255034,-0.001225350000000014,4,99.81498612395929
0.35,0.3,0.2,0.05,0.1,0.9999917078510067,-0.03447520000000004,3,99.86123959296947
0.35,0.3,0.2,0.1,0.05,0.99998756177651,-0.06894719999999999,3,99.86123959296947
0.35,0.3,0.2,0.15,0.0,0.99997512355302,-0.12749460000000007,6,99.72247918593895
0.35,0.3,0.25,0.0,0.1,0.9999834157020133,-0.06724795000000006,6,99.72247918593895
0.35,0.3,0.25,0.05,0.05,0.9999792696275167,-0.10049779999999997,6,99.72247918593895
0.35,0.3,0.25,0.1,0.0,0.9999585392550333,-0.13374765000000005,8,99.6299722479186
0.35,0.3,0.3,0.0,0.05,0.9999668314040266,-0.13327055,12,99.44495837187789
0.35,0.3,0.3,0.05,0.0,0.9999336628080533,-0.1665204,14,99.35245143385754
0.35,0.3,0.35,0.0,0.0,0.9998756177651,-0.19929315000000003,20,99.07493061979649
0.35,0.35,0.0,0.0,0.3,0.99997512355302,-0.11066919999999997,5,99.76873265494912
0.35,0.35,0.0,0.05,0.25,0.99998756177651,-0.10213329999999993,4,99.81498612395929
0.35,0.35,0.0,0.1,0.2,0.9999792696275167,-0.09359739999999994,4,99.81498612395929
0.35,0.35,0.0,0.15,0.15,0.99997512355302,-0.08506150000000007,4,99.81498612395929
0.35,0.35,0.0,0.2,0.1,0.99997512355302,-0.07652559999999997,5,99.76873265494912
0.35,0.35,0.0,0.25,0.05,0.99996268532953,-0.09342369999999994,5,99.76873265494912
0.35,0.35,0.0,0.3,0.0,0.9999046402865767,-0.15197109999999997,10,99.53746530989824
0.35,0.35,0.05,0.0,0.25,0.99998756177651,-0.08829794999999996,3,99.86123959296947
0.35,0.35,0.05,0.05,0.2,0.9999834157020133,-0.07976204999999997,4,99.81498612395929
0.35,0.35,0.05,0.1,0.15,0.9999834157020133,-0.07122614999999999,5,99.76873265494912
0.35,0.35,0.05,0.15,0.1,0.99997512355302,-0.06269025,5,99.76873265494912
0.35,0.35,0.05,0.2,0.05,0.9999668314040266,-0.08548359999999994,5,99.76873265494912
0.35,0.35,0.05,0.25,0.0,0.99995024710604,-0.1440309999999999,7,99.67622571692877
0.35,0.35,0.1,0.0,0.2,0.9999917078510067,-0.06592669999999995,5,99.76873265494912
0.35,0.35,0.1,0.05,0.15,0.99998756177651,-0.057390799999999964,5,99.76873265494912
0.35,0.35,0.1,0.1,0.1,0.9999709774785234,-0.051045099999999954,5,99.76873265494912
0.35,0.35,0.1,0.15,0.05,0.9999668314040266,-0.07891864999999987,4,99.81498612395929
0.35,0.35,0.1,0.2,0.0,0.99996268532953,-0.13609089999999996,6,99.72247918593895
0.35,0.35,0.15,0.0,0.15,0.9999834157020133,-0.04355545000000005,5,99.76873265494912
0.35,0.35,0.15,0.05,0.1,0.99997512355302,-0.044773099999999955,5,99.76873265494912
0.35,0.35,0.15,0.1,0.05,0.9999709774785234,-0.07264664999999992,4,99.81498612395929
0.35,0.35,0.15,0.15,0.0,0.9999543931805367,-0.1281508,7,99.67622571692877
0.35,0.35,0.2,0.0,0.1,0.9999792696275167,-0.07130609999999998,10,99.53746530989824
0.35,0.35,0.2,0.05,0.05,0.9999709774785234,-0.1045559499999999,8,99.6299722479186
0.35,0.35,0.2,0.1,0.0,0.9999461010315434,-0.13780579999999998,10,99.53746530989824
0.35,0.35,0.25,0.0,0.05,0.99996268532953,-0.13732869999999991,16,99.25994449583719
0.35,0.35,0.25,0.05,0.0,0.99992537065906,-0.17057854999999994,16,99.25994449583719
0.35,0.35,0.3,0.0,0.0,0.99991293243557,-0.20335129999999996,21,99.02867715078631
0.35,0.4,0.0,0.0,0.25,0.99996268532953,-0.16207454999999993,6,99.72247918593895
0.35,0.4,0.0,0.05,0.2,0.99996268532953,-0.15353864999999994,7,99.67622571692877
0.35,0.4,0.0,0.1,0.15,0.9999585392550333,-0.14500274999999996,7,99.67622571692877
0.35,0.4,0.0,0.15,0.1,0.9999543931805367,-0.13646685000000003,7,99.67622571692877
0.35,0.4,0.0,0.2,0.05,0.99995024710604,-0.13088329999999992,9,99.58371877890842
0.35,0.4,0.0,0.25,0.0,0.9999212245845633,-0.15875685,11,99.49121184088807
0.35,0.4,0.05,0.0,0.2,0.9999668314040266,-0.13970329999999992,7,99.67622571692877
0.35,0.4,0.05,0.05,0.15,0.9999668314040266,-0.1311674,7,99.67622571692877
0.35,0.4,0.05,0.1,0.1,0.99996268532953,-0.12263149999999995,7,99.67622571692877
0.35,0.4,0.05,0.15,0.05,0.99995024710604,-0.12461129999999992,8,99.6299722479186
0.35,0.4,0.05,0.2,0.0,0.9999419549570466,-0.15248484999999995,10,99.53746530989824
0.35,0.4,0.1,0.0,0.15,0.9999709774785234,-0.11733204999999997,9,99.58371877890842
0.35,0.4,0.1,0.05,0.1,0.99996268532953,-0.10879614999999992,9,99.58371877890842
0.35,0.4,0.1,0.1,0.05,0.99996268532953,-0.11833929999999987,10,99.53746530989824
0.35,0.4,0.1,0.15,0.0,0.9999336628080533,-0.14621284999999995,12,99.44495837187789
0.35,0.4,0.15,0.0,0.1,0.9999709774785234,-0.09496080000000001,12,99.44495837187789
0.35,0.4,0.15,0.05,0.05,0.9999543931805367,-0.11206729999999987,12,99.44495837187789
0.35,0.4,0.15,0.1,0.0,0.99992537065906,-0.14186394999999996,14,99.35245143385754
0.35,0.4,0.2,0.0,0.05,0.9999419549570466,-0.1413868499999999,21,99.02867715078631
0.35,0.4,0.2,0.05,0.0,0.9998963481375833,-0.17463669999999992,21,99.02867715078631
0.35,0.4,0.25,0.0,0.0,0.9998839099140934,-0.20740944999999994,24,98.88991674375578
0.35,0.45,0.0,0.0,0.2,0.9999046402865767,-0.21347989999999994,10,99.53746530989824
0.35,0.45,0.0,0.05,0.15,0.99991293243557,-0.20494399999999996,12,99.44495837187789
0.35,0.45,0.0,0.1,0.1,0.9999212245845633,-0.19640809999999992,11,99.49121184088807
0.35,0.45,0.0,0.15,0.05,0.9999170785100666,-0.18787220000000004,12,99.44495837187789
0.35,0.45,0.0,0.2,0.0,0.99988805598859,-0.1981774999999999,12,99.44495837187789
0.35,0.45,0.05,0.0,0.15,0.9999212245845633,-0.19110865,15,99.30619796484737
0.35,0.45,0.05,0.05,0.1,0.99991293243557,-0.18257275,15,99.30619796484737
0.35,0.45,0.05,0.1,0.05,0.99991293243557,-0.17403684999999997,14,99.35245143385754
0.35,0.45,0.05,0.15,0.0,0.9998922020630867,-0.1919055,16,99.25994449583719
0.35,0.45,0.1,0.0,0.1,0.99992537065906,-0.16873739999999998,18,99.16743755781684
0.35,0.45,0.1,0.05,0.05,0.9999087863610734,-0.16020149999999994,18,99.16743755781684
0.35,0.45,0.1,0.1,0.0,0.9998673256161067,-0.18563349999999995,21,99.02867715078631
0.35,0.45,0.15,0.0,0.05,0.9998797638395966,-0.15148794999999993,26,98.79740980573543
0.35,0.45,0.15,0.05,0.0,0.99985074131812,-0.17936149999999995,24,98.88991674375578
0.35,0.45,0.2,0.0,0.0,0.9998175727221467,-0.21146759999999998,30,98.61239592969473
0.35,0.5,0.0,0.0,0.15,0.9997719659026834,-0.26488525,24,98.88991674375578
0.35,0.5,0.0,0.05,0.1,0.99977611197718,-0.25634935,25,98.84366327474561
0.35,0.5,0.0,0.1,0.05,0.9997512355302,-0.24781344999999994,26,98.79740980573543
0.35,0.5,0.0,0.15,0.0,0.9997180669342267,-0.23927754999999995,27,98.75115633672526
0.35,0.5,0.05,0.0,0.1,0.99978855020067,-0.24251399999999995,31,98.56614246068455
0.35,0.5,0.05,0.05,0.05,0.9997719659026834,-0.23397809999999997,32,98.51988899167438
0.35,0.5,0.05,0.1,0.0,0.9997097747852334,-0.2313261499999999,35,98.38112858464385
0.35,0.5,0.1,0.0,0.05,0.9997553816046967,-0.22014274999999994,35,98.38112858464385
0.35,0.5,0.1,0.05,0.0,0.9997305051577167,-0.2250541499999999,35,98.38112858464385
0.35,0.5,0.15,0.0,0.0,0.99968904441275,-0.21878214999999995,42,98.05735430157262
0.35,0.55,0.0,0.0,0.1,0.99960197684832,-0.3162906,45,97.9185938945421
0.35,0.55,0.0,0.05,0.05,0.99953978573087,-0.3077547,46,97.87234042553192
0.35,0.55,0.0,0.1,0.0,0.9995066171348966,-0.2992188,51,97.64107308048104
0.35,0.55,0.05,0.0,0.05,0.9995356396563734,-0.29391935,49,97.73358001850139
0.35,0.55,0.05,0.05,0.0,0.9995024710604,-0.28538345,50,97.68732654949122
0.35,0.55,0.1,0.0,0.0,0.99946515638993,-0.27154809999999996,56,97.40980573543015
0.35,0.6,0.0,0.0,0.05,0.9992993134100634,-0.3676959499999999,61,97.17853839037927
0.35,0.6,0.0,0.05,0.0,0.9992537065906,-0.35916005,62,97.1322849213691
0.35,0.6,0.05,0.0,0.0,0.9991873693986534,-0.34532470000000004,67,96.90101757631822
0.35,0.65,0.0,0.0,0.0,0.99881836876845,-0.4191013,78,96.3922294172063
0.4,0.0,0.0,0.0,0.6,0.9998465952436233,-0.253353,15,99.30619796484737
0.4,0.0,0.0,0.05,0.55,0.9998963481375833,-0.2097481,15,99.30619796484737
0.4,0.0,0.0,0.1,0.5,0.9998839099140934,-0.1684519,12,99.44495837187789
0.4,0.0,0.0,0.15,0.45,0.9998341570201333,-0.15940535,11,99.49121184088807
0.4,0.0,0.0,0.2,0.4,0.9998424491691267,-0.1528348,11,99.49121184088807
0.4,0.0,0.0,0.25,0.35,0.9998175727221467,-0.14767254999999996,13,99.39870490286772
0.4,0.0,0.0,0.3,0.3,0.9998092805731533,-0.1649501,13,99.39870490286772
0.4,0.0,0.0,0.35,0.25,0.9997678198281866,-0.20866764999999993,13,99.39870490286772
0.4,0.0,0.0,0.4,0.2,0.99968904441275,-0.2523852000000001,15,99.30619796484737
0.4,0.0,0.0,0.45,0.15,0.9995853925503333,-0.2961027499999999,20,99.07493061979649
0.4,0.0,0.0,0.5,0.1,0.9994029652724801,-0.3398203000000001,25,98.84366327474561
0.4,0.0,0.0,0.55,0.05,0.99919151547315,-0.38353785000000007,31,98.56614246068455
0.4,0.0,0.0,0.6,0.0,0.9989220206308667,-0.441121,35,98.38112858464385
0.4,0.0,0.05,0.0,0.55,0.9999087863610734,-0.1925016,15,99.30619796484737
0.4,0.0,0.05,0.05,0.5,0.9999170785100666,-0.1488967,12,99.44495837187789
0.4,0.0,0.05,0.1,0.45,0.9999087863610734,-0.11120359999999996,11,99.49121184088807
0.4,0.0,0.05,0.15,0.4,0.99990049421208,-0.10463304999999995,9,99.58371877890842
0.4,0.0,0.05,0.2,0.35,0.9998673256161067,-0.09806249999999994,8,99.6299722479186
0.4,0.0,0.05,0.25,0.3,0.99985074131812,-0.09776645,12,99.44495837187789
0.4,0.0,0.05,0.3,0.25,0.9998424491691267,-0.14148399999999994,12,99.44495837187789
0.4,0.0,0.05,0.35,0.2,0.9997926962751666,-0.18520155,14,99.35245143385754
0.4,0.0,0.05,0.4,0.15,0.9997512355302,-0.2289191,17,99.21369102682701
0.4,0.0,0.05,0.45,0.1,0.9996600218912733,-0.27263665000000004,20,99.07493061979649
0.4,0.0,0.05,0.5,0.05,0.9994610103154333,-0.31635420000000003,25,98.84366327474561
0.4,0.0,0.05,0.55,0.0,0.99921639192013,-0.37647735000000004,28,98.70490286771508
0.4,0.0,0.1,0.0,0.5,0.99992537065906,-0.1316502,12,99.44495837187789
0.4,0.0,0.1,0.05,0.45,0.99992537065906,-0.08804530000000005,9,99.58371877890842
0.4,0.0,0.1,0.1,0.4,0.99992537065906,-0.05643129999999996,9,99.58371877890842
0.4,0.0,0.1,0.15,0.35,0.99992537065906,-0.049860749999999954,8,99.6299722479186
0.4,0.0,0.1,0.2,0.3,0.9999170785100666,-0.043290199999999945,8,99.6299722479186
0.4,0.0,0.1,0.25,0.25,0.99988805598859,-0.07430034999999996,12,99.44495837187789
0.4,0.0,0.1,0.3,0.2,0.9998839099140934,-0.11801790000000001,13,99.39870490286772
0.4,0.0,0.1,0.35,0.15,0.9998175727221467,-0.16173544999999995,14,99.35245143385754
0.4,0.0,0.1,0.4,0.1,0.9997719659026834,-0.2054530000000001,15,99.30619796484737
0.4,0.0,0.1,0.45,0.05,0.9996724601147633,-0.24917055,20,99.07493061979649
0.4,0.0,0.1,0.5,0.0,0.99947759461342,-0.3118337,24,98.88991674375578
0.4,0.0,0.15,0.0,0.45,0.9999419549570466,-0.08719255000000004,7,99.67622571692877
0.4,0.0,0.15,0.05,0.4,0.9999543931805367,-0.05249900000000002,8,99.6299722479186
0.4,0.0,0.15,0.1,0.35,0.99997512355302,-0.03341944999999996,8,99.6299722479186
0.4,0.0,0.15,0.15,0.3,0.99998756177651,-0.023745299999999914,8,99.6299722479186
0.4,0.0,0.15,0.2,0.25,0.9999709774785234,-0.027981100000000036,8,99.6299722479186
0.4,0.0,0.15,0.25,0.2,0.9999461010315434,-0.06301699999999999,12,99.44495837187789
0.4,0.0,0.15,0.3,0.15,0.9999087863610734,-0.09808639999999996,14,99.35245143385754
0.4,0.0,0.15,0.35,0.1,0.99983830309463,-0.1382693499999999,14,99.35245143385754
0.4,0.0,0.15,0.4,0.05,0.99977611197718,-0.18198690000000006,15,99.30619796484737
0.4,0.0,0.15,0.45,0.0,0.9996848983382534,-0.24719005,19,99.12118408880666
0.4,0.0,0.2,0.0,0.4,0.9999709774785234,-0.07939040000000003,6,99.72247918593895
0.4,0.0,0.2,0.05,0.35,0.99997512355302,-0.04469685000000001,6,99.72247918593895
0.4,0.0,0.2,0.1,0.3,0.9999834157020133,-0.031647299999999934,6,99.72247918593895
0.4,0.0,0.2,0.15,0.25,0.99998756177651,-0.021973149999999997,8,99.6299722479186
0.4,0.0,0.2,0.2,0.2,0.9999834157020133,-0.01841100000000001,9,99.58371877890842
0.4,0.0,0.2,0.25,0.15,0.9999585392550333,-0.05348040000000004,13,99.39870490286772
0.4,0.0,0.2,0.3,0.1,0.99988805598859,-0.08854980000000001,13,99.39870490286772
0.4,0.0,0.2,0.35,0.05,0.9998548873926166,-0.12361919999999998,13,99.39870490286772
0.4,0.0,0.2,0.4,0.0,0.9997595276791933,-0.1827142,15,99.30619796484737
0.4,0.0,0.25,0.0,0.35,0.99997512355302,-0.07158824999999996,6,99.72247918593895
0.4,0.0,0.25,0.05,0.3,0.9999792696275167,-0.039549299999999954,6,99.72247918593895
0.4,0.0,0.25,0.1,0.25,0.9999834157020133,-0.029875150000000017,6,99.72247918593895
0.4,0.0,0.25,0.15,0.2,0.99998756177651,-0.02020099999999997,7,99.67622571692877
0.4,0.0,0.25,0.2,0.15,0.9999834157020133,-0.01301914999999998,8,99.6299722479186
0.4,0.0,0.25,0.25,0.1,0.9999585392550333,-0.04394380000000003,12,99.44495837187789
0.4,0.0,0.25,0.3,0.05,0.99990049421208,-0.09661969999999992,13,99.39870490286772
0.4,0.0,0.25,0.35,0.0,0.9998424491691267,-0.15516709999999995,14,99.35245143385754
0.4,0.0,0.3,0.0,0.3,0.99997512355302,-0.06378609999999996,5,99.76873265494912
0.4,0.0,0.3,0.05,0.25,0.9999834157020133,-0.037777149999999926,5,99.76873265494912
0.4,0.0,0.3,0.1,0.2,0.9999834157020133,-0.028102999999999934,5,99.76873265494912
0.4,0.0,0.3,0.15,0.15,0.9999792696275167,-0.024269949999999985,5,99.76873265494912
0.4,0.0,0.3,0.2,0.1,0.99997512355302,-0.04330430000000002,6,99.72247918593895
0.4,0.0,0.3,0.25,0.05,0.9999461010315434,-0.08867959999999991,9,99.58371877890842
0.4,0.0,0.3,0.3,0.0,0.9998839099140934,-0.14791760000000004,11,99.49121184088807
0.4,0.0,0.35,0.0,0.25,0.99996268532953,-0.05598394999999995,2,99.90749306197965
0.4,0.0,0.35,0.05,0.2,0.9999709774785234,-0.04583590000000004,3,99.86123959296947
0.4,0.0,0.35,0.1,0.15,0.9999792696275167,-0.06487024999999996,4,99.81498612395929
0.4,0.0,0.35,0.15,0.1,0.9999709774785234,-0.08390459999999994,5,99.76873265494912
0.4,0.0,0.35,0.2,0.05,0.99996268532953,-0.10547364999999997,5,99.76873265494912
0.4,0.0,0.35,0.25,0.0,0.99992537065906,-0.14560789999999996,8,99.6299722479186
0.4,0.0,0.4,0.0,0.2,0.99992537065906,-0.08643620000000007,3,99.86123959296947
0.4,0.0,0.4,0.05,0.15,0.99993780888255,-0.10606305000000005,4,99.81498612395929
0.4,0.0,0.4,0.1,0.1,0.99993780888255,-0.1288837000000001,4,99.81498612395929
0.4,0.0,0.4,0.15,0.05,0.9999461010315434,-0.15170435000000004,4,99.81498612395929
0.4,0.0,0.4,0.2,0.0,0.99992537065906,-0.17452499999999999,6,99.72247918593895
0.4,0.0,0.45,0.0,0.15,0.9998797638395966,-0.15229375000000006,6,99.72247918593895
0.4,0.0,0.45,0.05,0.1,0.9998922020630867,-0.17511440000000006,5,99.76873265494912
0.4,0.0,0.45,0.1,0.05,0.9998922020630867,-0.19793505000000006,6,99.72247918593895
0.4,0.0,0.45,0.15,0.0,0.9998756177651,-0.22075570000000005,8,99.6299722479186
0.4,0.0,0.5,0.0,0.1,0.99982586487114,-0.22239950000000008,14,99.35245143385754
0.4,0.0,0.5,0.05,0.05,0.99982586487114,-0.24416575000000001,15,99.30619796484737
0.4,0.0,0.5,0.1,0.0,0.9997968423496634,-0.26698640000000007,13,99.39870490286772
0.4,0.0,0.55,0.0,0.05,0.9997180669342267,-0.29744945000000006,18,99.16743755781684
0.4,0.0,0.55,0.05,0.0,0.9997180669342267,-0.3132171,18,99.16743755781684
0.4,0.0,0.6,0.0,0.0,0.99955222395436,-0.3724994,24,98.88991674375578
0.4,0.05,0.0,0.0,0.55,0.9999170785100666,-0.19956469999999998,15,99.30619796484737
0.4,0.05,0.0,0.05,0.5,0.9999212245845633,-0.16797474999999995,12,99.44495837187789
0.4,0.05,0.0,0.1,0.45,0.9999336628080533,-0.13866759999999995,11,99.49121184088807
0.4,0.05,0.0,0.15,0.4,0.9999170785100666,-0.13209704999999994,9,99.58371877890842
0.4,0.05,0.0,0.2,0.35,0.9998797638395966,-0.12552649999999999,8,99.6299722479186
0.4,0.05,0.0,0.25,0.3,0.9998590334671134,-0.12004174999999995,12,99.44495837187789
0.4,0.05,0.0,0.3,0.25,0.9998424491691267,-0.13045435,12,99.44495837187789
0.4,0.05,0.0,0.35,0.2,0.99980098842416,-0.1741719,13,99.39870490286772
0.4,0.05,0.0,0.4,0.15,0.9997512355302,-0.21788945000000004,14,99.35245143385754
0.4,0.05,0.0,0.45,0.1,0.9996600218912733,-0.2616070000000001,20,99.07493061979649
0.4,0.05,0.0,0.5,0.05,0.9994568642409367,-0.30532455,26,98.79740980573543
0.4,0.05,0.0,0.55,0.0,0.9992205379946267,-0.36194325000000005,29,98.6586493987049
0.4,0.05,0.05,0.0,0.5,0.9999419549570466,-0.13876239999999995,12,99.44495837187789
0.4,0.05,0.05,0.05,0.45,0.9999461010315434,-0.10717244999999997,9,99.58371877890842
0.4,0.05,0.05,0.1,0.4,0.99995024710604,-0.08389529999999995,8,99.6299722479186
0.4,0.05,0.05,0.15,0.35,0.9999419549570466,-0.07732474999999994,8,99.6299722479186
0.4,0.05,0.05,0.2,0.3,0.99993780888255,-0.07075419999999993,8,99.6299722479186
0.4,0.05,0.05,0.25,0.25,0.9998963481375833,-0.07034825000000006,12,99.44495837187789
0.4,0.05,0.05,0.3,0.2,0.9998839099140934,-0.10698825000000001,13,99.39870490286772
0.4,0.05,0.05,0.35,0.15,0.99981342664765,-0.1507058,13,99.39870490286772
0.4,0.05,0.05,0.4,0.1,0.9997553816046967,-0.19442335000000005,15,99.30619796484737
0.4,0.05,0.05,0.45,0.05,0.9996558758167767,-0.23814090000000004,20,99.07493061979649
0.4,0.05,0.05,0.5,0.0,0.99946515638993,-0.29729959999999994,25,98.84366327474561
0.4,0.05,0.1,0.0,0.45,0.9999419549570466,-0.07796009999999998,8,99.6299722479186
0.4,0.05,0.1,0.05,0.4,0.9999585392550333,-0.04637014999999994,8,99.6299722479186
0.4,0.05,0.1,0.1,0.35,0.9999792696275167,-0.029122999999999954,8,99.6299722479186
0.4,0.05,0.1,0.15,0.3,0.99998756177651,-0.022552449999999946,8,99.6299722479186
0.4,0.05,0.1,0.2,0.25,0.9999792696275167,-0.027361150000000056,8,99.6299722479186
0.4,0.05,0.1,0.25,0.2,0.99995024710604,-0.06081165000000005,12,99.44495837187789
0.4,0.05,0.1,0.3,0.15,0.99991293243557,-0.09588105000000002,13,99.39870490286772
0.4,0.05,0.1,0.35,0.1,0.9998465952436233,-0.13095045000000005,13,99.39870490286772
0.4,0.05,0.1,0.4,0.05,0.9997802580516767,-0.17095725000000006,15,99.30619796484737
0.4,0.05,0.1,0.45,0.0,0.9996724601147633,-0.23265595000000006,20,99.07493061979649
0.4,0.05,0.15,0.0,0.4,0.9999834157020133,-0.03468579999999999,6,99.72247918593895
0.4,0.05,0.15,0.05,0.35,1.0,7.750000000028567e-06,6,99.72247918593895
0.4,0.05,0.15,0.1,0.3,1.0,0.014328500000000077,7,99.67622571692877
0.4,0.05,0.15,0.15,0.25,1.0,0.013277250000000018,8,99.6299722479186
0.4,0.05,0.15,0.2,0.2,0.9999917078510067,-0.016561649999999983,9,99.58371877890842
0.4,0.05,0.15,0.25,0.15,0.9999709774785234,-0.051275050000000044,13,99.39870490286772
0.4,0.05,0.15,0.3,0.1,0.9999087863610734,-0.08634445000000002,13,99.39870490286772
0.4,0.05,0.15,0.35,0.05,0.9998714716906033,-0.12141384999999999,13,99.39870490286772
0.4,0.05,0.15,0.4,0.0,0.9997802580516767,-0.17700440000000006,15,99.30619796484737
0.4,0.05,0.2,0.0,0.35,0.9999917078510067,-0.02688364999999998,6,99.72247918593895
0.4,0.05,0.2,0.05,0.3,1.0,0.006426500000000057,6,99.72247918593895
0.4,0.05,0.2,0.1,0.25,1.0,0.01610065000000005,6,99.72247918593895
0.4,0.05,0.2,0.15,0.2,1.0,0.02407675000000009,7,99.67622571692877
0.4,0.05,0.2,0.2,0.15,0.9999917078510067,-0.00666905000000001,8,99.6299722479186
0.4,0.05,0.2,0.25,0.1,0.9999792696275167,-0.04173845000000004,12,99.44495837187789
0.4,0.05,0.2,0.3,0.05,0.99991293243557,-0.09727589999999992,13,99.39870490286772
0.4,0.05,0.2,0.35,0.0,0.9998673256161067,-0.1558233,14,99.35245143385754
0.4,0.05,0.25,0.0,0.3,0.9999917078510067,-0.019081499999999973,4,99.81498612395929
0.4,0.05,0.25,0.05,0.25,1.0,0.008198649999999974,4,99.81498612395929
0.4,0.05,0.25,0.1,0.2,1.0,0.017872800000000022,4,99.81498612395929
0.4,0.05,0.25,0.15,0.15,1.0,0.020429699999999995,5,99.76873265494912
0.4,0.05,0.25,0.2,0.1,0.9999917078510067,-0.03078840000000005,5,99.76873265494912
0.4,0.05,0.25,0.25,0.05,0.9999585392550333,-0.08933579999999997,8,99.6299722479186
0.4,0.05,0.25,0.3,0.0,0.99990049421208,-0.14788319999999994,12,99.44495837187789
0.4,0.05,0.3,0.0,0.25,0.9999958539255034,-0.011279349999999966,2,99.90749306197965
0.4,0.05,0.3,0.05,0.2,0.9999958539255034,-0.0011362499999999498,1,99.95374653098983
0.4,0.05,0.3,0.1,0.15,0.9999958539255034,-0.020170599999999927,2,99.90749306197965
0.4,0.05,0.3,0.15,0.1,0.99998756177651,-0.03920494999999996,4,99.81498612395929
0.4,0.05,0.3,0.2,0.05,0.9999834157020133,-0.08139569999999996,5,99.76873265494912
0.4,0.05,0.3,0.25,0.0,0.99995024710604,-0.13994309999999988,8,99.6299722479186
0.4,0.05,0.35,0.0,0.2,0.99997512355302,-0.04173655000000004,2,99.90749306197965
0.4,0.05,0.35,0.05,0.15,0.9999792696275167,-0.06077090000000007,4,99.81498612395929
0.4,0.05,0.35,0.1,0.1,0.9999834157020133,-0.07980524999999994,4,99.81498612395929
0.4,0.05,0.35,0.15,0.05,0.9999792696275167,-0.09883959999999997,3,99.86123959296947
0.4,0.05,0.35,0.2,0.0,0.9999585392550333,-0.13200300000000004,6,99.72247918593895
0.4,0.05,0.4,0.0,0.15,0.99993780888255,-0.10605185,6,99.72247918593895
0.4,0.05,0.4,0.05,0.1,0.99995024710604,-0.12040555000000003,5,99.76873265494912
0.4,0.05,0.4,0.1,0.05,0.99995024710604,-0.1394399,6,99.72247918593895
0.4,0.05,0.4,0.15,0.0,0.9999419549570466,-0.15847425000000004,6,99.72247918593895
0.4,0.05,0.45,0.0,0.1,0.9998839099140934,-0.18110180000000003,8,99.6299722479186
0.4,0.05,0.45,0.05,0.05,0.99988805598859,-0.18004020000000004,7,99.67622571692877
0.4,0.05,0.45,0.1,0.0,0.99990049421208,-0.20022325000000007,8,99.6299722479186
0.4,0.05,0.5,0.0,0.05,0.9998341570201333,-0.2561517499999999,15,99.30619796484737
0.4,0.05,0.5,0.05,0.0,0.9997968423496634,-0.24988854999999993,16,99.25994449583719
0.4,0.05,0.55,0.0,0.0,0.9996931904872467,-0.33120170000000004,21,99.02867715078631
0.4,0.1,0.0,0.0,0.5,0.99993780888255,-0.16749759999999997,11,99.49121184088807
0.4,0.1,0.0,0.05,0.45,0.9999419549570466,-0.13590765,9,99.58371877890842
0.4,0.1,0.0,0.1,0.4,0.9999419549570466,-0.1113593,8,99.6299722479186
0.4,0.1,0.0,0.15,0.35,0.99993780888255,-0.10478874999999999,8,99.6299722479186
0.4,0.1,0.0,0.2,0.3,0.9999295167335567,-0.09821819999999992,8,99.6299722479186
0.4,0.1,0.0,0.25,0.25,0.9999046402865767,-0.09241094999999999,12,99.44495837187789
0.4,0.1,0.0,0.3,0.2,0.9998839099140934,-0.10321229999999998,13,99.39870490286772
0.4,0.1,0.0,0.35,0.15,0.9998300109456366,-0.13967614999999994,13,99.39870490286772
0.4,0.1,0.0,0.4,0.1,0.9997553816046967,-0.18339370000000005,14,99.35245143385754
0.4,0.1,0.0,0.45,0.05,0.9996434375932867,-0.22711125,20,99.07493061979649
0.4,0.1,0.0,0.5,0.0,0.99949003283691,-0.2827655,25,98.84366327474561
0.4,0.1,0.05,0.0,0.45,0.99995024710604,-0.10669529999999999,8,99.6299722479186
0.4,0.1,0.05,0.05,0.4,0.99996268532953,-0.07510534999999996,8,99.6299722479186
0.4,0.1,0.05,0.1,0.35,0.9999709774785234,-0.05658699999999994,8,99.6299722479186
0.4,0.1,0.05,0.15,0.3,0.99997512355302,-0.050016449999999935,8,99.6299722479186
0.4,0.1,0.05,0.2,0.25,0.9999668314040266,-0.04344590000000004,8,99.6299722479186
0.4,0.1,0.05,0.25,0.2,0.9999419549570466,-0.0586063,12,99.44495837187789
0.4,0.1,0.05,0.3,0.15,0.9999046402865767,-0.09367569999999997,13,99.39870490286772
0.4,0.1,0.05,0.35,0.1,0.9998548873926166,-0.1287451,13,99.39870490286772
0.4,0.1,0.05,0.4,0.05,0.99976367375369,-0.16381449999999997,15,99.30619796484737
0.4,0.1,0.05,0.45,0.0,0.9996434375932867,-0.21812185,19,99.12118408880666
0.4,0.1,0.1,0.0,0.4,0.99998756177651,-0.04589299999999996,6,99.72247918593895
0.4,0.1,0.1,0.05,0.35,0.9999917078510067,-0.014303049999999928,6,99.72247918593895
0.4,0.1,0.1,0.1,0.3,0.9999958539255034,-0.001814699999999947,7,99.67622571692877
0.4,0.1,0.1,0.15,0.25,1.0,0.004755850000000006,8,99.6299722479186
0.4,0.1,0.1,0.2,0.2,0.9999917078510067,-0.015941700000000003,9,99.58371877890842
0.4,0.1,0.1,0.25,0.15,0.9999709774785234,-0.04906970000000005,12,99.44495837187789
0.4,0.1,0.1,0.3,0.1,0.9999212245845633,-0.08413910000000002,13,99.39870490286772
0.4,0.1,0.1,0.35,0.05,0.9998714716906033,-0.11920850000000005,14,99.35245143385754
0.4,0.1,0.1,0.4,0.0,0.9997844041261733,-0.17129460000000002,15,99.30619796484737
0.4,0.1,0.15,0.0,0.35,1.0,0.014909300000000014,6,99.72247918593895
0.4,0.1,0.15,0.05,0.3,1.0,0.04638705000000004,6,99.72247918593895
0.4,0.1,0.15,0.1,0.25,1.0,0.05295759999999994,6,99.72247918593895
0.4,0.1,0.15,0.15,0.2,1.0,0.024696700000000016,7,99.67622571692877
0.4,0.1,0.15,0.2,0.15,0.9999917078510067,-0.005142200000000041,7,99.67622571692877
0.4,0.1,0.15,0.25,0.1,0.9999834157020133,-0.03953310000000004,12,99.44495837187789
0.4,0.1,0.15,0.3,0.05,0.99992537065906,-0.09793209999999991,13,99.39870490286772
0.4,0.1,0.15,0.35,0.0,0.9998756177651,-0.15647949999999994,14,99.35245143385754
0.4,0.1,0.2,0.0,0.3,1.0,0.02562310000000001,4,99.81498612395929
0.4,0.1,0.2,0.05,0.25,1.0,0.05417444999999993,4,99.81498612395929
0.4,0.1,0.2,0.1,0.2,1.0,0.06384859999999998,4,99.81498612395929
0.4,0.1,0.2,0.15,0.15,1.0,0.027102799999999927,4,99.81498612395929
0.4,0.1,0.2,0.2,0.1,0.9999958539255034,-0.0314446000000001,5,99.76873265494912
0.4,0.1,0.2,0.25,0.05,0.9999668314040266,-0.08999200000000002,8,99.6299722479186
0.4,0.1,0.2,0.3,0.0,0.9999170785100666,-0.14853940000000004,11,99.49121184088807
0.4,0.1,0.25,0.0,0.25,1.0,0.03342525000000002,1,99.95374653098983
0.4,0.1,0.25,0.05,0.2,1.0,0.043563399999999974,1,99.95374653098983
0.4,0.1,0.25,0.1,0.15,1.0,0.024529049999999997,1,99.95374653098983
0.4,0.1,0.25,0.15,0.1,0.9999958539255034,-0.02350450000000004,2,99.90749306197965
0.4,0.1,0.25,0.2,0.05,0.99998756177651,-0.08205190000000001,4,99.81498612395929
0.4,0.1,0.25,0.25,0.0,0.9999543931805367,-0.14059929999999998,8,99.6299722479186
0.4,0.1,0.3,0.0,0.2,1.0,0.002963100000000052,1,99.95374653098983
0.4,0.1,0.3,0.05,0.15,0.9999958539255034,-0.01607124999999998,2,99.90749306197965
0.4,0.1,0.3,0.1,0.1,0.9999917078510067,-0.03510559999999996,3,99.86123959296947
0.4,0.1,0.3,0.15,0.05,0.9999834157020133,-0.07411179999999995,3,99.86123959296947
0.4,0.1,0.3,0.2,0.0,0.9999668314040266,-0.13265919999999998,6,99.72247918593895
0.4,0.1,0.35,0.0,0.15,0.99997512355302,-0.06475415000000001,3,99.86123959296947
0.4,0.1,0.35,0.05,0.1,0.99997512355302,-0.07570590000000005,4,99.81498612395929
0.4,0.1,0.35,0.1,0.05,0.9999709774785234,-0.09474024999999997,4,99.81498612395929
0.4,0.1,0.35,0.15,0.0,0.9999709774785234,-0.12471910000000003,4,99.81498612395929
0.4,0.1,0.4,0.0,0.1,0.99995024710604,-0.13980410000000004,7,99.67622571692877
0.4,0.1,0.4,0.05,0.05,0.9999461010315434,-0.13534055,6,99.72247918593895
0.4,0.1,0.4,0.1,0.0,0.99993780888255,-0.15437490000000004,6,99.72247918593895
0.4,0.1,0.45,0.0,0.05,0.9998714716906033,-0.21485405000000002,12,99.44495837187789
0.4,0.1,0.45,0.05,0.0,0.9998673256161067,-0.20859085000000005,11,99.49121184088807
0.4,0.1,0.5,0.0,0.0,0.9997678198281866,-0.28990400000000005,19,99.12118408880666
0.4,0.15,0.0,0.0,0.45,0.99995024710604,-0.13543049999999995,8,99.6299722479186
0.4,0.15,0.0,0.05,0.4,0.9999668314040266,-0.10384054999999992,8,99.6299722479186
0.4,0.15,0.0,0.1,0.35,0.9999709774785234,-0.08405099999999999,8,99.6299722479186
0.4,0.15,0.0,0.15,0.3,0.9999709774785234,-0.07748044999999992,8,99.6299722479186
0.4,0.15,0.0,0.2,0.25,0.9999543931805367,-0.07090989999999997,8,99.6299722479186
0.4,0.15,0.0,0.25,0.2,0.99993780888255,-0.06478015000000009,11,99.49121184088807
0.4,0.15,0.0,0.3,0.15,0.9998963481375833,-0.09147035000000003,13,99.39870490286772
0.4,0.15,0.0,0.35,0.1,0.9998341570201333,-0.12653975000000006,12,99.44495837187789
0.4,0.15,0.0,0.4,0.05,0.9997305051577167,-0.1616091500000001,14,99.35245143385754
0.4,0.15,0.0,0.45,0.0,0.9996309993697967,-0.20765080000000002,23,98.93617021276596
0.4,0.15,0.05,0.0,0.4,0.9999709774785234,-0.07462819999999992,6,99.72247918593895
0.4,0.15,0.05,0.05,0.35,0.99997512355302,-0.04303824999999989,6,99.72247918593895
0.4,0.15,0.05,0.1,0.3,0.9999834157020133,-0.029278699999999935,7,99.67622571692877
0.4,0.15,0.05,0.15,0.25,0.99998756177651,-0.022708149999999927,8,99.6299722479186
0.4,0.15,0.05,0.2,0.2,0.9999834157020133,-0.016137599999999974,9,99.58371877890842
0.4,0.15,0.05,0.25,0.15,0.9999709774785234,-0.046864350000000055,11,99.49121184088807
0.4,0.15,0.05,0.3,0.1,0.9999212245845633,-0.08193375000000003,12,99.44495837187789
0.4,0.15,0.05,0.35,0.05,0.9998756177651,-0.11700315,14,99.35245143385754
0.4,0.15,0.05,0.4,0.0,0.9997595276791933,-0.1655848000000001,15,99.30619796484737
0.4,0.15,0.1,0.0,0.35,0.9999958539255034,-0.013825899999999947,6,99.72247918593895
0.4,0.15,0.1,0.05,0.3,1.0,0.017764050000000087,6,99.72247918593895
0.4,0.15,0.1,0.1,0.25,1.0,0.025493600000000005,6,99.72247918593895
0.4,0.15,0.1,0.15,0.2,1.0,0.025316649999999996,7,99.67622571692877
0.4,0.15,0.1,0.2,0.15,0.9999917078510067,-0.004522250000000061,7,99.67622571692877
0.4,0.15,0.1,0.25,0.1,0.9999834157020133,-0.04004089999999999,10,99.53746530989824
0.4,0.15,0.1,0.3,0.05,0.9999336628080533,-0.0985882999999999,13,99.39870490286772
0.4,0.15,0.1,0.35,0.0,0.9998714716906033,-0.1571357,14,99.35245143385754
0.4,0.15,0.15,0.0,0.3,1.0,0.046976400000000085,3,99.86123959296947
0.4,0.15,0.15,0.05,0.25,1.0,0.07369535000000005,4,99.81498612395929
0.4,0.15,0.15,0.1,0.2,1.0,0.0659550499999999,4,99.81498612395929
0.4,0.15,0.15,0.15,0.15,1.0,0.02644659999999993,4,99.81498612395929
0.4,0.15,0.15,0.2,0.1,0.9999958539255034,-0.032100800000000096,4,99.81498612395929
0.4,0.15,0.15,0.25,0.05,0.9999668314040266,-0.09064819999999996,7,99.67622571692877
0.4,0.15,0.15,0.3,0.0,0.9999212245845633,-0.14919559999999998,11,99.49121184088807
0.4,0.15,0.2,0.0,0.25,1.0,0.07812985,1,99.95374653098983
0.4,0.15,0.2,0.05,0.2,1.0,0.08826304999999995,1,99.95374653098983
0.4,0.15,0.2,0.1,0.15,1.0,0.03438669999999994,1,99.95374653098983
0.4,0.15,0.2,0.15,0.1,0.9999958539255034,-0.024160700000000035,2,99.90749306197965
0.4,0.15,0.2,0.2,0.05,0.9999917078510067,-0.0827081,2,99.90749306197965
0.4,0.15,0.2,0.25,0.0,0.99996268532953,-0.1412555000000001,8,99.6299722479186
0.4,0.15,0.25,0.0,0.2,1.0,0.047662749999999976,2,99.90749306197965
0.4,0.15,0.25,0.05,0.15,1.0,0.028628399999999943,2,99.90749306197965
0.4,0.15,0.25,0.1,0.1,0.9999958539255034,-0.016220600000000085,3,99.86123959296947
0.4,0.15,0.25,0.15,0.05,0.99998756177651,-0.074768,3,99.86123959296947
0.4,0.15,0.25,0.2,0.0,0.99997512355302,-0.13331540000000008,5,99.76873265494912
0.4,0.15,0.3,0.0,0.15,0.9999917078510067,-0.023456449999999907,2,99.90749306197965
0.4,0.15,0.3,0.05,0.1,0.99998756177651,-0.031006250000000013,3,99.86123959296947
0.4,0.15,0.3,0.1,0.05,0.9999792696275167,-0.0668279,4,99.81498612395929
0.4,0.15,0.3,0.15,0.0,0.9999709774785234,-0.12537530000000002,4,99.81498612395929
0.4,0.15,0.35,0.0,0.1,0.9999668314040266,-0.0985064,6,99.72247918593895
0.4,0.15,0.35,0.05,0.05,0.9999668314040266,-0.09224319999999997,5,99.76873265494912
0.4,0.15,0.35,0.1,0.0,0.9999585392550333,-0.11743520000000002,5,99.76873265494912
0.4,0.15,0.4,0.0,0.05,0.99992537065906,-0.17355634999999997,10,99.53746530989824
0.4,0.15,0.4,0.05,0.0,0.99992537065906,-0.16729315,9,99.58371877890842
0.4,0.15,0.45,0.0,0.0,0.99983830309463,-0.2486063,15,99.30619796484737
0.4,0.2,0.0,0.0,0.4,0.9999709774785234,-0.1033634,6,99.72247918593895
0.4,0.2,0.0,0.05,0.35,0.99997512355302,-0.07177344999999996,6,99.72247918593895
0.4,0.2,0.0,0.1,0.3,0.99997512355302,-0.05674269999999998,7,99.67622571692877
0.4,0.2,0.0,0.15,0.25,0.99997512355302,-0.05017215000000008,8,99.6299722479186
0.4,0.2,0.0,0.2,0.2,0.9999709774785234,-0.043601600000000074,9,99.58371877890842
0.4,0.2,0.0,0.25,0.15,0.9999543931805367,-0.044659000000000004,11,99.49121184088807
0.4,0.2,0.0,0.3,0.1,0.99991293243557,-0.07972839999999998,13,99.39870490286772
0.4,0.2,0.0,0.35,0.05,0.9998548873926166,-0.11479779999999995,14,99.35245143385754
0.4,0.2,0.0,0.4,0.0,0.9997222130087233,-0.165732,18,99.16743755781684
0.4,0.2,0.05,0.0,0.35,0.9999917078510067,-0.04256109999999996,6,99.72247918593895
0.4,0.2,0.05,0.05,0.3,0.9999917078510067,-0.01097114999999993,6,99.72247918593895
0.4,0.2,0.05,0.1,0.25,0.9999958539255034,-0.0019703999999999278,6,99.72247918593895
0.4,0.2,0.05,0.15,0.2,1.0,0.0046001499999999695,7,99.67622571692877
0.4,0.2,0.05,0.2,0.15,0.9999917078510067,-0.0039022999999999697,7,99.67622571692877
0.4,0.2,0.05,0.25,0.1,0.9999834157020133,-0.040697099999999986,10,99.53746530989824
0.4,0.2,0.05,0.3,0.05,0.9999336628080533,-0.09924449999999985,14,99.35245143385754
0.4,0.2,0.05,0.35,0.0,0.9998590334671134,-0.15779189999999993,15,99.30619796484737
0.4,0.2,0.1,0.0,0.3,1.0,0.018241200000000013,3,99.86123959296947
0.4,0.2,0.1,0.05,0.25,1.0,0.046231350000000004,4,99.81498612395929
0.4,0.2,0.1,0.1,0.2,1.0,0.05280189999999996,4,99.81498612395929
0.4,0.2,0.1,0.15,0.15,1.0,0.02579039999999999,4,99.81498612395929
0.4,0.2,0.1,0.2,0.1,0.9999958539255034,-0.032757000000000036,4,99.81498612395929
0.4,0.2,0.1,0.25,0.05,0.9999709774785234,-0.09130439999999995,7,99.67622571692877
0.4,0.2,0.1,0.3,0.0,0.9999212245845633,-0.14985179999999992,11,99.49121184088807
0.4,0.2,0.15,0.0,0.25,1.0,0.07904349999999993,1,99.95374653098983
0.4,0.2,0.15,0.05,0.2,1.0,0.08606814999999995,1,99.95374653098983
0.4,0.2,0.15,0.1,0.15,1.0,0.0337305,1,99.95374653098983
0.4,0.2,0.15,0.15,0.1,0.9999958539255034,-0.024816899999999975,1,99.95374653098983
0.4,0.2,0.15,0.2,0.05,0.9999958539255034,-0.08336429999999995,2,99.90749306197965
0.4,0.2,0.15,0.25,0.0,0.9999543931805367,-0.14191169999999986,6,99.72247918593895
0.4,0.2,0.2,0.0,0.2,1.0,0.09236239999999996,2,99.90749306197965
0.4,0.2,0.2,0.05,0.15,1.0,0.0416706,2,99.90749306197965
0.4,0.2,0.2,0.1,0.1,0.9999958539255034,-0.016876800000000025,2,99.90749306197965
0.4,0.2,0.2,0.15,0.05,0.9999958539255034,-0.07542419999999994,3,99.86123959296947
0.4,0.2,0.2,0.2,0.0,0.9999792696275167,-0.13397160000000002,5,99.76873265494912
0.4,0.2,0.25,0.0,0.15,1.0,0.01784125000000003,2,99.90749306197965
0.4,0.2,0.25,0.05,0.1,0.9999958539255034,-0.008936699999999964,2,99.90749306197965
0.4,0.2,0.25,0.1,0.05,0.99998756177651,-0.06748409999999994,4,99.81498612395929
0.4,0.2,0.25,0.15,0.0,0.9999792696275167,-0.12603149999999996,5,99.76873265494912
0.4,0.2,0.3,0.0,0.1,0.9999834157020133,-0.0572087,4,99.81498612395929
0.4,0.2,0.3,0.05,0.05,0.9999834157020133,-0.06454824999999992,5,99.76873265494912
0.4,0.2,0.3,0.1,0.0,0.99997512355302,-0.11809139999999996,5,99.76873265494912
0.4,0.2,0.35,0.0,0.05,0.9999585392550333,-0.13225864999999998,7,99.67622571692877
0.4,0.2,0.35,0.05,0.0,0.9999461010315434,-0.13057084999999996,7,99.67622571692877
0.4,0.2,0.4,0.0,0.0,0.99988805598859,-0.2073086,15,99.30619796484737
0.4,0.25,0.0,0.0,0.35,0.9999668314040266,-0.07129629999999998,8,99.6299722479186
0.4,0.25,0.0,0.05,0.3,0.9999709774785234,-0.039706349999999946,8,99.6299722479186
0.4,0.25,0.0,0.1,0.25,0.9999792696275167,-0.02943439999999997,7,99.67622571692877
0.4,0.25,0.0,0.15,0.2,0.9999917078510067,-0.02286385000000002,9,99.58371877890842
0.4,0.25,0.0,0.2,0.15,0.99998756177651,-0.01629330000000001,9,99.58371877890842
0.4,0.25,0.0,0.25,0.1,0.99996268532953,-0.04135330000000004,12,99.44495837187789
0.4,0.25,0.0,0.3,0.05,0.99992537065906,-0.09990069999999995,15,99.30619796484737
0.4,0.25,0.0,0.35,0.0,0.9998465952436233,-0.15844809999999993,19,99.12118408880666
0.4,0.25,0.05,0.0,0.3,0.9999917078510067,-0.010493999999999948,4,99.81498612395929
0.4,0.25,0.05,0.05,0.25,1.0,0.006012400000000029,3,99.86123959296947
0.4,0.25,0.05,0.1,0.2,1.0,0.01454830000000007,4,99.81498612395929
0.4,0.25,0.05,0.15,0.15,1.0,0.019686599999999943,6,99.72247918593895
0.4,0.25,0.05,0.2,0.1,0.9999917078510067,-0.03341320000000003,6,99.72247918593895
0.4,0.25,0.05,0.25,0.05,0.9999668314040266,-0.09196059999999989,8,99.6299722479186
0.4,0.25,0.05,0.3,0.0,0.9999087863610734,-0.15050799999999998,14,99.35245143385754
0.4,0.25,0.1,0.0,0.25,1.0,0.019847750000000053,2,99.90749306197965
0.4,0.25,0.1,0.05,0.2,1.0,0.028383650000000094,2,99.90749306197965
0.4,0.25,0.1,0.1,0.15,1.0,0.033074299999999945,2,99.90749306197965
0.4,0.25,0.1,0.15,0.1,0.9999958539255034,-0.025473100000000026,2,99.90749306197965
0.4,0.25,0.1,0.2,0.05,0.99998756177651,-0.0840205,3,99.86123959296947
0.4,0.25,0.1,0.25,0.0,0.99993780888255,-0.14256789999999997,7,99.67622571692877
0.4,0.25,0.15,0.0,0.2,1.0,0.042219000000000007,3,99.86123959296947
0.4,0.25,0.15,0.05,0.15,1.0,0.041014400000000006,3,99.86123959296947
0.4,0.25,0.15,0.1,0.1,0.9999958539255034,-0.01753300000000002,3,99.86123959296947
0.4,0.25,0.15,0.15,0.05,0.99998756177651,-0.07608039999999994,3,99.86123959296947
0.4,0.25,0.15,0.2,0.0,0.9999668314040266,-0.13462779999999996,7,99.67622571692877
0.4,0.25,0.2,0.0,0.15,1.0,0.030666050000000056,3,99.86123959296947
0.4,0.25,0.2,0.05,0.1,0.9999917078510067,-0.009592900000000015,3,99.86123959296947
0.4,0.25,0.2,0.1,0.05,0.99998756177651,-0.06814029999999999,4,99.81498612395929
0.4,0.25,0.2,0.15,0.0,0.99997512355302,-0.12668770000000007,6,99.72247918593895
0.4,0.25,0.25,0.0,0.1,0.99998756177651,-0.03535654999999999,4,99.81498612395929
0.4,0.25,0.25,0.05,0.05,0.9999792696275167,-0.0686063999999999,5,99.76873265494912
0.4,0.25,0.25,0.1,0.0,0.9999709774785234,-0.11874760000000001,5,99.76873265494912
0.4,0.25,0.3,0.0,0.05,0.9999834157020133,-0.10137914999999992,8,99.6299722479186
0.4,0.25,0.3,0.05,0.0,0.99996268532953,-0.13462899999999994,8,99.6299722479186
0.4,0.25,0.35,0.0,0.0,0.9999046402865767,-0.16740174999999996,14,99.35245143385754
0.4,0.3,0.0,0.0,0.3,0.9999792696275167,-0.07630009999999993,6,99.72247918593895
0.4,0.3,0.0,0.05,0.25,0.9999792696275167,-0.06776419999999989,5,99.76873265494912
0.4,0.3,0.0,0.1,0.2,0.99998756177651,-0.0592282999999999,6,99.72247918593895
0.4,0.3,0.0,0.15,0.15,0.9999834157020133,-0.050692400000000026,6,99.72247918593895
0.4,0.3,0.0,0.2,0.1,0.99997512355302,-0.045034399999999974,5,99.76873265494912
0.4,0.3,0.0,0.25,0.05,0.9999585392550333,-0.09261679999999994,8,99.6299722479186
0.4,0.3,0.0,0.3,0.0,0.99988805598859,-0.15116419999999992,15,99.30619796484737
0.4,0.3,0.05,0.0,0.25,0.9999917078510067,-0.05392884999999992,3,99.86123959296947
0.4,0.3,0.05,0.05,0.2,0.9999958539255034,-0.04539294999999993,4,99.81498612395929
0.4,0.3,0.05,0.1,0.15,0.9999917078510067,-0.03685704999999995,4,99.81498612395929
0.4,0.3,0.05,0.15,0.1,0.9999792696275167,-0.038762399999999975,3,99.86123959296947
0.4,0.3,0.05,0.2,0.05,0.9999792696275167,-0.08467669999999994,3,99.86123959296947
0.4,0.3,0.05,0.25,0.0,0.9999295167335567,-0.14322409999999997,8,99.6299722479186
0.4,0.3,0.1,0.0,0.2,0.9999958539255034,-0.03155759999999991,5,99.76873265494912
0.4,0.3,0.1,0.05,0.15,0.9999917078510067,-0.023021699999999923,5,99.76873265494912
0.4,0.3,0.1,0.1,0.1,0.9999834157020133,-0.032490399999999975,4,99.81498612395929
0.4,0.3,0.1,0.15,0.05,0.99997512355302,-0.07673659999999993,4,99.81498612395929
0.4,0.3,0.1,0.2,0.0,0.9999668314040266,-0.13528400000000002,7,99.67622571692877
0.4,0.3,0.15,0.0,0.15,0.9999958539255034,-0.00918635000000001,4,99.81498612395929
0.4,0.3,0.15,0.05,0.1,0.9999834157020133,-0.026218399999999975,4,99.81498612395929
0.4,0.3,0.15,0.1,0.05,0.9999834157020133,-0.06879649999999993,5,99.76873265494912
0.4,0.3,0.15,0.15,0.0,0.9999709774785234,-0.12734389999999995,7,99.67622571692877
0.4,0.3,0.2,0.0,0.1,0.9999834157020133,-0.039414700000000025,5,99.76873265494912
0.4,0.3,0.2,0.05,0.05,0.9999834157020133,-0.07266454999999994,6,99.72247918593895
0.4,0.3,0.2,0.1,0.0,0.9999668314040266,-0.1194038,7,99.67622571692877
0.4,0.3,0.25,0.0,0.05,0.99997512355302,-0.10543729999999996,9,99.58371877890842
0.4,0.3,0.25,0.05,0.0,0.9999543931805367,-0.13868714999999998,10,99.53746530989824
0.4,0.3,0.3,0.0,0.0,0.99992537065906,-0.1714599,13,99.39870490286772
0.4,0.35,0.0,0.0,0.25,0.9999668314040266,-0.1277054499999999,5,99.76873265494912
0.4,0.35,0.0,0.05,0.2,0.99997512355302,-0.11916954999999996,5,99.76873265494912
0.4,0.35,0.0,0.1,0.15,0.99997512355302,-0.11063364999999997,5,99.76873265494912
0.4,0.35,0.0,0.15,0.1,0.9999709774785234,-0.10209774999999999,4,99.81498612395929
0.4,0.35,0.0,0.2,0.05,0.9999668314040266,-0.11232859999999995,5,99.76873265494912
0.4,0.35,0.0,0.25,0.0,0.9999087863610734,-0.14388029999999996,9,99.58371877890842
0.4,0.35,0.05,0.0,0.2,0.9999834157020133,-0.10533419999999993,5,99.76873265494912
0.4,0.35,0.05,0.05,0.15,0.9999792696275167,-0.09679829999999995,6,99.72247918593895
0.4,0.35,0.05,0.1,0.1,0.9999709774785234,-0.08826239999999991,6,99.72247918593895
0.4,0.35,0.05,0.15,0.05,0.9999668314040266,-0.10605659999999995,7,99.67622571692877
0.4,0.35,0.05,0.2,0.0,0.9999461010315434,-0.13594019999999996,9,99.58371877890842
0.4,0.35,0.1,0.0,0.15,0.9999792696275167,-0.08296294999999992,6,99.72247918593895
0.4,0.35,0.1,0.05,0.1,0.9999668314040266,-0.07442704999999988,6,99.72247918593895
0.4,0.35,0.1,0.1,0.05,0.99996268532953,-0.09978459999999989,7,99.67622571692877
0.4,0.35,0.1,0.15,0.0,0.99995024710604,-0.12800010000000006,9,99.58371877890842
0.4,0.35,0.15,0.0,0.1,0.9999792696275167,-0.06563904999999998,8,99.6299722479186
0.4,0.35,0.15,0.05,0.05,0.9999709774785234,-0.09351259999999989,8,99.6299722479186
0.4,0.35,0.15,0.1,0.0,0.9999543931805367,-0.12138614999999997,8,99.6299722479186
0.4,0.35,0.2,0.0,0.05,0.9999668314040266,-0.10949544999999994,11,99.49121184088807
0.4,0.35,0.2,0.05,0.0,0.99993780888255,-0.14274529999999996,11,99.49121184088807
0.4,0.35,0.25,0.0,0.0,0.9999087863610734,-0.17551804999999998,17,99.21369102682701
0.4,0.4,0.0,0.0,0.2,0.9999585392550333,-0.1791107999999999,8,99.6299722479186
0.4,0.4,0.0,0.05,0.15,0.9999543931805367,-0.17057489999999992,9,99.58371877890842
0.4,0.4,0.0,0.1,0.1,0.99995024710604,-0.16203899999999993,9,99.58371877890842
0.4,0.4,0.0,0.15,0.05,0.99992537065906,-0.1535031,9,99.58371877890842
0.4,0.4,0.0,0.2,0.0,0.99991293243557,-0.17962279999999997,12,99.44495837187789
0.4,0.4,0.05,0.0,0.15,0.9999543931805367,-0.15673955,8,99.6299722479186
0.4,0.4,0.05,0.05,0.1,0.9999461010315434,-0.14820364999999996,8,99.6299722479186
0.4,0.4,0.05,0.1,0.05,0.9999461010315434,-0.14547724999999995,10,99.53746530989824
0.4,0.4,0.05,0.15,0.0,0.99992537065906,-0.17335079999999997,11,99.49121184088807
0.4,0.4,0.1,0.0,0.1,0.9999543931805367,-0.13436829999999994,12,99.44495837187789
0.4,0.4,0.1,0.05,0.05,0.9999543931805367,-0.1392052499999999,12,99.44495837187789
0.4,0.4,0.1,0.1,0.0,0.99992537065906,-0.16707879999999992,14,99.35245143385754
0.4,0.4,0.15,0.0,0.05,0.99993780888255,-0.13293324999999995,14,99.35245143385754
0.4,0.4,0.15,0.05,0.0,0.9999212245845633,-0.16080679999999997,15,99.30619796484737
0.4,0.4,0.2,0.0,0.0,0.9998839099140934,-0.17957619999999996,22,98.98242368177613
0.4,0.45,0.0,0.0,0.15,0.99988805598859,-0.23051614999999998,11,99.49121184088807
0.4,0.45,0.0,0.05,0.1,0.9998839099140934,-0.22198024999999993,13,99.39870490286772
0.4,0.45,0.0,0.1,0.05,0.99988805598859,-0.2134443499999999,15,99.30619796484737
0.4,0.45,0.0,0.15,0.0,0.9998590334671134,-0.21904345000000003,16,99.25994449583719
0.4,0.45,0.05,0.0,0.1,0.99990049421208,-0.2081448999999999,16,99.25994449583719
0.4,0.45,0.05,0.05,0.05,0.9998839099140934,-0.19960899999999998,16,99.25994449583719
0.4,0.45,0.05,0.1,0.0,0.9998548873926166,-0.21277144999999997,19,99.12118408880666
0.4,0.45,0.1,0.0,0.05,0.9998839099140934,-0.18577364999999996,23,98.93617021276596
0.4,0.45,0.1,0.05,0.0,0.99985074131812,-0.20649944999999992,24,98.88991674375578
0.4,0.45,0.15,0.0,0.0,0.9998217187966434,-0.20022744999999997,28,98.70490286771508
0.4,0.5,0.0,0.0,0.1,0.9997553816046967,-0.28192149999999994,28,98.70490286771508
0.4,0.5,0.0,0.05,0.05,0.99972635908322,-0.27338559999999995,28,98.70490286771508
0.4,0.5,0.0,0.1,0.0,0.9996848983382534,-0.26484969999999997,31,98.56614246068455
0.4,0.5,0.05,0.0,0.05,0.9997346512322134,-0.25955025,34,98.42738205365403
0.4,0.5,0.05,0.05,0.0,0.9996931904872467,-0.2521921,34,98.42738205365403
0.4,0.5,0.1,0.0,0.0,0.99968904441275,-0.24592009999999997,39,98.19611470860315
0.4,0.55,0.0,0.0,0.05,0.9995066171348966,-0.33332684999999995,51,97.64107308048104
0.4,0.55,0.0,0.05,0.0,0.9994568642409367,-0.3247909500000001,53,97.54856614246069
0.4,0.55,0.05,0.0,0.0,0.9994485720919434,-0.3109556000000001,55,97.45605920444034
0.4,0.6,0.0,0.0,0.0,0.9991583468771766,-0.38473219999999986,63,97.08603145235892
0.45,0.0,0.0,0.0,0.55,0.9998424491691267,-0.25085625,16,99.25994449583719
0.45,0.0,0.0,0.05,0.5,0.9998673256161067,-0.20725134999999995,16,99.25994449583719
0.45,0.0,0.0,0.1,0.45,0.9998590334671134,-0.16719160000000005,16,99.25994449583719
0.45,0.0,0.0,0.15,0.4,0.9998300109456366,-0.15313434999999997,13,99.39870490286772
0.45,0.0,0.0,0.2,0.35,0.99982586487114,-0.14656379999999997,13,99.39870490286772
0.45,0.0,0.0,0.25,0.3,0.9998092805731533,-0.143088,15,99.30619796484737
0.45,0.0,0.0,0.3,0.25,0.9997844041261733,-0.1841677,16,99.25994449583719
0.45,0.0,0.0,0.35,0.2,0.9997097747852334,-0.22788524999999998,15,99.30619796484737
0.45,0.0,0.0,0.4,0.15,0.9996309993697967,-0.2716027999999999,18,99.16743755781684
0.45,0.0,0.0,0.45,0.1,0.99946515638993,-0.3153203500000001,24,98.88991674375578
0.45,0.0,0.0,0.5,0.05,0.99921639192013,-0.3590379000000001,29,98.6586493987049
0.45,0.0,0.0,0.55,0.0,0.9989883578228134,-0.41702475000000006,31,98.56614246068455
0.45,0.0,0.05,0.0,0.5,0.9999046402865767,-0.19000485,15,99.30619796484737
0.45,0.0,0.05,0.05,0.45,0.99991293243557,-0.14639995,14,99.35245143385754
0.45,0.0,0.05,0.1,0.4,0.9999087863610734,-0.11237019999999998,12,99.44495837187789
0.45,0.0,0.05,0.15,0.35,0.9998673256161067,-0.09836204999999998,12,99.44495837187789
0.45,0.0,0.05,0.2,0.3,0.9998590334671134,-0.09179149999999991,10,99.53746530989824
0.45,0.0,0.05,0.25,0.25,0.9998424491691267,-0.11835899999999999,13,99.39870490286772
0.45,0.0,0.05,0.3,0.2,0.9998092805731533,-0.1607016,14,99.35245143385754
0.45,0.0,0.05,0.35,0.15,0.9997719659026834,-0.20441915,15,99.30619796484737
0.45,0.0,0.05,0.4,0.1,0.99967660618926,-0.24813670000000004,19,99.12118408880666
0.45,0.0,0.05,0.45,0.05,0.9995314935818767,-0.29185425000000004,25,98.84366327474561
0.45,0.0,0.05,0.5,0.0,0.9992827291120767,-0.35238110000000006,26,98.79740980573543
0.45,0.0,0.1,0.0,0.45,0.99992537065906,-0.12915345,12,99.44495837187789
0.45,0.0,0.1,0.05,0.4,0.99992537065906,-0.08554854999999995,11,99.49121184088807
0.45,0.0,0.1,0.1,0.35,0.9999212245845633,-0.057548799999999956,9,99.58371877890842
0.45,0.0,0.1,0.15,0.3,0.99992537065906,-0.04358974999999993,8,99.6299722479186
0.45,0.0,0.1,0.2,0.25,0.99991293243557,-0.06421284999999999,11,99.49121184088807
0.45,0.0,0.1,0.25,0.2,0.9998839099140934,-0.09405174999999999,14,99.35245143385754
0.45,0.0,0.1,0.3,0.15,0.9998424491691267,-0.13723549999999995,15,99.30619796484737
0.45,0.0,0.1,0.35,0.1,0.9997926962751666,-0.18095304999999995,16,99.25994449583719
0.45,0.0,0.1,0.4,0.05,0.9997097747852334,-0.2246706,20,99.07493061979649
0.45,0.0,0.1,0.45,0.0,0.9995563700288567,-0.28773745,24,98.88991674375578
0.45,0.0,0.15,0.0,0.4,0.99995024710604,-0.09109679999999998,7,99.67622571692877
0.45,0.0,0.15,0.05,0.35,0.9999543931805367,-0.05640324999999996,9,99.58371877890842
0.45,0.0,0.15,0.1,0.3,0.99997512355302,-0.04334484999999988,8,99.6299722479186
0.45,0.0,0.15,0.15,0.25,0.99997512355302,-0.03367069999999989,8,99.6299722479186
0.45,0.0,0.15,0.2,0.2,0.9999543931805367,-0.05341334999999997,11,99.49121184088807
0.45,0.0,0.15,0.25,0.15,0.9999295167335567,-0.08440310000000001,14,99.35245143385754
0.45,0.0,0.15,0.3,0.1,0.99986317954161,-0.11947249999999998,15,99.30619796484737
0.45,0.0,0.15,0.35,0.05,0.99981342664765,-0.15748694999999996,15,99.30619796484737
0.45,0.0,0.15,0.4,0.0,0.99968904441275,-0.2230938,18,99.16743755781684
0.45,0.0,0.2,0.0,0.35,0.9999709774785234,-0.08329464999999997,6,99.72247918593895
0.45,0.0,0.2,0.05,0.3,0.9999792696275167,-0.051246849999999955,6,99.72247918593895
0.45,0.0,0.2,0.1,0.25,0.9999834157020133,-0.04157269999999996,6,99.72247918593895
0.45,0.0,0.2,0.15,0.2,0.9999792696275167,-0.03189854999999997,9,99.58371877890842
0.45,0.0,0.2,0.2,0.15,0.9999668314040266,-0.04261385000000001,12,99.44495837187789
0.45,0.0,0.2,0.25,0.1,0.9999170785100666,-0.0748665,14,99.35245143385754
0.45,0.0,0.2,0.3,0.05,0.99986317954161,-0.10993589999999992,13,99.39870490286772
0.45,0.0,0.2,0.35,0.0,0.9997968423496634,-0.1694346,15,99.30619796484737
0.45,0.0,0.25,0.0,0.3,0.99997512355302,-0.0754924999999999,6,99.72247918593895
0.45,0.0,0.25,0.05,0.25,0.9999792696275167,-0.04947469999999993,6,99.72247918593895
0.45,0.0,0.25,0.1,0.2,0.9999834157020133,-0.039800549999999935,7,99.67622571692877
0.45,0.0,0.25,0.15,0.15,0.9999834157020133,-0.030126399999999887,8,99.6299722479186
0.45,0.0,0.25,0.2,0.1,0.99996268532953,-0.03181434999999999,9,99.58371877890842
0.45,0.0,0.25,0.25,0.05,0.99991293243557,-0.08852889999999991,13,99.39870490286772
0.45,0.0,0.25,0.3,0.0,0.9998465952436233,-0.14707629999999994,15,99.30619796484737
0.45,0.0,0.3,0.0,0.25,0.99997512355302,-0.06769034999999995,5,99.76873265494912
0.45,0.0,0.3,0.05,0.2,0.9999792696275167,-0.047702550000000066,6,99.72247918593895
0.45,0.0,0.3,0.1,0.15,0.9999792696275167,-0.04018534999999995,6,99.72247918593895
0.45,0.0,0.3,0.15,0.1,0.9999709774785234,-0.059219699999999986,5,99.76873265494912
0.45,0.0,0.3,0.2,0.05,0.9999419549570466,-0.08058879999999996,9,99.58371877890842
0.45,0.0,0.3,0.25,0.0,0.9999046402865767,-0.13913620000000004,11,99.49121184088807
0.45,0.0,0.35,0.0,0.2,0.9999543931805367,-0.061751300000000064,3,99.86123959296947
0.45,0.0,0.35,0.05,0.15,0.9999585392550333,-0.0807856500000001,4,99.81498612395929
0.45,0.0,0.35,0.1,0.1,0.99996268532953,-0.09982000000000008,5,99.76873265494912
0.45,0.0,0.35,0.15,0.05,0.9999585392550333,-0.11885435000000005,7,99.67622571692877
0.45,0.0,0.35,0.2,0.0,0.99992537065906,-0.13788869999999998,10,99.53746530989824
0.45,0.0,0.4,0.0,0.15,0.9999170785100666,-0.12138595000000008,5,99.76873265494912
0.45,0.0,0.4,0.05,0.1,0.99991293243557,-0.14042030000000005,5,99.76873265494912
0.45,0.0,0.4,0.1,0.05,0.99992537065906,-0.15945465000000003,5,99.76873265494912
0.45,0.0,0.4,0.15,0.0,0.9999046402865767,-0.18196080000000003,6,99.72247918593895
0.45,0.0,0.45,0.0,0.1,0.9998590334671134,-0.18255020000000005,8,99.6299722479186
0.45,0.0,0.45,0.05,0.05,0.9998548873926166,-0.20537085,10,99.53746530989824
0.45,0.0,0.45,0.1,0.0,0.9998465952436233,-0.22819150000000005,10,99.53746530989824
0.45,0.0,0.5,0.0,0.05,0.9997802580516767,-0.25160154999999995,14,99.35245143385754
0.45,0.0,0.5,0.05,0.0,0.99976367375369,-0.27442219999999995,14,99.35245143385754
0.45,0.0,0.55,0.0,0.0,0.99961441507181,-0.32065289999999996,18,99.16743755781684
0.45,0.05,0.0,0.0,0.5,0.99991293243557,-0.19190659999999998,15,99.30619796484737
0.45,0.05,0.0,0.05,0.45,0.9999212245845633,-0.1556826,14,99.35245143385754
0.45,0.05,0.0,0.1,0.4,0.9999212245845633,-0.13239659999999998,11,99.49121184088807
0.45,0.05,0.0,0.15,0.35,0.9998922020630867,-0.12582604999999997,12,99.44495837187789
0.45,0.05,0.0,0.2,0.3,0.9998714716906033,-0.1192554999999999,10,99.53746530989824
0.45,0.05,0.0,0.25,0.25,0.99985074131812,-0.11268495,13,99.39870490286772
0.45,0.05,0.0,0.3,0.2,0.9998175727221467,-0.14967195,14,99.35245143385754
0.45,0.05,0.0,0.35,0.15,0.9997595276791933,-0.1933895,15,99.30619796484737
0.45,0.05,0.0,0.4,0.1,0.9997056287107366,-0.2371070500000001,19,99.12118408880666
0.45,0.05,0.0,0.45,0.05,0.9995605161033534,-0.2808246,25,98.84366327474561
0.45,0.05,0.0,0.5,0.0,0.9992868751865733,-0.337847,28,98.70490286771508
0.45,0.05,0.05,0.0,0.45,0.9999419549570466,-0.13105520000000004,12,99.44495837187789
0.45,0.05,0.05,0.05,0.4,0.9999419549570466,-0.09488029999999997,11,99.49121184088807
0.45,0.05,0.05,0.1,0.35,0.9999461010315434,-0.07762429999999992,9,99.58371877890842
0.45,0.05,0.05,0.15,0.3,0.9999336628080533,-0.07105374999999992,8,99.6299722479186
0.45,0.05,0.05,0.2,0.25,0.9999170785100666,-0.06448319999999996,9,99.58371877890842
0.45,0.05,0.05,0.25,0.2,0.99988805598859,-0.09343180000000001,14,99.35245143385754
0.45,0.05,0.05,0.3,0.15,0.99985074131812,-0.12680375,14,99.35245143385754
0.45,0.05,0.05,0.35,0.1,0.99978855020067,-0.16992339999999995,15,99.30619796484737
0.45,0.05,0.05,0.4,0.05,0.9996848983382534,-0.2136409500000001,20,99.07493061979649
0.45,0.05,0.05,0.45,0.0,0.9995812464758367,-0.27320334999999996,24,98.88991674375578
0.45,0.05,0.1,0.0,0.4,0.9999543931805367,-0.07020380000000004,7,99.67622571692877
0.45,0.05,0.1,0.05,0.35,0.99996268532953,-0.03407799999999994,9,99.58371877890842
0.45,0.05,0.1,0.1,0.3,0.9999834157020133,-0.022851999999999983,8,99.6299722479186
0.45,0.05,0.1,0.15,0.25,0.9999834157020133,-0.022954499999999933,8,99.6299722479186
0.45,0.05,0.1,0.2,0.2,0.99996268532953,-0.05279339999999999,11,99.49121184088807
0.45,0.05,0.1,0.25,0.15,0.9999295167335567,-0.08263229999999999,13,99.39870490286772
0.45,0.05,0.1,0.3,0.1,0.9998797638395966,-0.11726714999999999,14,99.35245143385754
0.45,0.05,0.1,0.35,0.05,0.9998217187966434,-0.15233655000000002,15,99.30619796484737
0.45,0.05,0.1,0.4,0.0,0.99970148263624,-0.20855970000000007,19,99.12118408880666
0.45,0.05,0.15,0.0,0.35,0.9999834157020133,-0.03859004999999993,6,99.72247918593895
0.45,0.05,0.15,0.05,0.3,0.9999917078510067,-0.005271049999999944,6,99.72247918593895
0.45,0.05,0.15,0.1,0.25,1.0,0.004403100000000049,6,99.72247918593895
0.45,0.05,0.15,0.15,0.2,0.9999917078510067,-0.012154999999999971,9,99.58371877890842
0.45,0.05,0.15,0.2,0.15,0.99998756177651,-0.04199390000000003,11,99.49121184088807
0.45,0.05,0.15,0.25,0.1,0.99993780888255,-0.07266115000000001,14,99.35245143385754
0.45,0.05,0.15,0.3,0.05,0.9998756177651,-0.10773054999999992,13,99.39870490286772
0.45,0.05,0.15,0.35,0.0,0.99982586487114,-0.16372479999999995,15,99.30619796484737
0.45,0.05,0.2,0.0,0.3,0.9999917078510067,-0.030787899999999924,6,99.72247918593895
0.45,0.05,0.2,0.05,0.25,0.9999958539255034,-0.0034988999999999715,6,99.72247918593895
0.45,0.05,0.2,0.1,0.2,1.0,0.006175250000000021,7,99.67622571692877
0.45,0.05,0.2,0.15,0.15,0.9999958539255034,-0.001355499999999954,7,99.67622571692877
0.45,0.05,0.2,0.2,0.1,0.9999834157020133,-0.03119440000000001,9,99.58371877890842
0.45,0.05,0.2,0.25,0.05,0.99993780888255,-0.08918509999999996,13,99.39870490286772
0.45,0.05,0.2,0.3,0.0,0.99988805598859,-0.1477325,15,99.30619796484737
0.45,0.05,0.25,0.0,0.25,0.9999917078510067,-0.02298574999999997,4,99.81498612395929
0.45,0.05,0.25,0.05,0.2,0.9999958539255034,-0.0017267499999999991,5,99.76873265494912
0.45,0.05,0.25,0.1,0.15,1.0,0.004514300000000027,4,99.81498612395929
0.45,0.05,0.25,0.15,0.1,0.9999917078510067,-0.02269760000000004,5,99.76873265494912
0.45,0.05,0.25,0.2,0.05,0.9999668314040266,-0.08124500000000001,8,99.6299722479186
0.45,0.05,0.25,0.25,0.0,0.9999336628080533,-0.13979240000000004,11,99.49121184088807
0.45,0.05,0.3,0.0,0.2,0.9999834157020133,-0.01705165000000003,3,99.86123959296947
0.45,0.05,0.3,0.05,0.15,0.9999917078510067,-0.03608600000000006,2,99.90749306197965
0.45,0.05,0.3,0.1,0.1,0.99998756177651,-0.055120349999999985,4,99.81498612395929
0.45,0.05,0.3,0.15,0.05,0.9999834157020133,-0.07415469999999996,4,99.81498612395929
0.45,0.05,0.3,0.2,0.0,0.9999543931805367,-0.13185229999999998,8,99.6299722479186
0.45,0.05,0.35,0.0,0.15,0.99996268532953,-0.07668630000000004,5,99.76873265494912
0.45,0.05,0.35,0.05,0.1,0.9999709774785234,-0.09572065000000002,5,99.76873265494912
0.45,0.05,0.35,0.1,0.05,0.99997512355302,-0.114755,5,99.76873265494912
0.45,0.05,0.35,0.15,0.0,0.9999585392550333,-0.13378935000000003,5,99.76873265494912
0.45,0.05,0.4,0.0,0.1,0.9999336628080533,-0.13632095000000005,6,99.72247918593895
0.45,0.05,0.4,0.05,0.05,0.99992537065906,-0.15535530000000003,6,99.72247918593895
0.45,0.05,0.4,0.1,0.0,0.99992537065906,-0.17438965000000006,6,99.72247918593895
0.45,0.05,0.45,0.0,0.05,0.9998465952436233,-0.20378429999999997,9,99.58371877890842
0.45,0.05,0.45,0.05,0.0,0.99985074131812,-0.21498995000000004,11,99.49121184088807
0.45,0.05,0.5,0.0,0.0,0.99973879730671,-0.2788342499999999,15,99.30619796484737
0.45,0.1,0.0,0.0,0.45,0.9999419549570466,-0.15520545000000002,12,99.44495837187789
0.45,0.1,0.0,0.05,0.4,0.99995024710604,-0.12361549999999999,11,99.49121184088807
0.45,0.1,0.0,0.1,0.35,0.9999419549570466,-0.10508829999999997,9,99.58371877890842
0.45,0.1,0.0,0.15,0.3,0.9999295167335567,-0.09851774999999996,8,99.6299722479186
0.45,0.1,0.0,0.2,0.25,0.9999087863610734,-0.0919472,9,99.58371877890842
0.45,0.1,0.0,0.25,0.2,0.9998839099140934,-0.09281185000000003,14,99.35245143385754
0.45,0.1,0.0,0.3,0.15,0.9998424491691267,-0.12459839999999994,14,99.35245143385754
0.45,0.1,0.0,0.35,0.1,0.9997926962751666,-0.15966780000000003,14,99.35245143385754
0.45,0.1,0.0,0.4,0.05,0.99968904441275,-0.2026113,20,99.07493061979649
0.45,0.1,0.0,0.45,0.0,0.99956466217785,-0.25866925,25,98.84366327474561
0.45,0.1,0.05,0.0,0.4,0.99995024710604,-0.09440314999999999,7,99.67622571692877
0.45,0.1,0.05,0.05,0.35,0.9999668314040266,-0.06281319999999996,8,99.6299722479186
0.45,0.1,0.05,0.1,0.3,0.9999709774785234,-0.05031599999999997,8,99.6299722479186
0.45,0.1,0.05,0.15,0.25,0.9999709774785234,-0.043745449999999964,8,99.6299722479186
0.45,0.1,0.05,0.2,0.2,0.9999585392550333,-0.05217345000000001,10,99.53746530989824
0.45,0.1,0.05,0.25,0.15,0.9999295167335567,-0.08201235000000001,13,99.39870490286772
0.45,0.1,0.05,0.3,0.1,0.9998797638395966,-0.11506179999999999,13,99.39870490286772
0.45,0.1,0.05,0.35,0.05,0.99981342664765,-0.15013119999999996,15,99.30619796484737
0.45,0.1,0.05,0.4,0.0,0.9996724601147633,-0.20008100000000006,19,99.12118408880666
0.45,0.1,0.1,0.0,0.35,0.99998756177651,-0.033600850000000015,6,99.72247918593895
0.45,0.1,0.1,0.05,0.3,0.9999917078510067,-0.0021142499999999287,6,99.72247918593895
0.45,0.1,0.1,0.1,0.25,1.0,0.004456299999999969,6,99.72247918593895
0.45,0.1,0.1,0.15,0.2,0.9999917078510067,-0.011535049999999936,9,99.58371877890842
0.45,0.1,0.1,0.2,0.15,0.99998756177651,-0.04137394999999999,11,99.49121184088807
0.45,0.1,0.1,0.25,0.1,0.9999461010315434,-0.07121285,13,99.39870490286772
0.45,0.1,0.1,0.3,0.05,0.9998839099140934,-0.10552519999999993,13,99.39870490286772
0.45,0.1,0.1,0.35,0.0,0.99983830309463,-0.15801500000000002,15,99.30619796484737
0.45,0.1,0.15,0.0,0.3,1.0,0.01391670000000006,6,99.72247918593895
0.45,0.1,0.15,0.05,0.25,1.0,0.04247690000000004,6,99.72247918593895
0.45,0.1,0.15,0.1,0.2,1.0,0.029103349999999972,7,99.67622571692877
0.45,0.1,0.15,0.15,0.15,0.9999958539255034,-0.0007355499999999737,7,99.67622571692877
0.45,0.1,0.15,0.2,0.1,0.9999834157020133,-0.0312939000000001,9,99.58371877890842
0.45,0.1,0.15,0.25,0.05,0.99993780888255,-0.08984130000000001,13,99.39870490286772
0.45,0.1,0.15,0.3,0.0,0.9998922020630867,-0.14838869999999998,15,99.30619796484737
0.45,0.1,0.2,0.0,0.25,1.0,0.021718850000000012,4,99.81498612395929
0.45,0.1,0.2,0.05,0.2,1.0,0.04424905000000001,5,99.76873265494912
0.45,0.1,0.2,0.1,0.15,1.0,0.035193599999999936,4,99.81498612395929
0.45,0.1,0.2,0.15,0.1,0.9999958539255034,-0.023353800000000036,5,99.76873265494912
0.45,0.1,0.2,0.2,0.05,0.9999792696275167,-0.08190120000000001,8,99.6299722479186
0.45,0.1,0.2,0.25,0.0,0.99993780888255,-0.14044859999999992,11,99.49121184088807
0.45,0.1,0.25,0.0,0.2,1.0,0.02764800000000006,2,99.90749306197965
0.45,0.1,0.25,0.05,0.15,1.0,0.008613650000000028,1,99.95374653098983
0.45,0.1,0.25,0.1,0.1,0.9999917078510067,-0.01541370000000003,3,99.86123959296947
0.45,0.1,0.25,0.15,0.05,0.99998756177651,-0.07396109999999995,4,99.81498612395929
0.45,0.1,0.25,0.2,0.0,0.9999585392550333,-0.13250850000000003,8,99.6299722479186
0.45,0.1,0.3,0.0,0.15,0.99998756177651,-0.031986650000000005,3,99.86123959296947
0.45,0.1,0.3,0.05,0.1,0.9999792696275167,-0.05102100000000004,4,99.81498612395929
0.45,0.1,0.3,0.1,0.05,0.9999834157020133,-0.07005534999999996,4,99.81498612395929
0.45,0.1,0.3,0.15,0.0,0.9999709774785234,-0.12456840000000002,4,99.81498612395929
0.45,0.1,0.35,0.0,0.1,0.9999709774785234,-0.09162130000000002,6,99.72247918593895
0.45,0.1,0.35,0.05,0.05,0.99996268532953,-0.11065565,5,99.76873265494912
0.45,0.1,0.35,0.1,0.0,0.99996268532953,-0.12969000000000003,5,99.76873265494912
0.45,0.1,0.4,0.0,0.05,0.9999170785100666,-0.16248659999999998,7,99.67622571692877
0.45,0.1,0.4,0.05,0.0,0.99992537065906,-0.17029030000000006,7,99.67622571692877
0.45,0.1,0.45,0.0,0.0,0.99982586487114,-0.23753655,11,99.49121184088807
0.45,0.15,0.0,0.0,0.4,0.99995024710604,-0.12313835000000001,8,99.6299722479186
0.45,0.15,0.0,0.05,0.35,0.9999668314040266,-0.09154839999999997,8,99.6299722479186
0.45,0.15,0.0,0.1,0.3,0.9999709774785234,-0.07777999999999996,8,99.6299722479186
0.45,0.15,0.0,0.15,0.25,0.9999668314040266,-0.07120945000000001,8,99.6299722479186
0.45,0.15,0.0,0.2,0.2,0.9999543931805367,-0.06463890000000005,9,99.58371877890842
0.45,0.15,0.0,0.25,0.15,0.9999170785100666,-0.08139240000000003,13,99.39870490286772
0.45,0.15,0.0,0.3,0.1,0.9998590334671134,-0.11285645,13,99.39870490286772
0.45,0.15,0.0,0.35,0.05,0.9997844041261733,-0.14792584999999991,15,99.30619796484737
0.45,0.15,0.0,0.4,0.0,0.9996434375932867,-0.19437120000000002,21,99.02867715078631
0.45,0.15,0.05,0.0,0.35,0.9999792696275167,-0.062336049999999976,6,99.72247918593895
0.45,0.15,0.05,0.05,0.3,0.9999834157020133,-0.030746099999999943,6,99.72247918593895
0.45,0.15,0.05,0.1,0.25,0.9999917078510067,-0.023007699999999964,7,99.67622571692877
0.45,0.15,0.05,0.15,0.2,0.99998756177651,-0.01643715000000001,9,99.58371877890842
0.45,0.15,0.05,0.2,0.15,0.9999792696275167,-0.04075400000000001,10,99.53746530989824
0.45,0.15,0.05,0.25,0.1,0.9999419549570466,-0.07059290000000001,13,99.39870490286772
0.45,0.15,0.05,0.3,0.05,0.9998839099140934,-0.10331984999999994,13,99.39870490286772
0.45,0.15,0.05,0.35,0.0,0.9998175727221467,-0.15698499999999993,15,99.30619796484737
0.45,0.15,0.1,0.0,0.3,0.9999958539255034,-0.0015337500000000004,6,99.72247918593895
0.45,0.15,0.1,0.05,0.25,1.0,0.02519405000000008,6,99.72247918593895
0.45,0.15,0.1,0.1,0.2,1.0,0.029723299999999953,7,99.67622571692877
0.45,0.15,0.1,0.15,0.15,0.9999958539255034,-0.00011559999999999349,7,99.67622571692877
0.45,0.15,0.1,0.2,0.1,0.9999834157020133,-0.03195010000000009,9,99.58371877890842
0.45,0.15,0.1,0.25,0.05,0.9999419549570466,-0.09049749999999995,13,99.39870490286772
0.45,0.15,0.1,0.3,0.0,0.9998922020630867,-0.14904490000000004,15,99.30619796484737
0.45,0.15,0.15,0.0,0.25,1.0,0.05926854999999992,3,99.86123959296947
0.45,0.15,0.15,0.05,0.2,1.0,0.07036169999999997,5,99.76873265494912
0.45,0.15,0.15,0.1,0.15,1.0,0.03453739999999994,4,99.81498612395929
0.45,0.15,0.15,0.15,0.1,0.9999958539255034,-0.02401000000000003,4,99.81498612395929
0.45,0.15,0.15,0.2,0.05,0.9999834157020133,-0.0825574,8,99.6299722479186
0.45,0.15,0.15,0.25,0.0,0.9999461010315434,-0.14110480000000003,11,99.49121184088807
0.45,0.15,0.2,0.0,0.2,1.0,0.07234764999999999,1,99.95374653098983
0.45,0.15,0.2,0.05,0.15,1.0,0.042477499999999946,1,99.95374653098983
0.45,0.15,0.2,0.1,0.1,0.9999958539255034,-0.01606990000000008,2,99.90749306197965
0.45,0.15,0.2,0.15,0.05,0.9999917078510067,-0.0746173,3,99.86123959296947
0.45,0.15,0.2,0.2,0.0,0.9999585392550333,-0.13316470000000002,7,99.67622571692877
0.45,0.15,0.25,0.0,0.15,1.0,0.01271300000000003,3,99.86123959296947
0.45,0.15,0.25,0.05,0.1,0.9999917078510067,-0.00812980000000002,3,99.86123959296947
0.45,0.15,0.25,0.1,0.05,0.99998756177651,-0.06667719999999999,4,99.81498612395929
0.45,0.15,0.25,0.15,0.0,0.9999792696275167,-0.12522460000000007,5,99.76873265494912
0.45,0.15,0.3,0.0,0.1,0.9999834157020133,-0.04692164999999998,3,99.86123959296947
0.45,0.15,0.3,0.05,0.05,0.99997512355302,-0.06595599999999996,4,99.81498612395929
0.45,0.15,0.3,0.1,0.0,0.9999668314040266,-0.11728450000000001,4,99.81498612395929
0.45,0.15,0.35,0.0,0.05,0.99996268532953,-0.12118889999999993,7,99.67622571692877
0.45,0.15,0.35,0.05,0.0,0.99995024710604,-0.12559065000000003,7,99.67622571692877
0.45,0.15,0.4,0.0,0.0,0.9998839099140934,-0.19623884999999996,10,99.53746530989824
0.45,0.2,0.0,0.0,0.35,0.9999709774785234,-0.09107124999999999,8,99.6299722479186
0.45,0.2,0.0,0.05,0.3,0.99997512355302,-0.05948129999999996,7,99.67622571692877
0.45,0.2,0.0,0.1,0.25,0.99997512355302,-0.05047170000000001,8,99.6299722479186
0.45,0.2,0.0,0.15,0.2,0.99997512355302,-0.043901150000000055,10,99.53746530989824
0.45,0.2,0.0,0.2,0.15,0.99997512355302,-0.04013404999999998,10,99.53746530989824
0.45,0.2,0.0,0.25,0.1,0.9999336628080533,-0.06997294999999998,14,99.35245143385754
0.45,0.2,0.0,0.3,0.05,0.9998714716906033,-0.10111449999999994,15,99.30619796484737
0.45,0.2,0.0,0.35,0.0,0.99978855020067,-0.15764119999999993,18,99.16743755781684
0.45,0.2,0.05,0.0,0.3,0.9999917078510067,-0.03026894999999996,7,99.67622571692877
0.45,0.2,0.05,0.05,0.25,0.9999958539255034,-0.002269949999999965,7,99.67622571692877
0.45,0.2,0.05,0.1,0.2,1.0,0.004300599999999988,8,99.6299722479186
0.45,0.2,0.05,0.15,0.15,1.0,0.0005043500000000978,8,99.6299722479186
0.45,0.2,0.05,0.2,0.1,0.9999834157020133,-0.03260630000000003,10,99.53746530989824
0.45,0.2,0.05,0.25,0.05,0.99993780888255,-0.09115369999999995,14,99.35245143385754
0.45,0.2,0.05,0.3,0.0,0.99988805598859,-0.14970109999999998,17,99.21369102682701
0.45,0.2,0.1,0.0,0.25,1.0,0.030533350000000015,3,99.86123959296947
0.45,0.2,0.1,0.05,0.2,1.0,0.052502349999999975,6,99.72247918593895
0.45,0.2,0.1,0.1,0.15,1.0,0.033881199999999945,5,99.76873265494912
0.45,0.2,0.1,0.15,0.1,0.9999958539255034,-0.024666200000000027,5,99.76873265494912
0.45,0.2,0.1,0.2,0.05,0.9999834157020133,-0.0832136,8,99.6299722479186
0.45,0.2,0.1,0.25,0.0,0.9999336628080533,-0.14176100000000003,12,99.44495837187789
0.45,0.2,0.15,0.0,0.2,1.0,0.07658809999999994,2,99.90749306197965
0.45,0.2,0.15,0.05,0.15,1.0,0.041821300000000006,2,99.90749306197965
0.45,0.2,0.15,0.1,0.1,0.9999958539255034,-0.01672610000000002,3,99.86123959296947
0.45,0.2,0.15,0.15,0.05,0.9999958539255034,-0.07527349999999994,3,99.86123959296947
0.45,0.2,0.15,0.2,0.0,0.9999585392550333,-0.13382089999999996,7,99.67622571692877
0.45,0.2,0.2,0.0,0.15,1.0,0.049761399999999956,4,99.81498612395929
0.45,0.2,0.2,0.05,0.1,0.9999958539255034,-0.008786000000000016,4,99.81498612395929
0.45,0.2,0.2,0.1,0.05,0.9999917078510067,-0.06733339999999999,5,99.76873265494912
0.45,0.2,0.2,0.15,0.0,0.9999792696275167,-0.12588080000000007,6,99.72247918593895
0.45,0.2,0.25,0.0,0.1,0.9999834157020133,-0.004841249999999964,4,99.81498612395929
0.45,0.2,0.25,0.05,0.05,0.99998756177651,-0.05939329999999993,5,99.76873265494912
0.45,0.2,0.25,0.1,0.0,0.99997512355302,-0.11794070000000001,5,99.76873265494912
0.45,0.2,0.3,0.0,0.05,0.99997512355302,-0.07989119999999994,7,99.67622571692877
0.45,0.2,0.3,0.05,0.0,0.99996268532953,-0.11000059999999995,7,99.67622571692877
0.45,0.2,0.35,0.0,0.0,0.9999336628080533,-0.15494114999999997,10,99.53746530989824
0.45,0.25,0.0,0.0,0.3,0.99997512355302,-0.05900414999999998,9,99.58371877890842
0.45,0.25,0.0,0.05,0.25,0.9999792696275167,-0.03339510000000001,9,99.58371877890842
0.45,0.25,0.0,0.1,0.2,0.99998756177651,-0.02485919999999997,10,99.53746530989824
0.45,0.25,0.0,0.15,0.15,0.99998756177651,-0.016592850000000048,9,99.58371877890842
0.45,0.25,0.0,0.2,0.1,0.9999585392550333,-0.03326250000000003,9,99.58371877890842
0.45,0.25,0.0,0.25,0.05,0.9999295167335567,-0.09180989999999989,14,99.35245143385754
0.45,0.25,0.0,0.3,0.0,0.99986317954161,-0.15035729999999992,18,99.16743755781684
0.45,0.25,0.05,0.0,0.25,0.9999958539255034,-0.019559749999999987,4,99.81498612395929
0.45,0.25,0.05,0.05,0.2,0.9999958539255034,-0.011023849999999946,5,99.76873265494912
0.45,0.25,0.05,0.1,0.15,0.9999958539255034,-0.002487949999999961,5,99.76873265494912
0.45,0.25,0.05,0.15,0.1,0.9999917078510067,-0.025322399999999967,6,99.72247918593895
0.45,0.25,0.05,0.2,0.05,0.99997512355302,-0.08386979999999994,8,99.6299722479186
0.45,0.25,0.05,0.25,0.0,0.9999336628080533,-0.1424171999999999,13,99.39870490286772
0.45,0.25,0.1,0.0,0.2,1.0,0.0028115000000000223,2,99.90749306197965
0.45,0.25,0.1,0.05,0.15,1.0,0.011347400000000007,2,99.90749306197965
0.45,0.25,0.1,0.1,0.1,0.9999917078510067,-0.017382300000000017,4,99.81498612395929
0.45,0.25,0.1,0.15,0.05,0.99998756177651,-0.07592969999999993,4,99.81498612395929
0.45,0.25,0.1,0.2,0.0,0.99995024710604,-0.13447710000000002,8,99.6299722479186
0.45,0.25,0.15,0.0,0.15,1.0,0.02020985000000003,4,99.81498612395929
0.45,0.25,0.15,0.05,0.1,0.9999917078510067,-0.009442199999999956,4,99.81498612395929
0.45,0.25,0.15,0.1,0.05,0.99998756177651,-0.06798959999999993,4,99.81498612395929
0.45,0.25,0.15,0.15,0.0,0.9999709774785234,-0.12653699999999996,7,99.67622571692877
0.45,0.25,0.2,0.0,0.1,0.99998756177651,-0.007523299999999955,4,99.81498612395929
0.45,0.25,0.2,0.05,0.05,0.9999834157020133,-0.06004949999999992,4,99.81498612395929
0.45,0.25,0.2,0.1,0.0,0.9999792696275167,-0.1185969,5,99.76873265494912
0.45,0.25,0.25,0.0,0.05,0.99997512355302,-0.07354589999999989,5,99.76873265494912
0.45,0.25,0.25,0.05,0.0,0.9999668314040266,-0.11065679999999994,6,99.72247918593895
0.45,0.25,0.3,0.0,0.0,0.9999461010315434,-0.13956849999999993,10,99.53746530989824
0.45,0.3,0.0,0.0,0.25,0.99997512355302,-0.0933363499999999,6,99.72247918593895
0.45,0.3,0.0,0.05,0.2,0.9999792696275167,-0.08480044999999992,6,99.72247918593895
0.45,0.3,0.0,0.1,0.15,0.9999792696275167,-0.07626454999999993,7,99.67622571692877
0.45,0.3,0.0,0.15,0.1,0.99997512355302,-0.06772865,7,99.67622571692877
0.45,0.3,0.0,0.2,0.05,0.99996268532953,-0.09377389999999991,8,99.6299722479186
0.45,0.3,0.0,0.25,0.0,0.9998963481375833,-0.14307340000000002,15,99.30619796484737
0.45,0.3,0.05,0.0,0.2,0.99998756177651,-0.07096509999999995,4,99.81498612395929
0.45,0.3,0.05,0.05,0.15,0.9999917078510067,-0.06242919999999996,5,99.76873265494912
0.45,0.3,0.05,0.1,0.1,0.9999792696275167,-0.05962835,6,99.72247918593895
0.45,0.3,0.05,0.15,0.05,0.9999792696275167,-0.08750189999999991,7,99.67622571692877
0.45,0.3,0.05,0.2,0.0,0.9999295167335567,-0.13513329999999996,9,99.58371877890842
0.45,0.3,0.1,0.0,0.15,0.9999917078510067,-0.04859384999999994,8,99.6299722479186
0.45,0.3,0.1,0.05,0.1,0.99998756177651,-0.05335634999999994,8,99.6299722479186
0.45,0.3,0.1,0.1,0.05,0.99997512355302,-0.08122989999999991,8,99.6299722479186
0.45,0.3,0.1,0.15,0.0,0.9999585392550333,-0.12719320000000006,8,99.6299722479186
0.45,0.3,0.15,0.0,0.1,0.9999834157020133,-0.04708435,8,99.6299722479186
0.45,0.3,0.15,0.05,0.05,0.99997512355302,-0.07495789999999991,7,99.67622571692877
0.45,0.3,0.15,0.1,0.0,0.99996268532953,-0.1192531,8,99.6299722479186
0.45,0.3,0.2,0.0,0.05,0.99997512355302,-0.07760404999999992,8,99.6299722479186
0.45,0.3,0.2,0.05,0.0,0.99996268532953,-0.111313,8,99.6299722479186
0.45,0.3,0.25,0.0,0.0,0.9999461010315434,-0.14362664999999997,14,99.35245143385754
0.45,0.35,0.0,0.0,0.2,0.9999709774785234,-0.14474169999999992,7,99.67622571692877
0.45,0.35,0.0,0.05,0.15,0.99996268532953,-0.1362058,6,99.72247918593895
0.45,0.35,0.0,0.1,0.1,0.9999585392550333,-0.12766989999999995,7,99.67622571692877
0.45,0.35,0.0,0.15,0.05,0.9999543931805367,-0.1331945499999999,8,99.6299722479186
0.45,0.35,0.0,0.2,0.0,0.9999170785100666,-0.1610681,11,99.49121184088807
0.45,0.35,0.05,0.0,0.15,0.9999668314040266,-0.12237044999999996,9,99.58371877890842
0.45,0.35,0.05,0.05,0.1,0.9999668314040266,-0.11383454999999992,8,99.6299722479186
0.45,0.35,0.05,0.1,0.05,0.99995024710604,-0.1269225499999999,8,99.6299722479186
0.45,0.35,0.05,0.15,0.0,0.99995024710604,-0.1547961,10,99.53746530989824
0.45,0.35,0.1,0.0,0.1,0.9999585392550333,-0.09999919999999995,8,99.6299722479186
0.45,0.35,0.1,0.05,0.05,0.9999543931805367,-0.12065054999999991,8,99.6299722479186
0.45,0.35,0.1,0.1,0.0,0.99995024710604,-0.14852409999999994,9,99.58371877890842
0.45,0.35,0.15,0.0,0.05,0.9999585392550333,-0.11437854999999991,11,99.49121184088807
0.45,0.35,0.15,0.05,0.0,0.9999461010315434,-0.14225209999999994,11,99.49121184088807
0.45,0.35,0.2,0.0,0.0,0.9999295167335567,-0.14768479999999995,13,99.39870490286772
0.45,0.4,0.0,0.0,0.15,0.9999419549570466,-0.19614704999999993,11,99.49121184088807
0.45,0.4,0.0,0.05,0.1,0.9999336628080533,-0.18761114999999995,10,99.53746530989824
0.45,0.4,0.0,0.1,0.05,0.9999212245845633,-0.1790752499999999,11,99.49121184088807
0.45,0.4,0.0,0.15,0.0,0.99990049421208,-0.20048875000000005,13,99.39870490286772
0.45,0.4,0.05,0.0,0.1,0.9999336628080533,-0.17377579999999998,11,99.49121184088807
0.45,0.4,0.05,0.05,0.05,0.9999212245845633,-0.1663431999999999,11,99.49121184088807
0.45,0.4,0.05,0.1,0.0,0.9999087863610734,-0.19421675,14,99.35245143385754
0.45,0.4,0.1,0.0,0.05,0.99992537065906,-0.1600711999999999,13,99.39870490286772
0.45,0.4,0.1,0.05,0.0,0.99991293243557,-0.18794474999999994,14,99.35245143385754
0.45,0.4,0.15,0.0,0.0,0.9998963481375833,-0.18167275,16,99.25994449583719
0.45,0.45,0.0,0.0,0.1,0.99986317954161,-0.24755239999999995,18,99.16743755781684
0.45,0.45,0.0,0.05,0.05,0.99985074131812,-0.2390164999999999,19,99.12118408880666
0.45,0.45,0.0,0.1,0.0,0.9998217187966434,-0.23990939999999994,20,99.07493061979649
0.45,0.45,0.05,0.0,0.05,0.9998548873926166,-0.22518115,20,99.07493061979649
0.45,0.45,0.05,0.05,0.0,0.9998341570201333,-0.23363739999999994,20,99.07493061979649
0.45,0.45,0.1,0.0,0.0,0.99982586487114,-0.2273654,25,98.84366327474561
0.45,0.5,0.0,0.0,0.05,0.9996848983382534,-0.29895774999999997,30,98.61239592969473
0.45,0.5,0.0,0.05,0.0,0.9996558758167767,-0.29042185,33,98.47363552266421
0.45,0.5,0.05,0.0,0.0,0.9996475836677834,-0.27658649999999996,36,98.33487511563366
0.45,0.55,0.0,0.0,0.0,0.9994029652724801,-0.3503631,55,97.45605920444034
0.5,0.0,0.0,0.0,0.5,0.9998300109456366,-0.2483595,16,99.25994449583719
0.5,0.0,0.0,0.05,0.45,0.9998548873926166,-0.2047546,16,99.25994449583719
0.5,0.0,0.0,0.1,0.4,0.9998175727221467,-0.17071599999999998,16,99.25994449583719
0.5,0.0,0.0,0.15,0.35,0.99982586487114,-0.1521305,15,99.30619796484737
0.5,0.0,0.0,0.2,0.3,0.9998051344986567,-0.14029279999999994,16,99.25994449583719
0.5,0.0,0.0,0.25,0.25,0.99980098842416,-0.1663517499999999,16,99.25994449583719
0.5,0.0,0.0,0.3,0.2,0.99972635908322,-0.20483880000000004,17,99.21369102682701
0.5,0.0,0.0,0.35,0.15,0.9996434375932867,-0.24710284999999999,20,99.07493061979649
0.5,0.0,0.0,0.4,0.1,0.9995356396563734,-0.2908204000000001,21,99.02867715078631
0.5,0.0,0.0,0.45,0.05,0.9992578526650967,-0.33453795000000003,25,98.84366327474561
0.5,0.0,0.0,0.5,0.0,0.9990339646422767,-0.3929285,31,98.56614246068455
0.5,0.0,0.05,0.0,0.45,0.9998922020630867,-0.1875081,16,99.25994449583719
0.5,0.0,0.05,0.05,0.4,0.9999046402865767,-0.1439032,16,99.25994449583719
0.5,0.0,0.05,0.1,0.35,0.9998839099140934,-0.11589459999999996,15,99.30619796484737
0.5,0.0,0.05,0.15,0.3,0.99985074131812,-0.09730909999999998,13,99.39870490286772
0.5,0.0,0.05,0.2,0.25,0.9998424491691267,-0.10313569999999994,15,99.30619796484737
0.5,0.0,0.05,0.25,0.2,0.9998300109456366,-0.14162274999999996,16,99.25994449583719
0.5,0.0,0.05,0.3,0.15,0.9997678198281866,-0.1801098,16,99.25994449583719
0.5,0.0,0.05,0.35,0.1,0.9996973365617433,-0.22363675,19,99.12118408880666
0.5,0.0,0.05,0.4,0.05,0.9995729543268433,-0.2673543000000001,22,98.98242368177613
0.5,0.0,0.05,0.45,0.0,0.9993366280805334,-0.32828485,25,98.84366327474561
0.5,0.0,0.1,0.0,0.4,0.99992537065906,-0.12665669999999996,16,99.25994449583719
0.5,0.0,0.1,0.05,0.35,0.9999212245845633,-0.08305179999999995,13,99.39870490286772
0.5,0.0,0.1,0.1,0.3,0.99991293243557,-0.06107319999999994,12,99.44495837187789
0.5,0.0,0.1,0.15,0.25,0.9999212245845633,-0.059806199999999976,11,99.49121184088807
0.5,0.0,0.1,0.2,0.2,0.9999046402865767,-0.08964509999999998,14,99.35245143385754
0.5,0.0,0.1,0.25,0.15,0.99986317954161,-0.11948399999999998,14,99.35245143385754
0.5,0.0,0.1,0.3,0.1,0.9998092805731533,-0.1564531,17,99.21369102682701
0.5,0.0,0.1,0.35,0.05,0.99973879730671,-0.20017064999999995,20,99.07493061979649
0.5,0.0,0.1,0.4,0.0,0.9995812464758367,-0.2636412000000001,23,98.93617021276596
0.5,0.0,0.15,0.0,0.35,0.99995024710604,-0.09500104999999998,10,99.53746530989824
0.5,0.0,0.15,0.05,0.3,0.9999585392550333,-0.06294439999999996,10,99.53746530989824
0.5,0.0,0.15,0.1,0.25,0.9999668314040266,-0.05327025000000002,9,99.58371877890842
0.5,0.0,0.15,0.15,0.2,0.9999668314040266,-0.04900669999999996,11,99.49121184088807
0.5,0.0,0.15,0.2,0.15,0.99993780888255,-0.07884560000000002,14,99.35245143385754
0.5,0.0,0.15,0.25,0.1,0.9998756177651,-0.10868450000000002,15,99.30619796484737
0.5,0.0,0.15,0.3,0.05,0.99981342664765,-0.14085859999999994,18,99.16743755781684
0.5,0.0,0.15,0.35,0.0,0.9997429433812067,-0.19899755000000002,20,99.07493061979649
0.5,0.0,0.2,0.0,0.3,0.9999709774785234,-0.08719889999999997,7,99.67622571692877
0.5,0.0,0.2,0.05,0.25,0.9999792696275167,-0.06117225000000004,6,99.72247918593895
0.5,0.0,0.2,0.1,0.2,0.9999792696275167,-0.05149809999999999,7,99.67622571692877
0.5,0.0,0.2,0.15,0.15,0.99997512355302,-0.04182394999999994,11,99.49121184088807
0.5,0.0,0.2,0.2,0.1,0.9999419549570466,-0.0680461,16,99.25994449583719
0.5,0.0,0.2,0.25,0.05,0.9998673256161067,-0.09788499999999994,16,99.25994449583719
0.5,0.0,0.2,0.3,0.0,0.9997968423496634,-0.156155,17,99.21369102682701
0.5,0.0,0.25,0.0,0.25,0.99997512355302,-0.07939674999999996,6,99.72247918593895
0.5,0.0,0.25,0.05,0.2,0.9999834157020133,-0.059400099999999956,6,99.72247918593895
0.5,0.0,0.25,0.1,0.15,0.9999792696275167,-0.04972594999999991,9,99.58371877890842
0.5,0.0,0.25,0.15,0.1,0.99996268532953,-0.040051799999999915,11,99.49121184088807
0.5,0.0,0.25,0.2,0.05,0.99992537065906,-0.08043809999999996,13,99.39870490286772
0.5,0.0,0.25,0.25,0.0,0.9998590334671134,-0.13898549999999998,16,99.25994449583719
0.5,0.0,0.3,0.0,0.2,0.99996268532953,-0.07159460000000001,7,99.67622571692877
0.5,0.0,0.3,0.05,0.15,0.9999709774785234,-0.05762795000000004,8,99.6299722479186
0.5,0.0,0.3,0.1,0.1,0.9999668314040266,-0.07513509999999995,7,99.67622571692877
0.5,0.0,0.3,0.15,0.05,0.9999419549570466,-0.09416944999999999,8,99.6299722479186
0.5,0.0,0.3,0.2,0.0,0.9999046402865767,-0.13104539999999998,11,99.49121184088807
0.5,0.0,0.35,0.0,0.15,0.9999461010315434,-0.09670105000000007,5,99.76873265494912
0.5,0.0,0.35,0.05,0.1,0.99993780888255,-0.11573540000000004,5,99.76873265494912
0.5,0.0,0.35,0.1,0.05,0.99993780888255,-0.13476975000000002,5,99.76873265494912
0.5,0.0,0.35,0.15,0.0,0.99991293243557,-0.15380410000000005,8,99.6299722479186
0.5,0.0,0.4,0.0,0.1,0.99990049421208,-0.15633570000000008,6,99.72247918593895
0.5,0.0,0.4,0.05,0.05,0.9998922020630867,-0.17537005000000006,7,99.67622571692877
0.5,0.0,0.4,0.1,0.0,0.9998839099140934,-0.1944044000000001,7,99.67622571692877
0.5,0.0,0.45,0.0,0.05,0.9997968423496634,-0.21597035000000003,10,99.53746530989824
0.5,0.0,0.45,0.05,0.0,0.9997968423496634,-0.23562730000000004,10,99.53746530989824
0.5,0.0,0.5,0.0,0.0,0.9996475836677834,-0.28185799999999994,14,99.35245143385754
0.5,0.05,0.0,0.0,0.45,0.99990049421208,-0.18940985,16,99.25994449583719
0.5,0.05,0.0,0.05,0.4,0.9999170785100666,-0.14580495,16,99.25994449583719
0.5,0.05,0.0,0.1,0.35,0.9999046402865767,-0.12612559999999995,14,99.35245143385754
0.5,0.05,0.0,0.15,0.3,0.9998714716906033,-0.11955504999999994,12,99.44495837187789
0.5,0.05,0.0,0.2,0.25,0.99985074131812,-0.11298449999999999,15,99.30619796484737
0.5,0.05,0.0,0.25,0.2,0.9998300109456366,-0.13217850000000003,16,99.25994449583719
0.5,0.05,0.0,0.3,0.15,0.99977611197718,-0.17066555,16,99.25994449583719
0.5,0.05,0.0,0.35,0.1,0.9997056287107366,-0.21260710000000005,18,99.16743755781684
0.5,0.05,0.0,0.4,0.05,0.9995853925503333,-0.25632465000000004,22,98.98242368177613
0.5,0.05,0.0,0.45,0.0,0.99934077415503,-0.3137507500000001,26,98.79740980573543
0.5,0.05,0.05,0.0,0.4,0.99993780888255,-0.12855845,16,99.25994449583719
0.5,0.05,0.05,0.05,0.35,0.99993780888255,-0.08495355000000004,13,99.39870490286772
0.5,0.05,0.05,0.1,0.3,0.9999295167335567,-0.07135329999999995,12,99.44495837187789
0.5,0.05,0.05,0.15,0.25,0.9999212245845633,-0.06478275,10,99.53746530989824
0.5,0.05,0.05,0.2,0.2,0.9999087863610734,-0.08902515,14,99.35245143385754
0.5,0.05,0.05,0.25,0.15,0.9998590334671134,-0.11886405,14,99.35245143385754
0.5,0.05,0.05,0.3,0.1,0.99982586487114,-0.14870295,17,99.21369102682701
0.5,0.05,0.05,0.35,0.05,0.9997470894557033,-0.189141,20,99.07493061979649
0.5,0.05,0.05,0.4,0.0,0.9995978307738234,-0.24910710000000003,23,98.93617021276596
0.5,0.05,0.1,0.0,0.35,0.9999585392550333,-0.06770704999999999,10,99.53746530989824
0.5,0.05,0.1,0.05,0.3,0.9999709774785234,-0.02546784999999996,10,99.53746530989824
0.5,0.05,0.1,0.1,0.25,0.9999834157020133,-0.018547849999999977,9,99.58371877890842
0.5,0.05,0.1,0.15,0.2,0.9999792696275167,-0.04838674999999992,11,99.49121184088807
0.5,0.05,0.1,0.2,0.15,0.9999543931805367,-0.07822564999999998,14,99.35245143385754
0.5,0.05,0.1,0.25,0.1,0.99988805598859,-0.10806454999999998,15,99.30619796484737
0.5,0.05,0.1,0.3,0.05,0.9998300109456366,-0.13865324999999995,17,99.21369102682701
0.5,0.05,0.1,0.35,0.0,0.9997595276791933,-0.1925112,20,99.07493061979649
0.5,0.05,0.15,0.0,0.3,0.9999834157020133,-0.04249429999999993,7,99.67622571692877
0.5,0.05,0.15,0.05,0.25,0.9999917078510067,-0.015196450000000028,6,99.72247918593895
0.5,0.05,0.15,0.1,0.2,0.9999917078510067,-0.007748350000000015,7,99.67622571692877
0.5,0.05,0.15,0.15,0.15,0.99998756177651,-0.03758724999999996,11,99.49121184088807
0.5,0.05,0.15,0.2,0.1,0.9999585392550333,-0.06742615000000002,16,99.25994449583719
0.5,0.05,0.15,0.25,0.05,0.99990049421208,-0.09726504999999996,15,99.30619796484737
0.5,0.05,0.15,0.3,0.0,0.9998300109456366,-0.15044519999999995,17,99.21369102682701
0.5,0.05,0.2,0.0,0.25,0.99998756177651,-0.03469214999999998,5,99.76873265494912
0.5,0.05,0.2,0.05,0.2,0.9999958539255034,-0.0134243,6,99.72247918593895
0.5,0.05,0.2,0.1,0.15,0.9999958539255034,-0.003750149999999952,8,99.6299722479186
0.5,0.05,0.2,0.15,0.1,0.9999834157020133,-0.026787749999999944,10,99.53746530989824
0.5,0.05,0.2,0.2,0.05,0.9999543931805367,-0.08109430000000001,12,99.44495837187789
0.5,0.05,0.2,0.25,0.0,0.99988805598859,-0.1396417000000001,16,99.25994449583719
0.5,0.05,0.25,0.0,0.2,0.99998756177651,-0.026889999999999914,6,99.72247918593895
0.5,0.05,0.25,0.05,0.15,0.9999917078510067,-0.011652149999999972,6,99.72247918593895
0.5,0.05,0.25,0.1,0.1,0.99998756177651,-0.030435449999999975,6,99.72247918593895
0.5,0.05,0.25,0.15,0.05,0.9999709774785234,-0.07315419999999995,8,99.6299722479186
0.5,0.05,0.25,0.2,0.0,0.99993780888255,-0.13170160000000003,11,99.49121184088807
0.5,0.05,0.3,0.0,0.15,0.9999709774785234,-0.05200140000000003,3,99.86123959296947
0.5,0.05,0.3,0.05,0.1,0.9999792696275167,-0.07103575000000001,5,99.76873265494912
0.5,0.05,0.3,0.1,0.05,0.9999709774785234,-0.09007009999999993,4,99.81498612395929
0.5,0.05,0.3,0.15,0.0,0.9999543931805367,-0.12376149999999997,6,99.72247918593895
0.5,0.05,0.35,0.0,0.1,0.99995024710604,-0.11163605000000004,6,99.72247918593895
0.5,0.05,0.35,0.05,0.05,0.9999543931805367,-0.13067040000000002,6,99.72247918593895
0.5,0.05,0.35,0.1,0.0,0.99995024710604,-0.14970475000000005,6,99.72247918593895
0.5,0.05,0.4,0.0,0.05,0.9998922020630867,-0.1712707,7,99.67622571692877
0.5,0.05,0.4,0.05,0.0,0.99990049421208,-0.19030505000000003,8,99.6299722479186
0.5,0.05,0.45,0.0,0.0,0.9998092805731533,-0.23090535000000006,13,99.39870490286772
0.5,0.1,0.0,0.0,0.4,0.99993780888255,-0.14291330000000002,16,99.25994449583719
0.5,0.1,0.0,0.05,0.35,0.9999461010315434,-0.11132334999999999,12,99.44495837187789
0.5,0.1,0.0,0.1,0.3,0.99993780888255,-0.09881729999999994,12,99.44495837187789
0.5,0.1,0.0,0.15,0.25,0.99992537065906,-0.09224675000000004,10,99.53746530989824
0.5,0.1,0.0,0.2,0.2,0.9998963481375833,-0.08840520000000002,14,99.35245143385754
0.5,0.1,0.0,0.25,0.15,0.9998548873926166,-0.11824410000000002,14,99.35245143385754
0.5,0.1,0.0,0.3,0.1,0.9998051344986567,-0.14808299999999996,16,99.25994449583719
0.5,0.1,0.0,0.35,0.05,0.9997346512322134,-0.18105389999999993,20,99.07493061979649
0.5,0.1,0.0,0.4,0.0,0.99958953862483,-0.2345730000000001,24,98.88991674375578
0.5,0.1,0.05,0.0,0.35,0.9999543931805367,-0.08211099999999999,9,99.58371877890842
0.5,0.1,0.05,0.05,0.3,0.99997512355302,-0.050615549999999954,9,99.58371877890842
0.5,0.1,0.05,0.1,0.25,0.99997512355302,-0.044045,9,99.58371877890842
0.5,0.1,0.05,0.15,0.2,0.99997512355302,-0.04776679999999994,10,99.53746530989824
0.5,0.1,0.05,0.2,0.15,0.9999461010315434,-0.0776057,14,99.35245143385754
0.5,0.1,0.05,0.25,0.1,0.9998839099140934,-0.1074446,14,99.35245143385754
0.5,0.1,0.05,0.3,0.05,0.99982586487114,-0.13728349999999995,17,99.21369102682701
0.5,0.1,0.05,0.35,0.0,0.9997470894557033,-0.18680139999999995,20,99.07493061979649
0.5,0.1,0.1,0.0,0.3,0.99998756177651,-0.021308700000000014,7,99.67622571692877
0.5,0.1,0.1,0.05,0.25,1.0,0.004156750000000042,6,99.72247918593895
0.5,0.1,0.1,0.1,0.2,0.9999958539255034,-0.007128399999999979,7,99.67622571692877
0.5,0.1,0.1,0.15,0.15,0.99998756177651,-0.036967299999999925,10,99.53746530989824
0.5,0.1,0.1,0.2,0.1,0.9999585392550333,-0.06680619999999998,15,99.30619796484737
0.5,0.1,0.1,0.25,0.05,0.99991293243557,-0.09664509999999993,15,99.30619796484737
0.5,0.1,0.1,0.3,0.0,0.9998424491691267,-0.14823800000000004,17,99.21369102682701
0.5,0.1,0.15,0.0,0.25,1.0,0.010012450000000006,5,99.76873265494912
0.5,0.1,0.15,0.05,0.2,1.0,0.03255150000000001,6,99.72247918593895
0.5,0.1,0.15,0.1,0.15,1.0,0.0036710999999999827,8,99.6299722479186
0.5,0.1,0.15,0.15,0.1,0.9999834157020133,-0.026167799999999963,9,99.58371877890842
0.5,0.1,0.15,0.2,0.05,0.9999585392550333,-0.0817505,12,99.44495837187789
0.5,0.1,0.15,0.25,0.0,0.99990049421208,-0.14029789999999998,15,99.30619796484737
0.5,0.1,0.2,0.0,0.2,1.0,0.01781460000000007,5,99.76873265494912
0.5,0.1,0.2,0.05,0.15,1.0,0.03329854999999993,6,99.72247918593895
0.5,0.1,0.2,0.1,0.1,0.9999958539255034,-0.015263000000000082,5,99.76873265494912
0.5,0.1,0.2,0.15,0.05,0.99997512355302,-0.0738104,7,99.67622571692877
0.5,0.1,0.2,0.2,0.0,0.99995024710604,-0.13235780000000003,11,99.49121184088807
0.5,0.1,0.25,0.0,0.15,0.9999958539255034,-0.007301749999999996,2,99.90749306197965
0.5,0.1,0.25,0.05,0.1,0.9999917078510067,-0.02633610000000003,2,99.90749306197965
0.5,0.1,0.25,0.1,0.05,0.9999834157020133,-0.06587029999999999,4,99.81498612395929
0.5,0.1,0.25,0.15,0.0,0.9999585392550333,-0.12441770000000008,8,99.6299722479186
0.5,0.1,0.3,0.0,0.1,0.9999834157020133,-0.06693640000000001,5,99.76873265494912
0.5,0.1,0.3,0.05,0.05,0.9999668314040266,-0.08597074999999998,4,99.81498612395929
0.5,0.1,0.3,0.1,0.0,0.9999668314040266,-0.11647760000000001,4,99.81498612395929
0.5,0.1,0.35,0.0,0.05,0.99995024710604,-0.12657105000000002,7,99.67622571692877
0.5,0.1,0.35,0.05,0.0,0.9999461010315434,-0.14560540000000005,7,99.67622571692877
0.5,0.1,0.4,0.0,0.0,0.9998839099140934,-0.18620570000000003,8,99.6299722479186
0.5,0.15,0.0,0.0,0.35,0.9999585392550333,-0.1108462,9,99.58371877890842
0.5,0.15,0.0,0.05,0.3,0.9999668314040266,-0.07925624999999997,9,99.58371877890842
0.5,0.15,0.0,0.1,0.25,0.9999668314040266,-0.07150899999999993,8,99.6299722479186
0.5,0.15,0.0,0.15,0.2,0.99996268532953,-0.06493845000000004,10,99.53746530989824
0.5,0.15,0.0,0.2,0.15,0.9999419549570466,-0.07698575000000002,14,99.35245143385754
0.5,0.15,0.0,0.25,0.1,0.9998839099140934,-0.10682465000000002,14,99.35245143385754
0.5,0.15,0.0,0.3,0.05,0.9998092805731533,-0.13666354999999997,18,99.16743755781684
0.5,0.15,0.0,0.35,0.0,0.9997180669342267,-0.18109160000000002,20,99.07493061979649
0.5,0.15,0.05,0.0,0.3,0.9999834157020133,-0.050043899999999975,7,99.67622571692877
0.5,0.15,0.05,0.05,0.25,0.9999917078510067,-0.02330724999999989,6,99.72247918593895
0.5,0.15,0.05,0.1,0.2,0.9999917078510067,-0.016736699999999993,7,99.67622571692877
0.5,0.15,0.05,0.15,0.15,0.9999834157020133,-0.036347349999999945,9,99.58371877890842
0.5,0.15,0.05,0.2,0.1,0.99996268532953,-0.06618625,14,99.35245143385754
0.5,0.15,0.05,0.25,0.05,0.9999212245845633,-0.09602514999999995,14,99.35245143385754
0.5,0.15,0.05,0.3,0.0,0.99982586487114,-0.14889419999999992,17,99.21369102682701
0.5,0.15,0.1,0.0,0.25,1.0,0.010758400000000001,4,99.81498612395929
0.5,0.15,0.1,0.05,0.2,1.0,0.031465049999999994,6,99.72247918593895
0.5,0.15,0.1,0.1,0.15,1.0,0.004291049999999963,8,99.6299722479186
0.5,0.15,0.1,0.15,0.1,0.99998756177651,-0.025547849999999983,8,99.6299722479186
0.5,0.15,0.1,0.2,0.05,0.9999668314040266,-0.0824067,12,99.44495837187789
0.5,0.15,0.1,0.25,0.0,0.9999046402865767,-0.14095409999999997,16,99.25994449583719
0.5,0.15,0.15,0.0,0.2,1.0,0.06251920000000005,4,99.81498612395929
0.5,0.15,0.15,0.05,0.15,1.0,0.042628200000000005,6,99.72247918593895
0.5,0.15,0.15,0.1,0.1,0.9999958539255034,-0.015919200000000022,5,99.76873265494912
0.5,0.15,0.15,0.15,0.05,0.9999834157020133,-0.07446659999999994,7,99.67622571692877
0.5,0.15,0.15,0.2,0.0,0.99995024710604,-0.13301400000000002,11,99.49121184088807
0.5,0.15,0.2,0.0,0.15,1.0,0.037397899999999984,2,99.90749306197965
0.5,0.15,0.2,0.05,0.1,0.9999958539255034,-0.007979100000000017,2,99.90749306197965
0.5,0.15,0.2,0.1,0.05,0.99998756177651,-0.06652649999999999,3,99.86123959296947
0.5,0.15,0.2,0.15,0.0,0.99996268532953,-0.12507390000000002,7,99.67622571692877
0.5,0.15,0.25,0.0,0.1,0.99998756177651,-0.022236749999999972,3,99.86123959296947
0.5,0.15,0.25,0.05,0.05,0.9999834157020133,-0.05858639999999993,4,99.81498612395929
0.5,0.15,0.25,0.1,0.0,0.9999792696275167,-0.11713380000000001,4,99.81498612395929
0.5,0.15,0.3,0.0,0.05,0.9999709774785234,-0.08187139999999993,5,99.76873265494912
0.5,0.15,0.3,0.05,0.0,0.9999668314040266,-0.10919369999999995,5,99.76873265494912
0.5,0.15,0.35,0.0,0.0,0.9999336628080533,-0.14387139999999998,8,99.6299722479186
0.5,0.2,0.0,0.0,0.3,0.9999668314040266,-0.07877909999999999,9,99.58371877890842
0.5,0.2,0.0,0.05,0.25,0.9999834157020133,-0.050771249999999934,9,99.58371877890842
0.5,0.2,0.0,0.1,0.2,0.9999792696275167,-0.04420070000000004,9,99.58371877890842
0.5,0.2,0.0,0.15,0.15,0.99997512355302,-0.03763015000000003,11,99.49121184088807
0.5,0.2,0.0,0.2,0.1,0.9999585392550333,-0.06556629999999997,16,99.25994449583719
0.5,0.2,0.0,0.25,0.05,0.9999046402865767,-0.09540519999999991,17,99.21369102682701
0.5,0.2,0.0,0.3,0.0,0.9997926962751666,-0.14955039999999992,19,99.12118408880666
0.5,0.2,0.05,0.0,0.25,0.9999917078510067,-0.01797679999999996,7,99.67622571692877
0.5,0.2,0.05,0.05,0.2,1.0,0.004001050000000006,6,99.72247918593895
0.5,0.2,0.05,0.1,0.15,1.0,0.004911000000000054,8,99.6299722479186
0.5,0.2,0.05,0.15,0.1,0.9999834157020133,-0.024927899999999892,9,99.58371877890842
0.5,0.2,0.05,0.2,0.05,0.99996268532953,-0.08306289999999994,13,99.39870490286772
0.5,0.2,0.05,0.25,0.0,0.9998963481375833,-0.14161029999999997,18,99.16743755781684
0.5,0.2,0.1,0.0,0.2,1.0,0.03718060000000001,5,99.76873265494912
0.5,0.2,0.1,0.05,0.15,1.0,0.032492550000000064,5,99.76873265494912
0.5,0.2,0.1,0.1,0.1,0.9999958539255034,-0.016575400000000018,6,99.72247918593895
0.5,0.2,0.1,0.15,0.05,0.9999834157020133,-0.07512279999999993,6,99.72247918593895
0.5,0.2,0.1,0.2,0.0,0.9999419549570466,-0.13367020000000002,13,99.39870490286772
0.5,0.2,0.15,0.0,0.15,1.0,0.03876455000000001,3,99.86123959296947
0.5,0.2,0.15,0.05,0.1,0.9999958539255034,-0.008635299999999957,3,99.86123959296947
0.5,0.2,0.15,0.1,0.05,0.99998756177651,-0.06718269999999993,3,99.86123959296947
0.5,0.2,0.15,0.15,0.0,0.99996268532953,-0.12573009999999996,7,99.67622571692877
0.5,0.2,0.2,0.0,0.1,0.9999958539255034,-0.0006952000000000069,4,99.81498612395929
0.5,0.2,0.2,0.05,0.05,0.9999834157020133,-0.05924259999999992,4,99.81498612395929
0.5,0.2,0.2,0.1,0.0,0.99997512355302,-0.11779,5,99.76873265494912
0.5,0.2,0.25,0.0,0.05,0.9999709774785234,-0.05130249999999992,4,99.81498612395929
0.5,0.2,0.25,0.05,0.0,0.9999668314040266,-0.10984989999999994,5,99.76873265494912
0.5,0.2,0.3,0.0,0.0,0.9999419549570466,-0.10767709999999997,8,99.6299722479186
0.5,0.25,0.0,0.0,0.25,0.99997512355302,-0.05896725000000003,8,99.6299722479186
0.5,0.25,0.0,0.05,0.2,0.9999834157020133,-0.050431349999999986,8,99.6299722479186
0.5,0.25,0.0,0.1,0.15,0.99998756177651,-0.04189545,10,99.53746530989824
0.5,0.25,0.0,0.15,0.1,0.9999668314040266,-0.04734564999999996,12,99.44495837187789
0.5,0.25,0.0,0.2,0.05,0.9999461010315434,-0.08371909999999999,15,99.30619796484737
0.5,0.25,0.0,0.25,0.0,0.9998714716906033,-0.14226649999999996,18,99.16743755781684
0.5,0.25,0.05,0.0,0.2,0.9999958539255034,-0.03659599999999996,7,99.67622571692877
0.5,0.25,0.05,0.05,0.15,0.9999917078510067,-0.028060099999999977,8,99.6299722479186
0.5,0.25,0.05,0.1,0.1,0.99998756177651,-0.04107364999999996,8,99.6299722479186
0.5,0.25,0.05,0.15,0.05,0.9999709774785234,-0.07577899999999993,8,99.6299722479186
0.5,0.25,0.05,0.2,0.0,0.9999212245845633,-0.13432639999999996,13,99.39870490286772
0.5,0.25,0.1,0.0,0.15,0.9999917078510067,-0.014224750000000008,5,99.76873265494912
0.5,0.25,0.1,0.05,0.1,0.99998756177651,-0.03480164999999996,7,99.67622571692877
0.5,0.25,0.1,0.1,0.05,0.9999834157020133,-0.06783889999999998,8,99.6299722479186
0.5,0.25,0.1,0.15,0.0,0.9999461010315434,-0.12638630000000006,8,99.6299722479186
0.5,0.25,0.15,0.0,0.1,0.9999917078510067,-0.028529649999999962,7,99.67622571692877
0.5,0.25,0.15,0.05,0.05,0.9999834157020133,-0.05989879999999992,8,99.6299722479186
0.5,0.25,0.15,0.1,0.0,0.99996268532953,-0.1184462,9,99.58371877890842
0.5,0.25,0.2,0.0,0.05,0.9999834157020133,-0.05195869999999997,7,99.67622571692877
0.5,0.25,0.2,0.05,0.0,0.9999709774785234,-0.1105061,7,99.67622571692877
0.5,0.25,0.25,0.0,0.0,0.9999585392550333,-0.11173524999999995,10,99.53746530989824
0.5,0.3,0.0,0.0,0.2,0.9999668314040266,-0.11037259999999993,8,99.6299722479186
0.5,0.3,0.0,0.05,0.15,0.99997512355302,-0.10183669999999995,9,99.58371877890842
0.5,0.3,0.0,0.1,0.1,0.99996268532953,-0.0933007999999999,8,99.6299722479186
0.5,0.3,0.0,0.15,0.05,0.9999543931805367,-0.11463984999999993,9,99.58371877890842
0.5,0.3,0.0,0.2,0.0,0.9999046402865767,-0.14251339999999996,14,99.35245143385754
0.5,0.3,0.05,0.0,0.15,0.9999834157020133,-0.08800134999999998,7,99.67622571692877
0.5,0.3,0.05,0.05,0.1,0.9999668314040266,-0.08049429999999996,7,99.67622571692877
0.5,0.3,0.05,0.1,0.05,0.9999585392550333,-0.10836784999999993,8,99.6299722479186
0.5,0.3,0.05,0.15,0.0,0.9999461010315434,-0.13624139999999996,9,99.58371877890842
0.5,0.3,0.1,0.0,0.1,0.99998756177651,-0.07422229999999996,8,99.6299722479186
0.5,0.3,0.1,0.05,0.05,0.9999585392550333,-0.10209584999999988,8,99.6299722479186
0.5,0.3,0.1,0.1,0.0,0.9999585392550333,-0.1299693999999999,9,99.58371877890842
0.5,0.3,0.15,0.0,0.05,0.9999668314040266,-0.09582384999999993,9,99.58371877890842
0.5,0.3,0.15,0.05,0.0,0.9999585392550333,-0.12369739999999996,9,99.58371877890842
0.5,0.3,0.2,0.0,0.0,0.99993780888255,-0.11742539999999996,10,99.53746530989824
0.5,0.35,0.0,0.0,0.15,0.99995024710604,-0.16177795,8,99.6299722479186
0.5,0.35,0.0,0.05,0.1,0.9999461010315434,-0.15324204999999996,8,99.6299722479186
0.5,0.35,0.0,0.1,0.05,0.9999419549570466,-0.15406049999999993,9,99.58371877890842
0.5,0.35,0.0,0.15,0.0,0.9999087863610734,-0.18193405,11,99.49121184088807
0.5,0.35,0.05,0.0,0.1,0.9999419549570466,-0.13940669999999994,9,99.58371877890842
0.5,0.35,0.05,0.05,0.05,0.9999336628080533,-0.14778849999999988,9,99.58371877890842
0.5,0.35,0.05,0.1,0.0,0.99992537065906,-0.17566204999999996,10,99.53746530989824
0.5,0.35,0.1,0.0,0.05,0.99993780888255,-0.14151649999999993,10,99.53746530989824
0.5,0.35,0.1,0.05,0.0,0.9999336628080533,-0.16939004999999996,10,99.53746530989824
0.5,0.35,0.15,0.0,0.0,0.99993780888255,-0.16311804999999996,13,99.39870490286772
0.5,0.4,0.0,0.0,0.1,0.99991293243557,-0.21318329999999996,11,99.49121184088807
0.5,0.4,0.0,0.05,0.05,0.9998922020630867,-0.20464739999999998,11,99.49121184088807
0.5,0.4,0.0,0.1,0.0,0.9998839099140934,-0.2213546999999999,13,99.39870490286772
0.5,0.4,0.05,0.0,0.05,0.99990049421208,-0.19081204999999996,13,99.39870490286772
0.5,0.4,0.05,0.05,0.0,0.9998839099140934,-0.21508270000000002,15,99.30619796484737
0.5,0.4,0.1,0.0,0.0,0.99988805598859,-0.20881069999999996,15,99.30619796484737
0.5,0.45,0.0,0.0,0.05,0.9998341570201333,-0.26458865,22,98.98242368177613
0.5,0.45,0.0,0.05,0.0,0.9998051344986567,-0.26077534999999996,21,99.02867715078631
0.5,0.45,0.05,0.0,0.0,0.99980098842416,-0.25450335,21,99.02867715078631
0.5,0.5,0.0,0.0,0.0,0.9996061229228167,-0.315994,34,98.42738205365403
0.55,0.0,0.0,0.0,0.45,0.99981342664765,-0.24586275,16,99.25994449583719
0.55,0.0,0.0,0.05,0.4,0.9998051344986567,-0.20225785000000002,16,99.25994449583719
0.55,0.0,0.0,0.1,0.35,0.9997926962751666,-0.17424039999999996,16,99.25994449583719
0.55,0.0,0.0,0.15,0.3,0.9998092805731533,-0.15565489999999998,20,99.07493061979649
0.55,0.0,0.0,0.2,0.25,0.99980098842416,-0.15112845000000003,19,99.12118408880666
0.55,0.0,0.0,0.25,0.2,0.99973879730671,-0.18961550000000005,18,99.16743755781684
0.55,0.0,0.0,0.3,0.15,0.9996558758167767,-0.22810255000000002,19,99.12118408880666
0.55,0.0,0.0,0.35,0.1,0.99953978573087,-0.2665896,21,99.02867715078631
0.55,0.0,0.0,0.4,0.05,0.9993490663040233,-0.31003800000000004,29,98.6586493987049
0.55,0.0,0.0,0.45,0.0,0.9990339646422767,-0.3688322500000001,34,98.42738205365403
0.55,0.0,0.05,0.0,0.4,0.9998590334671134,-0.18501135000000002,16,99.25994449583719
0.55,0.0,0.05,0.05,0.35,0.9998797638395966,-0.14140645000000002,16,99.25994449583719
0.55,0.0,0.05,0.1,0.3,0.9998548873926166,-0.11941899999999994,16,99.25994449583719
0.55,0.0,0.05,0.15,0.25,0.9998424491691267,-0.10083349999999996,17,99.21369102682701
0.55,0.0,0.05,0.2,0.2,0.9998341570201333,-0.12639945000000002,17,99.21369102682701
0.55,0.0,0.05,0.25,0.15,0.9997844041261733,-0.1648865,18,99.16743755781684
0.55,0.0,0.05,0.3,0.1,0.9997180669342267,-0.20337354999999996,21,99.02867715078631
0.55,0.0,0.05,0.35,0.05,0.9995853925503333,-0.24285435,21,99.02867715078631
0.55,0.0,0.05,0.4,0.0,0.9993697966765067,-0.30418860000000003,27,98.75115633672526
0.55,0.0,0.1,0.0,0.35,0.99992537065906,-0.12415994999999996,16,99.25994449583719
0.55,0.0,0.1,0.05,0.3,0.9999212245845633,-0.08318309999999995,16,99.25994449583719
0.55,0.0,0.1,0.1,0.25,0.99990049421208,-0.06496780000000002,12,99.44495837187789
0.55,0.0,0.1,0.15,0.2,0.9998963481375833,-0.08523844999999997,16,99.25994449583719
0.55,0.0,0.1,0.2,0.15,0.9998714716906033,-0.11507735000000002,17,99.21369102682701
0.55,0.0,0.1,0.25,0.1,0.9998051344986567,-0.14491625000000002,18,99.16743755781684
0.55,0.0,0.1,0.3,0.05,0.9997470894557033,-0.17864455000000007,20,99.07493061979649
0.55,0.0,0.1,0.35,0.0,0.9996185611463067,-0.23954494999999998,21,99.02867715078631
0.55,0.0,0.15,0.0,0.3,0.99995024710604,-0.09890529999999997,13,99.39870490286772
0.55,0.0,0.15,0.05,0.25,0.99995024710604,-0.07286979999999998,10,99.53746530989824
0.55,0.0,0.15,0.1,0.2,0.9999585392550333,-0.06319564999999999,14,99.35245143385754
0.55,0.0,0.15,0.15,0.15,0.9999461010315434,-0.07443895,14,99.35245143385754
0.55,0.0,0.15,0.2,0.1,0.9998839099140934,-0.10427785000000006,16,99.25994449583719
0.55,0.0,0.15,0.25,0.05,0.9998175727221467,-0.13411675,18,99.16743755781684
0.55,0.0,0.15,0.3,0.0,0.9997512355302,-0.18494140000000003,21,99.02867715078631
0.55,0.0,0.2,0.0,0.25,0.9999709774785234,-0.09110315000000002,9,99.58371877890842
0.55,0.0,0.2,0.05,0.2,0.99997512355302,-0.07109765000000001,9,99.58371877890842
0.55,0.0,0.2,0.1,0.15,0.9999709774785234,-0.061423499999999964,10,99.53746530989824
0.55,0.0,0.2,0.15,0.1,0.9999585392550333,-0.06363944999999999,13,99.39870490286772
0.55,0.0,0.2,0.2,0.05,0.9998922020630867,-0.09347834999999999,17,99.21369102682701
0.55,0.0,0.2,0.25,0.0,0.9997968423496634,-0.14287539999999999,18,99.16743755781684
0.55,0.0,0.25,0.0,0.2,0.9999668314040266,-0.08330099999999996,8,99.6299722479186
0.55,0.0,0.25,0.05,0.15,0.9999709774785234,-0.06932549999999993,7,99.67622571692877
0.55,0.0,0.25,0.1,0.1,0.99995024710604,-0.059651349999999936,10,99.53746530989824
0.55,0.0,0.25,0.15,0.05,0.9999295167335567,-0.0723473,12,99.44495837187789
0.55,0.0,0.25,0.2,0.0,0.99986317954161,-0.13089470000000003,14,99.35245143385754
0.55,0.0,0.3,0.0,0.15,0.99995024710604,-0.07903589999999999,7,99.67622571692877
0.55,0.0,0.3,0.05,0.1,0.99995024710604,-0.09105050000000003,9,99.58371877890842
0.55,0.0,0.3,0.1,0.05,0.9999336628080533,-0.11008485000000001,9,99.58371877890842
0.55,0.0,0.3,0.15,0.0,0.9999046402865767,-0.12911920000000005,11,99.49121184088807
0.55,0.0,0.35,0.0,0.1,0.99991293243557,-0.1316508,6,99.72247918593895
0.55,0.0,0.35,0.05,0.05,0.99992537065906,-0.15068515,7,99.67622571692877
0.55,0.0,0.35,0.1,0.0,0.9999046402865767,-0.16971950000000002,9,99.58371877890842
0.55,0.0,0.4,0.0,0.05,0.9998300109456366,-0.19128545000000002,8,99.6299722479186
0.55,0.0,0.4,0.05,0.0,0.9998548873926166,-0.21031980000000006,8,99.6299722479186
0.55,0.0,0.45,0.0,0.0,0.9996931904872467,-0.25092010000000003,11,99.49121184088807
0.55,0.05,0.0,0.0,0.4,0.99986317954161,-0.1869131,16,99.25994449583719
0.55,0.05,0.0,0.05,0.35,0.99988805598859,-0.1433082,16,99.25994449583719
0.55,0.05,0.0,0.1,0.3,0.9998797638395966,-0.12004954999999995,16,99.25994449583719
0.55,0.05,0.0,0.15,0.25,0.9998548873926166,-0.11328404999999997,17,99.21369102682701
0.55,0.05,0.0,0.2,0.2,0.99983830309463,-0.1252569,17,99.21369102682701
0.55,0.05,0.0,0.25,0.15,0.9997844041261733,-0.15544225,18,99.16743755781684
0.55,0.05,0.0,0.3,0.1,0.9997346512322134,-0.19392929999999997,20,99.07493061979649
0.55,0.05,0.0,0.35,0.05,0.99961441507181,-0.23241635000000005,21,99.02867715078631
0.55,0.05,0.0,0.4,0.0,0.9994029652724801,-0.2896545000000001,27,98.75115633672526
0.55,0.05,0.05,0.0,0.35,0.99992537065906,-0.1260617,16,99.25994449583719
0.55,0.05,0.05,0.05,0.3,0.9999336628080533,-0.08381365000000002,16,99.25994449583719
0.55,0.05,0.05,0.1,0.25,0.9999212245845633,-0.06522815000000004,12,99.44495837187789
0.55,0.05,0.05,0.15,0.2,0.99991293243557,-0.08461849999999999,16,99.25994449583719
0.55,0.05,0.05,0.2,0.15,0.9998963481375833,-0.11445740000000004,18,99.16743755781684
0.55,0.05,0.05,0.25,0.1,0.99982586487114,-0.14429630000000004,17,99.21369102682701
0.55,0.05,0.05,0.3,0.05,0.9997553816046967,-0.1741352,19,99.12118408880666
0.55,0.05,0.05,0.35,0.0,0.9996268532953,-0.22501085000000004,21,99.02867715078631
0.55,0.05,0.1,0.0,0.3,0.9999543931805367,-0.0652103,13,99.39870490286772
0.55,0.05,0.1,0.05,0.25,0.9999668314040266,-0.028992249999999997,11,99.49121184088807
0.55,0.05,0.1,0.1,0.2,0.9999709774785234,-0.04398010000000002,12,99.44495837187789
0.55,0.05,0.1,0.15,0.15,0.9999585392550333,-0.07381899999999997,14,99.35245143385754
0.55,0.05,0.1,0.2,0.1,0.9999087863610734,-0.10365790000000003,16,99.25994449583719
0.55,0.05,0.1,0.25,0.05,0.99985074131812,-0.13349679999999997,18,99.16743755781684
0.55,0.05,0.1,0.3,0.0,0.9997844041261733,-0.1792316,21,99.02867715078631
0.55,0.05,0.15,0.0,0.25,0.9999792696275167,-0.04639854999999998,9,99.58371877890842
0.55,0.05,0.15,0.05,0.2,0.99998756177651,-0.02512185,9,99.58371877890842
0.55,0.05,0.15,0.1,0.15,0.9999834157020133,-0.03318060000000006,10,99.53746530989824
0.55,0.05,0.15,0.15,0.1,0.9999709774785234,-0.0630195,13,99.39870490286772
0.55,0.05,0.15,0.2,0.05,0.9999087863610734,-0.09285840000000001,17,99.21369102682701
0.55,0.05,0.15,0.25,0.0,0.9998300109456366,-0.13949099999999992,17,99.21369102682701
0.55,0.05,0.2,0.0,0.2,0.9999834157020133,-0.03859639999999992,6,99.72247918593895
0.55,0.05,0.2,0.05,0.15,0.9999917078510067,-0.023349699999999973,7,99.67622571692877
0.55,0.05,0.2,0.1,0.1,0.9999792696275167,-0.022381100000000043,9,99.58371877890842
0.55,0.05,0.2,0.15,0.05,0.9999543931805367,-0.0730035,12,99.44495837187789
0.55,0.05,0.2,0.2,0.0,0.9999046402865767,-0.13155090000000008,14,99.35245143385754
0.55,0.05,0.25,0.0,0.15,0.99997512355302,-0.03533779999999992,6,99.72247918593895
0.55,0.05,0.25,0.05,0.1,0.9999834157020133,-0.04635085,7,99.67622571692877
0.55,0.05,0.25,0.1,0.05,0.9999668314040266,-0.06538519999999992,8,99.6299722479186
0.55,0.05,0.25,0.15,0.0,0.9999336628080533,-0.12361080000000002,11,99.49121184088807
0.55,0.05,0.3,0.0,0.1,0.99996268532953,-0.08695114999999998,6,99.72247918593895
0.55,0.05,0.3,0.05,0.05,0.9999585392550333,-0.10598549999999995,7,99.67622571692877
0.55,0.05,0.3,0.1,0.0,0.9999336628080533,-0.12501985,8,99.6299722479186
0.55,0.05,0.35,0.0,0.05,0.9999212245845633,-0.1465858,6,99.72247918593895
0.55,0.05,0.35,0.05,0.0,0.9999295167335567,-0.16562015000000002,7,99.67622571692877
0.55,0.05,0.4,0.0,0.0,0.9998465952436233,-0.20622045,8,99.6299722479186
0.55,0.1,0.0,0.0,0.35,0.9999295167335567,-0.13062115000000002,17,99.21369102682701
0.55,0.1,0.0,0.05,0.3,0.9999419549570466,-0.09911684999999992,16,99.25994449583719
0.55,0.1,0.0,0.1,0.25,0.9999295167335567,-0.09254629999999997,12,99.44495837187789
0.55,0.1,0.0,0.15,0.2,0.9999170785100666,-0.08597575000000007,15,99.30619796484737
0.55,0.1,0.0,0.2,0.15,0.99988805598859,-0.11383745000000006,18,99.16743755781684
0.55,0.1,0.0,0.25,0.1,0.9998175727221467,-0.14367635000000006,17,99.21369102682701
0.55,0.1,0.0,0.3,0.05,0.9997595276791933,-0.17351525,20,99.07493061979649
0.55,0.1,0.0,0.35,0.0,0.99960197684832,-0.2155878,21,99.02867715078631
0.55,0.1,0.05,0.0,0.3,0.9999585392550333,-0.06981884999999999,12,99.44495837187789
0.55,0.1,0.05,0.05,0.25,0.9999668314040266,-0.04434455000000004,11,99.49121184088807
0.55,0.1,0.05,0.1,0.2,0.99996268532953,-0.04336015000000004,12,99.44495837187789
0.55,0.1,0.05,0.15,0.15,0.99996268532953,-0.07319904999999999,13,99.39870490286772
0.55,0.1,0.05,0.2,0.1,0.99991293243557,-0.10303795000000004,16,99.25994449583719
0.55,0.1,0.05,0.25,0.05,0.9998465952436233,-0.13287685,18,99.16743755781684
0.55,0.1,0.05,0.3,0.0,0.99977611197718,-0.17352180000000006,20,99.07493061979649
0.55,0.1,0.1,0.0,0.25,0.99998756177651,-0.009016550000000068,9,99.58371877890842
0.55,0.1,0.1,0.05,0.2,0.9999958539255034,-0.0027217499999999673,8,99.6299722479186
0.55,0.1,0.1,0.1,0.15,0.99998756177651,-0.032560650000000024,9,99.58371877890842
0.55,0.1,0.1,0.15,0.1,0.9999792696275167,-0.06239954999999997,12,99.44495837187789
0.55,0.1,0.1,0.2,0.05,0.9999170785100666,-0.09223844999999997,17,99.21369102682701
0.55,0.1,0.1,0.25,0.0,0.9998465952436233,-0.14014720000000003,17,99.21369102682701
0.55,0.1,0.15,0.0,0.2,1.0,0.006108200000000064,5,99.76873265494912
0.55,0.1,0.15,0.05,0.15,1.0,0.008077749999999995,7,99.67622571692877
0.55,0.1,0.15,0.1,0.1,0.9999917078510067,-0.021761150000000062,7,99.67622571692877
0.55,0.1,0.15,0.15,0.05,0.9999709774785234,-0.0736597,10,99.53746530989824
0.55,0.1,0.15,0.2,0.0,0.9999212245845633,-0.13220710000000002,14,99.35245143385754
0.55,0.1,0.2,0.0,0.15,1.0,0.008360300000000043,5,99.76873265494912
0.55,0.1,0.2,0.05,0.1,0.9999917078510067,-0.007172200000000073,6,99.72247918593895
0.55,0.1,0.2,0.1,0.05,0.9999834157020133,-0.06571960000000004,7,99.67622571692877
0.55,0.1,0.2,0.15,0.0,0.99995024710604,-0.12426700000000013,11,99.49121184088807
0.55,0.1,0.25,0.0,0.1,0.9999917078510067,-0.0422515,2,99.90749306197965
0.55,0.1,0.25,0.05,0.05,0.9999834157020133,-0.061285849999999975,5,99.76873265494912
0.55,0.1,0.25,0.1,0.0,0.99996268532953,-0.11632690000000007,6,99.72247918593895
0.55,0.1,0.3,0.0,0.05,0.9999668314040266,-0.10188614999999995,6,99.72247918593895
0.55,0.1,0.3,0.05,0.0,0.9999585392550333,-0.12092049999999999,6,99.72247918593895
0.55,0.1,0.35,0.0,0.0,0.9999212245845633,-0.16152080000000002,7,99.67622571692877
0.55,0.15,0.0,0.0,0.3,0.9999543931805367,-0.09855405,15,99.30619796484737
0.55,0.15,0.0,0.05,0.25,0.9999585392550333,-0.07180854999999997,13,99.39870490286772
0.55,0.15,0.0,0.1,0.2,0.9999543931805367,-0.06523800000000002,13,99.39870490286772
0.55,0.15,0.0,0.15,0.15,0.9999543931805367,-0.07257910000000001,15,99.30619796484737
0.55,0.15,0.0,0.2,0.1,0.9999087863610734,-0.10241800000000006,18,99.16743755781684
0.55,0.15,0.0,0.25,0.05,0.9998217187966434,-0.1322569,20,99.07493061979649
0.55,0.15,0.0,0.3,0.0,0.9997429433812067,-0.16829,22,98.98242368177613
0.55,0.15,0.05,0.0,0.25,0.99998756177651,-0.03775174999999997,11,99.49121184088807
0.55,0.15,0.05,0.05,0.2,0.99998756177651,-0.017036249999999975,10,99.53746530989824
0.55,0.15,0.05,0.1,0.15,0.9999834157020133,-0.031940700000000044,11,99.49121184088807
0.55,0.15,0.05,0.15,0.1,0.99997512355302,-0.06177959999999999,14,99.35245143385754
0.55,0.15,0.05,0.2,0.05,0.9999170785100666,-0.09161849999999999,17,99.21369102682701
0.55,0.15,0.05,0.25,0.0,0.9998465952436233,-0.14080340000000002,18,99.16743755781684
0.55,0.15,0.1,0.0,0.2,1.0,0.023050550000000003,7,99.67622571692877
0.55,0.15,0.1,0.05,0.15,1.0,0.008697699999999975,9,99.58371877890842
0.55,0.15,0.1,0.1,0.1,0.9999917078510067,-0.021141200000000082,9,99.58371877890842
0.55,0.15,0.1,0.15,0.05,0.9999668314040266,-0.07431589999999999,9,99.58371877890842
0.55,0.15,0.1,0.2,0.0,0.9999170785100666,-0.13286330000000007,14,99.35245143385754
0.55,0.15,0.15,0.0,0.15,1.0,0.04069459999999997,7,99.67622571692877
0.55,0.15,0.15,0.05,0.1,0.9999958539255034,-0.007828400000000013,8,99.6299722479186
0.55,0.15,0.15,0.1,0.05,0.99998756177651,-0.06637579999999998,6,99.72247918593895
0.55,0.15,0.15,0.15,0.0,0.9999461010315434,-0.12492320000000001,11,99.49121184088807
0.55,0.15,0.2,0.0,0.1,1.0,0.00011169999999993685,3,99.86123959296947
0.55,0.15,0.2,0.05,0.05,0.99998756177651,-0.05843569999999998,4,99.81498612395929
0.55,0.15,0.2,0.1,0.0,0.99997512355302,-0.11698310000000006,7,99.67622571692877
0.55,0.15,0.25,0.0,0.05,0.99997512355302,-0.05718649999999992,6,99.72247918593895
0.55,0.15,0.25,0.05,0.0,0.9999668314040266,-0.109043,6,99.72247918593895
0.55,0.15,0.3,0.0,0.0,0.9999461010315434,-0.11682114999999993,7,99.67622571692877
0.55,0.2,0.0,0.0,0.25,0.99997512355302,-0.06648694999999999,12,99.44495837187789
0.55,0.2,0.0,0.05,0.2,0.99997512355302,-0.04450025000000002,11,99.49121184088807
0.55,0.2,0.0,0.1,0.15,0.9999668314040266,-0.03792970000000001,13,99.39870490286772
0.55,0.2,0.0,0.15,0.1,0.9999668314040266,-0.061159649999999954,16,99.25994449583719
0.55,0.2,0.0,0.2,0.05,0.99990049421208,-0.09099854999999996,19,99.12118408880666
0.55,0.2,0.0,0.25,0.0,0.9998217187966434,-0.1414595999999999,19,99.12118408880666
0.55,0.2,0.05,0.0,0.2,0.9999917078510067,-0.005684649999999958,8,99.6299722479186
0.55,0.2,0.05,0.05,0.15,1.0,0.005354600000000043,9,99.58371877890842
0.55,0.2,0.05,0.1,0.1,0.99998756177651,-0.022518949999999982,11,99.49121184088807
0.55,0.2,0.05,0.15,0.05,0.9999585392550333,-0.07497209999999993,11,99.49121184088807
0.55,0.2,0.05,0.2,0.0,0.9999087863610734,-0.1335195,16,99.25994449583719
0.55,0.2,0.1,0.0,0.15,1.0,0.011626599999999987,7,99.67622571692877
0.55,0.2,0.1,0.05,0.1,0.9999917078510067,-0.016246949999999982,7,99.67622571692877
0.55,0.2,0.1,0.1,0.05,0.9999834157020133,-0.06703199999999998,7,99.67622571692877
0.55,0.2,0.1,0.15,0.0,0.9999336628080533,-0.1255794,14,99.35245143385754
0.55,0.2,0.15,0.0,0.1,0.9999917078510067,-0.009974949999999982,7,99.67622571692877
0.55,0.2,0.15,0.05,0.05,0.99998756177651,-0.05909189999999992,6,99.72247918593895
0.55,0.2,0.15,0.1,0.0,0.9999709774785234,-0.11763929999999995,8,99.6299722479186
0.55,0.2,0.2,0.0,0.05,0.9999792696275167,-0.05115179999999997,6,99.72247918593895
0.55,0.2,0.2,0.05,0.0,0.9999668314040266,-0.1096992,7,99.67622571692877
0.55,0.2,0.25,0.0,0.0,0.9999543931805367,-0.10175909999999999,9,99.58371877890842
0.55,0.25,0.0,0.0,0.2,0.99997512355302,-0.07600349999999995,10,99.53746530989824
0.55,0.25,0.0,0.05,0.15,0.99997512355302,-0.06746759999999996,11,99.49121184088807
0.55,0.25,0.0,0.1,0.1,0.9999668314040266,-0.06821159999999998,11,99.49121184088807
0.55,0.25,0.0,0.15,0.05,0.99993780888255,-0.09608514999999995,14,99.35245143385754
0.55,0.25,0.0,0.2,0.0,0.99990049421208,-0.1341757,17,99.21369102682701
0.55,0.25,0.05,0.0,0.15,0.9999917078510067,-0.05363224999999999,9,99.58371877890842
0.55,0.25,0.05,0.05,0.1,0.99998756177651,-0.061939599999999984,9,99.58371877890842
0.55,0.25,0.05,0.1,0.05,0.9999585392550333,-0.08981314999999995,9,99.58371877890842
0.55,0.25,0.05,0.15,0.0,0.9999295167335567,-0.12623560000000006,13,99.39870490286772
0.55,0.25,0.1,0.0,0.1,0.9999834157020133,-0.055667599999999984,8,99.6299722479186
0.55,0.25,0.1,0.05,0.05,0.9999709774785234,-0.0835411499999999,8,99.6299722479186
0.55,0.25,0.1,0.1,0.0,0.9999585392550333,-0.11829550000000005,9,99.58371877890842
0.55,0.25,0.15,0.0,0.05,0.9999709774785234,-0.07726914999999995,8,99.6299722479186
0.55,0.25,0.15,0.05,0.0,0.9999585392550333,-0.11035539999999999,8,99.6299722479186
0.55,0.25,0.2,0.0,0.0,0.99995024710604,-0.10241530000000004,10,99.53746530989824
0.55,0.3,0.0,0.0,0.15,0.9999585392550333,-0.12740885000000002,9,99.58371877890842
0.55,0.3,0.0,0.05,0.1,0.9999419549570466,-0.11887294999999998,9,99.58371877890842
0.55,0.3,0.0,0.1,0.05,0.99993780888255,-0.13550579999999995,8,99.6299722479186
0.55,0.3,0.0,0.15,0.0,0.99990049421208,-0.16337934999999998,13,99.39870490286772
0.55,0.3,0.05,0.0,0.1,0.9999419549570466,-0.10503759999999995,8,99.6299722479186
0.55,0.3,0.05,0.05,0.05,0.9999419549570466,-0.1292337999999999,8,99.6299722479186
0.55,0.3,0.05,0.1,0.0,0.9999461010315434,-0.15710734999999992,9,99.58371877890842
0.55,0.3,0.1,0.0,0.05,0.9999543931805367,-0.12296179999999995,8,99.6299722479186
0.55,0.3,0.1,0.05,0.0,0.9999543931805367,-0.15083534999999998,8,99.6299722479186
0.55,0.3,0.15,0.0,0.0,0.9999461010315434,-0.14456334999999998,9,99.58371877890842
0.55,0.35,0.0,0.0,0.1,0.9999295167335567,-0.17881419999999992,11,99.49121184088807
0.55,0.35,0.0,0.05,0.05,0.99992537065906,-0.1749264499999999,10,99.53746530989824
0.55,0.35,0.0,0.1,0.0,0.99990049421208,-0.20279999999999998,11,99.49121184088807
0.55,0.35,0.05,0.0,0.05,0.99992537065906,-0.16865444999999996,10,99.53746530989824
0.55,0.35,0.05,0.05,0.0,0.99991293243557,-0.19652799999999998,11,99.49121184088807
0.55,0.35,0.1,0.0,0.0,0.9999046402865767,-0.19025599999999998,12,99.44495837187789
0.55,0.4,0.0,0.0,0.05,0.9998839099140934,-0.23021955,13,99.39870490286772
0.55,0.4,0.0,0.05,0.0,0.9998590334671134,-0.24222065000000004,15,99.30619796484737
0.55,0.4,0.05,0.0,0.0,0.9998673256161067,-0.23594864999999998,16,99.25994449583719
0.55,0.45,0.0,0.0,0.0,0.9997429433812067,-0.2816413,24,98.88991674375578
0.6,0.0,0.0,0.0,0.4,0.9997844041261733,-0.243366,16,99.25994449583719
0.6,0.0,0.0,0.05,0.35,0.99977611197718,-0.19976110000000002,16,99.25994449583719
0.6,0.0,0.0,0.1,0.3,0.99978855020067,-0.17776479999999995,19,99.12118408880666
0.6,0.0,0.0,0.15,0.25,0.9997844041261733,-0.15917930000000002,22,98.98242368177613
0.6,0.0,0.0,0.2,0.2,0.99973879730671,-0.1743922,22,98.98242368177613
0.6,0.0,0.0,0.25,0.15,0.9996724601147633,-0.21287924999999996,24,98.88991674375578
0.6,0.0,0.0,0.3,0.1,0.9995480778798633,-0.25136630000000004,24,98.88991674375578
0.6,0.0,0.0,0.35,0.05,0.9993615045275134,-0.28985334999999995,26,98.79740980573543
0.6,0.0,0.0,0.4,0.0,0.9991003018342234,-0.344736,33,98.47363552266421
0.6,0.0,0.05,0.0,0.35,0.9998465952436233,-0.18251460000000003,16,99.25994449583719
0.6,0.0,0.05,0.05,0.3,0.9998548873926166,-0.1415289,16,99.25994449583719
0.6,0.0,0.05,0.1,0.25,0.99983830309463,-0.12294339999999998,18,99.16743755781684
0.6,0.0,0.05,0.15,0.2,0.99982586487114,-0.12147019999999992,22,98.98242368177613
0.6,0.0,0.05,0.2,0.15,0.9997802580516767,-0.15130909999999997,21,99.02867715078631
0.6,0.0,0.05,0.25,0.1,0.99971392085973,-0.18815024999999996,21,99.02867715078631
0.6,0.0,0.05,0.3,0.05,0.9996102689973133,-0.22663730000000004,26,98.79740980573543
0.6,0.0,0.05,0.35,0.0,0.9994029652724801,-0.28009234999999993,26,98.79740980573543
0.6,0.0,0.1,0.0,0.3,0.9999087863610734,-0.12166319999999997,16,99.25994449583719
0.6,0.0,0.1,0.05,0.25,0.99990049421208,-0.08670749999999994,17,99.21369102682701
0.6,0.0,0.1,0.1,0.2,0.9998963481375833,-0.08083179999999995,18,99.16743755781684
0.6,0.0,0.1,0.15,0.15,0.9998797638395966,-0.11067069999999996,19,99.12118408880666
0.6,0.0,0.1,0.2,0.1,0.9998092805731533,-0.1405096,19,99.12118408880666
0.6,0.0,0.1,0.25,0.05,0.99972635908322,-0.1703484999999999,21,99.02867715078631
0.6,0.0,0.1,0.3,0.0,0.9996309993697967,-0.21544870000000005,22,98.98242368177613
0.6,0.0,0.15,0.0,0.25,0.9999336628080533,-0.10280955000000003,15,99.30619796484737
0.6,0.0,0.15,0.05,0.2,0.99993780888255,-0.08279520000000001,13,99.39870490286772
0.6,0.0,0.15,0.1,0.15,0.9999543931805367,-0.07312104999999997,15,99.30619796484737
0.6,0.0,0.15,0.15,0.1,0.9999170785100666,-0.09987119999999994,19,99.12118408880666
0.6,0.0,0.15,0.2,0.05,0.9998217187966434,-0.12971009999999994,18,99.16743755781684
0.6,0.0,0.15,0.25,0.0,0.9997305051577167,-0.17166179999999998,20,99.07493061979649
0.6,0.0,0.2,0.0,0.2,0.9999543931805367,-0.09500739999999996,11,99.49121184088807
0.6,0.0,0.2,0.05,0.15,0.9999543931805367,-0.08102304999999999,11,99.49121184088807
0.6,0.0,0.2,0.1,0.1,0.99993780888255,-0.07134889999999999,12,99.44495837187789
0.6,0.0,0.2,0.15,0.05,0.99988805598859,-0.08907169999999986,15,99.30619796484737
0.6,0.0,0.2,0.2,0.0,0.99980098842416,-0.13074399999999997,19,99.12118408880666
0.6,0.0,0.25,0.0,0.15,0.99995024710604,-0.08892505,8,99.6299722479186
0.6,0.0,0.25,0.05,0.1,0.9999461010315434,-0.07925090000000001,10,99.53746530989824
0.6,0.0,0.25,0.1,0.05,0.99992537065906,-0.08539995,10,99.53746530989824
0.6,0.0,0.25,0.15,0.0,0.99986317954161,-0.12280390000000008,13,99.39870490286772
0.6,0.0,0.3,0.0,0.1,0.9999087863610734,-0.12046280000000004,10,99.53746530989824
0.6,0.0,0.3,0.05,0.05,0.9999212245845633,-0.12600025000000004,12,99.44495837187789
0.6,0.0,0.3,0.1,0.0,0.9998797638395966,-0.14503460000000007,12,99.44495837187789
0.6,0.0,0.35,0.0,0.05,0.99983830309463,-0.16806229999999994,9,99.58371877890842
0.6,0.0,0.35,0.05,0.0,0.99985074131812,-0.18563489999999994,10,99.53746530989824
0.6,0.0,0.4,0.0,0.0,0.9997305051577167,-0.22623520000000008,9,99.58371877890842
0.6,0.05,0.0,0.0,0.35,0.99985074131812,-0.18441635,17,99.21369102682701
0.6,0.05,0.0,0.05,0.3,0.99986317954161,-0.14215945000000002,17,99.21369102682701
0.6,0.05,0.0,0.1,0.25,0.99986317954161,-0.12357394999999999,19,99.12118408880666
0.6,0.05,0.0,0.15,0.2,0.99985074131812,-0.12085024999999994,23,98.93617021276596
0.6,0.05,0.0,0.2,0.15,0.99978855020067,-0.15068915,21,99.02867715078631
0.6,0.05,0.0,0.25,0.1,0.9997180669342267,-0.18052805,21,99.02867715078631
0.6,0.05,0.0,0.3,0.05,0.9996227072208034,-0.21719305,24,98.88991674375578
0.6,0.05,0.0,0.35,0.0,0.9994112574214733,-0.26555825,26,98.79740980573543
0.6,0.05,0.05,0.0,0.3,0.99991293243557,-0.12356495,17,99.21369102682701
0.6,0.05,0.05,0.05,0.25,0.99991293243557,-0.08733805,18,99.16743755781684
0.6,0.05,0.05,0.1,0.2,0.99991293243557,-0.08021184999999997,17,99.21369102682701
0.6,0.05,0.05,0.15,0.15,0.9998922020630867,-0.11005074999999997,19,99.12118408880666
0.6,0.05,0.05,0.2,0.1,0.99981342664765,-0.13988965000000003,19,99.12118408880666
0.6,0.05,0.05,0.25,0.05,0.9997512355302,-0.16972854999999992,21,99.02867715078631
0.6,0.05,0.05,0.3,0.0,0.9996475836677834,-0.20801799999999998,22,98.98242368177613
0.6,0.05,0.1,0.0,0.25,0.9999461010315434,-0.06271355,16,99.25994449583719
0.6,0.05,0.1,0.05,0.2,0.99995024710604,-0.039573449999999954,12,99.44495837187789
0.6,0.05,0.1,0.1,0.15,0.9999668314040266,-0.06941235000000001,15,99.30619796484737
0.6,0.05,0.1,0.15,0.1,0.9999295167335567,-0.09925124999999996,18,99.16743755781684
0.6,0.05,0.1,0.2,0.05,0.9998424491691267,-0.12909014999999996,18,99.16743755781684
0.6,0.05,0.1,0.25,0.0,0.99976367375369,-0.16595199999999993,20,99.07493061979649
0.6,0.05,0.15,0.0,0.2,0.99997512355302,-0.050302799999999925,11,99.49121184088807
0.6,0.05,0.15,0.05,0.15,0.99997512355302,-0.03504725000000003,11,99.49121184088807
0.6,0.05,0.15,0.1,0.1,0.9999668314040266,-0.05861285000000005,11,99.49121184088807
0.6,0.05,0.15,0.15,0.05,0.9999170785100666,-0.08845174999999994,15,99.30619796484737
0.6,0.05,0.15,0.2,0.0,0.9998465952436233,-0.13140020000000002,19,99.12118408880666
0.6,0.05,0.2,0.0,0.15,0.9999709774785234,-0.042949249999999994,7,99.67622571692877
0.6,0.05,0.2,0.05,0.1,0.99996268532953,-0.03327510000000006,7,99.67622571692877
0.6,0.05,0.2,0.1,0.05,0.9999543931805367,-0.06491269999999999,10,99.53746530989824
0.6,0.05,0.2,0.15,0.0,0.9999046402865767,-0.12346010000000002,13,99.39870490286772
0.6,0.05,0.25,0.0,0.1,0.99996268532953,-0.07676469999999996,8,99.6299722479186
0.6,0.05,0.25,0.05,0.05,0.99995024710604,-0.0813006,10,99.53746530989824
0.6,0.05,0.25,0.1,0.0,0.9999212245845633,-0.11552000000000001,11,99.49121184088807
0.6,0.05,0.3,0.0,0.05,0.9999295167335567,-0.12436420000000004,8,99.6299722479186
0.6,0.05,0.3,0.05,0.0,0.99991293243557,-0.14093525,10,99.53746530989824
0.6,0.05,0.35,0.0,0.0,0.9998756177651,-0.18153554999999993,8,99.6299722479186
0.6,0.1,0.0,0.0,0.3,0.9999170785100666,-0.12546670000000004,18,99.16743755781684
0.6,0.1,0.0,0.05,0.25,0.99992537065906,-0.0928458499999999,18,99.16743755781684
0.6,0.1,0.0,0.1,0.2,0.9999170785100666,-0.0862753,18,99.16743755781684
0.6,0.1,0.0,0.15,0.15,0.9998963481375833,-0.10943079999999994,20,99.07493061979649
0.6,0.1,0.0,0.2,0.1,0.9998300109456366,-0.1392697,21,99.02867715078631
0.6,0.1,0.0,0.25,0.05,0.9997553816046967,-0.16910859999999994,22,98.98242368177613
0.6,0.1,0.0,0.3,0.0,0.99963929151879,-0.2023082,24,98.88991674375578
0.6,0.1,0.05,0.0,0.25,0.99995024710604,-0.06461530000000004,16,99.25994449583719
0.6,0.1,0.05,0.05,0.2,0.9999585392550333,-0.03895349999999992,13,99.39870490286772
0.6,0.1,0.05,0.1,0.15,0.9999668314040266,-0.06879239999999998,16,99.25994449583719
0.6,0.1,0.05,0.15,0.1,0.9999295167335567,-0.09863129999999992,20,99.07493061979649
0.6,0.1,0.05,0.2,0.05,0.9998590334671134,-0.12847019999999992,19,99.12118408880666
0.6,0.1,0.05,0.25,0.0,0.9997719659026834,-0.16024219999999995,22,98.98242368177613
0.6,0.1,0.1,0.0,0.2,0.99998756177651,-0.005598199999999942,12,99.44495837187789
0.6,0.1,0.1,0.05,0.15,0.9999917078510067,-0.028153999999999957,12,99.44495837187789
0.6,0.1,0.1,0.1,0.1,0.9999709774785234,-0.057992900000000014,14,99.35245143385754
0.6,0.1,0.1,0.15,0.05,0.9999336628080533,-0.0878317999999999,16,99.25994449583719
0.6,0.1,0.1,0.2,0.0,0.9998548873926166,-0.13205640000000002,21,99.02867715078631
0.6,0.1,0.15,0.0,0.15,1.0,0.0022039500000000656,9,99.58371877890842
0.6,0.1,0.15,0.05,0.1,0.99998756177651,-0.017354499999999995,9,99.58371877890842
0.6,0.1,0.15,0.1,0.05,0.9999709774785234,-0.06556889999999999,13,99.39870490286772
0.6,0.1,0.15,0.15,0.0,0.99992537065906,-0.12411630000000007,15,99.30619796484737
0.6,0.1,0.2,0.0,0.1,0.99998756177651,-0.0330666,8,99.6299722479186
0.6,0.1,0.2,0.05,0.05,0.9999792696275167,-0.05762879999999998,10,99.53746530989824
0.6,0.1,0.2,0.1,0.0,0.9999419549570466,-0.11617620000000006,11,99.49121184088807
0.6,0.1,0.25,0.0,0.05,0.9999709774785234,-0.08066610000000002,9,99.58371877890842
0.6,0.1,0.25,0.05,0.0,0.9999585392550333,-0.1082361,8,99.6299722479186
0.6,0.1,0.3,0.0,0.0,0.99992537065906,-0.1368359,7,99.67622571692877
0.6,0.15,0.0,0.0,0.25,0.9999585392550333,-0.0862619,19,99.12118408880666
0.6,0.15,0.0,0.05,0.2,0.9999585392550333,-0.06553755000000006,16,99.25994449583719
0.6,0.15,0.0,0.1,0.15,0.99996268532953,-0.06817245000000005,19,99.12118408880666
0.6,0.15,0.0,0.15,0.1,0.99992537065906,-0.09801135,20,99.07493061979649
0.6,0.15,0.0,0.2,0.05,0.9998548873926166,-0.12785025,20,99.07493061979649
0.6,0.15,0.0,0.25,0.0,0.9997512355302,-0.15768915000000006,23,98.93617021276596
0.6,0.15,0.05,0.0,0.2,0.9999834157020133,-0.02545959999999997,16,99.25994449583719
0.6,0.15,0.05,0.05,0.15,0.99998756177651,-0.027534049999999977,13,99.39870490286772
0.6,0.15,0.05,0.1,0.1,0.99996268532953,-0.057372950000000034,14,99.35245143385754
0.6,0.15,0.05,0.15,0.05,0.9999295167335567,-0.08721184999999992,17,99.21369102682701
0.6,0.15,0.05,0.2,0.0,0.9998465952436233,-0.13271260000000001,22,98.98242368177613
0.6,0.15,0.1,0.0,0.15,1.0,0.011010550000000008,10,99.53746530989824
0.6,0.15,0.1,0.05,0.1,0.99998756177651,-0.016734550000000015,9,99.58371877890842
0.6,0.15,0.1,0.1,0.05,0.99996268532953,-0.06622509999999998,12,99.44495837187789
0.6,0.15,0.1,0.15,0.0,0.9999295167335567,-0.12477250000000001,15,99.30619796484737
0.6,0.15,0.15,0.0,0.1,0.9999958539255034,-0.016239150000000036,7,99.67622571692877
0.6,0.15,0.15,0.05,0.05,0.9999834157020133,-0.05828499999999992,9,99.58371877890842
0.6,0.15,0.15,0.1,0.0,0.99993780888255,-0.11683239999999995,14,99.35245143385754
0.6,0.15,0.2,0.0,0.05,0.9999792696275167,-0.05481130000000001,8,99.6299722479186
0.6,0.15,0.2,0.05,0.0,0.9999543931805367,-0.1088923,9,99.58371877890842
0.6,0.15,0.25,0.0,0.0,0.9999461010315434,-0.10095219999999999,8,99.6299722479186
0.6,0.2,0.0,0.0,0.2,0.99996268532953,-0.05419479999999999,18,99.16743755781684
0.6,0.2,0.0,0.05,0.15,0.99996268532953,-0.03822925000000005,16,99.25994449583719
0.6,0.2,0.0,0.1,0.1,0.9999585392550333,-0.056753,17,99.21369102682701
0.6,0.2,0.0,0.15,0.05,0.9999087863610734,-0.08659189999999989,20,99.07493061979649
0.6,0.2,0.0,0.2,0.0,0.99983830309463,-0.1333688,23,98.93617021276596
0.6,0.2,0.05,0.0,0.15,0.9999917078510067,-0.019263150000000062,12,99.44495837187789
0.6,0.2,0.05,0.05,0.1,0.99997512355302,-0.04338489999999995,13,99.39870490286772
0.6,0.2,0.05,0.1,0.05,0.9999543931805367,-0.07125844999999992,15,99.30619796484737
0.6,0.2,0.05,0.15,0.0,0.9999212245845633,-0.12542869999999995,17,99.21369102682701
0.6,0.2,0.1,0.0,0.1,0.99998756177651,-0.03711289999999995,10,99.53746530989824
0.6,0.2,0.1,0.05,0.05,0.99997512355302,-0.06498644999999986,10,99.53746530989824
0.6,0.2,0.1,0.1,0.0,0.99993780888255,-0.11748859999999994,14,99.35245143385754
0.6,0.2,0.15,0.0,0.05,0.9999792696275167,-0.05871444999999992,8,99.6299722479186
0.6,0.2,0.15,0.05,0.0,0.99996268532953,-0.10954849999999994,8,99.6299722479186
0.6,0.2,0.2,0.0,0.0,0.9999543931805367,-0.10160839999999999,9,99.58371877890842
0.6,0.25,0.0,0.0,0.15,0.9999543931805367,-0.09303975000000003,13,99.39870490286772
0.6,0.25,0.0,0.05,0.1,0.9999336628080533,-0.08907754999999995,13,99.39870490286772
0.6,0.25,0.0,0.1,0.05,0.99992537065906,-0.11695109999999992,16,99.25994449583719
0.6,0.25,0.0,0.15,0.0,0.9998922020630867,-0.14482465,17,99.21369102682701
0.6,0.25,0.05,0.0,0.1,0.9999585392550333,-0.08280554999999995,11,99.49121184088807
0.6,0.25,0.05,0.05,0.05,0.9999543931805367,-0.11067909999999986,10,99.53746530989824
0.6,0.25,0.05,0.1,0.0,0.9999212245845633,-0.13855264999999994,13,99.39870490286772
0.6,0.25,0.1,0.0,0.05,0.9999668314040266,-0.10440709999999992,9,99.58371877890842
0.6,0.25,0.1,0.05,0.0,0.9999461010315434,-0.13228064999999994,11,99.49121184088807
0.6,0.25,0.15,0.0,0.0,0.9999419549570466,-0.12600864999999994,10,99.53746530989824
0.6,0.3,0.0,0.0,0.1,0.9999336628080533,-0.14444509999999994,11,99.49121184088807
0.6,0.3,0.0,0.05,0.05,0.9999212245845633,-0.15637174999999987,11,99.49121184088807
0.6,0.3,0.0,0.1,0.0,0.9998922020630867,-0.1842452999999999,14,99.35245143385754
0.6,0.3,0.05,0.0,0.05,0.9999336628080533,-0.15009974999999992,9,99.58371877890842
0.6,0.3,0.05,0.05,0.0,0.9999087863610734,-0.1779733,12,99.44495837187789
0.6,0.3,0.1,0.0,0.0,0.9999295167335567,-0.17170129999999995,11,99.49121184088807
0.6,0.35,0.0,0.0,0.05,0.9998963481375833,-0.19585044999999995,12,99.44495837187789
0.6,0.35,0.0,0.05,0.0,0.9998922020630867,-0.22366594999999995,14,99.35245143385754
0.6,0.35,0.05,0.0,0.0,0.99988805598859,-0.21739394999999995,13,99.39870490286772
0.6,0.4,0.0,0.0,0.0,0.99983830309463,-0.26308659999999995,17,99.21369102682701
0.65,0.0,0.0,0.0,0.35,0.9997553816046967,-0.24086925,19,99.12118408880666
0.65,0.0,0.0,0.05,0.3,0.9997595276791933,-0.19987470000000002,23,98.93617021276596
0.65,0.0,0.0,0.1,0.25,0.99977611197718,-0.18128919999999998,26,98.79740980573543
0.65,0.0,0.0,0.15,0.2,0.99972635908322,-0.1627037,27,98.75115633672526
0.65,0.0,0.0,0.2,0.15,0.9996309993697967,-0.19765595000000002,29,98.6586493987049
0.65,0.0,0.0,0.25,0.1,0.9995232014328833,-0.236143,28,98.70490286771508
0.65,0.0,0.0,0.3,0.05,0.99936565060201,-0.27463005,29,98.6586493987049
0.65,0.0,0.0,0.35,0.0,0.9991003018342234,-0.32063975,33,98.47363552266421
0.65,0.0,0.05,0.0,0.3,0.9998300109456366,-0.18001785000000003,19,99.12118408880666
0.65,0.0,0.05,0.05,0.25,0.99982586487114,-0.14505330000000005,23,98.93617021276596
0.65,0.0,0.05,0.1,0.2,0.9998300109456366,-0.12646780000000002,25,98.84366327474561
0.65,0.0,0.05,0.15,0.15,0.9997926962751666,-0.14690245000000002,27,98.75115633672526
0.65,0.0,0.05,0.2,0.1,0.9996973365617433,-0.17674135000000007,26,98.79740980573543
0.65,0.0,0.05,0.25,0.05,0.99961441507181,-0.211414,27,98.75115633672526
0.65,0.0,0.05,0.3,0.0,0.9993946731234867,-0.2559961,27,98.75115633672526
0.65,0.0,0.1,0.0,0.25,0.99986317954161,-0.11916644999999998,19,99.12118408880666
0.65,0.0,0.1,0.05,0.2,0.9998839099140934,-0.09449275000000001,22,98.98242368177613
0.65,0.0,0.1,0.1,0.15,0.9998756177651,-0.10626405000000005,26,98.79740980573543
0.65,0.0,0.1,0.15,0.1,0.9998175727221467,-0.13610295,24,98.88991674375578
0.65,0.0,0.1,0.2,0.05,0.99972635908322,-0.16594185,23,98.93617021276596
0.65,0.0,0.1,0.25,0.0,0.9996185611463067,-0.20044820000000002,26,98.79740980573543
0.65,0.0,0.15,0.0,0.2,0.9999170785100666,-0.10671379999999997,17,99.21369102682701
0.65,0.0,0.15,0.05,0.15,0.9999212245845633,-0.09272060000000004,19,99.12118408880666
0.65,0.0,0.15,0.1,0.1,0.9998839099140934,-0.09546455000000009,20,99.07493061979649
0.65,0.0,0.15,0.15,0.05,0.9998092805731533,-0.12530344999999998,22,98.98242368177613
0.65,0.0,0.15,0.2,0.0,0.9997097747852334,-0.15838219999999997,24,98.88991674375578
0.65,0.0,0.2,0.0,0.15,0.99992537065906,-0.1006226,16,99.25994449583719
0.65,0.0,0.2,0.05,0.1,0.9999295167335567,-0.09094845000000007,15,99.30619796484737
0.65,0.0,0.2,0.1,0.05,0.9998963481375833,-0.08466505000000002,18,99.16743755781684
0.65,0.0,0.2,0.15,0.0,0.9997802580516767,-0.12265320000000007,20,99.07493061979649
0.65,0.0,0.25,0.0,0.1,0.99988805598859,-0.11429019999999995,11,99.49121184088807
0.65,0.0,0.25,0.05,0.05,0.99988805598859,-0.11078470000000001,14,99.35245143385754
0.65,0.0,0.25,0.1,0.0,0.9998590334671134,-0.1203497,16,99.25994449583719
0.65,0.0,0.3,0.0,0.05,0.99983830309463,-0.16188970000000003,11,99.49121184088807
0.65,0.0,0.3,0.05,0.0,0.9998175727221467,-0.16094999999999998,14,99.35245143385754
0.65,0.0,0.35,0.0,0.0,0.9997512355302,-0.20948919999999993,10,99.53746530989824
0.65,0.05,0.0,0.0,0.3,0.9998175727221467,-0.18191960000000001,19,99.12118408880666
0.65,0.05,0.0,0.05,0.25,0.9998341570201333,-0.14568385000000006,23,98.93617021276596
0.65,0.05,0.0,0.1,0.2,0.99983830309463,-0.12709835000000003,26,98.79740980573543
0.65,0.05,0.0,0.15,0.15,0.9997844041261733,-0.14628250000000004,26,98.79740980573543
0.65,0.05,0.0,0.2,0.1,0.9996848983382534,-0.1761214000000001,26,98.79740980573543
0.65,0.05,0.0,0.25,0.05,0.9996227072208034,-0.20596030000000004,25,98.84366327474561
0.65,0.05,0.0,0.3,0.0,0.9994195495704666,-0.241462,28,98.70490286771508
0.65,0.05,0.05,0.0,0.25,0.9998922020630867,-0.12106820000000001,19,99.12118408880666
0.65,0.05,0.05,0.05,0.2,0.99988805598859,-0.0908624500000001,22,98.98242368177613
0.65,0.05,0.05,0.1,0.15,0.9998714716906033,-0.10564410000000007,25,98.84366327474561
0.65,0.05,0.05,0.15,0.1,0.99982586487114,-0.13548300000000002,25,98.84366327474561
0.65,0.05,0.05,0.2,0.05,0.99973879730671,-0.16532190000000002,23,98.93617021276596
0.65,0.05,0.05,0.25,0.0,0.9996309993697967,-0.19516080000000008,27,98.75115633672526
0.65,0.05,0.1,0.0,0.2,0.99993780888255,-0.06200919999999993,17,99.21369102682701
0.65,0.05,0.1,0.05,0.15,0.99993780888255,-0.0650057,20,99.07493061979649
0.65,0.05,0.1,0.1,0.1,0.9999170785100666,-0.09484460000000006,21,99.02867715078631
0.65,0.05,0.1,0.15,0.05,0.99985074131812,-0.12468349999999995,23,98.93617021276596
0.65,0.05,0.1,0.2,0.0,0.9997470894557033,-0.1545224,25,98.84366327474561
0.65,0.05,0.15,0.0,0.15,0.9999668314040266,-0.054646799999999995,16,99.25994449583719
0.65,0.05,0.15,0.05,0.1,0.9999461010315434,-0.05420620000000004,16,99.25994449583719
0.65,0.05,0.15,0.1,0.05,0.99992537065906,-0.08404510000000004,18,99.16743755781684
0.65,0.05,0.15,0.15,0.0,0.9998300109456366,-0.12330940000000001,18,99.16743755781684
0.65,0.05,0.2,0.0,0.1,0.9999585392550333,-0.07059209999999999,12,99.44495837187789
0.65,0.05,0.2,0.05,0.05,0.9999336628080533,-0.06729279999999999,13,99.39870490286772
0.65,0.05,0.2,0.1,0.0,0.9998839099140934,-0.11536930000000001,16,99.25994449583719
0.65,0.05,0.25,0.0,0.05,0.9999170785100666,-0.11819160000000001,11,99.49121184088807
0.65,0.05,0.25,0.05,0.0,0.99988805598859,-0.11625035,15,99.30619796484737
0.65,0.05,0.3,0.0,0.0,0.99986317954161,-0.16579110000000002,10,99.53746530989824
0.65,0.1,0.0,0.0,0.25,0.9998922020630867,-0.12296995000000005,21,99.02867715078631
0.65,0.1,0.0,0.05,0.2,0.99990049421208,-0.0914930000000001,24,98.88991674375578
0.65,0.1,0.0,0.1,0.15,0.99988805598859,-0.1050241500000001,26,98.79740980573543
0.65,0.1,0.0,0.15,0.1,0.99982586487114,-0.13486305000000004,26,98.79740980573543
0.65,0.1,0.0,0.2,0.05,0.9997346512322134,-0.16470195000000004,24,98.88991674375578
0.65,0.1,0.0,0.25,0.0,0.9996227072208034,-0.19454085000000004,27,98.75115633672526
0.65,0.1,0.05,0.0,0.2,0.9999461010315434,-0.062118549999999995,19,99.12118408880666
0.65,0.1,0.05,0.05,0.15,0.9999543931805367,-0.06438575000000002,21,99.02867715078631
0.65,0.1,0.05,0.1,0.1,0.9999336628080533,-0.09422465000000008,23,98.93617021276596
0.65,0.1,0.05,0.15,0.05,0.99986317954161,-0.12406354999999997,22,98.98242368177613
0.65,0.1,0.05,0.2,0.0,0.9997429433812067,-0.15390244999999997,26,98.79740980573543
0.65,0.1,0.1,0.0,0.15,0.99997512355302,-0.024578800000000012,18,99.16743755781684
0.65,0.1,0.1,0.05,0.1,0.9999709774785234,-0.05358625000000006,17,99.21369102682701
0.65,0.1,0.1,0.1,0.05,0.9999461010315434,-0.08342515000000006,19,99.12118408880666
0.65,0.1,0.1,0.15,0.0,0.9998465952436233,-0.12396560000000006,19,99.12118408880666
0.65,0.1,0.15,0.0,0.1,0.99997512355302,-0.032943000000000056,12,99.44495837187789
0.65,0.1,0.15,0.05,0.05,0.9999543931805367,-0.06895055000000005,14,99.35245143385754
0.65,0.1,0.15,0.1,0.0,0.99990049421208,-0.1160255,19,99.12118408880666
0.65,0.1,0.2,0.0,0.05,0.9999585392550333,-0.07449350000000005,11,99.49121184088807
0.65,0.1,0.2,0.05,0.0,0.9999295167335567,-0.1080854,15,99.30619796484737
0.65,0.1,0.25,0.0,0.0,0.9999087863610734,-0.12209300000000001,13,99.39870490286772
0.65,0.15,0.0,0.0,0.2,0.9999419549570466,-0.07396975,20,99.07493061979649
0.65,0.15,0.0,0.05,0.15,0.9999419549570466,-0.06376580000000004,23,98.93617021276596
0.65,0.15,0.0,0.1,0.1,0.99991293243557,-0.0936047000000001,26,98.79740980573543
0.65,0.15,0.0,0.15,0.05,0.9998465952436233,-0.12344359999999999,25,98.84366327474561
0.65,0.15,0.0,0.2,0.0,0.9997305051577167,-0.15328250000000004,28,98.70490286771508
0.65,0.15,0.05,0.0,0.15,0.99997512355302,-0.025230050000000004,20,99.07493061979649
0.65,0.15,0.05,0.05,0.1,0.9999585392550333,-0.05296630000000002,20,99.07493061979649
0.65,0.15,0.05,0.1,0.05,0.9999461010315434,-0.08280520000000002,21,99.02867715078631
0.65,0.15,0.05,0.15,0.0,0.99985074131812,-0.1246218,22,98.98242368177613
0.65,0.15,0.1,0.0,0.1,0.9999792696275167,-0.03460075000000007,14,99.35245143385754
0.65,0.15,0.1,0.05,0.05,0.9999585392550333,-0.07060830000000007,15,99.30619796484737
0.65,0.15,0.1,0.1,0.0,0.99991293243557,-0.1166817,18,99.16743755781684
0.65,0.15,0.15,0.0,0.05,0.99996268532953,-0.0731729000000001,12,99.44495837187789
0.65,0.15,0.15,0.05,0.0,0.9999295167335567,-0.1091804500000001,15,99.30619796484737
0.65,0.15,0.2,0.0,0.0,0.99993780888255,-0.11174505000000007,12,99.44495837187789
0.65,0.2,0.0,0.0,0.15,0.9999419549570466,-0.058670650000000046,22,98.98242368177613
0.65,0.2,0.0,0.05,0.1,0.9999295167335567,-0.07052284999999997,20,99.07493061979649
0.65,0.2,0.0,0.1,0.05,0.9999087863610734,-0.09839639999999994,21,99.02867715078631
0.65,0.2,0.0,0.15,0.0,0.9998341570201333,-0.12626994999999996,22,98.98242368177613
0.65,0.2,0.05,0.0,0.1,0.9999543931805367,-0.06425084999999997,15,99.30619796484737
0.65,0.2,0.05,0.05,0.05,0.9999336628080533,-0.09212439999999988,16,99.25994449583719
0.65,0.2,0.05,0.1,0.0,0.9999046402865767,-0.11999794999999991,18,99.16743755781684
0.65,0.2,0.1,0.0,0.05,0.99995024710604,-0.08585239999999994,13,99.39870490286772
0.65,0.2,0.1,0.05,0.0,0.9999212245845633,-0.11372594999999996,14,99.35245143385754
0.65,0.2,0.15,0.0,0.0,0.9999295167335567,-0.11340280000000003,11,99.49121184088807
0.65,0.25,0.0,0.0,0.1,0.9999170785100666,-0.11007600000000001,15,99.30619796484737
0.65,0.25,0.0,0.05,0.05,0.9998963481375833,-0.13781704999999994,15,99.30619796484737
0.65,0.25,0.0,0.1,0.0,0.9998797638395966,-0.16569060000000002,18,99.16743755781684
0.65,0.25,0.05,0.0,0.05,0.99992537065906,-0.13154504999999994,12,99.44495837187789
0.65,0.25,0.05,0.05,0.0,0.9999087863610734,-0.15941859999999997,14,99.35245143385754
0.65,0.25,0.1,0.0,0.0,0.9999212245845633,-0.15314660000000002,12,99.44495837187789
0.65,0.3,0.0,0.0,0.05,0.99991293243557,-0.17723769999999994,15,99.30619796484737
0.65,0.3,0.0,0.05,0.0,0.9998922020630867,-0.20511125000000002,16,99.25994449583719
0.65,0.3,0.05,0.0,0.0,0.9998922020630867,-0.19883924999999997,15,99.30619796484737
0.65,0.35,0.0,0.0,0.0,0.9998424491691267,-0.24453190000000002,15,99.30619796484737
0.7,0.0,0.0,0.0,0.3,0.9996807522637566,-0.2383725,25,98.84366327474561
0.7,0.0,0.0,0.05,0.25,0.9996931904872467,-0.2033991,30,98.61239592969473
0.7,0.0,0.0,0.1,0.2,0.99968904441275,-0.18481359999999997,32,98.51988899167438
0.7,0.0,0.0,0.15,0.15,0.9995936846993266,-0.18313419999999997,35,98.38112858464385
0.7,0.0,0.0,0.2,0.1,0.9995024710604,-0.22091969999999994,35,98.38112858464385
0.7,0.0,0.0,0.25,0.05,0.9993449202295267,-0.2594067499999999,35,98.38112858464385
0.7,0.0,0.0,0.3,0.0,0.9990837175362367,-0.29789379999999993,36,98.33487511563366
0.7,0.0,0.05,0.0,0.25,0.9997719659026834,-0.1775211,24,98.88991674375578
0.7,0.0,0.05,0.05,0.2,0.9997926962751666,-0.14857770000000003,28,98.70490286771508
0.7,0.0,0.05,0.1,0.15,0.99976367375369,-0.1424958,31,98.56614246068455
0.7,0.0,0.05,0.15,0.1,0.9996724601147633,-0.17233469999999995,33,98.47363552266421
0.7,0.0,0.05,0.2,0.05,0.9995356396563734,-0.20217359999999995,34,98.42738205365403
0.7,0.0,0.05,0.25,0.0,0.9993780888255,-0.2346777499999999,33,98.47363552266421
0.7,0.0,0.1,0.0,0.2,0.99982586487114,-0.11842019999999998,21,99.02867715078631
0.7,0.0,0.1,0.05,0.15,0.9998424491691267,-0.10441814999999999,29,98.6586493987049
0.7,0.0,0.1,0.1,0.1,0.99978855020067,-0.1316963,30,98.61239592969473
0.7,0.0,0.1,0.15,0.05,0.99966416796577,-0.16153519999999988,32,98.51988899167438
0.7,0.0,0.1,0.2,0.0,0.99956466217785,-0.19137409999999988,31,98.56614246068455
0.7,0.0,0.15,0.0,0.15,0.9998548873926166,-0.11232015000000001,23,98.93617021276596
0.7,0.0,0.15,0.05,0.1,0.9998590334671134,-0.10264600000000007,27,98.75115633672526
0.7,0.0,0.15,0.1,0.05,0.9997926962751666,-0.12089679999999997,28,98.70490286771508
0.7,0.0,0.15,0.15,0.0,0.9996600218912733,-0.15073569999999997,32,98.51988899167438
0.7,0.0,0.2,0.0,0.1,0.9998424491691267,-0.11054799999999998,23,98.93617021276596
0.7,0.0,0.2,0.05,0.05,0.99983830309463,-0.1046121000000001,25,98.84366327474561
0.7,0.0,0.2,0.1,0.0,0.9997512355302,-0.12000419999999995,27,98.75115633672526
0.7,0.0,0.25,0.0,0.05,0.9998051344986567,-0.15571710000000005,20,99.07493061979649
0.7,0.0,0.25,0.05,0.0,0.99977611197718,-0.15221160000000006,21,99.02867715078631
0.7,0.0,0.3,0.0,0.0,0.99973879730671,-0.20331660000000001,15,99.30619796484737
0.7,0.05,0.0,0.0,0.25,0.9997926962751666,-0.17942284999999997,24,98.88991674375578
0.7,0.05,0.0,0.05,0.2,0.9997968423496634,-0.14920825000000004,28,98.70490286771508
0.7,0.05,0.0,0.1,0.15,0.99976367375369,-0.14187585000000003,32,98.51988899167438
0.7,0.05,0.0,0.15,0.1,0.9996683140402667,-0.17171474999999997,34,98.42738205365403
0.7,0.05,0.0,0.2,0.05,0.9995563700288567,-0.20155364999999997,34,98.42738205365403
0.7,0.05,0.0,0.25,0.0,0.9993988191979833,-0.23139255000000003,35,98.38112858464385
0.7,0.05,0.05,0.0,0.2,0.99983830309463,-0.11857144999999997,23,98.93617021276596
0.7,0.05,0.05,0.05,0.15,0.99985074131812,-0.10123744999999995,29,98.6586493987049
0.7,0.05,0.05,0.1,0.1,0.9998175727221467,-0.13107635,31,98.56614246068455
0.7,0.05,0.05,0.15,0.05,0.9997180669342267,-0.1609152499999999,32,98.51988899167438
0.7,0.05,0.05,0.2,0.0,0.99957710040134,-0.19075414999999996,32,98.51988899167438
0.7,0.05,0.1,0.0,0.15,0.9998963481375833,-0.06634435,22,98.98242368177613
0.7,0.05,0.1,0.05,0.1,0.9998839099140934,-0.09043794999999999,25,98.84366327474561
0.7,0.05,0.1,0.1,0.05,0.9998217187966434,-0.12027684999999999,28,98.70490286771508
0.7,0.05,0.1,0.15,0.0,0.9996973365617433,-0.15011574999999994,31,98.56614246068455
0.7,0.05,0.15,0.0,0.1,0.9999170785100666,-0.06457220000000008,22,98.98242368177613
0.7,0.05,0.15,0.05,0.05,0.99988805598859,-0.08565439999999996,24,98.88991674375578
0.7,0.05,0.15,0.1,0.0,0.9997844041261733,-0.12166194999999991,27,98.75115633672526
0.7,0.05,0.2,0.0,0.05,0.9998963481375833,-0.11201900000000004,18,99.16743755781684
0.7,0.05,0.2,0.05,0.0,0.9998424491691267,-0.12422654999999994,22,98.98242368177613
0.7,0.05,0.25,0.0,0.0,0.9998217187966434,-0.1596185,17,99.21369102682701
0.7,0.1,0.0,0.0,0.2,0.9998465952436233,-0.12047319999999995,24,98.88991674375578
0.7,0.1,0.0,0.05,0.15,0.9998590334671134,-0.10061749999999997,31,98.56614246068455
0.7,0.1,0.0,0.1,0.1,0.9998175727221467,-0.13045640000000003,33,98.47363552266421
0.7,0.1,0.0,0.15,0.05,0.9997097747852334,-0.16029529999999992,33,98.47363552266421
0.7,0.1,0.0,0.2,0.0,0.9995688082523467,-0.19013419999999992,32,98.51988899167438
0.7,0.1,0.05,0.0,0.15,0.9999170785100666,-0.06081939999999991,23,98.93617021276596
0.7,0.1,0.05,0.05,0.1,0.9998963481375833,-0.08981799999999995,27,98.75115633672526
0.7,0.1,0.05,0.1,0.05,0.9998424491691267,-0.11965689999999995,30,98.61239592969473
0.7,0.1,0.05,0.15,0.0,0.9997222130087233,-0.14949579999999996,30,98.61239592969473
0.7,0.1,0.1,0.0,0.1,0.9999295167335567,-0.05130459999999998,21,99.02867715078631
0.7,0.1,0.1,0.05,0.05,0.99991293243557,-0.08731214999999998,24,98.88991674375578
0.7,0.1,0.1,0.1,0.0,0.9998217187966434,-0.12331969999999998,27,98.75115633672526
0.7,0.1,0.15,0.0,0.05,0.9999170785100666,-0.08987675,19,99.12118408880666
0.7,0.1,0.15,0.05,0.0,0.99988805598859,-0.1258843,19,99.12118408880666
0.7,0.1,0.2,0.0,0.0,0.9998922020630867,-0.12844889999999998,15,99.30619796484737
0.7,0.15,0.0,0.0,0.15,0.9998922020630867,-0.0616776,22,98.98242368177613
0.7,0.15,0.0,0.05,0.1,0.9998714716906033,-0.08919805000000003,26,98.79740980573543
0.7,0.15,0.0,0.1,0.05,0.9998300109456366,-0.11903695000000003,32,98.51988899167438
0.7,0.15,0.0,0.15,0.0,0.9996931904872467,-0.14887584999999998,31,98.56614246068455
0.7,0.15,0.05,0.0,0.1,0.9999170785100666,-0.05296234999999999,19,99.12118408880666
0.7,0.15,0.05,0.05,0.05,0.99991293243557,-0.08896989999999999,22,98.98242368177613
0.7,0.15,0.05,0.1,0.0,0.99982586487114,-0.12497744999999993,28,98.70490286771508
0.7,0.15,0.1,0.0,0.05,0.99992537065906,-0.09153450000000002,19,99.12118408880666
0.7,0.15,0.1,0.05,0.0,0.9998963481375833,-0.12754205000000007,19,99.12118408880666
0.7,0.15,0.15,0.0,0.0,0.9999170785100666,-0.13010665000000005,14,99.35245143385754
0.7,0.2,0.0,0.0,0.1,0.99988805598859,-0.09138879999999994,20,99.07493061979649
0.7,0.2,0.0,0.05,0.05,0.9998673256161067,-0.11926234999999985,20,99.07493061979649
0.7,0.2,0.0,0.1,0.0,0.9998051344986567,-0.14713589999999988,27,98.75115633672526
0.7,0.2,0.05,0.0,0.05,0.99991293243557,-0.11299034999999985,18,99.16743755781684
0.7,0.2,0.05,0.05,0.0,0.9998673256161067,-0.14086389999999993,20,99.07493061979649
0.7,0.2,0.1,0.0,0.0,0.99990049421208,-0.13459189999999993,16,99.25994449583719
0.7,0.25,0.0,0.0,0.05,0.99986317954161,-0.1586829999999999,18,99.16743755781684
0.7,0.25,0.0,0.05,0.0,0.9998465952436233,-0.18655654999999993,19,99.12118408880666
0.7,0.25,0.05,0.0,0.0,0.9998673256161067,-0.18028454999999993,15,99.30619796484737
0.7,0.3,0.0,0.0,0.0,0.99982586487114,-0.22597719999999993,17,99.21369102682701
0.75,0.0,0.0,0.0,0.25,0.9995936846993266,-0.23587575000000005,33,98.47363552266421
0.75,0.0,0.0,0.05,0.2,0.99958953862483,-0.20692350000000004,36,98.33487511563366
0.75,0.0,0.0,0.1,0.15,0.99949003283691,-0.188338,37,98.2886216466235
0.75,0.0,0.0,0.15,0.1,0.9993822348999967,-0.20856644999999996,37,98.2886216466235
0.75,0.0,0.0,0.2,0.05,0.9992827291120767,-0.2441834499999999,40,98.14986123959298
0.75,0.0,0.0,0.25,0.0,0.9990837175362367,-0.28267049999999994,42,98.05735430157262
0.75,0.0,0.05,0.0,0.2,0.9996600218912733,-0.17502435,32,98.51988899167438
0.75,0.0,0.05,0.05,0.15,0.99966416796577,-0.15210210000000007,37,98.2886216466235
0.75,0.0,0.05,0.1,0.1,0.99957710040134,-0.16792805,37,98.2886216466235
0.75,0.0,0.05,0.15,0.05,0.9994444260174467,-0.19776694999999989,36,98.33487511563366
0.75,0.0,0.05,0.2,0.0,0.9992910212610701,-0.22760584999999994,40,98.14986123959298
0.75,0.0,0.1,0.0,0.15,0.99972635908322,-0.12401769999999995,29,98.6586493987049
0.75,0.0,0.1,0.05,0.1,0.99971392085973,-0.12728964999999992,36,98.33487511563366
0.75,0.0,0.1,0.1,0.05,0.9996061229228167,-0.15712854999999992,37,98.2886216466235
0.75,0.0,0.1,0.15,0.0,0.9994693024644267,-0.18696744999999987,39,98.19611470860315
0.75,0.0,0.15,0.0,0.1,0.99976367375369,-0.12224555000000004,30,98.61239592969473
0.75,0.0,0.15,0.05,0.05,0.99967660618926,-0.1164901499999999,37,98.2886216466235
0.75,0.0,0.15,0.1,0.0,0.99961441507181,-0.1463290499999999,37,98.2886216466235
0.75,0.0,0.2,0.0,0.05,0.99968904441275,-0.14954450000000002,31,98.56614246068455
0.75,0.0,0.2,0.05,0.0,0.9996351454442933,-0.14603900000000003,35,98.38112858464385
0.75,0.0,0.25,0.0,0.0,0.99965172974228,-0.19714399999999999,30,98.61239592969473
0.75,0.05,0.0,0.0,0.2,0.99967660618926,-0.17692610000000003,34,98.42738205365403
0.75,0.05,0.0,0.05,0.15,0.9996848983382534,-0.15273265000000008,40,98.14986123959298
0.75,0.05,0.0,0.1,0.1,0.9996185611463067,-0.16730810000000002,38,98.24236817761333
0.75,0.05,0.0,0.15,0.05,0.99946515638993,-0.1971469999999999,37,98.2886216466235
0.75,0.05,0.0,0.2,0.0,0.99932833593154,-0.2269858999999999,41,98.10360777058278
0.75,0.05,0.05,0.0,0.15,0.9997678198281866,-0.11649675000000004,31,98.56614246068455
0.75,0.05,0.05,0.05,0.1,0.9997346512322134,-0.12666969999999994,38,98.24236817761333
0.75,0.05,0.05,0.1,0.05,0.99961441507181,-0.15650859999999994,37,98.2886216466235
0.75,0.05,0.05,0.15,0.0,0.9994983249859033,-0.18634749999999994,38,98.24236817761333
0.75,0.05,0.1,0.0,0.1,0.9998217187966434,-0.08603129999999998,32,98.51988899167438
0.75,0.05,0.1,0.05,0.05,0.9997429433812067,-0.11587019999999992,35,98.38112858464385
0.75,0.05,0.1,0.1,0.0,0.99963929151879,-0.14570909999999998,37,98.2886216466235
0.75,0.05,0.15,0.0,0.05,0.9997844041261733,-0.10658059999999997,29,98.6586493987049
0.75,0.05,0.15,0.05,0.0,0.99972635908322,-0.14258814999999997,34,98.42738205365403
0.75,0.05,0.2,0.0,0.0,0.9997222130087233,-0.15344589999999997,31,98.56614246068455
0.75,0.1,0.0,0.0,0.15,0.9997595276791933,-0.11797645000000001,31,98.56614246068455
0.75,0.1,0.0,0.05,0.1,0.99973879730671,-0.12604974999999996,38,98.24236817761333
0.75,0.1,0.0,0.1,0.05,0.9996309993697967,-0.15588864999999996,38,98.24236817761333
0.75,0.1,0.0,0.15,0.0,0.9995066171348966,-0.1857275499999999,39,98.19611470860315
0.75,0.1,0.05,0.0,0.1,0.9998300109456366,-0.08541134999999994,31,98.56614246068455
0.75,0.1,0.05,0.05,0.05,0.9997553816046967,-0.11525024999999989,35,98.38112858464385
0.75,0.1,0.05,0.1,0.0,0.9996600218912733,-0.1450891499999999,36,98.33487511563366
0.75,0.1,0.1,0.0,0.05,0.99982586487114,-0.10823834999999998,29,98.6586493987049
0.75,0.1,0.1,0.05,0.0,0.9997678198281866,-0.14424590000000004,33,98.47363552266421
0.75,0.1,0.15,0.0,0.0,0.99980098842416,-0.1468105,28,98.70490286771508
0.75,0.15,0.0,0.0,0.1,0.99981342664765,-0.08479140000000002,31,98.56614246068455
0.75,0.15,0.0,0.05,0.05,0.9997429433812067,-0.11463029999999996,35,98.38112858464385
0.75,0.15,0.0,0.1,0.0,0.9996309993697967,-0.14446920000000002,37,98.2886216466235
0.75,0.15,0.05,0.0,0.05,0.9998341570201333,-0.1098961,30,98.61239592969473
0.75,0.15,0.05,0.05,0.0,0.9997512355302,-0.14590365,34,98.42738205365403
0.75,0.15,0.1,0.0,0.0,0.99982586487114,-0.14846825000000002,25,98.84366327474561
0.75,0.2,0.0,0.0,0.05,0.9997844041261733,-0.14012829999999987,29,98.6586493987049
0.75,0.2,0.0,0.05,0.0,0.9997346512322134,-0.1680018499999999,34,98.42738205365403
0.75,0.2,0.05,0.0,0.0,0.99978855020067,-0.1617298499999999,26,98.79740980573543
0.75,0.25,0.0,0.0,0.0,0.9997512355302,-0.20742249999999995,29,98.6586493987049
0.8,0.0,0.0,0.0,0.2,0.9993739427510033,-0.233379,43,98.01110083256243
0.8,0.0,0.0,0.05,0.15,0.9993573584530167,-0.21044790000000002,42,98.05735430157262
0.8,0.0,0.0,0.1,0.1,0.9992039536966401,-0.2041598,42,98.05735430157262
0.8,0.0,0.0,0.15,0.05,0.9991376165046933,-0.23399869999999995,45,97.9185938945421
0.8,0.0,0.0,0.2,0.0,0.99899250389731,-0.2674472,50,97.68732654949122
0.8,0.0,0.05,0.0,0.15,0.9995314935818767,-0.17421200000000003,45,97.9185938945421
0.8,0.0,0.05,0.05,0.1,0.9994071113469767,-0.16729195000000002,44,97.96484736355227
0.8,0.0,0.05,0.1,0.05,0.9992702908885867,-0.19336029999999998,43,98.01110083256243
0.8,0.0,0.05,0.15,0.0,0.9991376165046933,-0.22319919999999993,49,97.73358001850139
0.8,0.0,0.1,0.0,0.1,0.9995066171348966,-0.13905469999999992,42,98.05735430157262
0.8,0.0,0.1,0.05,0.05,0.99944027994295,-0.1527218999999999,43,98.01110083256243
0.8,0.0,0.1,0.1,0.0,0.9993158977080501,-0.1825607999999999,45,97.9185938945421
0.8,0.0,0.15,0.0,0.05,0.99951490928389,-0.14376535000000001,41,98.10360777058278
0.8,0.0,0.15,0.05,0.0,0.99939052704899,-0.159292,42,98.05735430157262
0.8,0.0,0.2,0.0,0.0,0.99947759461342,-0.19097139999999996,41,98.10360777058278
0.8,0.05,0.0,0.0,0.15,0.9995439318053667,-0.17484255000000004,44,97.96484736355227
0.8,0.05,0.0,0.05,0.1,0.99944027994295,-0.16290145,44,97.96484736355227
0.8,0.05,0.0,0.1,0.05,0.9992868751865733,-0.19274035,43,98.01110083256243
0.8,0.05,0.0,0.15,0.0,0.9991707851006667,-0.22257925,47,97.82608695652173
0.8,0.05,0.05,0.0,0.1,0.99955222395436,-0.12925024999999996,42,98.05735430157262
0.8,0.05,0.05,0.05,0.05,0.9994941789114067,-0.15210194999999993,43,98.01110083256243
0.8,0.05,0.05,0.1,0.0,0.9993449202295267,-0.18194085,44,97.96484736355227
0.8,0.05,0.1,0.0,0.05,0.9995812464758367,-0.1249422,41,98.10360777058278
0.8,0.05,0.1,0.05,0.0,0.9994941789114067,-0.16094975,43,98.01110083256243
0.8,0.05,0.15,0.0,0.0,0.99953978573087,-0.16351435000000003,41,98.10360777058278
0.8,0.1,0.0,0.0,0.1,0.9995480778798633,-0.1216431,41,98.10360777058278
0.8,0.1,0.0,0.05,0.05,0.9994983249859033,-0.15148199999999995,42,98.05735430157262
0.8,0.1,0.0,0.1,0.0,0.9993739427510033,-0.18132089999999995,44,97.96484736355227
0.8,0.1,0.05,0.0,0.05,0.9996268532953,-0.12659994999999996,40,98.14986123959298
0.8,0.1,0.05,0.05,0.0,0.9995314935818767,-0.16260750000000002,41,98.10360777058278
0.8,0.1,0.1,0.0,0.0,0.9996351454442933,-0.1651721,39,98.19611470860315
0.8,0.15,0.0,0.0,0.05,0.99960197684832,-0.12825770000000003,40,98.14986123959298
0.8,0.15,0.0,0.05,0.0,0.9995356396563734,-0.16426525000000003,42,98.05735430157262
0.8,0.15,0.05,0.0,0.0,0.9996309993697967,-0.16682985,39,98.19611470860315
0.8,0.2,0.0,0.0,0.0,0.9996102689973133,-0.18886779999999997,40,98.14986123959298
0.85,0.0,0.0,0.0,0.15,0.9991293243557,-0.23255779999999998,48,97.77983348751155
0.85,0.0,0.0,0.05,0.1,0.9990464028657667,-0.22025364999999997,49,97.73358001850139
0.85,0.0,0.0,0.1,0.05,0.9989510431523434,-0.22959204999999988,51,97.64107308048104
0.85,0.0,0.0,0.15,0.0,0.9988349530664367,-0.2594309499999999,53,97.54856614246069
0.85,0.0,0.05,0.0,0.1,0.9992039536966401,-0.19201639999999992,47,97.82608695652173
0.85,0.0,0.05,0.05,0.05,0.9990629871637534,-0.19563539999999996,49,97.73358001850139
0.85,0.0,0.05,0.1,0.0,0.9989510431523434,-0.21879254999999986,51,97.64107308048104
0.85,0.0,0.1,0.0,0.05,0.9991956615476467,-0.17985799999999996,45,97.9185938945421
0.85,0.0,0.1,0.05,0.0,0.9991003018342234,-0.19293729999999998,48,97.77983348751155
0.85,0.0,0.15,0.0,0.0,0.99924126836711,-0.18548234999999996,45,97.9185938945421
0.85,0.05,0.0,0.0,0.1,0.9992205379946267,-0.1822119499999999,47,97.82608695652173
0.85,0.05,0.0,0.05,0.05,0.9990961557597267,-0.18833369999999988,47,97.82608695652173
0.85,0.05,0.0,0.1,0.0,0.9990132342697934,-0.21817259999999994,50,97.68732654949122
0.85,0.05,0.05,0.0,0.05,0.99927858303758,-0.16925819999999997,44,97.96484736355227
0.85,0.05,0.05,0.05,0.0,0.9991749311751633,-0.19152199999999991,48,97.77983348751155
0.85,0.05,0.1,0.0,0.0,0.9993076055590567,-0.18187594999999995,44,97.96484736355227
0.85,0.1,0.0,0.0,0.05,0.9992951673355667,-0.15865839999999992,45,97.9185938945421
0.85,0.1,0.0,0.05,0.0,0.9991873693986534,-0.19010669999999996,47,97.82608695652173
0.85,0.1,0.05,0.0,0.0,0.9993615045275134,-0.1835336999999999,43,98.01110083256243
0.85,0.15,0.0,0.0,0.0,0.9993822348999967,-0.18519144999999992,45,97.9185938945421
0.9,0.0,0.0,0.0,0.1,0.9987976383959667,-0.24497809999999992,57,97.36355226641999
0.9,0.0,0.0,0.05,0.05,0.99866911008657,-0.24859710000000002,59,97.27104532839962
0.9,0.0,0.0,0.1,0.0,0.99855716607516,-0.2550242999999999,60,97.22479185938946
0.9,0.0,0.05,0.0,0.05,0.9988473912899267,-0.23368514999999995,56,97.40980573543015
0.9,0.0,0.05,0.05,0.0,0.9986898404590534,-0.23962744999999996,59,97.27104532839962
0.9,0.0,0.1,0.0,0.0,0.9988556834389201,-0.23161969999999998,52,97.59481961147087
0.9,0.05,0.0,0.0,0.05,0.99890543633288,-0.22308534999999996,53,97.54856614246069
0.9,0.05,0.0,0.05,0.0,0.9987520315765034,-0.22902764999999997,57,97.36355226641999
0.9,0.05,0.05,0.0,0.0,0.9989344588543567,-0.22101989999999988,50,97.68732654949122
0.9,0.1,0.0,0.0,0.0,0.9989717735248267,-0.21042009999999994,51,97.64107308048104
0.95,0.0,0.0,0.0,0.05,0.9982876712328768,-0.28751230000000005,68,96.85476410730804
0.95,0.0,0.0,0.05,0.0,0.9981674350724734,-0.2934546,68,96.85476410730804
0.95,0.0,0.05,0.0,0.0,0.99837059272281,-0.2854468499999999,67,96.90101757631822
0.95,0.05,0.0,0.0,0.0,0.9983913230952933,-0.27484705,67,96.90101757631822
1.0,0.0,0.0,0.0,0.0,0.9977403893993168,-0.33927399999999996,76,96.48473635522664
