filepath,ground_truth,system_verdict,final_score,score_Visual (Spatial),score_Audio (Mel+CNN),score_Audio Forensics (ECAPA),score_Cross-Modal (Lip-Sync),score_Facial Biometric (Quality)
38499_grune_haus_02_f000079_label_fake.npz,Fake,Deepfake,0.7222707778215409,0.1687198430299759,0.8933658599853516,1.0,0.9356442093849182,0.6136239767074585
55049_napoleonenchamartin_02_perezgaldos_f000007_label_fake.npz,Fake,Deepfake,0.6638124585151672,0.34496161341667175,0.47339698672294617,1.0,0.9692754745483398,0.5314282178878784
07919_common_voice_ru_30893143_label_fake.npz,Fake,Deepfake,0.5646055728197097,0.13690097630023956,0.393177330493927,0.9999998807907104,0.9736624360084534,0.3192872405052185
455_common_voice_ru_19224207_label_fake.npz,Fake,Deepfake,0.48103111460804937,0.34567850828170776,0.03511248156428337,0.9971438050270081,0.9585680365562439,0.06865274161100388
50535_corte_de_carlos_iv_01_perezgaldos_f000011_label_fake.npz,Fake,Deepfake,0.5838807046413422,0.0898846983909607,0.8449651002883911,0.9999918937683105,0.9650304317474365,0.01953139901161194
50901_6Z85idbdV4g_33_label_fake.npz,Fake,Real,0.31833890736858167,0.32031014561653137,0.2607905864715576,1.0918876114374143e-07,0.987117350101471,0.02347634546458721
45440_trafalgar_02_perezgaldos_f000020_label_fake.npz,Fake,Deepfake,0.6260368086397647,0.10690013319253922,0.9990745782852173,1.0,0.9882186651229858,0.03599066659808159
25732_tom_sawyer_01_f000097_label_fake.npz,Fake,Deepfake,0.46518227159976955,0.20402275025844574,0.12542696297168732,1.0,0.976202666759491,0.020258978009223938
40209_common_voice_en_21927584_label_fake.npz,Fake,Deepfake,0.7240248143672944,0.33777347207069397,0.6826304793357849,0.9957543611526489,0.9545511603355408,0.649414598941803
51047_common_voice_en_21884994_label_fake.npz,Fake,Deepfake,0.7399382889270782,0.3278702199459076,0.8694364428520203,0.9997603297233582,0.9808953404426575,0.5217291116714478
19_common_voice_ro_21375852_label_fake.npz,Fake,Deepfake,0.5170147705823184,0.12491586804389954,0.4506809413433075,0.9999998807907104,0.981963038444519,0.027514124289155006
01693_common_voice_en_27391104_label_fake.npz,Fake,Deepfake,0.464191858842969,0.15740494430065155,0.1648310124874115,1.0,0.978213369846344,0.02050996758043766
28090_common_voice_en_17275334_label_fake.npz,Fake,Deepfake,0.3926060289144516,0.10379357635974884,0.02509329468011856,0.9989281296730042,0.8017310500144958,0.033484093844890594
218_common_voice_ro_20795709_label_fake.npz,Fake,Deepfake,0.754196846485138,0.421758234500885,0.7774109244346619,0.9989286065101624,0.9809814691543579,0.5919049978256226
67719_4wAB59TPj9o_23_label_fake.npz,Fake,Real,0.2901545064523816,0.20588630437850952,0.04496106877923012,0.004880745895206928,0.9798797965049744,0.21516461670398712
63727_maerchen_001_f000090_label_fake.npz,Fake,Deepfake,0.4605327814817429,0.24844491481781006,0.027925021946430206,0.9509352445602417,0.962329089641571,0.11302963644266129
16616_common_voice_ru_18911050_label_fake.npz,Fake,Deepfake,0.7256352961063386,0.5755178928375244,0.2226490080356598,0.9988545179367065,0.9903880953788757,0.840766966342926
42469_eneida_01_virgilio_f000125_label_fake.npz,Fake,Deepfake,0.6707821096724544,0.539734959602356,0.9042293429374695,1.0219527979415943e-07,0.9757009148597717,0.934245228767395
48133_grune_haus_06_f000034_label_fake.npz,Fake,Deepfake,0.6586762003600597,0.2766374349594116,0.9846609234809875,1.0,0.9742876887321472,0.057794954627752304
64951_eneida_02_virgilio_f000036_label_fake.npz,Fake,Deepfake,0.39268586933612826,0.08161216974258423,0.8780339360237122,0.0050516556948423386,0.9705125689506531,0.028219016268849373
52725_grune_haus_06_f000006_label_fake.npz,Fake,Deepfake,0.6010296367108822,0.10774876922369003,0.9337829947471619,1.0,0.9176994562149048,0.04591696336865425
45077_corte_de_carlos_iv_01_perezgaldos_f000086_label_fake.npz,Fake,Deepfake,0.6935936063528062,0.23657910525798798,0.9995417594909668,0.9578886032104492,0.9529027938842773,0.3210557699203491
44527_eneida_01_virgilio_f000083_label_fake.npz,Fake,Real,0.29880854761214126,0.37675195932388306,0.07697746157646179,1.1054729753823267e-07,0.9368771910667419,0.10343601554632187
55740_20090401-0900-PLENARY-14-ro_20090401-19_34_15_6_label_fake.npz,Fake,Deepfake,0.5409798622131348,0.2352907657623291,0.30472779273986816,1.0,0.9530029296875,0.21187782287597656
01710_common_voice_zh-CN_18772227_label_fake.npz,Fake,Deepfake,0.47480418942868713,0.14836816489696503,0.2698664963245392,1.0,0.9400595426559448,0.015726743265986443
42303_cuentosclasicosprimera_02_poe_f000260_label_fake.npz,Fake,Deepfake,0.43470274526625874,0.08011443167924881,0.009269707836210728,0.9999310970306396,0.9811245203018188,0.10307396948337555
08909_common_voice_zh-CN_33572552_label_fake.npz,Fake,Deepfake,0.567657718062401,0.4053732752799988,0.24621863663196564,0.9998788833618164,0.9801612496376038,0.2066565454006195
30041_altehaus_001_f000013_label_fake.npz,Fake,Deepfake,0.7114979356527329,0.18140746653079987,0.9988510608673096,1.0,0.9543960690498352,0.4228350818157196
02188_napoleonenchamartin_01_perezgaldos_f000056_label_fake.npz,Fake,Deepfake,0.6740064024925232,0.2652699053287506,0.9828308820724487,1.0,0.9808385372161865,0.1410926878452301
03307_Die_Kanzlerin_direkt_10_13_f000012_label_fake.npz,Fake,Real,0.28318595997989177,0.22096805274486542,0.015840595588088036,0.03523470461368561,0.9481018781661987,0.1957845687866211
27995_maerchen_001_f000018_label_fake.npz,Fake,Deepfake,0.5406788632273675,0.5149650573730469,0.10781495273113251,0.9997997879981995,0.9752357006072998,0.10557881742715836
48752_common_voice_ru_20215548_label_fake.npz,Fake,Deepfake,0.623378199338913,0.32179903984069824,0.5531302094459534,0.999519944190979,0.9739780426025391,0.26846376061439514
55875_common_voice_en_25162864_label_fake.npz,Fake,Deepfake,0.49353955686092377,0.14495040476322174,0.266496479511261,0.8111515641212463,0.9846314787864685,0.26046785712242126
63221_common_voice_zh-CN_24189773_label_fake.npz,Fake,Deepfake,0.6945072114467622,0.10394689440727234,0.9966050386428833,1.0,0.9825507998466492,0.3894333243370056
07729_common_voice_en_194207_label_fake.npz,Fake,Deepfake,0.47230917960405355,0.3843526840209961,0.526888370513916,0.11294571310281754,0.9741083383560181,0.3632507920265198
42888_common_voice_zh-CN_21162638_label_fake.npz,Fake,Deepfake,0.7303516805171967,0.5749384164810181,0.4874219000339508,0.9713876247406006,0.9677611589431763,0.6502493023872375
65157_tom_sawyer_01_f000169_label_fake.npz,Fake,Deepfake,0.460494245029986,0.09173727035522461,0.008035232312977314,0.9999998807907104,0.9764081835746765,0.22629065811634064
229_common_voice_zh-CN_20924551_label_fake.npz,Fake,Deepfake,0.5412017166614533,0.33101707696914673,0.16422416269779205,1.0,0.9839507341384888,0.22681660950183868
28180_grune_haus_06_f000057_label_fake.npz,Fake,Deepfake,0.6448725871741772,0.22215105593204498,0.973696231842041,0.9993336796760559,0.9693771600723267,0.05980480834841728
59775_common_voice_en_19181726_label_fake.npz,Fake,Deepfake,0.607451092451811,0.2160731852054596,0.7926548719406128,1.0,0.9809669256210327,0.04756047949194908
51555_angelina_05_delgado_f000014_label_fake.npz,Fake,Real,0.25845130039379,0.13155333697795868,0.0023390850983560085,0.26926350593566895,0.8483370542526245,0.04076351970434189
380_common_voice_ru_18928082_label_fake.npz,Fake,Deepfake,0.35786886705318466,0.5698012709617615,0.13161225616931915,0.00023756391601637006,0.6187673807144165,0.4689258635044098
01918_common_voice_ro_25871068_label_fake.npz,Fake,Deepfake,0.42653428912162783,0.17402423918247223,0.05471199005842209,0.8538905382156372,0.9823498129844666,0.06769486516714096
68822_common_voice_en_692477_label_fake.npz,Fake,Deepfake,0.5169414818286896,0.26211509108543396,0.27768129110336304,0.9999998807907104,0.9846948981285095,0.06021624803543091
11398_common_voice_ru_19563811_label_fake.npz,Fake,Deepfake,0.6298071026802063,0.4134858548641205,0.27949008345603943,0.9999957084655762,0.9806978702545166,0.4753659963607788
01058_common_voice_ru_21383279_label_fake.npz,Fake,Deepfake,0.5745685398578644,0.2560819387435913,0.4629689157009125,0.9963621497154236,0.9537394642829895,0.20369023084640503
69714_Die_Kanzlerin_direkt_04_08_f000002_label_fake.npz,Fake,Deepfake,0.46552836708724504,0.3262886106967926,0.024010246619582176,0.884779155254364,0.9777801632881165,0.11478365957736969
39616_grune_haus_02_f000064_label_fake.npz,Fake,Deepfake,0.7613944947719575,0.18408146500587463,0.936413049697876,1.0,0.9919646978378296,0.6945132613182068
28378_common_voice_en_617035_label_fake.npz,Fake,Deepfake,0.598501218855381,0.07062146812677383,0.6926044821739197,0.9998989105224609,0.9616625308990479,0.26771870255470276
00906_YcyrVvEc7tg_4_label_fake.npz,Fake,Real,0.2267248103111342,0.17027811706066132,0.3011798560619354,1.8969622033182532e-06,0.46646204590797424,0.19570213556289673
55777_common_voice_zh-CN_28529274_label_fake.npz,Fake,Deepfake,0.6251222044229509,0.09981322288513184,0.9985916018486023,1.0,0.9897526502609253,0.0374535471200943
15283_common_voice_ru_39980170_label_fake.npz,Fake,Deepfake,0.4243417412042618,0.1308172643184662,0.3778214454650879,0.5938303470611572,0.9409793615341187,0.07826028764247894
03814_common_voice_ru_31379530_label_fake.npz,Fake,Real,0.28828684138134125,0.19595322012901306,0.0028891838155686855,0.0028636502102017403,0.986189067363739,0.2535390853881836
60_common_voice_zh-CN_33289763_label_fake.npz,Fake,Deepfake,0.47368052303791053,0.29425355792045593,0.05951641872525215,0.9999970197677612,0.9745426774024963,0.040092941373586655
41301_common_voice_zh-CN_27175443_label_fake.npz,Fake,Deepfake,0.5043296366930008,0.19440464675426483,0.15841585397720337,0.9999983310699463,0.9886189699172974,0.18021038174629211
23140_common_voice_zh-CN_22108033_label_fake.npz,Fake,Deepfake,0.5089071124792099,0.19403216242790222,0.22539444267749786,1.0,0.9538934826850891,0.1712154746055603
20111_common_voice_en_25549545_label_fake.npz,Fake,Deepfake,0.5451518863439561,0.2546682357788086,0.34053224325180054,0.9999673366546631,0.9609636068344116,0.16962800920009613
62670_common_voice_zh-CN_22182531_label_fake.npz,Fake,Deepfake,0.6364803828299046,0.2414429634809494,0.9376376271247864,1.0,0.9714600443840027,0.03186127915978432
42949_common_voice_ru_32987179_label_fake.npz,Fake,Deepfake,0.4920010730624199,0.7746866941452026,0.3107391595840454,0.08024566620588303,0.9658432006835938,0.32849064469337463
42446_20100907-0900-PLENARY-8-ro_20100907-15_52_49_6_label_fake.npz,Fake,Deepfake,0.49886383563280107,0.36081448197364807,0.1726997047662735,0.9999079704284668,0.9499044418334961,0.010992579162120819
19345_common_voice_en_36887059_label_fake.npz,Fake,Deepfake,0.6626740127801896,0.35904842615127563,0.8179064989089966,0.9515438675880432,0.9621719717979431,0.22269929945468903
58693_napoleonenchamartin_01_perezgaldos_f000001_label_fake.npz,Fake,Deepfake,0.5642585098743439,0.14165720343589783,0.5951911211013794,1.0,0.9834356904029846,0.10100853443145752
52599_cuentosclasicosprimera_00_poe_f000092_label_fake.npz,Fake,Deepfake,0.40257012844085693,0.07437344640493393,0.11040014773607254,0.9764010310173035,0.7021546959877014,0.14952132105827332
65873_common_voice_ru_31912470_label_fake.npz,Fake,Deepfake,0.4503963373601437,0.14606216549873352,0.019246716052293777,0.9999998807907104,0.9833012819290161,0.10337164252996445
36479_common_voice_es_21938830_label_fake.npz,Fake,Deepfake,0.4648427546024323,0.5487273335456848,0.47293516993522644,0.28787487745285034,0.9474550485610962,0.06722134351730347
24236_20191217-0900-PLENARY-ro_20191217-21_02_31_4_label_fake.npz,Fake,Deepfake,0.6436968445777894,0.4454129636287689,0.48609909415245056,0.9999945163726807,0.9778808355331421,0.3090968132019043
02606_common_voice_ru_23683855_label_fake.npz,Fake,Real,0.3208618983626366,0.2035396844148636,0.23194190859794617,0.07133527845144272,0.9199512600898743,0.1775413602590561
21878_common_voice_zh-CN_18848652_label_fake.npz,Fake,Real,0.2370996768237092,0.08021830767393112,0.11874684691429138,0.000837115861941129,0.973023533821106,0.01267257984727621
26649_cuentosclasicosprimera_02_poe_f000293_label_fake.npz,Fake,Deepfake,0.41708052158355713,0.10614781826734543,0.02814909815788269,0.9990345239639282,0.913362979888916,0.03870818763971329
104_common_voice_zh-CN_22106031_label_fake.npz,Fake,Deepfake,0.41024033005051025,0.7492150664329529,0.00764886662364006,1.042832991515752e-05,0.9726754426956177,0.3216518461704254
363_common_voice_zh-CN_22430473_label_fake.npz,Fake,Deepfake,0.46865566003834835,0.5881592631340027,0.7472332715988159,0.0005239734309725463,0.9341534972190857,0.0732082948088646
47739_common_voice_ru_19535263_label_fake.npz,Fake,Deepfake,0.5086493011564017,0.49872803688049316,0.02750241570174694,0.560667872428894,0.9448466897010803,0.5115014910697937
268_common_voice_zh-CN_22214492_label_fake.npz,Fake,Deepfake,0.6301513716578484,0.7433127760887146,0.0991748794913292,0.9999884366989136,0.9910812973976135,0.3171994686126709
04286_common_voice_en_9347172_label_fake.npz,Fake,Real,0.23265886871377006,0.21321849524974823,0.2686934769153595,5.838862853124738e-05,0.6033724546432495,0.07795152813196182
01391_common_voice_ru_19787771_label_fake.npz,Fake,Deepfake,0.4970621321350337,0.25771334767341614,0.02982241101562977,0.9999760389328003,0.9663735032081604,0.23142535984516144
00008_eneida_01_virgilio_f000082_label_fake.npz,Fake,Deepfake,0.39239758253097534,0.10067892074584961,0.891696035861969,0.0016261842101812363,0.9398460388183594,0.028140733018517494
40142_common_voice_zh-CN_22182533_label_fake.npz,Fake,Deepfake,0.6373981252312662,0.11092497408390045,0.9949259757995605,0.9998364448547363,0.9905106425285339,0.09079258888959885
02241_common_voice_ru_20423210_label_fake.npz,Fake,Deepfake,0.5219649650156498,0.46873509883880615,0.027712706476449966,0.9996020197868347,0.9824461936950684,0.13132880628108978
30575_common_voice_zh-CN_22148405_label_fake.npz,Fake,Deepfake,0.726083317399025,0.21047182381153107,0.9977065324783325,0.9999991655349731,0.8955462574958801,0.526692807674408
472_common_voice_zh-CN_20987268_label_fake.npz,Fake,Deepfake,0.5678084045648575,0.5225640535354614,0.1854373812675476,0.998747706413269,0.9533563256263733,0.17893655598163605
180_common_voice_ru_22459380_label_fake.npz,Fake,Deepfake,0.6303051253780724,0.7600868344306946,0.015579829923808575,0.8705876469612122,0.9851412773132324,0.5201300382614136
370_common_voice_ru_18903357_label_fake.npz,Fake,Deepfake,0.4233984894499372,0.6443083882331848,0.13588589429855347,1.1209122931177262e-05,0.9878346920013428,0.3489522635936737
35542_common_voice_en_657717_label_fake.npz,Fake,Deepfake,0.6060729056596756,0.13248814642429352,0.8878917098045349,1.0,0.9791756868362427,0.030808985233306885
03252_common_voice_zh-CN_22045349_label_fake.npz,Fake,Deepfake,0.6828459467738867,0.44507646560668945,0.9895169138908386,1.0,0.9609060287475586,0.018730325624346733
41133_common_voice_en_23705069_label_fake.npz,Fake,Deepfake,0.6011193931102753,0.18901807069778442,0.4966561496257782,0.9999996423721313,0.9235789179801941,0.3963441848754883
02220_common_voice_zh-CN_22058050_label_fake.npz,Fake,Deepfake,0.6181460082530975,0.07892992347478867,0.9645563960075378,0.9999855756759644,0.9546075463294983,0.09265059977769852
64368_cuentosclasicosprimera_02_poe_f000311_label_fake.npz,Fake,Deepfake,0.3993923317934176,0.29573747515678406,0.02830071747303009,8.02403192778911e-08,0.978270411491394,0.6946529746055603
41610_napoleonenchamartin_01_perezgaldos_f000039_label_fake.npz,Fake,Deepfake,0.7847812175750734,0.5577179193496704,0.9886306524276733,0.9999978542327881,0.9837257266044617,0.3938339352607727
00732_common_voice_ru_30612462_label_fake.npz,Fake,Deepfake,0.6271856375038625,0.608022928237915,0.048795316368341446,0.9225981831550598,0.9850945472717285,0.5714172124862671
64799_eneida_01_virgilio_f000099_label_fake.npz,Fake,Deepfake,0.35740264835520036,0.2565402090549469,0.3124544024467468,3.8870346941166645e-08,0.9654144644737244,0.2526041269302368
56599_common_voice_ru_19091488_label_fake.npz,Fake,Deepfake,0.5726054340600968,0.12990112602710724,0.5580034255981445,0.9999992847442627,0.9777652621269226,0.19735807180404663
48582_common_voice_en_22021327_label_fake.npz,Fake,Deepfake,0.6598452240228654,0.1078653484582901,0.9534379243850708,0.9989769458770752,0.9845308065414429,0.2544150948524475
05205_common_voice_en_35160780_label_fake.npz,Fake,Deepfake,0.6812286391854286,0.47005730867385864,0.9035130143165588,0.9951039552688599,0.9347853064537048,0.10268361121416092
00763_common_voice_ru_19644651_label_fake.npz,Fake,Deepfake,0.5782544225454331,0.14865142107009888,0.5665795803070068,0.9863196015357971,0.9750615954399109,0.2146599143743515
69071_altehaus_001_f000129_label_fake.npz,Fake,Deepfake,0.6739472210407257,0.2413005530834198,0.9823076725006104,1.0,0.9701187610626221,0.17600911855697632
48026_common_voice_zh-CN_33650304_label_fake.npz,Fake,Deepfake,0.4784777209162712,0.23605094850063324,0.1090732142329216,0.9999977350234985,0.9794995188713074,0.0677671879529953
the_sea_fairies_06_f000024_98_label_fake.npz,Fake,Deepfake,0.5728427477180958,0.16331742703914642,0.717558741569519,1.0,0.9454253911972046,0.03791217878460884
16380_common_voice_zh-CN_33120856_label_fake.npz,Fake,Deepfake,0.4667976699769497,0.18051284551620483,0.11926873028278351,0.9999986886978149,0.982966423034668,0.051241662353277206
the_sea_fairies_21_f000011_31_label_fake.npz,Fake,Deepfake,0.6800583690404892,0.19195036590099335,0.5792469382286072,0.9998113512992859,0.9753370881080627,0.6539461016654968
common_voice_es_22789207_52_label_fake.npz,Fake,Deepfake,0.5382547199726105,0.12766489386558533,0.5348067283630371,1.0,0.915515661239624,0.11328631639480591
02636_common_voice_ro_21398533_label_fake.npz,Fake,Deepfake,0.6001162216067314,0.18895669281482697,0.9808725118637085,1.0,0.7890491485595703,0.0417027547955513
03695_common_voice_ru_20441774_label_fake.npz,Fake,Deepfake,0.5465464770793914,0.31127581000328064,0.2882407605648041,0.9999922513961792,0.9819983243942261,0.1512252390384674
common_voice_es_19463699_60_label_fake.npz,Fake,Deepfake,0.4499634072184563,0.2236265391111374,0.06334967166185379,0.7425543665885925,0.8447816371917725,0.37550482153892517
midnight_passenger_04_f000106_34_label_fake.npz,Fake,Deepfake,0.5509374767541886,0.19213777780532837,0.3374660909175873,0.9999997615814209,0.9855368733406067,0.23954688012599945
08833_corte_de_carlos_iv_01_perezgaldos_f000091_label_fake.npz,Fake,Deepfake,0.45548575222492216,0.12531402707099915,0.9154388308525085,0.21333754062652588,0.9559100866317749,0.06742827594280243
20628_common_voice_en_622919_label_fake.npz,Fake,Deepfake,0.6206476449966432,0.19806784391403198,0.48753821849823,1.0,0.9762111902236938,0.4414209723472595
00742_common_voice_en_619651_label_fake.npz,Fake,Deepfake,0.5341508705168964,0.17769908905029297,0.5523638725280762,0.9999997615814209,0.9106982946395874,0.029993334785103798
common_voice_es_20573827_80_label_fake.npz,Fake,Deepfake,0.38835959136486053,0.0978410542011261,0.13666115701198578,0.6760657429695129,0.9502740502357483,0.08095595240592957
the_sea_fairies_06_f000022_10_label_fake.npz,Fake,Deepfake,0.629481928050518,0.08906909078359604,0.527119517326355,1.0,0.9603744745254517,0.5708465576171875
skyisland_08_baum_64kb_f000043_7_label_fake.npz,Fake,Deepfake,0.5474741276353597,0.07598759979009628,0.7787359952926636,1.0,0.8737701773643494,0.008876865729689598
common_voice_es_22464455_87_label_fake.npz,Fake,Deepfake,0.45392659567296506,0.17641359567642212,0.08321205526590347,0.9999603033065796,0.988854169845581,0.021192854270339012
common_voice_es_34574606_83_label_fake.npz,Fake,Deepfake,0.5349945306777955,0.3503853678703308,0.19173936545848846,0.9999566078186035,0.9768866896629333,0.1560046225786209
common_voice_es_20573962_49_label_fake.npz,Fake,Deepfake,0.5851819425821305,0.2788138687610626,0.24347160756587982,0.8982876539230347,0.9910861849784851,0.5142503976821899
28132_common_voice_ru_23718532_label_fake.npz,Fake,Real,0.23790407426422464,0.17101451754570007,0.03712387755513191,0.0005991730722598732,0.9295985698699951,0.05118423327803612
51434_common_voice_zh-CN_33367559_label_fake.npz,Fake,Deepfake,0.6076282799243927,0.09995239228010178,0.9986625909805298,1.0,0.9052327275276184,0.03429368883371353
poisoned_pen_03_f000103_30_label_fake.npz,Fake,Deepfake,0.7058932155370713,0.1909458488225937,0.8519966006278992,1.0,0.971166729927063,0.5153568983078003
03333_common_voice_zh-CN_19153231_label_fake.npz,Fake,Real,0.31440091067925097,0.25741180777549744,0.30008143186569214,0.004724044818431139,0.9134016633033752,0.09638560563325882
47767_common_voice_zh-CN_22971010_label_fake.npz,Fake,Deepfake,0.5097414940595627,0.3124788701534271,0.22126631438732147,0.9996718168258667,0.8704679012298584,0.14482256770133972
14222_common_voice_en_27570930_label_fake.npz,Fake,Deepfake,0.4421894758939744,0.100187748670578,0.07123986631631851,0.9999992847442627,0.974420428276062,0.0651000514626503
52896_common_voice_ru_20474938_label_fake.npz,Fake,Deepfake,0.5197392046451569,0.5022862553596497,0.3663453459739685,0.4212746024131775,0.9693852066993713,0.3394046127796173
04145_common_voice_ru_19245841_label_fake.npz,Fake,Real,0.33810866118413546,0.08929415792226791,0.17319773137569427,4.517154650329758e-09,0.9616032242774963,0.46644818782806396
50175_common_voice_ru_21813270_label_fake.npz,Fake,Deepfake,0.7297629147768021,0.7970969676971436,0.2214675098657608,0.9173445105552673,0.9780386090278625,0.7348669767379761
the_sea_fairies_20_f000133_18_label_fake.npz,Fake,Deepfake,0.5466273725032808,0.13875596225261688,0.7241522669792175,0.999756395816803,0.7065987586975098,0.16387347877025604
03909_common_voice_ru_19775676_label_fake.npz,Fake,Deepfake,0.5538691774010658,0.41825810074806213,0.10313937813043594,0.9999954700469971,0.9838845133781433,0.2640684247016907
47735_common_voice_zh-CN_22208681_label_fake.npz,Fake,Deepfake,0.6092084184288978,0.11919251084327698,0.9114643931388855,0.9946197271347046,0.9683486819267273,0.05241677910089493
49014_common_voice_en_21932725_label_fake.npz,Fake,Deepfake,0.4800548389554024,0.10895585268735886,0.3175254166126251,1.0,0.9440762996673584,0.029716625809669495
common_voice_es_33934431_38_label_fake.npz,Fake,Deepfake,0.6263586401939393,0.7171207666397095,0.28359222412109375,1.0,0.958901584148407,0.17217862606048584
common_voice_es_18849612_32_label_fake.npz,Fake,Deepfake,0.5556254640221596,0.0943465605378151,0.3178625702857971,0.9126701951026917,0.9721384644508362,0.48110952973365784
20477_common_voice_zh-CN_22185632_label_fake.npz,Fake,Deepfake,0.7111775398254395,0.32187727093696594,0.9981645941734314,1.0,0.9784404039382935,0.25740543007850647
common_voice_es_34408824_67_label_fake.npz,Fake,Deepfake,0.4562207341194153,0.09714041650295258,0.20892482995986938,0.9999589920043945,0.8977276086807251,0.07735182344913483
01677_common_voice_ru_25114540_label_fake.npz,Fake,Deepfake,0.5766516510397196,0.5259959697723389,0.020235570147633553,0.9999998807907104,0.9888184666633606,0.34820836782455444
common_voice_es_19489690_1_label_fake.npz,Fake,Deepfake,0.6148252218961716,0.6082415580749512,0.18719951808452606,0.7699426412582397,0.982898473739624,0.5258439183235168
16919_common_voice_en_692178_label_fake.npz,Fake,Deepfake,0.6283223956823349,0.16752420365810394,0.7045041918754578,1.0,0.982907235622406,0.2866763472557068
38871__IJo8qTTOmc_24_label_fake.npz,Fake,Deepfake,0.470281168209965,0.433207243680954,0.8666906952857971,5.483004201778385e-07,0.927628755569458,0.1238785982131958
46552_common_voice_en_35168941_label_fake.npz,Fake,Deepfake,0.4962702374905348,0.11075282096862793,0.36591458320617676,0.9999986886978149,0.9784817099571228,0.02620338462293148
08494_common_voice_zh-CN_18670824_label_fake.npz,Fake,Deepfake,0.8689658641815187,0.589031994342804,0.9999755620956421,1.0,0.9678300619125366,0.7879917025566101
225_common_voice_zh-CN_33384764_label_fake.npz,Fake,Deepfake,0.683381137251854,0.6512355804443359,0.5424920916557312,1.0,0.9901851415634155,0.23299287259578705
06784_corte_de_carlos_iv_02_perezgaldos_f000037_label_fake.npz,Fake,Deepfake,0.6032858066260816,0.11156423389911652,0.9491621851921082,0.9998728036880493,0.9225549697875977,0.03327484056353569
75_common_voice_zh-CN_33289582_label_fake.npz,Fake,Deepfake,0.6831341952085496,0.7523020505905151,0.06793175637722015,0.9999915361404419,0.981775164604187,0.6136704683303833
31550_angelina_01_delgado_f000055_label_fake.npz,Fake,Deepfake,0.5320803970098495,0.16088560223579407,0.07351882755756378,0.9193705320358276,0.9056715369224548,0.6009554862976074
71_common_voice_ru_21632430_label_fake.npz,Fake,Deepfake,0.36151379544244266,0.42431384325027466,0.2762649357318878,3.5385226510697976e-05,0.9500976800918579,0.15685713291168213
55550_20100706-0900-PLENARY-13-ro_20100706-21_12_41_0_label_fake.npz,Fake,Deepfake,0.7333551615476609,0.7635075449943542,0.904918909072876,0.19934289157390594,0.9818888306617737,0.8171176314353943
northandsouth_35_f000069_91_label_fake.npz,Fake,Deepfake,0.4932478219270706,0.26148390769958496,0.25195667147636414,1.0,0.9324797987937927,0.020318731665611267
common_voice_zh-CN_18659747_31_label_fake.npz,Fake,Deepfake,0.5793346256017685,0.4102165400981903,0.23397065699100494,0.677100419998169,0.9034090042114258,0.6719765067100525
pNogULi28gs_84_2_label_fake.npz,Fake,Deepfake,0.6650427386164666,0.36528608202934265,0.9559087753295898,0.9935296177864075,0.9236806631088257,0.08680855482816696
common_voice_zh-CN_19877960_52_label_fake.npz,Fake,Deepfake,0.4772067144513131,0.11217999458312988,0.2555793821811676,0.9999842643737793,0.9857792854309082,0.03251064568758011
common_voice_zh-CN_22196235_71_label_fake.npz,Fake,Deepfake,0.7060266852378846,0.35231083631515503,0.9963659048080444,1.0,0.9693771600723267,0.21207952499389648
common_voice_ru_31471414_81_label_fake.npz,Fake,Deepfake,0.581561127305031,0.376961886882782,0.3893463909626007,0.9999998807907104,0.9887239933013916,0.15277348458766937
common_voice_zh-CN_20052896_64_label_fake.npz,Fake,Deepfake,0.6648778222501278,0.3097253441810608,0.9870963096618652,0.998785674571991,0.9740002155303955,0.05478156730532646
common_voice_zh-CN_32518525_32_label_fake.npz,Fake,Deepfake,0.6704987674951554,0.31161001324653625,0.9868899583816528,1.0,0.9800193309783936,0.07397453486919403
common_voice_zh-CN_18997270_54_label_fake.npz,Fake,Deepfake,0.7273899048566819,0.20739243924617767,0.948484480381012,1.0,0.9770607948303223,0.5040118098258972
common_voice_zh-CN_22151783_29_label_fake.npz,Fake,Deepfake,0.6667362943291665,0.07038909941911697,0.9968296885490417,1.0,0.9111824631690979,0.35528022050857544
common_voice_ru_19085433_38_label_fake.npz,Fake,Deepfake,0.4018414940685034,0.16124072670936584,0.5118914246559143,0.024257434532046318,0.965171217918396,0.34664666652679443
common_voice_zh-CN_18772048_17_label_fake.npz,Fake,Deepfake,0.644528079032898,0.10720086097717285,0.9849033355712891,1.0,0.9629271030426025,0.1676090955734253
common_voice_zh-CN_18978530_92_label_fake.npz,Fake,Deepfake,0.477562552690506,0.34809938073158264,0.029094912111759186,1.0,0.9783425331115723,0.032275937497615814
y5Ya3RMsmAE_5_33_label_fake.npz,Fake,Real,0.33428039874757215,0.2927609980106354,0.28659549355506897,1.2976371088768701e-09,0.9739800691604614,0.11806543171405792
lSCTGJbObOg_287_1_label_fake.npz,Fake,Deepfake,0.6075178325176239,0.3913883566856384,0.7130684852600098,0.6015201210975647,0.908510684967041,0.4231015145778656
common_voice_ru_22917784_98_label_fake.npz,Fake,Deepfake,0.578834716975689,0.49221140146255493,0.059314750134944916,1.0,0.9681273698806763,0.37452006340026855
SY_xV-Raq3A_1080p_13_1_label_fake.npz,Fake,Deepfake,0.5808109521865844,0.6621518731117249,0.7663774490356445,0.13835951685905457,0.9685527086257935,0.36861321330070496
ZWWpghA1SJc_42_4_label_fake.npz,Fake,Real,0.2569939777255058,0.211936816573143,0.01763288676738739,0.05384853109717369,0.9431174397468567,0.05843421444296837
common_voice_ru_18904862_14_label_fake.npz,Fake,Deepfake,0.45395970642566685,0.48406678438186646,0.3101291358470917,0.08998851478099823,0.9592726230621338,0.4263414740562439
isvcQMD04ag_12_48_label_fake.npz,Fake,Deepfake,0.530121348053217,0.11348257958889008,0.5369936227798462,0.9994182586669922,0.9836152195930481,0.01709705963730812
common_voice_zh-CN_32970362_9_label_fake.npz,Fake,Deepfake,0.4986309286206961,0.20630112290382385,0.3060031235218048,1.0,0.9580895900726318,0.02276080660521984
3HtQi-i9WoY_45_95_label_fake.npz,Fake,Real,0.3275624498211983,0.14649073779582977,0.5331775546073914,4.7243429435184225e-06,0.9499410390853882,0.008198193274438381
common_voice_zh-CN_22236141_14_label_fake.npz,Fake,Deepfake,0.6562205851078033,0.13004599511623383,0.9851529598236084,0.9999997615814209,0.9783269762992859,0.1875772327184677
common_voice_ru_18922028_66_label_fake.npz,Fake,Deepfake,0.4352260690182448,0.13322508335113525,0.020230626687407494,0.9999868869781494,0.9847993850708008,0.037888363003730774
common_voice_zh-CN_22108415_22_label_fake.npz,Fake,Deepfake,0.5216912358999252,0.213933065533638,0.17915230989456177,1.0,0.9932008385658264,0.22216996550559998
common_voice_zh-CN_33125923_59_label_fake.npz,Fake,Deepfake,0.45621785745024684,0.09348654747009277,0.29840314388275146,1.0,0.8701901435852051,0.019009452313184738
U509hHthip8_16_2_label_fake.npz,Fake,Deepfake,0.6496840298175812,0.33609649538993835,0.5436333417892456,0.9999997615814209,0.9907864928245544,0.3779040575027466
common_voice_zh-CN_32597571_12_label_fake.npz,Fake,Deepfake,0.5294339856132865,0.3425525724887848,0.009414861910045147,1.0,0.9894915819168091,0.30571091175079346
JPYvFW_zMqE_4_38_label_fake.npz,Fake,Deepfake,0.36224187085172166,0.6469793319702148,0.011419082060456276,0.0006744504789821804,0.9755421876907349,0.1765943020582199
common_voice_ru_20410166_53_label_fake.npz,Fake,Deepfake,0.5938704192638398,0.22242094576358795,0.7150397896766663,0.9935856461524963,0.9436838626861572,0.09462185204029083
common_voice_ru_18905000_2_label_fake.npz,Fake,Deepfake,0.45633936934173114,0.20099662244319916,0.011165773496031761,0.40911027789115906,0.9638307094573975,0.6965934634208679
common_voice_ru_23768082_22_label_fake.npz,Fake,Deepfake,0.6209163478575648,0.273688942193985,0.0030484753660857677,0.9999998807907104,0.9785876274108887,0.8492568135261536
common_voice_zh-CN_32318631_7_label_fake.npz,Fake,Deepfake,0.6673516154289245,0.21845173835754395,0.9486002922058105,1.0,0.9511423707008362,0.21856367588043213
common_voice_zh-CN_23787279_42_label_fake.npz,Fake,Deepfake,0.5817604929208756,0.08462142944335938,0.15583498775959015,0.9999998807907104,0.9765210747718811,0.6918250918388367
common_voice_zh-CN_33120809_30_label_fake.npz,Fake,Deepfake,0.46545966491103175,0.1663615107536316,0.031366076320409775,1.0,0.9760791659355164,0.1534915715456009
common_voice_ru_25236840_84_label_fake.npz,Fake,Real,0.11142234914004803,0.16200454533100128,0.04271596670150757,0.02623266540467739,0.2533999979496002,0.07275857031345367
common_voice_zh-CN_18670823_53_label_fake.npz,Fake,Deepfake,0.7730449616909028,0.6480623483657837,0.9990512728691101,1.0,0.9519964456558228,0.266114741563797
20101110-0900-PLENARY-15-ro_20101110-22_33_56_0_95_label_fake.npz,Fake,Deepfake,0.719306555390358,0.24642996490001678,0.9012838006019592,1.0,0.9870731830596924,0.46174582839012146
common_voice_zh-CN_22937367_101_label_fake.npz,Fake,Deepfake,0.6550282299518586,0.14886781573295593,0.9874693155288696,0.999992847442627,0.9539524912834167,0.18485867977142334
common_voice_zh-CN_18688663_77_label_fake.npz,Fake,Deepfake,0.6196059107780457,0.22736753523349762,0.1923084706068039,0.9999998807907104,0.9711751341819763,0.70717853307724
common_voice_zh-CN_33378847_45_label_fake.npz,Fake,Deepfake,0.4830005217343569,0.10903960466384888,0.4036753475666046,1.0,0.8927680850028992,0.00951957143843174
common_voice_ru_20553786_94_label_fake.npz,Fake,Deepfake,0.4569681433960796,0.27823567390441895,0.009908760897815228,0.9999992847442627,0.9692213535308838,0.027475643903017044
common_voice_zh-CN_18977922_1_label_fake.npz,Fake,Deepfake,0.588075403869152,0.08011328428983688,0.9999734163284302,1.0,0.7246111631393433,0.13567915558815002
common_voice_zh-CN_19011112_88_label_fake.npz,Fake,Deepfake,0.7851905524730682,0.33949771523475647,0.9820350408554077,0.9999991655349731,0.9722736477851868,0.6321471929550171
U-npOf3jGt8_53_9_label_fake.npz,Fake,Deepfake,0.4101119048893452,0.4154864251613617,0.5499575138092041,0.03885985538363457,0.9403088688850403,0.1059468612074852
common_voice_ru_19843010_12_label_fake.npz,Fake,Real,0.3241556842694991,0.2209782898426056,0.3254548907279968,0.0005616866401396692,0.9773257970809937,0.09645775705575943
common_voice_zh-CN_19000976_57_label_fake.npz,Fake,Deepfake,0.663697661459446,0.3227159380912781,0.9999263286590576,0.9999997615814209,0.9801245927810669,0.01572168618440628
OpitcLEYak8_1080p_46_1_label_fake.npz,Fake,Deepfake,0.7789121210575104,0.612478494644165,0.9173028469085693,0.9999995231628418,0.9388943314552307,0.425885409116745
common_voice_ru_18920227_87_label_fake.npz,Fake,Deepfake,0.522855893522501,0.3074944317340851,0.05578892305493355,0.9999921321868896,0.9812383651733398,0.26976561546325684
FGAyYl3ZICw_91_2_label_fake.npz,Fake,Deepfake,0.4761041104793549,0.538864016532898,0.11005094647407532,0.6154432892799377,0.5488468408584595,0.5673154592514038
d2om_PGtwWY_36_1_label_fake.npz,Fake,Deepfake,0.3840108344564214,0.45769202709198,0.15537430346012115,0.0018961626337841153,0.9735233187675476,0.3315683603286743
QwWcO0-ne8c_6_2_label_fake.npz,Fake,Deepfake,0.4682819724082947,0.8110862970352173,0.1852491945028305,0.06534169614315033,0.9784806966781616,0.30125197768211365
RGRP2qovk30_4_1_label_fake.npz,Fake,Deepfake,0.7088199079036713,0.8174701929092407,0.12978562712669373,0.9998065829277039,0.7060247659683228,0.8910123705863953
mRNCLRo9JAM_31_4_label_fake.npz,Fake,Deepfake,0.4335620485246182,0.15755005180835724,0.04780656099319458,0.9999818801879883,0.9165210127830505,0.04595073685050011
Vbm1Z9Qjy0Q_4_1_label_fake.npz,Fake,Deepfake,0.6631982408463956,0.5161862969398499,0.9499218463897705,0.9999650716781616,0.8073564767837524,0.04256151244044304
85VgNDfQZwE_110_2_label_fake.npz,Fake,Deepfake,0.3998815554194153,0.3411484360694885,0.16678613424301147,0.0031038313172757626,0.9908809661865234,0.497488409280777
qwx4khg5myc_104_2_label_fake.npz,Fake,Deepfake,0.5196533715352416,0.27502867579460144,0.012228625826537609,0.9988081455230713,0.9767167568206787,0.33548465371131897
JRcV-A7r470_25_1_label_fake.npz,Fake,Deepfake,0.4066634399909617,0.49723750352859497,0.03064633160829544,5.80260575588909e-07,0.9209169149398804,0.5845158696174622
Tdgb6NvUjhk_162_2_label_fake.npz,Fake,Deepfake,0.45401415580395227,0.47754350304603577,0.5988395810127258,2.1633447886415524e-06,0.917823851108551,0.2758616805076599
vxvcZVCOMuc_1_6_label_fake.npz,Fake,Deepfake,0.43109656758606435,0.17671257257461548,0.05259053781628609,0.9999808073043823,0.9003595113754272,0.025839408859610558
cWmSTuFjb4o_169_1_label_fake.npz,Fake,Deepfake,0.745252275466919,0.5957607626914978,0.5959911346435547,0.8877750039100647,0.971007764339447,0.6757267117500305
Lv39BhZJ2mg_14_2_label_fake.npz,Fake,Deepfake,0.6896334350109101,0.33027562499046326,0.7972951531410217,0.9033764004707336,0.7814108729362488,0.6358091235160828
_-nNx99qK4A_96_1_label_fake.npz,Fake,Deepfake,0.37308950871229174,0.4266970157623291,0.04807532578706741,0.030047550797462463,0.9752206206321716,0.385407030582428
u5Ks53-THVE_22_2_label_fake.npz,Fake,Real,0.3047289647161961,0.21007834374904633,0.08881416916847229,0.047076571732759476,0.9423850178718567,0.23529072105884552
PXdPmUJN6k0_74_47_label_fake.npz,Fake,Real,0.3193810411466984,0.4087706208229065,0.04733206704258919,4.670057387556881e-05,0.9779426455497742,0.16281317174434662
_aOpII6y4cQ_14_1_label_fake.npz,Fake,Deepfake,0.6256807267665864,0.4271422326564789,0.3709390163421631,0.980608344078064,0.6726377606391907,0.6770762801170349
jyXGeTx0ttw_320_2_label_fake.npz,Fake,Deepfake,0.3680234127910808,0.30504873394966125,0.1873209923505783,0.001246881322003901,0.8134244680404663,0.5330759882926941
62ywI44YAxQ_32_5_label_fake.npz,Fake,Deepfake,0.4841812811791897,0.33241912722587585,0.08549124747514725,0.9999986886978149,0.975816011428833,0.02718133106827736
OhaNsbMOHak_0_2_label_fake.npz,Fake,Real,0.20850038201401908,0.2044920027256012,0.014948209747672081,7.862363204935718e-09,0.653940737247467,0.16912095248699188
wdNhtZOGxBw_220_11_label_fake.npz,Fake,Deepfake,0.7517650544643403,0.6346552968025208,0.968172550201416,0.9994331002235413,0.8126148581504822,0.34394946694374084
awNrju1X3zc_58_1_label_fake.npz,Fake,Deepfake,0.6856237947940828,0.5032450556755066,0.3521823585033417,0.9850987195968628,0.9717342853546143,0.6158585548400879
6naugGonRkE_1080p_71_5_label_fake.npz,Fake,Deepfake,0.7481231570243835,0.46132537722587585,0.996494472026825,0.9999998807907104,0.9673876166343689,0.3154084384441376
9X-SE-3CPw4_3448_6_label_fake.npz,Fake,Deepfake,0.5907252632081509,0.5291102528572083,0.049082767218351364,0.9977319240570068,0.9000555872917175,0.47764578461647034
zv3uM90m5Rg_31_3_label_fake.npz,Fake,Deepfake,0.7112806856632233,0.7841159701347351,0.5005632042884827,0.9983848333358765,0.9674662947654724,0.3058731257915497
WowrvQ9h9ao_22_1_label_fake.npz,Fake,Real,0.3411186821758747,0.5038960576057434,0.1724935621023178,0.05566178262233734,0.9329130053520203,0.04062900319695473
NHVXgWJiIcs_10_1_label_fake.npz,Fake,Real,0.33421171531081195,0.17519889771938324,0.01523679681122303,0.9992495179176331,0.45541736483573914,0.02595599927008152
hNA8I-JU3eg_50_8_label_fake.npz,Fake,Deepfake,0.604720550775528,0.29597973823547363,0.9754282832145691,0.6704874634742737,0.8862079381942749,0.19549933075904846
O0nL5vRlcfk_1004_5_label_fake.npz,Fake,Deepfake,0.3637320312363045,0.4002687633037567,0.053333815187215805,1.3907761058362667e-06,0.8838148713111877,0.4812413156032562
xGCuF-h-XVc_2_1_label_fake.npz,Fake,Deepfake,0.35645272769033914,0.16195985674858093,0.024233156815171242,0.6463624238967896,0.8780742883682251,0.07163391262292862
PHMafVnjks8_8_1_label_fake.npz,Fake,Deepfake,0.6446820184588433,0.1906551569700241,0.9826853275299072,0.9999997615814209,0.9677327275276184,0.08233711868524551
Uk6sPnRL0WQ_129_2_label_fake.npz,Fake,Deepfake,0.4379973083734513,0.12151689827442169,0.9313859939575195,0.21250444650650024,0.8413670063018799,0.08321219682693481
8tD-YwT4oAg_141_1_label_fake.npz,Fake,Real,0.31013091737404463,0.4614269733428955,0.022934427484869957,0.00559665123000741,0.9511575102806091,0.10953902453184128
XsQT0DygbJg_14_1_label_fake.npz,Fake,Deepfake,0.5764717429876328,0.5649491548538208,0.19608469307422638,0.8127378821372986,0.9651653170585632,0.34342166781425476
8tD-YwT4oAg_297_4_label_fake.npz,Fake,Deepfake,0.6041219860315323,0.5415017604827881,0.34444087743759155,0.9820392727851868,0.9140505790710449,0.2385774403810501
jXf9d1xHO34_1080p_30_8_label_fake.npz,Fake,Deepfake,0.5505654841661454,0.28009673953056335,0.5260900855064392,0.9071258306503296,0.9424372911453247,0.09707747399806976
9DTxDmLwFb8_1126_12_label_fake.npz,Fake,Deepfake,0.45786751918494706,0.3844313621520996,0.00974302552640438,0.7822688221931458,0.4984414279460907,0.6144529581069946
P7slA-LkA3s_30_3_label_fake.npz,Fake,Deepfake,0.6979842185974122,0.4897933602333069,0.9933661818504333,0.9679209589958191,0.447445273399353,0.5913953185081482
4ZO2_2nHaIk_36_1_label_fake.npz,Fake,Deepfake,0.4475632944630661,0.5853719115257263,0.3076469898223877,1.7776723097995273e-06,0.9713706374168396,0.373425155878067
ezja7-YQ72g_63_6_label_fake.npz,Fake,Deepfake,0.4546019118314519,0.4364672899246216,0.3670033812522888,4.675415823385265e-07,0.9753718972206116,0.4941665232181549
3C3zslsslRs_33_2_label_fake.npz,Fake,Real,0.16954343092393176,0.1595315933227539,0.00789017416536808,5.138886535860365e-06,0.6384949684143066,0.0417952798306942
u6akTRg2ecw_55_1_label_fake.npz,Fake,Deepfake,0.45049250312149525,0.5033064484596252,0.30694255232810974,0.00731564499437809,0.9635374546051025,0.4713604152202606
I-B_Oa6_eNU_228_2_label_fake.npz,Fake,Deepfake,0.35631770193576817,0.0910700187087059,0.033336736261844635,0.6979573369026184,0.944157063961029,0.01506735384464264
TDDNxuR1zs8_95_4_label_fake.npz,Fake,Real,0.24534290954470636,0.22234070301055908,0.22189445793628693,0.3487890660762787,0.41070273518562317,0.02298758551478386
lXXCH-gBGzI_79_3_label_fake.npz,Fake,Deepfake,0.6684861481189729,0.5818897485733032,0.9636459946632385,0.9982779026031494,0.3142775297164917,0.48433956503868103
zpEUWKUUxdY_48_1_label_fake.npz,Fake,Deepfake,0.472774988040328,0.41051435470581055,0.8306416273117065,0.016644245013594627,0.983024001121521,0.12305071204900742
awNrju1X3zc_21_2_label_fake.npz,Fake,Deepfake,0.5261753380298615,0.3469946086406708,0.20830100774765015,0.9523924589157104,0.9601752758026123,0.16301333904266357
62ywI44YAxQ_78_28_label_fake.npz,Fake,Deepfake,0.7044397570192814,0.5920193791389465,0.9012923240661621,0.9996790885925293,0.984538197517395,0.04466979578137398
J_ComKnl1hk_7_1_573_label_fake.npz,Fake,Real,0.26978624603507345,0.3073990046977997,0.01753772422671318,4.738898860523477e-05,0.953475296497345,0.07047181576490402
2NlEdgEI_mc_11_1_32_label_fake.npz,Fake,Real,0.2171998135745534,0.08434721827507019,0.002572856843471527,4.294898346744822e-15,0.9759948253631592,0.023084167391061783
dv4vM3Dbvxw_21_2_label_fake.npz,Fake,Real,0.3152983818205032,0.5144257545471191,0.02149776555597782,9.105586293647883e-13,0.9301158785820007,0.11045251041650772
069_591ac4fc-eBcoBBAa-zY_399_3_label_fake.npz,Fake,Real,0.1955891415554149,0.32015010714530945,0.057652510702610016,3.867498335474728e-11,0.1499299854040146,0.45021310448646545
6IXtQx8SwBE_54_3_label_fake.npz,Fake,Deepfake,0.625837928056717,0.28758981823921204,0.442599356174469,0.9697902202606201,0.9687048196792603,0.4605054259300232
60_Jmtasx4JReE_audio_1_512x512_1_1026_withaudio_label_fake.npz,Fake,Real,0.2802775762976483,0.32848501205444336,0.04835020750761032,6.334888668323158e-13,0.9696877598762512,0.054864902049303055
nBVWOmPTk-4_97_1_label_fake.npz,Fake,Deepfake,0.7308674454689027,0.35413312911987305,0.9883764386177063,0.9999724626541138,0.951860785484314,0.35999441146850586
M-3HEJpdx2I_103_3_label_fake.npz,Fake,Deepfake,0.512552859634161,0.2696339190006256,0.30823731422424316,0.9997410178184509,0.9558022618293762,0.029349785298109055
jV2pjBg0srU_802_7_label_fake.npz,Fake,Deepfake,0.4422926682978868,0.3348053991794586,0.7153664827346802,0.00749383307993412,0.3705757260322571,0.7832219004631042
8tD-YwT4oAg_389_2_label_fake.npz,Fake,Deepfake,0.6912261828780174,0.48225778341293335,0.9992848038673401,1.0,0.9377134442329407,0.036874882876873016
hR6MLH3vp80_1080p_114_1_711_label_fake.npz,Fake,Real,0.29862209680723023,0.31650009751319885,0.10915790498256683,0.0002530501806177199,0.9797229170799255,0.08747651427984238
1_Jasoml4DM_2_3_label_fake.npz,Fake,Deepfake,0.6542375832796097,0.7340074181556702,0.9928788542747498,1.0,0.2982803285121918,0.2460213154554367
RljjbDv06SE_81_1_label_fake.npz,Fake,Deepfake,0.5379985272884369,0.3858426511287689,0.25291237235069275,0.9430989027023315,0.8970308303833008,0.21110787987709045
024_036921f7-inQaPF2YoNw_262_2_label_fake.npz,Fake,Deepfake,0.4957796056524467,0.6890323758125305,0.02161208540201187,2.2130965948718995e-09,0.9848564267158508,0.7833971381187439
18393-xrvwv7kdiXk_0_1_label_fake.npz,Fake,Deepfake,0.5198424428701401,0.21801237761974335,0.322964608669281,0.9251579642295837,0.9469962120056152,0.18608105182647705
MzXkiK4ROhQ_55_3_label_fake.npz,Fake,Deepfake,0.725131344795227,0.4263330399990082,0.996282160282135,0.9999995231628418,0.959866464138031,0.24317553639411926
15906-1xWUAi4M_Dw_81_1_label_fake.npz,Fake,Deepfake,0.39930979537053757,0.5524168014526367,0.05763724073767662,1.0350592605234965e-10,0.8970974087715149,0.4893975257873535
56kjnBhGy8Y_1080p_87_3_label_fake.npz,Fake,Deepfake,0.446573787741363,0.5129383206367493,0.09719191491603851,0.010517879389226437,0.9777039289474487,0.6345168948173523
9CECkqcLjp4_1804_3_303_label_fake.npz,Fake,Real,0.3235692120286059,0.4331884980201721,0.23239222168922424,7.980680116759231e-09,0.941083550453186,0.011181781999766827
43935-7AldV8ATrJc_117_4_label_fake.npz,Fake,Deepfake,0.5163828685879708,0.40807875990867615,0.5458755493164062,0.11063063889741898,0.9400191903114319,0.5773102045059204
u5Ks53-THVE_56_1_label_fake.npz,Fake,Deepfake,0.7937834560871125,0.5886032581329346,0.9901898503303528,1.0,0.9781136512756348,0.41201052069664
27829-zv3uM90m5Rg_0_2_label_fake.npz,Fake,Deepfake,0.5584213110659904,0.8808097243309021,0.023508410900831223,1.2435236840246944e-07,0.9876809120178223,0.9001073837280273
437_q__LT1Js9gE_1080p_11_1_512x512_1_1803_withaudio_label_fake.npz,Fake,Deepfake,0.6503040015697479,0.3737388253211975,0.31933942437171936,0.9958850741386414,0.9900555610656738,0.5725011229515076
328_hGvKKIo4tKQ_1080p_19_2_512x512_1_1803_withaudio_label_fake.npz,Fake,Deepfake,0.4978637874126435,0.24549603462219238,0.17878706753253937,0.9182637333869934,0.9570633769035339,0.18970872461795807
0-BD5WJ_hBk_101_1_label_fake.npz,Fake,Deepfake,0.8910187959671021,0.7290255427360535,0.9904825687408447,0.9999997615814209,0.9738199710845947,0.7617661356925964
dMfH7JbxZdY_36_1_label_fake.npz,Fake,Deepfake,0.746754413843155,0.4464334547519684,0.7557695508003235,0.9641477465629578,0.9374743103981018,0.6299470067024231
Lqg5fiwIQso_45_1_label_fake.npz,Fake,Real,0.30627227180812044,0.4322594702243805,0.11532767862081528,0.00017991183267440647,0.9523425102233887,0.03125178813934326
VifDzyPgBNg_342_17_label_fake.npz,Fake,Deepfake,0.6211916565895081,0.27189770340919495,0.9982383251190186,0.9999785423278809,0.3679826259613037,0.4678610861301422
x92AnU6MUr0_112_2_label_fake.npz,Fake,Deepfake,0.6333916440606118,0.25875842571258545,0.9845628142356873,1.0,0.8596097826957703,0.06402719765901566
Z9_kN3rGJfE_54_1_label_fake.npz,Fake,Real,0.308884260058403,0.23551519215106964,0.08113591372966766,0.05960893630981445,0.9908155202865601,0.17734573781490326
Vbm1Z9Qjy0Q_24_1_label_fake.npz,Fake,Deepfake,0.7425689786672592,0.6020399332046509,0.9936821460723877,0.9999909400939941,0.9122034311294556,0.2049284428358078
NEEN8fSBuWI_370_1_45_label_fake.npz,Fake,Deepfake,0.5819208413362503,0.22129595279693604,0.5567030310630798,0.9998644590377808,0.9766006469726562,0.15514011681079865
WxdaDqICMP8_288_1_label_fake.npz,Fake,Deepfake,0.6358517810702324,0.2256639003753662,0.963778018951416,1.0,0.9111466407775879,0.07867034524679184
6GqonOcxCQQ_214_1_label_fake.npz,Fake,Deepfake,0.7383291602134705,0.41173291206359863,0.8787621259689331,0.999872088432312,0.9358136057853699,0.46546506881713867
33490.png_rGW7sZQ9AYY_822_2_label_fake.npz,Fake,Deepfake,0.6534618511795998,0.41775670647621155,0.5093010663986206,1.0,-1.0,0.6867896318435669
7Fe7jdI2WIA_44_1_label_fake.npz,Fake,Deepfake,0.6724736243486404,0.5170207619667053,0.07260818779468536,0.9527226090431213,0.9879896640777588,0.8320268988609314
VifDzyPgBNg_210_9_label_fake.npz,Fake,Deepfake,0.7296849966049195,0.46158367395401,0.8136962056159973,0.9999994039535522,0.9646909236907959,0.4084547758102417
jyXGeTx0ttw_581_21_label_fake.npz,Fake,Deepfake,0.43123409748077396,0.295107364654541,0.34552139043807983,0.8112404346466064,0.3910772502422333,0.31322404742240906
QCAqiTH6B4U_1080p_108_9_label_fake.npz,Fake,Deepfake,0.7374225556850433,0.48919039964675903,0.9874274730682373,0.971977710723877,0.9726430773735046,0.26587411761283875
QTau-xHsz80_69_1_label_fake.npz,Fake,Deepfake,0.6763036370277405,0.5629870295524597,0.9789782166481018,1.0,0.4008510112762451,0.43870192766189575
U7V-30eueTw_0_1_label_fake.npz,Fake,Deepfake,0.35681761503728926,0.2872203290462494,0.3853333294391632,1.7687703802948818e-05,0.9629154205322266,0.14860130846500397
PjGZ8ORHZc8_39_3_25fps--11755_56kjnBhGy8Y_1080p_40_1_25fps_label_fake.npz,Fake,Real,0.3302178099751472,0.48194408416748047,0.35115861892700195,0.06987033039331436,0.2624042332172394,0.4857117831707001
U-npOf3jGt8_29_1_345_label_fake.npz,Fake,Deepfake,0.44454407082685066,0.47092771530151367,0.06782297790050507,3.679925612232182e-06,0.9796386957168579,0.7043272852897644
00483.png_vebjQP6GXm0_306_1_label_fake.npz,Fake,Deepfake,0.4390306734479964,0.46950721740722656,0.0041453358717262745,1.4857293096858968e-20,0.978419303894043,0.7430815100669861
uaUeoNnxmco_232_5_label_real.npz,Real,Deepfake,0.3543506649126357,0.1196405291557312,0.7392796874046326,2.707763997022994e-05,0.9050053954124451,0.007800634950399399
VALyeyRDH1Q_37_9_label_fake.npz,Fake,Deepfake,0.527274450659752,0.23662324249744415,0.27454081177711487,0.7288159728050232,0.9755926728248596,0.4207995533943176
awNrju1X3zc_21_2_label_fake.npz,Fake,Deepfake,0.6912746369838715,0.3469946086406708,0.9861899614334106,1.0,0.9601752758026123,0.16301333904266357
wtCogf-htV0_71_1_label_fake.npz,Fake,Deepfake,0.7251389145851135,0.5908265709877014,0.9930732846260071,0.9999966621398926,0.771215558052063,0.27058249711990356
27g6HX_U3ns_6_3_521_label_fake.npz,Fake,Real,0.12698466014117002,0.07049789279699326,0.1341528445482254,1.0557819009994075e-18,0.4243507385253906,0.005921824835240841
18335-8pBbbHNytDg_73_4_label_fake.npz,Fake,Deepfake,0.4650256417691708,0.3737328052520752,0.006768327206373215,0.6168485879898071,0.9619436860084534,0.3658348023891449
15300-NZ7pKLrujBc_8_1_label_fake.npz,Fake,Deepfake,0.3578566350847723,0.3468457758426666,0.3853297829627991,4.712894678959856e-06,0.8897696137428284,0.16733328998088837
25116-53GIoeOAam4_6_2_label_fake.npz,Fake,Deepfake,0.5486889690354123,0.8728073239326477,0.008761568926274776,1.028008456138707e-09,0.9687817096710205,0.8930942416191101
15715-QwWcO0-ne8c_46_1_label_fake.npz,Fake,Deepfake,0.48567300736904145,0.8287672996520996,0.052367378026247025,0.045251842588186264,0.9894682765007019,0.5125102400779724
20709-O1JxQ9OyJRQ_40_2_label_fake.npz,Fake,Deepfake,0.569300463795662,0.5895489454269409,0.4449019134044647,0.07897715270519257,0.9705662727355957,0.7625080347061157
21007-O4A-dk60Njg_143_3_label_fake.npz,Fake,Deepfake,0.5720450833439827,0.6661495566368103,0.21297556161880493,0.12389305979013443,0.9845852255821228,0.872622013092041
Du1SKO_ri4w_48_139_60_label_fake.npz,Fake,Real,0.27432580635850173,0.203822523355484,0.045332275331020355,7.862642632971983e-06,0.9827006459236145,0.13976572453975677
20505-b4UXfBoC22A_53_1_label_fake.npz,Fake,Deepfake,0.44638952251298036,0.6935709118843079,0.10409054905176163,6.387744377889248e-08,0.9784294366836548,0.45585665106773376
15982_8-iiYu7NESU_532_3_label_fake.npz,Fake,Real,0.22499090936174654,0.0713612362742424,0.12326733022928238,6.9868264819528125e-12,0.9207570552825928,0.009568925015628338
02162_EoZRPfVRY7I_audio_2_label_fake.npz,Fake,Real,0.24102645508419301,0.0954805463552475,0.15435238182544708,7.46880823498941e-06,0.921213686466217,0.034078191965818405
18008-3NYH-zyIfZY_11_1_label_fake.npz,Fake,Deepfake,0.7633008748292923,0.8000850677490234,0.24650956690311432,0.8668386936187744,0.9892362952232361,0.9138347506523132
340_uaUeoNnxmco_audio_1_163_label_fake.npz,Fake,Deepfake,0.7357618927955627,0.5287933945655823,0.8742362260818481,0.9098193645477295,0.9799824953079224,0.38597798347473145
5722-cbtkoZUOR1A_19_3_label_fake.npz,Fake,Deepfake,0.4480786545202136,0.35187530517578125,0.8617821335792542,0.005104864947497845,0.9896356463432312,0.031995322555303574
20509-DCeJZTSFTXs_19_1_label_fake.npz,Fake,Deepfake,0.5384311825037003,0.18680498003959656,0.00553034245967865,0.9473053812980652,0.9605684876441956,0.5919467210769653
51_wdNhtZOGxBw_229_7_label_fake.npz,Fake,Real,0.3019456224283204,0.40522870421409607,0.10674382001161575,0.0004351352108642459,0.9826556444168091,0.014664808288216591
PHMafVnjks8_535_1_25fps--06843_Je9hLZKYTz4_93_15_25fps_label_fake.npz,Fake,Deepfake,0.4864779260475189,0.3878571093082428,0.8353860974311829,0.0005516840610653162,0.5968523621559143,0.611742377281189
_NxbN7iCl3w_9_1_label_real.npz,Real,Real,0.27346911133063484,0.258592814207077,0.09587713330984116,3.639100826235975e-11,0.938950777053833,0.07392483204603195
270_7AldV8ATrJc_205_1_label_fake.npz,Fake,Real,0.2939248134061927,0.15847109258174896,0.2982788681983948,0.00023383864026982337,0.9674673080444336,0.04517295956611633
GtBnj3Z3eO4_17_1_51_label_fake.npz,Fake,Real,0.3236752313156103,0.09037274122238159,0.06531169265508652,6.55491112411255e-06,0.9586309194564819,0.5040542483329773
278_HQILxqS831E_audio_2_98_label_fake.npz,Fake,Real,0.22244772718113381,0.10937545448541641,0.008681027218699455,0.00022611547319684178,0.9734702110290527,0.020485827699303627
343.png_Je9hLZKYTz4_122_42_label_fake.npz,Fake,Deepfake,0.5329791293479502,0.5092152953147888,0.8215454816818237,0.00414081709459424,0.849396824836731,0.48059722781181335
266_o4qerM8M37s_audio_3_512x512_1_1026_withaudio_label_fake.npz,Fake,Deepfake,0.45844061076641085,0.19784890115261078,0.19889718294143677,0.8657041192054749,0.9806531667709351,0.04909968376159668
74_NEEN8fSBuWI_302_1_label_fake.npz,Fake,Real,0.29067619198558536,0.29555803537368774,0.10260912775993347,2.528428922232706e-06,0.9841145277023315,0.0710967406630516
14206-WXosPmTQq4o_197_1_label_fake.npz,Fake,Real,0.33782738577574495,0.6020248532295227,0.00847858190536499,0.0002518659457564354,0.7604942917823792,0.3178873360157013
29164-b4UXfBoC22A_38_3_label_fake.npz,Fake,Deepfake,0.5732508961139449,0.8320698142051697,0.1402377188205719,1.8767158938004513e-09,0.9810832142829895,0.9128637313842773
201-D7nFQYc20k8_236_1_label_fake.npz,Fake,Deepfake,0.4828929513692856,0.6856264472007751,0.04085782170295715,0.17938323318958282,0.9571948647499084,0.5514023900032043
073_f39658d0.jpg_KyeC6d6MTSU_172_13_label_fake.npz,Fake,Deepfake,0.5514018925838173,0.5155854225158691,0.6867815852165222,0.0061001344583928585,0.9128869771957397,0.6356553435325623
4jEjuJX169k_342_1_442_label_fake.npz,Fake,Deepfake,0.3565876424312592,0.20170365273952484,0.13735421001911163,0.2961674928665161,0.9849463701248169,0.1627664864063263
7783-lSCTGJbObOg_347_1_label_fake.npz,Fake,Deepfake,0.4359018225222826,0.13958261907100677,0.17989173531532288,0.9869827032089233,0.858367383480072,0.01468467153608799
037_cff9f22d.jpg_Du1SKO_ri4w_83_12_label_fake.npz,Fake,Deepfake,0.4417899935443529,0.5410494208335876,0.27962711453437805,7.107356850610813e-06,0.9101981520652771,0.47806817293167114
GiRZf3AUfW0_18_1_25fps--199_dwyz8kUPW2M_audio_2_56_label_fake.npz,Fake,Deepfake,0.6610343635082245,0.6504803895950317,0.29640623927116394,0.9964242577552795,0.9319990873336792,0.429861843585968
193-ldI1peHBLa0_67_1_label_fake.npz,Fake,Deepfake,0.6933920741081239,0.3959317207336426,0.801933228969574,0.9061228632926941,0.9725322723388672,0.39044028520584106
6842-ADTwFvHACE4_90_1_label_fake.npz,Fake,Deepfake,0.3555398771539331,0.36997267603874207,0.22274237871170044,0.009678159840404987,0.9071069955825806,0.2681991755962372
8636-NkFOqfFDb1c_48_1_label_fake.npz,Fake,Real,0.3224186905502663,0.1998857706785202,0.2735525071620941,6.371706007257671e-08,0.9729913473129272,0.16566376388072968
1.png_UzfVjgZKjro_1080p_102_2_label_fake.npz,Fake,Deepfake,0.42737138392403723,0.7444011569023132,0.067156121134758,0.00012885639443993568,0.9763565063476562,0.3488142788410187
50266.png_oDO5ZDLTpaw_0_1_label_fake.npz,Fake,Real,0.33129710294306275,0.3426467478275299,0.020448261871933937,0.20676204562187195,0.9706436395645142,0.11598481982946396
D56tKWtAMbw_495_1_25fps--234_l0x-olnBLLg_330_5_25fps_label_fake.npz,Fake,Deepfake,0.4131440732628108,0.5148121118545532,0.02497192472219467,0.019575679674744606,0.9745005369186401,0.5318601131439209
1689-ADTwFvHACE4_67_1_label_fake.npz,Fake,Real,0.30146969298803017,0.3101789653301239,0.006819574162364006,6.972639675950631e-05,0.9435977935791016,0.24668240547180176
12627-pNogULi28gs_120_2_label_fake.npz,Fake,Deepfake,0.49808779880404475,0.6483082175254822,0.01887710765004158,0.06387976557016373,0.9834054708480835,0.7759684324264526
18428-a5bLHLqaNDg_153_5_label_fake.npz,Fake,Deepfake,0.45551418089598883,0.8144063949584961,0.16272936761379242,0.00016094862075988203,0.9551729559898376,0.3451012372970581
127-y0m5woySQhM_391_2_label_fake.npz,Fake,Real,0.3454616126487963,0.3326054811477661,0.04015979543328285,0.0005064852884970605,0.9476804733276367,0.4063558280467987
098_f0bc37c7.jpg_u-X671JqQWA_48_86_label_fake.npz,Fake,Real,0.33925653137266637,0.5454434156417847,0.047931067645549774,0.004401305690407753,0.5064367055892944,0.5920701622962952
10478-2WGnDrVPG8A_30_1_label_fake.npz,Fake,Deepfake,0.4370265162463056,0.6856934428215027,0.04189246520400047,1.0351216133130947e-06,0.9631785154342651,0.4943671226501465
077_e589a0e2_XblD1mtXBWY_4_1-batch-2025-02-06-13-00-20-332_label_fake.npz,Fake,Deepfake,0.41537699867039923,0.44488468766212463,0.2633601129055023,0.004923501051962376,0.9767448306083679,0.3869718611240387
15353-wCZJ8go4Q9A_7_12_label_fake.npz,Fake,Deepfake,0.484652650356334,0.5653287172317505,0.9450098872184753,2.0634978914382124e-13,0.4011934995651245,0.5117311477661133
27209.png_zBJP1v24Llk_71_1_label_fake.npz,Fake,Deepfake,0.37722847010591065,0.6057001352310181,0.26912572979927063,0.00022706741583533585,0.9713647365570068,0.0397246815264225
1661-M-3HEJpdx2I_32_1_label_fake.npz,Fake,Deepfake,0.5192125134170056,0.3928508460521698,0.062308039516210556,0.9999984502792358,0.9514296650886536,0.18947556614875793
21575-GgCnpDg0jwc_60_2_label_fake.npz,Fake,Real,0.271349773536349,0.22590035200119019,0.03549845889210701,5.28096170455683e-05,0.9763453602790833,0.11895188689231873
cyyeokhRDgI_889_1_label_real.npz,Real,Deepfake,0.5570159196853638,0.3717346787452698,0.8660441040992737,0.08800727128982544,0.9464874863624573,0.5128060579299927
027_7c6c360c.jpg_Lc0n7WuOwDs_1080p_159_5_label_fake.npz,Fake,Deepfake,0.5285697848278688,0.8330342173576355,0.10002705454826355,2.3696215976087842e-06,0.9699779748916626,0.7398073077201843
keEKlr2dG-I_47_2_label_real.npz,Real,Real,0.2537471518556302,0.3047812581062317,0.0910172164440155,9.631129671561212e-09,0.8645959496498108,0.00834132544696331
148_UzfVjgZKjro_1080p_102_2_512x512_1_1803_withaudio_label_fake.npz,Fake,Real,0.24902489669620995,0.1368062049150467,0.09435151517391205,0.005215341225266457,0.9554348587989807,0.05331656336784363
7oLtKHmwyRw_886_3_label_real.npz,Real,Deepfake,0.3583303062943741,0.5548752546310425,0.1792638599872589,0.0014233955880627036,0.9329050779342651,0.12318394333124161
19566-uHOEHOoQCWA_4_1_label_fake.npz,Fake,Real,0.3487065030624081,0.39656516909599304,0.012062976136803627,1.8749334458334488e-06,0.9192622303962708,0.415640264749527
072_c887ec5c.jpg_WYP2eizW7gY_157_1_label_fake.npz,Fake,Deepfake,0.4198241071691882,0.21873413026332855,0.5537918210029602,7.981016096891835e-07,0.9809070229530334,0.34568676352500916
497_A0COLvfTyjc_audio_3_66_label_fake.npz,Fake,Deepfake,0.40550313517451286,0.2657606601715088,0.6622133851051331,0.017115283757448196,0.9772631525993347,0.10516319423913956
316_PjGZ8ORHZc8_65_1_512x512_1_1803_withaudio_label_fake.npz,Fake,Real,0.21916219815611843,0.0789330005645752,0.026184240356087685,0.018800625577569008,0.9622173309326172,0.00967579334974289
UzfVjgZKjro_1080p_97_4_180_label_fake.npz,Fake,Deepfake,0.44553823388650926,0.6371041536331177,0.05564768612384796,1.1007837201759685e-05,0.9730418920516968,0.5618864297866821
22674-_-nNx99qK4A_58_4_label_fake.npz,Fake,Deepfake,0.4622186168853659,0.6239208579063416,0.022050276398658752,0.00013218066305853426,0.9892352223396301,0.6757545471191406
086_9b7a99a3.jpg_wdNhtZOGxBw_126_1_label_fake.npz,Fake,Real,0.31026292935275707,0.49963080883026123,0.02364955097436905,3.430844662943855e-05,0.9725885987281799,0.05541137978434563
497_1WuFbrHbnW8_94_5-batch-2025-02-06-13-00-20-201_label_fake.npz,Fake,Deepfake,0.6700147509574891,0.8234426975250244,0.13815197348594666,0.9959486722946167,0.9727607369422913,0.41976967453956604
9cwqheSOIkc_4_label_fake.npz,Fake,Real,0.22026820560015428,0.1401437520980835,0.0495828352868557,2.3430521411960115e-10,0.8895438313484192,0.022070609033107758
cyyeokhRDgI_300_24_label_real.npz,Real,Deepfake,0.5318455280187597,0.5079416632652283,0.8860650062561035,6.570763377844457e-10,0.8631398677825928,0.40208110213279724
286_7AldV8ATrJc_239_1_512x512_1_1803_withaudio_label_fake.npz,Fake,Real,0.29080920723066583,0.4040481746196747,0.05757841095328331,1.3694096878680284e-07,0.9566736221313477,0.03574569150805473
18161-J-vYXU4vqcY_1_1_label_fake.npz,Fake,Deepfake,0.42307582274079325,0.07158896327018738,0.11355479806661606,0.9973894953727722,0.9230524301528931,0.009793426841497421
063_1fb10bab.jpg_1aIMkhQHGO0_23_4_label_fake.npz,Fake,Deepfake,0.43142738946471776,0.7219491004943848,0.42745763063430786,4.070086490060021e-10,0.9206032752990723,0.08712694048881531
18849_vD3nsZApevw_204_1_label_fake.npz,Fake,Real,0.2487170874155709,0.15138427913188934,0.09989824146032333,0.00010226434824289754,0.9759249687194824,0.016275683417916298
36_7ua-Uet5y28_audio_3_label_fake.npz,Fake,Real,0.3375983887583757,0.5607046484947205,0.005996221210807562,6.251446649230274e-08,0.7672208547592163,0.35407015681266785
293_keEKlr2dG-I_7_1_512x512_1_1803_withaudio_label_fake.npz,Fake,Real,0.3035427652765066,0.42213988304138184,0.08339963853359222,0.00014532753266394138,0.9726249575614929,0.039404019713401794
12814-itFwx1CZM9I_99_2_label_fake.npz,Fake,Real,0.30602987594902514,0.1494046151638031,0.12256033718585968,0.2569359242916107,0.9807091951370239,0.020539307966828346
D56tKWtAMbw_1235_1_29_label_fake.npz,Fake,Real,0.23366817976348103,0.09013108909130096,0.06821358948945999,0.0037927923258394003,0.9423874020576477,0.06381602585315704
18830-9_O7qXqrMfE_94_1_label_fake.npz,Fake,Deepfake,0.47154441936218067,0.6578472256660461,0.2222280651330948,3.550268229446374e-05,0.9708670973777771,0.5067442059516907
15069.png_zr6OpxBh5DA_383_2_label_fake.npz,Fake,Real,0.1986867595463991,0.10004489868879318,0.18075121939182281,0.014282571151852608,0.6826698780059814,0.015685230493545532
42092.png_qxiG3Ycr0oM_32_1_label_fake.npz,Fake,Deepfake,0.49801680172045054,0.7873826026916504,0.3119403123855591,5.227605015534209e-07,0.9678311944007874,0.4229293763637543
20856-I5oeY5O5oJI_42_1_label_fake.npz,Fake,Deepfake,0.5388015516102315,0.5470232367515564,0.5748077630996704,0.034699443727731705,0.9889439344406128,0.5485333800315857
21807-3NYH-zyIfZY_25_1_label_fake.npz,Fake,Deepfake,0.5681998470689678,0.8028524518013,0.19703516364097595,1.1519917961777537e-06,0.9750593304634094,0.8660511374473572
26389.png_1aIMkhQHGO0_28_12_label_fake.npz,Fake,Deepfake,0.4508572876829501,0.6321207284927368,0.6088499426841736,1.880502420448238e-10,0.9632976651191711,0.050018101930618286
44803.png_wf32v1liDSQ_235_1_label_fake.npz,Fake,Real,0.28856722521741174,0.24030600488185883,0.19996491074562073,6.893068348290399e-05,0.9696771502494812,0.03281912952661514
083_16b5e7ab_78p4J0EEepU_6_2-batch-2025-02-06-13-00-20-12_label_fake.npz,Fake,Deepfake,0.3522364920994733,0.3005904257297516,0.645341157913208,2.944798325188458e-05,0.48029956221580505,0.33492186665534973
356-UzfVjgZKjro_1080p_48_8_label_fake.npz,Fake,Deepfake,0.5099699676036835,0.6063513159751892,0.12379340827465057,0.13288848102092743,0.981705904006958,0.7051107287406921
34_0m3uQApRWVY_audio_3_label_fake.npz,Fake,Real,0.29946068190038205,0.4001789093017578,0.00891631655395031,8.605806874572459e-26,0.9590107202529907,0.12919746339321136
16004.png_De5FGogMWzQ_121_1_label_fake.npz,Fake,Deepfake,0.3892012009397149,0.6985023617744446,0.06085337698459625,0.005812470801174641,0.973446249961853,0.20739154517650604
15212-LUn8IjZKBPg_51_1_label_fake.npz,Fake,Real,0.31147020788812374,0.3119661509990692,0.2104378044605255,1.8814296709024347e-05,0.9699808955192566,0.06494737416505814
PHMafVnjks8_35_1_183_label_fake.npz,Fake,Real,0.34652280025184157,0.4999760687351227,0.03156188130378723,0.21861319243907928,0.9559336304664612,0.026529228314757347
00505.png_rGW7sZQ9AYY_605_1_label_fake.npz,Fake,Deepfake,0.7265300691127778,0.48808345198631287,0.7090829610824585,0.999993085861206,0.8523266911506653,0.5831641554832458
14050-trevouDeEyo_2_1_label_fake.npz,Fake,Deepfake,0.3559924840927124,0.2810257077217102,0.09333595633506775,2.3679826219145534e-21,0.9850016832351685,0.4205990731716156
029_2f4ca9e5_GK9gq8WEHA0_790_1-batch-2025-02-06-13-00-20-210_label_fake.npz,Fake,Deepfake,0.42019510259196974,0.755983293056488,0.044051747769117355,3.294969428679906e-05,0.967770516872406,0.33313700556755066
107_dwyz8kUPW2M_audio_2_label_fake.npz,Fake,Deepfake,0.5425543174147606,0.31913071870803833,0.32942017912864685,0.9790903329849243,0.9835386276245117,0.10159172862768173
192_Je9hLZKYTz4_117_7_512x512_1_1803_withaudio_label_fake.npz,Fake,Deepfake,0.4332631707191468,0.2189277708530426,0.5580693483352661,0.11932343244552612,0.9776310324668884,0.2923642694950104
wdNhtZOGxBw_229_6_25fps--04749_OpitcLEYak8_1080p_70_10_25fps_label_fake.npz,Fake,Deepfake,0.4832450225949288,0.646723210811615,0.02589607983827591,0.2719711363315582,0.9298995733261108,0.5417351126670837
095_fc25a60b.jpg_JFBVpNgehIg_1080p_102_7_label_fake.npz,Fake,Deepfake,0.4499394270809717,0.678236722946167,0.0930224284529686,7.613898924319074e-05,0.9849421977996826,0.4934196472167969
461_itmL4UpC5eQ_audio_short_label_fake.npz,Fake,Deepfake,0.3502639966957485,0.5117112994194031,0.016802392899990082,1.3672879495274515e-09,0.9846277236938477,0.2381785660982132
29944-d2om_PGtwWY_33_2_label_fake.npz,Fake,Deepfake,0.49435402601957323,0.46899136900901794,0.06872808188199997,0.9769023656845093,0.42757534980773926,0.5295729637145996
5447-nlrjxL_frmk_100_1_label_fake.npz,Fake,Deepfake,0.6354310435082879,0.6601631045341492,0.6283946633338928,0.00011458100198069587,0.9736797213554382,0.914803147315979
275-lZ3gDXlLRfA_4_1_label_fake.npz,Fake,Deepfake,0.3842724429210648,0.5437900424003601,0.0015195617452263832,0.0013965292600914836,0.9805077910423279,0.3941482901573181
28_Y7ZKnBkWoHM_audio_1_label_fake.npz,Fake,Deepfake,0.369915369153093,0.5175219178199768,0.01568417251110077,3.5070896382306815e-13,0.9692538380622864,0.3471169173717499
2901-QwWcO0-ne8c_36_2_label_fake.npz,Fake,Deepfake,0.7612252846360208,0.8151326775550842,0.11861241608858109,0.9786096811294556,0.965335488319397,0.9284361600875854
020_c1a8bc2c_4DXBHgW9NlI_280_12-batch-2025-02-06-13-00-20-416_label_fake.npz,Fake,Deepfake,0.4635488832218471,0.25135666131973267,0.7561525106430054,7.4030076575581916e-06,0.9855208992958069,0.32470694184303284
039_3daa67cf_1WuFbrHbnW8_94_5-batch-2025-02-06-13-00-20-171_label_fake.npz,Fake,Deepfake,0.5026184670627118,0.5249431729316711,0.13815197348594666,0.9959486722946167,0.8158131837844849,0.03823533281683922
001_08212dcd.jpg_cyyeokhRDgI_927_2_label_fake.npz,Fake,Deepfake,0.7402183055877686,0.3939889669418335,0.9048933982849121,0.9524596929550171,0.9185174107551575,0.5312320590019226
139_1xkOIPjOIGo_audio_2_label_fake.npz,Fake,Deepfake,0.4274341210269995,0.5996724367141724,0.01969481259584427,5.885732207389083e-06,0.9617893099784851,0.5560081601142883
37046_t86T9sem8EM_116_1_label_fake.npz,Fake,Deepfake,0.47747244025085817,0.2715977728366852,0.5509265661239624,8.081320993369445e-05,0.9895496368408203,0.5752074122428894
28970-fAh51cqF86I_36_1_label_fake.npz,Fake,Real,0.34186139479279515,0.12735331058502197,0.2700529098510742,0.9610514640808105,0.3014395236968994,0.049409765750169754
077_e589a0e2_msJFD79STuU_321_5-batch-2025-02-06-13-00-20-348_label_fake.npz,Fake,Deepfake,0.47755455822625664,0.7729164958000183,0.2230357825756073,9.810183837544173e-05,0.9502270221710205,0.4414953887462616
6.png_JFBVpNgehIg_1080p_116_1_label_fake.npz,Fake,Deepfake,0.5260463105514646,0.7081316113471985,0.013691061176359653,0.5557554364204407,0.988535463809967,0.36411798000335693
496_1WuFbrHbnW8_94_5-batch-2025-02-06-13-00-20-321_label_fake.npz,Fake,Deepfake,0.6662922263145448,0.7714436650276184,0.13815197348594666,0.9959486722946167,0.9670785665512085,0.45883825421333313
39363_-Cg7IYe6Avw_audio_1_12_label_fake.npz,Fake,Real,0.3475796036617669,0.4336124360561371,0.08659901469945908,3.822998362323915e-09,0.9638947248458862,0.25379183888435364
cZ_DoJj9PXQ_12_4_50_label_fake.npz,Fake,Real,0.2842568933963779,0.25760942697525024,0.13844312727451324,1.331274165782177e-15,0.9772782921791077,0.04795362055301666
47156-eWj2-6q2ybk_248_2_label_fake.npz,Fake,Deepfake,0.4333744841436783,0.6841397881507874,0.033111441880464554,7.2618922786205076e-06,0.9208019375801086,0.5288119912147522
28736-bOshKjz0WsQ_11_6_label_fake.npz,Fake,Deepfake,0.477556268959194,0.4778919219970703,0.7326969504356384,7.892397846376298e-09,0.9688312411308289,0.20836122334003448
6682-DZPR3UVoHCU_25_1_label_fake.npz,Fake,Real,0.33350049764849243,0.30706217885017395,0.018413105979561806,0.0005254608113318682,0.9573249816894531,0.38417676091194153
24555-3C3zslsslRs_3_1_label_fake.npz,Fake,Real,0.2961181996066443,0.16269353032112122,0.180306077003479,1.2366870578262024e-05,0.9695712327957153,0.16800779104232788
4424-VpELBj01GWo_119_4_label_fake.npz,Fake,Deepfake,0.4197058536477312,0.36696264147758484,0.042526740580797195,1.825017914569571e-10,0.9596929550170898,0.7293469309806824
063_61a5b737-zr6OpxBh5DA_202_1_label_fake.npz,Fake,Real,0.2724466199827021,0.3119484484195709,0.03190573304891586,2.6201962555205682e-06,0.9487980008125305,0.06957829743623734
21391-6xWbT6xIeaM_67_1_label_fake.npz,Fake,Real,0.3248150751052558,0.3325006067752838,0.031275324523448944,2.8937727214461972e-11,0.9696579575538635,0.2906414866447449
19_y3AWF-TNUqE_audio_3_4_label_fake.npz,Fake,Real,0.2602144315838814,0.2212725430727005,0.0473044253885746,0.10627322643995285,0.8745435476303101,0.05167841538786888
14882-fcYeXCacyrk_144_1_label_fake.npz,Fake,Deepfake,0.4217136077582836,0.47054025530815125,0.0122101791203022,0.038797564804553986,0.9768721461296082,0.6101478934288025
Je9hLZKYTz4_86_8_25fps--300_-NMs56pQ9EE_52_3_25fps_label_fake.npz,Fake,Deepfake,0.4012945570751072,0.5141125917434692,0.06056211143732071,3.1407694223162252e-06,0.8584184646606445,0.573376476764679
419_d2nQ564jMOw_audio_3_92_label_fake.npz,Fake,Deepfake,0.4120489194989204,0.2866009771823883,0.6048052906990051,0.13638225197792053,0.9536412358283997,0.07881484180688858
14661-pNogULi28gs_0_1_label_fake.npz,Fake,Deepfake,0.5258811011409875,0.5729198455810547,0.20686684548854828,8.170610499291797e-08,0.9709244966506958,0.8786942362785339
14_4sbIYImHx3U_audio_3_label_fake.npz,Fake,Deepfake,0.570526637742296,0.7844516038894653,0.0013115808833390474,0.6919040679931641,0.9807258248329163,0.3942401111125946
77_2N2yMoz-y6I_audio_3_label_fake.npz,Fake,Deepfake,0.4528752391056635,0.38590991497039795,0.6825811266899109,4.6946812659598436e-08,0.9888129830360413,0.20707212388515472
43659.png_GNkwgfQFj60_208_4_label_fake.npz,Fake,Deepfake,0.5138717845082452,0.8477339148521423,0.06913349777460098,8.485700071217059e-14,0.9403149485588074,0.7121765613555908
5346-sUv353ua7E8_40_2_label_fake.npz,Fake,Deepfake,0.5419863276183605,0.4932829439640045,0.04690384492278099,0.9994612336158752,0.8233093023300171,0.34697431325912476
D56tKWtAMbw_863_1_label_real.npz,Real,Deepfake,0.4614729337394238,0.6229427456855774,0.10377933084964752,0.033172380179166794,0.9805223345756531,0.566947877407074
326-TkkHKU_lLqU_121_1_label_fake.npz,Fake,Deepfake,0.5125724643468856,0.6432486772537231,0.1510254144668579,0.23824821412563324,0.9767937660217285,0.5535462498664856
38756-IK5BZdnqMDU_315_3_label_fake.npz,Fake,Real,0.28561900704499976,0.5075151324272156,0.03820217028260231,8.82863844253734e-07,0.33075183629989624,0.5516250133514404
9536-E1R1P_NyvF8_100_1_label_fake.npz,Fake,Deepfake,0.3726442164741621,0.4451726973056793,0.006588760297745466,8.214448273067415e-14,0.8468653559684753,0.5645942687988281
Du1SKO_ri4w_48_139_label_real.npz,Real,Deepfake,0.40234523970830205,0.6608800888061523,0.1729707568883896,2.915953336923849e-05,0.620578944683075,0.5572672486305237
12884-KEz7EZcfVts_0_1_label_fake.npz,Fake,Real,0.2802268267275331,0.24673569202423096,0.08476945012807846,7.749317632033126e-09,0.9165650010108948,0.15306398272514343
lXXCH-gBGzI_89_60_243_label_fake.npz,Fake,Real,0.19593144306600152,0.07743766158819199,0.014633508399128914,2.9287564757396467e-05,0.8343439698219299,0.053212787955999374
46944.png_KyeC6d6MTSU_190_1_label_fake.npz,Fake,Deepfake,0.5334416970610619,0.43846195936203003,0.2590016722679138,0.9942575693130493,0.9512357115745544,0.024251572787761688
167_b2390a04-WxdaDqICMP8_155_1_label_fake.npz,Fake,Real,0.2989421796708484,0.467396080493927,0.014158674515783787,6.718686927342787e-05,0.8420364856719971,0.1710524708032608
066_50092138.jpg_gIrpCS5CRYU_635_1_label_fake.npz,Fake,Deepfake,0.41098324674967446,0.6527571082115173,0.15473097562789917,5.7579010899644345e-05,0.9609774947166443,0.28639307618141174
3497-Ne-1bg2Ifn4_74_1_label_fake.npz,Fake,Deepfake,0.6376855075359346,0.56609046459198,0.24382761120796204,0.9356184601783752,0.929729163646698,0.513161838054657
35385.png_GtBnj3Z3eO4_17_1_label_fake.npz,Fake,Deepfake,0.35501602005533645,0.6049121618270874,0.08972851186990738,0.0001216909076902084,0.7336007952690125,0.3467169404029846
29780-vYG3_0iwY6Q_29_1_label_fake.npz,Fake,Real,0.23875329608563337,0.22248654067516327,0.037993162870407104,0.00041819189209491014,0.7366052865982056,0.19626329839229584
28539-6w9ikJPzTOA_30_1_label_fake.npz,Fake,Real,0.10902755921706558,0.07316765189170837,0.06900592148303986,0.16789749264717102,0.22866973280906677,0.006396997254341841
21921-awYvLQ53n3M_0_1_label_fake.npz,Fake,Deepfake,0.6334892690181733,0.6815266609191895,0.3274483382701874,0.5868850946426392,0.9815295338630676,0.5900567173957825
19_ziKLnr38F-A_audio_short_512x512_1_1026_withaudio_label_fake.npz,Fake,Real,0.2771509817634794,0.34746435284614563,0.06858303397893906,1.0189651078462703e-07,0.9460905194282532,0.02361690066754818
191_o6kL4Ik6rVE_audio_1_512x512_1_1026_withaudio_label_fake.npz,Fake,Real,0.2968235621105123,0.4193403422832489,0.06826113164424896,3.17701451422181e-05,0.9693909287452698,0.027093637734651566
497_sba-i5-e3WY_3816_1-batch-2025-02-06-13-00-20-200_label_fake.npz,Fake,Deepfake,0.4837099493009479,0.7410554885864258,0.01595206931233406,1.1405662192487398e-08,0.9329038262367249,0.7286383509635925
1889-x92AnU6MUr0_96_4_label_fake.npz,Fake,Deepfake,0.7159321248531342,0.6303110122680664,0.6911790370941162,0.999718964099884,0.9870245456695557,0.27142706513404846
3782-SWHweN9WlkU_72_2_label_fake.npz,Fake,Deepfake,0.5511605287436396,0.736680805683136,0.11267001181840897,0.0022123504895716906,0.9857867956161499,0.9184526801109314
J_ComKnl1hk_7_9_578_label_fake.npz,Fake,Deepfake,0.4369133964293498,0.4655141830444336,0.04251343756914139,5.6275838156150115e-11,0.9597419500350952,0.716797411441803
36576.png_O_6kW3Mrkm8_66_1_label_fake.npz,Fake,Deepfake,0.4665196500718594,0.40659913420677185,0.05987706407904625,0.7025147676467896,0.988989531993866,0.17461775243282318
03916_nBhxjAQzAg4_audio_1_label_fake.npz,Fake,Deepfake,0.4207880922593176,0.2446192502975464,0.8335235118865967,0.0034541157074272633,0.9733201265335083,0.04902345687150955
97_0JoQSGXmReo_audio_2_label_fake.npz,Fake,Deepfake,0.41482914877808386,0.7733166813850403,0.20470111072063446,9.580269022535504e-09,0.9372532963752747,0.15887464582920074
146.png_f4S7SIVAHuw_9_10_label_fake.npz,Fake,Deepfake,0.41908835768702357,0.6231212615966797,0.16921299695968628,1.354126907176026e-13,0.9871057271957397,0.3160018026828766
fnYlmAS2w3Y_65_label_fake.npz,Fake,Deepfake,0.40476870998081294,0.23848815262317657,0.15344630181789398,2.3063854825977614e-08,0.9326692223548889,0.6992398500442505
4ztEkclvJjY_90_6_507_label_fake.npz,Fake,Real,0.18921445198357106,0.0983201414346695,0.6315311193466187,2.0752267916651262e-18,0.19441892206668854,0.021802077069878578
21795-H_c_crxV9O8_106_1_label_fake.npz,Fake,Deepfake,0.5689365942393125,0.8404127955436707,0.14542801678180695,1.099165001505753e-05,0.9845173954963684,0.8743137717247009
487_aXCflwBNft4_audio_2_label_fake.npz,Fake,Deepfake,0.4183041429612786,0.5148793458938599,0.14898844063282013,0.0010219246614724398,0.9277139902114868,0.49891701340675354
eWj2-6q2ybk_83_1_363_label_fake.npz,Fake,Real,0.1868054394493811,0.11070356518030167,0.008183237165212631,0.00034645054256543517,0.6177042722702026,0.19708967208862305
ldI1peHBLa0_67_7_label_real.npz,Real,Deepfake,0.563843497633934,0.08735877275466919,0.9510316848754883,0.9999706745147705,0.7734304666519165,0.0074258893728256226
VO2JJnSLtas_7_2_292_label_fake.npz,Fake,Real,0.2295084500685334,0.08261372148990631,0.00866254884749651,0.116818867623806,0.9221833944320679,0.01726371794939041
7712-ezja7-YQ72g_1_4_label_fake.npz,Fake,Deepfake,0.4376185956754398,0.39720866084098816,0.5725532174110413,1.9685219285747735e-06,0.9873096346855164,0.2310194969177246
12627-53GIoeOAam4_9_1_label_fake.npz,Fake,Deepfake,0.47153431091501263,0.8929699063301086,0.011166341602802277,5.327481994754635e-05,0.8932472467422485,0.560234785079956
198.png_Vz-kJATn87E_1080p_161_1_label_fake.npz,Fake,Deepfake,0.4034539230167866,0.48240718245506287,0.025187790393829346,0.03882924094796181,0.9339861869812012,0.5368592143058777
25585-1t8tfCELNck_23_1_label_fake.npz,Fake,Deepfake,0.5713209301331517,0.815959632396698,0.1642448455095291,4.911238082883074e-11,0.9839071035385132,0.8924930691719055
T47iIAEaLmY_1080p_28_8_25fps--07009_7AldV8ATrJc_115_1_25fps_label_fake.npz,Fake,Deepfake,0.38029554555240674,0.5821368098258972,0.008200469426810741,6.54329868066128e-10,0.9341034889221191,0.3770369589328766
41-dTeNSc1Sp28_161_189_label_fake.npz,Fake,Real,0.2895654747262597,0.3882617950439453,0.0017757946625351906,0.019028428941965103,0.9764152765274048,0.06234607845544815
487.png_D92_Zhlb0qE_1080p_87_30_label_fake.npz,Fake,Deepfake,0.6719500005245209,0.630546510219574,0.5971955060958862,0.8646743297576904,0.9602041244506836,0.30712953209877014
kQPvtHeUUfU_92_9_25fps--35025_q__LT1Js9gE_1080p_102_1_25fps_label_fake.npz,Fake,Deepfake,0.4097311033390725,0.47115808725357056,0.13573849201202393,7.2487109719077125e-06,0.9567206501960754,0.48503103852272034
_QCP7kiW44E_118_3_308_label_fake.npz,Fake,Real,0.3086360605448135,0.4250044822692871,0.02914458140730858,8.343626541318372e-05,0.9435117244720459,0.14543607831001282
068_712660e4--19DTZ6_d6U_1244_1_label_fake.npz,Fake,Real,0.2493134443080635,0.4531363546848297,0.004002105910331011,0.00011951261694775894,0.16396288573741913,0.6253463625907898
28029-6cKTSj4a8bQ_138_4_label_fake.npz,Fake,Deepfake,0.5301123082637786,0.2245692014694214,0.09577181935310364,0.8125534057617188,0.9379940032958984,0.5796731114387512
20937.png_sd9dr0qq7cg_162_1_label_fake.npz,Fake,Deepfake,0.8446767807006837,0.604113757610321,0.9560084342956543,0.998247504234314,0.9734169244766235,0.6915972828865051
18036_eEBMUm3hNj8_audio_2_157_label_fake.npz,Fake,Real,0.24376953169722707,0.12147293239831924,0.06900370121002197,9.611181208540875e-13,0.9743349552154541,0.05403606966137886
022_b60724f6-u-X671JqQWA_62_200_label_fake.npz,Fake,Deepfake,0.4171943573348471,0.5308391451835632,0.11919338256120682,1.1867877219629008e-05,0.7466877698898315,0.6892396211624146
3652-O1JxQ9OyJRQ_131_1_label_fake.npz,Fake,Deepfake,0.4545558807896555,0.7426676154136658,0.16996310651302338,7.333704843404121e-08,0.8561849594116211,0.5039636492729187
029_2f4ca9e5_DR5IQXWY_uA_73_1-batch-2025-02-06-13-00-20-223_label_fake.npz,Fake,Real,0.33767282948877847,0.5374612808227539,0.003244920866563916,2.430774331818597e-12,0.9749728441238403,0.17268510162830353
25971_OpitcLEYak8_1080p_11_3_label_fake.npz,Fake,Real,0.2245174800977111,0.0813860297203064,0.03997432440519333,0.008693869225680828,0.980909526348114,0.011623650789260864
25585-Z9_kN3rGJfE_20_2_label_fake.npz,Fake,Deepfake,0.39588954615755934,0.5072742104530334,0.019083626568317413,3.2634445233270526e-05,0.963992178440094,0.4890650808811188
033_34c27ce3.jpg_E7lIbmnQqgU_322_2_label_fake.npz,Fake,Deepfake,0.4177454717457386,0.49684810638427734,0.058593157678842545,4.5750644890379596e-14,0.9871891140937805,0.5460969805717468
25124-KFOvtqspEZk_74_1_label_fake.npz,Fake,Deepfake,0.3670907939231256,0.40144720673561096,0.3588743805885315,0.0002193648397224024,0.9698793888092041,0.10503362864255905
ldI1peHBLa0_67_10_label_real.npz,Real,Real,0.3405650656670332,0.07943899929523468,0.8315752148628235,0.04847658798098564,0.7287902235984802,0.014544302597641945
9072-A-BRu8z7ztk_24_1_label_fake.npz,Fake,Real,0.25321551403031073,0.22913388907909393,0.006674356292933226,1.5994324937293296e-14,0.9011243581771851,0.12914496660232544
0mnBxMvTbts_5_1_label_real.npz,Real,Real,0.25426601370705837,0.19375041127204895,0.4394248425960541,9.524590609544248e-07,0.5791275501251221,0.059026312083005905
414_Lc0n7WuOwDs_1080p_0_1_512x512_1_1803_withaudio_label_fake.npz,Fake,Real,0.31695678271353245,0.15436945855617523,0.2536981999874115,0.1893463134765625,0.969819962978363,0.01754997856914997
H1ajK1qLRWc_1080p_71_1_label_real.npz,Real,Real,0.22583194673061374,0.42059269547462463,0.07382258027791977,0.00017572194337844849,0.12119768559932709,0.5133710503578186
061_4544a552.jpg_Lc0n7WuOwDs_1080p_236_2_label_fake.npz,Fake,Deepfake,0.673286959528923,0.6863580942153931,0.09795026481151581,0.9988625049591064,0.920754075050354,0.6625098586082458
018_2974b20a-62ywI44YAxQ_33_2_label_fake.npz,Fake,Deepfake,0.5218095004661343,0.9114046096801758,0.23226767778396606,5.138948988570036e-11,0.9830721616744995,0.48230305314064026
057_7f34f0f4.jpg_ldI1peHBLa0_67_7_label_fake.npz,Fake,Deepfake,0.6104059088975191,0.10276840627193451,0.9477204084396362,0.9995108842849731,0.9766218066215515,0.02540803886950016
27651-K6rSVoAakQ8_50_1_label_fake.npz,Fake,Deepfake,0.4320075407624245,0.10259723663330078,0.1755254715681076,0.9493190050125122,0.8587201833724976,0.0738758072257042
uaUeoNnxmco_219_1_label_real.npz,Real,Real,0.26992204394191505,0.09363188594579697,0.3287378251552582,0.16378919780254364,0.7549806237220764,0.008470687083899975
9RZI_ZKQwRc_45_4_474_label_fake.npz,Fake,Real,0.2950461500324309,0.3237212598323822,0.004055764991790056,7.74389054699506e-25,0.9666884541511536,0.1807652711868286
85_mNUVrrrSzIM_audio_2_label_fake.npz,Fake,Deepfake,0.3514368191361431,0.6270756125450134,0.06942950189113617,1.7004797338643286e-15,0.9496297836303711,0.11104919761419296
259_7F45HwAkc1A_1080p_112_1_512x512_1_1803_withaudio_label_fake.npz,Fake,Real,0.29297505095601084,0.4329085946083069,0.015812207013368607,0.004004821181297302,0.9674896001815796,0.04466003179550171
33_TXszVudcarI_audio_2_label_fake.npz,Fake,Deepfake,0.5152876002714037,0.4716942310333252,0.010801157914102077,0.681479811668396,0.9830290079116821,0.42943379282951355
fzFCxS8Az2g_139_4_48_label_fake.npz,Fake,Real,0.31250094478018586,0.31657323241233826,0.036731891334056854,0.002789668971672654,0.9563021659851074,0.2501077651977539
076_d4ee20ae.jpg__sAbvloLTNQ_1568_1_label_fake.npz,Fake,Deepfake,0.3532550326548937,0.6275925040245056,0.005660350900143385,2.1030009331179933e-13,0.8615365028381348,0.2714858055114746
14155-0Mi0miIN6tA_131_1_label_fake.npz,Fake,Deepfake,0.5083804816886386,0.774482011795044,0.2529599964618683,1.3454983616156824e-07,0.9747235178947449,0.5397367477416992
SN_ezyaGtjs_29_1_label_fake.npz,Fake,Real,0.23722974360551277,0.2172669917345047,0.01331931259483099,1.958587958483804e-08,0.9200859069824219,0.03547648712992668
042_2ccd070f.jpg_K92gto9SW2U_445_22_label_fake.npz,Fake,Real,0.3156509667635003,0.3922707140445709,0.020885810256004333,1.9435181139145288e-14,0.6398575305938721,0.5252407789230347
10554-LUn8IjZKBPg_37_2_label_fake.npz,Fake,Deepfake,0.3728428900707513,0.3421652615070343,0.34807127714157104,8.855783380568027e-05,0.9704923629760742,0.2033969908952713
WYP2eizW7gY_123_1_120_label_fake.npz,Fake,Real,0.26734090161313234,0.137505441904068,0.10457459092140198,1.5496691929683948e-08,0.9575535655021667,0.137070894241333
53854.png_bSVCG7iOG5I_63_1_label_fake.npz,Fake,Deepfake,0.4564700540155172,0.8081180453300476,0.01819256693124771,0.011684080585837364,0.9781116247177124,0.4662439525127411
UzfVjgZKjro_1080p_102_1_25fps--24676_q__LT1Js9gE_1080p_0_9_25fps_label_fake.npz,Fake,Real,0.28688782654935496,0.3896331489086151,0.08417461067438126,0.0005833532777614892,0.842146098613739,0.11790192127227783
23620-QTau-xHsz80_123_1_label_fake.npz,Fake,Deepfake,0.3843215510249138,0.34117022156715393,0.19933158159255981,0.07360153645277023,0.9650349617004395,0.3424694538116455
wdNhtZOGxBw_266_1_25fps--38992_9RZI_ZKQwRc_28_4_25fps_label_fake.npz,Fake,Deepfake,0.5886317994445563,0.5106486082077026,0.009173942729830742,0.9988886713981628,0.8790090084075928,0.5454387664794922
499_GK9gq8WEHA0_790_1-batch-2025-02-06-13-00-20-360_label_fake.npz,Fake,Deepfake,0.3895201860861562,0.6395897269248962,0.044051747769117355,3.294969428679906e-05,0.9661080241203308,0.29781848192214966
10451-MOBGaVJH54A_16_1_label_fake.npz,Fake,Real,0.32200403013266626,0.5102064609527588,0.08316458016633987,0.0005428504664450884,0.9801085591316223,0.035997699946165085
11520-mRNCLRo9JAM_31_10_label_fake.npz,Fake,Real,0.3434609961048409,0.2582727074623108,0.17423158884048462,2.116537871188484e-05,0.9772279858589172,0.3075515329837799
056_ccaa5638.jpg_1P9nl9tBK38_498_1_label_fake.npz,Fake,Real,0.33105245074063416,0.32425662875175476,0.029272815212607384,1.3872919479851475e-09,0.8602498769760132,0.44148293137550354
080_38c2109a.jpg_H1ajK1qLRWc_1080p_25_1_label_fake.npz,Fake,Deepfake,0.49212242253124716,0.6075271964073181,0.10203753411769867,0.026794860139489174,0.9720377326011658,0.752214789390564
p1bOOYSCzxs_20_3_label_real.npz,Real,Deepfake,0.3780491501092911,0.371135950088501,0.25177815556526184,0.07072673738002777,0.9494172930717468,0.24718761444091797
36_U229xdnLKAg_audio_3_512x512_1_1026_withaudio_label_fake.npz,Fake,Deepfake,0.5760321238543838,0.8895328640937805,0.29052814841270447,0.0031517341267317533,0.9863281846046448,0.7106196880340576
63166_qYHsNiHJpDU_audio_1_20_label_fake.npz,Fake,Deepfake,0.49323334647342565,0.16471204161643982,0.002183613833039999,0.9978237152099609,0.9424008727073669,0.35904648900032043
07506_-VbyZhzAZUA_audio_1_80_label_fake.npz,Fake,Deepfake,0.3835847452282906,0.10453710705041885,0.08204880356788635,0.6171703934669495,0.9483202695846558,0.16584715247154236
060_78fae615.jpg_GiRZf3AUfW0_0_23_label_fake.npz,Fake,Deepfake,0.49783632066100836,0.578163743019104,0.008517320267856121,0.41470345854759216,0.9549506306648254,0.5328464508056641
19282-NSWcdPWXZQI_8_1_label_fake.npz,Fake,Real,0.20358067995011883,0.08392788469791412,0.04849782958626747,3.178700808348367e-06,0.8376834988594055,0.0477910079061985
y3AWF-TNUqE_725_1_label_real.npz,Real,Deepfake,0.538652241230011,0.42709508538246155,0.6803070306777954,0.07138779759407043,0.9015568494796753,0.6129144430160522
005_9574c208--G4vMYK4mHY_986_3_label_fake.npz,Fake,Deepfake,0.5746071056695655,0.5149179697036743,0.9961957931518555,0.0019213339546695352,0.8575273752212524,0.5024730563163757
039_3daa67cf_4DXBHgW9NlI_280_12-batch-2025-02-06-13-00-20-176_label_fake.npz,Fake,Deepfake,0.5305620336754147,0.46371522545814514,0.7561525106430054,7.4030076575581916e-06,0.9856711030006409,0.4472639262676239
03GPqk22j-w_213_1_label_real.npz,Real,Real,0.3269496378637684,0.2151276171207428,0.4283201992511749,2.402729126771419e-09,0.9449648261070251,0.04633554443717003
19742-LUn8IjZKBPg_53_1_label_fake.npz,Fake,Real,0.21425637442298467,0.07939901202917099,0.3114086985588074,6.859598943265155e-05,0.6714242696762085,0.008981295861303806
29526-lSCTGJbObOg_17_4_label_fake.npz,Fake,Real,0.2687500419095159,0.2483304738998413,0.08578499406576157,0.0021608294919133186,0.9686009287834167,0.03887298330664635
29167-xGCuF-h-XVc_125_1_label_fake.npz,Fake,Deepfake,0.3649556480348114,0.46303310990333557,0.042890917509794235,1.7681180675596631e-15,0.7489210963249207,0.5699331164360046
2NlEdgEI_mc_116_10_60_label_fake.npz,Fake,Real,0.30959308528110513,0.36848336458206177,0.05381198972463608,2.6484585191610677e-08,0.9598588943481445,0.16581115126609802
lBApoKf5KAQ_25_1_103_label_fake.npz,Fake,Deepfake,0.44000042613579354,0.4305931627750397,0.05433203652501106,5.670449809258571e-06,0.9628698825836182,0.7522013783454895
051_12956682.jpg_lXXCH-gBGzI_65_60_label_fake.npz,Fake,Deepfake,0.40892681505065415,0.5680903196334839,0.004325153771787882,0.0012868334306403995,0.8870667815208435,0.5838649868965149
4638-2gOvQIMWbCY_10_1_label_fake.npz,Fake,Deepfake,0.543907038983889,0.7443811893463135,0.2560783624649048,0.0007916918257251382,0.9853969216346741,0.7328870296478271
12078-O4A-dk60Njg_183_1_label_fake.npz,Fake,Deepfake,0.5264080017867134,0.7010456919670105,0.07460950314998627,3.101747678146971e-11,0.9796081781387329,0.8767766356468201
075_b5f2a9e5-JO4zM3x9SIg_69_1_label_fake.npz,Fake,Deepfake,0.6151698696194217,0.6543775200843811,0.9955506324768066,0.0018723843386396766,0.9526715278625488,0.47137728333473206
031_a92db443-WxdaDqICMP8_458_1_label_fake.npz,Fake,Deepfake,0.4430651802336797,0.6515772342681885,0.02892296388745308,0.0017261112807318568,0.97129887342453,0.5618007183074951
56kjnBhGy8Y_1080p_82_4_label_real.npz,Real,Deepfake,0.3774457423016429,0.5620906949043274,0.07263746112585068,0.0050743138417601585,0.9461461305618286,0.30128011107444763
5oEJ6HpCC1c_25_1_label_real.npz,Real,Real,0.33377003706991676,0.5640960931777954,0.011900810524821281,0.04112924262881279,0.9552503228187561,0.09647371619939804
446.png_dTeNSc1Sp28_531_53_label_fake.npz,Fake,Deepfake,0.5305550634860993,0.4949726164340973,0.10735507309436798,0.8204839825630188,0.979973554611206,0.2499900907278061
259-5xBpkc7-w3A_76_1_label_fake.npz,Fake,Deepfake,0.3943770695477724,0.3066856563091278,0.012017989531159401,0.2811872959136963,0.9254508018493652,0.4465436041355133
21347.png_GtBnj3Z3eO4_63_3_label_fake.npz,Fake,Deepfake,0.37348716484709715,0.6551881432533264,0.03618118166923523,5.775294766863226e-07,0.8551628589630127,0.32090306282043457
428__fWyWcZB7VA_audio_2_512x512_1_1026_withaudio_label_fake.npz,Fake,Deepfake,0.5521538490429521,0.07748737186193466,0.8173182606697083,1.0,0.8544859886169434,0.01147762406617403
7775-AbpNlshqtJc_153_1_label_fake.npz,Fake,Deepfake,0.5831453651189805,0.515314519405365,0.2351769655942917,0.5152474641799927,0.9566863775253296,0.6933014988899231
060_003a8f0c.jpg_K3O_-Mjls_Q_1080p_105_1_label_fake.npz,Fake,Deepfake,0.4806507114320994,0.7773999571800232,0.0828879326581955,0.008361117914319038,0.9819570779800415,0.5526474714279175
u-X671JqQWA_105_70_25fps--51835_BWQSACpMBOY_audio_3_147_label_fake.npz,Fake,Deepfake,0.5944397906928316,0.6129453778266907,0.940314531326294,1.7188335732498672e-06,0.8289108872413635,0.5900264382362366
03GPqk22j-w_237_1_548_label_fake.npz,Fake,Real,0.3388686964404769,0.2669985890388489,0.3480735719203949,7.118756184354424e-05,0.9504246711730957,0.1287754625082016
28190-ADTwFvHACE4_90_1_label_fake.npz,Fake,Real,0.22636982891708615,0.0755767971277237,0.2414407581090927,0.004263861104846001,0.8020026683807373,0.00856505986303091
7014-awNrju1X3zc_21_2_label_fake.npz,Fake,Deepfake,0.3731779440310466,0.5478245615959167,0.002940140198916197,2.169129459383967e-12,0.9849165081977844,0.33020851016044617
hNOjkqrz-H8_636_1_label_real.npz,Real,Deepfake,0.4070985378086335,0.3319229185581207,0.9752609729766846,3.6836296203546226e-05,0.2834775745868683,0.4447943866252899
12754-hpsgQkD27BA_136_1_label_fake.npz,Fake,Deepfake,0.3897047268925235,0.7194913029670715,0.0026176099199801683,0.000665646162815392,0.9463310837745667,0.2794179916381836
48964-t8HrZTLRCeU_118_1_label_fake.npz,Fake,Deepfake,0.5539003983139992,0.6607701182365417,0.021519102156162262,0.3946925699710846,0.9834448099136353,0.709075391292572
20856-bkCpQk_K_jg_73_1_label_fake.npz,Fake,Deepfake,0.3935051733860746,0.4441455602645874,0.022421931847929955,0.0014800942735746503,0.9715971946716309,0.5278810858726501
37_tf_pzTBKuFY_audio_1_512x512_1_1026_withaudio_label_fake.npz,Fake,Real,0.3493114680069862,0.24042491614818573,0.30098363757133484,9.029390082848643e-12,0.9777364134788513,0.2274123728275299
6180-Ip7cs1D5tTQ_90_1_label_fake.npz,Fake,Real,0.2790662736868358,0.15473400056362152,0.13032467663288116,5.838753924791718e-10,0.9580880403518677,0.1521846503019333
UzfVjgZKjro_1080p_102_3_25fps--429_1nnKydcqmDI_24_1_25fps_label_fake.npz,Fake,Deepfake,0.4453504417950171,0.7437588572502136,0.2091105729341507,9.8349955806043e-05,0.8986762166023254,0.3751082122325897
250.png_apnde-Dpq8E_1080p_195_1_label_fake.npz,Fake,Deepfake,0.3823926791548729,0.3432122468948364,0.13194242119789124,0.08794810622930527,0.9537962079048157,0.39506441354751587
32521-dZV2TjhBthE_16_11_label_fake.npz,Fake,Deepfake,0.41865718290209775,0.5693280100822449,0.08103368431329727,0.006805825978517532,0.9735899567604065,0.46252843737602234
17586-lSCTGJbObOg_277_3_label_fake.npz,Fake,Real,0.317210103571415,0.469102680683136,0.04045591875910759,0.010043825954198837,0.8878452777862549,0.17860281467437744
148-apnde-Dpq8E_1080p_217_2_label_fake.npz,Fake,Deepfake,0.4582565270364285,0.6109055280685425,0.10786908864974976,0.01944301649928093,0.9604110717773438,0.5926539301872253
7571-TalBZ9_fmQk_66_2_label_fake.npz,Fake,Real,0.27990521300791327,0.23795843124389648,0.080292247235775,4.3754570810961013e-07,0.9708762764930725,0.11039867252111435
lXXCH-gBGzI_102_4_25fps--292_aEM1s9Saa-g_87_1_25fps_label_fake.npz,Fake,Deepfake,0.4178492024541405,0.46710243821144104,0.0735599473118782,2.5146977057112496e-13,0.8720146417617798,0.6765689849853516
008_31e90c6b-fZNe3xAY9Zw_1080p_37_6_label_fake.npz,Fake,Deepfake,0.7323510214686395,0.9218942523002625,0.054781101644039154,0.7927091121673584,0.9910299777984619,0.901340663433075
8378-DwbAW8G-57A_30_1_label_fake.npz,Fake,Deepfake,0.4518116758830729,0.515556812286377,0.288944810628891,6.457496056100354e-05,0.9572333097457886,0.49725887179374695
14906-u5Ks53-THVE_69_1_label_fake.npz,Fake,Deepfake,0.6138152629137039,0.7303847074508667,0.06655068695545197,0.6038522720336914,0.9694976806640625,0.698790967464447
03032_KrxDbtakbyc_audio_3_label_fake.npz,Fake,Real,0.2919209383464753,0.23807953298091888,0.21182720363140106,1.8328099454789637e-11,0.9633725881576538,0.04632536694407463
03GPqk22j-w_0_1_125_label_fake.npz,Fake,Real,0.34594205836765474,0.6829721331596375,0.07151183485984802,0.0024993938859552145,0.9265885353088379,0.04613839462399483
fnYlmAS2w3Y_66_label_fake.npz,Fake,Real,0.24176082755711406,0.10388161242008209,0.15344630181789398,2.3063854825977614e-08,0.9453920125961304,0.006084187887609005
De5FGogMWzQ_82_1_label_real.npz,Real,Deepfake,0.396147807687521,0.7037184238433838,0.038032326847314835,0.13722199201583862,0.9825625419616699,0.11920375376939774
15969-pnuHjaJClto_41_1_label_fake.npz,Fake,Deepfake,0.43500922690873267,0.5508997440338135,0.5356826782226562,0.0001162325861514546,0.983916699886322,0.10443077981472015
16981-6xWbT6xIeaM_76_1_label_fake.npz,Fake,Deepfake,0.3670496732159979,0.29273948073387146,0.31942492723464966,1.4982882490244265e-08,0.9872222542762756,0.23586168885231018
6944-E7hwoDHfU28_49_3_label_fake.npz,Fake,Deepfake,0.5728506425395609,0.5041576623916626,0.007968117482960224,0.99893718957901,0.972764253616333,0.38042598962783813
22948_X05-4iCBHC8_audio_2_1_label_fake.npz,Fake,Deepfake,0.5058150872122497,0.2339722365140915,0.0009408367332071066,0.9959186911582947,0.9725764393806458,0.32566723227500916
140__7KzTzpF6Ng_audio_2_512x512_1_1026_withaudio_label_fake.npz,Fake,Deepfake,0.40681205696292083,0.35599595308303833,0.15919719636440277,3.192503483795406e-10,0.9873491525650024,0.5315179824829102
7474-AxxMiihvKgg_34_4_label_fake.npz,Fake,Deepfake,0.4355362288653851,0.4534231424331665,0.034999459981918335,0.059493985027074814,0.9789906740188599,0.6507738828659058
35262.png_PHMafVnjks8_536_1_label_fake.npz,Fake,Deepfake,0.4447797104716301,0.5982081294059753,0.06382610648870468,0.2834436893463135,0.7474530935287476,0.5309675335884094
072_4a17b7fb-Lc0n7WuOwDs_1080p_254_7_label_fake.npz,Fake,Real,0.3426904862746597,0.5303670763969421,0.016661914065480232,0.009536788798868656,0.9549328088760376,0.20195384323596954
hNOjkqrz-H8_592_1_label_real.npz,Real,Deepfake,0.7184266805648805,0.8274229168891907,0.3792758584022522,0.9770569205284119,0.9577736854553223,0.45060402154922485
952-hKx4HGfNgCg_5_3_label_fake.npz,Fake,Deepfake,0.5704244405031205,0.2850085496902466,0.44042012095451355,0.9809274673461914,0.9753704071044922,0.1703956574201584
rMrG-WhVhow_204_1_188_label_fake.npz,Fake,Real,0.2915448724988664,0.2199973315000534,0.018680788576602936,3.6496101074590115e-07,0.8689095377922058,0.35013633966445923
29509-KvSxhLryGP0_138_6_label_fake.npz,Fake,Deepfake,0.608362539747759,0.7047034502029419,0.512885570526123,3.735293648787774e-05,0.9501193761825562,0.874066948890686
058_a5eb69fb-3b5w2DhtcIM_9_2_label_fake.npz,Fake,Deepfake,0.5133427236960045,0.738198459148407,0.019081247970461845,3.3893044815158646e-08,0.9668068885803223,0.8426269888877869
18739-pnuHjaJClto_15_1_label_fake.npz,Fake,Deepfake,0.5317586901350604,0.5297404527664185,0.7768580317497253,1.273446570415615e-09,0.9865656495094299,0.36562931537628174
36224-PXdPmUJN6k0_74_52_label_fake.npz,Fake,Deepfake,0.5007212352647912,0.6671590209007263,0.02992076985538006,0.00012239100760780275,0.9878359436988831,0.8185680508613586
2NlEdgEI_mc_50_3_147_label_fake.npz,Fake,Real,0.2890095510763786,0.27692803740501404,0.09362771362066269,1.61050174938282e-05,0.9400119185447693,0.13446398079395294
04105.png_KyeC6d6MTSU_240_2_label_fake.npz,Fake,Deepfake,0.40150081240572033,0.1784198135137558,0.880990207195282,0.0032516566570848227,0.9373634457588196,0.007478938903659582
18623-M-3HEJpdx2I_13_1_label_fake.npz,Fake,Real,0.3229259103572706,0.4514782130718231,0.07822069525718689,1.8049938280140232e-11,0.9035765528678894,0.1813540905714035
111.png_Du1SKO_ri4w_80_92_label_fake.npz,Fake,Deepfake,0.3789362847339362,0.5319438576698303,0.03725443407893181,0.0026196425314992666,0.8409905433654785,0.48187294602394104
03479-iamTFe6mi2Y_129_1_label_fake.npz,Fake,Deepfake,0.4964114600077813,0.6797667145729065,0.035918381065130234,5.739654307390651e-10,0.9356634020805359,0.8307088017463684
4135-vVsakoqLuu8_22_4_label_fake.npz,Fake,Deepfake,0.8154444098472595,0.5997204780578613,0.6275237202644348,0.9340184330940247,0.9693771600723267,0.9465822577476501
256_sc8g9_1WLD4_audio_3_512x512_1_1026_withaudio_label_fake.npz,Fake,Real,0.29362804130651143,0.23439064621925354,0.0025177367497235537,4.270213689079464e-15,0.9880246520042419,0.2432071715593338
29309-PYRFxrLt30A_43_3_label_fake.npz,Fake,Deepfake,0.5111740902066231,0.3620601296424866,0.11987438052892685,0.9999147653579712,0.9825534224510193,0.09146775305271149
11632.png_KyeC6d6MTSU_236_11_label_fake.npz,Fake,Real,0.32461464256048206,0.36504659056663513,0.3165682554244995,0.00838716421276331,0.922966718673706,0.010104483924806118
63663_t8HrZTLRCeU_audio_2_217_label_fake.npz,Fake,Deepfake,0.6466057235375047,0.5895767211914062,0.000977364368736744,0.9988099336624146,0.9718652367591858,0.67179936170578
34425.png_Du1SKO_ri4w_48_139_label_fake.npz,Fake,Deepfake,0.3663775277927926,0.6015920639038086,0.08988878130912781,2.569355274317786e-06,0.586351215839386,0.554053008556366
aEM1s9Saa-g_71_6_602_label_fake.npz,Fake,Real,0.2878329399975061,0.1802174150943756,0.28317707777023315,9.53489457528045e-13,0.9526630640029907,0.023107143118977547
39509_3JZWZFab1IU_audio_1_24_label_fake.npz,Fake,Deepfake,0.8610266983509064,0.42195406556129456,0.9884266257286072,0.9985262155532837,0.974371612071991,0.9218549728393555
36784_PHMafVnjks8_8_1_label_fake.npz,Fake,Real,0.26012482755051275,0.18192754685878754,0.024206776171922684,1.8709012117312795e-09,0.9587500095367432,0.13573980331420898
26804.png_rLrUc0SdDYY_9_2_label_fake.npz,Fake,Deepfake,0.4689067424544191,0.5934781432151794,0.025162864476442337,1.8578622984932736e-05,0.9595450758934021,0.7663290500640869
348_tAAGUDcS7XM_audio_short_512x512_1_1026_withaudio_label_fake.npz,Fake,Real,0.23683572577429005,0.15536761283874512,0.049161750823259354,0.0003070681414101273,0.9691858887672424,0.010156308300793171
48956_-mMaHBtQ-DU_audio_2_25_label_fake.npz,Fake,Deepfake,0.37342876866459845,0.10345037281513214,0.5696127414703369,0.039668936282396317,0.8827690482139587,0.2716427445411682
14690-3U4D77IB-j8_120_1_label_fake.npz,Fake,Deepfake,0.5160801294219823,0.6553356647491455,0.08025389164686203,6.048740601727332e-07,0.9866288900375366,0.8581815958023071
052_244a9729-_NxbN7iCl3w_705_1_label_fake.npz,Fake,Deepfake,0.4137927663943629,0.580490231513977,0.03236986696720123,1.4862726857245434e-05,0.9619553089141846,0.4941335618495941
18998-y_wqp9PJHYo_38_1_label_fake.npz,Fake,Deepfake,0.4718203336000443,0.3257356584072113,0.060961708426475525,0.8531538844108582,0.9165343642234802,0.20271605253219604
069_1b7a9cf8-YGIhb_a29d0_1080p_1410_1_label_fake.npz,Fake,Deepfake,0.3971784859895706,0.2696216106414795,0.1265636384487152,0.9997819066047668,0.0737251490354538,0.5162001252174377
UzfVjgZKjro_1080p_102_2_25fps--304_NEEN8fSBuWI_50_1_25fps_label_fake.npz,Fake,Deepfake,0.5772923497948796,0.7316595911979675,0.3551437556743622,0.002220734255388379,0.9791613221168518,0.8182763457298279
082_4bbff9c3.jpg_K3O_-Mjls_Q_1080p_24_1_label_fake.npz,Fake,Deepfake,0.374932192673441,0.6009301543235779,0.008010197430849075,0.0003150759148411453,0.947603166103363,0.317802369594574
068_45cbb6a4-fZNe3xAY9Zw_1080p_117_6_label_fake.npz,Fake,Deepfake,0.573427399992945,0.8579620718955994,0.10830454528331757,1.0787863285240552e-14,0.9887897968292236,0.9120805859565735
063_55002ecd-YkHUDTtGzvk_62_1_label_fake.npz,Fake,Deepfake,0.5623706894873066,0.6701361536979675,0.6713748574256897,5.76066895519034e-06,0.9668556451797485,0.5034810304641724
126_27b87531-eWj2-6q2ybk_137_1_label_fake.npz,Fake,Deepfake,0.44497892829651847,0.7415142059326172,0.05466225743293762,1.3397572047324502e-06,0.8133707642555237,0.6153460741043091
zBJP1v24Llk_36_1_25fps--276_aEM1s9Saa-g_16_1_25fps_label_fake.npz,Fake,Deepfake,0.3977184683755695,0.7386059165000916,0.21759609878063202,1.1869110494444612e-05,0.9614095687866211,0.07096888870000839
21316.png_bpyUlL59qEw_137_1_label_fake.npz,Fake,Deepfake,0.3617006830871105,0.13756923377513885,0.5573140978813171,0.05326328054070473,0.9778968095779419,0.08245999366044998
099_82722976-3Cv3vJa9UoI_1080p_244_1_label_fake.npz,Fake,Real,0.31907465458480383,0.397615522146225,0.10162998735904694,2.8206206467706885e-11,0.942642867565155,0.15348489582538605
059_aef6a0a8.jpg_KLyiFfWtoPI_162_7_label_fake.npz,Fake,Deepfake,0.394594086478071,0.8458288311958313,0.015021709725260735,8.575365768592746e-07,0.9562119245529175,0.15590710937976837
030_92cca8fa-bSVCG7iOG5I_63_1_label_fake.npz,Fake,Deepfake,0.5235893386590761,0.8602085113525391,0.017003383487462997,0.00027553513064049184,0.9786630272865295,0.761796236038208
193_56kjnBhGy8Y_1080p_40_1_512x512_1_1803_withaudio_label_fake.npz,Fake,Deepfake,0.353690841048956,0.1772366464138031,0.29445880651474,0.45821601152420044,0.8035460710525513,0.03499666973948479
2010-DCeJZTSFTXs_9_1_label_fake.npz,Fake,Deepfake,0.734491840004921,0.5170958638191223,0.1999986320734024,0.9998855590820312,0.9901097416877747,0.9653694033622742
25134-IU0Zy67ZLpU_114_1_label_fake.npz,Fake,Deepfake,0.4716892957687579,0.5901374816894531,0.04431653022766113,1.0050970201524317e-13,0.9370811581611633,0.7869113087654114
bSVCG7iOG5I_2064_1_label_real.npz,Real,Deepfake,0.38305126001905593,0.5127372145652771,0.0057970136404037476,1.8769029338727705e-05,0.934681236743927,0.462022066116333
-v7rBbYKdQE_37_5_297_label_fake.npz,Fake,Real,0.22458275306605732,0.16503901779651642,0.004865338560193777,7.492487186233632e-11,0.9419432282447815,0.011066180653870106
30CXCDECyG4_1080p_134_4_25fps--202_Je9hLZKYTz4_60_11_25fps_label_fake.npz,Fake,Deepfake,0.5159127867880671,0.6920285224914551,0.39924219250679016,6.783337994420435e-06,0.9477670788764954,0.5405193567276001
y9BVPefouIs_2777_1_label_real.npz,Real,Deepfake,0.42610836434978416,0.7726766467094421,0.008374594151973724,2.7624697395367548e-05,0.9788755178451538,0.37058743834495544
23261.png_7ua-Uet5y28_87_1_label_fake.npz,Fake,Deepfake,0.35962606227160854,0.4031849503517151,0.06696254760026932,2.861697823153264e-10,0.9148738980293274,0.4131089150905609
5351-I5oeY5O5oJI_31_14_label_fake.npz,Fake,Deepfake,0.5489904046058655,0.2190302014350891,0.38335293531417847,0.9731878638267517,0.9553695321083069,0.21401149034500122
85_QRehETrB3qU_audio_2_32_label_fake.npz,Fake,Deepfake,0.46748400926589967,0.35749027132987976,0.04986315965652466,0.9993768334388733,0.9079775810241699,0.02271220088005066
XblD1mtXBWY_296_18_278_label_fake.npz,Fake,Real,0.060226969979703435,0.0739159882068634,0.02078670635819435,0.010788723826408386,0.1804128885269165,0.015230542980134487
45496-9rjQ5sfeUTg_out_169_5_label_fake.npz,Fake,Deepfake,0.6451516389846802,0.5628300905227661,0.7179239392280579,0.39061230421066284,0.8899039030075073,0.6644879579544067
27893-GgCnpDg0jwc_60_2_label_fake.npz,Fake,Real,0.270932862888003,0.21629418432712555,0.03549845889210701,5.28096170455683e-05,0.9630715250968933,0.13974733650684357
41-D56tKWtAMbw_1235_1_label_fake.npz,Fake,Deepfake,0.5258063365821727,0.7378106117248535,0.0810074433684349,0.0007315301918424666,0.9810834527015686,0.8283986449241638
16621-QvTs7W732ZQ_37_1_label_fake.npz,Fake,Deepfake,0.7796928644180299,0.8015460968017578,0.3645172715187073,0.9502131342887878,0.9806501865386963,0.8015376329421997
086_f052c533-SDMFBIhN9fw_795_3_label_fake.npz,Fake,Deepfake,0.5675423403346941,0.25367164611816406,0.9507699608802795,1.8863102013710886e-07,0.913504958152771,0.7197649478912354
29540-2Ny5UJLpoxg_1_1_label_fake.npz,Fake,Deepfake,0.6868054009974003,0.7448703646659851,0.0572233684360981,0.9640963077545166,0.9856227040290833,0.6822142601013184
7AldV8ATrJc_168_1_21_label_fake.npz,Fake,Real,0.2600227005780197,0.1620263159275055,0.11740554124116898,2.2678957507533265e-13,0.9660710096359253,0.054610636085271835
17053-mJy_wVSKwwA_50_1_label_fake.npz,Fake,Deepfake,0.5106689826983143,0.36073988676071167,0.6039753556251526,6.637662295361224e-07,0.9356670379638672,0.6529619693756104
21366-fmc0Pk8A0T0_150_1_label_fake.npz,Fake,Deepfake,0.38801326312492945,0.5834972262382507,0.004117673262953758,2.2535846522231395e-09,0.9537800550460815,0.39867135882377625
22514-v9f6twy70iM_2_7_label_fake.npz,Fake,Real,0.2617225706598859,0.4760929048061371,0.13436196744441986,1.0778995751525855e-11,0.1337672621011734,0.5643907189369202
041_bcfa1766.jpg_eWj2-6q2ybk_84_2_label_fake.npz,Fake,Real,0.23929229620844128,0.21138767898082733,0.007347519975155592,0.001296201255172491,0.9026491045951843,0.07378097623586655
16931-I5oeY5O5oJI_46_3_label_fake.npz,Fake,Deepfake,0.49449471533298495,0.2506621778011322,0.7109007835388184,0.999990701675415,0.1942421942949295,0.3166777193546295
25714-PYRFxrLt30A_72_2_label_fake.npz,Fake,Deepfake,0.507878278195858,0.08236102014780045,0.1992037147283554,0.9848859906196594,0.9776759147644043,0.29526475071907043
8528-mRNCLRo9JAM_31_1_label_fake.npz,Fake,Deepfake,0.3675775517215698,0.3036643862724304,0.07865069061517715,2.9376101338129956e-06,0.9790873527526855,0.4764823913574219
253_q__LT1Js9gE_1080p_6_6_label_fake.npz,Fake,Deepfake,0.41807225048542024,0.2807672917842865,0.2651980519294739,0.4068799316883087,0.9669802784919739,0.17053569853305817
00010_nBhxjAQzAg4_audio_3_label_fake.npz,Fake,Deepfake,0.41225785271453785,0.22664104402065277,0.9159933924674988,1.4267545338952914e-05,0.8990780711174011,0.019562488421797752
042_2ccd070f_Nz7QfvnRkuE_555_1-batch-2025-02-06-13-00-20-142_label_fake.npz,Fake,Deepfake,0.5522400312126026,0.860321044921875,0.024645235389471054,1.7082151394353512e-13,0.9870126843452454,0.88922119140625
18208-ndJhwVupwVQ_8_3_label_fake.npz,Fake,Real,0.03177798504500662,0.08229531347751617,0.0013616877840831876,1.2578861563472543e-12,0.0665382593870163,0.00869466457515955
21341-pzdnuEa8a20_16_1_label_fake.npz,Fake,Real,0.2059243423049338,0.11339710652828217,0.004439027979969978,0.00030102074379101396,0.902329683303833,0.009154872968792915
22843-SM1o5azPdoo_92_1_label_fake.npz,Fake,Real,0.17923157836337467,0.077872134745121,0.006984381936490536,3.385492064467144e-08,0.7948644757270813,0.01643686555325985
11445-OEIstw-nzes_68_3_label_fake.npz,Fake,Deepfake,0.44186104177483687,0.6755378842353821,0.012267178855836391,2.0617146674339892e-06,0.966529369354248,0.5549687147140503
316_zBJP1v24Llk_69_1_512x512_1_1803_withaudio_label_fake.npz,Fake,Real,0.26936965632266946,0.06962700188159943,0.3925650417804718,2.840492015820928e-05,0.872878909111023,0.011748923920094967
2CTT98xML9c_213_1_538_label_fake.npz,Fake,Deepfake,0.3569622739683837,0.48271629214286804,0.00810620840638876,0.0016761578153818846,0.9199230670928955,0.37238964438438416
Lc0n7WuOwDs_1080p_215_1_587_label_fake.npz,Fake,Real,0.2890485133975744,0.18963347375392914,0.03551499545574188,0.009342772886157036,0.9496163725852966,0.26113495230674744
22341-hpsgQkD27BA_1_4_label_fake.npz,Fake,Deepfake,0.567330777705304,0.7970903515815735,0.12008786201477051,3.0096461434148125e-10,0.9826535582542419,0.9368221163749695
21420-squ9XOfBKaY_0_1_label_fake.npz,Fake,Deepfake,0.49822660450663536,0.5589072108268738,0.11386797577142715,3.0945466278353706e-05,0.9695567488670349,0.8487701416015625
u-X671JqQWA_83_138_25fps--51298_Tdgb6NvUjhk_193_1_25fps_label_fake.npz,Fake,Deepfake,0.3803861117516135,0.44200095534324646,0.19237260520458221,6.112532901170198e-06,0.7417570352554321,0.5257938504219055
14602-itFwx1CZM9I_99_2_label_fake.npz,Fake,Real,0.26366884261369705,0.07129547744989395,0.12256033718585968,0.2569359242916107,0.810375452041626,0.057177022099494934
039_defb8d63-SY_xV-Raq3A_1080p_98_1_label_fake.npz,Fake,Deepfake,0.726301422715187,0.7928503155708313,0.035455718636512756,0.9245315194129944,0.9855265617370605,0.8931429982185364
27493-awNrju1X3zc_57_2_label_fake.npz,Fake,Real,0.23256642611981834,0.168552428483963,0.016138283535838127,8.524162486978071e-10,0.9503307938575745,0.02781062386929989
20404-CoIL9IsJXiA_83_1_label_fake.npz,Fake,Deepfake,0.5256189174426255,0.5548597574234009,0.6580348610877991,0.00013301122817210853,0.9814707636833191,0.4335961937904358
00357_6XJ3OW1Y2zU_audio_2_label_fake.npz,Fake,Real,0.22822113118381113,0.14264141023159027,0.005209197290241718,2.1758715718078747e-08,0.9736109972000122,0.019644029438495636
4jEjuJX169k_1130_1_label_real.npz,Real,Deepfake,0.35226974466349936,0.5259642601013184,0.06055300310254097,0.00032983242999762297,0.7232486009597778,0.4512530267238617
Vz-kJATn87E_1080p_178_2_label_real.npz,Real,Deepfake,0.5686638489365579,0.4617479741573334,0.014546997845172882,0.9992774128913879,0.9587476849555969,0.40899917483329773
083_16b5e7ab_MxlocFNdoXg_797_2-batch-2025-02-06-13-00-20-1_label_fake.npz,Fake,Deepfake,0.37409523353017643,0.8250256776809692,0.004275921732187271,1.8512825820937717e-12,0.9464444518089294,0.09473011642694473
25638-qsnbJZQAD-k_0_2_label_fake.npz,Fake,Deepfake,0.4956675205379725,0.770391583442688,0.019564183428883553,0.04335121810436249,0.947262704372406,0.6977679133415222
21731-I5oeY5O5oJI_34_1_label_fake.npz,Fake,Real,0.23734293951420116,0.08378391712903976,0.17827916145324707,0.0002779196365736425,0.9197015762329102,0.004672123119235039
491_XblD1mtXBWY_4_1-batch-2025-02-06-13-00-20-242_label_fake.npz,Fake,Deepfake,0.45755909848958254,0.515149712562561,0.2633601129055023,0.004923501051962376,0.986274778842926,0.5180873870849609
088_b1977c95-gc8LE2PP3hM_353_6_label_fake.npz,Fake,Deepfake,0.4556106390023136,0.5825833082199097,0.02566453441977501,4.452418878031494e-09,0.8483735918998718,0.8214317560195923
FGAyYl3ZICw_46_1_91_label_fake.npz,Fake,Real,0.28525445461273197,0.25899559259414673,0.1840565949678421,0.015174441039562225,0.9543275833129883,0.01371806114912033
27130-J-vYXU4vqcY_3_1_label_fake.npz,Fake,Deepfake,0.5131750822067261,0.41290029883384705,0.1863330602645874,0.9999974966049194,0.8306901454925537,0.13595440983772278
_pWENLj5I-8_1080p_74_3_label_real.npz,Real,Deepfake,0.4000845640897751,0.6075940728187561,0.038225479423999786,0.05751586705446243,0.976207435131073,0.3208799660205841
067_fb02357d.jpg_KyeC6d6MTSU_236_13_label_fake.npz,Fake,Deepfake,0.3915029107593,0.19853036105632782,0.8405004739761353,0.004825827199965715,0.9006715416908264,0.012986349873244762
29420.png_0fpc2LXBvUo_63_1_label_fake.npz,Fake,Real,0.2895550142042339,0.3769754469394684,0.005529466550797224,0.021326886489987373,0.9620615243911743,0.08188174664974213
060_8bb5cac3-y0AEpnS6CNo_15_7_label_fake.npz,Fake,Deepfake,0.4800477447726962,0.7201322913169861,0.027502799406647682,6.64932713334565e-08,0.9763645529747009,0.676239013671875
497_4DXBHgW9NlI_280_12-batch-2025-02-06-13-00-20-206_label_fake.npz,Fake,Deepfake,0.6008888030273738,0.6393731236457825,0.7561525106430054,7.4030076575581916e-06,0.9903096556663513,0.6186013221740723
21366-BCcA0inbcBk_34_2_label_fake.npz,Fake,Real,0.34812217293801956,0.33332669734954834,0.2884039580821991,0.00010706179455155507,0.9428211450576782,0.1759520024061203
12523-cbtkoZUOR1A_26_6_label_fake.npz,Fake,Deepfake,0.434291025997364,0.21593964099884033,0.8688004612922668,5.779172713299419e-12,0.9904541969299316,0.09626083076000214
024_2a9dc3ca--G4vMYK4mHY_986_4_label_fake.npz,Fake,Deepfake,0.5508050553034991,0.5735566020011902,0.9952972531318665,0.0005193313118070364,0.6019924283027649,0.5826596617698669
i56Klb7z3Pw_157_1_25fps--96_dc7eS_JHLEw_460_3_25fps_label_fake.npz,Fake,Deepfake,0.4909468326019124,0.4284439980983734,0.7325843572616577,0.0009216830367222428,0.9619467854499817,0.33083733916282654
25502-6w9ikJPzTOA_40_1_label_fake.npz,Fake,Real,0.20980114666745067,0.07601002603769302,0.0300902109593153,0.002969750203192234,0.9340375661849976,0.005898179952055216
5436-ADTwFvHACE4_36_1_label_fake.npz,Fake,Real,0.2786303092725575,0.21566446125507355,0.030231866985559464,0.005355870816856623,0.9008132219314575,0.24108612537384033
YgGJIXxku2s_104_1_426_label_fake.npz,Fake,Deepfake,0.47355864867213604,0.5591642260551453,0.4318261444568634,4.09604723472512e-08,0.9863209128379822,0.3904819190502167
090_f67e981f.jpg_6Hh5ba8gpfw_139_1_label_fake.npz,Fake,Deepfake,0.3703361547086388,0.49272266030311584,0.16222034394741058,0.0008118778932839632,0.6450209021568298,0.5509049892425537
D56tKWtAMbw_526_1_label_real.npz,Real,Deepfake,0.46562708063775327,0.7464594841003418,0.024866314604878426,3.156079841915016e-10,0.9311749935150146,0.6256346106529236
15399.png_q__LT1Js9gE_1080p_7_1_label_fake.npz,Fake,Deepfake,0.6818073570728302,0.7724936008453369,0.15312466025352478,0.7993622422218323,0.9581751823425293,0.7258810997009277
05915.png_Vz-kJATn87E_1080p_27_1_label_fake.npz,Fake,Deepfake,0.551850950345397,0.7008447647094727,0.02666151337325573,0.7575308084487915,0.9790164828300476,0.2952011823654175
470_DMdGj-tquJY_audio_3_label_fake.npz,Fake,Deepfake,0.5619988635182381,0.7196329236030579,0.92994225025177,0.01142214983701706,0.9630253911018372,0.18597160279750824
498_iveoZu36Fzw_11_22-batch-2025-02-06-13-00-20-448_label_fake.npz,Fake,Deepfake,0.38538131117822133,0.39458808302879333,0.3044742941856384,6.969344399547842e-14,0.9850890040397644,0.24275517463684082
W9C4OBc6El4_38_7_264_label_fake.npz,Fake,Deepfake,0.5438994795084,0.6558170318603516,0.05067820847034454,0.3053726553916931,0.9674994349479675,0.7401300668716431
70_uxKH0XMINcI_audio_3_512x512_1_1026_withaudio_label_fake.npz,Fake,Deepfake,0.36088694349891176,0.6539320349693298,0.05635016784071922,3.4724504871519457e-07,0.9642459154129028,0.12990625202655792
119_3hvjxHnt9SA_audio_1_512x512_1_1026_withaudio_label_fake.npz,Fake,Real,0.26400727849104444,0.10522802174091339,0.0032527479343116283,0.00019208368030376732,0.9657707810401917,0.24559275805950165
51111.png_Jmtasx4JReE_314_2_label_fake.npz,Fake,Deepfake,0.4929100320845464,0.6718304753303528,0.20356276631355286,2.1331563402782194e-05,0.8997636437416077,0.6893719434738159
47392.png_inQaPF2YoNw_481_2_label_fake.npz,Fake,Deepfake,0.40890631867445115,0.6085596084594727,0.03071438893675804,7.881719170654833e-07,0.9723278880119324,0.4329289197921753
037_62d00a09.jpg_lBApoKf5KAQ_16_1_label_fake.npz,Fake,Deepfake,0.484032212162856,0.6983106136322021,0.152121439576149,0.00023243558825924993,0.9811576008796692,0.5883389711380005
10584-hHYe3O7_TUA_304_3_label_fake.npz,Fake,Real,0.34439764469861983,0.2882436513900757,0.32009097933769226,0.03579949587583542,0.9657744765281677,0.11207962036132812
D92_Zhlb0qE_1080p_37_8_25fps--224_WimhDf8VpTA_audio_2_51_label_fake.npz,Fake,Deepfake,0.39697760288668177,0.6837019324302673,0.003044750075787306,1.1637373518169625e-06,0.9588986039161682,0.33924156427383423
349_s9lzNGoKAPI_audio_1_label_fake.npz,Fake,Deepfake,0.45287243817001593,0.6868996620178223,0.0034150825813412666,3.3906805640950487e-16,0.967420756816864,0.6066266894340515
025_d5418b1e.jpg_OpitcLEYak8_1080p_38_8_label_fake.npz,Fake,Deepfake,0.42886267900609676,0.7146162390708923,0.03811219334602356,7.137823318514869e-12,0.9792913794517517,0.41229358315467834
057_7f34f0f4.jpg_KyeC6d6MTSU_236_2_label_fake.npz,Fake,Deepfake,0.37516035363078115,0.1849018782377243,0.7663676142692566,0.10849365592002869,0.8072251677513123,0.00881345197558403
3493-A-BRu8z7ztk_34_2_label_fake.npz,Fake,Deepfake,0.42280000618629854,0.6182636022567749,0.00916194822639227,2.629509981488809e-05,0.9754176139831543,0.5111305713653564
20140-MATJqR93d5I_42_1_label_fake.npz,Fake,Real,0.3391342410659436,0.2379499226808548,0.06091316416859627,8.52169224074828e-10,0.9705276489257812,0.4262804687023163
_T2oSi7iMrY_25_1_label_real.npz,Real,Real,0.32883222656848066,0.4608987867832184,0.004627303685992956,1.1388313403415395e-08,0.48569896817207336,0.6929360628128052
053_62909c7b.jpg_nskOU3iewEg_145_1_label_fake.npz,Fake,Deepfake,0.4250585719943047,0.4653446674346924,0.10137056559324265,0.1534193754196167,0.9633329510688782,0.4418253004550934
142_rMrG-WhVhow_204_1_512x512_1_1803_withaudio_label_fake.npz,Fake,Real,0.22240451999741495,0.11649085581302643,0.017951348796486855,4.641650619419124e-08,0.9635418653488159,0.01403848361223936
02712__x3xzKilzPg_audio_1_label_fake.npz,Fake,Real,0.30482622087001804,0.06708550453186035,0.01175589021295309,0.7047148942947388,0.734399139881134,0.006175675429403782
26938-b0Z9IpTVfUg_50_1_label_fake.npz,Fake,Deepfake,0.40274542141705755,0.5546922087669373,0.24235957860946655,0.009172954596579075,0.7999844551086426,0.4075179100036621
O_6kW3Mrkm8_282_14_label_real.npz,Real,Real,0.2094830839894712,0.07404927164316177,0.007552572060376406,0.1383119523525238,0.8218335509300232,0.005668072961270809
41290.png_aEM1s9Saa-g_107_12_label_fake.npz,Fake,Deepfake,0.3713995865374617,0.20940108597278595,0.15878283977508545,1.0624434665373883e-08,0.9628762602806091,0.5259377360343933
Ll8xGtwvH84_353_4_324_label_fake.npz,Fake,Real,0.33491733788022204,0.16666610538959503,0.0387519970536232,3.41165502959484e-07,0.9842727184295654,0.4848955273628235
42271_CSvzXtX9zQ4_audio_1_195_label_fake.npz,Fake,Deepfake,0.40921836365107006,0.37325483560562134,0.0032122964039444923,4.634334149072883e-12,0.9823324084281921,0.6872922778129578
1797-SWHweN9WlkU_46_1_label_fake.npz,Fake,Deepfake,0.5548809519037605,0.7379195094108582,0.015436823479831219,0.27197009325027466,0.9889050722122192,0.7601732611656189
13391.png_GtBnj3Z3eO4_374_4_label_fake.npz,Fake,Deepfake,0.3790824976749718,0.46113815903663635,0.1232433095574379,0.00392416724935174,0.9703448414802551,0.336762011051178
6342-p3XJSlgo1_M_78_2_label_fake.npz,Fake,Deepfake,0.4486213841941208,0.5874181389808655,0.00656789680942893,0.001630204962566495,0.9820127487182617,0.6654779314994812
34367.png_ldI1peHBLa0_138_1_label_fake.npz,Fake,Deepfake,0.5440743796527386,0.15248502790927887,0.9954099059104919,0.5589910745620728,0.9782941341400146,0.03519175574183464
9024-Uk6sPnRL0WQ_116_1_label_fake.npz,Fake,Real,0.34382917135953905,0.08526117354631424,0.05831588804721832,0.3341497778892517,0.9590660333633423,0.2823529839515686
17410-d2om_PGtwWY_36_1_label_fake.npz,Fake,Real,0.27727213613688945,0.11924253404140472,0.027910849079489708,0.1951647251844406,0.9510727524757385,0.09296981990337372
yGSbJCsyO0M_245_1_label_real.npz,Real,Real,0.25222257996598946,0.2687171399593353,0.0007048851111903787,1.1835560975725912e-08,0.963290274143219,0.028400588780641556
24381-GgCnpDg0jwc_22_1_label_fake.npz,Fake,Real,0.23002582144690678,0.10941415280103683,0.0746152326464653,0.000700772216077894,0.9523845911026001,0.013014358468353748
083_b9c10851.jpg_JFBVpNgehIg_1080p_160_12_label_fake.npz,Fake,Deepfake,0.416317342966795,0.48887401819229126,0.012711619026958942,0.008166334591805935,0.9831372499465942,0.5886974930763245
GiRZf3AUfW0_18_31_919_label_fake.npz,Fake,Real,0.2897852515423438,0.2579697072505951,0.00010243475844617933,0.0008867963333614171,0.9791131615638733,0.2108541578054428
wrsQH0CXaic_0_1_169_label_fake.npz,Fake,Real,0.29259026646614084,0.22778211534023285,0.16646608710289001,1.9082858208251336e-16,0.9600353240966797,0.10866780579090118
WimhDf8VpTA_46_1_label_real.npz,Real,Real,0.3397302302030994,0.42285892367362976,0.0014361474895849824,1.53259009039175e-06,0.9655799269676208,0.3087746202945709
mOPffKIq18w_445_1_label_real.npz,Real,Deepfake,0.44840895524266733,0.7841266989707947,0.004743724595755339,9.122866307872957e-13,0.9711093902587891,0.48206496238708496
8946-lSCTGJbObOg_347_1_label_fake.npz,Fake,Deepfake,0.4290276404470206,0.08591441065073013,0.17989173531532288,0.9869827032089233,0.8690003156661987,0.023349037393927574
6513-vNCVrtwrAWg_35_2_label_fake.npz,Fake,Deepfake,0.6370925962924957,0.3627006411552429,0.5222120881080627,1.0,0.892473578453064,0.408076673746109
35156.png_CSvzXtX9zQ4_255_1_label_fake.npz,Fake,Deepfake,0.45303022787067504,0.7438196539878845,0.06082117184996605,4.629590547727824e-12,0.9509701728820801,0.5095401406288147
P_stI11n2Sc_9_1_197_label_fake.npz,Fake,Real,0.31140254239736254,0.4859311282634735,0.015274778008460999,2.7343544317659507e-08,0.9340856075286865,0.12172117084264755
029_2f4ca9e5_XblD1mtXBWY_4_1-batch-2025-02-06-13-00-20-212_label_fake.npz,Fake,Deepfake,0.4297601776197553,0.40866008400917053,0.2633601129055023,0.004923501051962376,0.9811475872993469,0.4907096028327942
04285_NnNZBZa1Duc_audio_3_label_fake.npz,Fake,Deepfake,0.4618510447442532,0.6541796326637268,0.041462820023298264,2.6149086848088905e-19,0.9717265367507935,0.6418862342834473
pxQ7cGj7TqE_41_6_label_real.npz,Real,Deepfake,0.4606097581464853,0.4300500154495239,0.6788713335990906,1.2312358910193666e-09,0.5393872261047363,0.6547402143478394
084_6b81d36b-jV2pjBg0srU_1132_14_label_fake.npz,Fake,Real,0.1999032392091124,0.4340406060218811,0.008629238232970238,2.993824921304622e-07,0.13014274835586548,0.4267033040523529
y0m5woySQhM_346_1_25fps--198_kHgF6z3Paos_839_1_25fps_label_fake.npz,Fake,Real,0.332745120853955,0.27930188179016113,0.031593240797519684,4.187610969097477e-08,0.967940628528595,0.3848898112773895
195_dc745cfd.jpg_BlgjnJ9y3oE_429_1_label_fake.npz,Fake,Deepfake,0.48596495410132823,0.741473376750946,0.010323167778551579,7.840042504092537e-11,0.9820976853370667,0.695930540561676
8933-NUHHj6bWXTs_109_1_label_fake.npz,Fake,Deepfake,0.5716819455847145,0.6449331641197205,0.012858535163104534,0.580089807510376,0.9374963045120239,0.6830319166183472
060_a274185c.jpg_Du1SKO_ri4w_55_28_label_fake.npz,Fake,Real,0.3466183870870737,0.4424862563610077,0.014707026071846485,4.487963451538235e-06,0.6173880696296692,0.6585060954093933
085_e9f6ea07.jpg_Tdgb6NvUjhk_73_1_label_fake.npz,Fake,Deepfake,0.4898770895553753,0.4737470746040344,0.7579662203788757,0.00024957803543657064,0.9625500440597534,0.25487253069877625
vAQM3cPJxSg_56_1_label_real.npz,Real,Deepfake,0.6352292060852052,0.6542136669158936,0.9081934690475464,4.6541383339745106e-17,0.9118467569351196,0.7018921375274658
24741-Uk6sPnRL0WQ_81_2_label_fake.npz,Fake,Deepfake,0.38534784913068065,0.12314225733280182,0.17599089443683624,2.505295233420912e-13,0.9756744503974915,0.651931643486023
Je9hLZKYTz4_148_27_label_real.npz,Real,Deepfake,0.5967516995966434,0.6447781920433044,0.6326162815093994,0.04373656585812569,0.9224269390106201,0.7402005195617676
1889-D1m1SQIdMkk_5_2_label_fake.npz,Fake,Deepfake,0.6354107901453973,0.5339192152023315,0.11303588002920151,0.9999967813491821,0.9306014180183411,0.5995006561279297
Du1SKO_ri4w_70_17_25fps--15569_hGvKKIo4tKQ_1080p_72_1_25fps_label_fake.npz,Fake,Deepfake,0.3899516979757209,0.5763998031616211,0.03858643025159836,6.404967734852107e-06,0.7882899641990662,0.546475887298584
40641.png_ldI1peHBLa0_101_5_label_fake.npz,Fake,Deepfake,0.5671492666006088,0.06810777634382248,0.998275637626648,0.7651198506355286,0.9695357084274292,0.034707359969615936
094_664a03cd.jpg_oGo0qpktVW0_1080p_209_3_label_fake.npz,Fake,Deepfake,0.36948831789195535,0.5463657379150391,0.053414538502693176,0.021895548328757286,0.9494986534118652,0.2762671113014221
13066-aE-eKPb6vhM_23_2_label_fake.npz,Fake,Deepfake,0.4490699701011181,0.622026264667511,0.029457062482833862,0.0009994469583034515,0.9883416295051575,0.6045254468917847
023_2029f686.jpg_1nnKydcqmDI_252_1_label_fake.npz,Fake,Deepfake,0.4256237705238164,0.5407664775848389,0.07572489231824875,0.002448009792715311,0.8338032960891724,0.6753761768341064
908-UWnFJdu3BOA_15_1_label_fake.npz,Fake,Real,0.2543347626458854,0.2298712283372879,0.014952732250094414,0.0038248689379543066,0.9327250123023987,0.09029997140169144
98_GiRZf3AUfW0_43_2_label_fake.npz,Fake,Real,0.2785850403830409,0.24862492084503174,0.06168607249855995,0.009987401776015759,0.970280647277832,0.10234615951776505
21575-O1JxQ9OyJRQ_131_1_label_fake.npz,Fake,Real,0.303182802451812,0.19579283893108368,0.2605431079864502,7.129293067009712e-08,0.9593647718429565,0.10021322220563889
21704-2ECheTEbkhQ_31_3_label_fake.npz,Fake,Real,0.2920452952384949,0.11777835339307785,0.07310619950294495,0.22127364575862885,0.9784476161003113,0.06962066143751144
00355_YkHUDTtGzvk_audio_1_label_fake.npz,Fake,Real,0.3159262243659578,0.07447456568479538,0.5315544605255127,6.366649286763948e-13,0.9597604870796204,0.013841608539223671
17798-d2om_PGtwWY_58_1_label_fake.npz,Fake,Real,0.2525288265198469,0.23530863225460052,0.045033469796180725,0.030168330296874046,0.9315459728240967,0.020587727427482605
29808.png_Lc0n7WuOwDs_1080p_112_2_label_fake.npz,Fake,Deepfake,0.4819593280553818,0.4962400496006012,0.13419440388679504,0.6910088658332825,0.9067392349243164,0.18161408603191376
25399_hg6PbuiRHeg_audio_2_151_label_fake.npz,Fake,Deepfake,0.3555165041732835,0.12901054322719574,0.6801979541778564,0.0001382327318424359,0.9397506713867188,0.028485119342803955
1442-I5oeY5O5oJI_64_5_label_fake.npz,Fake,Real,0.3253117576241493,0.14046859741210938,0.34477075934410095,0.0953790545463562,0.968963623046875,0.07697675377130508
2NlEdgEI_mc_57_2_322_label_fake.npz,Fake,Real,0.2573064604901901,0.22065997123718262,0.01808762736618519,1.3290612059790874e-06,0.8582364320755005,0.18954694271087646
029_cb46b2bb.jpg_dTeNSc1Sp28_324_4_label_fake.npz,Fake,Real,0.25418789392570035,0.14895592629909515,0.12713612616062164,0.0005384090472944081,0.9688231945037842,0.0254858136177063
26476-A-BRu8z7ztk_21_1_label_fake.npz,Fake,Deepfake,0.3659005573229479,0.5149389505386353,0.03917049244046211,5.251833044894738e-06,0.9747673273086548,0.30062076449394226
53709.png_apnde-Dpq8E_1080p_121_7_label_fake.npz,Fake,Deepfake,0.4258291763966554,0.6121780276298523,0.2235591858625412,0.00011486456060083583,0.9730067253112793,0.3202870786190033
393_PHMafVnjks8_231_3_label_fake.npz,Fake,Deepfake,0.4218622127082199,0.6208630204200745,0.25681617856025696,0.0014929815661162138,0.9914064407348633,0.2387324422597885
1249-I66kXy4rvME_63_3_label_fake.npz,Fake,Deepfake,0.48931801293801985,0.27755483984947205,0.8285468220710754,0.00016790501831565052,0.9662787914276123,0.37404170632362366
21235-vYG3_0iwY6Q_133_1_label_fake.npz,Fake,Real,0.16775808485443647,0.2709690034389496,0.09316990524530411,1.0407250755628539e-10,0.34264275431632996,0.13200876116752625
20149-NZ7pKLrujBc_1_2_label_fake.npz,Fake,Deepfake,0.5571941733214771,0.7541224360466003,0.46151554584503174,9.69766842899844e-05,0.9697270393371582,0.6005088686943054
23885-eHJnEHyyN1Y_2_3_label_fake.npz,Fake,Real,0.3450624644756317,0.4682804346084595,0.15065664052963257,0.04266522824764252,0.9571352601051331,0.10657475888729095
msbqwoV6PHM_1080p_159_4_29_label_fake.npz,Fake,Deepfake,0.38996169553138316,0.46042877435684204,0.08120018243789673,0.003904192941263318,0.9807594418525696,0.4235158860683441
u-X671JqQWA_71_216_25fps--46426_De5FGogMWzQ_121_1_25fps_label_fake.npz,Fake,Real,0.2593132634938229,0.48458966612815857,0.05908437818288803,0.00029273578547872603,0.229051411151886,0.5235481262207031
pdcV3UkZtks_1_39_label_real.npz,Real,Deepfake,0.5213361993432045,0.32414883375167847,0.11201371997594833,0.9987778067588806,0.972507655620575,0.19923298060894012
247_nBhxjAQzAg4_audio_3_512x512_1_1026_withaudio_label_fake.npz,Fake,Deepfake,0.4932683289778652,0.3407996892929077,0.9031077027320862,0.00012901461741421372,0.9327057600021362,0.2895994782447815
42965.png_eEBMUm3hNj8_126_1_label_fake.npz,Fake,Deepfake,0.4242523122426065,0.3668811023235321,0.5448243618011475,4.166660801274702e-06,0.8912680745124817,0.3182838559150696
wdNhtZOGxBw_229_7_25fps--488_8DtgmPl6mjY_audio_3_177_label_fake.npz,Fake,Deepfake,0.5259634226560592,0.5230468511581421,0.6637753248214722,0.16951681673526764,0.9047379493713379,0.36874017119407654
326_Y7FIRwYsAMo_audio_1_512x512_1_1026_withaudio_label_fake.npz,Fake,Real,0.3083448912017047,0.28056612610816956,0.1967916339635849,0.003025589045137167,0.9910077452659607,0.07033336162567139
491_VifDzyPgBNg_0_3-batch-2025-02-06-13-00-20-248_label_fake.npz,Fake,Deepfake,0.35355288591796297,0.8250309228897095,0.004612441174685955,2.8020885958768282e-11,0.9148264527320862,0.023294612765312195
026_bb842452-eWj2-6q2ybk_259_2_label_fake.npz,Fake,Deepfake,0.5391885094451991,0.8387506604194641,0.03240272030234337,5.368772440506042e-11,0.9664044380187988,0.8583847284317017
27718-NduDs59WZqU_72_3_label_fake.npz,Fake,Real,0.17331586022686876,0.08960387110710144,0.012144395150244236,4.103738182603678e-10,0.7475571632385254,0.01727387122809887
029_cb46b2bb.jpg_KLyiFfWtoPI_1009_3_label_fake.npz,Fake,Deepfake,0.50744964517653,0.7399092316627502,0.13446757197380066,0.016409458592534065,0.9567139744758606,0.6897479891777039
22605-BhwnAYvzhm4_6_3_label_fake.npz,Fake,Deepfake,0.4542761310935021,0.08439476788043976,0.0391254648566246,0.9970695972442627,0.9371780753135681,0.21361275017261505
MFusQ6Jv5cE_89_4--414_KyeC6d6MTSU_audio_3_17_label_fake.npz,Fake,Deepfake,0.4703647047281265,0.3658979535102844,0.21539606153964996,0.3913358449935913,0.8734576106071472,0.5057360529899597
093_fda0f117.jpg_PNyFdGKIjzY_2_2_label_fake.npz,Fake,Real,0.29966288435029187,0.4885215759277344,0.003040072973817587,2.1082271928207774e-08,0.9366484880447388,0.07010426372289658
i56Klb7z3Pw_578_2_25fps--45672_WYP2eizW7gY_127_2_25fps_label_fake.npz,Fake,Deepfake,0.39129609805909243,0.5405189394950867,0.2356644719839096,1.5667362731619505e-06,0.9579079747200012,0.22238753736019135
CQSa-AudDro_92_1_162_label_fake.npz,Fake,Real,0.3091064279441696,0.16430233418941498,0.2765101492404938,2.7078621656073665e-07,0.9516903758049011,0.15302900969982147
keEKlr2dG-I_76_1_25fps--23_gEpZTuQhcuA_audio_2_204_label_fake.npz,Fake,Real,0.28918647432124095,0.3011116087436676,0.17262399196624756,1.2858686204708647e-07,0.9420595765113831,0.030137065798044205
03251_qv45xE78kx0_audio_1_label_fake.npz,Fake,Real,0.2926717676309856,0.30345603823661804,0.041503291577100754,5.219783005827594e-08,0.973841667175293,0.14455778896808624
31511.png_dcvbo-RdeWw_4_2_label_fake.npz,Fake,Real,0.3156331061854871,0.4154045581817627,0.03643513098359108,1.3749815479968674e-05,0.9455623030662537,0.1807497888803482
050_9269f010-4GJoAnMi6Mo_500_1_label_fake.npz,Fake,Deepfake,0.6033757345332482,0.5965450406074524,0.8735485672950745,8.172680310281066e-09,0.9668503403663635,0.5799347162246704
2342-BTijw7PINU4_85_1_label_fake.npz,Fake,Deepfake,0.5843143733218312,0.4663890302181244,0.002537147141993046,0.9956037998199463,0.9738698601722717,0.4831720292568207
780-Lv7ZArjcOJo_66_1_label_fake.npz,Fake,Deepfake,0.48165850192308435,0.5008119940757751,0.11770535260438919,0.4062740206718445,0.9849991202354431,0.39850202202796936
006_bbb6978e-vxvcZVCOMuc_1_6_label_fake.npz,Fake,Deepfake,0.5464794355208141,0.8873150944709778,0.009482663124799728,1.233571492775809e-05,0.983667254447937,0.8519198298454285
28757-NSWcdPWXZQI_2_1_label_fake.npz,Fake,Real,0.26046146913431617,0.23144745826721191,0.003418371779844165,1.5099476133133543e-15,0.986624002456665,0.08081751316785812
488_03GPqk22j-w_15_2_512x512_1_1803_withaudio_label_fake.npz,Fake,Deepfake,0.38644124346319586,0.45188674330711365,0.1569618582725525,0.0002582111628726125,0.9888970255851746,0.334202378988266
079_f5cc99a5.jpg_gc8LE2PP3hM_68_13_label_fake.npz,Fake,Deepfake,0.49045643690394625,0.6731677055358887,0.0021715404000133276,2.0863387817371404e-07,0.9361013174057007,0.8408414125442505
32776.png_i28DmpsZUz8_370_2_label_fake.npz,Fake,Deepfake,0.5758175332099199,0.6897406578063965,0.5948485732078552,0.9230301380157471,0.6490349769592285,0.022433320060372353
952-Lqg5fiwIQso_45_1_label_fake.npz,Fake,Deepfake,0.5046400615330641,0.7424179315567017,0.09239595383405685,5.525229425984435e-06,0.988032341003418,0.7003485560417175
237-lXXCH-gBGzI_0_35_label_fake.npz,Fake,Deepfake,0.4025390383063496,0.5367466807365417,0.054415810853242874,2.3374437660095282e-05,0.8788251280784607,0.5426841974258423
125_b66015af.jpg__pWENLj5I-8_1080p_74_3_label_fake.npz,Fake,Deepfake,0.4445797927677632,0.6026741862297058,0.03815148398280144,0.06350281089544296,0.9786569476127625,0.539913535118103
048_453e6cb3.jpg_56kjnBhGy8Y_1080p_82_1_label_fake.npz,Fake,Deepfake,0.7457881510257722,0.9044971466064453,0.1397216022014618,0.7886103391647339,0.982144832611084,0.9139668345451355
62-3Cv3vJa9UoI_1080p_7_5_label_fake.npz,Fake,Deepfake,0.576084665209055,0.8537599444389343,0.01646149531006813,0.09187348186969757,0.9839197993278503,0.9344086050987244
100_e1433988.jpg_dZV2TjhBthE_17_2_label_fake.npz,Fake,Deepfake,0.44302073062863206,0.44522425532341003,0.5150689482688904,0.0005265147192403674,0.9218454957008362,0.3324384391307831
04351_Mv3FKFpTe4c_audio_3_label_fake.npz,Fake,Real,0.23528520626481966,0.14821255207061768,0.0021146717481315136,6.442425615205138e-08,0.9617332816123962,0.0643654614686966
6234-2ECheTEbkhQ_29_4_label_fake.npz,Fake,Deepfake,0.4424906935542822,0.15657299757003784,0.012938899919390678,0.9999915361404419,0.9501941800117493,0.09275585412979126
D56tKWtAMbw_717_1_label_real.npz,Real,Deepfake,0.5067227393214125,0.689855694770813,0.0914459228515625,0.0003507285437081009,0.9737460613250732,0.7782152891159058
062_f1f905e2-Qql31j-w90s_18_2_label_fake.npz,Fake,Deepfake,0.4053314864635468,0.3646572530269623,0.48593035340309143,5.866523102518223e-19,0.9629599452018738,0.21310988068580627
563-3NYH-zyIfZY_1_1_label_fake.npz,Fake,Deepfake,0.5419321290450171,0.7688755989074707,0.06286244094371796,0.0002519000554457307,0.9804609417915344,0.8972097635269165
229_SabGmKoEfYk_audio_3_512x512_1_1026_withaudio_label_fake.npz,Fake,Real,0.26217814347401147,0.22230267524719238,0.020732039585709572,1.5970257663866505e-05,0.9857326149940491,0.08210741728544235
11849-3U4D77IB-j8_0_2_label_fake.npz,Fake,Deepfake,0.5581277013004791,0.5977528691291809,0.3104003667831421,8.988926963882093e-11,0.9575451612472534,0.9249401092529297
04832-rLrUc0SdDYY_5_1_label_fake.npz,Fake,Deepfake,0.3756202683125751,0.40455514192581177,0.009909850545227528,1.0381051573915556e-08,0.9814316034317017,0.48220473527908325
12868-o3KMJLxjdoM_34_2_label_fake.npz,Fake,Deepfake,0.40233726857259167,0.42525553703308105,0.10088863223791122,2.032062184298411e-05,0.9759877920150757,0.5095340609550476
25340-xGCuF-h-XVc_157_1_label_fake.npz,Fake,Real,0.3472308997064829,0.555060088634491,0.011786254122853279,0.12826329469680786,0.9049162268638611,0.13612863421440125
18755-4RSM7dOkM3k_22_2_label_fake.npz,Fake,Deepfake,0.5112847313234848,0.5101921558380127,0.8237862586975098,2.232672891011589e-08,0.8661649823188782,0.35628023743629456
209_It5DLkCxwl0_audio_3_512x512_1_1026_withaudio_label_fake.npz,Fake,Deepfake,0.3623777537723072,0.5330546498298645,0.016474463045597076,8.702982449904084e-05,0.97999507188797,0.28227755427360535
47361.png_JFBVpNgehIg_1080p_71_1_label_fake.npz,Fake,Real,0.3101528550629155,0.3368549048900604,0.1854824423789978,7.320714212255552e-05,0.7686366438865662,0.25971707701683044
79_o4qerM8M37s_audio_2_512x512_1_1026_withaudio_label_fake.npz,Fake,Deepfake,0.40134309977293126,0.2419562190771103,0.7303266525268555,5.50515342134187e-15,0.9807124137878418,0.05372021347284317
e0GahnJx-Sc_500_1_135_label_fake.npz,Fake,Deepfake,0.6395253360271453,0.4897584617137909,0.7624155879020691,0.6571685075759888,0.9845883250236511,0.30369579792022705
24182-PYRFxrLt30A_35_2_label_fake.npz,Fake,Deepfake,0.46277671940624715,0.22512853145599365,0.09411648660898209,0.9995182752609253,0.9694486260414124,0.02567167766392231
KGJZkMXqvcI_9_1_label_real.npz,Real,Deepfake,0.3971322945319117,0.4053401052951813,0.0070480662398040295,5.811533358382536e-25,0.8368129730224609,0.7364603281021118
18548-AbpNlshqtJc_155_1_label_fake.npz,Fake,Deepfake,0.7999986290931702,0.606364369392395,0.6812421083450317,0.9901769757270813,0.9742367267608643,0.7479729652404785
443_6naugGonRkE_1080p_102_3_512x512_1_1803_withaudio_label_fake.npz,Fake,Real,0.26552696116068547,0.21940112113952637,0.04545405134558678,9.251748451788444e-06,0.9848651885986328,0.07790519297122955
-aDPCjQeWQs_330_2--99_TXszVudcarI_audio_3_38_label_fake.npz,Fake,Real,0.2880098573863506,0.2727706730365753,0.043993398547172546,0.0328512005507946,0.9717689752578735,0.11866503953933716
26657-SoI9-PP5Tmk_22_1_label_fake.npz,Fake,Real,0.3073826236506193,0.3354896903038025,0.013826011680066586,9.75953980741906e-07,0.8169201016426086,0.37067633867263794
25038-awYvLQ53n3M_36_1_label_fake.npz,Fake,Deepfake,0.5088954501778972,0.5977516174316406,0.27809691429138184,4.794911092176335e-06,0.9860125184059143,0.6826114058494568
W8ndzcz359Q_143_5_244_label_fake.npz,Fake,Deepfake,0.4870502576444664,0.5798606872558594,0.045745644718408585,7.833745030438877e-08,0.9649980068206787,0.8446468710899353
14255-_T2oSi7iMrY_44_2_label_fake.npz,Fake,Deepfake,0.537896877527237,0.7849070429801941,0.653723955154419,0.08908693492412567,0.9121882319450378,0.24957822263240814
DuggBTqO2sc_301_5_245_label_fake.npz,Fake,Real,0.3143788248303951,0.27588316798210144,0.18442673981189728,1.699162728921455e-12,0.9848148822784424,0.12676933407783508
3557-nAeQagx49OM_57_1_label_fake.npz,Fake,Deepfake,0.4139610230922699,0.607247531414032,0.12480100244283676,0.023657239973545074,0.9846915602684021,0.32940778136253357
13927-d2om_PGtwWY_15_1_label_fake.npz,Fake,Real,0.19626354910433294,0.10413932055234909,0.006168980151414871,0.017697378993034363,0.8330448269844055,0.020267238840460777
15332_SY_xV-Raq3A_1080p_16_2_label_fake.npz,Fake,Real,0.29228373020887377,0.1481805294752121,0.07124419510364532,0.06627777963876724,0.979834258556366,0.1958818882703781
29758-squ9XOfBKaY_120_1_label_fake.npz,Fake,Deepfake,0.5298807106773893,0.40500256419181824,0.8483360409736633,2.5879522581817582e-05,0.9696216583251953,0.42641741037368774
24527-ADTwFvHACE4_46_4_label_fake.npz,Fake,Real,0.2679666645447096,0.2275141328573227,0.08594529330730438,3.5363836303758944e-09,0.8893362283706665,0.13703766465187073
11929-3NYH-zyIfZY_12_1_label_fake.npz,Fake,Deepfake,0.6194490432739258,0.838211715221405,0.22207406163215637,0.37387481331825256,0.9736923575401306,0.6893922686576843
16433.png_oGo0qpktVW0_1080p_76_14_label_fake.npz,Fake,Deepfake,0.5191849954426437,0.6524414420127869,0.05572235956788063,7.413736508379842e-14,0.9927553534507751,0.8950058221817017
D56tKWtAMbw_61_1_695_label_fake.npz,Fake,Deepfake,0.37272172011435484,0.5063986778259277,0.010778458788990974,2.2360627956988406e-14,0.9709180593490601,0.3755134046077728
4315-ZWWpghA1SJc_6_4_label_fake.npz,Fake,Deepfake,0.7477276206016541,0.790651261806488,0.08810311555862427,0.9999902248382568,0.9489651322364807,0.9109283685684204
17037-_hZseWeLSFY_16_1_label_fake.npz,Fake,Deepfake,0.41739620529115207,0.5615379214286804,0.0407414510846138,0.01956441067159176,0.9762362837791443,0.48890095949172974
4246-ADTwFvHACE4_55_1_label_fake.npz,Fake,Deepfake,0.5097158558689528,0.6808385848999023,0.005422238260507584,1.1411301591157663e-11,0.9893760681152344,0.8729423880577087
79__Er-wOsgxWQ_audio_3_234_label_fake.npz,Fake,Real,0.3369447078555822,0.20840048789978027,0.18654516339302063,0.030820144340395927,0.9671307802200317,0.2918269634246826
52190_DOpN7bVauzY_audio_2_189_label_fake.npz,Fake,Deepfake,0.425414407597426,0.7248239517211914,0.011739404872059822,2.9660480294069203e-08,0.9675390124320984,0.42296963930130005
GiRZf3AUfW0_67_12_label_real.npz,Real,Deepfake,0.4641559731215241,0.7890235185623169,0.020744090899825096,1.0699293496869143e-15,0.9475669860839844,0.5634452700614929
D56tKWtAMbw_189_1_25fps--11510_xdtIUNNyO1w_audio_2_230_label_fake.npz,Fake,Deepfake,0.6662938126508634,0.717494010925293,0.7358179092407227,4.263838171425505e-09,0.9758811593055725,0.9022759795188904
27463.png_7oLtKHmwyRw_306_1_label_fake.npz,Fake,Deepfake,0.3939161596655595,0.7165975570678711,0.0012365314178168774,2.1116918560437625e-06,0.9659919142723083,0.28575268387794495
300_--wjKL2y9gE_375_1_512x512_1_1803_withaudio_label_fake.npz,Fake,Deepfake,0.5460544645786286,0.49916335940361023,0.3381245732307434,0.5655437111854553,0.9791937470436096,0.3482469320297241
088_29b6bf25-9X-SE-3CPw4_2144_3_label_fake.npz,Fake,Deepfake,0.5558672479670919,0.4331326186656952,0.833223283290863,3.535954533617769e-07,0.8814610242843628,0.6315189599990845
u24egzL00g0_660_1_label_real.npz,Real,Real,0.3367402912772832,0.299532026052475,0.005398595239967108,3.5533232676243642e-06,0.9577511548995972,0.421016126871109
11028-GRgqbsP_-uw_93_2_label_fake.npz,Fake,Real,0.3434980935424392,0.5569502711296082,0.8431110978126526,8.988663466880098e-06,0.13294702768325806,0.18447308242321014
057_ee633567-yubEaBr4X24_1118_2_label_fake.npz,Fake,Deepfake,0.5025018098742293,0.6797907948493958,0.0024218789767473936,4.55758890893776e-05,0.9743703603744507,0.8558804392814636
28251-J-vYXU4vqcY_3_1_label_fake.npz,Fake,Deepfake,0.4568288652226329,0.1362452358007431,0.16617277264595032,0.999998927116394,0.9699557423591614,0.011771648190915585
7oLtKHmwyRw_393_2_label_real.npz,Real,Deepfake,0.39375548169482505,0.59737628698349,0.0010148889850825071,0.0005069569451734424,0.9590492248535156,0.4108300507068634
418_C_Z1mo51fhU_audio_2_label_fake.npz,Fake,Real,0.32407153102331215,0.4497617781162262,0.05342588201165199,3.853085406291257e-09,0.9735581278800964,0.1436118632555008
233_uaUeoNnxmco_audio_3_label_fake.npz,Fake,Deepfake,0.653038626909256,0.5869866013526917,0.413329541683197,0.9795676469802856,0.9827383160591125,0.30257102847099304
22767-yMK0bMaGZYI_42_2_label_fake.npz,Fake,Deepfake,0.5297279451231589,0.8293772339820862,0.06264256685972214,5.584405880654231e-05,0.9616200923919678,0.7949439883232117
490_78p4J0EEepU_6_2-batch-2025-02-06-13-00-20-462_label_fake.npz,Fake,Deepfake,0.36062451666803097,0.3126479685306549,0.645341157913208,2.944798325188458e-05,0.5623273253440857,0.28277668356895447
25168-aE-eKPb6vhM_6_1_label_fake.npz,Fake,Deepfake,0.5856928255409002,0.663894772529602,0.003196997568011284,0.7893756031990051,0.9882205724716187,0.48377618193626404
2793-I5oeY5O5oJI_38_2_label_fake.npz,Fake,Deepfake,0.5405027814209461,0.1350761502981186,0.5996572375297546,0.9645347595214844,0.982633113861084,0.020612645894289017
11161-ADTwFvHACE4_89_2_label_fake.npz,Fake,Deepfake,0.5001668319106102,0.5326334834098816,0.12156696617603302,0.06902161985635757,0.9719180464744568,0.805694043636322
470--mMaHBtQ-DU_29_1_label_fake.npz,Fake,Deepfake,0.7723948895931244,0.8796068429946899,0.35146209597587585,0.9358441829681396,0.9722468256950378,0.7228145003318787
11355-I5oeY5O5oJI_46_2_label_fake.npz,Fake,Real,0.28028998300433156,0.10174884647130966,0.2752224802970886,0.07264827191829681,0.9328190088272095,0.019011307507753372
u-X671JqQWA_144_17_label_real.npz,Real,Deepfake,0.43121127001941206,0.6243281364440918,0.25843313336372375,0.005200272426009178,0.7747289538383484,0.4933658540248871
14063-ADTwFvHACE4_74_1_label_fake.npz,Fake,Real,0.23320079223018225,0.07325221598148346,0.20621465146541595,3.4835728052184933e-11,0.8800883889198303,0.006448704749345779
QBUcSnMKSVg_369_27_label_real.npz,Real,Deepfake,0.38370630741130785,0.42406708002090454,0.3861832618713379,5.699847603450603e-13,0.8419137597084045,0.26636743545532227
24742.png_ldI1peHBLa0_189_2_label_fake.npz,Fake,Deepfake,0.4126280712154767,0.09166345000267029,0.9959241151809692,2.177527676394675e-06,0.9647436141967773,0.010806999169290066
243-0IH3CEZFDTs_10_1_label_fake.npz,Fake,Deepfake,0.5009357989143093,0.5096233487129211,0.6921636462211609,1.5435581979250657e-10,0.9624363780021667,0.3404556214809418
11832-pNogULi28gs_90_2_label_fake.npz,Fake,Deepfake,0.4614454783499241,0.6048601865768433,0.038451384752988815,0.005973346531391144,0.9671173691749573,0.6908251047134399
040_9b4bfe5b.jpg_OpitcLEYak8_1080p_7_5_label_fake.npz,Fake,Deepfake,0.6093746706843376,0.8580701947212219,0.024533919990062714,0.3449707329273224,0.9873858690261841,0.831912636756897
52_TP27NdZ6GDo_audio_3_label_fake.npz,Fake,Real,0.28439326148036215,0.42289242148399353,0.002387578133493662,7.093392540014065e-11,0.9667911529541016,0.029895154759287834
LGd_iDH5tU4_5_106_label_real.npz,Real,Real,0.3365761400109166,0.23345616459846497,0.2902640700340271,4.2003098221776725e-10,0.7770169973373413,0.38214346766471863
091_d4af6789-6l6NFBuOYjk_27_1_label_fake.npz,Fake,Deepfake,0.7450706546507718,0.8956136703491211,0.9722896814346313,5.349765342543833e-05,0.9702628254890442,0.8871335983276367
23754-ON_A6hcriWc_47_1_label_fake.npz,Fake,Deepfake,0.6296927316114307,0.6548843383789062,0.9631217122077942,0.004952601157128811,0.9796979427337646,0.5458070635795593
7058-IDnknJIymfg_26_2_label_fake.npz,Fake,Deepfake,0.49943508738463444,0.8071808815002441,0.18756212294101715,2.0534720590603683e-07,0.9742599129676819,0.5281723141670227
5940-a0MIIwPGYB4_30_1_label_fake.npz,Fake,Deepfake,0.4148097053170204,0.19702963531017303,0.09572365134954453,0.7143831253051758,0.9536037445068359,0.1133083701133728
13135-JtLypQpGruo_50_1_label_fake.npz,Fake,Deepfake,0.5714893103273677,0.88735431432724,0.0172114297747612,7.764482390371086e-09,0.9841559529304504,0.9687248468399048
021_8295d645-NEEN8fSBuWI_302_1_label_fake.npz,Fake,Deepfake,0.503614999853744,0.7644252777099609,0.08387818187475204,3.2412524888059124e-05,0.9637224078178406,0.7060167193412781
970-ndJhwVupwVQ_7_1_label_fake.npz,Fake,Deepfake,0.3759661056101363,0.575482964515686,0.030077803879976273,2.0475789913967403e-14,0.9189891219139099,0.35528063774108887
023_2029f686.jpg_fIshKSAbvuA_1009_2_label_fake.npz,Fake,Deepfake,0.5770351290702826,0.873254656791687,0.14109379053115845,3.0997598456409484e-15,0.9724007844924927,0.8984264135360718
fZNe3xAY9Zw_1080p_0_1_label_real.npz,Real,Deepfake,0.6757145006209613,0.7863470315933228,0.028884926810860634,0.9893895983695984,0.8979287147521973,0.6760222315788269
20773-85VgNDfQZwE_110_2_label_fake.npz,Fake,Deepfake,0.37133068706827854,0.37378790974617004,0.061514489352703094,2.067474014211257e-08,0.9877002239227295,0.43365079164505005
040_9b4bfe5b.jpg_aEM1s9Saa-g_36_2_label_fake.npz,Fake,Deepfake,0.427759777648771,0.6304157376289368,0.05931656062602997,5.553878963837633e-06,0.8347474932670593,0.614313542842865
043_9bfd94a4-mHii80xikXs_793_1_label_fake.npz,Fake,Deepfake,0.3755144104054011,0.8024657368659973,0.0802936777472496,9.670378631199128e-08,0.8953450918197632,0.0994674488902092
18613-PYRFxrLt30A_2_2_label_fake.npz,Fake,Real,0.3095137011259794,0.2515582740306854,0.24709580838680267,0.01580670289695263,0.9469598531723022,0.08614786714315414
351_iK7XDpR-1IQ_audio_2_512x512_1_1026_withaudio_label_fake.npz,Fake,Deepfake,0.49620040059101456,0.4107724726200104,0.2940475344657898,5.893659583804112e-13,0.9907105565071106,0.7854714393615723
490.png_Vz-kJATn87E_1080p_123_4_label_fake.npz,Fake,Deepfake,0.6381324604153633,0.8674737215042114,0.016824133694171906,0.8526032567024231,0.9839133620262146,0.46984782814979553
3070-QwWcO0-ne8c_64_2_label_fake.npz,Fake,Deepfake,0.40493067009374506,0.4152408540248871,0.013816717080771923,0.002206506673246622,0.9540449380874634,0.639344334602356
BlgjnJ9y3oE_163_2_25fps--304_2o5u159w_uI_audio_3_37_label_fake.npz,Fake,Deepfake,0.42903046570718295,0.46390485763549805,0.23211000859737396,0.0039804112166166306,0.8637397885322571,0.5814172625541687
49417_ePNdJNJTDl8_audio_2_197_label_fake.npz,Fake,Real,0.2673990048468201,0.11335831135511398,0.2387513816356659,4.385838006247707e-14,0.948151707649231,0.03673362359404564
18038-lmBYMs2ysnY_3_2_label_fake.npz,Fake,Deepfake,0.393179456301732,0.4946141839027405,0.002410093555226922,0.0003841319994535297,0.9745568037033081,0.4939320683479309
12625.png_u-X671JqQWA_48_232_label_fake.npz,Fake,Deepfake,0.4364962422579993,0.5990352630615234,0.031464580446481705,7.907362305559218e-05,0.7340048551559448,0.8178974390029907
16320-EzSdf3VK9qc_45_2_label_fake.npz,Fake,Deepfake,0.35965967635856944,0.3144852817058563,0.020987365394830704,0.00026365049416199327,0.8438424468040466,0.6187196373939514
1152-2WGnDrVPG8A_72_2_label_fake.npz,Fake,Deepfake,0.5404383635090199,0.5694729089736938,0.4611101448535919,0.0004676161042880267,0.9659756422042847,0.7051655054092407
082_6883328f-yubEaBr4X24_163_1_label_fake.npz,Fake,Deepfake,0.40569495070958517,0.3239592909812927,0.024125179275870323,9.827298345044255e-05,0.9653200507164001,0.7149719595909119
Upf3zJKUiVI_30_1_182_label_fake.npz,Fake,Deepfake,0.3804806203265086,0.3819919526576996,0.3418726325035095,3.075076582259584e-10,0.9695600271224976,0.20897848904132843
45962_WYP2eizW7gY_147_1_label_fake.npz,Fake,Real,0.33056783229112624,0.11239810287952423,0.47487595677375793,0.032849784940481186,0.9796282052993774,0.05308711156249046
7967-TsQZOTSteK8_75_1_label_fake.npz,Fake,Deepfake,0.5837463468313218,0.4753793776035309,0.23577041923999786,0.6634402871131897,0.9585666060447693,0.5855750441551208
25519-O4A-dk60Njg_94_1_label_fake.npz,Fake,Deepfake,0.5046037912368775,0.5501466989517212,0.25518620014190674,0.24181929230690002,0.9880174398422241,0.48784932494163513
26778-fmc0Pk8A0T0_144_1_label_fake.npz,Fake,Deepfake,0.4648061512038112,0.4004739820957184,0.5397893786430359,0.01355749275535345,0.9586915969848633,0.41151830554008484
31495-Du1SKO_ri4w_71_187_label_fake.npz,Fake,Deepfake,0.4566954387952137,0.5154083371162415,0.3524046242237091,1.9586945199989714e-05,0.8942258954048157,0.5214187502861023
39936_u-X671JqQWA_154_2_label_fake.npz,Fake,Real,0.26378778572543526,0.14147906005382538,0.07328702509403229,0.0001403344504069537,0.9863634705543518,0.11766903847455978
20348-ADTwFvHACE4_116_2_label_fake.npz,Fake,Deepfake,0.44253508448600776,0.25177550315856934,0.3388086259365082,0.48764899373054504,0.8354779481887817,0.29896435141563416
189_PHMafVnjks8_35_2_label_fake.npz,Fake,Deepfake,0.6117407232522964,0.3077034652233124,0.6309874057769775,0.9999750852584839,0.9725271463394165,0.14751051366329193
279_dTeNSc1Sp28_audio_3_512x512_1_1026_withaudio_label_fake.npz,Fake,Real,0.2640537805855274,0.1710546761751175,0.03245711699128151,0.021760687232017517,0.9548898339271545,0.14010658860206604
6268-mRNCLRo9JAM_31_16_label_fake.npz,Fake,Real,0.3106814183294773,0.27645692229270935,0.03707190230488777,0.1068086177110672,0.9840186238288879,0.1490510255098343
876-ndJhwVupwVQ_11_1_label_fake.npz,Fake,Deepfake,0.37660012990236286,0.07838986068964005,0.7899943590164185,6.2115515097475135e-18,0.9705393314361572,0.04407709836959839
28959-G37VO1yeVEo_46_1_label_fake.npz,Fake,Deepfake,0.49293127357959754,0.25581732392311096,0.1445702463388443,1.0,0.7739959955215454,0.2902728021144867
25124-pMgqSJP9dN8_24_2_label_fake.npz,Fake,Deepfake,0.4096218927317793,0.4325147867202759,0.0037531109992414713,6.613392855570055e-08,0.9389976859092712,0.6728438138961792
27076-JJPfmH5r99k_31_1_label_fake.npz,Fake,Deepfake,0.6036444842815399,0.2460591346025467,0.07932527363300323,0.9903885722160339,0.9194447994232178,0.783004641532898
024_cc39b61d.jpg_E7lIbmnQqgU_52_1_label_fake.npz,Fake,Deepfake,0.4000852479599416,0.2078380435705185,0.04615204408764839,0.006679806392639875,0.974165678024292,0.7655906677246094
7431-LmGz2Hp34l0_2_2_label_fake.npz,Fake,Deepfake,0.7167892694473267,0.3788697123527527,0.5919373631477356,0.9987192153930664,0.9750133156776428,0.6394067406654358
87_3744E1AMAR0_audio_2_label_fake.npz,Fake,Deepfake,0.47985313553363085,0.6298936009407043,0.012883246876299381,0.07741621136665344,0.9672338962554932,0.7118387222290039
rLrUc0SdDYY_20_3_140_label_fake.npz,Fake,Deepfake,0.40128505305775763,0.51008540391922,0.005265118088573217,2.3943069749066126e-09,0.9857380390167236,0.5053367018699646
17207-Lqg5fiwIQso_35_1_label_fake.npz,Fake,Real,0.27781587985400624,0.18126319348812103,0.017637992277741432,5.466726634040242e-06,0.9605816602706909,0.22959108650684357
6-Jy-bPwwFxhk_108_2_label_fake.npz,Fake,Deepfake,0.5441810511263903,0.8513374328613281,0.061463844031095505,1.0564690788861242e-10,0.9635391235351562,0.8445648550987244
18754-bOshKjz0WsQ_11_6_label_fake.npz,Fake,Deepfake,0.5311859393552368,0.6989646553993225,0.7992480397224426,9.623386176826898e-06,0.979520857334137,0.17818652093410492
114.png_NEEN8fSBuWI_290_1_label_fake.npz,Fake,Real,0.26893003550358113,0.1057620570063591,0.2262444794178009,0.0004615581128746271,0.971253514289856,0.040928568691015244
092_53648816-_57vq0PQEig_92_1_label_fake.npz,Fake,Real,0.3173376150429301,0.2822764217853546,0.048802200704813004,2.6107640829493677e-14,0.9329151511192322,0.3226943016052246
071_0ebe70f4.jpg_D56tKWtAMbw_197_1_label_fake.npz,Fake,Deepfake,0.4175401785574423,0.5453054904937744,0.028074344620108604,4.457195927898283e-07,0.9813822507858276,0.5329383611679077
067_296269c3-PqumaD82tcI_152_12_label_fake.npz,Fake,Deepfake,0.440780007344593,0.48234033584594727,0.1063758060336113,4.977530831951071e-09,0.8776233196258545,0.7375605702400208
010_610eea60.jpg_DOpN7bVauzY_2060_3_label_fake.npz,Fake,Deepfake,0.44791200906038287,0.5666272044181824,0.03905018791556358,0.012496065348386765,0.9389014840126038,0.6824851036071777
58_lNVlA04cudE_49_3_512x512_1_1803_withaudio_label_fake.npz,Fake,Deepfake,0.5487298194295627,0.6227160096168518,0.31104251742362976,1.850953501580932e-09,0.9855939745903015,0.8242965936660767
1P9nl9tBK38_3_1_99_label_fake.npz,Fake,Real,0.2328567475313321,0.2364550679922104,0.0008156375261023641,1.2983062418174916e-19,0.8362697958946228,0.09074323624372482
3652-lSCTGJbObOg_287_1_label_fake.npz,Fake,Deepfake,0.4093463178024131,0.3533812165260315,0.42259496450424194,2.7589717177534112e-08,0.9181954860687256,0.352559894323349
2NlEdgEI_mc_112_6_3_label_fake.npz,Fake,Deepfake,0.35919852031163374,0.35810586810112,0.02623302862048149,9.610201914256322e-07,0.9746661186218262,0.43698662519454956
114_2N2yMoz-y6I_audio_1_7_label_fake.npz,Fake,Deepfake,0.4441478453558375,0.2725062072277069,0.7449939250946045,1.5523275578743778e-05,0.9703429341316223,0.232880637049675
30430_56kjnBhGy8Y_1080p_100_11_label_fake.npz,Fake,Real,0.3106827072799206,0.23677563667297363,0.10862598568201065,0.03544028475880623,0.9571612477302551,0.21541038155555725
19912.png_LGd_iDH5tU4_5_179_label_fake.npz,Fake,Real,0.30889982581142955,0.24225738644599915,0.11390724778175354,2.1720471287452886e-13,0.8748945593833923,0.3134399354457855
22615-V56A6SHbI1Q_1_1_label_fake.npz,Fake,Deepfake,0.6610858291387558,0.5993019938468933,0.02965669333934784,0.9392780661582947,0.9422960877418518,0.7948963046073914
keEKlr2dG-I_59_4_25fps--114_2N2yMoz-y6I_audio_1_7_label_fake.npz,Fake,Deepfake,0.4463084741095372,0.5657117366790771,0.7283627390861511,3.0263592634582892e-05,0.8777885437011719,0.059649087488651276
063_67d7dfda.jpg_KyeC6d6MTSU_136_5_label_fake.npz,Fake,Deepfake,0.3618922343477607,0.22595743834972382,0.7945519685745239,0.013957250863313675,0.7671697735786438,0.007824740372598171
22909-GrQO5stiREI_130_1_label_fake.npz,Fake,Deepfake,0.39172571003437046,0.32417628169059753,0.009000629186630249,0.5053721070289612,0.9537100195884705,0.1663695126771927
17599-YHiV0rUyg0U_40_2_label_fake.npz,Fake,Real,0.2580782005563404,0.1246551126241684,0.190350741147995,1.2819973252734766e-14,0.9610958695411682,0.014289279468357563
21896-aPDX-414xdM_0_1_label_fake.npz,Fake,Real,0.14729272039021454,0.08522315323352814,0.010848396457731724,1.4053907761990558e-05,0.5707131028175354,0.06966489553451538
oGo0qpktVW0_1080p_82_3_25fps--66018_hlgbJ-9GE6k_audio_1_159_label_fake.npz,Fake,Deepfake,0.5185359733062797,0.7001089453697205,0.37051716446876526,0.00019327638437971473,0.9738712906837463,0.5479891896247864
18396-9rjQ5sfeUTg_out_359_11_label_fake.npz,Fake,Deepfake,0.6790095627307893,0.5950433611869812,0.6117098927497864,0.8535699248313904,0.8867859840393066,0.4479386508464813
_v4eDWAjkag_252_3_25fps--126_p-OdFWMl0Ys_audio_2_140_label_fake.npz,Fake,Deepfake,0.401681226485016,0.3787972629070282,0.9447713494300842,2.413953552604653e-06,0.19705384969711304,0.48778125643730164
FGAyYl3ZICw_58_2_53_label_fake.npz,Fake,Real,0.34844397124252285,0.2356492131948471,0.0694350004196167,0.00023046715068630874,0.9497901201248169,0.4871150553226471
kHgF6z3Paos_0_3_label_real.npz,Real,Deepfake,0.4184562012560554,0.39720824360847473,0.06390922516584396,3.669383373539059e-12,0.9520743489265442,0.6790891885757446
TkkHKU_lLqU_86_1_label_real.npz,Real,Deepfake,0.36180956657044594,0.3789043128490448,0.2557624280452728,0.0037052331026643515,0.9255494475364685,0.245126411318779
190_Lc0n7WuOwDs_1080p_220_3_label_fake.npz,Fake,Deepfake,0.49230459425598383,0.5964135527610779,0.013041739352047443,0.22174057364463806,0.9665511846542358,0.6637759208679199
316_JFBVpNgehIg_1080p_167_6_label_fake.npz,Fake,Deepfake,0.4404595255851746,0.17652247846126556,0.03477766364812851,0.9999998807907104,0.9682546854019165,0.022742919623851776
180-e3Y_kHSRpao_69_1_label_fake.npz,Fake,Real,0.3121337406337261,0.43394899368286133,0.5159772038459778,0.042971137911081314,0.11407958716154099,0.4536917805671692
055_ba4ace00--19DTZ6_d6U_154_3_label_fake.npz,Fake,Real,0.228892976136793,0.5807831883430481,0.018299300223588943,1.163179330632147e-08,0.16969913244247437,0.3756832480430603
004_29776ffe-7AldV8ATrJc_313_1_label_fake.npz,Fake,Deepfake,0.4535337740555406,0.34200581908226013,0.00601863581687212,0.5847220420837402,0.9850366115570068,0.3498857617378235
GtBnj3Z3eO4_139_2_25fps--30017_msbqwoV6PHM_1080p_7_2_25fps_label_fake.npz,Fake,Deepfake,0.5385137364268303,0.4481567442417145,0.015557758510112762,0.9188507795333862,0.8299158215522766,0.4800875782966614
25497-btWyxQbkYAs_101_1_label_fake.npz,Fake,Real,0.29060582898021897,0.21890531480312347,0.0021889470517635345,2.164126016168666e-07,0.9182472229003906,0.31368744373321533
03657_CvC5eWCRYi4_audio_short_198_label_fake.npz,Fake,Deepfake,0.5519644543528557,0.22823186218738556,0.08022863417863846,0.99960857629776,0.9812331199645996,0.4705200791358948
Vz-kJATn87E_1080p_125_12_25fps--198_y_H9JEbn-XU_62_1_25fps_label_fake.npz,Fake,Deepfake,0.3751380928336851,0.6244398951530457,0.22860898077487946,3.376566937163261e-08,0.7905400395393372,0.23210151493549347
6668-wnwjcJfC-1U_72_1_label_fake.npz,Fake,Real,0.349563937129642,0.5023120045661926,0.07670853286981583,1.7361055142828263e-05,0.9075995087623596,0.2611822783946991
7032-WLXiu-qp8Lw_157_1_label_fake.npz,Fake,Deepfake,0.3795042708516121,0.5658879280090332,0.03088831901550293,0.01563040167093277,0.9785570502281189,0.30655765533447266
13022-KFOvtqspEZk_94_1_label_fake.npz,Fake,Deepfake,0.4741375586483628,0.2537035644054413,0.5322995185852051,0.0030222937930375338,0.9680878520011902,0.6135745644569397
14496.png_GtBnj3Z3eO4_260_3_label_fake.npz,Fake,Deepfake,0.42071864664471836,0.6708296537399292,0.13979940116405487,3.1590047910867725e-07,0.6594369411468506,0.6335269212722778
055_fbbcb3c7-dTeNSc1Sp28_202_1_label_fake.npz,Fake,Deepfake,0.3673575074528344,0.5151431560516357,0.0024044010788202286,0.0007243813597597182,0.947827160358429,0.37068843841552734
27595-awYvLQ53n3M_85_3_label_fake.npz,Fake,Deepfake,0.47469601780904647,0.6681329011917114,0.11614949256181717,3.6424134541857e-11,0.9741935133934021,0.6150041818618774
34532.png_13ReaYK2Pt4_4_4_label_fake.npz,Fake,Deepfake,0.6037400707602502,0.43354424834251404,0.11636113375425339,0.9878326654434204,0.9811462163925171,0.49981608986854553
3517-tt0HOe7gf7I_0_1_label_fake.npz,Fake,Deepfake,0.589860463142395,0.47804802656173706,0.8401164412498474,0.7205213904380798,0.3460708260536194,0.5645456314086914
038_081386a5.jpg_dFiwhwAHNMw_63_6_label_fake.npz,Fake,Real,0.325603201613175,0.3344784677028656,0.01843438856303692,1.7242952942211898e-12,0.9550831317901611,0.32002002000808716
062_99dd69cb-VifDzyPgBNg_210_9_label_fake.npz,Fake,Deepfake,0.4448921381566042,0.6431798934936523,0.0011625582119449973,1.5148989007673919e-10,0.8175824880599976,0.7625357508659363
50577_02xKoH4b4Cs_audio_1_161_label_fake.npz,Fake,Deepfake,0.48841749131680023,0.48714324831962585,0.11384136974811554,2.422598085409077e-14,0.9902053475379944,0.850897490978241
21478.png_bpyUlL59qEw_80_1_label_fake.npz,Fake,Real,0.3445047624409199,0.11292238533496857,0.9091485142707825,0.1076354905962944,0.5490524172782898,0.043765004724264145
23676-WxdaDqICMP8_540_6_label_fake.npz,Fake,Deepfake,0.3882775228470566,0.6712542772293091,0.02950652502477169,9.178091145027384e-16,0.9434196352958679,0.29720717668533325
8-iiYu7NESU_532_3_25fps--26933_OpitcLEYak8_1080p_70_10_25fps_label_fake.npz,Fake,Deepfake,0.435948945581913,0.5833097100257874,0.02589607983827591,0.2719711363315582,0.8276013135910034,0.47096648812294006
4jEjuJX169k_590_1_25fps--394_ISRQ7djT3uw_audio_3_97_label_fake.npz,Fake,Deepfake,0.482219697535038,0.4539518356323242,0.10168377310037613,0.9495242238044739,0.40604841709136963,0.4998902380466461
042_2ccd070f_1WuFbrHbnW8_94_5-batch-2025-02-06-13-00-20-141_label_fake.npz,Fake,Deepfake,0.5930372238159181,0.6626060605049133,0.13815197348594666,0.9959486722946167,0.9361218810081482,0.23235753178596497
381_K3O_-Mjls_Q_1080p_101_22_512x512_1_1803_withaudio_label_fake.npz,Fake,Real,0.2593872754776385,0.13716650009155273,0.08165144920349121,0.00012581745977513492,0.9652200937271118,0.11277251690626144
7AldV8ATrJc_336_1_166_label_fake.npz,Fake,Deepfake,0.5264090597629548,0.20286491513252258,0.042271941900253296,0.9998132586479187,0.9460335373878479,0.4410616457462311
6668-9IbpGupPrtc_47_1_label_fake.npz,Fake,Deepfake,0.3793405233882368,0.4353346526622772,0.03607844188809395,0.007734458427876234,0.9649702310562134,0.452584832906723
7-4GJoAnMi6Mo_509_1_label_fake.npz,Fake,Deepfake,0.5295046851224889,0.5045289993286133,0.9693354964256287,5.2247042248154685e-08,0.9753274321556091,0.19833144545555115
15511.png_KLyiFfWtoPI_836_3_label_fake.npz,Fake,Deepfake,0.3861209754757965,0.4779087007045746,0.0003740608226507902,1.7189515801874222e-06,0.942512035369873,0.509808361530304
OprPPstAfSg_59_9_214_label_fake.npz,Fake,Real,0.23359375907748475,0.09637691080570221,0.027431830763816833,2.7947811759077013e-05,0.9598476886749268,0.08428441733121872
490_4DXBHgW9NlI_280_12-batch-2025-02-06-13-00-20-476_label_fake.npz,Fake,Deepfake,0.5865893209202113,0.3699240982532501,0.7561525106430054,7.4030076575581916e-06,0.9856078624725342,0.8212547302246094
2781-lSCTGJbObOg_109_1_label_fake.npz,Fake,Deepfake,0.3944670577715442,0.3750987946987152,0.12941458821296692,2.283844878547825e-05,0.9630832076072693,0.5047158598899841
rMrG-WhVhow_598_1_12_label_fake.npz,Fake,Real,0.24961203220516381,0.09161803126335144,0.03975938260555267,7.094457714629243e-07,0.9817850589752197,0.13489697873592377
5436-zv3uM90m5Rg_34_1_label_fake.npz,Fake,Deepfake,0.5318936806172133,0.8103250861167908,0.003915820270776749,0.019588904455304146,0.9877082109451294,0.8379303812980652
041_b77c7671.jpg_SY_xV-Raq3A_1080p_92_5_label_fake.npz,Fake,Deepfake,0.5481222152709961,0.765961766242981,0.2433779239654541,0.21098488569259644,0.9753794074058533,0.5449070930480957
6704-ZWWpghA1SJc_0_1_label_fake.npz,Fake,Deepfake,0.45711808358319106,0.6200995445251465,0.13074611127376556,0.001768909627571702,0.8352956175804138,0.6976802349090576
10300-I7bHX9Wkr0E_47_1_label_fake.npz,Fake,Deepfake,0.5398898986168206,0.4730367660522461,0.004325552377849817,0.9980092644691467,0.9783316850662231,0.24574622511863708
5534-TalBZ9_fmQk_1_4_label_fake.npz,Fake,Deepfake,0.48162224106490614,0.6155651211738586,0.09914698451757431,0.019606975838541985,0.9790582060813904,0.6947339177131653
vD3nsZApevw_199_1_25fps--16554_Du1SKO_ri4w_55_45_25fps_label_fake.npz,Fake,Deepfake,0.38238882862497126,0.6447726488113403,0.43793433904647827,0.0014953833306208253,0.250819593667984,0.5769221782684326
1289-qjGmzBp2fFk_53_1_label_fake.npz,Fake,Deepfake,0.44636383354663856,0.4433426856994629,0.04347465932369232,0.7504527568817139,0.48348405957221985,0.5110650062561035
146.png_7oLtKHmwyRw_827_1_label_fake.npz,Fake,Deepfake,0.41233804078721764,0.6070319414138794,0.0032281330786645412,4.712237711146372e-08,0.8598918914794922,0.5915381908416748
4090-UWnFJdu3BOA_49_2_label_fake.npz,Fake,Real,0.3174213895574212,0.30866333842277527,0.09086453914642334,0.015518640168011189,0.946502149105072,0.22555828094482422
010_08c44431-kHgF6z3Paos_457_1_label_fake.npz,Fake,Real,0.34146951357834043,0.35253891348838806,0.04941213130950928,0.0005434711929410696,0.979613184928894,0.3252398669719696
020_b12140b8-TAg_vPRplr8_1135_5_label_fake.npz,Fake,Deepfake,0.3871150909558196,0.8512411117553711,0.10812655836343765,7.295088266801031e-07,0.8944886922836304,0.08171836286783218
033_8bed6926-jIPtRm3pnfs_14_7_label_fake.npz,Fake,Deepfake,0.4054485680377198,0.6080214381217957,0.23973190784454346,8.522034189439864e-10,0.9359924793243408,0.24349701404571533
25962-YHiV0rUyg0U_0_1_label_fake.npz,Fake,Deepfake,0.45332098901272044,0.6560327410697937,0.47427862882614136,1.1123429786855446e-14,0.9859104156494141,0.15038315951824188
092_aebdc10e-27g6HX_U3ns_4_1_label_fake.npz,Fake,Deepfake,0.5689712584018708,0.6534152030944824,0.25204703211784363,1.9779631702525685e-23,0.9872121214866638,0.9521819353103638
18841-ndJhwVupwVQ_10_2_label_fake.npz,Fake,Deepfake,0.5240124158561256,0.7246295213699341,0.04486658796668053,1.2547313347013606e-14,0.9910026788711548,0.8595632910728455
10310-0xfJy96HJqo_57_1_label_fake.npz,Fake,Deepfake,0.4760059483441068,0.5171843767166138,0.05196773633360863,7.22752190540632e-07,0.9514427185058594,0.859434187412262
29653_jXf9d1xHO34_1080p_119_1_label_fake.npz,Fake,Real,0.313167417049408,0.21832862496376038,0.06164230406284332,0.3322589695453644,0.7903469204902649,0.16326026618480682
25904-VvyPZwhivKQ_19_1_label_fake.npz,Fake,Real,0.23499181145776066,0.17379724979400635,0.006613064557313919,1.2385286574101428e-08,0.9274899959564209,0.0670587345957756
208_eTCqkkzlyjs_audio_3_512x512_1_1026_withaudio_label_fake.npz,Fake,Deepfake,0.5307178296148777,0.3316970467567444,0.3469679355621338,1.0,0.9582491517066956,0.016675014048814774
22337-EODY_p1TQr8_97_2_label_fake.npz,Fake,Deepfake,0.46067665779356126,0.7249457240104675,0.009273825213313103,6.27816826304084e-11,0.9750134348869324,0.5941503047943115
45784.png_gEpZTuQhcuA_44_1_label_fake.npz,Fake,Deepfake,0.5612926244735718,0.47384291887283325,0.9919142723083496,7.329633836900454e-20,0.9421473741531372,0.3985585570335388
jXf9d1xHO34_1080p_119_7_25fps--42883_30CXCDECyG4_1080p_91_13_25fps_label_fake.npz,Fake,Deepfake,0.38731698095798495,0.657647430896759,0.14857636392116547,0.0021896064281463623,0.900554358959198,0.22761714458465576
12566-BJr-6o-eYLc_50_1_label_fake.npz,Fake,Deepfake,0.40447991937398914,0.18766342103481293,0.08507218211889267,0.7128159999847412,0.9712764620780945,0.06557153165340424
4697-Lv39BhZJ2mg_1_10_label_fake.npz,Fake,Deepfake,0.3629689520777902,0.3683949410915375,0.23074893653392792,6.239423237275332e-05,0.8911890983581543,0.3244493901729584
473_NEEN8fSBuWI_444_1_512x512_1_1803_withaudio_label_fake.npz,Fake,Real,0.2697245147806825,0.3056730031967163,0.049088332802057266,0.00017952675989363343,0.9790041446685791,0.014677566476166248
21366-alnYtPmX8hE_0_1_label_fake.npz,Fake,Deepfake,0.7090205371379853,0.35683366656303406,0.5510429739952087,0.9999754428863525,0.7996483445167542,0.8376022577285767
20426-0xfJy96HJqo_47_2_label_fake.npz,Fake,Real,0.2381873437552045,0.1547185182571411,0.01577237993478775,7.887104658266253e-08,0.9377521872520447,0.08269355446100235
040_e534b74f-GtBnj3Z3eO4_104_1_label_fake.npz,Fake,Real,0.2354239775126189,0.47141456604003906,0.11343344300985336,1.1987413017777726e-06,0.10059801489114761,0.49167266488075256
8455-IIT29JDuMXs_59_2_label_fake.npz,Fake,Real,0.3418876409516088,0.4685777425765991,0.03511122241616249,7.626041042385623e-05,0.622190535068512,0.5834824442863464
PXdPmUJN6k0_70_2_96_label_fake.npz,Fake,Real,0.2598303585191388,0.09293611347675323,0.014346796087920666,4.467027792998124e-06,0.9752948880195618,0.21656952798366547
21099-bM1LXa68oxc_125_1_label_fake.npz,Fake,Deepfake,0.6313356399536133,0.40679502487182617,0.23951607942581177,0.9957785606384277,0.9656820893287659,0.5489064455032349
13208-I5oeY5O5oJI_53_2_label_fake.npz,Fake,Deepfake,0.5606310680508615,0.1318541318178177,0.6405921578407288,0.9730945229530334,0.9615355134010315,0.0960790142416954
19632-852WCRqSgFA_0_1_label_fake.npz,Fake,Deepfake,0.453934357322599,0.5975821614265442,0.03225891664624214,3.6485394566687646e-11,0.9435326457023621,0.6962980628013611
004_6aede3d3.jpg_ldI1peHBLa0_57_5_label_fake.npz,Fake,Deepfake,0.6069451373070479,0.10812129080295563,0.9477183818817139,0.9999998807907104,0.9681603312492371,0.010725801810622215
wdNhtZOGxBw_229_1_94_label_fake.npz,Fake,Real,0.28647200155610336,0.1749555468559265,0.058093708008527756,4.473495209822431e-06,0.9449513554573059,0.25435492396354675
De5FGogMWzQ_15_1_label_real.npz,Real,Deepfake,0.6222720757126808,0.7842587828636169,0.02817676216363907,0.8761686086654663,0.9864968657493591,0.43625935912132263
_Er-wOsgxWQ_3_3_label_real.npz,Real,Real,0.3145420748740435,0.5252348780632019,0.03631121665239334,0.07186204940080643,0.9081034064292908,0.03119882382452488
28199-awYvLQ53n3M_61_3_label_fake.npz,Fake,Deepfake,0.353660411387682,0.47436076402664185,0.03282475844025612,3.292582502099976e-17,0.9607287645339966,0.30038776993751526
28712-IDnknJIymfg_26_2_label_fake.npz,Fake,Deepfake,0.4880983189615165,0.7434344291687012,0.1352560669183731,2.015990787640476e-07,0.9720475673675537,0.5897533297538757
398_KLyiFfWtoPI_audio_3_512x512_1_1026_withaudio_label_fake.npz,Fake,Real,0.20926415082264302,0.09347929805517197,0.0884236991405487,9.852479075644904e-12,0.8532772660255432,0.011140490882098675
488_8DtgmPl6mjY_audio_3_177_label_fake.npz,Fake,Deepfake,0.5034265264868736,0.5389346480369568,0.6617099046707153,0.039958707988262177,0.9698376655578613,0.3066917061805725
32782.png_B4LwKKKbAuI_4_2_label_fake.npz,Fake,Deepfake,0.4205260604657288,0.36284905672073364,0.5402212738990784,1.8654366246151355e-11,0.9530627727508545,0.24649719893932343
16211-pzdnuEa8a20_1_2_label_fake.npz,Fake,Real,0.34522965108453724,0.38085848093032837,0.014872574247419834,1.4745369298907463e-06,0.9453005194664001,0.38511520624160767
160-GA2Z7m_-WHI_119_1_label_fake.npz,Fake,Deepfake,0.6757806309033385,0.8857473731040955,0.6329085826873779,3.95822041809879e-09,0.9752069115638733,0.885040283203125
011_c2d9c2a1-C4hNyd9eJy4_0_47_label_fake.npz,Fake,Deepfake,0.5379947129262062,0.8209253549575806,0.0018511728849262,4.535962924712145e-11,0.9860418438911438,0.8811551928520203
399_kHgF6z3Paos_906_1_label_fake.npz,Fake,Real,0.27110499890103484,0.20860739052295685,0.13718517124652863,1.5653444052077248e-07,0.9828020930290222,0.026930183172225952
226.png_O_6kW3Mrkm8_237_7_label_fake.npz,Fake,Deepfake,0.4259361469099531,0.08941592276096344,0.0002348315465496853,0.994599461555481,0.9723188281059265,0.07311169058084488
38930.png_KLyiFfWtoPI_381_9_label_fake.npz,Fake,Deepfake,0.45320343693019827,0.46788129210472107,0.20312261581420898,0.00013484159717336297,0.9645861983299255,0.6302922368049622
KyeC6d6MTSU_216_1_label_real.npz,Real,Deepfake,0.5165004581212997,0.2618764340877533,0.3424646258354187,0.8781536817550659,0.9190358519554138,0.18097169697284698
481_O_6kW3Mrkm8_audio_2_label_fake.npz,Fake,Deepfake,0.5261486326809973,0.6226227879524231,0.00101180630736053,0.7569352984428406,0.9741759896278381,0.2759972810745239
_OpXjs-PM8M_2_84_128_label_fake.npz,Fake,Real,0.34501772903313394,0.5040819644927979,0.01953347958624363,0.00015355127106886357,0.9768404960632324,0.22447915375232697
94_EK1LL1rvK38_audio_short_2_label_fake.npz,Fake,Real,0.32136937793547987,0.3943864107131958,0.0365423783659935,6.688860594294965e-07,0.9563679099082947,0.2195495218038559
56287_4RSM7dOkM3k_audio_3_53_label_fake.npz,Fake,Deepfake,0.4515542864800488,0.6736845374107361,0.3832433819770813,4.942186525476455e-13,0.8902706503868103,0.31057286262512207
15953.png_-mMaHBtQ-DU_60_1_label_fake.npz,Fake,Deepfake,0.3904937289655209,0.360064834356308,0.2927195131778717,0.0402243547141552,0.9602828025817871,0.2991771399974823
06432.png_5oEJ6HpCC1c_68_1_label_fake.npz,Fake,Deepfake,0.6666511356830598,0.6426853537559509,0.5259155631065369,0.8710833191871643,0.8794940114021301,0.41407743096351624
Du1SKO_ri4w_85_234_224_label_fake.npz,Fake,Deepfake,0.5067801516503097,0.14977367222309113,0.8486844301223755,0.022053366526961327,0.9681965708732605,0.5451927185058594
25497-NduDs59WZqU_0_1_label_fake.npz,Fake,Deepfake,0.4150475822450018,0.7069050073623657,0.002462785691022873,3.0446103971293326e-11,0.9411812424659729,0.4246888756752014
29554-LPW5Zx3ntZo_29_1_label_fake.npz,Fake,Deepfake,0.3589021605621383,0.5392460823059082,0.03153679519891739,6.0899739764863625e-05,0.8031744956970215,0.4204925298690796
20691-2gOvQIMWbCY_5_1_label_fake.npz,Fake,Deepfake,0.6715076208114625,0.8066852688789368,0.20565825700759888,0.5139570236206055,0.9870907068252563,0.8441468477249146
12105-ADTwFvHACE4_31_1_label_fake.npz,Fake,Real,0.2915074811782688,0.10383409261703491,0.006989268586039543,0.0002686034422367811,0.9535302519798279,0.39291518926620483
15750-V56A6SHbI1Q_49_2_label_fake.npz,Fake,Deepfake,0.4711352081038058,0.5506957173347473,0.2866881191730499,0.0011340533383190632,0.9618595242500305,0.5552986264228821
054_5a9566eb.jpg_ha96Xj9FAT0_344_31_label_fake.npz,Fake,Deepfake,0.5111290875259216,0.5456914305686951,0.6514912247657776,5.976275474495196e-07,0.8610085844993591,0.49745360016822815
16074-6QjWo7-Mn3o_34_2_label_fake.npz,Fake,Deepfake,0.36188270540442313,0.3375992476940155,0.2838478684425354,0.001508002053014934,0.8960715532302856,0.2903868556022644
105_0e19a5e1-j-SnQH4ewHU_81_9_label_fake.npz,Fake,Deepfake,0.5918043095618487,0.483802855014801,0.015646496787667274,0.9888984560966492,0.9748331904411316,0.49584054946899414
25099-BhwnAYvzhm4_50_1_label_fake.npz,Fake,Real,0.1993663638830185,0.09665731340646744,0.03307065740227699,0.039828963577747345,0.7704101800918579,0.05686470493674278
10-lqKZS1uYfro_110_7_label_fake.npz,Fake,Deepfake,0.5764226191981152,0.41777992248535156,0.7639918923377991,2.3531094939244213e-07,0.9835548996925354,0.7167861461639404
v9f6twy70iM_2_6--6228-lSCTGJbObOg_109_2_label_fake.npz,Fake,Real,0.27719513783350536,0.43941301107406616,0.24759045243263245,1.5372780381994744e-08,0.19351403415203094,0.5054581761360168
16160-Az7KlMuorpM_115_1_label_fake.npz,Fake,Deepfake,0.49563188701868055,0.629335343837738,0.03214616701006889,0.013848837465047836,0.9767740964889526,0.8260549902915955
47492_VGCRcRs-jkE_0_1_label_fake.npz,Fake,Deepfake,0.3608333312014073,0.44474363327026367,0.01578490063548088,1.9535631792799713e-11,0.820790708065033,0.5228474140167236
5346-Ft9uf9w3QVA_42_2_label_fake.npz,Fake,Deepfake,0.4302642003283836,0.6578673720359802,0.10959164053201675,0.00041538506047800183,0.9671354293823242,0.4163111746311188
aEM1s9Saa-g_91_1_25fps--61361__T2oSi7iMrY_audio_1_223_label_fake.npz,Fake,Deepfake,0.4105205177969765,0.30403777956962585,0.053041890263557434,0.0004428176616784185,0.9332322478294373,0.7618478536605835
lmBYMs2ysnY_22_3--19493-NSWcdPWXZQI_106_1_label_fake.npz,Fake,Deepfake,0.40935871116816996,0.5644708871841431,0.14696760475635529,0.02676652930676937,0.9647113680839539,0.3438771665096283
PgfPJgJz7Pg_81_1_label_real.npz,Real,Real,0.2545938346827853,0.16548919677734375,0.42431220412254333,7.65148939763094e-08,0.1400112509727478,0.5431564450263977
iEd6mSVWLr4_510_4_label_real.npz,Real,Deepfake,0.4320849480420979,0.5620279312133789,0.08885535597801208,1.0880986112127289e-09,0.6914429068565369,0.8180985450744629
trimmed_KKeGv-ny-kY_719_1--bcOtGw3A74c_221_4_W8ndzcz359Q_39_5_25fps_25fps_label_fake.npz,Fake,Real,0.2259357443596116,0.15122203528881073,0.02085953764617443,2.3588299313814787e-07,0.8886253237724304,0.06897158920764923
009_49237aa0.jpg_KyeC6d6MTSU_240_3_label_fake.npz,Fake,Deepfake,0.5387171477682388,0.4468143582344055,0.9679446220397949,4.574957984004868e-06,0.9148287177085876,0.36399346590042114
wdNhtZOGxBw_38_1_728_label_fake.npz,Fake,Real,0.268429584302271,0.17463286221027374,0.046669721603393555,1.58447903686465e-06,0.9708813428878784,0.1499624103307724
CeUoS2T2hhc_95_2_label_real.npz,Real,Deepfake,0.4538623273372655,0.540026843547821,0.44676223397254944,2.5425570089815993e-15,0.9614956378936768,0.32102692127227783
22714-9rjQ5sfeUTg_out_107_4_label_fake.npz,Fake,Deepfake,0.7617849349975586,0.7267727851867676,0.6921877264976501,0.8362641930580139,0.9188081622123718,0.6348918080329895
28732.png_7ua-Uet5y28_332_1_label_fake.npz,Fake,Deepfake,0.4029965306190082,0.5417811274528503,0.1870221048593521,2.7252946566136416e-08,0.9603669047355652,0.3258124887943268
23078_2ECheTEbkhQ_23_6_label_fake.npz,Fake,Real,0.1992828290270836,0.47088542580604553,0.004198865033686161,3.4139588933612686e-08,0.3554355204105377,0.1658942997455597
EzSdf3VK9qc_3_1--13208-LmGz2Hp34l0_11_1_label_fake.npz,Fake,Real,0.300218593061436,0.4323471188545227,0.0084007503464818,0.00026751827681437135,0.5912806987762451,0.46879687905311584
12702-awNrju1X3zc_21_1_label_fake.npz,Fake,Deepfake,0.3742250620943892,0.42917537689208984,0.007246311288326979,4.003489095794066e-09,0.9677144885063171,0.466989129781723
347_SzhK7Q-pY0U_1_104_label_fake.npz,Fake,Real,0.33161767502541584,0.5729784965515137,0.009107524529099464,5.087462682240584e-07,0.9696359038352966,0.10636594146490097
19365_pNogULi28gs_84_2_audio_short_512x512_1_1655_withaudio_label_fake.npz,Fake,Real,0.31552351973950865,0.2505517601966858,0.025013195350766182,0.043812062591314316,0.7201744914054871,0.5380660891532898
11_rwnnXFpqN5I_188_1_label_fake.npz,Fake,Real,0.3391106447708486,0.48021069169044495,0.012105432339012623,1.3290285316713835e-08,0.9593086242675781,0.243928462266922
143.png_zr6OpxBh5DA_349_2_label_fake.npz,Fake,Real,0.26979047693312175,0.20241975784301758,0.10871612280607224,0.06049513816833496,0.9494481682777405,0.027873197570443153
286.png_rwnnXFpqN5I_177_1_label_fake.npz,Fake,Deepfake,0.4472963504355737,0.6509854197502136,0.019831500947475433,3.656540181751211e-09,0.9787476062774658,0.5869172215461731
YP-iH-7WRLI_472_1--9685-0xfJy96HJqo_19_1_label_fake.npz,Fake,Real,0.1722818141611122,0.2745542526245117,0.003113714512437582,5.026262517304758e-09,0.12616026401519775,0.4575808346271515
-qs_Rh-rAbI_1_1_label_real.npz,Real,Real,0.07104732820148456,0.08495622128248215,0.004947046749293804,2.011532842516317e-06,0.24455629289150238,0.020775068551301956
72_lXXCH-gBGzI_104_78_label_fake.npz,Fake,Deepfake,0.3833571050316096,0.46062931418418884,0.0369943268597126,0.00207662396132946,0.972733199596405,0.44435206055641174
25983-AbpNlshqtJc_155_1_label_fake.npz,Fake,Deepfake,0.5668831825256349,0.362748384475708,0.616783082485199,0.3255044221878052,0.9654138088226318,0.5639662146568298
8378-alnYtPmX8hE_4_6_label_fake.npz,Fake,Deepfake,0.6410728335380556,0.43817248940467834,0.4019677937030792,0.8470613956451416,0.911967396736145,0.6061950922012329
1_fZNe3xAY9Zw_1080p_55_1_512x512_1_1803_withaudio_label_fake.npz,Fake,Real,0.3431772343814373,0.18142513930797577,0.11234328150749207,0.38479673862457275,0.9764086604118347,0.0609123520553112
27003-xZT8cNQCq2s_111_1_label_fake.npz,Fake,Deepfake,0.3640630930662155,0.4426119029521942,0.023814290761947632,0.14223527908325195,0.961810827255249,0.24984316527843475
CeUoS2T2hhc_4_1--602-TXf3uH5YqM4_0_4_label_fake.npz,Fake,Real,0.3421892233351173,0.5544058680534363,0.026923010125756264,4.345630259194877e-06,0.9505371451377869,0.17907574772834778
jV2pjBg0srU_1273_2_label_real.npz,Real,Real,0.3355527036415879,0.556526243686676,0.013342845253646374,0.00033979982254095376,0.9521143436431885,0.1554402858018875
059_1027f3c2-ldI1peHBLa0_26_1_label_fake.npz,Fake,Deepfake,0.7609354972839356,0.5275688767433167,0.7823299765586853,1.0,0.9795576930046082,0.5152209401130676
045_d074e61c.jpg_fsxz7T3qTCg_35_1_label_fake.npz,Fake,Real,0.31869936913717545,0.3982963263988495,0.22908973693847656,0.000402232282795012,0.9311233758926392,0.034585174173116684
19871-dIYmzf21d1g_53_3_label_fake.npz,Fake,Deepfake,0.37361218662690593,0.3401167392730713,0.08579415827989578,4.807195637113182e-06,0.9414541721343994,0.5006910562515259
24741-Lqg5fiwIQso_16_3_label_fake.npz,Fake,Deepfake,0.42812152430415157,0.4967820346355438,0.03355783596634865,0.08187281340360641,0.9808192849159241,0.5475756525993347
1POFF5RQjyM_121_1_label_real.npz,Real,Real,0.2713729295364829,0.3281151056289673,0.004591837991029024,9.821004823606927e-06,0.953886091709137,0.07026179134845734
014_9742cf0f_oTElQFuLr7o_0_13_label_fake.npz,Fake,Deepfake,0.4091951275244355,0.0955226719379425,0.9015966653823853,0.0007231729105114937,0.930841863155365,0.11729126423597336
5z_krRwSyt8_12_1_label_real.npz,Real,Deepfake,0.4092746859827164,0.37170541286468506,0.18557602167129517,2.999366754963262e-09,0.8224614262580872,0.6666305661201477
48722.png_TkkHKU_lLqU_134_1_label_fake.npz,Fake,Deepfake,0.5695579335093498,0.6169975399971008,0.06305768340826035,0.9169411063194275,0.9675296545028687,0.2832636833190918
19767-2WGnDrVPG8A_158_3_label_fake.npz,Fake,Deepfake,0.37578514484575865,0.4866836667060852,0.1431601643562317,8.894404345483053e-06,0.9672915935516357,0.281781405210495
12700-6w9ikJPzTOA_85_1_label_fake.npz,Fake,Deepfake,0.3856504109091475,0.6554898619651794,0.13361501693725586,8.477101073367521e-05,0.963064432144165,0.17599797248840332
321_XJmuXrN2cQA_167_6_512x512_1_0112_withaudio_label_fake.npz,Fake,Real,0.29200299399275825,0.3547409176826477,0.08078276365995407,8.303882914617589e-09,0.9322917461395264,0.09219953417778015
ISBxZXSDgWE_85_2_label_real.npz,Real,Deepfake,0.3908379845524905,0.5862250924110413,0.04401387274265289,8.277232700493187e-05,0.9802060127258301,0.34366217255592346
sgFq4ty8wSI_49_1--27952-ADTwFvHACE4_7_2_label_fake.npz,Fake,Deepfake,0.45377058950252835,0.501004695892334,0.0024457110557705164,0.9995059967041016,0.1995135396718979,0.5663830041885376
25904-PnBMdJ5KeHk_18_2_label_fake.npz,Fake,Deepfake,0.5577846139669418,0.547918438911438,0.4886554777622223,0.24387116730213165,0.9791265726089478,0.5293514132499695
vNgfHfdSke0_31_1_label_real.npz,Real,Deepfake,0.4493285975418985,0.5089032053947449,0.19032220542430878,0.00016158400103449821,0.8961458206176758,0.6511101722717285
52887.png_aCWTsma-Cng_22_1_label_fake.npz,Fake,Deepfake,0.3819210436886479,0.6030870676040649,0.003304583951830864,3.456715469418725e-10,0.9901750087738037,0.31303855776786804
28644-O4A-dk60Njg_186_1_label_fake.npz,Fake,Real,0.33819734791759404,0.39231210947036743,0.021636035293340683,0.0007245746674016118,0.9593334197998047,0.31698060035705566
147_MATJqR93d5I_21_1_audio_short_512x512_1_0557_withaudio_label_fake.npz,Fake,Deepfake,0.43621156661538407,0.22984591126441956,0.8638754487037659,0.0002914145006798208,0.9307641983032227,0.15628086030483246
33539.png_dcvbo-RdeWw_2_2_label_fake.npz,Fake,Real,0.30862247181943814,0.48566389083862305,0.008859477005898952,8.750738328400232e-11,0.9408625364303589,0.10772645473480225
PrBxDq17nfM_0_247_131_label_fake.npz,Fake,Real,0.28110944319050757,0.38090822100639343,0.01667545922100544,0.0006873583188280463,0.9751567244529724,0.03211945295333862
eWj2-6q2ybk_248_1_label_real.npz,Real,Real,0.05652923728339374,0.17140629887580872,0.0014641720335930586,0.034750182181596756,0.06035897135734558,0.014666561968624592
55788_Fjkw9vYDukg_59_1_audio_short_512x512_1_1655_withaudio_label_fake.npz,Fake,Deepfake,0.46919730140361937,0.19524268805980682,0.0007027453975751996,0.3446994125843048,0.9742861986160278,0.8310554623603821
GNkwgfQFj60_37_5--TAaMKX4tbx8_5_11_142_label_fake.npz,Fake,Deepfake,0.6096393957734109,0.7874501347541809,0.004667855799198151,0.41554781794548035,0.9552327990531921,0.8852983713150024
19840-A-BRu8z7ztk_0_1_label_fake.npz,Fake,Deepfake,0.5416722963564098,0.8097593188285828,0.0067066955380141735,0.00027322210371494293,0.9894640445709229,0.9021582007408142
nBVWOmPTk-4_86_1--nBVWOmPTk-4_97_1_416_label_fake.npz,Fake,Deepfake,0.42527374774217636,0.4353618323802948,0.03348369151353836,1.3544794804051558e-15,0.9788885712623596,0.6786346435546875
12697_NSWcdPWXZQI_74_1_label_fake.npz,Fake,Real,0.10837569832801822,0.06659480929374695,0.004256283864378929,6.72177686021329e-17,0.45479264855384827,0.0162347499281168
250_KKeGv-ny-kY_719_1-batch-2025-02-04-10-00-57-174_label_fake.npz,Fake,Real,0.3220005575087271,0.30879929661750793,0.16235291957855225,2.5303794245701283e-05,0.9524794220924377,0.18634584546089172
0-WxdaDqICMP8_542_6_label_fake.npz,Fake,Deepfake,0.4587917000055314,0.6249402165412903,0.5193616151809692,5.149472670485652e-20,0.9101526141166687,0.23950405418872833
_-nNx99qK4A_0_2_label_real.npz,Real,Deepfake,0.3973823147040093,0.576285719871521,0.19033347070217133,0.00023271988902706653,0.9586237668991089,0.2614358961582184
034_418fbbdb__OpXjs-PM8M_2_79_label_fake.npz,Fake,Real,0.24867724282230486,0.13388271629810333,0.11840612441301346,5.005996354157105e-05,0.9688518643379211,0.022195449098944664
26349-D1m1SQIdMkk_33_1_label_fake.npz,Fake,Deepfake,0.62321366565302,0.6018984317779541,0.004415417555719614,1.0,0.964660108089447,0.54509437084198
417_9X-SE-3CPw4_2745_1-batch-2025-02-04-10-00-57-140_label_fake.npz,Fake,Deepfake,0.37146898657083516,0.578689694404602,0.05274239927530289,4.1545957936451883e-19,0.9077624082565308,0.31815043091773987
4FT5RYuifwE_45_2--28165-I5oeY5O5oJI_31_13_label_fake.npz,Fake,Deepfake,0.6207708835601807,0.5770553946495056,0.16397351026535034,0.9999922513961792,0.9776275157928467,0.3852057456970215
490_LcG3blUixo0_34_1_label_fake.npz,Fake,Real,0.26703177829622293,0.3279940187931061,0.0008175693801604211,0.00012945479829795659,0.9695941805839539,0.03662366792559624
Ft9uf9w3QVA_56_1--7852-6IXtQx8SwBE_54_3_label_fake.npz,Fake,Deepfake,0.42497298281247,0.46715325117111206,0.005590314511209726,1.025189746428623e-07,0.9599021673202515,0.692219078540802
448.png_zpEUWKUUxdY_47_14_label_fake.npz,Fake,Real,0.28313539177184077,0.33836737275123596,0.020072974264621735,2.3677078093281567e-13,0.9847469329833984,0.0724896788597107
IK5BZdnqMDU_564_4_label_real.npz,Real,Deepfake,0.5496763422765071,0.797318696975708,0.08723924309015274,4.899485793430358e-05,0.9418855905532837,0.9218891859054565
27043_GgCnpDg0jwc_40_1_label_fake.npz,Fake,Real,0.22464505578391256,0.13455316424369812,0.06422766298055649,0.0027975847478955984,0.8992945551872253,0.02235231176018715
14837-XTlDS7ju_28_34_1_label_fake.npz,Fake,Deepfake,0.4624536852036438,0.6711698770523071,0.21340952813625336,4.9643325006343275e-09,0.9325774908065796,0.49511152505874634
19354-nlrjxL_frmk_98_2_label_fake.npz,Fake,Deepfake,0.6165684736111268,0.8502833247184753,0.3470169007778168,4.785185225841815e-08,0.9795202016830444,0.9060218930244446
P7slA-LkA3s_64_1--18577-awNrju1X3zc_10_1_label_fake.npz,Fake,Deepfake,0.364178489893675,0.639561116695404,0.024934079498052597,5.464101546036717e-16,0.6861780881881714,0.4702191650867462
07937_b0Z9IpTVfUg_49_1_audio_short_512x512_1_0732_withaudio_label_fake.npz,Fake,Real,0.34103147199421074,0.4350457489490509,0.18685656785964966,5.359007263905369e-05,0.9727266430854797,0.11047481000423431
irlH4e-dbYc_171_1_label_real.npz,Real,Deepfake,0.38277139021083717,0.4370947778224945,0.1340378075838089,0.005007458385080099,0.957802414894104,0.3799144923686981
16282-qjGmzBp2fFk_13_1_label_fake.npz,Fake,Deepfake,0.6131228469312192,0.5787497162818909,0.05012388154864311,0.7653350830078125,0.9586544632911682,0.7127510905265808
067_ff52c2fe.jpg_5oEJ6HpCC1c_3_1_label_fake.npz,Fake,Deepfake,0.4003514051437378,0.43169766664505005,0.045249685645103455,0.44606658816337585,0.943972110748291,0.1347709745168686
025_61e2c5e5-SzhK7Q-pY0U_0_2_label_fake.npz,Fake,Deepfake,0.41126020202646035,0.47241726517677307,0.009780430234968662,0.0005968402256257832,0.9231950640678406,0.6503114104270935
01305_p1bOOYSCzxs_audio_2_label_fake.npz,Fake,Real,0.24025078397244215,0.12640471756458282,0.08294665068387985,0.006586042232811451,0.9551247954368591,0.030191713944077492
ldI1peHBLa0_175_12_label_real.npz,Real,Real,0.2748329730704427,0.08126997947692871,0.9408843517303467,0.2204509824514389,0.11818084865808487,0.013378703035414219
SFpCQRZOxVE_43_2_label_real.npz,Real,Deepfake,0.4354291170835495,0.3760264813899994,0.13359759747982025,0.9962742328643799,0.27305635809898376,0.3981909155845642
492_DR5IQXWY_uA_73_1-batch-2025-02-05-13-35-36-47_label_fake.npz,Fake,Real,0.30986155704643764,0.5343384742736816,0.003244920866563916,2.430774331818597e-12,0.9793510437011719,0.032373346388339996
497_78p4J0EEepU_6_2-batch-2025-02-10-11-34-42-7_label_fake.npz,Fake,Deepfake,0.4419676982557576,0.3962409496307373,0.5963327288627625,5.139072527526878e-05,0.8387343883514404,0.3784790337085724
28003_d2om_PGtwWY_28_2_label_fake.npz,Fake,Deepfake,0.35749392239376904,0.10076764971017838,0.08942843973636627,0.710721492767334,0.8792840242385864,0.007268005516380072
154_42de3f25.jpg_Ez67FTZPvkQ_1_1_label_fake.npz,Fake,Deepfake,0.37218327522277833,0.46471914649009705,0.01958834007382393,0.008908819407224655,0.9781854152679443,0.38951465487480164
3455-Lv39BhZJ2mg_1_10_label_fake.npz,Fake,Real,0.3377006536902627,0.3258715569972992,0.23074893653392792,6.239423237275332e-05,0.91154545545578,0.2202749252319336
23548-G37VO1yeVEo_40_1_label_fake.npz,Fake,Deepfake,0.6247478432953358,0.5420377850532532,0.061790499836206436,0.9999998807907104,0.9797201752662659,0.5401908755302429
490_1WuFbrHbnW8_94_5-batch-2025-02-05-13-35-36-37_label_fake.npz,Fake,Deepfake,0.3655813753604889,0.30136796832084656,0.13815197348594666,0.9959486722946167,0.3526857793331146,0.03975248336791992
29212-7ftkLTDgJzo_1_2_label_fake.npz,Fake,Deepfake,0.49232281744480133,0.6014282703399658,0.1527353972196579,0.3695891797542572,0.961564302444458,0.3762969374656677
028_669aab36_VM4P9yV4rTA_214_2_label_fake.npz,Fake,Deepfake,0.6141009084880353,0.6739691495895386,0.03191479668021202,0.9997597336769104,0.973696231842041,0.391164630651474
17505-MzXkiK4ROhQ_174_3_label_fake.npz,Fake,Deepfake,0.5117147415876389,0.3286382555961609,0.39545807242393494,0.7667526006698608,0.8182553052902222,0.24946947395801544
Hnjr7o-HNx8_112_4--5626-53GIoeOAam4_6_2_label_fake.npz,Fake,Real,0.2058433353545826,0.41026630997657776,0.01232200674712658,1.6851033901588153e-09,0.1035008430480957,0.5031275153160095
dMfH7JbxZdY_20_2_label_real.npz,Real,Deepfake,0.4895487749949098,0.6670829057693481,0.10143505036830902,0.01085787732154131,0.975458562374115,0.6929094791412354
184_2137d05c-mHii80xikXs_4196_1_label_fake.npz,Fake,Deepfake,0.4741057923063636,0.7109922170639038,0.009941335767507553,0.010406344197690487,0.9765810966491699,0.6626079678535461
9DTxDmLwFb8_706_7_label_real.npz,Real,Real,0.21745251837646723,0.32762256264686584,0.06490835547447205,5.102320301375585e-06,0.17264144122600555,0.5220851302146912
27082-I5oeY5O5oJI_49_1_label_fake.npz,Fake,Deepfake,0.400374798476696,0.22116965055465698,0.4720042049884796,0.8889171481132507,0.37648284435272217,0.043300144374370575
13897-J-vYXU4vqcY_11_1_label_fake.npz,Fake,Real,0.3315168326842923,0.18476279079914093,0.061793070286512375,1.4072895737626823e-06,0.9368391036987305,0.47418779134750366
PqumaD82tcI_408_8_label_real.npz,Real,Real,0.19131649248301985,0.17046129703521729,0.028099490329623222,0.012933449819684029,0.7184440493583679,0.026644175872206688
10108-nlrjxL_frmk_109_1_label_fake.npz,Fake,Deepfake,0.564445283729583,0.7878804206848145,0.15281936526298523,0.0021890834905207157,0.97182297706604,0.9075145721435547
458-HyGk0mScA-Q_317_1_label_fake.npz,Fake,Deepfake,0.42641490776441066,0.6068734526634216,0.49285411834716797,0.0004268923948984593,0.9046858549118042,0.12723422050476074
231_9RZI_ZKQwRc_287_1_label_fake.npz,Fake,Deepfake,0.35406777802854805,0.5562211871147156,0.005908426828682423,1.253300441943564e-15,0.9833282232284546,0.22488105297088623
ebR3yPqTODk_95_1_label_real.npz,Real,Deepfake,0.5455288454890251,0.815851628780365,0.07471029460430145,0.04241219907999039,0.9665416479110718,0.828128457069397
14421_K6rSVoAakQ8_3_1_label_fake.npz,Fake,Deepfake,0.3894489210539177,0.23253007233142853,0.6115528345108032,1.4214183465810493e-06,0.9779622554779053,0.12519802153110504
6820-MzXkiK4ROhQ_128_1_label_fake.npz,Fake,Deepfake,0.5037535637617112,0.43814563751220703,0.4432539641857147,0.17767943441867828,0.9437902569770813,0.5158985257148743
7519-BsVhgta2WAo_13_1_label_fake.npz,Fake,Deepfake,0.4101401556632482,0.7290403842926025,0.05875808000564575,0.00016450340626761317,0.8945222496986389,0.36821556091308594
375_W9C4OBc6El4_31_2_label_fake.npz,Fake,Real,0.34426957792602486,0.30710911750793457,0.4008260667324066,0.0001701961737126112,0.9719191789627075,0.041323330253362656
62_zpEUWKUUxdY_2_2_512x512_1_0533_withaudio_label_fake.npz,Fake,Real,0.3268606774509052,0.22807712852954865,0.01815636083483696,4.9520730940368074e-14,0.9487864375114441,0.43928346037864685
119_1POFF5RQjyM_123_1_512x512_1_0533_withaudio_label_fake.npz,Fake,Real,0.2648917101600546,0.11058919876813889,0.0021758717484772205,3.084213176407502e-06,0.9813950657844543,0.230295330286026
kFDaG9pAA1w_17_3--23548-NSWcdPWXZQI_27_3_label_fake.npz,Fake,Deepfake,0.4121603149920802,0.6024056673049927,0.010016808286309242,5.016241599615362e-14,0.8772847056388855,0.5710943937301636
6887-F-lGvJJiTMk_98_1_label_fake.npz,Fake,Real,0.29557760879397393,0.28112518787384033,0.03466685488820076,0.044721879065036774,0.9616183042526245,0.15575581789016724
024_b222784a.jpg_9ztkB7gr8po_2_13_label_fake.npz,Fake,Real,0.260485253357199,0.5831148624420166,0.011412656866014004,4.027322919597509e-09,0.6621218919754028,0.0457768514752388
13328_lSCTGJbObOg_277_3_label_fake.npz,Fake,Real,0.2062945959158242,0.06124690920114517,0.03398742154240608,0.11399971693754196,0.8187404870986938,0.003498444799333811
btSL5MQfYjA_13_4_label_real.npz,Real,Deepfake,0.5474573035025969,0.36675000190734863,0.9359537363052368,0.001477966201491654,0.6410024762153625,0.7921023368835449
aEM1s9Saa-g_51_6_25fps--275_Mv3FKFpTe4c_audio_1_95_label_fake.npz,Fake,Deepfake,0.41476802069228147,0.45072850584983826,0.005179749336093664,0.0008263642666861415,0.9558887481689453,0.6612167358398438
242_oDO5ZDLTpaw_24_1_512x512_1_0533_withaudio_label_fake.npz,Fake,Real,0.23197510208289104,0.15639808773994446,0.008760728873312473,4.39261533813351e-08,0.9670080542564392,0.027708595618605614
025_61e2c5e5_MxlocFNdoXg_797_2-batch-2025-02-09-14-48-38-4_label_fake.npz,Fake,Deepfake,0.36957258209635074,0.8082960247993469,0.004275921732187271,2.4464117797523555e-12,0.9638143181800842,0.07147664576768875
13446_TAaMKX4tbx8_label_fake.npz,Fake,Deepfake,0.39931150411057387,0.5212799906730652,0.0035949533339589834,6.912359367561294e-06,0.9860988855361938,0.4855767786502838
Tdgb6NvUjhk_39_4_25fps--67557_fM_gdHo5hL0_audio_2_89_label_fake.npz,Fake,Deepfake,0.5111199021363951,0.5182196497917175,0.9130253791809082,1.2267480434258182e-11,0.4278709292411804,0.6964835524559021
44496.png_1P9nl9tBK38_639_1_label_fake.npz,Fake,Deepfake,0.36486357957848736,0.4934694468975067,0.00397867988795042,1.5123626795343625e-08,0.9640516638755798,0.3628180921077728
033_c27883e5.jpg_dFiwhwAHNMw_63_2_label_fake.npz,Fake,Deepfake,0.5459939483553354,0.8684980273246765,0.02475571818649769,9.141986619760553e-14,0.986099362373352,0.8506166338920593
23756-X0CrmKqnFVI_25_3_label_fake.npz,Fake,Real,0.3092105984411774,0.48733749985694885,0.017399609088897705,3.591041831896291e-06,0.8886988759040833,0.15261341631412506
3517-J_U3D_QAw7c_77_1_label_fake.npz,Fake,Deepfake,0.5232144717127085,0.7770447134971619,0.02217900939285755,2.084748260901071e-18,0.9787337779998779,0.838114857673645
U7V-30eueTw_0_1--15616-I5oeY5O5oJI_25_4_label_fake.npz,Fake,Deepfake,0.648619544506073,0.6478438377380371,0.467038631439209,0.5074093341827393,0.9668474197387695,0.6539584994316101
266_PmI4qnTpL0E_1_1_label_fake.npz,Fake,Deepfake,0.3924604964820901,0.3107450306415558,0.7340028882026672,0.00013052923895884305,0.8593150973320007,0.05810893699526787
120_8wx4wssZgfo_50_1_512x512_1_0112_withaudio_label_fake.npz,Fake,Real,0.3192575444431455,0.3563590347766876,0.0648459866642952,3.211267340930135e-08,0.9860016107559204,0.18908105790615082
16806-pNogULi28gs_153_1_label_fake.npz,Fake,Deepfake,0.5199967067413158,0.7744767069816589,0.16168786585330963,5.450162987585827e-09,0.987343430519104,0.6764755249023438
OAzp-7yY0FQ_61_2--13208-I5oeY5O5oJI_34_3_label_fake.npz,Fake,Deepfake,0.532602951941226,0.6460819244384766,0.5258883237838745,2.7587102522375062e-05,0.9679707884788513,0.5230461359024048
50378_C4hNyd9eJy4_0_39_label_fake.npz,Fake,Real,0.11598799601197486,0.13811220228672028,0.04032084345817566,1.2175803002281976e-14,0.37304720282554626,0.028459731489419937
sgHHRVH0NFo_47_5--12669-6miKDMtYrVI_28_2_label_fake.npz,Fake,Deepfake,0.5645317748188973,0.5679031610488892,0.5956689715385437,0.07128552347421646,0.9396979808807373,0.6481032371520996
WxdaDqICMP8_707_1_label_real.npz,Real,Real,0.2956817254192629,0.2837373912334442,0.13702209293842316,3.360096116011846e-06,0.9104828238487244,0.14716295897960663
230.png_SSK5FwoCwyU_0_67_label_fake.npz,Fake,Deepfake,0.3790017887949945,0.5897232294082642,0.07475056499242783,7.667996571497681e-16,0.9704999923706055,0.2600351572036743
25810-orD3vsEyGdA_71_3_label_fake.npz,Fake,Deepfake,0.485188359025374,0.5109899640083313,0.3601154386997223,1.6167336566730306e-11,0.9094152450561523,0.6454211473464966
07049_u5Ks53-THVE_56_1_audio_short_512x512_1_1655_withaudio_label_fake.npz,Fake,Deepfake,0.4936240524053574,0.29182910919189453,0.17386196553707123,0.7723028063774109,0.970219075679779,0.2599073052406311
295_C2yEID0wrvs_1_2_audio_short_512x512_1_1652_withaudio_label_fake.npz,Fake,Real,0.31825868152081965,0.5219880938529968,0.08490045368671417,4.375925027133885e-19,0.9620077013969421,0.022397158667445183
498_3NYH-zyIfZY_38_1_audio_short_512x512_1_0933_withaudio_label_fake.npz,Fake,Deepfake,0.3598200976848603,0.116151824593544,0.4672152101993561,0.12761427462100983,0.9186345934867859,0.16948458552360535
22901-lSCTGJbObOg_189_3_label_fake.npz,Fake,Deepfake,0.5297452129423619,0.7071012854576111,0.1306515634059906,0.011304188519716263,0.9855958223342896,0.8140732049942017
138_W9C4OBc6El4_111_8_512x512_1_0112_withaudio_label_fake.npz,Fake,Real,0.25194665504982366,0.1690930724143982,0.09086460620164871,2.030021960308659e-06,0.9850748777389526,0.014698688872158527
31079.png_p1bOOYSCzxs_42_6_label_fake.npz,Fake,Deepfake,0.5333544082939625,0.33365827798843384,0.03140166774392128,0.7861502766609192,0.9568765759468079,0.5586852431297302
050_7c5b026c.jpg_AS9R2A7bKc0_16_1_label_fake.npz,Fake,Deepfake,0.40675710801733667,0.27457642555236816,0.0615159347653389,0.0002628671354614198,0.9788463115692139,0.7185840010643005
19850-CWEWBgVwFc8_79_3_label_fake.npz,Fake,Deepfake,0.6752917826175691,0.5179673433303833,0.24117043614387512,0.9999983310699463,0.983472466468811,0.6338503360748291
17059_lSCTGJbObOg_17_4_label_fake.npz,Fake,Real,0.25697590578347446,0.1018989309668541,0.09626858681440353,0.0032090628519654274,0.9755493998527527,0.10795354843139648
16207-MHZMQLDr-OA_50_1_label_fake.npz,Fake,Real,0.2515295684337616,0.43171605467796326,0.13907299935817719,0.03468073904514313,0.12665283679962158,0.5255252122879028
17397.png_PXdPmUJN6k0_77_9_label_fake.npz,Fake,Deepfake,0.42952322215041866,0.30122435092926025,0.7622525691986084,1.0000973139911995e-11,0.9719394445419312,0.11219974607229233
25758-BhwnAYvzhm4_33_1_label_fake.npz,Fake,Deepfake,0.6006720304489136,0.5763335824012756,0.08493572473526001,0.9807491302490234,0.9645793437957764,0.3967623710632324
56224_Lv39BhZJ2mg_82_2_audio_short_512x512_1_0933_withaudio_label_fake.npz,Fake,Deepfake,0.5381570303669947,0.7771622538566589,0.051039379090070724,1.2006927363472641e-07,0.9816965460777283,0.8808868527412415
22236_lSCTGJbObOg_287_1_label_fake.npz,Fake,Real,0.27067662412423205,0.07966896146535873,0.32090020179748535,8.24281727318521e-08,0.9117220640182495,0.041091810911893845
322_8L3KpV8zS4Y_1_24_audio_short_512x512_1_1652_withaudio_label_fake.npz,Fake,Real,0.219501715898514,0.10080063343048096,0.02031627856194973,9.045316612962904e-16,0.966196596622467,0.010195070877671242
19012-O1JxQ9OyJRQ_115_1_label_fake.npz,Fake,Real,0.2574886194895953,0.16584935784339905,0.02920355275273323,0.0033482981380075216,0.7630768418312073,0.3259650468826294
19010_C4hNyd9eJy4_0_56_label_fake.npz,Fake,Real,0.2747664919123056,0.17494335770606995,0.014702375046908855,1.2561579075911263e-15,0.984103798866272,0.200082927942276
ZMs-gVbhNIY_68_1_label_real.npz,Real,Deepfake,0.5824149549007416,0.48847392201423645,0.029836595058441162,1.0,0.9048674702644348,0.48889678716659546
117_WXGfdzE7hhI_30_1-batch-2025-02-04-10-00-57-67_label_fake.npz,Fake,Real,0.3351671895012259,0.6430405974388123,0.005971758626401424,0.05148196965456009,0.9519064426422119,0.023435179144144058
344_0Mi0miIN6tA_34_1_audio_short_512x512_1_0732_withaudio_label_fake.npz,Fake,Real,0.2983948948698526,0.29151439666748047,0.09610939770936966,3.8383986975532025e-06,0.9678431153297424,0.13650372624397278
02395_B4LwKKKbAuI_88_28_label_fake.npz,Fake,Real,0.32497647823236664,0.10575760900974274,0.5163813233375549,3.4595987585817056e-07,0.9874997735023499,0.015243339352309704
235_KDujlRUGYho_10_1_512x512_1_0533_withaudio_label_fake.npz,Fake,Real,0.2247894869884476,0.13890647888183594,0.00949052069336176,0.00021668325643986464,0.9568518400192261,0.018481912091374397
20791-6miKDMtYrVI_39_2_label_fake.npz,Fake,Deepfake,0.42952548451721667,0.1850254237651825,0.04409855976700783,0.9999998807907104,0.8939442038536072,0.024559354409575462
mHii80xikXs_1708_1--IkRNLBHex6w_87_1_label_fake.npz,Fake,Real,0.2662736548650777,0.2988756000995636,0.01132119633257389,3.4728902420511076e-08,0.9074769616127014,0.11369448155164719
25916-ZWWpghA1SJc_31_1_label_fake.npz,Fake,Real,0.32510192979352726,0.272007554769516,0.0027367507573217154,1.6148818758665584e-05,0.8894533514976501,0.46129584312438965
23884-8KovXKo3DL4_90_1_label_fake.npz,Fake,Real,0.25827613770961766,0.08197639882564545,0.1660056859254837,2.716166425811727e-23,0.9798492789268494,0.06354932487010956
14504_jkj3wCN-SW0_label_fake.npz,Fake,Real,0.25291894074580346,0.1945694535970688,0.0298628993332386,1.6879106624401174e-05,0.9579577445983887,0.0821877270936966
mXDi_C0yb6A_8_1--25952-LmGz2Hp34l0_0_1_label_fake.npz,Fake,Deepfake,0.5866942444816232,0.4909979999065399,0.870128870010376,0.011004437692463398,0.8742532730102539,0.6870866417884827
017_4748675b_cZ_DoJj9PXQ_81_3_label_fake.npz,Fake,Real,0.2195925044716211,0.09346690773963928,0.010289189405739307,4.101852191240596e-10,0.9675929546356201,0.026613470166921616
zpEUWKUUxdY_7_2--t58wNtkkXkw_0_1_422_label_fake.npz,Fake,Real,0.33722245395566663,0.41245928406715393,0.18146511912345886,1.9154927644038366e-11,0.9657724499702454,0.12641541659832
d5GTYm01vqA_38_1_label_real.npz,Real,Deepfake,0.3840849183499813,0.29822641611099243,0.01837993785738945,1.2182462737618397e-19,0.9423848986625671,0.6614333391189575
KKeGv-ny-kY_77_3_label_real.npz,Real,Real,0.27012161888742414,0.4888947010040283,0.09176979213953018,2.073387622658629e-05,0.22331781685352325,0.5466050505638123
079_fd41500f_sba-i5-e3WY_3816_1-batch-2025-02-10-11-34-42-51_label_fake.npz,Fake,Deepfake,0.41717837783184136,0.625755250453949,0.018172400072216988,5.935562086278878e-08,0.9588809609413147,0.48308321833610535
6577-ADTwFvHACE4_10_3_label_fake.npz,Fake,Real,0.24041910955210494,0.15777605772018433,0.013257989659905434,6.953713299617803e-11,0.8499673008918762,0.1810941994190216
1t8tfCELNck_37_1--29309-PYRFxrLt30A_43_3_label_fake.npz,Fake,Deepfake,0.655846929550171,0.6611673831939697,0.14687910676002502,0.999618649482727,0.9860860109329224,0.4854834973812103
J-vYXU4vqcY_12_1_label_real.npz,Real,Deepfake,0.487884046137333,0.20479436218738556,0.2111162543296814,0.9814830422401428,0.9775266647338867,0.06449990719556808
25602-awNrju1X3zc_31_1_label_fake.npz,Fake,Real,0.3182585650050896,0.14921940863132477,0.6235843896865845,4.389552486827597e-05,0.7846410870552063,0.033804044127464294
tgWpcB36m-Q_2_5_label_real.npz,Real,Deepfake,0.4020397719016016,0.5025224089622498,0.015752701088786125,1.010326024231123e-11,0.7785714864730835,0.7133522629737854
17545-iURkmV7cfBc_31_2_label_fake.npz,Fake,Deepfake,0.47360767824466166,0.3877117335796356,0.6587865948677063,1.4757266399101354e-05,0.9601131081581116,0.3614121973514557
50658.png_keEKlr2dG-I_82_8_label_fake.npz,Fake,Deepfake,0.36266864283170436,0.625953197479248,0.2149367481470108,3.92145557270851e-05,0.9567654728889465,0.015648581087589264
nv9WwHpOKEg_117_1--21075-2ECheTEbkhQ_23_6_label_fake.npz,Fake,Real,0.19132941355354838,0.3229559361934662,0.004170754924416542,1.9994738309492277e-08,0.12742286920547485,0.502097487449646
lqKZS1uYfro_42_4_label_real.npz,Real,Deepfake,0.4973679871401146,0.49609658122062683,0.5876868367195129,4.515568889473798e-06,0.9747868180274963,0.42826518416404724
237_UzfVjgZKjro_1080p_97_5_label_fake.npz,Fake,Deepfake,0.4919625319540501,0.31295332312583923,0.06062377616763115,0.9872783422470093,0.9900492429733276,0.10890797525644302
6871-GDq1isgt718_0_13_label_fake.npz,Fake,Real,0.2688523549586542,0.18024875223636627,0.027825215831398964,3.925824915802442e-15,0.9218506813049316,0.21433712542057037
368-6w9ikJPzTOA_18_2_label_fake.npz,Fake,Deepfake,0.4196522921323776,0.08504173159599304,0.02468007057905197,0.99836665391922,0.9681187868118286,0.022054217755794525
YoLGXK9L1S4_0_11_label_real.npz,Real,Real,0.2774899629220596,0.2851511836051941,0.07865345478057861,2.4662567543742853e-09,0.9886237382888794,0.03502143546938896
UqO0E4rcI5k_40_2_label_real.npz,Real,Real,0.2551618492929265,0.19363804161548615,0.00510994391515851,0.0012070637894794345,0.9501171708106995,0.1257370263338089
19679-Lqg5fiwIQso_32_1_label_fake.npz,Fake,Deepfake,0.3717721775174141,0.5061087012290955,0.005800612270832062,0.06307777762413025,0.9681516289710999,0.31572216749191284
9cdh5Xebf2w_3_1_label_real.npz,Real,Deepfake,0.37168836459168236,0.42028170824050903,0.20141461491584778,0.00042247099918313324,0.9730265736579895,0.2632964551448822
17798-MzXkiK4ROhQ_128_1_label_fake.npz,Fake,Deepfake,0.5268736809492112,0.5248456001281738,0.38083726167678833,0.1430135816335678,0.9770945906639099,0.6085773706436157
033_bc82f2a9--19DTZ6_d6U_481_5_label_fake.npz,Fake,Deepfake,0.4724832356066768,0.5850918889045715,0.2599662244319916,4.533186326316496e-11,0.9450331926345825,0.5723248720169067
8343-D1m1SQIdMkk_4_5_label_fake.npz,Fake,Deepfake,0.5196083799004555,0.6257548332214355,0.06537743657827377,0.9989542961120605,0.7760886549949646,0.1318666785955429
6145_d2om_PGtwWY_6_4_label_fake.npz,Fake,Real,0.34666613563895227,0.44357791543006897,0.0625971183180809,0.03514990583062172,0.9605234861373901,0.23148225247859955
079_fd41500f_dNCH3eXEwB4_670_2-batch-2025-02-10-11-34-42-53_label_fake.npz,Fake,Deepfake,0.44410138243157676,0.46938106417655945,0.3765052556991577,5.648484346920668e-09,0.8952929973602295,0.47932758927345276
15833-6w9ikJPzTOA_76_1_label_fake.npz,Fake,Deepfake,0.5471307590603829,0.43030574917793274,0.060878194868564606,0.9107286930084229,0.9601382613182068,0.37360289692878723
020_c1a8bc2c_MxlocFNdoXg_720_1-batch-2025-02-06-00-06-46-40_label_fake.npz,Fake,Deepfake,0.5641731329446756,0.8930355310440063,0.568893313407898,6.342218483723627e-08,0.9560204148292542,0.4029163420200348
128_VifDzyPgBNg_0_5-batch-2025-02-04-10-00-57-124_label_fake.npz,Fake,Real,0.3011264708314613,0.5668531656265259,0.0539243258535862,3.9326288003849186e-08,0.8754907250404358,0.009364098310470581
066_08ec842b.jpg_fZNe3xAY9Zw_1080p_55_3_label_fake.npz,Fake,Deepfake,0.44622649848461154,0.4127840995788574,0.21720163524150848,0.30995941162109375,0.9723754525184631,0.31881189346313477
WicBE2Uwz0A_70_1--22137-pzdnuEa8a20_115_1_label_fake.npz,Fake,Deepfake,0.4221206590533257,0.43190324306488037,0.0981159657239914,0.9997140765190125,0.11856449395418167,0.4623055160045624
275_IU0Zy67ZLpU_79_1_audio_short_512x512_1_0933_withaudio_label_fake.npz,Fake,Deepfake,0.5049497215566634,0.4563979208469391,0.8631570935249329,1.4214514898469588e-08,0.9830718636512756,0.2221217155456543
zpEUWKUUxdY_11_6--J_ComKnl1hk_10_label_fake.npz,Fake,Real,0.3363386541604996,0.3888396918773651,0.0006294660270214081,0.0043679215013980865,0.9635615944862366,0.3242945969104767
413_Qql31j-w90s_audio_3_512x512_1_1026_withaudio_label_fake.npz,Fake,Real,0.31616893859162665,0.2781408429145813,0.24379438161849976,7.225740839000849e-11,0.9662535190582275,0.09265594929456711
6019-JtLypQpGruo_65_3_label_fake.npz,Fake,Deepfake,0.5075187931652181,0.7141644358634949,0.08437854796648026,0.0005505061126314104,0.9188972115516663,0.8196032643318176
068_474081ea.jpg_P4o9TZ36Xj8_16_1_label_fake.npz,Fake,Deepfake,0.39158218724418536,0.3650553226470947,0.004067102447152138,1.7577835853543888e-09,0.9438992142677307,0.6448892951011658
5xBpkc7-w3A_52_1--17410-d2om_PGtwWY_36_1_label_fake.npz,Fake,Real,0.21690346375107766,0.3006916046142578,0.02630523219704628,0.2086971402168274,0.10243944823741913,0.44638389348983765
reaup7qkEfk_40_1_label_real.npz,Real,Deepfake,0.44963337332010267,0.7189067006111145,0.0567704401910305,0.03507668897509575,0.9888174533843994,0.4485955834388733
22_VifDzyPgBNg_0_5-batch-2025-02-03-22-17-41-43_label_fake.npz,Fake,Real,0.27567978710425656,0.5918656587600708,0.0539243258535862,3.9326288003849186e-08,0.718480110168457,0.01412880141288042
425_FLfyjfbThfA_113_2_512x512_1_0533_withaudio_label_fake.npz,Fake,Real,0.2969868957057997,0.4375108778476715,0.002047778107225895,2.7427097393228905e-07,0.970451831817627,0.07492371648550034
494_IkRNLBHex6w_343_1-batch-2025-02-09-18-31-56-3_label_fake.npz,Fake,Real,0.3408067983007641,0.5722872614860535,0.022194722667336464,3.1257004593499005e-06,0.9810922741889954,0.12845660746097565
28145_I5oeY5O5oJI_10_11_label_fake.npz,Fake,Real,0.33018341092392806,0.2074524462223053,0.47068867087364197,0.0042192707769572735,0.9495430588722229,0.019013607874512672
23449-TXf3uH5YqM4_0_2_label_fake.npz,Fake,Deepfake,0.39417811692764904,0.49746108055114746,0.007930341176688671,2.36458824742769e-10,0.9475710988044739,0.5179280638694763
29131_ADTwFvHACE4_116_1_label_fake.npz,Fake,Real,0.24171034274831985,0.18468885123729706,0.04713774472475052,6.349302111630095e-06,0.9592309594154358,0.01748780906200409
010_34d63b53_XblD1mtXBWY_4_1-batch-2025-02-05-13-35-36-167_label_fake.npz,Fake,Real,0.32243593502789736,0.22730767726898193,0.2633601129055023,0.004923501051962376,0.9821971654891968,0.13439121842384338
24365-3U4D77IB-j8_102_1_label_fake.npz,Fake,Deepfake,0.4095334708690838,0.3685432970523834,0.33524468541145325,9.74853674889399e-14,0.9701265692710876,0.37375280261039734
AbpNlshqtJc_122_1--17560-G37VO1yeVEo_36_1_label_fake.npz,Fake,Deepfake,0.6634766936302184,0.5509191155433655,0.25733262300491333,0.9999779462814331,0.9032178521156311,0.6059359312057495
039_3daa67cf_78p4J0EEepU_6_2-batch-2025-02-06-00-06-46-116_label_fake.npz,Fake,Deepfake,0.3815646476170514,0.32872533798217773,0.645341157913208,2.944798325188458e-05,0.5414400696754456,0.3922872245311737
orD3vsEyGdA_67_1_label_real.npz,Real,Deepfake,0.4996875363635809,0.5158179998397827,0.4085913598537445,2.9295920285221655e-06,0.9424079656600952,0.6316174268722534
442_NEEN8fSBuWI_361_1_label_fake.npz,Fake,Real,0.2412447698414326,0.15399877727031708,0.0794854387640953,0.0022803684696555138,0.9569875001907349,0.013471764512360096
14011-a0MIIwPGYB4_65_1_label_fake.npz,Fake,Deepfake,0.44255928397178657,0.6790431141853333,0.09791015833616257,0.05271834880113602,0.990160346031189,0.3929644525051117
WTT4zMFXkO4_2_1_label_real.npz,Real,Deepfake,0.3690135453027532,0.42123696208000183,0.29660674929618835,1.9282329066783177e-09,0.9239082336425781,0.20331577956676483
8Bec4j7WZ6I_53_1_label_real.npz,Real,Real,0.24015712911701448,0.4286656379699707,0.09363587945699692,1.2326363263426288e-09,0.18409450352191925,0.4943896234035492
6As3T1vBft0_47_1--cZ_DoJj9PXQ_12_4_50_label_fake.npz,Fake,Deepfake,0.3585489183664736,0.48206034302711487,0.15394125878810883,2.071032689961172e-13,0.5419356822967529,0.6148073077201843
483_Slqo8SHnFaU_audio_1_512x512_1_1026_withaudio_label_fake.npz,Fake,Real,0.2560469297539385,0.2741795480251312,0.09324628859758377,7.88915713201277e-06,0.9009501338005066,0.011850789189338684
VifDzyPgBNg_233_18_label_real.npz,Real,Real,0.3111569213826442,0.5076040625572205,0.031240325421094894,4.078222264070064e-05,0.4145733416080475,0.6023260951042175
18018_PYRFxrLt30A_72_2_label_fake.npz,Fake,Deepfake,0.47483790516853336,0.18631106615066528,0.2154444307088852,0.9242451786994934,0.9721741676330566,0.0760146826505661
dMXx0GIUmVQ_48_2--1658-ndJhwVupwVQ_13_4_label_fake.npz,Fake,Deepfake,0.37533402657136333,0.5099604725837708,0.006220113020390272,3.9042276402902665e-16,0.9582903981208801,0.4021991491317749
075_e0b91ee3-62ywI44YAxQ_26_1_label_fake.npz,Fake,Deepfake,0.6488181354751068,0.8895173072814941,0.6433911323547363,1.0678551376486212e-09,0.992152988910675,0.7190292477607727
04545_GNkwgfQFj60_53_3_label_fake.npz,Fake,Real,0.26427928812408935,0.31121954321861267,0.03305083140730858,2.3987497115740553e-05,0.861290454864502,0.11581162363290787
058_1b5b5422.jpg_K3O_-Mjls_Q_1080p_80_4_label_fake.npz,Fake,Deepfake,0.4766887053847313,0.8244922757148743,0.02524261176586151,0.042550332844257355,0.9819799661636353,0.5091783404350281
ILR3cxYpjUk_29_11_label_real.npz,Real,Deepfake,0.4031698971986771,0.6837047934532166,0.26239436864852905,5.501064093484826e-21,0.86878901720047,0.20096130669116974
261_dqFjx2I4KXg_17_6_512x512_1_0112_withaudio_label_fake.npz,Fake,Deepfake,0.3527859778937455,0.38384780287742615,0.0037963339127600193,5.871302164450753e-07,0.9804501533508301,0.3958350121974945
17625-_cPj3b9BDPI_21_4_label_fake.npz,Fake,Deepfake,0.6510190395521931,0.6894610524177551,0.6760357618331909,0.0005714436410926282,0.9891409873962402,0.8998859524726868
020_c1a8bc2c__LL3BSLGscY_0_1-batch-2025-02-06-13-00-20-397_label_fake.npz,Fake,Deepfake,0.3720577554429183,0.6819681525230408,0.06768926233053207,7.572819038514922e-10,0.8691204190254211,0.24151094257831573
19054-ADTwFvHACE4_86_4_label_fake.npz,Fake,Deepfake,0.3780725380900549,0.42948514223098755,0.008063760586082935,0.00016496914031449705,0.9195477366447449,0.5331010818481445
36.png_J_ComKnl1hk_4_2_label_fake.npz,Fake,Deepfake,0.36190288998186587,0.6022312641143799,0.022564666345715523,5.4987430925406616e-18,0.951041579246521,0.233676940202713
4962_Ip7cs1D5tTQ_1_7_label_fake.npz,Fake,Deepfake,0.41975573450499243,0.11447200924158096,0.3481375277042389,8.616199767552679e-12,0.956233024597168,0.6799361109733582
23916-QvTs7W732ZQ_37_2_label_fake.npz,Fake,Real,0.34058223842526897,0.4946799576282501,0.005429306533187628,4.0750867957850545e-11,0.9764134287834167,0.22638849914073944
133_5GcHInADAHY_31_4_audio_short_512x512_1_1652_withaudio_label_fake.npz,Fake,Deepfake,0.4528778545558453,0.36532020568847656,0.10472623258829117,0.8662077784538269,0.9112527966499329,0.016882259398698807
9221-MATJqR93d5I_47_8_label_fake.npz,Fake,Real,0.3236587884447488,0.2850906550884247,0.05953681841492653,2.3589606712448585e-07,0.9720739126205444,0.30159232020378113
IkRNLBHex6w_343_2--1stTPtXYjuM_255_37_364_label_fake.npz,Fake,Deepfake,0.4979814663529396,0.8236490488052368,0.024835646152496338,0.07722289115190506,0.9865846633911133,0.5776150822639465
045_6895fe7e_W9C4OBc6El4_86_14_label_fake.npz,Fake,Deepfake,0.5487650871276856,0.422217458486557,0.06616100668907166,0.7967382073402405,0.9325523972511292,0.5261563658714294
029_c6e0a7f3_XblD1mtXBWY_249_3_label_fake.npz,Fake,Real,0.33235522236791437,0.11948521435260773,0.3077874779701233,0.00020492207841016352,0.9759506583213806,0.25834783911705017
zpEUWKUUxdY_6_6--bC8BMMmwO8U_34_label_fake.npz,Fake,Real,0.3001373364382264,0.38036033511161804,0.0003584879159461707,2.60022137155147e-08,0.9807105660438538,0.1392572671175003
4475-q48w51isHHc_19_2_label_fake.npz,Fake,Deepfake,0.5487374753460245,0.6456536054611206,0.41097718477249146,7.734052815067116e-06,0.9635045528411865,0.7235442996025085
J0OjSB0ZF2Q_54_1_label_real.npz,Real,Real,0.2555490629281916,0.2239808291196823,0.0024750165175646544,3.334221868869433e-14,0.7864366769790649,0.2648527920246124
27897-M-3HEJpdx2I_3_1_label_fake.npz,Fake,Deepfake,0.45234497729688883,0.5143811106681824,0.341062992811203,0.013283994980156422,0.9804034233093262,0.41259336471557617
133_6wKR9igYrS8_audio_2_512x512_1_1026_withaudio_label_fake.npz,Fake,Deepfake,0.44719329383224254,0.2322799265384674,0.02587687037885189,1.0,0.9664143323898315,0.011395339854061604
308_852WCRqSgFA_0_1_audio_short_512x512_1_0557_withaudio_label_fake.npz,Fake,Real,0.2709367737175009,0.3103204667568207,0.04951373487710953,4.875068447887654e-13,0.968014657497406,0.026835009455680847
zmquFlJxnyM_37_2--3400-BhwnAYvzhm4_56_1_label_fake.npz,Fake,Deepfake,0.3770727182437863,0.663144052028656,0.06162109598517418,1.2466738752436868e-09,0.9629785418510437,0.19761990010738373
25_xLpZZScqgKo_audio_2_512x512_1_1026_withaudio_label_fake.npz,Fake,Deepfake,0.4224786218255759,0.537061333656311,0.216285839676857,0.004390312358736992,0.9772282242774963,0.3774273991584778
14869-Z6bxX3mcfJg_19_1_label_fake.npz,Fake,Deepfake,0.4842234114184976,0.5564557909965515,0.01506235171109438,0.9960833787918091,0.6243953704833984,0.2291201651096344
090_3c8ed08d.jpg_J_ComKnl1hk_2_17_label_fake.npz,Fake,Real,0.34736026339232967,0.5784305334091187,0.018165355548262596,1.977933528429592e-15,0.9638984799385071,0.17630694806575775
12601-QTau-xHsz80_8_1_label_fake.npz,Fake,Deepfake,0.5813070535659791,0.49198833107948303,0.1794842779636383,0.979171097278595,0.9611828327178955,0.2947087287902832
21807-pnuHjaJClto_24_1_label_fake.npz,Fake,Deepfake,0.44058140968803117,0.46735432744026184,0.21608315408229828,7.724938022590777e-09,0.9817012548446655,0.5377683043479919
8Bec4j7WZ6I_242_7_label_real.npz,Real,Deepfake,0.4615385368466378,0.48991379141807556,0.20164749026298523,0.698520302772522,0.8467341661453247,0.07087693363428116
fAh51cqF86I_14_1--13117-I5oeY5O5oJI_53_8_label_fake.npz,Fake,Deepfake,0.7393873542547226,0.6249833106994629,0.8741087913513184,0.9994478821754456,0.9622460603713989,0.23615072667598724
492_DR5IQXWY_uA_193_1-batch-2025-02-06-13-00-20-503_label_fake.npz,Fake,Real,0.3454462923147592,0.558052659034729,0.010889376513659954,8.400933282359802e-09,0.9576923251152039,0.20059709250926971
022_b497b92e.jpg_T47iIAEaLmY_1080p_28_8_label_fake.npz,Fake,Deepfake,0.41783849322237077,0.7124403715133667,0.008168389089405537,4.0915096178650856e-05,0.9760624766349792,0.3924803137779236
35-OuVqGrko56s_113_1_label_fake.npz,Fake,Deepfake,0.4585652805864811,0.5507268309593201,0.04324011877179146,0.07813578844070435,0.9816008806228638,0.6391227841377258
60_5FYGP2Jd1XA_154_1_audio_short_512x512_1_0944_withaudio_label_fake.npz,Fake,Deepfake,0.4721797101199627,0.28655263781547546,0.08156118541955948,0.9830068349838257,0.9663528800010681,0.04342501237988472
2188-KopQglRZUFA_0_1_label_fake.npz,Fake,Deepfake,0.6708647608757019,0.5153870582580566,0.2922214865684509,0.9090085625648499,0.9617909789085388,0.6759157180786133
KKeGv-ny-kY_596_1_label_real.npz,Real,Real,0.2738526871659719,0.37307849526405334,0.007767658680677414,1.4085751232073562e-08,0.4292508363723755,0.559166431427002
21488.png_egeQtsE3hfg_83_2_label_fake.npz,Fake,Deepfake,0.41399430426627076,0.41840696334838867,0.47059130668640137,1.5173985048022587e-05,0.9763718247413635,0.20458625257015228
10464_O1JxQ9OyJRQ_1_3_label_fake.npz,Fake,Real,0.2875807924254332,0.0928381010890007,0.2592319846153259,0.00018738119979389012,0.8360356688499451,0.24961082637310028
8tD-YwT4oAg_144_1_519_label_fake.npz,Fake,Deepfake,0.41035079401867414,0.08958964794874191,0.9709251523017883,1.5131474739860096e-08,0.9604784846305847,0.030760670080780983
CoIL9IsJXiA_33_1--24132-I5oeY5O5oJI_46_7_label_fake.npz,Fake,Deepfake,0.4744373083114624,0.5127019882202148,0.2943685054779053,0.20678871870040894,0.9584684371948242,0.39985889196395874
4147-pLDX3CuGiWU_9_2_label_fake.npz,Fake,Deepfake,0.5381095126271248,0.4559963345527649,0.020466364920139313,0.9309878945350647,0.9740281701087952,0.30906879901885986
QwWcO0-ne8c_17_1--5792-lXv73xCGh8E_91_2_label_fake.npz,Fake,Deepfake,0.3658030914142728,0.5689817667007446,0.08556785434484482,0.015280754305422306,0.7653011083602905,0.39388397336006165
JtLypQpGruo_65_7_label_real.npz,Real,Real,0.3117643888385134,0.36239537596702576,0.009538965299725533,1.0848560272336272e-08,0.9670243859291077,0.21986320614814758
367_XJmuXrN2cQA_14_17_512x512_1_1647_withaudio_label_fake.npz,Fake,Real,0.29155844321585217,0.22835688292980194,0.020033380016684532,1.7793800211052258e-08,0.9854883551597595,0.22391358017921448
270_fcYeXCacyrk_173_1_audio_short_512x512_1_1652_withaudio_label_fake.npz,Fake,Deepfake,0.44795719981193544,0.10254806280136108,0.23004688322544098,0.9306900501251221,0.9675960540771484,0.008904948830604553
15491_itFwx1CZM9I_104_3_label_fake.npz,Fake,Deepfake,0.3581787563860417,0.18639695644378662,0.21365861594676971,0.3771604597568512,0.9823792576789856,0.03129849210381508
VvyPZwhivKQ_20_1--1289-ADTwFvHACE4_116_2_label_fake.npz,Fake,Deepfake,0.5467647790908814,0.4991028904914856,0.3155621290206909,0.7067474722862244,0.9505645632743835,0.2618468403816223
62ywI44YAxQ_82_10_label_real.npz,Real,Real,0.329114714288572,0.4574470520019531,0.18039561808109283,3.737141440751657e-08,0.9738695025444031,0.03386136144399643
19313-A-BRu8z7ztk_34_2_label_fake.npz,Fake,Deepfake,0.4970859667871992,0.7168324589729309,0.0029309287201613188,1.563743171573151e-05,0.9906908273696899,0.7749599814414978
053_05c78fa1.jpg_1P9nl9tBK38_343_3_label_fake.npz,Fake,Deepfake,0.35450048185885324,0.3181114196777344,0.013559864833950996,1.8402053359313324e-14,0.9440173506736755,0.4968137741088867
25217_I5oeY5O5oJI_34_2_label_fake.npz,Fake,Real,0.2795658549056498,0.08953231573104858,0.19867050647735596,7.207386715890607e-06,0.9644467234611511,0.14517252147197723
2822-s9OwwTPanvw_46_1_label_fake.npz,Fake,Deepfake,0.6068703055381774,0.2924227714538574,0.46012163162231445,0.9976542592048645,0.9691661596298218,0.3149867057800293
2480-j9vRrhheCUM_20_1_label_fake.npz,Fake,Real,0.2438428550958636,0.15842263400554657,0.01590823382139206,1.161920198253165e-15,0.9580816030502319,0.08680180460214615
23390-pNogULi28gs_87_2_label_fake.npz,Fake,Deepfake,0.5588937126100063,0.39926138520240784,0.0059160999953746796,0.9998321533203125,0.9817125201225281,0.40774640440940857
02679_IcZtHIN331g_6_1_label_fake.npz,Fake,Real,0.3498108592589233,0.4035607874393463,0.006686111446470022,5.804820375487907e-06,0.9712626338005066,0.3675389587879181
5287-sUv353ua7E8_37_1_label_fake.npz,Fake,Deepfake,0.5307866558432579,0.26508617401123047,0.07489749044179916,0.9865890741348267,0.9105688333511353,0.416791707277298
01742_xJYFbkRZzek_audio_2_label_fake.npz,Fake,Deepfake,0.362438165768981,0.4386894404888153,0.9883261322975159,0.027690816670656204,0.3286604583263397,0.028823981061577797
5l1PmijHT5o_12_1_label_real.npz,Real,Real,0.24178212478291244,0.1574333757162094,0.04801588132977486,0.00030359101947396994,0.9602215886116028,0.042936187237501144
33046.png_SzhK7Q-pY0U_1_37_label_fake.npz,Fake,Deepfake,0.5418135925196111,0.526364266872406,0.004441760014742613,0.9399219751358032,0.9435622692108154,0.29477769136428833
49972.png_hdS30nnhNZo_4_28_label_fake.npz,Fake,Real,0.3040866498788091,0.47203779220581055,0.012366242706775665,1.3167480574338697e-05,0.9043402075767517,0.1316758394241333
46879_nlrjxL_frmk_110_1_audio_short_512x512_1_0933_withaudio_label_fake.npz,Fake,Deepfake,0.3602310683578253,0.16620932519435883,0.07184591889381409,0.6475728154182434,0.8921632766723633,0.023364005610346794
122-6As3T1vBft0_133_7_label_fake.npz,Fake,Deepfake,0.4876485802124757,0.6796179413795471,0.026985513046383858,1.808414085147092e-09,0.8411198854446411,0.8905195593833923
23414-E7hwoDHfU28_30_1_label_fake.npz,Fake,Deepfake,0.3944015825400129,0.43835774064064026,0.021141018718481064,0.00012277171481400728,0.9790449738502502,0.5333414077758789
2232_ADTwFvHACE4_29_1_label_fake.npz,Fake,Deepfake,0.37106407247483736,0.6092528104782104,0.1390896737575531,0.12492580711841583,0.9646143913269043,0.017437679693102837
RmXrwKydM9k_380_1_label_real.npz,Real,Deepfake,0.4443217583886536,0.2387317270040512,0.9004064798355103,6.377287320447067e-08,0.9000109434127808,0.18245957791805267
7761-mkfaM6Psv8c_42_1_label_fake.npz,Fake,Deepfake,0.39019266077084463,0.4098675847053528,0.325013130903244,0.0007274899980984628,0.9724480509757996,0.24290704727172852
23321-I7bHX9Wkr0E_98_2_label_fake.npz,Fake,Deepfake,0.6255982875823974,0.35334867238998413,0.976987361907959,0.9293921589851379,0.36488664150238037,0.5033766031265259
10000_OiZOiaG4gWM_26_1_label_fake.npz,Fake,Deepfake,0.36354357432574036,0.0845242515206337,0.3914996087551117,0.7233273983001709,0.6059725880622864,0.01239402499049902
050_4bdc1f8a-6As3T1vBft0_292_1_label_fake.npz,Fake,Real,0.20451694219855204,0.3778032660484314,0.0018229305278509855,2.410180735545886e-11,0.05379240959882736,0.5891661047935486
096_b096ebfe_OprPPstAfSg_0_1_label_fake.npz,Fake,Real,0.2489538354043717,0.2845269739627838,0.002065087901428342,7.016996761421979e-08,0.9448703527450562,0.013306692242622375
8529-cHjvhDTfItA_16_3_label_fake.npz,Fake,Deepfake,0.48115007281361344,0.5237457156181335,0.36379626393318176,2.8969632682313007e-12,0.9821204543113708,0.5360879302024841
300_IfZd7tsXHP8_41_1_audio_short_512x512_1_0944_withaudio_label_fake.npz,Fake,Real,0.3294333331286907,0.34127357602119446,0.03823636844754219,0.09014352411031723,0.973457932472229,0.20405526459217072
05790_MOBGaVJH54A_171_2_audio_short_512x512_1_1655_withaudio_label_fake.npz,Fake,Deepfake,0.40241661574691534,0.3511499762535095,0.00305310171097517,0.12381618469953537,0.9817909002304077,0.5522729158401489
071_a9b71352_XJmuXrN2cQA_300_4_label_fake.npz,Fake,Deepfake,0.3662980357973993,0.4242013096809387,0.07762336730957031,3.655835598692647e-06,0.9707975387573242,0.35886430740356445
1878_vfDO6CnL7j8_40_1_label_fake.npz,Fake,Real,0.24822755828499796,0.17516779899597168,0.04146303981542587,2.2925571755788e-19,0.9654389023780823,0.05906805023550987
00364_tf_pzTBKuFY_audio_1_150_label_fake.npz,Fake,Deepfake,0.3765787065050888,0.2574264705181122,0.30051881074905396,1.0871722792848981e-11,0.962925374507904,0.36202287673950195
0_M_syPuFos_64_2--3070-I5oeY5O5oJI_42_10_label_fake.npz,Fake,Real,0.18362774401912085,0.3536296784877777,0.09006639569997787,4.466409880832245e-13,0.10369135439395905,0.370751291513443
kHgF6z3Paos_299_1_25fps--29991_1nnKydcqmDI_223_1_25fps_label_fake.npz,Fake,Deepfake,0.39070746293291453,0.5051501393318176,0.008270462974905968,0.000937530305236578,0.9287687540054321,0.5104104280471802
65891_awYvLQ53n3M_1_1_audio_short_512x512_1_0933_withaudio_label_fake.npz,Fake,Deepfake,0.48887686878442765,0.11930552870035172,0.2572106420993805,0.9749733209609985,0.9786797761917114,0.11421507596969604
44636_btWyxQbkYAs_123_6_audio_short_512x512_1_0557_withaudio_label_fake.npz,Fake,Deepfake,0.4336476601311006,0.3377215266227722,0.34537386894226074,0.00012995657743886113,0.9181637167930603,0.5668492317199707
346_8gqupeY6HmM_0_302_512x512_1_1647_withaudio_label_fake.npz,Fake,Real,0.21218161732827776,0.10453281551599503,0.010210465639829636,2.65861626047581e-08,0.94114089012146,0.005023888777941465
11939-cbtkoZUOR1A_44_23_label_fake.npz,Fake,Deepfake,0.3836271397769452,0.27358680963516235,0.4970111548900604,0.01723800227046013,0.9904296398162842,0.13987009227275848
26062-E7hwoDHfU28_52_2_label_fake.npz,Fake,Deepfake,0.5535576768219471,0.3883430063724518,0.06248623505234718,0.9707155227661133,0.9455801844596863,0.40066343545913696
128_jbx2IjXBmWA_0_1-batch-2025-02-04-10-00-57-123_label_fake.npz,Fake,Deepfake,0.3952290806919337,0.46115967631340027,0.0047179702669382095,0.1043584868311882,0.9752662181854248,0.4306430518627167
031_df3204d3.jpg_PmI4qnTpL0E_1_1_label_fake.npz,Fake,Deepfake,0.411190617280954,0.28539448976516724,0.4957006871700287,3.6181001632940024e-05,0.9402078986167908,0.3346138298511505
10783-lmBYMs2ysnY_39_2_label_fake.npz,Fake,Deepfake,0.46139570311643185,0.22352948784828186,0.003323278622701764,0.7325056791305542,0.981457531452179,0.3661625385284424
5775-0-BD5WJ_hBk_0_1_label_fake.npz,Fake,Deepfake,0.5030089960120676,0.6800287961959839,0.4945889115333557,4.49943654530216e-05,0.9876192808151245,0.35276299715042114
c-3fX59C_BU_0_6_242_label_fake.npz,Fake,Deepfake,0.575213634967804,0.7906602025032043,0.024996280670166016,0.8577397465705872,0.9795466065406799,0.22312533855438232
27130_6w9ikJPzTOA_64_1_label_fake.npz,Fake,Real,0.26706860214471817,0.25639405846595764,0.05670555680990219,0.01841927319765091,0.9144823551177979,0.08934176713228226
14993.png_KLyiFfWtoPI_381_2_label_fake.npz,Fake,Deepfake,0.4199403643608094,0.35263586044311523,0.26160749793052673,0.06250941753387451,0.9793409109115601,0.4436081349849701
oEg4GH93aCY_73_1--25877-BJr-6o-eYLc_29_1_label_fake.npz,Fake,Deepfake,0.48436921481043105,0.5644738674163818,0.007572305388748646,0.3591748774051666,0.9902371764183044,0.5003878474235535
26288-ezja7-YQ72g_63_6_label_fake.npz,Fake,Deepfake,0.6628301411867141,0.5892682075500488,0.16181041300296783,0.6890977621078491,0.9890889525413513,0.8848853707313538
18420-ADTwFvHACE4_112_2_label_fake.npz,Fake,Real,0.26070670351214176,0.10944726318120956,0.014991837553679943,3.704715254571056e-07,0.93719482421875,0.24189922213554382
035_0902e9ca_P_stI11n2Sc_16_2_label_fake.npz,Fake,Deepfake,0.3795255722306351,0.5375305414199829,0.07341878116130829,1.5746643100555957e-08,0.9503186345100403,0.3363598883152008
sr3AvToIzJo_114_1_label_real.npz,Real,Deepfake,0.4544562416841288,0.43992137908935547,0.7229086756706238,1.1303509239724008e-07,0.9708866477012634,0.13856439292430878
17941-KNEGWrD08f8_4_1_label_fake.npz,Fake,Deepfake,0.443937985599041,0.2510964274406433,0.6030650734901428,0.319896936416626,0.9744713306427002,0.07116016000509262
FgEqZxtEUUk_2_1--qxiG3Ycr0oM_11_label_fake.npz,Fake,Real,0.3459915998885663,0.4448109567165375,0.10767028480768204,9.478676474827807e-07,0.9693379402160645,0.2081378698348999
SNHUu7YkNjA_60_8_label_real.npz,Real,Deepfake,0.5915128104388715,0.22543840110301971,0.7235561609268188,0.9994282126426697,0.9716333150863647,0.03750796243548393
ldI1peHBLa0_52_13_label_real.npz,Real,Deepfake,0.4844478886574507,0.08342853933572769,0.6843388080596924,1.0,0.645980715751648,0.008491380140185356
PjGZ8ORHZc8_12_6_25fps--67_DYtC9k3oOJY_audio_3_132_label_fake.npz,Fake,Deepfake,0.37165319119649676,0.5003625750541687,0.1509600281715393,1.9607819368161472e-08,0.6409494280815125,0.5659939050674438
39471.png_DuggBTqO2sc_300_1_label_fake.npz,Fake,Real,0.3208456963565829,0.258730947971344,0.2724698483943939,1.325617254854805e-10,0.921471357345581,0.1515563279390335
17264-0-kY_RQxuc0_118_1_label_fake.npz,Fake,Deepfake,0.6701426550745965,0.5763810873031616,0.03555848449468613,0.9999289512634277,0.9739739894866943,0.7648707628250122
vRuTW4hapTE_76_3_295_label_fake.npz,Fake,Real,0.2574182415381074,0.08679355680942535,0.10042951256036758,0.12340713292360306,0.9656635522842407,0.010797453112900257
354_dqFjx2I4KXg_17_6_label_fake.npz,Fake,Real,0.24442305358616073,0.21244469285011292,0.0037963339127600193,5.871302164450753e-07,0.9619854092597961,0.04388824477791786
14158-yPuOZaNDtL8_60_1_label_fake.npz,Fake,Real,0.2999443845514406,0.4018152356147766,0.014917808584868908,1.5253518768076901e-06,0.9478626251220703,0.13512472808361053
27437-UFNRxEmoMaw_129_1_label_fake.npz,Fake,Deepfake,0.45748304259032013,0.6276225447654724,0.17844171822071075,0.015325388871133327,0.9796704053878784,0.48635515570640564
16806-hUDTBHvQuAc_28_5_label_fake.npz,Fake,Real,0.3071432426643696,0.4207145869731903,0.05669378861784935,5.770510597358225e-06,0.9649946689605713,0.09330739825963974
7046_LUn8IjZKBPg_84_2_label_fake.npz,Fake,Real,0.29442601051709977,0.0774170383810997,0.40335115790367126,2.5218616883648792e-06,0.9450309872627258,0.0463283471763134
vZqDx1pvSZQ_1_2--oTElQFuLr7o_89_47_117_label_fake.npz,Fake,Deepfake,0.4822217255830765,0.591953456401825,0.3812790811061859,0.3004731833934784,0.9052214026451111,0.23218150436878204
WxdaDqICMP8_398_1_label_real.npz,Real,Deepfake,0.3590856798259954,0.28726476430892944,0.051519040018320084,1.3338524729178403e-10,0.8896229267120361,0.5670216679573059
26334-7Fe7jdI2WIA_39_1_label_fake.npz,Fake,Deepfake,0.358481061279258,0.4559801518917084,0.006109488662332296,1.5958559060891275e-06,0.979439914226532,0.3508741557598114
DR5IQXWY_uA_243_3_label_real.npz,Real,Real,0.31993745099753146,0.3406691253185272,0.0363168902695179,0.0077330200001597404,0.9727043509483337,0.24226386845111847
jV2pjBg0srU_974_2_label_real.npz,Real,Deepfake,0.38448087275309895,0.480173796415329,0.8007599115371704,1.4082800897652348e-11,0.1619671732187271,0.47950348258018494
13656-Lv39BhZJ2mg_1_3_label_fake.npz,Fake,Real,0.32219253704549095,0.3506220579147339,0.033241208642721176,2.9863087697146184e-11,0.9587480425834656,0.26835137605667114
E7lIbmnQqgU_571_1_label_real.npz,Real,Deepfake,0.37835012227296827,0.6961777806282043,0.10342886298894882,0.006647787988185883,0.9826180338859558,0.1028781458735466
15616-I5oeY5O5oJI_25_4_label_fake.npz,Fake,Deepfake,0.4368039146065712,0.07771984487771988,0.49776390194892883,0.28667476773262024,0.9626726508140564,0.35918840765953064
8202-PEKF-vrTi9Q_23_4_label_fake.npz,Fake,Deepfake,0.48109957575798035,0.20244617760181427,0.16037967801094055,0.9996975660324097,0.97919762134552,0.06377683579921722
2CTT98xML9c_205_1--2nuDMfLoWGY_27_label_fake.npz,Fake,Real,0.34457318347262483,0.17039938271045685,0.48528605699539185,5.745459663586416e-10,0.9567538499832153,0.11042662709951401
25677-cbtkoZUOR1A_109_11_label_fake.npz,Fake,Deepfake,0.534791000727273,0.568823516368866,0.4328869879245758,4.840912151848897e-05,0.9835391044616699,0.6886569857597351
19789-gUGPeMAFZtA_79_1_label_fake.npz,Fake,Deepfake,0.45860258634202183,0.6973077058792114,0.06335246562957764,0.002241030102595687,0.9827139973640442,0.5473977327346802
5xBpkc7-w3A_75_2_label_real.npz,Real,Deepfake,0.39622596167027957,0.47914278507232666,0.44087570905685425,0.005374668166041374,0.976162314414978,0.0795743316411972
2679-I5oeY5O5oJI_19_3_label_fake.npz,Fake,Deepfake,0.5305119088938227,0.7189235091209412,0.3287433683872223,6.132903217803687e-05,0.984186589717865,0.620644748210907
W3xHmerC4wM_5_1--MFusQ6Jv5cE_89_2_59_label_fake.npz,Fake,Deepfake,0.3643750041724739,0.4933569133281708,0.11139433085918427,7.437817722832918e-13,0.9497182965278625,0.2674054801464081
2070-pNogULi28gs_87_2_label_fake.npz,Fake,Deepfake,0.5149617595598102,0.4081043303012848,0.010655260644853115,0.9998071789741516,0.9851030111312866,0.17113901674747467
077_e589a0e2_1WuFbrHbnW8_94_5-batch-2025-02-06-13-00-20-351_label_fake.npz,Fake,Deepfake,0.6479950666427612,0.7310152053833008,0.13815197348594666,0.9959486722946167,0.9700629711151123,0.4047965109348297
218_hPxlN7oW-UU_audio_3_512x512_1_1026_withaudio_label_fake.npz,Fake,Deepfake,0.6525146234780551,0.2965075969696045,0.9752019047737122,0.9999909400939941,0.9729130268096924,0.017959648743271828
3557-wGcqFV_alDk_84_1_label_fake.npz,Fake,Deepfake,0.4215604759814994,0.3493841290473938,0.5244547724723816,4.8459895651831175e-08,0.9636978507041931,0.2702655792236328
14934-Fjkw9vYDukg_146_1_label_fake.npz,Fake,Deepfake,0.534389124950394,0.8039683699607849,0.0036896367091685534,0.0028508338145911694,0.9627394676208496,0.8986973166465759
23212-PYRFxrLt30A_42_2_label_fake.npz,Fake,Real,0.23967899512499574,0.07792283594608307,0.11298840492963791,0.24807210266590118,0.7470013499259949,0.012410282157361507
KLyiFfWtoPI_516_3_label_real.npz,Real,Deepfake,0.504579383186935,0.4977453351020813,0.6256912350654602,2.604646498483021e-10,0.9279192686080933,0.47154107689857483
zpEUWKUUxdY_12_5--XpSaYhEhjD0_57_label_fake.npz,Fake,Real,0.3164426144212936,0.39932069182395935,0.013721195980906487,2.2564313969814648e-13,0.9183522462844849,0.2508189380168915
055_7e5055b5.jpg_-qs_Rh-rAbI_79_1_label_fake.npz,Fake,Real,0.2669408761779233,0.36589667201042175,0.005660501308739185,6.9264389779277735e-09,0.9090940356254578,0.0540531650185585
7071-DCeJZTSFTXs_7_1_label_fake.npz,Fake,Deepfake,0.7513790776021779,0.7807703018188477,0.004564250353723764,0.9999955892562866,0.9879236817359924,0.9836415648460388
9cdh5Xebf2w_4_1_label_real.npz,Real,Real,0.24978297965553795,0.25590139627456665,0.03539546951651573,1.4797760741203092e-06,0.9160072803497314,0.0416092723608017
9CECkqcLjp4_1919_10_label_real.npz,Real,Deepfake,0.5966847434639931,0.49295350909233093,0.9873480796813965,0.09331027418375015,0.9195483922958374,0.4902634620666504
588-GrQO5stiREI_130_1_label_fake.npz,Fake,Deepfake,0.4079178532585502,0.2765287458896637,0.007628331892192364,0.36655017733573914,0.9449487924575806,0.4439332187175751
26600-WowrvQ9h9ao_43_2_label_fake.npz,Fake,Real,0.3446561832912322,0.5576992630958557,0.006126458290964365,2.8010583354729293e-14,0.9756931662559509,0.18376202881336212
083_16b5e7ab_MxlocFNdoXg_797_2-batch-2025-02-05-13-35-36-78_label_fake.npz,Fake,Real,0.30879032015837504,0.5580087900161743,0.004275921732187271,1.8512825820937717e-12,0.9272431135177612,0.054423775523900986
26295-mHii80xikXs_1043_1_label_fake.npz,Fake,Deepfake,0.5627981116995215,0.7526369094848633,0.011784370057284832,0.16406860947608948,0.9859387874603271,0.899561882019043
j-SnQH4ewHU_90_1--zpEUWKUUxdY_41_4_5_label_fake.npz,Fake,Real,0.3223216399550472,0.3649764955043793,0.10501351207494736,1.6946913436368533e-14,0.8857328295707703,0.25588536262512207
29898_LUn8IjZKBPg_96_2_label_fake.npz,Fake,Deepfake,0.36998001040783923,0.25926703214645386,0.5462393164634705,1.0439591591193675e-07,0.9711350202560425,0.07325857877731323
21945-BJr-6o-eYLc_80_2_label_fake.npz,Fake,Real,0.22363507645204664,0.08395467698574066,0.0064641754142940044,0.08171429485082626,0.9336564540863037,0.012385780923068523
14030-o3KMJLxjdoM_59_3_label_fake.npz,Fake,Real,0.04485173180582933,0.10844236612319946,0.014334915205836296,0.0002090759517159313,0.09112296998500824,0.010149331763386726
j-SnQH4ewHU_99_2_label_real.npz,Real,Real,0.29563073795986416,0.28641924262046814,0.011276467703282833,3.4880608817955405e-11,0.9428192377090454,0.23763874173164368
002_f6b26479.jpg_-aDPCjQeWQs_327_1_label_fake.npz,Fake,Real,0.2800319816352839,0.3126634657382965,0.024972226470708847,2.467722651999793e-06,0.9842172861099243,0.0783044621348381
238_5xBpkc7-w3A_52_1_audio_short_512x512_1_0732_withaudio_label_fake.npz,Fake,Real,0.28602295616874474,0.08398748934268951,0.3510207235813141,0.0005908024613745511,0.9667889475822449,0.02772681787610054
294_XJmuXrN2cQA_336_12_512x512_1_0112_withaudio_label_fake.npz,Fake,Real,0.27790196544970774,0.21012571454048157,0.07554835081100464,3.4996378017737584e-10,0.9509285688400269,0.15290719270706177
02756_qxiG3Ycr0oM_label_fake.npz,Fake,Real,0.28936264340858314,0.2991848587989807,0.15341772139072418,6.860634016447875e-07,0.9687203764915466,0.025489574298262596
Iy1E-yjDyFA_58_1--C3BJ-Ho09EU_71_label_fake.npz,Fake,Real,0.23830670341849522,0.15933483839035034,0.01781194657087326,9.692559051915385e-15,0.9717642068862915,0.04262252524495125
14177-SWHweN9WlkU_72_2_label_fake.npz,Fake,Real,0.25438161566853523,0.07947976887226105,0.11425729840993881,0.04676090553402901,0.9364373683929443,0.09497273713350296
VvyPZwhivKQ_57_1--29316-LUn8IjZKBPg_77_2_label_fake.npz,Fake,Deepfake,0.4191964828758501,0.5106126666069031,0.24238428473472595,3.079761518165469e-05,0.9546642303466797,0.3882904350757599
020_c1a8bc2c_oeyLwy8sJhA_2_1-batch-2025-02-10-11-34-42-167_label_fake.npz,Fake,Deepfake,0.45923317918495743,0.503352701663971,0.6216216087341309,7.40413524908945e-05,0.8622651100158691,0.3088524341583252
350_NEEN8fSBuWI_56_1_512x512_1_1803_withaudio_label_fake.npz,Fake,Real,0.30335319172590974,0.17643511295318604,0.16676051914691925,0.18331901729106903,0.975179135799408,0.015072173438966274
07491-iuWDrafnyio_60_1_label_fake.npz,Fake,Deepfake,0.5976067185401925,0.45577216148376465,0.7777428030967712,4.468424904451127e-15,0.967481255531311,0.7870373725891113
VifDzyPgBNg_216_4_label_real.npz,Real,Deepfake,0.36271467309079813,0.5728528499603271,0.3718963861465454,1.0598810717965534e-08,0.8534014225006104,0.015422696247696877
388_Aw0sYFVWyWw_audio_3_512x512_1_1026_withaudio_label_fake.npz,Fake,Deepfake,0.5325259741395711,0.6253126859664917,0.029760362580418587,0.9979988932609558,0.9758220314979553,0.03373589739203453
470_8Kr-holll-Y_audio_2_label_fake.npz,Fake,Deepfake,0.42780142724516557,0.763322114944458,0.22042471170425415,1.27607221122282e-13,0.9658291935920715,0.1894311159849167
020_c1a8bc2c_DR5IQXWY_uA_193_1-batch-2025-02-06-13-00-20-413_label_fake.npz,Fake,Real,0.32076571956657496,0.4970718324184418,0.010889376513659954,8.400933282359802e-09,0.9283677935600281,0.1674995869398117
111_BlgjnJ9y3oE_426_1_512x512_1_1803_withaudio_label_fake.npz,Fake,Real,0.27738283799292446,0.30837592482566833,0.02134908176958561,1.9223391767297926e-09,0.9622583985328674,0.09493078291416168
147_8wx4wssZgfo_73_6_label_fake.npz,Fake,Real,0.3145823438001217,0.23033705353736877,0.0012944136979058385,2.3924372899442048e-11,0.9669633507728577,0.37431690096855164
FLfyjfbThfA_94_1_label_real.npz,Real,Real,0.10515376945110476,0.1521257907152176,0.008107165805995464,5.077896783611813e-11,0.34593239426612854,0.01960349641740322
02115.png_T1cTlK8k_6g_116_1_label_fake.npz,Fake,Deepfake,0.4600269846618176,0.6717185378074646,0.05398842319846153,2.0208086884758245e-17,0.9808270931243896,0.593600869178772
27825.png_Jy-bPwwFxhk_61_1_label_fake.npz,Fake,Real,0.3016164303497419,0.29153090715408325,0.010290534235537052,5.900906785427651e-08,0.9225835204124451,0.2836771309375763
02510_bv70OtX10G0_2_1_label_fake.npz,Fake,Real,0.08271150700747967,0.10344159603118896,0.10991638898849487,1.52600179334252e-19,0.18334800004959106,0.016851549968123436
10469_WowrvQ9h9ao_90_2_audio_short_512x512_1_0557_withaudio_label_fake.npz,Fake,Real,0.20617564400763452,0.14390183985233307,0.0007525312248617411,5.183819692944347e-11,0.8771262168884277,0.009097632020711899
063_fe99146b.jpg_eWj2-6q2ybk_267_1_label_fake.npz,Fake,Real,0.33070284682326223,0.640744149684906,0.0006070712115615606,9.872836462211307e-15,0.9660502076148987,0.04611280560493469
307_hPxlN7oW-UU_audio_2_62_label_fake.npz,Fake,Real,0.22375837611036636,0.09110554307699203,0.005747894290834665,1.0619544794313734e-13,0.9494850039482117,0.07245343923568726
29948.png_28Z-aq2wk60_82_2_label_fake.npz,Fake,Deepfake,0.4703036529244855,0.7618982195854187,0.07349730283021927,0.001300318748690188,0.9721607565879822,0.5426616668701172
zpEUWKUUxdY_12_9_label_real.npz,Real,Deepfake,0.3866275668144227,0.5183348655700684,0.22960993647575378,1.812325011553163e-18,0.960520327091217,0.22467270493507385
rxLBonV9-4Y_43_3--25493-a0MIIwPGYB4_48_1_label_fake.npz,Fake,Real,0.34074992299938456,0.41175660490989685,0.02188764326274395,4.178774179308675e-05,0.9743820428848267,0.29568153619766235
40_oGo0qpktVW0_1080p_153_1_512x512_1_1803_withaudio_label_fake.npz,Fake,Deepfake,0.4363943949341774,0.21010489761829376,0.0685122162103653,0.999651312828064,0.8852481842041016,0.01845536381006241
dTeNSc1Sp28_0_46_label_real.npz,Real,Real,0.19132343139499428,0.07855034619569778,0.015570295974612236,0.2610504627227783,0.5945358872413635,0.006910164840519428
12722.png_SzhK7Q-pY0U_1_103_label_fake.npz,Fake,Real,0.3371820669622228,0.5512070059776306,0.018785124644637108,4.994267261033969e-13,0.9795293211936951,0.1363888829946518
zpEUWKUUxdY_9_11_label_real.npz,Real,Deepfake,0.35217179656068526,0.37473544478416443,0.2630471885204315,1.9887594175649337e-12,0.9854186773300171,0.13765767216682434
21496-0juLRi90kRg_54_1_label_fake.npz,Fake,Deepfake,0.597428546845913,0.34431108832359314,0.08750887960195541,0.9841326475143433,0.989625871181488,0.5815642476081848
00064_Y7ZKnBkWoHM_audio_2_label_fake.npz,Fake,Deepfake,0.4585008520632982,0.12847603857517242,0.27945536375045776,0.9609528183937073,0.8950668573379517,0.028553182259202003
104_beITuzgzIbo_audio_3_512x512_1_1026_withaudio_label_fake.npz,Fake,Deepfake,0.3881160467675727,0.4690535068511963,0.008308565244078636,9.337346455140505e-06,0.9715890884399414,0.491619735956192
01937_VwGAwKPTk3I_audio_3_label_fake.npz,Fake,Deepfake,0.3813016716128914,0.18620531260967255,0.11055558919906616,0.00017474764899816364,0.9816176295280457,0.6279550790786743
21687-ADTwFvHACE4_55_1_label_fake.npz,Fake,Real,0.23782049018406012,0.13490614295005798,0.0035528854932636023,7.674414437275345e-10,0.9628130793571472,0.08783034235239029
145_PmI4qnTpL0E_246_6_512x512_1_0533_withaudio_label_fake.npz,Fake,Real,0.22621144391596318,0.1168655976653099,0.02104851044714451,3.7833163169224516e-22,0.9739032983779907,0.019239813089370728
04966.png_dFiwhwAHNMw_26_1_label_fake.npz,Fake,Deepfake,0.46890066770512473,0.5752778053283691,0.005329484585672617,5.425816462789612e-10,0.9796653389930725,0.7842307090759277
14182-fmc0Pk8A0T0_7_1_label_fake.npz,Fake,Deepfake,0.4736414641141892,0.43371590971946716,0.5241551399230957,0.7960497736930847,0.13532207906246185,0.4789644181728363
21235-BJr-6o-eYLc_76_1_label_fake.npz,Fake,Deepfake,0.36810732304316185,0.5335204005241394,0.0002408680593362078,1.5135141140376618e-08,0.9367772340774536,0.36999809741973877
A-BRu8z7ztk_33_1--16069-d2om_PGtwWY_7_2_label_fake.npz,Fake,Deepfake,0.4105405677975569,0.38330525159835815,0.12007125467061996,9.857720897343825e-07,0.9718033075332642,0.5775220394134521
127_e0GahnJx-Sc_102_1_512x512_1_0112_withaudio_label_fake.npz,Fake,Deepfake,0.5529272206127643,0.1987912952899933,0.7241840362548828,0.8610546588897705,0.9625824689865112,0.018023643642663956
wtCogf-htV0_156_2_label_real.npz,Real,Deepfake,0.5308270946145057,0.7953362464904785,0.4640374779701233,0.10888395458459854,0.9606045484542847,0.3252732455730438
29554_BhwnAYvzhm4_33_1_label_fake.npz,Fake,Real,0.30050012990832325,0.29574054479599,0.06999640166759491,0.027054976671934128,0.9721508622169495,0.13755786418914795
q1vwJHBVQSk_35_4--3222-itFwx1CZM9I_104_3_label_fake.npz,Fake,Deepfake,0.6669880986213684,0.5279697179794312,0.29043567180633545,0.8865448832511902,0.9798561334609985,0.6501340866088867
4109-u6akTRg2ecw_99_2_label_fake.npz,Fake,Deepfake,0.5096905797719955,0.62347412109375,0.09989959001541138,0.17375622689723969,0.9823749661445618,0.6689479947090149
20032.png_vwmz_YhDYtc_0_1_label_fake.npz,Fake,Deepfake,0.432868911351158,0.5534200668334961,0.2068321704864502,3.7379034978357595e-08,0.9864133596420288,0.41767892241477966
VGCRcRs-jkE_67_1--2nuDMfLoWGY_26_label_fake.npz,Fake,Deepfake,0.42526649248169995,0.5253485441207886,0.48528605699539185,5.745459663586416e-10,0.9453998804092407,0.17029798030853271
wdNhtZOGxBw_256_1_25fps--25464_TkkHKU_lLqU_37_5_25fps_label_fake.npz,Fake,Deepfake,0.6586147010326386,0.6594251990318298,0.350633829832077,0.622420608997345,0.9429769515991211,0.7176169157028198
19846-mRNCLRo9JAM_13_1_label_fake.npz,Fake,Deepfake,0.5281220100820065,0.30539533495903015,0.05537987872958183,0.9455310702323914,0.9613479971885681,0.3729557693004608
11887-Lcbr99pQZOU_80_1_label_fake.npz,Fake,Deepfake,0.3582648694537025,0.3860553205013275,0.16961798071861267,1.0898422789229478e-11,0.9143807888031006,0.32127025723457336
q1vwJHBVQSk_27_3--8183-pzdnuEa8a20_149_2_label_fake.npz,Fake,Deepfake,0.406824439049391,0.5090299844741821,0.041713979095220566,1.5213096060673337e-10,0.9675032496452332,0.515874981880188
52752_GiRZf3AUfW0_2_42_label_fake.npz,Fake,Real,0.3377034196263594,0.29427003860473633,0.0009904148755595088,1.5897007870080415e-06,0.9755874276161194,0.4176676273345947
097_d6f6f9cf.jpg_2CTT98xML9c_181_1_label_fake.npz,Fake,Deepfake,0.38792720399796965,0.34774312376976013,0.03490636497735977,0.5499793291091919,0.9805474281311035,0.026459774002432823
25315-I2s4msDXNgw_32_1_label_fake.npz,Fake,Deepfake,0.3630737478733148,0.4341781437397003,0.11916594952344894,5.066437491763054e-09,0.8298653960227966,0.4321592450141907
21795_I5oeY5O5oJI_53_9_label_fake.npz,Fake,Deepfake,0.4424899607896805,0.23491382598876953,0.976325273513794,0.0341678261756897,0.9225406646728516,0.04450221359729767
49586_6cKTSj4a8bQ_138_5_audio_short_512x512_1_1655_withaudio_label_fake.npz,Fake,Deepfake,0.48958990989776796,0.2184707075357437,0.47542133927345276,0.0002244471834274009,0.9406115412712097,0.8132215142250061
197_WXGfdzE7hhI_57_2_512x512_1_0112_withaudio_label_fake.npz,Fake,Deepfake,0.3991047766263927,0.438876211643219,0.2974356710910797,1.3140661003774312e-08,0.9752480983734131,0.2839638888835907
494_4DXBHgW9NlI_280_12-batch-2025-02-06-13-00-20-296_label_fake.npz,Fake,Deepfake,0.515961369298202,0.33126893639564514,0.7561525106430054,7.4030076575581916e-06,0.9862819314002991,0.5060960650444031
12450-DCeJZTSFTXs_8_7_label_fake.npz,Fake,Real,0.23030605443429977,0.17225313186645508,0.0011359427589923143,2.808707222357043e-07,0.946161150932312,0.0319797657430172
kQPvtHeUUfU_91_1_label_real.npz,Real,Deepfake,0.38689752649515874,0.42466241121292114,0.012752479873597622,0.36802342534065247,0.9300745129585266,0.19897480309009552
18008_ADTwFvHACE4_15_3_label_fake.npz,Fake,Real,0.21566275790537476,0.08956639468669891,0.00655834935605526,1.6687634342815727e-05,0.9757131338119507,0.006459224037826061
u-X671JqQWA_71_204_label_real.npz,Real,Deepfake,0.5366475833129699,0.7968803644180298,0.16972030699253082,2.196764853579225e-06,0.8950980305671692,0.8215370178222656
2463-_W4Em_fHubY_78_1_label_fake.npz,Fake,Deepfake,0.5176357701421916,0.747565746307373,0.07907912880182266,5.666860752352731e-13,0.9871402382850647,0.7743937373161316
257_W9C4OBc6El4_182_1_label_fake.npz,Fake,Deepfake,0.42434238421556075,0.4265771806240082,0.21940642595291138,0.00022868452651891857,0.9918743968009949,0.48362523317337036
94_XblD1mtXBWY_84_1_512x512_1_1647_withaudio_label_fake.npz,Fake,Real,0.2810571798123419,0.2804655134677887,0.11519972234964371,0.0031782430596649647,0.9750807285308838,0.031361691653728485
mHii80xikXs_5817_1_label_real.npz,Real,Real,0.2940621890012608,0.4729889929294586,0.004372654482722282,2.33011155614804e-06,0.8930644392967224,0.09988252818584442
021_2d9dd3a2_dqFjx2I4KXg_26_1_label_fake.npz,Fake,Deepfake,0.4570541681084642,0.6134829521179199,0.212188720703125,6.127405804967623e-10,0.970592200756073,0.48900696635246277
22176-H_c_crxV9O8_19_1_label_fake.npz,Fake,Deepfake,0.4351013794541359,0.6739651560783386,0.11758378893136978,0.11978203058242798,0.9600714445114136,0.3041044771671295
7032-z7wk53Pt_0E_14_1_label_fake.npz,Fake,Deepfake,0.6836721135303379,0.730260968208313,0.012306309305131435,0.9497953653335571,0.9724190831184387,0.7535788416862488
388_oTElQFuLr7o_70_1_512x512_1_0112_withaudio_label_fake.npz,Fake,Deepfake,0.48373656198382375,0.4344451129436493,0.9575762152671814,0.042371951043605804,0.9680763483047485,0.016213182359933853
22486-cbtkoZUOR1A_109_12_label_fake.npz,Fake,Deepfake,0.4729417979368009,0.5138766169548035,0.3733174800872803,1.6629521269351244e-05,0.9914798736572266,0.4860183894634247
177_KNktDoYajMk_192_1_label_fake.npz,Fake,Deepfake,0.36204688437283045,0.6059781312942505,0.010879823938012123,8.799809986183594e-19,0.9718928933143616,0.22148357331752777
-19DTZ6_d6U_510_2--2NlEdgEI_mc_65_5_394_label_fake.npz,Fake,Deepfake,0.41387636561375984,0.6439495086669922,0.0024302725214511156,2.027803384407889e-05,0.9842008948326111,0.43878087401390076
9DTxDmLwFb8_154_28_label_real.npz,Real,Deepfake,0.4586897425322456,0.6675580739974976,0.03675176948308945,3.7097545035891244e-09,0.8394138216972351,0.7497250437736511
490_XblD1mtXBWY_4_1-batch-2025-02-06-13-00-20-452_label_fake.npz,Fake,Deepfake,0.4226754622533918,0.4126882553100586,0.2633601129055023,0.004923501051962376,0.9844783544540405,0.4479270875453949
3785-3NYH-zyIfZY_62_1_label_fake.npz,Fake,Deepfake,0.46018677560496146,0.8528236746788025,0.07274651527404785,0.0003695889317896217,0.9636561870574951,0.4113379120826721
17599-mRNCLRo9JAM_31_16_label_fake.npz,Fake,Real,0.2781581811606884,0.22959403693675995,0.03707190230488777,0.1068086177110672,0.9676175117492676,0.0496988371014595
29400-squ9XOfBKaY_17_3_label_fake.npz,Fake,Deepfake,0.41932461333581156,0.5468441247940063,0.14323900640010834,8.124724445224274e-06,0.9848108291625977,0.4217209815979004
T1cTlK8k_6g_108_1_label_real.npz,Real,Real,0.32796481996774673,0.30425402522087097,0.02127227932214737,1.9596655241884055e-18,0.9378595948219299,0.3764382004737854
417_2Y7VppSRztU_0_2-batch-2025-02-04-10-00-57-137_label_fake.npz,Fake,Real,0.31343695148836187,0.44703999161720276,0.0954272449016571,5.271185506312837e-13,0.9727434515953064,0.05197406932711601
09704_u6akTRg2ecw_104_1_audio_short_512x512_1_1655_withaudio_label_fake.npz,Fake,Real,0.22894119587900943,0.08314529806375504,0.06239001452922821,2.4153315458796953e-10,0.9825611710548401,0.016609495505690575
PqumaD82tcI_153_17_label_real.npz,Real,Real,0.20584176033735277,0.18804402649402618,0.032509319484233856,0.5411098003387451,0.22220177948474884,0.045343875885009766
421_p549xMw_urc_24_1_512x512_1_0112_withaudio_label_fake.npz,Fake,Real,0.24884395557455719,0.25865915417671204,0.0013606941793113947,0.0036636716686189175,0.9590659141540527,0.021470343694090843
28123-6w9ikJPzTOA_40_1_label_fake.npz,Fake,Deepfake,0.45093259252607826,0.6167773008346558,0.013266706839203835,0.06644869595766068,0.9674283266067505,0.5907419323921204
037_c035b16e-AsrSRZTj2Tk_109_19_label_fake.npz,Fake,Deepfake,0.4921085052192211,0.5357297658920288,0.5967504978179932,0.055951621383428574,0.8668698668479919,0.4052407741546631
9C7jAAxWnqA_245_3--20568-awNrju1X3zc_58_1_label_fake.npz,Fake,Deepfake,0.38197333044633136,0.6684691309928894,0.0022951574064791203,2.4586233049461725e-10,0.9101983308792114,0.32890403270721436
DaRstA12CeI_596_1_label_real.npz,Real,Real,0.3095097498152427,0.30006539821624756,0.35347071290016174,5.0631929298106115e-06,0.8502746224403381,0.04373295232653618
25525-xGCuF-h-XVc_75_1_label_fake.npz,Fake,Deepfake,0.37920756936073324,0.450613796710968,0.029698699712753296,8.443263593504676e-16,0.8911715745925903,0.5245537757873535
33475_DbQjrA9VPjY_34_1_audio_short_512x512_1_0732_withaudio_label_fake.npz,Fake,Real,0.32007481753826145,0.16555039584636688,0.09106799960136414,0.2385943979024887,0.9504624605178833,0.15469883382320404
SDMFBIhN9fw_525_1_label_real.npz,Real,Deepfake,0.4132970511938341,0.3567734360694885,0.9490634799003601,1.2520701489493469e-11,0.43698927760124207,0.3236590623855591
5195-ZMs-gVbhNIY_28_1_label_fake.npz,Fake,Deepfake,0.6517005681991578,0.5758035182952881,0.23247098922729492,0.9999991655349731,0.9158310890197754,0.534398078918457
329_aEjFTuGdxKo_1_1_audio_short_512x512_1_1652_withaudio_label_fake.npz,Fake,Deepfake,0.3924692759173923,0.5441324710845947,0.38077619671821594,0.000205133983399719,0.9439849257469177,0.09324765205383301
24413_647itg-A_aw_44_1_audio_short_512x512_1_0732_withaudio_label_fake.npz,Fake,Real,0.31983897691557106,0.30066609382629395,0.17058180272579193,2.2950564471102552e-06,0.9095662832260132,0.21837840974330902
21292-CWEWBgVwFc8_40_1_label_fake.npz,Fake,Deepfake,0.5526338495314121,0.43838557600975037,0.32231923937797546,0.9517872333526611,0.9907797574996948,0.059897441416978836
498_78p4J0EEepU_6_2-batch-2025-02-06-13-00-20-432_label_fake.npz,Fake,Deepfake,0.3730037874600385,0.3327624201774597,0.645341157913208,2.944798325188458e-05,0.6299496293067932,0.25693628191947937
077_d8ba3326_MHvzDoRT2EQ_48_1_label_fake.npz,Fake,Deepfake,0.4324838921427796,0.6253898739814758,0.06036975234746933,3.4515301722401123e-14,0.9572018980979919,0.5194579362869263
27651_53GIoeOAam4_40_5_label_fake.npz,Fake,Real,0.21398068366885356,0.081210196018219,0.00921926461160183,6.13898123447143e-08,0.9406035542488098,0.03887034207582474
12983-C95B9sgbmOc_19_7_label_fake.npz,Fake,Deepfake,0.37027481538243595,0.33582067489624023,0.0010437399614602327,0.009173079393804073,0.9507090449333191,0.554627537727356
02277_EoZRPfVRY7I_audio_3_label_fake.npz,Fake,Deepfake,0.3709518992760954,0.3418630063533783,0.03450263664126396,6.751109116187592e-10,0.9746068716049194,0.5037869811058044
15893-cHjvhDTfItA_19_4_label_fake.npz,Fake,Deepfake,0.36183823474997756,0.4715620279312134,0.06057923287153244,4.364820682667414e-08,0.9581781029701233,0.31887176632881165
79_HBavab-BVJ8_3_1_512x512_1_0112_withaudio_label_fake.npz,Fake,Deepfake,0.6278181493282318,0.17754243314266205,0.9005420804023743,1.0,0.9674245715141296,0.0935816615819931
099_d22b8b8b.jpg_dTeNSc1Sp28_16_1_label_fake.npz,Fake,Real,0.2647906947880983,0.0742751955986023,0.16312912106513977,0.10353311896324158,0.9677250981330872,0.015290940180420876
008_d1f87068_O6WbFpXUI0E_84_1_label_fake.npz,Fake,Real,0.27306176424026485,0.23479576408863068,0.03428211063146591,0.0631505474448204,0.9629976749420166,0.07008272409439087
ybfyLfI5Ml0_74_1_label_real.npz,Real,Real,0.31151831969618793,0.31483566761016846,0.05946985259652138,0.10790366679430008,0.9464728832244873,0.12890952825546265
15895-I-B_Oa6_eNU_113_1_label_fake.npz,Fake,Deepfake,0.4212150026112795,0.20039522647857666,0.0362834706902504,0.8618951439857483,0.9827924370765686,0.024708734825253487
064_84cdff70_XblD1mtXBWY_55_5_label_fake.npz,Fake,Real,0.2484113451209851,0.14233626425266266,0.08387098461389542,0.000816805346403271,0.9759278297424316,0.03910484164953232
18370-UPHmXouXHdM_1_4_label_fake.npz,Fake,Deepfake,0.5278458508517361,0.7638460993766785,0.0758260115981102,7.1464310167357326e-06,0.9893485307693481,0.8102014660835266
079_fd41500f_MxlocFNdoXg_797_2-batch-2025-02-09-17-27-49-1_label_fake.npz,Fake,Deepfake,0.4021827258174544,0.8665481805801392,0.004275921732187271,2.4464117797523555e-12,0.9805182218551636,0.1595713049173355
399_EKwa4XXZdPE_69_1_512x512_1_0112_withaudio_label_fake.npz,Fake,Real,0.24329128745865136,0.1317964792251587,0.06994275003671646,2.0298923431028015e-08,0.9765908718109131,0.03812631592154503
GrQO5stiREI_130_1_label_real.npz,Real,Real,0.2704410906881094,0.14003029465675354,0.008445950224995613,0.20653891563415527,0.9482594132423401,0.048930879682302475
14781-4DNuopwIbbU_110_1_label_fake.npz,Fake,Deepfake,0.6935377299785614,0.6105592846870422,0.5042133927345276,0.9202510118484497,0.9522954821586609,0.4803694784641266
mCwiflF4BmE_190_3_label_real.npz,Real,Real,0.3348733434686438,0.32827648520469666,0.054805878549814224,0.0017903457628563046,0.9783289432525635,0.31116506457328796
c-3fX59C_BU_0_257--OprPPstAfSg_58_10_33_label_fake.npz,Fake,Real,0.32131065593275704,0.3451248109340668,0.2107842117547989,0.0002229817764600739,0.9566566348075867,0.09376464039087296
496_SSK5FwoCwyU_label_fake.npz,Fake,Real,0.2880516672219706,0.3221023678779602,0.006635766942054033,3.2205019206976715e-10,0.9740676283836365,0.13745257258415222
03955_6Hh5ba8gpfw_audio_2_label_fake.npz,Fake,Deepfake,0.42397604237785486,0.20600329339504242,0.9206953048706055,1.281030170829922e-09,0.9607740044593811,0.03240760788321495
I-B_Oa6_eNU_37_2--12105-ADTwFvHACE4_31_1_label_fake.npz,Fake,Real,0.23947091820518834,0.13241736590862274,0.00541030103340745,4.5087228500051424e-05,0.9850054979324341,0.07447633892297745
19354-YHiV0rUyg0U_3_1_label_fake.npz,Fake,Real,0.2021323258057402,0.08559217303991318,0.010850545950233936,8.248329590957587e-14,0.890720009803772,0.02349890023469925
11395.png_9CECkqcLjp4_1524_1_label_fake.npz,Fake,Deepfake,0.5613935828208924,0.47686630487442017,0.9042004942893982,1.0331448793095873e-16,0.9202439785003662,0.5056571364402771
1889-sw2V54gc-iQ_77_2_label_fake.npz,Fake,Deepfake,0.3871805179762305,0.403820276260376,0.09384869784116745,3.13538548653014e-05,0.9787353873252869,0.4594668745994568
7424_ADTwFvHACE4_116_2_label_fake.npz,Fake,Deepfake,0.45672613866627226,0.23425188660621643,0.3784947991371155,0.6638281345367432,0.9843348860740662,0.02272098697721958
20404-dMfH7JbxZdY_61_1_label_fake.npz,Fake,Real,0.2897467897893876,0.2680186927318573,0.07148240506649017,5.029917701904196e-06,0.9732591509819031,0.1359686702489853
180_WXGfdzE7hhI_30_1-batch-2025-02-03-22-17-41-25_label_fake.npz,Fake,Deepfake,0.3576984686776996,0.5865110754966736,0.005971758626401424,0.05148196965456009,0.9725655317306519,0.17196200788021088
494_ktHQEAF3mEM_85_2-batch-2025-02-09-17-16-07-1_label_fake.npz,Fake,Deepfake,0.3543340011892724,0.5003034472465515,0.08488011360168457,6.86419298290275e-05,0.9693640470504761,0.21705375611782074
24288-Vv8CRc5L1kM_59_1_label_fake.npz,Fake,Real,0.30485760406591,0.3641605079174042,0.05344245210289955,0.0018661797512322664,0.8795765042304993,0.22524237632751465
26760_647itg-A_aw_39_2_audio_short_512x512_1_0732_withaudio_label_fake.npz,Fake,Deepfake,0.46492660983140865,0.36306458711624146,0.07703930139541626,4.6875854309291753e-08,0.9829365015029907,0.9015926122665405
OAzp-7yY0FQ_61_2--22236-I5oeY5O5oJI_37_8_label_fake.npz,Fake,Deepfake,0.494086861181836,0.5856555104255676,0.4439352750778198,4.4489195261121495e-07,0.9532463550567627,0.487596720457077
7594-ADTwFvHACE4_29_2_label_fake.npz,Fake,Real,0.14582857300993055,0.07333938777446747,0.02203540690243244,7.856253068894148e-05,0.6278542876243591,0.005835220217704773
3357-O1JxQ9OyJRQ_107_4_label_fake.npz,Fake,Deepfake,0.4421211662127462,0.5480985045433044,0.11953523755073547,1.9432223780313507e-05,0.9477881789207458,0.5951644778251648
1P9nl9tBK38_362_1_545_label_fake.npz,Fake,Real,0.2392746064308085,0.17298854887485504,0.019539956003427505,5.772085387434345e-06,0.9351878762245178,0.06865087896585464
d2om_PGtwWY_14_1_label_real.npz,Real,Deepfake,0.36382504037901525,0.3920542299747467,0.021492280066013336,3.10133837047033e-05,0.9713356494903564,0.4342120289802551
_-nNx99qK4A_94_1_label_real.npz,Real,Deepfake,0.4488443597302876,0.5138593912124634,0.08499674499034882,1.3183286000639782e-06,0.9681620597839355,0.6772022843360901
trimmed_sba-i5-e3WY_928_3--103_62ywI44YAxQ_30_7_25fps_25fps_label_fake.npz,Fake,Deepfake,0.4880252868812619,0.5762249827384949,0.469684898853302,4.5141248961044766e-08,0.9544892311096191,0.4397272765636444
Lqg5fiwIQso_54_4--624-53GIoeOAam4_40_5_label_fake.npz,Fake,Deepfake,0.4173859160478214,0.6021003127098083,0.011811327189207077,9.35559452130974e-09,0.9499278664588928,0.5230900645256042
18726-lSCTGJbObOg_100_3_label_fake.npz,Fake,Deepfake,0.36959393657743933,0.21730904281139374,0.08412070572376251,0.5444251894950867,0.9858251214027405,0.016289623454213142
10996-fAh51cqF86I_14_1_label_fake.npz,Fake,Deepfake,0.4222641602158546,0.6413182616233826,0.2451750636100769,0.2518858015537262,0.9211702942848206,0.051771380007267
271_PXdPmUJN6k0_74_16_label_fake.npz,Fake,Deepfake,0.43572651983704425,0.6275247931480408,0.06633766740560532,0.0018572703702375293,0.9894132018089294,0.49349966645240784
11549_HUqaEI0dweE_23_2_label_fake.npz,Fake,Real,0.27055168248842854,0.2021733522415161,0.15767790377140045,3.6992781815570197e-07,0.9283446669578552,0.0645621195435524
26435-wnwjcJfC-1U_81_1_label_fake.npz,Fake,Deepfake,0.37810895491065555,0.38626161217689514,0.012590259313583374,2.4051451941176083e-09,0.9653521180152893,0.5263407826423645
VuJbzKpbIVk_9_2--28697-lSCTGJbObOg_189_3_label_fake.npz,Fake,Deepfake,0.4644430007785559,0.739868700504303,0.21473385393619537,0.0029329638928174973,0.9616611003875732,0.40301838517189026
28366_I5oeY5O5oJI_59_5_label_fake.npz,Fake,Deepfake,0.4942158967955038,0.6233400702476501,0.1279473900794983,0.0015973601257428527,0.9860390424728394,0.7321556210517883
90_dcvbo-RdeWw_1_33_label_fake.npz,Fake,Deepfake,0.459065350890858,0.6924023032188416,0.0915447324514389,3.4919794920235114e-12,0.9826448559761047,0.5287348628044128
11633-6w9ikJPzTOA_30_1_label_fake.npz,Fake,Deepfake,0.4921008422970772,0.7205448746681213,0.09829837828874588,0.15400972962379456,0.9676758646965027,0.5199753642082214
496__LL3BSLGscY_0_1-batch-2025-02-06-13-00-20-307_label_fake.npz,Fake,Deepfake,0.37819673881179194,0.611430287361145,0.06768926233053207,7.572819038514922e-10,0.8691428899765015,0.34272125363349915
438_2gOvQIMWbCY_41_3_audio_short_512x512_1_0732_withaudio_label_fake.npz,Fake,Deepfake,0.35269265172413494,0.18541507422924042,0.15455316007137299,4.171099021732516e-07,0.9809580445289612,0.4425365626811981
14930-JJPfmH5r99k_28_1_label_fake.npz,Fake,Deepfake,0.6089177399873734,0.13981400430202484,0.3245358169078827,0.9977826476097107,0.9291492104530334,0.6533070206642151
3845-A-BRu8z7ztk_0_1_label_fake.npz,Fake,Deepfake,0.47243548037658917,0.6415166854858398,0.004629030358046293,7.118341454770416e-05,0.9855344295501709,0.7304260730743408
_OpXjs-PM8M_2_202_18_label_fake.npz,Fake,Real,0.2923511933671022,0.30118030309677124,0.0305949654430151,6.784201672660473e-11,0.9832404255867004,0.14674027264118195
13924-cbtkoZUOR1A_109_11_label_fake.npz,Fake,Deepfake,0.4287252863679896,0.3934786021709442,0.4328869879245758,4.840912151848897e-05,0.9830331206321716,0.3341793119907379
23321_lSCTGJbObOg_188_5_label_fake.npz,Fake,Real,0.2644673440296629,0.0657615065574646,0.31585320830345154,7.612018180225277e-07,0.9365951418876648,0.004126102197915316
15759-3NYH-zyIfZY_11_1_label_fake.npz,Fake,Deepfake,0.6660222858190536,0.8729009032249451,0.18832509219646454,0.7168569564819336,0.9774720072746277,0.5745564699172974
025_61e2c5e5_c-3fX59C_BU_0_242-batch-2025-02-06-00-06-46-77_label_fake.npz,Fake,Real,0.25314671173415493,0.2180584967136383,0.01836378686130047,8.007992846614798e-08,0.9260265827178955,0.10328461229801178
59376_Mb-ynUI4Me4_65_2_audio_short_512x512_1_0933_withaudio_label_fake.npz,Fake,Real,0.25138099882083226,0.12523774802684784,0.15770553052425385,1.0179021501244279e-06,0.9490315914154053,0.02492910623550415
14002.png_eWj2-6q2ybk_258_2_label_fake.npz,Fake,Real,0.29817478831830047,0.3448869287967682,0.011643633246421814,1.1306119063192455e-07,0.8106340169906616,0.32370924949645996
V7xSEBur89E_6_837_321_label_fake.npz,Fake,Real,0.31872595003806053,0.17575302720069885,0.7398338317871094,0.000735374866053462,0.549953818321228,0.127353698015213
-19DTZ6_d6U_596_1_label_real.npz,Real,Real,0.271982028509956,0.3723565638065338,0.0007795513956807554,6.544339604329071e-16,0.9245806336402893,0.06219339370727539
25241.png_jyXGeTx0ttw_461_4_label_fake.npz,Fake,Deepfake,0.5215408006492809,0.38596102595329285,0.786631166934967,4.926500452029359e-08,0.9515316486358643,0.4835801124572754
2096-Uk6sPnRL0WQ_10_1_label_fake.npz,Fake,Real,0.28890786223637405,0.0769106075167656,0.2969529330730438,4.107903805561364e-06,0.8774204254150391,0.19325123727321625
8624_d2om_PGtwWY_35_1_label_fake.npz,Fake,Real,0.24648818969726563,0.07976451516151428,0.06359651684761047,0.08655358850955963,0.8694671988487244,0.13305912911891937
27268.png_30CXCDECyG4_1080p_82_1_label_fake.npz,Fake,Deepfake,0.48683819733357725,0.8763551115989685,0.02727387472987175,9.704280046207714e-07,0.9748109579086304,0.5557500720024109
28737_HUqaEI0dweE_14_1_label_fake.npz,Fake,Deepfake,0.4589685283601284,0.336286723613739,0.03676553815603256,0.9430131912231445,0.9388509392738342,0.03992624953389168
090_8252f095-y9BVPefouIs_2540_5_label_fake.npz,Fake,Deepfake,0.4352085615602107,0.5071231722831726,0.21321989595890045,3.5534648645807465e-07,0.8330804109573364,0.6226189732551575
16840-1Ws3w_ZOmhI_54_1_label_fake.npz,Fake,Deepfake,0.37106143394485114,0.357745498418808,0.010265704244375229,0.002936047036200762,0.9530790448188782,0.5312808752059937
19645-2Ny5UJLpoxg_22_1_label_fake.npz,Fake,Deepfake,0.5814422034192831,0.5986427664756775,0.002578657353296876,0.9698558449745178,0.9689174294471741,0.3672163188457489
434_XblD1mtXBWY_139_7_512x512_1_1647_withaudio_label_fake.npz,Fake,Deepfake,0.6081652641296387,0.5068500638008118,0.17808273434638977,0.9984269142150879,0.9822182059288025,0.37524840235710144
45077_NHVXgWJiIcs_26_2_label_fake.npz,Fake,Real,0.31093734167079673,0.25929558277130127,0.007543894462287426,9.400674753123894e-05,0.9374722838401794,0.3502809405326843
65613_30a4OlkenNU_4_1_audio_short_512x512_1_0732_withaudio_label_fake.npz,Fake,Real,0.2890779936686158,0.21708928048610687,0.04591425880789757,0.19405539333820343,0.9743432402610779,0.013987795449793339
18013_MATJqR93d5I_47_8_audio_short_512x512_1_0557_withaudio_label_fake.npz,Fake,Real,0.29596715423977005,0.16863971948623657,0.0867176204919815,1.7859216313809156e-05,0.955146849155426,0.2693137228488922
-19DTZ6_d6U_833_24_label_real.npz,Real,Real,0.27051102790283044,0.4475446343421936,0.12712660431861877,0.0005227537476457655,0.06714837998151779,0.710212767124176
J_ComKnl1hk_2_40_label_real.npz,Real,Real,0.054618508787839574,0.12173479795455933,0.0021801351103931665,6.933294677312699e-14,0.10836157202720642,0.040816038846969604
01412_X05-4iCBHC8_audio_3_label_fake.npz,Fake,Deepfake,0.4892116472125053,0.36025330424308777,0.09320511668920517,0.9912693500518799,0.961324155330658,0.04000630974769592
t58wNtkkXkw_0_1_label_real.npz,Real,Deepfake,0.4011245400514003,0.6247383952140808,0.1985611617565155,4.00243338471995e-10,0.9859464764595032,0.19637666642665863
PqumaD82tcI_300_5_label_real.npz,Real,Real,0.11680937688797714,0.20914171636104584,0.14865794777870178,0.008258621208369732,0.19887574017047882,0.019112858921289444
6417-6QjWo7-Mn3o_53_2_label_fake.npz,Fake,Deepfake,0.6634151509150137,0.5878934264183044,0.938143789768219,2.5204951015211918e-08,0.9886714220046997,0.802367091178894
912-uRSmuuXg7hI_115_4_label_fake.npz,Fake,Deepfake,0.5168052871631517,0.711696207523346,0.37722858786582947,2.3076736397342756e-05,0.9671636819839478,0.5279148817062378
010_18d7b27c-KKeGv-ny-kY_375_1_label_fake.npz,Fake,Deepfake,0.4452106581361477,0.44238710403442383,0.07605798542499542,6.2367475948121864e-06,0.9432464838027954,0.764355480670929
064_898b4b7e-9ztkB7gr8po_2_15_label_fake.npz,Fake,Deepfake,0.43508750647629757,0.65284264087677,0.11788298934698105,1.616557929184914e-11,0.9232290983200073,0.4814828038215637
145_e968cdd5.jpg_eWj2-6q2ybk_224_1_label_fake.npz,Fake,Deepfake,0.42604525698735646,0.75326007604599,0.0038273788522928953,1.0428090035929927e-07,0.9671268463134766,0.4060118794441223
38114.png_DOpN7bVauzY_3696_1_label_fake.npz,Fake,Deepfake,0.3599240233190358,0.30892178416252136,0.012239515781402588,0.004542226437479258,0.9624968767166138,0.5114197134971619
7893-pOdIn86ZM1E_59_1_label_fake.npz,Fake,Deepfake,0.5466616094112396,0.4573456943035126,0.284091979265213,0.9183863401412964,0.7555420398712158,0.3179419934749603
PgfPJgJz7Pg_3_1_label_real.npz,Real,Real,0.30067434293778206,0.39557093381881714,0.04552039876580238,2.6772804631036706e-05,0.9784312844276428,0.0838223248720169
28305-A-BRu8z7ztk_24_1_label_fake.npz,Fake,Real,0.24003656385470884,0.1984238475561142,0.0035108192823827267,2.21326957954536e-13,0.9012467265129089,0.09700142592191696
47742.png_f_0r2adEZfw_0_3_label_fake.npz,Fake,Deepfake,0.5661516249179842,0.4014727771282196,0.9677102565765381,8.241605695191517e-16,0.8973162174224854,0.564258873462677
21980-I5oeY5O5oJI_56_7_label_fake.npz,Fake,Deepfake,0.36186485562066084,0.4061494469642639,0.4067320227622986,6.299333472270519e-05,0.9758970141410828,0.020482800900936127
19954-Lcbr99pQZOU_61_2_label_fake.npz,Fake,Real,0.3373095318912189,0.2904801368713379,0.12054498493671417,7.569154192310634e-09,0.9260262846946716,0.3494962453842163
16263-M-3HEJpdx2I_1_4_label_fake.npz,Fake,Deepfake,0.37324693650007246,0.3713744282722473,0.1680402308702469,0.03716791421175003,0.9807326197624207,0.3089194893836975
wdNhtZOGxBw_17_1_25fps--203_28Z-aq2wk60_audio_2_19_label_fake.npz,Fake,Deepfake,0.3596408922225237,0.43691229820251465,0.024210700765252113,4.463198397871911e-21,0.9673945307731628,0.36968693137168884
QCAqiTH6B4U_1080p_96_4_25fps--50450_UzfVjgZKjro_1080p_61_1_25fps_label_fake.npz,Fake,Deepfake,0.4920731472273474,0.7421413064002991,0.11594678461551666,7.421637565130368e-05,0.9266136884689331,0.6755897402763367
AbpNlshqtJc_58_3_label_real.npz,Real,Deepfake,0.613710680231452,0.4999348521232605,0.026293886825442314,0.9992150068283081,0.9104340076446533,0.6326756477355957
084_4876da64-1aIMkhQHGO0_25_2_label_fake.npz,Fake,Deepfake,0.527992057821202,0.7924109697341919,0.37354815006256104,1.0454440785290231e-10,0.935493528842926,0.5385076403617859
_pWENLj5I-8_1080p_77_2_label_real.npz,Real,Deepfake,0.5747617073357106,0.6673403978347778,0.029921237379312515,0.7623716592788696,0.9445796608924866,0.4695955812931061
20207-K6rSVoAakQ8_25_1_label_fake.npz,Fake,Deepfake,0.4437372010201216,0.49112680554389954,0.02728288434445858,0.26884549856185913,0.9835619330406189,0.44786888360977173
3772-I2s4msDXNgw_61_1_label_fake.npz,Fake,Real,0.34399301260710424,0.4410833716392517,0.08741607517004013,3.282573526690834e-14,0.6449528932571411,0.5465127229690552
083_16b5e7ab_62ywI44YAxQ_72_1-batch-2025-02-06-00-06-46-11_label_fake.npz,Fake,Deepfake,0.6057012319566837,0.8635433316230774,0.6500849723815918,1.0082541355635466e-12,0.9833199381828308,0.5315579175949097
c-3fX59C_BU_0_257--p6na9crjELc_73_8_43_label_fake.npz,Fake,Real,0.3108570308977506,0.40327104926109314,0.007979274727404118,3.540496982168406e-05,0.9471941590309143,0.19580526649951935
459__7KzTzpF6Ng_audio_3_65_label_fake.npz,Fake,Real,0.3292661041021347,0.34673672914505005,0.04122720658779144,1.4161786470789241e-21,0.9528147578239441,0.30555182695388794
PXdPmUJN6k0_79_5_label_real.npz,Real,Deepfake,0.45599754921859126,0.6297951936721802,0.024861419573426247,4.687829641625285e-05,0.9831761121749878,0.642108142375946
068_a703f85f.jpg_xQvhp_EZ8CE_88_1_label_fake.npz,Fake,Deepfake,0.38363035568641835,0.5324601531028748,0.0659390464425087,4.919728180396987e-09,0.9626918435096741,0.3570607304573059
cZ_DoJj9PXQ_27_2--oTElQFuLr7o_89_47_117_label_fake.npz,Fake,Deepfake,0.42570834457874307,0.4036860466003418,0.3812790811061859,0.3004731833934784,0.9344379901885986,0.10866542160511017
77_H_c_crxV9O8_21_1_audio_short_512x512_1_0933_withaudio_label_fake.npz,Fake,Real,0.275575169106196,0.26109960675239563,0.11866028606891632,9.90519856713945e-06,0.9832749962806702,0.014831051230430603
160_GNkwgfQFj60_1_17_512x512_1_0533_withaudio_label_fake.npz,Fake,Real,0.34793240704005585,0.33812591433525085,0.0445619635283947,3.2428186358401945e-08,0.9793784022331238,0.3775957226753235
SNHUu7YkNjA_131_1--18871-d2om_PGtwWY_0_1_label_fake.npz,Fake,Deepfake,0.39111277225892993,0.32308655977249146,0.25483638048171997,0.00026090757455676794,0.9825637936592102,0.39481621980667114
mHii80xikXs_3931_1_label_real.npz,Real,Real,0.2989538922909842,0.3176760971546173,0.10197775810956955,1.9597535400039945e-12,0.925442636013031,0.1496729701757431
KNktDoYajMk_154_1_label_real.npz,Real,Real,0.2745709086411644,0.3689773678779602,0.0072048744186758995,5.875254061038504e-09,0.932424783706665,0.0642475113272667
068_b778f382.jpg_1P9nl9tBK38_595_2_label_fake.npz,Fake,Real,0.3295761141460389,0.28557032346725464,0.060196660459041595,0.0013298334088176489,0.9685137867927551,0.33226996660232544
irlH4e-dbYc_76_2_label_real.npz,Real,Deepfake,0.475468428432942,0.6406854391098022,0.08919129520654678,2.7167785572211264e-15,0.9723052382469177,0.6751601696014404
9ztkB7gr8po_2_9_label_real.npz,Real,Real,0.2161944814659819,0.20536914467811584,0.004768148064613342,3.47973787029332e-06,0.8340139389038086,0.03681769594550133
27813_TXf3uH5YqM4_86_7_label_fake.npz,Fake,Real,0.2961041992199171,0.11870145797729492,0.012334780767560005,1.819508361222688e-05,0.9639753699302673,0.38549119234085083
mHii80xikXs_4067_1_label_real.npz,Real,Deepfake,0.41111043952405457,0.3059143126010895,0.024267418310046196,0.4396393895149231,0.9606946706771851,0.3250364065170288
IuETaGhSEbE_57_1_label_real.npz,Real,Real,0.3123738434631378,0.22282519936561584,0.295349657535553,0.0003642647061496973,0.9711002707481384,0.07222982496023178
27379-Ft9uf9w3QVA_115_1_label_fake.npz,Fake,Deepfake,0.5045423969626427,0.3324301242828369,0.06552403420209885,0.9918436408042908,0.9354158043861389,0.1974983811378479
11748-I5oeY5O5oJI_31_3_label_fake.npz,Fake,Real,0.26333421730470263,0.18756933510303497,0.14089687168598175,4.4522045072881156e-07,0.9047667980194092,0.08343763649463654
HxK1gx2jKVU_1080p_69_13_424_label_fake.npz,Fake,Real,0.2860463317250833,0.17888577282428741,0.056742336601018906,0.0013968663988634944,0.9876032471656799,0.2056034356355667
076_d4ee20ae.jpg_6l6NFBuOYjk_159_1_label_fake.npz,Fake,Real,0.24041584612180034,0.46183186769485474,0.08571567386388779,1.9526726191543275e-07,0.15239913761615753,0.5021323561668396
Nz7QfvnRkuE_53_8--2NlEdgEI_mc_50_3_147_label_fake.npz,Fake,Real,0.32532118863855436,0.5915147662162781,0.09647837281227112,1.5840281776036136e-05,0.8321057558059692,0.10649120807647705
4445-wGcqFV_alDk_84_1_label_fake.npz,Fake,Deepfake,0.3658353048245047,0.44091472029685974,0.32638052105903625,3.113346025429564e-08,0.9704659581184387,0.09141529351472855
3392-Uk6sPnRL0WQ_100_2_label_fake.npz,Fake,Deepfake,0.5454633101820946,0.09003476053476334,0.5468495488166809,0.9998636245727539,0.958286464214325,0.13228215277194977
6185-3U4D77IB-j8_125_1_label_fake.npz,Fake,Deepfake,0.5351180445876249,0.7670348286628723,0.09804700314998627,2.0725790861320093e-08,0.9863409399986267,0.8241674304008484
23038-sr3AvToIzJo_40_2_label_fake.npz,Fake,Deepfake,0.4633248097848991,0.4730969965457916,0.18085062503814697,8.082151907728985e-07,0.9660975933074951,0.6965780258178711
24245_CV1yPkkUFOw_35_1_audio_short_512x512_1_0732_withaudio_label_fake.npz,Fake,Real,0.22073770251590757,0.1238078624010086,0.001348355202935636,0.0003209600690752268,0.9635632038116455,0.014648131094872952
4276-0-kY_RQxuc0_119_1_label_fake.npz,Fake,Deepfake,0.6481130561791362,0.6651963591575623,0.007773022633045912,0.9909646511077881,0.9901871681213379,0.586444079875946
knT_9_p8480_4_4_label_real.npz,Real,Real,0.248084438576916,0.18356047570705414,0.05928625166416168,1.794464697013609e-05,0.9568313360214233,0.0407261848449707
054_5a9566eb-PHMafVnjks8_228_1_label_fake.npz,Fake,Deepfake,0.5197119541466236,0.602674126625061,0.3371739089488983,0.006783429533243179,0.9795070290565491,0.6724212765693665
363_ypMVswItFWI_10_1_512x512_1_0533_withaudio_label_fake.npz,Fake,Real,0.2510600374487695,0.22875145077705383,0.04656011238694191,0.0001292421657126397,0.9675468802452087,0.012312501668930054
018_a532251b.jpg_0bjXpiZCdUQ_36_1_label_fake.npz,Fake,Deepfake,0.6825949013233185,0.48607417941093445,0.9842553734779358,0.4351833462715149,0.879804253578186,0.6276573538780212
81-_sAbvloLTNQ_1511_1_label_fake.npz,Fake,Deepfake,0.5407934641334521,0.8604372143745422,0.0014447440626099706,1.7956332953872334e-07,0.9765461683273315,0.865539014339447
24256-2CnzI8vny3c_136_3_label_fake.npz,Fake,Deepfake,0.4553778385845363,0.700897216796875,0.000731279666069895,5.6204844440799206e-05,0.9750979542732239,0.6001065373420715
lkMV6SxilXc_94_11--14602-itFwx1CZM9I_99_2_label_fake.npz,Fake,Deepfake,0.40691774711012846,0.6817173361778259,0.1428374946117401,0.049567338079214096,0.9632959961891174,0.19717057049274445
trimmed_X8GFKxOk7Jg_13_1--j3QtlhvoeEU_890_2_62ywI44YAxQ_26_2_25fps_25fps_label_fake.npz,Fake,Deepfake,0.46917967568151653,0.6696061491966248,0.4784579575061798,0.0022167449351400137,0.9287953972816467,0.26682212948799133
498_DR5IQXWY_uA_193_1-batch-2025-02-05-13-35-36-124_label_fake.npz,Fake,Real,0.27841701433443156,0.2987983226776123,0.010889376513659954,8.400933282359802e-09,0.9736875295639038,0.10870983451604843
12838_NduDs59WZqU_136_1_label_fake.npz,Fake,Real,0.23256056663084623,0.12149955332279205,0.019225459545850754,6.541043262586754e-09,0.9768320918083191,0.04524572193622589
ILR3cxYpjUk_1342_1_label_real.npz,Real,Real,0.23903900906449752,0.22456061840057373,0.0466090552508831,3.077014012510537e-13,0.8796399235725403,0.04438544809818268
0__OpXjs-PM8M_2_89_512x512_1_0112_withaudio_label_fake.npz,Fake,Real,0.20991072747990763,0.08309370279312134,0.007208832539618015,6.719153445439163e-12,0.9397811889648438,0.019469913095235825
27492-TXf3uH5YqM4_86_7_label_fake.npz,Fake,Deepfake,0.3817884951277847,0.25805503129959106,0.010336621664464474,1.7589923118066508e-06,0.9802481532096863,0.6603009104728699
04925.png_Du1SKO_ri4w_85_86_label_fake.npz,Fake,Deepfake,0.5010465214494616,0.5222339630126953,0.35284316539764404,0.0011535633821040392,0.926628053188324,0.7023738622665405
wnwjcJfC-1U_72_5--27367-awNrju1X3zc_49_1_label_fake.npz,Fake,Deepfake,0.4907900255173444,0.2727825939655304,0.020454218611121178,0.999984622001648,0.6445141434669495,0.5162145495414734
Jy-bPwwFxhk_33_2--gc8LE2PP3hM_98_1_499_label_fake.npz,Fake,Real,0.24956818101929823,0.24033117294311523,0.004431271459907293,1.0919342958038564e-13,0.9076359272003174,0.09544253349304199
396_pNogULi28gs_87_3_audio_short_512x512_1_1655_withaudio_label_fake.npz,Fake,Real,0.28913765015016885,0.29708006978034973,0.006871950812637806,5.864147833989364e-09,0.9821575880050659,0.15957863628864288
jXf9d1xHO34_1080p_119_7_label_real.npz,Real,Real,0.29705249443650245,0.2539704442024231,0.036069173365831375,0.9536650776863098,0.13906167447566986,0.10249610245227814
15488-ezja7-YQ72g_63_6_label_fake.npz,Fake,Deepfake,0.6505265265703202,0.9071667790412903,0.19168585538864136,0.21631135046482086,0.9878265261650085,0.9496421217918396
043_77e393de_EKwa4XXZdPE_49_1_label_fake.npz,Fake,Deepfake,0.5112888918092723,0.8775729537010193,0.03617580980062485,1.040139341057511e-05,0.9500433206558228,0.6926419734954834
077_08ff1da6_8gqupeY6HmM_0_191_label_fake.npz,Fake,Deepfake,0.4213249445877659,0.7026340365409851,0.0237542986869812,4.580557044775446e-10,0.9620010852813721,0.41823530197143555
112_710c6176.jpg_dTeNSc1Sp28_2_6_label_fake.npz,Fake,Real,0.20721160648390652,0.07469452917575836,0.006574110593646765,0.009480835869908333,0.9351049065589905,0.0102036502212286
jk5auOLLvks_469_2_576_label_fake.npz,Fake,Real,0.23268058877438308,0.10896005481481552,0.012243091128766537,0.02077649161219597,0.9605351686477661,0.0608881376683712
hNA8I-JU3eg_22_4--19742-Uk6sPnRL0WQ_163_6_label_fake.npz,Fake,Deepfake,0.5951490491628648,0.5276594161987305,0.0811021476984024,0.999991774559021,0.9901447296142578,0.37684717774391174
415.png_1P9nl9tBK38_688_1_label_fake.npz,Fake,Deepfake,0.3842840513912961,0.37285467982292175,0.0012073622783645988,2.792648020331971e-20,0.976287841796875,0.5710703730583191
O0nL5vRlcfk_149_3_label_real.npz,Real,Real,0.1999179869484351,0.4314124286174774,0.03233814612030983,1.8326398958379286e-06,0.5021914839744568,0.03364604339003563
24951-TalBZ9_fmQk_11_1_label_fake.npz,Fake,Deepfake,0.4462272256612778,0.3142056465148926,0.25691279768943787,0.4874142110347748,0.9814450144767761,0.1911584585905075
1253-3U4D77IB-j8_105_2_label_fake.npz,Fake,Deepfake,0.5131271345399,0.6721624135971069,0.13332423567771912,1.8796812582877465e-05,0.9692509174346924,0.7908793091773987
317-cHjvhDTfItA_17_2_label_fake.npz,Fake,Deepfake,0.43193634670487885,0.4685993790626526,0.21631303429603577,4.526054453890538e-06,0.9816544055938721,0.49311038851737976
17588_O1JxQ9OyJRQ_105_2_label_fake.npz,Fake,Deepfake,0.39343919781730324,0.28917238116264343,0.2887136936187744,1.3851001456899326e-09,0.9693204760551453,0.4199894368648529
491_oeyLwy8sJhA_2_1-batch-2025-02-06-13-00-20-244_label_fake.npz,Fake,Deepfake,0.47558165500377075,0.4707163870334625,0.6536271572113037,8.811105362838134e-05,0.8069009780883789,0.4465756416320801
18072_lSCTGJbObOg_0_1_label_fake.npz,Fake,Real,0.23451897827908397,0.0802960991859436,0.11862224340438843,0.0037482487969100475,0.9513598680496216,0.018568431958556175
29046-jud_SnwcvFc_10_2_label_fake.npz,Fake,Deepfake,0.5203775100409985,0.5653447508811951,0.03577097877860069,0.4634411931037903,0.9747332334518433,0.562597393989563
7ZVu5N4gOgY_63_2--29317-TXf3uH5YqM4_76_1_label_fake.npz,Fake,Deepfake,0.5649137477623299,0.6208579540252686,0.0010359786683693528,0.8708656430244446,0.9789223670959473,0.35288679599761963
496_sba-i5-e3WY_3816_1-batch-2025-02-06-13-00-20-320_label_fake.npz,Fake,Deepfake,0.5057399571401507,0.6907497644424438,0.01595206931233406,1.1405662192487398e-08,0.9654498100280762,0.8565481305122375
311_IcZtHIN331g_label_fake.npz,Fake,Deepfake,0.35464247763203877,0.4315205216407776,0.30312368273735046,2.3493013090458703e-12,0.9754568338394165,0.06311134994029999
02357_lqKZS1uYfro_89_11_label_fake.npz,Fake,Deepfake,0.36871239691336083,0.268934041261673,0.4023653566837311,3.032354470633436e-06,0.9674605131149292,0.20479904115200043
084_96ce3be4-XwfJa1b4KOk_67_1_label_fake.npz,Fake,Deepfake,0.4063336240185891,0.5341265797615051,0.15021570026874542,0.00016928560216911137,0.9669769406318665,0.38017961382865906
292.png_J_ComKnl1hk_7_27_label_fake.npz,Fake,Deepfake,0.3717673547565937,0.5516383051872253,0.04083040729165077,1.144193198256729e-17,0.939089834690094,0.3272782266139984
O0nL5vRlcfk_478_1--XblD1mtXBWY_160_1_231_label_fake.npz,Fake,Deepfake,0.47415901869535443,0.24463549256324768,0.31867510080337524,0.9909569621086121,0.7362394332885742,0.0802881047129631
NEEN8fSBuWI_302_1_467_label_fake.npz,Fake,Real,0.22836405407088023,0.11844867467880249,0.04471948370337486,1.8251785149914213e-06,0.9398859739303589,0.038764312863349915
227_p6na9crjELc_141_6-batch-2025-02-04-10-00-57-87_label_fake.npz,Fake,Real,0.32496530594478373,0.5062656402587891,0.0331072099506855,3.6294511573942145e-07,0.9149805903434753,0.17047272622585297
27251-0-BD5WJ_hBk_112_1_label_fake.npz,Fake,Deepfake,0.5478541916506402,0.8186661005020142,0.08719219267368317,4.1305506783828605e-06,0.9894189834594727,0.8439895510673523
kCudFI4tcpg_23_1--10278-ADTwFvHACE4_15_3_label_fake.npz,Fake,Real,0.33903223089582757,0.522946298122406,0.01125131081789732,1.514980976935476e-05,0.8835639953613281,0.2773844003677368
29745-3U4D77IB-j8_58_1_label_fake.npz,Fake,Deepfake,0.43635136783123024,0.5282345414161682,0.31309399008750916,0.019291624426841736,0.9337310194969177,0.387405663728714
zpEUWKUUxdY_46_5--J_ComKnl1hk_6_29_424_label_fake.npz,Fake,Real,0.3264418052246214,0.5056225657463074,0.03938203305006027,1.2745958599680307e-07,0.98592609167099,0.10127820819616318
19285_MqXRaJQsvxY_71_2_label_fake.npz,Fake,Real,0.22154168786656214,0.08574467897415161,0.037868574261665344,1.30487052274475e-07,0.9577239155769348,0.026371140033006668
111_Du1SKO_ri4w_48_179_512x512_1_1803_withaudio_label_fake.npz,Fake,Real,0.2877624541812111,0.23913656175136566,0.09419771283864975,0.0001893342996481806,0.9859668612480164,0.1193218007683754
29317-ybfyLfI5Ml0_52_1_label_fake.npz,Fake,Real,0.34844045747568086,0.3785063326358795,0.15426605939865112,2.2406006792152766e-06,0.9482192993164062,0.26120835542678833
1040-Uk6sPnRL0WQ_116_2_label_fake.npz,Fake,Deepfake,0.645536655187607,0.5437318086624146,0.29048609733581543,0.9290422797203064,0.9688618183135986,0.49556127190589905
273_Ft9uf9w3QVA_61_1_audio_short_512x512_1_0944_withaudio_label_fake.npz,Fake,Real,0.24222053401172458,0.11842387169599533,0.09215357899665833,1.4759582987224074e-14,0.9807613492012024,0.019763870164752007
J_ComKnl1hk_6_30_label_real.npz,Real,Real,0.12195226492913208,0.15135042369365692,0.01364644430577755,8.067761518759653e-05,0.4171273410320282,0.027556437999010086
144_5z_krRwSyt8_15_3_audio_short_512x512_1_0732_withaudio_label_fake.npz,Fake,Real,0.25054410510694974,0.15732915699481964,0.14570358395576477,4.6491310801144436e-11,0.9219583868980408,0.027729397639632225
7272-IU0Zy67ZLpU_79_1_label_fake.npz,Fake,Deepfake,0.6437236685564969,0.6124007105827332,0.8452149629592896,6.904743798941126e-08,0.9721257090568542,0.7888768911361694
051_2aace444-PXdPmUJN6k0_74_47_label_fake.npz,Fake,Deepfake,0.4909381497094728,0.7206975221633911,0.0019006929360330105,1.7617085177334957e-05,0.9911604523658752,0.7409144639968872
21260-TDDNxuR1zs8_104_4_label_fake.npz,Fake,Real,0.33789158372674144,0.3760439455509186,0.001815051888115704,0.00014224089682102203,0.9189304113388062,0.3925262689590454
03732.png_UzfVjgZKjro_1080p_89_5_label_fake.npz,Fake,Deepfake,0.5156097909848996,0.6228469610214233,0.1580611765384674,3.318509016025928e-06,0.9666405320167542,0.8304969668388367
29307-Uk6sPnRL0WQ_77_3_label_fake.npz,Fake,Real,0.32124710780351523,0.11436297744512558,0.390758216381073,1.2515443792437964e-08,0.9633573889732361,0.13775694370269775
47_xIUOSE2Nnqw_51_3_audio_short_512x512_1_0557_withaudio_label_fake.npz,Fake,Deepfake,0.35267150924651436,0.5072926878929138,0.02724575623869896,5.208498216058288e-11,0.972050130367279,0.25676897168159485
398_p6na9crjELc_141_6-batch-2025-02-04-10-00-57-153_label_fake.npz,Fake,Real,0.32854963572870016,0.6247534155845642,0.0331072099506855,3.6294511573942145e-07,0.9171228408813477,0.06776434928178787
14661-Lcbr99pQZOU_131_4_label_fake.npz,Fake,Deepfake,0.5541830629110337,0.7491694688796997,0.2361406683921814,0.23126105964183807,0.9632019996643066,0.5911421179771423
131_8HCQWjytx_I_199_12_512x512_1_0112_withaudio_label_fake.npz,Fake,Real,0.27382298854063264,0.34434518218040466,0.009786463342607021,0.0004765883495565504,0.9771831035614014,0.03732360526919365
094_6aec42c7.jpg_P4o9TZ36Xj8_0_1_label_fake.npz,Fake,Deepfake,0.40490675623295824,0.698707103729248,0.008227813988924026,0.0006678839563392103,0.9766271710395813,0.34030380845069885
u6akTRg2ecw_52_1--28660-6w9ikJPzTOA_9_1_label_fake.npz,Fake,Deepfake,0.7082998543977738,0.7540480494499207,0.1413055807352066,0.9999938011169434,0.9754088521003723,0.6707429885864258
13264-rMLfEL02QeY_0_2_label_fake.npz,Fake,Deepfake,0.4036245583032724,0.30248120427131653,0.6149612665176392,0.00035557078081183136,0.9222484827041626,0.17807626724243164
2463-LPW5Zx3ntZo_83_2_label_fake.npz,Fake,Deepfake,0.36733296802267434,0.5348805785179138,0.32812434434890747,0.004312410484999418,0.5195369124412537,0.44981059432029724
9543-0-BD5WJ_hBk_162_1_label_fake.npz,Fake,Deepfake,0.4704883192665875,0.5567599534988403,0.08573887497186661,0.007020662073045969,0.9799988865852356,0.722923219203949
005_582c121a-oDO5ZDLTpaw_32_1_label_fake.npz,Fake,Deepfake,0.5279144582090864,0.8416749835014343,0.005861727520823479,3.417779947945121e-10,0.977470874786377,0.8145647048950195
01650_ha96Xj9FAT0_audio_3_label_fake.npz,Fake,Deepfake,0.7454679727554321,0.5280460715293884,0.810045599937439,0.9699665307998657,0.9787129163742065,0.440568745136261
t86T9sem8EM_417_1_label_real.npz,Real,Real,0.32560172323137526,0.2116849273443222,0.40209996700286865,0.007440776564180851,0.9669422507286072,0.0398406945168972
16478-9pQuS1hCm04_5_33_label_fake.npz,Fake,Deepfake,0.513847952708602,0.6938127875328064,0.0018019359558820724,8.368737796687201e-17,0.9910264611244202,0.8825985789299011
14297-I1ouTj1BQec_128_2_label_fake.npz,Fake,Deepfake,0.3797901644895604,0.3983500301837921,0.3708907961845398,3.350725421569223e-07,0.6576298475265503,0.4720798134803772
14660_Ip7cs1D5tTQ_90_1_label_fake.npz,Fake,Real,0.22104050071775946,0.10058438032865524,0.16050662100315094,8.642835058747522e-11,0.8298277854919434,0.014283716678619385
12997-dcdBqR1XoCA_64_1_label_fake.npz,Fake,Deepfake,0.48172062157791523,0.7157190442085266,0.00868167169392109,1.9926910681533627e-05,0.9867663383483887,0.6974161267280579
uHOEHOoQCWA_48_1_label_real.npz,Real,Deepfake,0.48235019147396085,0.4857306480407715,0.11572347581386566,0.33224496245384216,0.9846054315567017,0.4934464395046234
089_152cf5f6_jbx2IjXBmWA_14_3_label_fake.npz,Fake,Deepfake,0.8212048530578614,0.7035754919052124,0.8564875721931458,0.9999837875366211,0.9749839901924133,0.5709934234619141
J_ComKnl1hk_4_101_label_real.npz,Real,Real,0.12682481701485815,0.21134522557258606,0.010034234263002872,0.0034067172091454268,0.31284359097480774,0.09649431705474854
yD5Beb8GcQw_11_1--yml5GgOFz1I_38_1_539_label_fake.npz,Fake,Deepfake,0.40041801035434665,0.5846722722053528,0.02014283835887909,1.5228437000996964e-12,0.9725525379180908,0.4247224032878876
058_02860eff.jpg_inQaPF2YoNw_200_1_label_fake.npz,Fake,Real,0.29528331167792776,0.18093746900558472,0.15178334712982178,3.623712718781036e-10,0.9607877135276794,0.18290802836418152
18600_zpEUWKUUxdY_39_8_label_fake.npz,Fake,Real,0.3329514726996422,0.15452143549919128,0.4584752917289734,1.3916149628700074e-27,0.9320231080055237,0.11973752826452255
OprPPstAfSg_6_5_70_label_fake.npz,Fake,Real,0.34125729687511924,0.3004443347454071,0.11591219156980515,0.009736301377415657,0.9571875333786011,0.32300612330436707
030_642eaf93.jpg_DuggBTqO2sc_300_1_label_fake.npz,Fake,Real,0.33053380551605244,0.3503422737121582,0.2724698483943939,1.325617254854805e-10,0.8853023648262024,0.14455454051494598
15284-E1R1P_NyvF8_47_1_label_fake.npz,Fake,Deepfake,0.3621526858938523,0.5751280784606934,0.02100915089249611,4.5370225052465685e-06,0.9637731313705444,0.25084853172302246
8tD-YwT4oAg_664_5_label_real.npz,Real,Deepfake,0.5327221572399139,0.3946036696434021,0.9892436265945435,0.08368328213691711,0.501197338104248,0.694882869720459
20150-hHYe3O7_TUA_276_1_label_fake.npz,Fake,Deepfake,0.4306520089507103,0.5045927166938782,0.3938537836074829,0.056975118815898895,0.749934732913971,0.44790369272232056
SzhK7Q-pY0U_1_43_label_real.npz,Real,Real,0.198385539627634,0.14048494398593903,0.017791593447327614,0.0013368724612519145,0.8038705587387085,0.028443729504942894
44804_HUqaEI0dweE_42_3_audio_short_512x512_1_0944_withaudio_label_fake.npz,Fake,Real,0.26962115690112115,0.11061940342187881,0.15679703652858734,0.11870872229337692,0.9240135550498962,0.03796706721186638
03523_1POFF5RQjyM_label_fake.npz,Fake,Real,0.22454754448940548,0.08035965263843536,0.00047720878501422703,1.2805151072825538e-06,0.9834581613540649,0.058441419154405594
29891-K6rSVoAakQ8_20_1_label_fake.npz,Fake,Deepfake,0.3778388470411301,0.3017179071903229,0.258083701133728,0.16524267196655273,0.9755902886390686,0.1885596662759781
d2om_PGtwWY_38_1--6180-O1JxQ9OyJRQ_1_3_label_fake.npz,Fake,Deepfake,0.38429379945446274,0.4048328101634979,0.21935497224330902,0.00013674226647708565,0.6425737142562866,0.6545707583427429
rwnnXFpqN5I_357_6_label_real.npz,Real,Real,0.207751469444338,0.41017889976501465,0.0658084824681282,6.0812290030298755e-05,0.16878265142440796,0.3939265012741089
p-OdFWMl0Ys_58_1_label_real.npz,Real,Deepfake,0.4553146689025539,0.36087217926979065,0.2675413489341736,3.123720375697303e-07,0.9719443917274475,0.6762151122093201
468_aEM1s9Saa-g_41_4_512x512_1_1803_withaudio_label_fake.npz,Fake,Real,0.22488686825497273,0.2067732810974121,0.0998983085155487,1.690990387714919e-07,0.8090315461158752,0.008731036446988583
445_XJmuXrN2cQA_336_12_512x512_1_1647_withaudio_label_fake.npz,Fake,Real,0.29188044674243235,0.2702646851539612,0.07554835081100464,3.4996378017737584e-10,0.9779989719390869,0.13559022545814514
025_61e2c5e5_oeyLwy8sJhA_2_1-batch-2025-02-06-00-06-46-75_label_fake.npz,Fake,Deepfake,0.4903526575348224,0.5241203308105469,0.6536271572113037,8.811105362838134e-05,0.8554387092590332,0.4184889793395996
kvAP1FcVvBs_0_1--UyNb2ArI768_0_1_37_label_fake.npz,Fake,Real,0.26624426453013256,0.5398128628730774,0.06413667649030685,2.193386308135814e-06,0.27109071612358093,0.4561788737773895
21071-J-vYXU4vqcY_1_1_label_fake.npz,Fake,Deepfake,0.659233157336712,0.725830614566803,0.11355479806661606,0.9973894953727722,0.9871112704277039,0.4722796082496643
15736-UI6IKlHh-pQ_20_2_label_fake.npz,Fake,Real,0.343673773981781,0.5502234697341919,0.0031668173614889383,4.126509800528311e-09,0.9210544228553772,0.24392415583133698
20666-u6akTRg2ecw_0_2_label_fake.npz,Fake,Deepfake,0.5115487214992754,0.7376896142959595,0.03566444292664528,0.00025790411746129394,0.97652268409729,0.807608962059021
14463_ADTwFvHACE4_18_1_label_fake.npz,Fake,Real,0.21754093676956665,0.07147329300642014,0.0027679919730871916,4.2665368460426123e-10,0.9885019063949585,0.02496149204671383
8-iiYu7NESU_16_1_25fps--40244_qv45xE78kx0_audio_3_226_label_fake.npz,Fake,Deepfake,0.3852543063461781,0.5985562801361084,0.020012352615594864,7.839539404511296e-17,0.9812152981758118,0.32648760080337524
49434_bM1LXa68oxc_122_2_audio_short_512x512_1_0732_withaudio_label_fake.npz,Fake,Real,0.08066351490799661,0.06781130284070969,0.0876435935497284,1.256948166883376e-06,0.2418074607849121,0.006053960416465998
8933-LmGz2Hp34l0_12_3_label_fake.npz,Fake,Deepfake,0.6318318665027619,0.6374402642250061,0.43823233246803284,0.2275664210319519,0.9648914337158203,0.891028881072998
21573-1xWUAi4M_Dw_87_1_label_fake.npz,Fake,Deepfake,0.351937904041158,0.4733494818210602,0.06067485362291336,2.8865874135419745e-09,0.8908421397209167,0.33482304215431213
041_abf5c9cb-tPn6xxmCPxw_30_1_label_fake.npz,Fake,Deepfake,0.6088525354862626,0.8916969299316406,0.45569804310798645,2.0651828771395264e-13,0.9740319848060608,0.7228357195854187
07621.png_tVY44gQSFOA_4_2_label_fake.npz,Fake,Real,0.336265362800144,0.5998937487602234,0.050111401826143265,4.8817889834740225e-12,0.977895975112915,0.05342568829655647
O0nL5vRlcfk_149_10_label_real.npz,Real,Real,0.3168822392937607,0.5169057250022888,0.015862196683883667,5.814734110876074e-11,0.9688287973403931,0.08281447738409042
Im_ghczQEPw_52_1--14019-GgCnpDg0jwc_73_1_label_fake.npz,Fake,Deepfake,0.6055957678705454,0.7853245735168457,0.021603943780064583,0.56395423412323,0.9855101108551025,0.6715859770774841
OprPPstAfSg_15_46--O6WbFpXUI0E_376_1_252_label_fake.npz,Fake,Deepfake,0.5207411808893085,0.7418073415756226,0.009691021405160427,0.23036330938339233,0.9909075498580933,0.6309366822242737
15852-Fjbz-Rzmzxw_57_2_label_fake.npz,Fake,Real,0.30666491091251374,0.42217546701431274,0.046054333448410034,0.025844618678092957,0.5117233991622925,0.5275267362594604
23126-MOBGaVJH54A_86_1_label_fake.npz,Fake,Deepfake,0.3532924503087998,0.3975929319858551,0.09442828595638275,0.5137254595756531,0.4939082860946655,0.26680728793144226
27298-mXDi_C0yb6A_97_1_label_fake.npz,Fake,Deepfake,0.8165372967720033,0.726921796798706,0.6627093553543091,0.9846929311752319,0.9710780382156372,0.7372843623161316
020_45c8d790_8HCQWjytx_I_177_3_label_fake.npz,Fake,Real,0.2971079247595981,0.35599255561828613,0.047584593296051025,7.686029448450427e-07,0.9546788930892944,0.12728281319141388
055_14a5e7bc.jpg_E7lIbmnQqgU_23_1_label_fake.npz,Fake,Real,0.3222089086986671,0.3352406620979309,0.1395590603351593,5.492817217600532e-05,0.9885528087615967,0.14763708412647247
25714-awNrju1X3zc_21_2_label_fake.npz,Fake,Deepfake,0.4886780208908824,0.7035118937492371,0.004470023792237043,4.0124858730755664e-13,0.9879419207572937,0.7474662661552429
12267-tBI3e4--8Kk_65_1_label_fake.npz,Fake,Deepfake,0.36855453273756084,0.45722904801368713,0.06930160522460938,1.0481860934774545e-09,0.9080229997634888,0.40821900963783264
9DTxDmLwFb8_828_1--cZ_DoJj9PXQ_86_1_6_label_fake.npz,Fake,Real,0.3278849438307032,0.36177876591682434,0.07560739666223526,2.370996732281583e-10,0.9138211607933044,0.2882173955440521
24987-3U4D77IB-j8_78_1_label_fake.npz,Fake,Deepfake,0.5007612109184724,0.6895571947097778,0.2840263247489929,2.2906104638932556e-13,0.9697920083999634,0.5604305267333984
SoI9-PP5Tmk_113_1_label_real.npz,Real,Deepfake,0.3851956018012317,0.4414621591567993,0.006819944828748703,2.0151414048541483e-07,0.9844462275505066,0.49324947595596313
168_J-vYXU4vqcY_12_1_audio_short_512x512_1_0557_withaudio_label_fake.npz,Fake,Deepfake,0.5158019199967384,0.3137362599372864,0.2628367841243744,0.9475958347320557,0.9808042645454407,0.07403645664453506
12306-cbtkoZUOR1A_62_1_label_fake.npz,Fake,Deepfake,0.5260578386051749,0.469985693693161,0.7077186107635498,4.585615442920243e-06,0.9856006503105164,0.46697965264320374
14661-6cKTSj4a8bQ_138_4_label_fake.npz,Fake,Deepfake,0.3704554811120033,0.20557013154029846,0.07176483422517776,0.15225672721862793,0.9623076319694519,0.46037808060646057
jyXGeTx0ttw_16_24_label_real.npz,Real,Deepfake,0.4252340002920391,0.38641372323036194,0.3505558967590332,1.036329376802314e-05,0.939178466796875,0.45001155138015747
17515_53GIoeOAam4_1_4_label_fake.npz,Fake,Deepfake,0.5099221480801764,0.7320592999458313,0.05918020009994507,6.4149809908542466e-09,0.9733596444129944,0.7850115895271301
52189.png_SzhK7Q-pY0U_1_6_label_fake.npz,Fake,Deepfake,0.43038781080491173,0.5809264183044434,0.014179249294102192,4.809138764300114e-12,0.915570080280304,0.6412633061408997
20263-XgpdInYDs-U_59_5_label_fake.npz,Fake,Deepfake,0.39097913002381124,0.3707798719406128,0.10316454619169235,3.9961980746738845e-07,0.9732699394226074,0.5076808929443359
N-1-cKLUvjg_82_3_25fps--27530_PHMafVnjks8_0_2_25fps_label_fake.npz,Fake,Deepfake,0.35557770468318695,0.7395219802856445,0.15832068026065826,1.8638488530342556e-09,0.5711461305618286,0.30889973044395447
sr3AvToIzJo_85_3_label_real.npz,Real,Deepfake,0.3688781593280663,0.24192285537719727,0.44460612535476685,1.6906673394601057e-08,0.9666079878807068,0.19125381112098694
065_db7b31f5-HxK1gx2jKVU_1080p_18_1_label_fake.npz,Fake,Deepfake,0.5270074475323782,0.7471830248832703,0.023875877261161804,0.00013417925219982862,0.9771782159805298,0.886665940284729
TkkHKU_lLqU_37_1_737_label_fake.npz,Fake,Real,0.3040237475055619,0.27505365014076233,0.03777201846241951,0.00011049763270420954,0.9680211544036865,0.239161416888237
6xWbT6xIeaM_646_1_label_real.npz,Real,Real,0.29010347265195835,0.22203560173511505,0.023720385506749153,4.818385832550121e-07,0.9791828989982605,0.22557799518108368
nBVWOmPTk-4_82_1--JocHmkWdf3A_46_1_198_label_fake.npz,Fake,Real,0.31760302896086223,0.49138155579566956,0.015284406952559948,2.907407647967375e-09,0.955223798751831,0.12612538039684296
PqumaD82tcI_384_3_label_real.npz,Real,Deepfake,0.3753006290480199,0.3385346233844757,0.060754597187042236,5.505831346397372e-09,0.7368916869163513,0.7403222322463989
W8ndzcz359Q_14_22_label_fake.npz,Fake,Real,0.27809518057988497,0.24876227974891663,0.025266291573643684,1.179247419713647e-06,0.9779517650604248,0.13849438726902008
50005.png_QBFIR4ehjNk_6_2_label_fake.npz,Fake,Deepfake,0.6180399239063263,0.3265884518623352,0.1938963234424591,0.9999817609786987,0.9875510334968567,0.5821820497512817
088_1229c0dd_p6na9crjELc_146_1_label_fake.npz,Fake,Deepfake,0.399428154528141,0.31655260920524597,0.08397156745195389,0.5173617601394653,0.9885209798812866,0.0907338559627533
A0COLvfTyjc_69_1_label_real.npz,Real,Deepfake,0.41328672478711326,0.2906709611415863,0.6393657326698303,1.6441522632248962e-07,0.7877712845802307,0.3486254811286926
180_9X-SE-3CPw4_2745_1-batch-2025-02-03-22-17-41-30_label_fake.npz,Fake,Deepfake,0.45244535952806475,0.7238568067550659,0.05274239927530289,4.1545957936451883e-19,0.9415810704231262,0.5440465211868286
HUqaEI0dweE_57_4_label_real.npz,Real,Deepfake,0.3813087414251641,0.4834446609020233,0.01571439951658249,0.0007344909245148301,0.9661145210266113,0.44053563475608826
11862_I5oeY5O5oJI_53_8_label_fake.npz,Fake,Deepfake,0.45326277390122416,0.07264640927314758,0.8917316794395447,0.9970313310623169,0.26730069518089294,0.03760375455021858
35491-BGVI996xDLY_208_1_label_fake.npz,Fake,Deepfake,0.45590440237585916,0.5910130739212036,0.0063079590909183025,1.0601640454410699e-08,0.9207105040550232,0.7614904642105103
Ip7cs1D5tTQ_1_7_label_real.npz,Real,Deepfake,0.38417002560894475,0.27107036113739014,0.37828564643859863,1.0931425209470547e-10,0.987614631652832,0.28387948870658875
03736.png_6aNWSCTS284_6_1_label_fake.npz,Fake,Deepfake,0.4512106835842133,0.5034433603286743,0.023677073419094086,0.010181255638599396,0.9594212770462036,0.7593304514884949
24715-fAh51cqF86I_14_1_label_fake.npz,Fake,Deepfake,0.6237637907266617,0.8553251624107361,0.26014310121536255,0.17719192802906036,0.9603205323219299,0.8658382296562195
17588-AbpNlshqtJc_160_1_label_fake.npz,Fake,Deepfake,0.6078902579843998,0.5760337710380554,0.6542518734931946,0.043704379349946976,0.9814505577087402,0.7840107083320618
055_9508128d_e0GahnJx-Sc_153_1_label_fake.npz,Fake,Deepfake,0.5874013125896455,0.6428309082984924,0.2958439886569977,0.5652771592140198,0.9609313607215881,0.4721231460571289
u-X671JqQWA_118_38_label_real.npz,Real,Real,0.3374583116623626,0.412351131439209,0.035532597452402115,1.243726842403703e-06,0.5415438413619995,0.6978627443313599
24430-M-3HEJpdx2I_103_3_label_fake.npz,Fake,Deepfake,0.42916704074596057,0.5809763073921204,0.09469744563102722,0.00012744744890369475,0.9736543893814087,0.4963796138763428
11155-O1JxQ9OyJRQ_115_1_label_fake.npz,Fake,Deepfake,0.4167851464822888,0.4656769335269928,0.06134746968746185,0.005646222271025181,0.946508526802063,0.6047465801239014
13208-LmGz2Hp34l0_11_1_label_fake.npz,Fake,Real,0.23324436746916036,0.10756802558898926,0.008534431457519531,7.361436291830614e-05,0.9731425046920776,0.07690326124429703
27241-J-vYXU4vqcY_5_6_label_fake.npz,Fake,Real,0.33666143049086306,0.25528714060783386,0.16215696930885315,4.119103991229167e-08,0.969562828540802,0.29630017280578613
18500_6IXtQx8SwBE_44_1_label_fake.npz,Fake,Real,0.2763991485553561,0.08601883798837662,0.019196491688489914,9.746999421622604e-05,0.9668201208114624,0.30986282229423523
9DTxDmLwFb8_1077_4_label_real.npz,Real,Real,0.20660252839232957,0.3323608934879303,0.051897186785936356,1.735938326419273e-07,0.6081923246383667,0.040562063455581665
9238-2Ny5UJLpoxg_22_2_label_fake.npz,Fake,Deepfake,0.4417675770819187,0.7471737265586853,0.04885096102952957,0.027013491839170456,0.9877162575721741,0.3980834484100342
62116_DwbAW8G-57A_90_1_audio_short_512x512_1_0944_withaudio_label_fake.npz,Fake,Real,0.2525731846697873,0.10781741887331009,0.0835912674665451,3.847498274839323e-12,0.9709655046463013,0.1004917323589325
8566-IIT29JDuMXs_66_1_label_fake.npz,Fake,Deepfake,0.58595724478364,0.5090628862380981,0.040682483464479446,0.9894658327102661,0.9749953150749207,0.4155797064304352
zBJP1v24Llk_69_1_label_real.npz,Real,Deepfake,0.41039336291887596,0.6721806526184082,0.3063127100467682,1.3178484550735448e-05,0.9797035455703735,0.09375672787427902
WtkgtlyruWE_16_1--J_ComKnl1hk_9_1_510_label_fake.npz,Fake,Real,0.28980493456293743,0.3928292691707611,0.00646267831325531,9.984620419345447e-08,0.9479848742485046,0.10174775123596191
wf32v1liDSQ_120_1_label_real.npz,Real,Deepfake,0.5441475217812696,0.5556458830833435,0.529994785785675,0.00011733436258509755,0.9388784766197205,0.6961011290550232
28623_eWj2-6q2ybk_32_1_label_fake.npz,Fake,Real,0.2423513969590204,0.18334339559078217,0.002046762965619564,8.434149094682653e-06,0.9753976464271545,0.05096074566245079
343_MxlocFNdoXg_720_1-batch-2025-02-03-22-17-41-13_label_fake.npz,Fake,Deepfake,0.4240549668854201,0.5642644762992859,0.568893313407898,6.342218483723627e-08,0.9455642104148865,0.041552770882844925
uF_iBsuUjrg_8_14_label_real.npz,Real,Deepfake,0.38315366616006946,0.22661785781383514,0.5188745260238647,0.0010524446843191981,0.946123480796814,0.22310002148151398
067_ee6435dc.jpg_PHMafVnjks8_53_1_label_fake.npz,Fake,Real,0.29896294921720495,0.34062862396240234,0.18952171504497528,4.195813835261575e-12,0.9222850799560547,0.04237932711839676
409_E1R1P_NyvF8_47_1_audio_short_512x512_1_1652_withaudio_label_fake.npz,Fake,Real,0.18676538676372728,0.12618307769298553,0.025263745337724686,2.642834442667663e-05,0.7656342387199402,0.01671944372355938
278_pNogULi28gs_118_1_audio_short_512x512_1_0933_withaudio_label_fake.npz,Fake,Real,0.30947354175150393,0.11143985390663147,0.06199205294251442,0.36611050367355347,0.9876922965049744,0.020133001729846
MOBGaVJH54A_162_7--13849-lSCTGJbObOg_342_2_label_fake.npz,Fake,Deepfake,0.40767326578497887,0.6721755862236023,0.05964308977127075,7.627531886100769e-05,0.9603185057640076,0.3461528718471527
DwbAW8G-57A_32_1_label_real.npz,Real,Real,0.29717303067445755,0.2771472930908203,0.08056360483169556,0.11869044601917267,0.9730004072189331,0.03646340221166611
13782-F1D_L94WDJk_38_2_label_fake.npz,Fake,Deepfake,0.5952052759937942,0.5988553166389465,0.004903876688331366,0.8752846121788025,0.9649952054023743,0.5319873690605164
trimmed_dNCH3eXEwB4_670_2--365_OprPPstAfSg_43_8_25fps_25fps_label_fake.npz,Fake,Deepfake,0.4154906538897194,0.3869464099407196,0.19234879314899445,0.0006594944861717522,0.9056850671768188,0.5918135046958923
21410-94hlY3KiRjs_91_1_label_fake.npz,Fake,Real,0.3058180344407447,0.31068873405456543,0.06847569346427917,0.0006219209753908217,0.9562147259712219,0.193089097738266
302_VifDzyPgBNg_0_5-batch-2025-02-04-10-00-57-113_label_fake.npz,Fake,Real,0.31829172228021174,0.5688153505325317,0.0539243258535862,3.9326288003849186e-08,0.9506674408912659,0.018051454797387123
mXDi_C0yb6A_8_2--22832-J-vYXU4vqcY_5_6_label_fake.npz,Fake,Deepfake,0.42468279705305395,0.5570669174194336,0.20317837595939636,3.5060420344734666e-08,0.9157679080963135,0.4474007487297058
29578-_cPj3b9BDPI_6_1_label_fake.npz,Fake,Deepfake,0.6244082213371251,0.7581815719604492,0.6939296722412109,4.61565535792019e-10,0.9755443334579468,0.6943855285644531
26557-cHjvhDTfItA_127_4_label_fake.npz,Fake,Real,0.3338020941242576,0.46307307481765747,0.009400001727044582,0.0041096992790699005,0.9531273245811462,0.23930037021636963
5324-o3KMJLxjdoM_9_4_label_fake.npz,Fake,Real,0.21255318631301634,0.10865548998117447,0.0012878535781055689,3.195516183041036e-05,0.9448585510253906,0.007932081818580627
39_ISBxZXSDgWE_85_2_audio_short_512x512_1_1652_withaudio_label_fake.npz,Fake,Real,0.2333307379158214,0.15001177787780762,0.03731068968772888,0.0005192110547795892,0.96809321641922,0.010718794539570808
20788-WowrvQ9h9ao_41_1_label_fake.npz,Fake,Deepfake,0.39936077931645775,0.6997165679931641,0.017274366691708565,8.062833734001629e-11,0.9891969561576843,0.2906160056591034
8529_d2om_PGtwWY_30_1_label_fake.npz,Fake,Deepfake,0.35139212906360634,0.09271331876516342,0.12110275775194168,0.4234052300453186,0.964743435382843,0.1549959033727646
014_bbe9116e.jpg_hR6MLH3vp80_1080p_140_1_label_fake.npz,Fake,Deepfake,0.4516197354299948,0.6804205179214478,0.02365024760365486,0.00092208047863096,0.9567815661430359,0.5963242650032043
28043.png_hdS30nnhNZo_3_5_label_fake.npz,Fake,Deepfake,0.37157866011330043,0.6214781999588013,0.0012823047582060099,3.0818373488727957e-06,0.9120264649391174,0.32310324907302856
aEM1s9Saa-g_80_1_label_real.npz,Real,Real,0.32555488279167455,0.38738760352134705,0.0774531289935112,4.008593013082873e-09,0.9511339068412781,0.2117997705936432
012_12d61e14-1P9nl9tBK38_47_2_label_fake.npz,Fake,Deepfake,0.5101765841740453,0.5010427832603455,0.17241095006465912,2.474010440955965e-10,0.9755725860595703,0.9018566012382507
19645-T-vVO3nRFzI_92_3_label_fake.npz,Fake,Deepfake,0.4206319898366928,0.46102234721183777,0.10852155089378357,0.18230171501636505,0.9632784128189087,0.38803592324256897
13_nBVWOmPTk-4_44_4_512x512_1_0533_withaudio_label_fake.npz,Fake,Real,0.333131521793257,0.534959614276886,0.005204761400818825,4.806109791388735e-05,0.9498616456985474,0.17558352649211884
mHii80xikXs_2463_2_label_real.npz,Real,Real,0.28031520828626527,0.42868199944496155,0.0026209161151200533,1.8130942407879047e-05,0.8625121116638184,0.10774288326501846
14458-Lqg5fiwIQso_15_1_label_fake.npz,Fake,Deepfake,0.48655570093542344,0.3789021670818329,0.011612189002335072,0.18837355077266693,0.9886453151702881,0.8652452826499939
u-X671JqQWA_142_11_label_real.npz,Real,Deepfake,0.4701392875307647,0.5886389017105103,0.1556810438632965,2.287921233801171e-06,0.88658207654953,0.7197921276092529
094_664a03cd.jpg_zr6OpxBh5DA_92_2_label_fake.npz,Fake,Real,0.18020038027316335,0.08627793937921524,0.317172646522522,0.0524493008852005,0.43634507060050964,0.008756943978369236
06888_5xBpkc7-w3A_30_2_audio_short_512x512_1_0732_withaudio_label_fake.npz,Fake,Real,0.3424131833016873,0.13674230873584747,0.14914433658123016,0.4074726700782776,0.9650424122810364,0.0536641888320446
28736-EcjY1r34cBE_57_2_label_fake.npz,Fake,Deepfake,0.35949384739978996,0.4123293161392212,0.04305029287934303,1.8482207451597787e-05,0.9652970433235168,0.3767741024494171
411_VM4P9yV4rTA_218_14_512x512_1_0112_withaudio_label_fake.npz,Fake,Real,0.23884859466925265,0.20513306558132172,0.0401255302131176,0.005389933008700609,0.9181557893753052,0.02543865516781807
GwFRoh3zBYs_39_1--18057-o3KMJLxjdoM_60_4_label_fake.npz,Fake,Deepfake,0.5807031963951886,0.42659130692481995,0.0016580098308622837,0.999714195728302,0.9761044979095459,0.4994479715824127
152_nBVWOmPTk-4_96_2_512x512_1_0533_withaudio_label_fake.npz,Fake,Real,0.21004605808746865,0.11622291058301926,0.00218539428897202,3.9510678062626425e-10,0.9141477942466736,0.017674190923571587
mu11jOqHkrQ_1_1_label_real.npz,Real,Real,0.2152915650025488,0.4881220757961273,0.2004658579826355,1.1630595153633294e-08,0.3522675931453705,0.03560228645801544
543mYKKh1EE_44_1--24311-BJr-6o-eYLc_76_1_label_fake.npz,Fake,Real,0.2162847012605198,0.26574501395225525,0.0004060467181261629,2.081347702187486e-06,0.3680534064769745,0.4472169578075409
054_5e6a651d-rMrG-WhVhow_153_5_label_fake.npz,Fake,Deepfake,0.4622884179814719,0.5958819389343262,0.09102451056241989,0.0009510719100944698,0.9695936441421509,0.6539909243583679
24744-C95B9sgbmOc_16_1_label_fake.npz,Fake,Deepfake,0.364364850774291,0.7482344508171082,0.0020314694847911596,0.00018661432841327041,0.9841099977493286,0.08726172149181366
04PmEJaYKd0_24_1--12865-GgCnpDg0jwc_40_1_label_fake.npz,Fake,Real,0.2193642817437649,0.36073964834213257,0.05773324519395828,0.002427656203508377,0.16376866400241852,0.5121521949768066
13328-Fjkw9vYDukg_15_2_label_fake.npz,Fake,Deepfake,0.5544410987291485,0.8543074131011963,0.006845612078905106,0.00030225818045437336,0.9847584962844849,0.9259917140007019
282_fD2q4CcqU0w_37_1_label_fake.npz,Fake,Real,0.2903647628126165,0.1945849508047104,0.022402135655283928,2.2233553886863433e-10,0.9677643775939941,0.2670723497867584
238_j-SnQH4ewHU_106_5_512x512_1_0533_withaudio_label_fake.npz,Fake,Real,0.23384712131422988,0.10958490520715714,0.00367519143037498,1.7707743893424777e-07,0.9765810966491699,0.07939423620700836
093_dc555290-D56tKWtAMbw_815_1_label_fake.npz,Fake,Deepfake,0.5347269671361574,0.7317239046096802,0.035413507372140884,1.3773491446045227e-05,0.9759694933891296,0.9305141568183899
075_4c504eec_e0GahnJx-Sc_147_1_label_fake.npz,Fake,Real,0.3055696412920952,0.12974846363067627,0.35232868790626526,0.018471375107765198,0.9483399391174316,0.07895974069833755
qtUvdylaUoY_3_1_217_label_fake.npz,Fake,Deepfake,0.359711502922346,0.4635786712169647,0.0268219243735075,3.736753114935709e-06,0.9760944247245789,0.33205875754356384
28970-3U4D77IB-j8_105_2_label_fake.npz,Fake,Deepfake,0.4750659637153149,0.6455737352371216,0.12303969264030457,0.016128119081258774,0.978175163269043,0.6124131083488464
_uUskajC1Ps_66_1--22236-ADTwFvHACE4_18_1_label_fake.npz,Fake,Real,0.2697824311384632,0.22514930367469788,0.0034481792245060205,2.0380992726831693e-10,0.9441421627998352,0.17617250978946686
CeUoS2T2hhc_145_1--4775-y_wqp9PJHYo_87_1_label_fake.npz,Fake,Deepfake,0.7077489018440246,0.8509846329689026,0.3788371682167053,0.6366796493530273,0.9780527949333191,0.694190263748169
19493-Uk6sPnRL0WQ_77_3_label_fake.npz,Fake,Deepfake,0.41352396481144066,0.2641253173351288,0.4224053919315338,3.513151227707567e-07,0.9521709680557251,0.428917795419693
13208-I5oeY5O5oJI_34_3_label_fake.npz,Fake,Deepfake,0.36435630570776995,0.20073552429676056,0.551953136920929,8.44652095111087e-06,0.9581263661384583,0.1109580546617508
8tD-YwT4oAg_106_4_label_real.npz,Real,Deepfake,0.5319672885816544,0.4072841703891754,0.9640721678733826,0.0012549476232379675,0.9065967202186584,0.38062843680381775
25264_9pQuS1hCm04_4_25_audio_short_512x512_1_1652_withaudio_label_fake.npz,Fake,Real,0.250798421836915,0.23944135010242462,0.022076981142163277,5.564209648589724e-10,0.9602514505386353,0.03222232684493065
279_YGIhb_a29d0_1080p_777_1_512x512_1_1803_withaudio_label_fake.npz,Fake,Real,0.2262962637621513,0.12778949737548828,0.023592334240674973,9.900720669975271e-07,0.9450976252555847,0.03500087186694145
488_KDujlRUGYho_9_1_label_fake.npz,Fake,Deepfake,0.383096960276111,0.3303306996822357,0.3837953805923462,4.4576339841562174e-10,0.9889469742774963,0.21241174638271332
19734-nlrjxL_frmk_100_1_label_fake.npz,Fake,Deepfake,0.6233569186952082,0.7421061396598816,0.6283946633338928,0.00011458100198069587,0.9784502387046814,0.7677189707756042
11947-Fjkw9vYDukg_16_1_label_fake.npz,Fake,Deepfake,0.5424791720462964,0.6272692084312439,0.0010612442856654525,0.219455748796463,0.922168493270874,0.9424411654472351
5287-euQ1VaiXRoQ_60_2_label_fake.npz,Fake,Deepfake,0.36410407332377875,0.46874818205833435,0.0012235093163326383,4.49079789177631e-06,0.9767549633979797,0.3737892210483551
26056-BJr-6o-eYLc_0_2_label_fake.npz,Fake,Real,0.23253461346030238,0.12165398895740509,0.01767803356051445,0.018376346677541733,0.9736504554748535,0.031314242631196976
411_De5FGogMWzQ_110_3_512x512_1_1803_withaudio_label_fake.npz,Fake,Real,0.2556599762290716,0.18211184442043304,0.026810910552740097,0.15341661870479584,0.8932410478591919,0.022719459608197212
191_6b48d25b.jpg_Vz-kJATn87E_1080p_88_9_label_fake.npz,Fake,Deepfake,0.3803964737337083,0.4502606987953186,0.026120981201529503,0.0028875579591840506,0.9611108303070068,0.4616023004055023
02859_IQ5UpoJDSzU_audio_1_label_fake.npz,Fake,Deepfake,0.4130218686535954,0.1794629991054535,0.011023993603885174,0.8819040656089783,0.9637241959571838,0.028994088992476463
MxlocFNdoXg_166_5_label_real.npz,Real,Deepfake,0.516767049022019,0.7022401094436646,0.013396655209362507,0.8656294345855713,0.9525426626205444,0.05002638325095177
15511-TalBZ9_fmQk_41_2_label_fake.npz,Fake,Deepfake,0.3798615017352859,0.4051576554775238,0.02346576564013958,8.971123315859586e-05,0.9880913496017456,0.4825030267238617
14826-p3XJSlgo1_M_103_1_label_fake.npz,Fake,Deepfake,0.5037261656485499,0.3463139533996582,0.004309471230953932,0.9999974966049194,0.9737266302108765,0.19428327679634094
wtCogf-htV0_59_1_label_real.npz,Real,Deepfake,0.4489596567254921,0.5056371688842773,0.25962790846824646,5.6515982578275725e-05,0.9253266453742981,0.5541500449180603
12627-Lv39BhZJ2mg_73_7_label_fake.npz,Fake,Deepfake,0.4787640714423106,0.6346022486686707,0.09512587636709213,4.0425738916383125e-06,0.9725406169891357,0.6915475726127625
15693_O1JxQ9OyJRQ_1_2_label_fake.npz,Fake,Real,0.20857472858488962,0.10330136120319366,0.04356296360492706,1.7094912152515462e-07,0.7996070981025696,0.09640204906463623
19294_UEjGEXAndzY_42_2_label_fake.npz,Fake,Deepfake,0.39173114644363527,0.6387717127799988,0.005508738104254007,0.0765576958656311,0.9813950657844543,0.2564225196838379
16720-KNEGWrD08f8_138_1_label_fake.npz,Fake,Deepfake,0.5135211601853371,0.372792512178421,0.8805713653564453,0.09284589439630508,0.9770494103431702,0.24434661865234375
sba-i5-e3WY_928_3--I5SwIyy5pMk_48_1_39_label_fake.npz,Fake,Deepfake,0.4675040214220644,0.5773091912269592,0.22858737409114838,6.37718039797619e-06,0.8827313184738159,0.6488858461380005
492_78p4J0EEepU_6_2-batch-2025-02-05-13-35-36-54_label_fake.npz,Fake,Deepfake,0.48766195839853027,0.5542821884155273,0.645341157913208,2.944798325188458e-05,0.7829160690307617,0.45574092864990234
KKeGv-ny-kY_28_6_label_real.npz,Real,Deepfake,0.6367686092853546,0.7645354270935059,0.38612619042396545,0.6297990083694458,0.7786310315132141,0.6247513890266418
401_Ll8xGtwvH84_375_2_512x512_1_0533_withaudio_label_fake.npz,Fake,Real,0.22295248099419612,0.13590608537197113,0.01289414893835783,5.03070030077879e-10,0.9591540694236755,0.006808100733906031
389_u-X671JqQWA_105_78_512x512_1_1803_withaudio_label_fake.npz,Fake,Real,0.3009123954747338,0.32524189352989197,0.10988692939281464,0.0003833564987871796,0.9790176749229431,0.09003212302923203
182_8tD-YwT4oAg_322_2_label_fake.npz,Fake,Deepfake,0.5268176569381468,0.5580236315727234,0.9691160917282104,2.5167484636767767e-05,0.9824461936950684,0.12447720021009445
20149_0-kY_RQxuc0_147_1_label_fake.npz,Fake,Deepfake,0.4914309171959758,0.32187047600746155,0.011048569343984127,0.9997232556343079,0.9590349793434143,0.16547730565071106
lXXCH-gBGzI_104_21_25fps--394_E7lIbmnQqgU_250_2_25fps_label_fake.npz,Fake,Deepfake,0.36439736634517855,0.5430949330329895,0.06688813120126724,1.249090240962314e-12,0.6487642526626587,0.5632395148277283
X-xPVn_ISwo_32_label_fake.npz,Fake,Real,0.29312511832253074,0.265869140625,0.10722903162240982,3.655407573854852e-11,0.96408611536026,0.12844130396842957
12682-cbtkoZUOR1A_112_7_label_fake.npz,Fake,Real,0.3166363091375388,0.4478156566619873,0.08158993721008301,7.857186574256048e-06,0.9928804039955139,0.060887690633535385
422_5l1PmijHT5o_21_1_512x512_1_0533_withaudio_label_fake.npz,Fake,Real,0.24266830485751142,0.12033063173294067,0.06499900668859482,9.587253089193837e-07,0.9220832586288452,0.10592766851186752
sgHHRVH0NFo_24_5--23884-8KovXKo3DL4_90_1_label_fake.npz,Fake,Real,0.31004464924335484,0.6066300868988037,0.12530387938022614,8.153046271692874e-24,0.3514295816421509,0.46685969829559326
47_VifDzyPgBNg_0_5-batch-2025-02-04-10-00-57-157_label_fake.npz,Fake,Real,0.3484928206030802,0.7165741324424744,0.0539243258535862,3.9326288003849186e-08,0.9572663307189941,0.01469927467405796
jV2pjBg0srU_123_12_label_real.npz,Real,Real,0.2138574990909547,0.41510456800460815,0.012882902286946774,0.0001335467677563429,0.3386019170284271,0.3025645613670349
026_e5342024.jpg_eItLUO9eyno_2_1_label_fake.npz,Fake,Real,0.33892642536775386,0.5647825598716736,0.00866328552365303,1.9649864043458365e-05,0.980531632900238,0.14063499867916107
12754-mXDi_C0yb6A_72_1_label_fake.npz,Fake,Deepfake,0.664252081513405,0.7659441828727722,0.15230856835842133,0.9997660517692566,0.9837559461593628,0.4194856584072113
SzhK7Q-pY0U_1_113--9ztkB7gr8po_6_9_253_label_fake.npz,Fake,Real,0.292833081752586,0.5476546287536621,0.005891431588679552,1.3300593959542084e-10,0.6178005933761597,0.29281875491142273
23868-YL5mJAGGsjY_71_1_label_fake.npz,Fake,Deepfake,0.7064718961715699,0.6979895830154419,0.3463924527168274,0.9949047565460205,0.9759678840637207,0.5171048045158386
tVY44gQSFOA_0_4_label_real.npz,Real,Real,0.3087250150740147,0.4563486576080322,0.04122495278716087,1.3523198640270125e-17,0.9624038338661194,0.08364763110876083
25171_I5oeY5O5oJI_31_13_label_fake.npz,Fake,Deepfake,0.4643734973855317,0.1259051114320755,0.23168982565402985,0.9999946355819702,0.9579362869262695,0.006341627333313227
PmI4qnTpL0E_241_44--04230_vBYZtQTbLBo_audio_3_182_label_fake.npz,Fake,Deepfake,0.4309862330626204,0.4232196807861328,0.033676184713840485,3.5143853105434886e-11,0.9872137308120728,0.7108215689659119
21292_NduDs59WZqU_72_3_label_fake.npz,Fake,Real,0.34876848049724124,0.2634173631668091,0.010634640231728554,1.3114100951006069e-11,0.9542927145957947,0.5154976844787598
dMfH7JbxZdY_1_1_label_real.npz,Real,Deepfake,0.3961241075037265,0.5508591532707214,0.20366917550563812,1.682034849181946e-07,0.9715456366539001,0.2545464038848877
985_d2om_PGtwWY_10_1_label_fake.npz,Fake,Real,0.32120098122395574,0.28923285007476807,0.2276216447353363,0.00033567589707672596,0.9423211812973022,0.1464935541152954
020_cce4e0e0-28Z-aq2wk60_125_6_label_fake.npz,Fake,Deepfake,0.5214521452784538,0.7673232555389404,0.12463220953941345,0.0422927662730217,0.9785543084144592,0.6944581866264343
39827_BJr-6o-eYLc_29_1_audio_short_512x512_1_0944_withaudio_label_fake.npz,Fake,Real,0.3116742755286395,0.38490840792655945,0.006387215573340654,0.010768265463411808,0.9830081462860107,0.17329934239387512
VALyeyRDH1Q_64_6_label_real.npz,Real,Real,0.3142141356357911,0.3436100482940674,0.0025270706973969936,8.39315248413186e-08,0.9708030223846436,0.25413045287132263
22184_lSCTGJbObOg_0_1_label_fake.npz,Fake,Deepfake,0.37975177383050324,0.23181024193763733,0.11862224340438843,0.0037482487969100475,0.9419540166854858,0.6026241183280945
29714-QvTs7W732ZQ_15_2_label_fake.npz,Fake,Deepfake,0.38272764557041633,0.48842865228652954,0.0029966768343001604,2.0178884537164037e-14,0.9636964797973633,0.4585164189338684
24623-pSdCFzplNME_79_1_label_fake.npz,Fake,Deepfake,0.4501700051129308,0.7759824991226196,0.06079331412911415,2.2152966310320932e-13,0.930823028087616,0.4832511842250824
34_3NYH-zyIfZY_1_1_audio_short_512x512_1_0933_withaudio_label_fake.npz,Fake,Real,0.22954096919756922,0.11192647367715836,0.07274842262268066,2.5264403120672796e-06,0.9387722611427307,0.024255162104964256
26802-SWHweN9WlkU_76_4_label_fake.npz,Fake,Deepfake,0.5326007664203644,0.13091139495372772,0.41918399930000305,0.9999990463256836,0.9833714365959167,0.12953795492649078
9DTxDmLwFb8_1260_17_label_real.npz,Real,Real,0.28481540530920035,0.6397043466567993,0.07592659443616867,3.3498869279596896e-16,0.1489771008491516,0.5594689846038818
073_2880f59c_gSXvXgjlnnw_50_1_label_fake.npz,Fake,Real,0.2450443290741703,0.1878374218940735,0.028225209563970566,4.1565371589058486e-07,0.983316957950592,0.025841640308499336
eWj2-6q2ybk_254_2_label_real.npz,Real,Real,0.057751337220516064,0.12247363477945328,0.01061990950256586,4.826856780937305e-08,0.1290639340877533,0.026599159464240074
498_tStxmy972vw_9_5-batch-2025-02-05-13-35-36-120_label_fake.npz,Fake,Real,0.21586525615639404,0.07813391089439392,0.07040394097566605,4.822380651603453e-05,0.9241716265678406,0.006568578537553549
076_66977623_Yhp6bu6frjU_271_24_label_fake.npz,Fake,Deepfake,0.46984078586101535,0.3685525357723236,0.02531704492866993,0.9806557893753052,0.9540692567825317,0.020609302446246147
083_16b5e7ab_MxlocFNdoXg_720_1-batch-2025-02-10-11-34-42-65_label_fake.npz,Fake,Deepfake,0.4853149800345236,0.7362717986106873,0.5716283321380615,5.903091704340113e-08,0.9539735317230225,0.1647011786699295
422_QoCpSP81vns_audio_3_label_fake.npz,Fake,Deepfake,0.43280146122088364,0.4547463357448578,0.3278707265853882,5.480175774980056e-12,0.972602367401123,0.40878787636756897
rxLBonV9-4Y_77_1--18004-o3KMJLxjdoM_42_1_label_fake.npz,Fake,Deepfake,0.5261345915496349,0.34166982769966125,0.023911472409963608,0.9794092774391174,0.9433165192604065,0.3423658609390259
455_reaup7qkEfk_41_4_audio_short_512x512_1_0557_withaudio_label_fake.npz,Fake,Real,0.2920433980768167,0.3589246869087219,0.11512935906648636,1.5950676015563658e-06,0.9615313410758972,0.02463000826537609
13801-aE-eKPb6vhM_21_1_label_fake.npz,Fake,Deepfake,0.5488223060965538,0.7851654887199402,0.06445375829935074,0.09375680983066559,0.9866481423377991,0.8140873312950134
SNHUu7YkNjA_1_5--13208-LmGz2Hp34l0_29_1_label_fake.npz,Fake,Deepfake,0.6611329399049282,0.6354076862335205,0.05154023692011833,0.968582272529602,0.9853427410125732,0.6647917628288269
093_8cb84a89.jpg_3yaIqVnHrv8_19_2_label_fake.npz,Fake,Real,0.2543062120829518,0.20714294910430908,0.0016855980502441525,1.0346597036914318e-06,0.9235100150108337,0.13919146358966827
19544-WBMbPMPKaBM_1_2_label_fake.npz,Fake,Deepfake,0.39215344795957213,0.47272929549217224,0.14633998274803162,0.0032188300974667072,0.9827032089233398,0.35577592253685
31978_gUGPeMAFZtA_8_1_audio_short_512x512_1_0944_withaudio_label_fake.npz,Fake,Real,0.25601813032408244,0.08619089424610138,0.015632713213562965,0.0004163804987911135,0.9663355350494385,0.2115151286125183
00909_SzhK7Q-pY0U_1_7_label_fake.npz,Fake,Real,0.2024194838881997,0.11379282921552658,0.010396425612270832,2.0141779910609614e-10,0.842932403087616,0.04497576132416725
760-yMK0bMaGZYI_32_1_label_fake.npz,Fake,Deepfake,0.63150622845361,0.5917451977729797,0.6494764685630798,3.32480917797362e-11,0.9822019934654236,0.9341074824333191
087_155f1f74.jpg_J_ComKnl1hk_6_28_label_fake.npz,Fake,Real,0.29210733859908944,0.4314727783203125,0.006191837135702372,2.2249534595175646e-05,0.9338884353637695,0.0889613926410675
MFusQ6Jv5cE_209_1--gc8LE2PP3hM_243_14_284_label_fake.npz,Fake,Deepfake,0.3811333830828574,0.5422688722610474,0.005393513012677431,2.58156461541148e-07,0.9291769862174988,0.42882728576660156
1280-bM1LXa68oxc_247_1_label_fake.npz,Fake,Deepfake,0.4157162755727768,0.36658820509910583,0.11987723410129547,0.8665521740913391,0.194441556930542,0.5311222076416016
22639-v4Y0FzwVMR8_17_1_label_fake.npz,Fake,Deepfake,0.37636729263176677,0.4391564726829529,0.18876101076602936,3.189260314684361e-05,0.9070216417312622,0.3468654453754425
NEEN8fSBuWI_283_1_label_real.npz,Real,Deepfake,0.39537023471257277,0.7497228384017944,0.24620309472084045,1.3843996384821367e-05,0.9050227403640747,0.07588865607976913
198-Du1SKO_ri4w_85_41_label_fake.npz,Fake,Deepfake,0.4077016506809742,0.3603282868862152,0.2756906747817993,0.0008763840887695551,0.952263593673706,0.4493493139743805
8308-4DNuopwIbbU_60_4_label_fake.npz,Fake,Deepfake,0.46064997613430025,0.556132435798645,0.24127350747585297,0.053419142961502075,0.9653013944625854,0.48712339997291565
109.png_PXdPmUJN6k0_74_47_label_fake.npz,Fake,Deepfake,0.35074078510660917,0.43591341376304626,0.0009740869281813502,5.737494939239696e-05,0.9843009114265442,0.33245813846588135
26544-mRNCLRo9JAM_31_5_label_fake.npz,Fake,Deepfake,0.4655197873711586,0.43975457549095154,0.4801831841468811,0.051435478031635284,0.9804298877716064,0.37579581141471863
TsQZOTSteK8_86_1--19418-ADTwFvHACE4_10_3_label_fake.npz,Fake,Deepfake,0.3775831312731498,0.4807113707065582,0.02517278492450714,3.951753924091861e-10,0.8951113820075989,0.4869201183319092
1WuFbrHbnW8_94_5--1stTPtXYjuM_255_37_364_label_fake.npz,Fake,Real,0.24589644223451618,0.21265475451946259,0.024835646152496338,0.07722289115190506,0.8420337438583374,0.07273517549037933
088_29b6bf25.jpg_RQVdbZQrl2E_3_1_label_fake.npz,Fake,Deepfake,0.38153827617861685,0.510837733745575,0.05256298929452896,1.0772560926852748e-05,0.9180141687393188,0.4262657165527344
12645-ISBxZXSDgWE_46_4_label_fake.npz,Fake,Deepfake,0.45695817051455384,0.7672865390777588,0.002099560108035803,0.1230916902422905,0.9687533974647522,0.42355966567993164
3DdSiJB8Bo0_8_1--23067-PYRFxrLt30A_18_4_label_fake.npz,Fake,Deepfake,0.6297818663530053,0.5895740389823914,0.004815222229808569,0.9363017082214355,0.9513023495674133,0.666916012763977
478_d5GTYm01vqA_312_4_512x512_1_0533_withaudio_label_fake.npz,Fake,Deepfake,0.43725464482346166,0.6436764001846313,0.25769445300102234,6.916075268037503e-09,0.9797818660736084,0.3051204979419708
hdS30nnhNZo_6_9_label_real.npz,Real,Real,0.07220525706752595,0.1651957631111145,0.02621057815849781,5.085142674943199e-06,0.09248588979244232,0.07712896913290024
KENbRqWDpYM_16_2_label_real.npz,Real,Real,0.3107851207292855,0.31456658244132996,0.19403503835201263,1.8268803136933798e-11,0.9668357372283936,0.07848824560642242
262_8tD-YwT4oAg_399_1_label_fake.npz,Fake,Deepfake,0.4431036548267003,0.25030896067619324,0.9843259453773499,8.989845809992403e-06,0.9701260328292847,0.010748345404863358
020_3af33d4e.jpg_vebjQP6GXm0_219_1_label_fake.npz,Fake,Real,0.2536164285615087,0.4094019830226898,0.013593659736216068,3.2493096869582297e-25,0.2096676081418991,0.6354188919067383
1249-y_wqp9PJHYo_0_2_label_fake.npz,Fake,Real,0.28225910703185947,0.298875093460083,0.02339751459658146,0.00031549495179206133,0.9045044183731079,0.18420301377773285
10265-6cKTSj4a8bQ_196_1_label_fake.npz,Fake,Deepfake,0.6183816492557526,0.3475886583328247,0.13799789547920227,0.9992291927337646,0.9726614952087402,0.634431004524231
009_23c94f29_P_stI11n2Sc_20_8_label_fake.npz,Fake,Deepfake,0.386774783794927,0.5804943442344666,0.02771010622382164,1.0671586947452738e-09,0.9571869969367981,0.36848247051239014
apnde-Dpq8E_1080p_102_4_808_label_fake.npz,Fake,Deepfake,0.4662062466144562,0.19899894297122955,0.09474867582321167,0.9997996687889099,0.9696280360221863,0.06785590946674347
8919-J-vYXU4vqcY_9_6_label_fake.npz,Fake,Deepfake,0.7618115371093155,0.9014427065849304,0.0044645993039011955,0.999886155128479,0.993935763835907,0.9093284606933594
025_61e2c5e5_MxlocFNdoXg_720_1-batch-2025-02-10-11-34-42-96_label_fake.npz,Fake,Deepfake,0.4781065909907156,0.7245635390281677,0.5716283321380615,5.903091704340113e-08,0.9562129974365234,0.13812802731990814
20816-I5oeY5O5oJI_0_1_label_fake.npz,Fake,Real,0.25607294330749775,0.151825413107872,0.026605667546391487,7.56253104583493e-09,0.9299300312995911,0.1720035970211029
254_1P9nl9tBK38_325_8_label_fake.npz,Fake,Real,0.26576836926016156,0.26055386662483215,0.0009596216259524226,1.674476735047392e-08,0.967574954032898,0.09975338727235794
12598-J_U3D_QAw7c_120_1_label_fake.npz,Fake,Deepfake,0.3974430613219739,0.5838163495063782,0.08656708896160126,0.00985894724726677,0.9831658601760864,0.3238070607185364
9ztkB7gr8po_2_31--B4LwKKKbAuI_14_1_67_label_fake.npz,Fake,Deepfake,0.500937154893045,0.5232542753219604,0.9377224445343018,1.9690993627308195e-11,0.8223044276237488,0.22140462696552277
175_jXf9d1xHO34_1080p_30_20_512x512_1_1803_withaudio_label_fake.npz,Fake,Real,0.29682847708463667,0.2559870183467865,0.0552235022187233,0.07529832422733307,0.9643328189849854,0.13330072164535522
23266-vpMM4zCwksk_0_2_label_fake.npz,Fake,Deepfake,0.5790899793617428,0.3921598494052887,0.004284550901502371,0.9999312162399292,0.9127060174942017,0.5863682627677917
8202-pzdnuEa8a20_88_1_label_fake.npz,Fake,Real,0.31642445509825207,0.4710369110107422,0.021887682378292084,1.7481075476055707e-09,0.8992884159088135,0.18990926444530487
152_E9ikzQWCZm0_7_1_label_fake.npz,Fake,Real,0.3169055585513377,0.2951337993144989,0.09400366246700287,3.59838139729618e-07,0.9752166867256165,0.22017328441143036
010_2f9c83bc_OprPPstAfSg_74_13_label_fake.npz,Fake,Real,0.2797960345633328,0.3834195137023926,0.029424797743558884,0.006102236453443766,0.9434975981712341,0.03653602674603462
51381.png_MFusQ6Jv5cE_192_1_label_fake.npz,Fake,Deepfake,0.38310293704286347,0.3495583236217499,0.029435940086841583,7.514749456385972e-13,0.9713757038116455,0.5651447176933289
28165_I5oeY5O5oJI_56_7_label_fake.npz,Fake,Deepfake,0.5683540642261505,0.3602682650089264,0.43708476424217224,0.3319806754589081,0.9712545275688171,0.7411820888519287
KKNCiRWd_j0_471_1--24192-GgCnpDg0jwc_55_4_label_fake.npz,Fake,Deepfake,0.54788948148489,0.5362112522125244,0.029422156512737274,1.0,0.9585017561912537,0.21531224250793457
VifDzyPgBNg_599_3_label_real.npz,Real,Real,0.2772669493849662,0.412849485874176,0.0033446482848376036,1.3979968116473174e-06,0.9478980898857117,0.022241124883294106
22444-PEKF-vrTi9Q_42_1_label_fake.npz,Fake,Deepfake,0.4853180628141673,0.3616422116756439,0.8278185129165649,4.937808171234792e-06,0.9687902927398682,0.26833435893058777
281-bM1LXa68oxc_212_3_label_fake.npz,Fake,Deepfake,0.36649959348142147,0.28206562995910645,0.02806149236857891,0.8766850233078003,0.18503236770629883,0.4606534540653229
t86T9sem8EM_140_1_25fps--44_UzfVjgZKjro_1080p_82_1_25fps_label_fake.npz,Fake,Deepfake,0.5253633659332991,0.7344503998756409,0.4595390558242798,0.01023986004292965,0.834732711315155,0.58785480260849
24619-JsGQizTuPSo_75_1_label_fake.npz,Fake,Deepfake,0.5967454794794321,0.5055479407310486,0.02572217769920826,0.9999988079071045,0.9786116480827332,0.47384682297706604
iEd6mSVWLr4_52_26_label_real.npz,Real,Deepfake,0.3962941098959037,0.7223337888717651,0.0080637875944376,3.914172859529469e-13,0.9828073978424072,0.26826557517051697
325_aOJ4HdjvrMI_120_1_label_fake.npz,Fake,Real,0.24246398562099786,0.15591363608837128,0.0013409702805802226,0.009480047039687634,0.9759491682052612,0.06963610649108887
T-vVO3nRFzI_100_2--3025-ADTwFvHACE4_18_1_label_fake.npz,Fake,Deepfake,0.388544086826749,0.6521583199501038,0.0034481792245060205,2.0380992726831693e-10,0.9622135758399963,0.324900358915329
79_Iy1E-yjDyFA_49_2_512x512_1_0533_withaudio_label_fake.npz,Fake,Real,0.2779859921924071,0.30754169821739197,0.01419857144355774,0.000220510657527484,0.9857165813446045,0.08225259929895401
1725-M-3HEJpdx2I_99_1_label_fake.npz,Fake,Deepfake,0.3971116088330746,0.43495774269104004,0.1851828694343567,0.0275731198489666,0.9737564325332642,0.36408787965774536
053_5b42d9d9.jpg_Jy-bPwwFxhk_37_1_label_fake.npz,Fake,Real,0.3121728580445052,0.2131938934326172,0.024999013170599937,3.0146296992496614e-16,0.9715348482131958,0.35113653540611267
23429-SoI9-PP5Tmk_358_1_label_fake.npz,Fake,Real,0.3468463427881943,0.33284062147140503,0.004771142732352018,0.00018421212735120207,0.9593698382377625,0.43706589937210083
20967-0xfJy96HJqo_19_1_label_fake.npz,Fake,Real,0.19522780313166016,0.41009148955345154,0.002203165553510189,1.4017179084113707e-10,0.09401408582925797,0.4698302745819092
411_VGCRcRs-jkE_35_6_label_fake.npz,Fake,Real,0.30597570016980175,0.3587949872016907,0.23252946138381958,3.806996198879353e-17,0.9223770499229431,0.01617700234055519
5722-53GIoeOAam4_11_1_label_fake.npz,Fake,Deepfake,0.44486072026193146,0.080760158598423,0.2673507034778595,0.9058648943901062,0.9531027674674988,0.017225077375769615
12423-itFwx1CZM9I_99_2_label_fake.npz,Fake,Deepfake,0.47544997185468674,0.24714578688144684,0.0936015322804451,0.9043406844139099,0.9605004787445068,0.171661376953125
030_df8c8fad.jpg_vdLn_BXY7E8_251_1_label_fake.npz,Fake,Real,0.28942755461814595,0.251542329788208,0.0447288453578949,5.377278483598147e-11,0.6728487610816956,0.4780178368091583
24808-3NYH-zyIfZY_57_1_label_fake.npz,Fake,Deepfake,0.5637147661298514,0.8271995186805725,0.13640311360359192,0.01923230104148388,0.9801439642906189,0.8555949330329895
26349-ezja7-YQ72g_27_1_label_fake.npz,Fake,Deepfake,0.5308539047837257,0.514761745929718,0.08724052459001541,0.2431214451789856,0.9880451560020447,0.821100652217865
5056-NSWcdPWXZQI_106_1_label_fake.npz,Fake,Deepfake,0.3619593434035778,0.4405645430088043,0.14219817519187927,0.030512642115354538,0.9705326557159424,0.2259887009859085
CeUoS2T2hhc_106_5--18613-NSWcdPWXZQI_129_1_label_fake.npz,Fake,Real,0.20547622444573793,0.4107280671596527,0.010003067553043365,0.000525824842043221,0.12465280294418335,0.48147135972976685
25_ZWWpghA1SJc_39_1_audio_short_512x512_1_0557_withaudio_label_fake.npz,Fake,Deepfake,0.4264265069515117,0.6915826201438904,0.2343796193599701,4.5451562513676436e-09,0.9646089673042297,0.24156132340431213
14710_DCeJZTSFTXs_16_1_audio_short_512x512_1_0557_withaudio_label_fake.npz,Fake,Deepfake,0.4217850825516507,0.1774231642484665,0.0008127944311127067,0.6691288948059082,0.9744769930839539,0.28708356618881226
15604-NkFOqfFDb1c_62_1_label_fake.npz,Fake,Deepfake,0.4125223107635975,0.38869524002075195,0.03749294951558113,0.9999996423721313,0.40862682461738586,0.22779689729213715
MzXkiK4ROhQ_105_1--24623-53GIoeOAam4_16_5_label_fake.npz,Fake,Deepfake,0.47499304357916117,0.6624025702476501,0.0228703785687685,0.005809019319713116,0.9412202835083008,0.7426629662513733
65699_bkCpQk_K_jg_158_1_audio_short_512x512_1_0732_withaudio_label_fake.npz,Fake,Deepfake,0.45093103982508187,0.1444960981607437,0.10085022449493408,0.9999982118606567,0.9839578866958618,0.025352777913212776
B4LwKKKbAuI_88_21--zpEUWKUUxdY_0_16_601_label_fake.npz,Fake,Real,0.3238967274905008,0.4690941870212555,0.028419174253940582,7.402304618153721e-07,0.9800036549568176,0.14196588099002838
26131-cbtkoZUOR1A_65_3_label_fake.npz,Fake,Real,0.34402178227979036,0.27319616079330444,0.09167282283306122,3.878532477824548e-12,0.9932011961936951,0.3620387315750122
02479-W3xHmerC4wM_2_1_label_fake.npz,Fake,Deepfake,0.40088689550817974,0.7576835751533508,0.03601796552538872,3.0280858116099596e-12,0.9682116508483887,0.2425212860107422
9540-Y8tqH6MnJUU_14_1_label_fake.npz,Fake,Deepfake,0.3751431547105312,0.3572000563144684,0.4128742814064026,0.032495539635419846,0.9800722599029541,0.09307363629341125
1POFF5RQjyM_116_1_label_real.npz,Real,Real,0.32951841952446376,0.2774285674095154,0.014852105639874935,3.0835135333973085e-08,0.8149018883705139,0.540409505367279
22093-ADTwFvHACE4_31_1_label_fake.npz,Fake,Real,0.1984413718339056,0.09498213231563568,0.006989268586039543,0.0002686034422367811,0.8680574893951416,0.02190936543047428
21235_O1JxQ9OyJRQ_97_2_label_fake.npz,Fake,Real,0.2840514130890379,0.32856109738349915,0.05019577220082283,4.860950136604137e-15,0.9746930599212646,0.06680713593959808
46252.png_8tD-YwT4oAg_222_1_label_fake.npz,Fake,Deepfake,0.5176423623416326,0.359727144241333,0.9904133677482605,8.415448178311635e-07,0.9575672745704651,0.28050318360328674
lXXCH-gBGzI_50_11_25fps--47398_NEEN8fSBuWI_364_1_25fps_label_fake.npz,Fake,Deepfake,0.597834300994873,0.5649605989456177,0.3999936580657959,0.9852513074874878,0.4927658438682556,0.5462000966072083
24062-sUv353ua7E8_17_1_label_fake.npz,Fake,Deepfake,0.43971645832061773,0.2560621201992035,0.04448089003562927,0.6194940805435181,0.9755487442016602,0.3029964566230774
22956-4ZO2_2nHaIk_36_1_label_fake.npz,Fake,Deepfake,0.52017142180002,0.753440797328949,0.42679959535598755,1.686935452438476e-10,0.9677786827087402,0.4528380334377289
17898_jE5wxTgovZs_0_1_label_fake.npz,Fake,Real,0.31903262096700474,0.19321738183498383,0.2510312795639038,6.23765458840353e-07,0.9849615097045898,0.16595230996608734
hdS30nnhNZo_7_4_label_real.npz,Real,Real,0.22107720526400956,0.13930743932724,0.01552248653024435,9.394367225468159e-06,0.9231247305870056,0.027421975508332253
6983-QlwtGFJHSYc_281_2_label_fake.npz,Fake,Deepfake,0.48600813641169227,0.7502369284629822,0.053978174924850464,3.8737754948670045e-05,0.9822423458099365,0.6435444951057434
O_6kW3Mrkm8_187_7_label_real.npz,Real,Deepfake,0.3960716127883643,0.06867159903049469,0.0011408345308154821,0.9999985694885254,0.9007453322410583,0.009801728650927544
801_NduDs59WZqU_72_3_label_fake.npz,Fake,Real,0.2409319940980675,0.12083302438259125,0.010634640231728554,1.3114100951006069e-11,0.9862582683563232,0.08693403750658035
29636-KFOvtqspEZk_178_1_label_fake.npz,Fake,Deepfake,0.5299584649503232,0.27670857310295105,0.9575733542442322,0.5610596537590027,0.7942290902137756,0.060221653431653976
0fpc2LXBvUo_54_1--00364_tf_pzTBKuFY_audio_1_150_label_fake.npz,Fake,Real,0.3381240487128189,0.2722906470298767,0.32999420166015625,1.4747843571361052e-11,0.9261506795883179,0.1621847152709961
07977.png_7AldV8ATrJc_240_1_label_fake.npz,Fake,Deepfake,0.5060315160086248,0.7557255029678345,0.021743640303611755,5.057108865003102e-07,0.9798343777656555,0.7728535532951355
251_SzhK7Q-pY0U_1_33_label_fake.npz,Fake,Real,0.3320035703872364,0.6254685521125793,0.0202296432107687,6.725128542939274e-08,0.9874283671379089,0.026891222223639488
083_16b5e7ab_Nz7QfvnRkuE_555_1-batch-2025-02-10-11-34-42-77_label_fake.npz,Fake,Deepfake,0.4842211503536071,0.7615946531295776,0.024174759164452553,2.807403289874222e-13,0.9826391935348511,0.6526971459388733
484_nTEv62rENMA_label_fake.npz,Fake,Real,0.32153909951448545,0.4535439610481262,0.12578722834587097,5.205140704171501e-15,0.972754955291748,0.05560935288667679
12865-GwFRoh3zBYs_44_4_label_fake.npz,Fake,Real,0.30859143192316624,0.2919760048389435,0.0517159178853035,1.1447794889818397e-07,0.9754031896591187,0.2238619327545166
13032_WLXiu-qp8Lw_183_1_label_fake.npz,Fake,Real,0.3237560167908669,0.1479066014289856,0.11007437855005264,0.3079797029495239,0.9798740744590759,0.07294532656669617
18261_wR86bUBzCqU_label_fake.npz,Fake,Deepfake,0.399033257349463,0.3210873305797577,0.23909440636634827,1.4822342464526628e-08,0.9752498865127563,0.45973464846611023
021_0b9bd77d--19DTZ6_d6U_651_3_label_fake.npz,Fake,Real,0.2650397445722689,0.39038243889808655,0.0003165452217217535,2.79432725847073e-08,0.584925651550293,0.3495740592479706
496_GK9gq8WEHA0_790_1-batch-2025-02-05-13-35-36-0_label_fake.npz,Fake,Deepfake,0.36185534586475115,0.27108490467071533,0.044051747769117355,3.294969428679906e-05,0.955264151096344,0.5388429760932922
27613_PYRFxrLt30A_42_2_label_fake.npz,Fake,Deepfake,0.47719790339469914,0.5984325408935547,0.1497395932674408,0.30839014053344727,0.9839698672294617,0.34545737504959106
9290_HUqaEI0dweE_23_3_label_fake.npz,Fake,Real,0.29378954544663427,0.10946991294622421,0.14444372057914734,0.03177034482359886,0.9753575921058655,0.20790615677833557
183__NxbN7iCl3w_594_1_label_fake.npz,Fake,Deepfake,0.41308133022857924,0.2854767441749573,0.6627901792526245,8.381018656855588e-10,0.9721808433532715,0.14495888352394104
081_4d677d83.jpg_1POFF5RQjyM_82_1_label_fake.npz,Fake,Deepfake,0.4432538773864508,0.6930500268936157,0.0028771001379936934,0.0020158581901341677,0.9812399744987488,0.5370864272117615
015_3a0f9ec8.jpg_GNkwgfQFj60_69_6_label_fake.npz,Fake,Real,0.3213063313625753,0.27201828360557556,0.005496747326105833,2.298909887528031e-16,0.9776315093040466,0.35138511657714844
Tq6_7XyCyyI_32_1--6185-lXv73xCGh8E_0_1_label_fake.npz,Fake,Deepfake,0.4229019205522491,0.6462284326553345,0.04473714530467987,7.579264638479799e-05,0.8585579991340637,0.5649102330207825
149.png_B4LwKKKbAuI_88_16_label_fake.npz,Fake,Deepfake,0.39908295260681403,0.562252938747406,0.42527779936790466,7.012554448238006e-08,0.9675021171569824,0.040381837636232376
cbtkoZUOR1A_101_16_label_real.npz,Real,Deepfake,0.3714951455090663,0.5436086654663086,0.19456681609153748,2.9551099345326293e-08,0.9927916526794434,0.12650856375694275
I5nY1qKef8M_49_1_label_real.npz,Real,Deepfake,0.4170997403562069,0.17786090075969696,0.21281355619430542,0.6825929880142212,0.9737179279327393,0.03851332888007164
mk3ebu5ue3U_66_6_label_real.npz,Real,Deepfake,0.559951168761836,0.5515562295913696,0.7275248765945435,2.8105905585107394e-05,0.9265228509902954,0.5941237807273865
cKuQhjDMxYI_15_1_label_real.npz,Real,Real,0.191034167440683,0.38440215587615967,0.004117516800761223,5.8645756695341333e-08,0.1326507031917572,0.4340004026889801
8efxcrjdffg_0_6_label_real.npz,Real,Deepfake,0.6416955024003983,0.7564683556556702,0.08741219341754913,0.9999635219573975,0.9296277761459351,0.43500566482543945
9902-I5oeY5O5oJI_46_3_label_fake.npz,Fake,Deepfake,0.53630156442523,0.13346195220947266,0.5483123064041138,0.9999998807907104,0.9801344275474548,0.019599255174398422
398_MxlocFNdoXg_720_1-batch-2025-02-04-10-00-57-143_label_fake.npz,Fake,Deepfake,0.45512420313415164,0.755011260509491,0.568893313407898,6.342218483723627e-08,0.8856003880500793,0.06611599028110504
38747-zr6OpxBh5DA_7_1_label_fake.npz,Fake,Real,0.34308025402592646,0.28108125925064087,0.33965256810188293,3.3161425108119147e-06,0.9712669253349304,0.12339720129966736
22779_BhwnAYvzhm4_32_1_label_fake.npz,Fake,Deepfake,0.36688703857362276,0.44278618693351746,0.03402448073029518,0.015188271179795265,0.9774665236473083,0.36496973037719727
14635-snplq3D9n68_30_1_label_fake.npz,Fake,Real,0.2982368041710288,0.32268962264060974,0.18838141858577728,3.215900869690813e-05,0.9025681018829346,0.0775127187371254
18986_d2om_PGtwWY_33_2_label_fake.npz,Fake,Deepfake,0.4349303154274822,0.12787310779094696,0.10011383891105652,0.9572473168373108,0.9749953150749207,0.014421998523175716
GiWHOpvWo38_331_1_label_real.npz,Real,Deepfake,0.39817723452579235,0.5230958461761475,0.019653907045722008,0.0015491548692807555,0.9679378271102905,0.47864943742752075
zpEUWKUUxdY_50_1--NHVXgWJiIcs_9_1_281_label_fake.npz,Fake,Deepfake,0.39058315535367005,0.7140852212905884,0.0015436147805303335,0.00022099960187915713,0.7691733837127686,0.4678925573825836
16651-6GqonOcxCQQ_131_1_label_fake.npz,Fake,Deepfake,0.4163209278653085,0.495709091424942,0.015049940906465054,6.619167834287509e-06,0.9598968029022217,0.6109421849250793
2442-2WGnDrVPG8A_72_2_label_fake.npz,Fake,Deepfake,0.4476516694761813,0.43450042605400085,0.3180025517940521,0.0039936755783855915,0.9280587434768677,0.5537029504776001
0juLRi90kRg_39_5_label_real.npz,Real,Real,0.3002563089132322,0.3867041766643524,0.17193125188350677,6.298677179735748e-15,0.4815709888935089,0.4610751271247864
056_3a21c6af.jpg_-qs_Rh-rAbI_73_1_label_fake.npz,Fake,Real,0.33866349912668525,0.452216237783432,0.007021536119282246,3.2943251682127084e-08,0.9172249436378479,0.3168547451496124
J_ComKnl1hk_6_20_label_real.npz,Real,Real,0.16847312255736713,0.10848939418792725,0.007548726629465818,2.747854352946888e-07,0.7112511396408081,0.015076077543199062
010_34d63b53_tStxmy972vw_9_5-batch-2025-02-05-13-35-36-158_label_fake.npz,Fake,Real,0.34383572263977835,0.5832828879356384,0.07040394097566605,4.822380651603453e-05,0.9368354082107544,0.12860815227031708
094_c255b703.jpg_6l6NFBuOYjk_74_1_label_fake.npz,Fake,Deepfake,0.43066156806102374,0.5950694680213928,0.03534679114818573,7.703786220059072e-11,0.9773075580596924,0.5455840229988098
GySD76yMiAA_2_3_label_real.npz,Real,Deepfake,0.37500907286048457,0.5346629023551941,0.1066344827413559,8.275312211480923e-06,0.9352439641952515,0.29849573969841003
16425.png_KyeC6d6MTSU_134_3_label_fake.npz,Fake,Deepfake,0.5528359182178975,0.22103595733642578,0.7170480489730835,0.8728469014167786,0.9372746348381042,0.015974048525094986
62ywI44YAxQ_78_21_label_real.npz,Real,Deepfake,0.37709447657689454,0.3837725818157196,0.4743494391441345,0.00015391362830996513,0.9822816848754883,0.044914763420820236
023_4e454f96_QVr1PThaCJ4_72_1_label_fake.npz,Fake,Real,0.30278322853366185,0.22560372948646545,0.28762733936309814,4.108729356744334e-09,0.9797645807266235,0.020920488983392715
TXf3uH5YqM4_0_2--7162-I5oeY5O5oJI_56_4_label_fake.npz,Fake,Deepfake,0.5703359484176872,0.6926011443138123,0.39980825781822205,1.6984845387923997e-06,0.9828121066093445,0.7764565348625183
nnQNH-sotI8_40_1_label_real.npz,Real,Deepfake,0.5095090921968222,0.7855010628700256,0.022749638184905052,0.9999998807907104,0.12283342331647873,0.616461455821991
ypMVswItFWI_6_1_label_real.npz,Real,Deepfake,0.41452675690578644,0.2570209205150604,0.5561409592628479,4.286729904379172e-07,0.9671096801757812,0.2923617959022522
MM_bPbjR8CI_22_1_label_real.npz,Real,Deepfake,0.4458572691749071,0.5611433386802673,0.08380886912345886,3.0152669250327335e-09,0.9517393708229065,0.6325947642326355
17986-Mb-ynUI4Me4_35_1_label_fake.npz,Fake,Deepfake,0.3555478436945123,0.3434152603149414,0.03494364768266678,8.241742762038484e-05,0.9280682802200317,0.471229612827301
73_9uoW1hsVTvw_audio_1_82_label_fake.npz,Fake,Deepfake,0.37782926335930833,0.20018994808197021,0.5250583291053772,0.1463310867547989,0.9702221751213074,0.04734477773308754
11011-ADTwFvHACE4_117_1_label_fake.npz,Fake,Real,0.32740303290195816,0.18804839253425598,0.38252440094947815,2.986345464250917e-07,0.9079342484474182,0.1585078239440918
23091-TsQZOTSteK8_30_1_label_fake.npz,Fake,Deepfake,0.5630365670929678,0.8527076840400696,0.38611096143722534,1.0342007044528145e-05,0.9932575225830078,0.5830963253974915
03157_-qs_Rh-rAbI_91_2_label_fake.npz,Fake,Real,0.29103161404998695,0.2595050036907196,0.01677239127457142,1.3558645761690968e-08,0.9217966198921204,0.25708404183387756
14602-ybfyLfI5Ml0_104_1_label_fake.npz,Fake,Deepfake,0.3880161970895139,0.5268010497093201,0.053408876061439514,2.0666666294966163e-11,0.9736118912696838,0.38625916838645935
9qs2erQgEzs_71_1_label_real.npz,Real,Deepfake,0.43968576196227793,0.7263925671577454,0.26508545875549316,4.4720343339577084e-07,0.974437952041626,0.23251238465309143
17990_2ECheTEbkhQ_23_3_label_fake.npz,Fake,Real,0.12653328683227302,0.2302427738904953,0.023605622351169586,0.028682027012109756,0.3363886773586273,0.01374733354896307
27437-o3KMJLxjdoM_61_3_label_fake.npz,Fake,Deepfake,0.45851952321827416,0.5908320546150208,0.03727356716990471,0.01754174940288067,0.9836017489433289,0.6633484959602356
134_736d1702-PqumaD82tcI_103_1_label_fake.npz,Fake,Deepfake,0.5245964408590226,0.8082430958747864,0.07129053771495819,0.00015033814997877926,0.9498904347419739,0.7934077978134155
jT0Uw6EwOyQ_35_1--2NlEdgEI_mc_107_21_211_label_fake.npz,Fake,Real,0.3356048365204174,0.4451635479927063,0.009813564829528332,4.987635406905611e-07,0.9608786702156067,0.26216790080070496
uDQs1pf8-9s_6_2--SzhK7Q-pY0U_1_8_106_label_fake.npz,Fake,Deepfake,0.3603332612458871,0.6774467825889587,0.037574633955955505,4.472108685149578e-06,0.7572678923606873,0.3293725252151489
V3Cav6WhwZc_24_3--5618-J-vYXU4vqcY_11_1_label_fake.npz,Fake,Deepfake,0.38637442975209524,0.3740590810775757,0.13819028437137604,1.2561165476654423e-06,0.9167487025260925,0.5028728246688843
14529-ndJhwVupwVQ_1_1_label_fake.npz,Fake,Real,0.21939740348607303,0.13165917992591858,0.010928871110081673,4.999793514757852e-25,0.9432196617126465,0.01117930468171835
051_2505e244_8wx4wssZgfo_68_1_label_fake.npz,Fake,Deepfake,0.38557975944131617,0.6295316815376282,0.019177911803126335,0.0020215557888150215,0.9677982330322266,0.30936941504478455
257_KNktDoYajMk_95_1_label_fake.npz,Fake,Deepfake,0.39336454644799235,0.5891996622085571,0.051677972078323364,0.013053197413682938,0.9804742336273193,0.33241766691207886
4219-J-vYXU4vqcY_10_3_label_fake.npz,Fake,Real,0.322119899108204,0.08218646794557571,0.521034300327301,7.049584527241137e-11,0.9321625232696533,0.07521620392799377
14772-lkMV6SxilXc_52_1_label_fake.npz,Fake,Deepfake,0.5448572933673859,0.39686986804008484,0.22922755777835846,0.9343481063842773,0.9760319590568542,0.18780897557735443
5287-DeB8-H3L04c_14_2_label_fake.npz,Fake,Deepfake,0.7260491609573365,0.5963767170906067,0.5535173416137695,0.9283015131950378,0.9131864905357361,0.638863742351532
10530-dxA6D4dJWn8_79_1_label_fake.npz,Fake,Deepfake,0.5821594445909796,0.7539919018745422,0.4177244007587433,1.2233359484525863e-05,0.9837856888771057,0.755282998085022
29515-fAh51cqF86I_28_2_label_fake.npz,Fake,Deepfake,0.43663982748992314,0.5309861898422241,0.08696684241294861,3.5120430869062247e-13,0.9403008222579956,0.6249452829360962
mWNwWonVpcE_15_2_label_real.npz,Real,Real,0.2038208396890525,0.08190914243459702,0.003270963905379176,2.7393426194066706e-07,0.9129146337509155,0.021009184420108795
kvYaojOQhX4_13_1_label_real.npz,Real,Deepfake,0.40109613686800005,0.2413260042667389,0.12875230610370636,0.5971511602401733,0.9350473284721375,0.10320388525724411
xIMS_-reEco_305_1_label_real.npz,Real,Deepfake,0.4050827598577599,0.5432872176170349,0.0036442566197365522,4.370187525637448e-06,0.6238232254981995,0.8546547293663025
7_9hY06BZQc_45_1_label_real.npz,Real,Deepfake,0.3695155173765166,0.5299632549285889,0.017564214766025543,3.736542808496779e-08,0.9483497738838196,0.3517003059387207
eyb0_CHPvE0_77_1_label_real.npz,Real,Deepfake,0.3591440519089588,0.46546992659568787,0.1698060929775238,1.8894428421845078e-07,0.824033796787262,0.336410254240036
6noIJpqRyvk_41_6_label_real.npz,Real,Deepfake,0.4233870640542591,0.6995990872383118,0.14335641264915466,0.00011447824363131076,0.9776791334152222,0.2961862087249756
e_M_h01yhPQ_6_1_label_real.npz,Real,Deepfake,0.4095862151734309,0.5578731298446655,0.3965069353580475,2.7500352643983206e-06,0.9726205468177795,0.12092771381139755
f5utLluNHNs_92_4_label_real.npz,Real,Deepfake,0.43989728875458245,0.7225742340087891,0.10698264092206955,0.006248073652386665,0.9497474431991577,0.41393405199050903
JIhXrwnD-EU_124_1_label_real.npz,Real,Deepfake,0.418583958037949,0.5835061073303223,0.011067592538893223,3.756844661750858e-12,0.8725031018257141,0.6258429884910583
V4ky5dwCLUg_426_1_label_real.npz,Real,Real,0.32244923916478,0.4543039798736572,0.015387049876153469,1.542646532470826e-05,0.6635368466377258,0.4790028929710388
elNx36q2vLM_28_1_label_real.npz,Real,Deepfake,0.35545721650124484,0.6771655082702637,0.1834399402141571,4.4446519083468986e-14,0.674645721912384,0.242034912109375
0XK4xCZZxFc_6_1_label_real.npz,Real,Deepfake,0.42959764600282346,0.4669238328933716,0.4441133439540863,2.4111877425236905e-11,0.5897191762924194,0.6472318768501282
zijmkxLNeK0_5_1_label_real.npz,Real,Real,0.2688709720969202,0.11070974171161652,0.1820915937423706,7.700915977597127e-16,0.97186678647995,0.079686738550663
_KUYDD5enPo_33_2_label_real.npz,Real,Deepfake,0.37278103828430176,0.2716882824897766,0.24341724812984467,0.19374850392341614,0.9743985533714294,0.18065260350704193
ZzfsQF3ig2k_243_7_label_real.npz,Real,Deepfake,0.4271540649543551,0.35780516266822815,0.11084851622581482,3.879441212717438e-09,0.9167641401290894,0.7503525018692017
UHWeR0ChEZQ_71_2_label_real.npz,Real,Real,0.29877156820417095,0.17929549515247345,0.33531227707862854,1.3691786193703592e-07,0.9682607054710388,0.010989226400852203
-nIguiavWKY_80_1_label_real.npz,Real,Real,0.3199969083375436,0.3847770690917969,0.02039947547018528,6.517547717521666e-06,0.8694649338722229,0.3253365457057953
zR7WQ_h0bxM_49_1_label_real.npz,Real,Deepfake,0.48083224447563194,0.6221702098846436,0.03002036362886429,9.908795312041363e-11,0.9125074744224548,0.8394631743431091
0Wey_XfRWvY_128_7_label_real.npz,Real,Real,0.337704478208079,0.48715469241142273,0.16606949269771576,1.9142876520050756e-11,0.9788691401481628,0.05642906576395035
sJai0cem3jQ_31_1_label_real.npz,Real,Real,0.24227351551815965,0.14273402094841003,0.0827118307352066,2.139066479500684e-09,0.96293705701828,0.022984666749835014
-r8gDmbKYbU_2_14_label_real.npz,Real,Real,0.2851882710347582,0.37695351243019104,0.003223577979952097,1.8748653474176535e-06,0.8863635063171387,0.1593988835811615
BFTUrrBGBao_68_2_label_real.npz,Real,Deepfake,0.4021330922957294,0.5479341745376587,0.39048513770103455,5.763434868244488e-11,0.9821212291717529,0.09012492001056671
BFTUrrBGBao_69_1_label_real.npz,Real,Deepfake,0.46980059066997915,0.6157213449478149,0.5816311240196228,1.8586509895612835e-06,0.9864128828048706,0.1652357429265976
Tq_yH1zEyaI_43_1_label_real.npz,Real,Deepfake,0.5365959399839995,0.7020562887191772,0.06612051278352737,2.0756824596901424e-06,0.977971613407135,0.9368292093276978
z-G3N7bVKTU_40_1_label_real.npz,Real,Deepfake,0.36390635486513934,0.39590197801589966,0.012759746052324772,1.1717146662704181e-05,0.841230571269989,0.5696277618408203
fRvu1JgiRiU_55_1_label_real.npz,Real,Deepfake,0.41553849577904745,0.7233803868293762,0.18362735211849213,4.968687137077432e-14,0.9845939874649048,0.18609075248241425
oWEF_g9IpLE_0_2_label_real.npz,Real,Deepfake,0.44680488593876366,0.17477093636989594,0.07624645531177521,0.9997647404670715,0.9551134705543518,0.02812882699072361
TeY1kBZCRNc_135_1_label_real.npz,Real,Real,0.34612792777625145,0.6290563941001892,0.017022754997015,6.466967897722498e-05,0.9674908518791199,0.11700496822595596
GaKL6i3ISPc_110_2_label_real.npz,Real,Deepfake,0.3605779133737093,0.43982401490211487,0.009002309292554855,3.146209014886006e-15,0.975143313407898,0.37891992926597595
QpbPUAQ9GxM_75_2_label_real.npz,Real,Deepfake,0.47084324695276225,0.6195611357688904,0.00669143395498395,3.8655201706205844e-08,0.8385993838310242,0.8893642425537109
qF8dChL_5lM_17_1_label_real.npz,Real,Deepfake,0.37151115838023613,0.3859681189060211,0.2458072155714035,1.6553140802511024e-10,0.9615383744239807,0.2642420828342438
lp8KBXdMlU8_3_1_label_real.npz,Real,Deepfake,0.5780595213582275,0.4935774803161621,0.7883145213127136,0.0003405960451345891,0.9313074946403503,0.6767575144767761
xYvie7f9Dq4_81_2_label_real.npz,Real,Deepfake,0.41690525735996437,0.632316529750824,0.09189780056476593,3.107300727833717e-08,0.8963961005210876,0.4639158248901367
PyLbdkRVKh0_7_1_label_real.npz,Real,Deepfake,0.4962634952264894,0.5603181719779968,0.16401703655719757,6.943286501304158e-10,0.8961157202720642,0.8608665466308594
V7g7ZFObO7Y_1503_2_label_real.npz,Real,Deepfake,0.49410703109560195,0.76231849193573,0.04929601773619652,9.227701935898835e-11,0.9722751379013062,0.6866455078125
6OMxEdnXmQY_294_2_label_real.npz,Real,Deepfake,0.3786308165801074,0.5523906350135803,0.210641011595726,8.177819381671725e-07,0.8766396641731262,0.2534819543361664
eUOLg70FT2M_562_1_label_real.npz,Real,Deepfake,0.4587516972277029,0.6288865804672241,0.010695972479879856,1.1522494958171592e-07,0.9434770345687866,0.7106987833976746
LNn1IW-5-rI_419_2_label_real.npz,Real,Deepfake,0.37991374731064265,0.44960451126098633,0.13069862127304077,2.087482205322122e-14,0.9447207450866699,0.3745448589324951
kvYaojOQhX4_10_1_label_real.npz,Real,Deepfake,0.40197167694568636,0.3320622742176056,0.1767837256193161,1.4369679496164335e-19,0.9491595029830933,0.5518528819084167
0GFpYNkwulE_165_2_label_real.npz,Real,Deepfake,0.43968538377511096,0.7954776883125305,0.05461068078875542,3.520784730426385e-08,0.9773682355880737,0.3709702789783478
mJERjWcYYVI_349_1_label_real.npz,Real,Deepfake,0.6556622356176376,0.5273246169090271,0.597385823726654,0.9775596857070923,0.9700108170509338,0.2060302346944809
8GpRabFxLWk_798_8_label_real.npz,Real,Real,0.23067220705270305,0.09477398544549942,0.1564820110797882,0.0001303662866121158,0.8935732841491699,0.008401388302445412
elNx36q2vLM_15_1_label_real.npz,Real,Deepfake,0.4492549508810333,0.7854918837547302,0.14798028767108917,1.4478476468952894e-13,0.9425505995750427,0.37025198340415955
xIMS_-reEco_367_1_label_real.npz,Real,Deepfake,0.4028975305702307,0.4138266146183014,0.08736191689968109,1.3781596308604094e-08,0.8847949504852295,0.6285041570663452
V4ky5dwCLUg_123_1_label_real.npz,Real,Deepfake,0.5006255798041823,0.7108022570610046,0.04361739382147789,1.1070932378850519e-15,0.910994827747345,0.8377134203910828
qF8dChL_5lM_11_1_label_real.npz,Real,Deepfake,0.5073445886373575,0.6715992093086243,0.2351192682981491,2.7998458925122295e-14,0.9334913492202759,0.6965131163597107
P9rEtDiot-w_4_3_label_real.npz,Real,Deepfake,0.4945366220912547,0.30337855219841003,0.88922518491745,4.334114055382088e-05,0.9655551314353943,0.31448090076446533
mjWMUvZ3NUs_49_1_label_real.npz,Real,Deepfake,0.40604852969002825,0.5631360411643982,0.08048412203788757,1.1595845705869579e-07,0.5293383598327637,0.8572840094566345
uVZxhABwsLw_19_1_label_real.npz,Real,Deepfake,0.40926952935273603,0.322544664144516,0.5129594802856445,2.8660652517942253e-08,0.7995569109916687,0.4112865626811981
L36UzqXOjcY_4_1_label_real.npz,Real,Deepfake,0.5005401759175584,0.7828575968742371,0.05962248519062996,0.0013954000314697623,0.9315193295478821,0.727306067943573
0Wey_XfRWvY_122_1_label_real.npz,Real,Real,0.3188714539399371,0.3575376570224762,0.14373843371868134,0.0014106285525485873,0.9740489721298218,0.11762157827615738
0Wey_XfRWvY_123_2_label_real.npz,Real,Deepfake,0.351709854612396,0.3876816928386688,0.23744037747383118,4.7911417888624186e-11,0.9545990824699402,0.17882812023162842
vgyLaiYwqsY_0_1_label_real.npz,Real,Real,0.3333169281482697,0.35712504386901855,0.0623784065246582,1.628374353545967e-17,0.8470785021781921,0.40000268816947937
OWYxOGM51NU_31_3_label_real.npz,Real,Deepfake,0.467757152021008,0.7118901610374451,0.08535289019346237,3.8370749719934816e-13,0.9827725887298584,0.5587701201438904
lITf2yPH_HI_23_1_label_real.npz,Real,Deepfake,0.47932956044457176,0.6375254988670349,0.18393905460834503,9.559501279454707e-08,0.9268650412559509,0.6483181118965149
mk3ebu5ue3U_46_6_label_real.npz,Real,Deepfake,0.5253456473350526,0.446552574634552,0.5387001037597656,0.019624710083007812,0.8735180497169495,0.7483327984809875
6noIJpqRyvk_26_14_label_real.npz,Real,Deepfake,0.48631370984858757,0.8509346842765808,0.04901526868343353,1.1596321680684696e-09,0.977212131023407,0.554406464099884
ymRL2llLx3c_26_7_label_real.npz,Real,Real,0.3225046023801226,0.30702146887779236,0.00875856727361679,3.738097678618324e-11,0.9754484295845032,0.32129454612731934
vVZGGl7ivy8_22_2_label_real.npz,Real,Real,0.26257491690845425,0.3913218677043915,0.40723398327827454,2.710983721954108e-07,0.05053814873099327,0.46378031373023987
Kkbnm5P2waQ_481_1_label_real.npz,Real,Real,0.30754040871993316,0.4201578199863434,0.013538395054638386,2.2277824882621644e-06,0.9859597682952881,0.11804383248090744
aEJY8qrqB7M_42_1_label_real.npz,Real,Deepfake,0.4836602777242661,0.6873508095741272,0.05461154133081436,0.09627319127321243,0.9023662805557251,0.6776995658874512
-Wc4JH2UbKk_82_1_label_real.npz,Real,Deepfake,0.362506777817119,0.6796196699142456,0.10369593650102615,1.5020910737462145e-08,0.9677796959877014,0.06143857166171074
P9rEtDiot-w_69_4_label_real.npz,Real,Real,0.2709357272833586,0.2906491160392761,0.10716956108808517,0.0034124087542295456,0.5256067514419556,0.42784079909324646
K5nAHKJjWMY_73_1_label_real.npz,Real,Deepfake,0.4138008906156756,0.6029309630393982,0.134754478931427,0.0009557672892697155,0.9721695780754089,0.35819366574287415
GAw-vEk3Fys_2612_1_label_real.npz,Real,Deepfake,0.383540158160112,0.563991129398346,0.01556443516165018,4.05625457267772e-13,0.9087668657302856,0.42937836050987244
qzefMI98qQw_693_1_label_real.npz,Real,Real,0.29744269730641126,0.07470057159662247,0.13554401695728302,1.5891432614267842e-09,0.8010833263397217,0.4758855700492859
8GpRabFxLWk_132_1_label_real.npz,Real,Real,0.20647512301987891,0.09000112861394882,0.026606842875480652,9.262717329261427e-12,0.9088950753211975,0.006872568279504776
yLuJcWWMDFk_14_4_label_real.npz,Real,Deepfake,0.5277692260654815,0.8289012908935547,0.28895244002342224,1.1484065920441822e-09,0.9870425462722778,0.5339498519897461
RAg2mHKGcGA_12_1_label_real.npz,Real,Deepfake,0.4493944392103004,0.529288113117218,0.012831242755055428,0.000178179019712843,0.9191391468048096,0.7855355143547058
W64VZ5zCM2U_59_1_label_real.npz,Real,Deepfake,0.37407129047787746,0.6976081132888794,0.1775849461555481,0.0001901283103507012,0.9300279021263123,0.06494536250829697
4h_lWRCt0Gs_23_1_label_real.npz,Real,Deepfake,0.4843739351222297,0.591559886932373,0.02553984336555004,1.2089500955880794e-08,0.9337139129638672,0.8710560202598572
LRzd_fO6eX0_30_2_label_real.npz,Real,Real,0.2569098061005207,0.10514800995588303,0.17432136833667755,1.6500269339303486e-05,0.9792864918708801,0.025776660069823265
hogUjAY1POU_30_1_label_real.npz,Real,Real,0.30037094357248867,0.4753243327140808,0.03387543559074402,0.00011891512258443981,0.9592673778533936,0.033268656581640244
ZzfsQF3ig2k_94_1_label_real.npz,Real,Deepfake,0.42034039124847594,0.5548744797706604,0.0383940152823925,5.66695568780546e-14,0.9539921879768372,0.5544412732124329
xYvie7f9Dq4_91_2_label_real.npz,Real,Real,0.24531070623093001,0.45245590806007385,0.014356213621795177,2.3681443508394295e-06,0.354487806558609,0.40525123476982117
3OqtJBxxbgM_55_3_label_real.npz,Real,Deepfake,0.42067957275144796,0.8062484860420227,0.08527438342571259,2.634154450120718e-09,0.9767087697982788,0.23516622185707092
0C0G4BT4pzQ_131_5_label_real.npz,Real,Real,0.3101314542555656,0.5086676478385925,0.05123184993863106,1.7237483689314104e-06,0.9579633474349976,0.032792702317237854
zUN3XwU0SuA_167_1_label_real.npz,Real,Deepfake,0.4865612465941297,0.7317253947257996,0.030841508880257607,2.651750173610079e-11,0.9802140593528748,0.690025269985199
qzefMI98qQw_626_1_label_real.npz,Real,Deepfake,0.5456676556030289,0.7528544664382935,0.2604478597640991,0.001634872634895146,0.979042112827301,0.7343589663505554
LRzd_fO6eX0_45_5_label_real.npz,Real,Real,0.3292477420531214,0.0777011290192604,0.05311589688062668,0.8681256771087646,0.6431389451026917,0.004157062154263258
oWEF_g9IpLE_0_9_label_real.npz,Real,Deepfake,0.4404646705836058,0.12375298887491226,0.13834106922149658,0.9732797741889954,0.9478055238723755,0.019143996760249138
i6fE1x3P2kY_6_1_label_real.npz,Real,Deepfake,0.4643300001548797,0.46057721972465515,0.3455060124397278,2.3479609367882404e-09,0.9125502109527588,0.6030165553092957
rDfnzuK5QyY_46_2_label_real.npz,Real,Deepfake,0.471701186709106,0.38075533509254456,0.9482121467590332,0.011304694227874279,0.966284453868866,0.05194930359721184
r1rigxJJ_Uw_39_1_label_real.npz,Real,Real,0.3415683649212866,0.6509411931037903,0.07313890010118484,3.339387433243246e-08,0.15166398882865906,0.8320977091789246
CNzIwKKH7JE_36_2_label_real.npz,Real,Deepfake,0.56196768283844,0.5430473685264587,0.6281247138977051,0.423549085855484,0.9816609621047974,0.23345628380775452
kb4ETvGsWTw_89_2_label_real.npz,Real,Deepfake,0.5521457374095917,0.40640756487846375,0.3759499788284302,0.9998186230659485,0.9191082119941711,0.059444308280944824
x5-94NxSnz4_0_5_label_real.npz,Real,Deepfake,0.3860894836485386,0.1644713431596756,0.063205286860466,0.6713685393333435,0.9721941351890564,0.059208113700151443
V4ky5dwCLUg_155_1_label_real.npz,Real,Deepfake,0.3733804809500032,0.5046104788780212,0.008374535478651524,2.852346969728359e-10,0.9396663308143616,0.41425105929374695
fJt__f-MHWo_367_1_label_real.npz,Real,Deepfake,0.41364669501781465,0.4731433093547821,0.2950766086578369,0.05106474459171295,0.9787189364433289,0.27022987604141235
t35um9OT774_356_1_label_real.npz,Real,Deepfake,0.5079507103189853,0.7765934467315674,0.010276193730533123,1.3331476120790903e-14,0.9891605973243713,0.7637233138084412
6aNWSCTS284_8_1_feaf3594253c300263dff21457ca310e07cb4a4d46490c659b30359219f7869092ac2f5dd260873615bfd858da554ff7ac0f5203c9cf673fc1652afe11716ef2_label_fake.npz,Fake,Deepfake,0.6606784880161285,0.46444225311279297,0.20870712399482727,0.9999514818191528,0.9079139232635498,0.7223776578903198
aRhkxaF7cO0_56_13_label_real.npz,Real,Deepfake,0.597529810667038,0.4862382113933563,0.04525160789489746,0.9885058403015137,0.8854840397834778,0.5821693539619446
pAFOYTw1_a0_1_18_236bb93afead08fce9c081757984eecf74d27089b17a2f2f349e8696f697ebc20fd92595b911f760fe1e3b9096af4ae73c227bd9d0c468ddd7e11332ac75aa08_label_fake.npz,Fake,Deepfake,0.3732899483293295,0.10412885248661041,0.00511549785733223,0.9994217157363892,0.7350874543190002,0.022696221247315407
f4S7SIVAHuw_1_6_2800794fcd9038fb24e9fbe94ca534f55ed5ad505f4f09ccfb4969304998104d1851fe5436e572ce272619e7c935e7b3fd2f1b0b8624d0728c9c2f9e1b402a2e_label_fake.npz,Fake,Real,0.31208066043298005,0.5238314867019653,0.0324212871491909,7.113834499250515e-07,0.969577968120575,0.034571848809719086
C4hNyd9eJy4_0_52_a03a946ee0bfa3c6f35cfa4ba7566da913ec3b828d8feb74465725873a72a5b78c7493b0f9068bcc66238d29ccdbfb2ab63b3d85bc3e65b9628b7b863ad781a5_label_fake.npz,Fake,Deepfake,0.3725614677445265,0.3565670847892761,0.008796358481049538,8.569251804146916e-05,0.986567497253418,0.5107907056808472
xIMS_-reEco_484_1_label_real.npz,Real,Deepfake,0.4328066684305674,0.7467594146728516,0.025158215314149857,2.9987225793189033e-15,0.5323476195335388,0.8597680926322937
D3lWeBEcnNE_149_3_label_real.npz,Real,Real,0.2747718739748102,0.5904979109764099,0.16097106039524078,9.059956340706776e-09,0.2806439697742462,0.34174641966819763
J_ComKnl1hk_1_3_acb90c1bdf4d4dec752ef7a5a068a0575fb45336ecab1283f2e0147e63aaaaa7dcd02c282188efa8cb49eab8ec221fa43203815a261d6c45ba8c82456fa4ef6f_label_fake.npz,Fake,Real,0.08956075571477413,0.16434694826602936,0.008075084537267685,0.049221720546483994,0.19977760314941406,0.02638242207467556
e_M_h01yhPQ_5_1_0ab3ca9d-2b9c-417c-b5cc-12c51adbff38_label_fake.npz,Fake,Deepfake,0.5127859920263291,0.46348077058792114,0.10573090612888336,0.9949336647987366,0.9600870609283447,0.0396975576877594
J_ComKnl1hk_4_60_ef3492986a189489e0f9acae53ac907862df4e5da719803c15c72cdc5814b8a4020f7f55353b0cc6a664b5806909156b20b1112d0a941b235e98e10563117e37_label_fake.npz,Fake,Real,0.18793492373079063,0.1720821112394333,0.035828761756420135,0.009907263331115246,0.6974040865898132,0.024452395737171173
U_3aCekML-Y_53_15_label_real.npz,Real,Deepfake,0.43494012467563153,0.14749333262443542,0.01992068998515606,0.9999986886978149,0.9669525027275085,0.040335409343242645
f4S7SIVAHuw_7_11_694f653ba2431188dd9e70a4742071c13e5c3720cb8401584d5cab790a0c5279c5fa2aa1c7bcb578f2b3bcbd63d1cce2f44ca02d7e3aae779733f990ff60b722_label_fake.npz,Fake,Real,0.2764507428277284,0.3374194800853729,0.028730612248182297,0.001396682346239686,0.9802860617637634,0.03442087769508362
tUGo_7dOEzU_13_1_52f0b11b4571a7c670fe631149eba1187dca404af883f4f56ee81e1c725270542bbecb7cf4ec0c1a5c8bcc8efa95c1bde06f08ec3077d23896f57b6e3246589e_label_fake.npz,Fake,Deepfake,0.7427220106124879,0.7142156958580017,0.3150310516357422,0.9999892711639404,0.9493310451507568,0.7350429892539978
0MECuVsUHhw_100_2_57b304c25c9e9b9c692711dd240291dca3e0c1b11dcaf9161d19dfe1ba74c76b2f5fe48625126ea94a7177c02b2f75c89c063870857deb4dc4aa4ac0a1502a49_label_fake.npz,Fake,Deepfake,0.5070466175675392,0.4048003852367401,0.022849641740322113,1.0,0.931657612323761,0.17592544853687286
pjhvih10vOA_2_1_4cbca404eeedae93a764273e4bfa0ce7008f172fa212828fe77587db34e72966df2ceac42a6ad4f28d3f644b4277187b172a4b9c942c1e943d56a4b435771edb_label_fake.npz,Fake,Deepfake,0.38273440506309275,0.6372849345207214,0.010346499271690845,0.016986964270472527,0.9689849019050598,0.2800687253475189
-Z9yRh2X1Uc_32_1_label_real.npz,Real,Real,0.10252956918409266,0.06927525997161865,0.1695578247308731,6.657381756980385e-09,0.26177510619163513,0.012039648368954659
SzhK7Q-pY0U_1_76_3f7b3393320067701498b8a13269baa9f9735670bb80bdebbf9b69aca472c079476b4d17b61a64379605809777af9def902cf74542f9739d260216067765def8_label_fake.npz,Fake,Real,0.2750259559601546,0.19982732832431793,0.042328253388404846,0.9997683167457581,0.11048481613397598,0.02272106520831585
e0WrsJ1P-AM_13_1_label_real.npz,Real,Deepfake,0.5464488744735718,0.4664146602153778,0.12237387895584106,0.7626955509185791,0.9209737181663513,0.4597865641117096
-nIguiavWKY_53_1_label_real.npz,Real,Real,0.31584555074906423,0.4534152150154114,0.034634970128536224,7.617509956148183e-10,0.895648181438446,0.19552938640117645
-aDPCjQeWQs_226_12_5c27b405d490bd37b92443b1c6765fdf2af1eaec096e6ce18f9170acb43cdd1324ae3207d4b21ba2614167ef0744529a66015102798ddad8c9c13af67eae8640_label_fake.npz,Fake,Deepfake,0.39176482856273653,0.23493094742298126,0.38370999693870544,0.26081275939941406,0.9575603604316711,0.12181007862091064
Kkbnm5P2waQ_216_2_label_real.npz,Real,Real,0.196845348174611,0.06402841210365295,0.011963864788413048,4.144827471463941e-06,0.9037860035896301,0.004444315563887358
I3S-87rFc4U_117_5_label_real.npz,Real,Real,0.31869788183830683,0.5483288764953613,0.04576651379466057,0.0028055801521986723,0.9801888465881348,0.01639959216117859
jagcBY8zj_w_27_7_label_real.npz,Real,Real,0.34435483440756803,0.6008617281913757,0.014781545847654343,7.761785088675801e-17,0.5602244138717651,0.5459064841270447
b4rtVFikc6Y_163_1_label_real.npz,Real,Deepfake,0.4534785211117814,0.49154582619667053,0.45990628004074097,1.5770244485291407e-11,0.9811850190162659,0.33475548028945923
hT1KUqL4PaM_331_1_label_real.npz,Real,Real,0.2358440726545859,0.3693063259124756,0.06457174569368362,7.225775977559579e-09,0.37265390157699585,0.3726883828639984
SDMFBIhN9fw_205_2_6688a10c75b2940810890df0e8b7700014c3e87c325cc1fe2f64f3392a98df32052efd073d38c505ac20c7f01dde657a03834e57d0be5a151af2da2018699a0b_label_fake.npz,Fake,Deepfake,0.4424345999956132,0.358732670545578,0.30125102400779724,0.23667822778224945,0.9356739521026611,0.37983712553977966
0gNj56kTibw_29_1_5073961b-c49f-424a-918a-03120bc4183f_label_fake.npz,Fake,Deepfake,0.7761609077453615,0.4583774209022522,0.8460257649421692,0.9917352199554443,0.958633542060852,0.6260325908660889
BJd6leshcjc_15_4_label_real.npz,Real,Real,0.32638088364292345,0.38066837191581726,0.009676835499703884,1.734831130306702e-05,0.9855303764343262,0.2560114860534668
eUOLg70FT2M_353_1_label_real.npz,Real,Deepfake,0.46729707383783536,0.5604120492935181,0.0037604300305247307,0.00027806597063317895,0.9588919281959534,0.8131428956985474
4gat-v-Yzvg_142_1_label_real.npz,Real,Deepfake,0.46423101437352793,0.3427650034427643,0.19884458184242249,6.09094552572742e-10,0.845228910446167,0.9343165755271912
J_ComKnl1hk_7_29_9f67c80184f75a777443f4635bbab429ab65de4bee7c7882f582a10c2cf37af7189c24ed893bdc75855e7a521b2fcb77d7774172c426fc8ea0344f395df27955_label_fake.npz,Fake,Deepfake,0.35134640485048296,0.16424164175987244,0.35557931661605835,0.8703634142875671,0.331035852432251,0.0355117991566658
SzhK7Q-pY0U_1_25_bc90e876841d63f3c21ad6175ad4afa5dd104c35fbc71fe187a5c90512222e33615ddaa10489957a9567e1ddfb52175b9f708058161af635cd2e2c9ca65700f0_label_fake.npz,Fake,Real,0.16208321735855744,0.17621450126171112,0.01529536210000515,1.2323101650224544e-08,0.5770852565765381,0.0418209545314312
hdS30nnhNZo_6_9_1ebda36c79c7942d2d10a68236599dd5be279fcf6f17adb5e29923dfdb0044200b4cdb925434b6c19e51e539da6633d710839af5c9a07a89be405317898e5724_label_fake.npz,Fake,Real,0.19332650519936578,0.15977533161640167,0.07142128050327301,1.968033757293597e-05,0.6678527593612671,0.06756347417831421
B4LwKKKbAuI_88_32_a4a76115535203d52f6ffd146fdec48a0363deb9e05628e304d9d7ae51fd8e2295344498506a1c20ef7ec18c1e6c2c2c5e570c4057040e2319ae18c0d170fabe_label_fake.npz,Fake,Real,0.24344790665571736,0.20898887515068054,0.029291681945323944,2.8657490247496753e-07,0.9671128392219543,0.011845850385725498
eWj2-6q2ybk_211_1_acfe2b4f4b0ea83323b607be0b329fa14ad49f29e8dcdd37a346264fdf0590976fa17c56aaa90ad1eaad1f2d07a18186961a52a4c713086a0bdd8069c4d95b02_label_fake.npz,Fake,Real,0.28592816442251207,0.1088523417711258,0.30506983399391174,0.062432680279016495,0.9373874664306641,0.01589849963784218
LcG3blUixo0_37_1_179de31290404c21cb681e479c76824f56b3539a4001756762e6631a20d53d275730d907c4ba7a1c9352d20a9d5b0ab84834a813e3df14b269797e67542ba4f5_label_fake.npz,Fake,Real,0.06794146932661534,0.07008448988199234,0.007946135476231575,0.004527157172560692,0.25111982226371765,0.0060297418385744095
zd9TNPVVfvI_29_1_label_real.npz,Real,Real,0.30308341316805526,0.2642662227153778,0.035079892724752426,3.688656047273753e-10,0.8780840039253235,0.33798694610595703
i52UkbhBaSc_21_2_a4a76115535203d52f6ffd146fdec48a0363deb9e05628e304d9d7ae51fd8e2295344498506a1c20ef7ec18c1e6c2c2c5e570c4057040e2319ae18c0d170fabe_label_fake.npz,Fake,Real,0.3456691033876268,0.34373152256011963,0.3137425184249878,9.810538904275745e-05,0.9749308228492737,0.09584254771471024
M2WQAQMu0zc_2_1_2904a5e813723859c454988091d61c848f8c189c9935f0d90c7371452152b0a19948e285c48d21206f01b2631ead4db6e5b6043cc42d7457373b7eb552f62ec3_label_fake.npz,Fake,Real,0.2942849573099949,0.5238958597183228,0.06518463790416718,1.0262148464335041e-07,0.2671518325805664,0.6151923537254333
f4S7SIVAHuw_9_7_eba68f916957feb0b223aa2d99e8be2415acb0f0c7a97c9129ad8745ed656f1c0c70043189478534f76045de02de1dfe7859ec324742a8dac042d7b6fc0538ce_label_fake.npz,Fake,Deepfake,0.45542990937829025,0.0989173874258995,0.34277525544166565,0.9349221587181091,0.8935507535934448,0.006983991712331772
Ll8xGtwvH84_353_4_d71a03682ca2999b99dcc94d89a921e6297c14a9b712ddd868b8d87ec0f3da4c115e095b9b8d903c75a6c6f76468aade18d810c593fedac673ad66118dc1b31d_label_fake.npz,Fake,Deepfake,0.6767659068107605,0.5095801949501038,0.297890305519104,0.9999781847000122,0.8770812153816223,0.6992996335029602
9ERmSCPCY5k_10_1_079564bd621fce68c93a5a77d650116e3c6416c2172db4a25bef0e4cd6f9b1fe61fc8ba2d89a2252f932703fb0ae3356a593b6ade4bf333fc454c3b78bedfb57_label_fake.npz,Fake,Real,0.3193405158817768,0.13557712733745575,0.567853569984436,0.018822399899363518,0.8639773726463318,0.010472109541296959
dFiwhwAHNMw_125_4_6daa180b5a8f3703a86898bbacdda8bb2e72f7af44850881e1ee8d17b67bdea94aa26dd2a3d781e6ce1f91a44ef58856e95dd9949eebdc1c0393ee37334cccb6_label_fake.npz,Fake,Deepfake,0.5743797063827515,0.35819950699806213,0.34210076928138733,1.0,0.6183803677558899,0.553217887878418
uf6AEUyJU94_51_1_label_real.npz,Real,Real,0.32720328554545564,0.17335212230682373,0.021192340180277824,1.119311754393948e-09,0.9731643795967102,0.46830758452415466
Co5CIKNn1mk_102_2_label_real.npz,Real,Deepfake,0.3520884136781206,0.5537455677986145,0.048901159316301346,1.92370271179243e-06,0.9504575133323669,0.20733590424060822
gVkKxrLpY1I_61_1_label_real.npz,Real,Real,0.20156412472696142,0.07611018419265747,0.002917794045060873,1.7364988613710608e-10,0.916038990020752,0.012753655202686787
hw3g_YSYqp0_21_1_label_real.npz,Real,Deepfake,0.4175369562283381,0.45070821046829224,0.031188448891043663,1.0095647873242797e-08,0.9445815682411194,0.6612065434455872
F1D_L94WDJk_0_1_0a021f2a-fd58-4ac9-aa95-27115a54603f_label_fake.npz,Fake,Deepfake,0.6962936460971834,0.4716719090938568,0.512829601764679,0.9998425245285034,0.9356536865234375,0.5614705085754395
sba-i5-e3WY_3832_2_02405d4603a881a0c1e13de949794f8252d1797f835f3f65ce063e01a3b8eb2457b73e2e78605d46009f5e036423473a0a34187614217632f1913fcdfbd1b34f_label_fake.npz,Fake,Real,0.3457629881799221,0.6458329558372498,0.04844791069626808,0.049913592636585236,0.8970231413841248,0.08759734034538269
PqumaD82tcI_174_1_b6d4554398c0521f33cad04398c7614604e5ff6db94d5fced4ffc9946a263a1fd83117f0a4c3bb26a069599b0f3fae01e01f660a09b6dde3bacd7c86152aa1d3_label_fake.npz,Fake,Deepfake,0.5436749756336212,0.4121169447898865,0.07975611090660095,0.9933679699897766,0.6714795231819153,0.5616543292999268
9DTxDmLwFb8_1350_22_1b71df36f4bef7de897271e79f899c26d4de6200d70ec5263385d3840eebc48ab4221346c722c1e8828f4304aaa34a255e37fdd2275eff9f411a79d4b114d229_label_fake.npz,Fake,Deepfake,0.4466758772730828,0.4164389669895172,0.04445823282003403,0.9937735795974731,0.12923350930213928,0.64947509765625
MxlocFNdoXg_166_5_de623677a2875cc2f11361f109f1156ccc45b49a6d14f48e0ede8e72ef99883d1d849a716a92624ec267fb8843b1f3c269007bbd9d758f39a066ba9e4d572d90_label_fake.npz,Fake,Deepfake,0.724302365630865,0.7689220905303955,0.8540876507759094,0.9963894486427307,0.9404323101043701,0.061680328100919724
i6fE1x3P2kY_6_1_ce90ce83-9a8c-4d29-8a60-bb7c30d45b8d_label_fake.npz,Fake,Deepfake,0.618437346816063,0.5143452286720276,0.12789927423000336,0.999974250793457,0.9242781400680542,0.5256898403167725
7_9hY06BZQc_40_1_d38bca0c-4a5a-44b2-bd7d-57847aae2200_label_fake.npz,Fake,Deepfake,0.561480887234211,0.6735209822654724,0.10389609634876251,0.9984474778175354,0.9486861228942871,0.0828537568449974
WxdaDqICMP8_622_1_d158484bab1d1aecf49bd4752426217aed98ab54bbc08e391ba4211afad86c4cc85d1ff1aba720dadc31de85afde4efa27ac831d82e41b2fa83bcb21c69b0909_label_fake.npz,Fake,Deepfake,0.5004776977002622,0.37053900957107544,0.18086841702461243,0.9968597888946533,0.9064152836799622,0.047705989331007004
GDq1isgt718_14_3_eadb4690-3c8a-488a-9f8b-8ff67ad1c917_label_fake.npz,Fake,Deepfake,0.6338080376386643,0.714028000831604,0.17987178266048431,0.6341050267219543,0.9875621795654297,0.6534731984138489
8L3KpV8zS4Y_4_6_918c0f8d-23eb-4cc8-9d09-1ffaed4f0174_label_fake.npz,Fake,Deepfake,0.6375952452421189,0.5558988451957703,0.2220914214849472,0.9902572631835938,0.983307957649231,0.436420738697052
9rjQ5sfeUTg_out_255_1_86ce8b78dda5f59b0c52ac2e1e6854179937e393a42cf33f2abe931217dee6757aa04df71a2beb4a65f882ada60e1c20d21341505496c7bc52e403f6f012bc04_label_fake.npz,Fake,Deepfake,0.39470133827999243,0.6177247166633606,0.24518108367919922,0.006797077599912882,0.9693454504013062,0.13445836305618286
pTW6ocJKWSQ_448_1_24bef09f-1e46-4d38-999a-eddc41c6c7ce_label_fake.npz,Fake,Real,0.26478995096404107,0.3930436074733734,0.010759014636278152,0.0011082111159339547,0.8724943995475769,0.04654452204704285
-Z9yRh2X1Uc_23_1_d38bca0c-4a5a-44b2-bd7d-57847aae2200_label_fake.npz,Fake,Real,0.2307717628311366,0.08446349948644638,0.001702351262792945,0.1432526409626007,0.9134722948074341,0.010968027636408806
uf6AEUyJU94_12_2_14e0e800-e07f-41f1-a48b-fec9331d8c5c_label_fake.npz,Fake,Deepfake,0.5175238080322743,0.3507462441921234,0.32026025652885437,0.9999532699584961,0.8678554892539978,0.04880378022789955
2Ny5UJLpoxg_25_3_90712a1f-57d2-4c9e-9af2-5e66a6c21026_label_fake.npz,Fake,Deepfake,0.5869344219565392,0.7901744842529297,0.12457417696714401,0.7466912865638733,0.9901636242866516,0.28306853771209717
VifDzyPgBNg_331_3_531d9504bf3710a2d32b085272eed0aa17d7c447e8989036d09bca554f27952612fec2c9979d769a1be7d5e1d3c4dadb753984c4fd0a70742f89345fe8e0e020_label_fake.npz,Fake,Real,0.25757897117387074,0.35763809084892273,0.050549525767564774,6.478851446445333e-07,0.15046128630638123,0.7292453050613403
ItVAtewt1-M_0_1_170f811a-b468-4ccf-bebe-b30ce2779a22_label_fake.npz,Fake,Deepfake,0.4651722621172667,0.4601239264011383,0.6459479331970215,0.23128379881381989,0.963916540145874,0.024589112028479576
VvyPZwhivKQ_94_1_9135c54c-d315-4bf9-b7a1-ac45d22b99e2_label_fake.npz,Fake,Real,0.2646129902452231,0.10645438730716705,0.1309589296579361,0.07737219333648682,0.9788812398910522,0.029398201033473015
VifDzyPgBNg_757_9_531d9504bf3710a2d32b085272eed0aa17d7c447e8989036d09bca554f27952612fec2c9979d769a1be7d5e1d3c4dadb753984c4fd0a70742f89345fe8e0e020_label_fake.npz,Fake,Deepfake,0.48404444605112085,0.5580108761787415,0.13815046846866608,0.6711997985839844,0.9531974196434021,0.09966366738080978
faepaP1OAAA_150_1_0c8458f3-ed2c-4395-a8a4-4725a5480a77_label_fake.npz,Fake,Real,0.3045228738337755,0.37095168232917786,0.01928352750837803,0.08881350606679916,0.9630351066589355,0.080530546605587
rMLfEL02QeY_0_1_7427c9e9-e729-423c-84e6-9231e0321e43_label_fake.npz,Fake,Deepfake,0.6934033751487731,0.7371923327445984,0.3093581795692444,0.9999641180038452,0.9735267162322998,0.4469755291938782
2Ny5UJLpoxg_1_1_401ab900-7ee1-4e38-a533-a491a6ff3cbb_label_fake.npz,Fake,Deepfake,0.7796947181224824,0.7098876237869263,0.7275446653366089,0.99943608045578,0.9692335724830627,0.49237164855003357
jV2pjBg0srU_900_1_069bfbf1463384906e89e5552357c0c3eb8ab39de3dd753ff861a3236fbdad93c3ed0d90c594798167875e4f0757b6ad763e553cbb69f1d6a5f85c8c81a05af8_label_fake.npz,Fake,Deepfake,0.5057766303420066,0.43043169379234314,0.8792935013771057,0.0514344796538353,0.5064206719398499,0.6613028049468994
jV2pjBg0srU_447_4_fc6de929918c8de176a0174ac4d197c6c10273ce120d4197766183bb73f4f8e85213caec34c05f56137334d28db60f6120351c88e99a749f437e917b3bc156ed_label_fake.npz,Fake,Real,0.2175458502955735,0.34549829363822937,0.182862788438797,0.002580976579338312,0.09680220484733582,0.45998498797416687
uf6AEUyJU94_230_1_2dfcba75-4bc0-44fa-9398-5c84ae6d2c2f_label_fake.npz,Fake,Deepfake,0.5192157514393331,0.40331926941871643,0.059497568756341934,0.999940037727356,0.9723390340805054,0.16098284721374512
NN_GSU0aMzI_12_2_2240656e-d878-4857-ab17-69c4731e23d2_label_fake.npz,Fake,Deepfake,0.6025406502187253,0.809894323348999,0.05774874612689018,0.997634768486023,0.9702862501144409,0.17713916301727295
62ywI44YAxQ_92_1_862fd71fc4026017343e01a30fbe9f8eddae057d7e6afdee759b41ad7e5fbdf8ebd64042d57700a54ac47ee91f5cdccb90383aecdd3482ed4d5c7358f80a3502_label_fake.npz,Fake,Deepfake,0.6982592154294253,0.5130867958068848,0.9666504263877869,0.999956488609314,0.9806802868843079,0.03092207945883274
Jz1hFqllPYs_17_3_eadb4690-3c8a-488a-9f8b-8ff67ad1c917_label_fake.npz,Fake,Deepfake,0.3824140163138509,0.7326893210411072,0.008284554816782475,0.039883047342300415,0.9515082240104675,0.1797049343585968
VifDzyPgBNg_317_47_888f2ee0862bd62c87723c3b174d5161129f017abc9f8344bb879e0fd9fd09d49f50afe3b0865da97e6509bf3b5ffafe5a210a192dea5b55d82628a5df678ecc_label_fake.npz,Fake,Deepfake,0.6545136570930482,0.5371525883674622,0.7289726734161377,0.8259850144386292,0.4999762773513794,0.6804817318916321
jV2pjBg0srU_683_10_55e5ea07bbd6e1e54ac5ac972bcd4d390763267fa69bfd588425780bd8044217f7bb6736bc1c3872af95244db5d49e75fb73aae2656229ee90041b0ff7543545_label_fake.npz,Fake,Deepfake,0.3984901944175363,0.5042180418968201,0.020392758771777153,0.0009649759158492088,0.8643722534179688,0.6025029420852661
LTXWPfNhXzI_14_2_14e0e800-e07f-41f1-a48b-fec9331d8c5c_label_fake.npz,Fake,Deepfake,0.6413741201162338,0.7283186316490173,0.21600429713726044,0.6586652398109436,0.9720062017440796,0.6318762302398682
O0nL5vRlcfk_663_1_04af6dbda80ed5efea74527c9014aa4b16c5e88c5b8fbf642cfb369c482679a7080b199c1771c75279fa797dacbb5b84bff44143276aaddd21a1484e5985e7c2_label_fake.npz,Fake,Real,0.25887675476260485,0.43248721957206726,0.020438140258193016,0.000550795579329133,0.21045373380184174,0.630453884601593
uf6AEUyJU94_49_1_07259011-35fc-44be-8a5e-ea4868e4db77_label_fake.npz,Fake,Real,0.27262952933087947,0.155311718583107,0.056445129215717316,0.00010266201570630074,0.9246954917907715,0.22659264504909515
sba-i5-e3WY_3579_1_490608c4c27cfe26c6f3a78405e6b809f151a1eca24eea58498d56d11605a3e2ce3848bd2f42a3d92632e8880d6b27b9b395682dbede6508f170a9e9fa266cdb_label_fake.npz,Fake,Real,0.32082422617822887,0.4766109883785248,0.09171372652053833,0.0025385739281773567,0.9734781384468079,0.05977970361709595
KKeGv-ny-kY_391_1_cfb07d70593ae4a2efbc6ea65f6a8e47221c59af1f66462e8c0b3123c813257e91754ac8fead4d70bfe0070c51a3dd41ed960e6cc5a255f87c602d81378a5dc0_label_fake.npz,Fake,Deepfake,0.5525260627269745,0.3305172026157379,0.479625403881073,0.9993970394134521,0.6388463377952576,0.3142443299293518
GK9gq8WEHA0_1381_1_e5fdd86884848a3c37d41fe3e7a1568addf725ced6211b31c9b0bd68667e9d5d19702f6d8a195263fee241cc54ada66ca706ff546d29214002b7cc2c56682ab0_label_fake.npz,Fake,Deepfake,0.5295703440904618,0.3058759272098541,0.0539480596780777,0.9965763688087463,0.9302230477333069,0.3612283170223236
DZp9T_HelHw_114_1_5073961b-c49f-424a-918a-03120bc4183f_label_fake.npz,Fake,Deepfake,0.5934066224843264,0.4282798767089844,0.026061320677399635,0.9999524354934692,0.9837908148765564,0.5289486646652222
1w0GbOsC8DE_36_1_d6e11e02-d92c-4ec5-9f57-c17ab5d5f932_label_fake.npz,Fake,Deepfake,0.49980396963655954,0.44660836458206177,0.019976863637566566,0.9998641014099121,0.970672607421875,0.06189791113138199
dNCH3eXEwB4_847_1_afac80fe6c15fb7621b821ce61325da9c78478e28603336da508d7ff43a3252318e6a0f95832780cc16b503b9d327adc179e52fdf0e87b4e5e8995ac25910a21_label_fake.npz,Fake,Deepfake,0.8578900456428529,0.8563462495803833,0.6491490602493286,0.9999206066131592,0.9657167792320251,0.8183175325393677
elNx36q2vLM_36_1_7fb6c981-6845-42ec-9e9c-1a22aae4b08d_label_fake.npz,Fake,Deepfake,0.6777709305286408,0.8180219531059265,0.4532833695411682,0.9999996423721313,0.9167470932006836,0.20080259442329407
tEEJOZ20R_c_217_1_7fb6c981-6845-42ec-9e9c-1a22aae4b08d_label_fake.npz,Fake,Deepfake,0.5438034415245057,0.42851313948631287,0.2669985890388489,1.0,0.9461746215820312,0.07733085751533508
GK9gq8WEHA0_807_2_da454e0410ea13cc362483595bd2fe63e4df95016c18a0a0ed43c196f06efec628a946fc0c6679cae3969e4776c12501134378459417a185c182c37c975b4e4e_label_fake.npz,Fake,Real,0.3265757106826641,0.40049752593040466,0.1694161295890808,0.00035890593426302075,0.9519426226615906,0.11066336929798126
K5nAHKJjWMY_230_1_c9bc2f83-d130-4643-a64d-176adc37edfb_label_fake.npz,Fake,Deepfake,0.5103471414651722,0.47205236554145813,0.7623623013496399,0.0023929260205477476,0.9747217297554016,0.3402063846588135
_gpi6HZA5JQ_22_1_eadb4690-3c8a-488a-9f8b-8ff67ad1c917_label_fake.npz,Fake,Real,0.29682529270648955,0.14233998954296112,0.10329039394855499,0.26320695877075195,0.9561360478401184,0.01915307343006134
PqumaD82tcI_356_6_da454e0410ea13cc362483595bd2fe63e4df95016c18a0a0ed43c196f06efec628a946fc0c6679cae3969e4776c12501134378459417a185c182c37c975b4e4e_label_fake.npz,Fake,Deepfake,0.5736409485340118,0.399010568857193,0.045399248600006104,0.9311743378639221,0.8404701948165894,0.6521503925323486
PqumaD82tcI_219_28_a640e7bec1f7492ad916307b7a89d5df65ab97d9e22d11be70651d1bd12577a405a2d168d59969b4e1a40fa77385e9e97a4878bd3b66bf7f270cfd749769aaf2_label_fake.npz,Fake,Deepfake,0.36250052936375143,0.13551025092601776,0.5674834251403809,0.9819870591163635,0.11151446402072906,0.016007447615265846
Nz7QfvnRkuE_906_1_b271b0942536be9b385ecac283ba9754be1f1c3c1320fd6262311065ab29dc244c6cef18dc42bea10a2b16693519267d052d982080867fab23c3165eea8334ea_label_fake.npz,Fake,Deepfake,0.5032187424600125,0.4721488952636719,0.4369152784347534,0.6774320006370544,0.8805945515632629,0.049002986401319504
mu11jOqHkrQ_1_1_006fabb7d2d2421d7627a0467d48b66ca8e10aad2f16e228ce6ec72bd736c00e7ce043d1e1dfa77f36ef1ac68ec56abfd0790018e90e34dfe67ff101000e4c22_label_fake.npz,Fake,Deepfake,0.41788228414952755,0.5040832757949829,0.00842992402613163,0.9995978474617004,0.5345010161399841,0.04279935732483864
9DTxDmLwFb8_832_15_41448b1f18e7526a07f7e942ea991bf4724abe7442c5aa801252ef90a870e69bc502f3cfd05399f25c10052d24d2aceb0eb7d66f0c4fa428f9e15236cddbf8ce_label_fake.npz,Fake,Deepfake,0.5890125662088395,0.48264265060424805,0.13622601330280304,0.9999669790267944,0.6588119864463806,0.667415201663971
1aIMkhQHGO0_38_1_bad86453-fe34-457d-b49d-b996fd601f45_label_fake.npz,Fake,Deepfake,0.4634790655225516,0.39936167001724243,0.4282207489013672,0.6748054623603821,0.7879759073257446,0.027031539008021355
uwUNgTjP7Ts_32_1_6aa4b8d7-8755-4a0b-84d9-b8f2155550ca_label_fake.npz,Fake,Real,0.2432187313213945,0.42789551615715027,0.04635936766862869,0.013889708556234837,0.6849007606506348,0.043048303574323654
6l6NFBuOYjk_159_1_c1ba24ed64fb3171113fda43013f2d59d15347769c39f0747946242c75e507f91cea92fddff6f4a542d69544e942a0382319018603b700a147bd969adb45f621_label_fake.npz,Fake,Real,0.3034374088048935,0.4991725981235504,0.12620624899864197,0.07334242761135101,0.3409641683101654,0.47750160098075867
cyyeokhRDgI_777_7_07259011-35fc-44be-8a5e-ea4868e4db77_label_fake.npz,Fake,Deepfake,0.5894002906978131,0.4324673116207123,0.03142508491873741,0.9999450445175171,0.8804998397827148,0.6026641726493835
vExEOy-9eF4_10_5_b06edf2a-be93-4b67-8cce-b890b35594d6_label_fake.npz,Fake,Real,0.32200346328318125,0.48398932814598083,0.01245223917067051,0.1391964852809906,0.881846010684967,0.09253325313329697
wf32v1liDSQ_2_1_eadb4690-3c8a-488a-9f8b-8ff67ad1c917_label_fake.npz,Fake,Deepfake,0.6392450273036957,0.48450028896331787,0.34569409489631653,0.9999988079071045,0.9562696814537048,0.40976226329803467
tgWpcB36m-Q_36_1_22d623d6c5587fba817256b52840e2aa99b8abe47e6ed55ad40b385ac459180e2bc4f32f2a12fb381c6251495c4811c15790c3e300f89bb54b4b6a1aaeb0421c_label_fake.npz,Fake,Deepfake,0.5922799482941629,0.5760521292686462,0.8423709869384766,0.00845462828874588,0.9390645027160645,0.5954574942588806
WimhDf8VpTA_130_2_6fc9b55f3e268f0ca50c494d4f8089b773655df99e0bca98466e4169e026b957992cf60f59bdc4a7cf8026d889cd8d2152d4d4b30543d097624acad4bee702f9_label_fake.npz,Fake,Deepfake,0.3802884446457029,0.5359877347946167,0.07150290161371231,0.009376958943903446,0.962074339389801,0.3225002884864807
hlgbJ-9GE6k_19_1_9a44893c-749d-45e0-88c9-ac980dcd93ab_label_fake.npz,Fake,Real,0.2674555443227291,0.4293680787086487,0.14466571807861328,0.044778790324926376,0.545342743396759,0.17312239110469818
ldI1peHBLa0_203_2_f8c0e946e7af7735dffc27b2650afcdbf69adfbf870e4ec5155325950d90229237a3be9ebb664e00c5815473de82de7383f38e659d1ee4e33d408ce37310a946_label_fake.npz,Fake,Deepfake,0.39510418772697453,0.07475022971630096,0.00813477486371994,0.995764970779419,0.8898504972457886,0.0070204660296440125
Ee8o538xFwE_720_1_f28017cdfa0d75d680936c219084c7d81235169b1bd64d8fb0448ce5554100f99a9e1d65591d2ec357c228bb0c28c3dceee004077760036e81578e7cd0db98f6_label_fake.npz,Fake,Real,0.26509463099064307,0.5154253244400024,0.12300372123718262,0.00016419874737039208,0.6231375336647034,0.06374237686395645
ldI1peHBLa0_195_4_077a1c2f83ddbaadbd15d0e4b050a98e23f2ff53ce2a1c2ba036b6cdd4accbe46578d5943ee885d9aeafe2972d70ce1da15e1428274c9a6479d392bb40fb950a_label_fake.npz,Fake,Deepfake,0.43419944820925593,0.07248669862747192,0.4476669430732727,0.9999266862869263,0.6440646052360535,0.006852307822555304
btSL5MQfYjA_234_2_5472658c-e935-4a7d-922c-d33611b91134_label_fake.npz,Fake,Deepfake,0.5690231516957284,0.3792664408683777,0.04856274276971817,0.9937264919281006,0.9038152098655701,0.519744873046875
RTANgWdCuMo_1353_1_4514ea2fcb3fa3f830b3113d5c1651934141201799121381737cc3b3685f18c4116369d29eade71755263e097b8e54ef1913fb386759d34d0300a8f6d26e3185_label_fake.npz,Fake,Real,0.3376221401616931,0.1854981631040573,0.3401622176170349,0.9999991655349731,0.14712049067020416,0.01533066388219595
9X-SE-3CPw4_768_8_3a67e258b683a93605f1d196c0db5789e00ed05652fb86aafaa3da6da1c31bbdc79bd14c3b3f4d2cf2cb825e444b859769628b97f41ebcc373c238ceba2da97c_label_fake.npz,Fake,Deepfake,0.5361556679010391,0.35486578941345215,0.7135291695594788,0.9780769348144531,0.15679101645946503,0.47751542925834656
KLyiFfWtoPI_657_1_b20852cd13badfd3c1615f3c405db2bcc8f65723de59d8fa69bb56171afbf3fae558ad4f1cd4d6bc19f4c89d3c6ba8c7e3736ee3125939bd00dafce86da0d5da_label_fake.npz,Fake,Deepfake,0.3680858441162855,0.37874314188957214,0.03134864568710327,0.002434674883261323,0.9161071181297302,0.5117956399917603
ldI1peHBLa0_43_1_24d48acd09b057867118d9f1558fd2c6045be3b39a4ad535b6ca8e790236b0d066361070524a87734186ce152874a8b8670d893f477f95f6c596acdb8b96224f_label_fake.npz,Fake,Deepfake,0.434255207516253,0.08101876080036163,0.22401389479637146,0.9999560117721558,0.8573873043060303,0.008900065906345844
AsrSRZTj2Tk_121_31_0a324221df8791800c358ed2fbfba4e8754c9dac05bd731ef6b7efb001178d987bb0d68a8697b58f5750453e0b5dff0baea31d445d815e77f3678eadb05a7c38_label_fake.npz,Fake,Real,0.2705880428664386,0.2783832252025604,0.003923134412616491,0.04258909448981285,0.8832672238349915,0.14477753639221191
Ee8o538xFwE_366_1_236bdda4b44e7173043672371ba47bffb01b5c9afcedc1bb1214edfbb6e4c9bf32e63ab83f9580c345d1d1a544cdbda3cb0a7b7150627d2b589fbedd12928262_label_fake.npz,Fake,Deepfake,0.4956579701974988,0.4004323184490204,0.010242470540106297,0.9999843835830688,0.8136721253395081,0.2539585530757904
qv45xE78kx0_258_1_c622b811-4d89-47d9-bef3-79ee7de98762_label_fake.npz,Fake,Deepfake,0.6952121198177338,0.7755886316299438,0.5475139021873474,1.0,0.9565771818161011,0.1963808834552765
KLyiFfWtoPI_562_1_944444cf-3002-412d-bdaa-a78873058217_label_fake.npz,Fake,Deepfake,0.48617081046104427,0.4022255837917328,0.15924197435379028,0.7802407741546631,0.933286726474762,0.15585899353027344
ldI1peHBLa0_47_6_bcf9b311-513a-4618-b63a-d0d8a41f3af6_label_fake.npz,Fake,Real,0.1955482482910156,0.08275651931762695,0.11378813534975052,0.015718892216682434,0.7582473754882812,0.007230319082736969
IcAV5qiko8M_119_6_4423514fa51943a7a32bbed365f479687b108270c71c3b0691032ccbe7073cad303e3a9d84817c1b5b230d0531827b87a9e384b98fa2ccf8d892232e98b00f9b_label_fake.npz,Fake,Deepfake,0.6105246663093568,0.4435791075229645,0.35142067074775696,0.9999998807907104,0.9682390093803406,0.289384663105011
LGd_iDH5tU4_5_130_b92b86e9-0f00-4e34-86a9-4cd561871aec_label_fake.npz,Fake,Deepfake,0.5494178503751754,0.1462247669696808,0.692581057548523,0.9877976775169373,0.7479286789894104,0.172557070851326
vAQM3cPJxSg_16_1_5ae14cef9b5ae03444d80e9a85021130f4c28d26874404429c7cdd4e29690f783f9b051279af28d9ff10fb7a90b23fad1059eddef9714fddda8a4e70efa16dfc_label_fake.npz,Fake,Real,0.28759928941726687,0.3675748407840729,0.06165708974003792,0.48078683018684387,0.06218330189585686,0.4657943844795227
ldI1peHBLa0_175_9_4829ea6c-ed55-4a47-8ee3-a3ea5092ad4e_label_fake.npz,Fake,Deepfake,0.4023193169385195,0.0668768584728241,0.02620529569685459,0.9992079138755798,0.9073177576065063,0.01198875904083252
gEpZTuQhcuA_335_14_ee368035-ea13-4842-90f4-5c50dfbf1a7e_label_fake.npz,Fake,Deepfake,0.5575265605933964,0.5103235244750977,0.005795876029878855,0.6689212322235107,0.9661159515380859,0.6364762187004089
tf_pzTBKuFY_410_2_53da3a00-8c41-49a9-995a-f070ec8aa8f7_label_fake.npz,Fake,Deepfake,0.5290614649653436,0.5684284567832947,0.0333162322640419,0.9945836663246155,0.8579921126365662,0.19098685681819916
0mnBxMvTbts_5_1_66b11674-be64-48af-963b-8bbef4136a04_label_fake.npz,Fake,Real,0.2946413829922676,0.2049245834350586,0.03415704146027565,1.0,0.20029103755950928,0.03383425250649452
y9BVPefouIs_2703_4_ecaa6ed7-2d9c-44d5-bfe5-92bbf26cb41b_label_fake.npz,Fake,Deepfake,0.7123364448547364,0.5617343783378601,0.5666388869285583,0.8548504114151001,0.9630683064460754,0.6153902411460876
-mMaHBtQ-DU_20_1_85da687977ebe2951514daafb325c5a1a2b47a87d0b7ba80c96c1381b9d58861dee3e20672b62c479b8eb2ed54e4e1df90c485429031f848f671cd89a918333a_label_fake.npz,Fake,Deepfake,0.5568498596549034,0.4206162989139557,0.30755606293678284,0.9999873638153076,0.9577851295471191,0.09830444306135178
dTeNSc1Sp28_161_165_fc3b87e39142b5fced5eb2422f0f5277bdf471c8865e9a233c413e9271695f8e33e209c8b52065c951b7b4e8eef446a928074b5e28b9961a6f4c6cb9849325c7_label_fake.npz,Fake,Deepfake,0.37921921834349637,0.13334070146083832,0.4950611889362335,0.24506407976150513,0.9783927202224731,0.0442374013364315
PqumaD82tcI_293_14_e367092337eee68457a6bfb2e79a824aac31cb865ac3161f9e9a836260acdab578a2ec33d9ec1a4cbcc2cfe7801ab5bc8db466685f7de393bd75608992b0325f_label_fake.npz,Fake,Deepfake,0.43041460774838924,0.13224969804286957,0.2751965820789337,0.9999997615814209,0.7267864346504211,0.017840562388300896
VifDzyPgBNg_217_1_dfdc608b73d04756629688c121f7f6a7bd234f66cad03997515107ccc8b99ff88aefba0e32cc9ff73e1f27f801f92f31319b8027a9113df24ff5db390446e5de_label_fake.npz,Fake,Deepfake,0.5015124969184399,0.45358601212501526,0.10918917506933212,0.9785511493682861,0.9425134062767029,0.02372274175286293
4E06roNBNx4_19_1_03da017be4dffe4409c79005842b51cadfaace30ceab713c4855d66225ee03c528f6d8d3336616ee89c195976e69fd11dd52888dda7692bd7966bbed17386a33_label_fake.npz,Fake,Deepfake,0.3609194792807102,0.6685360074043274,0.051556359976530075,0.03715433180332184,0.9333317279815674,0.11401896923780441
KyeC6d6MTSU_195_1_e23fcbfdbd4639b11c95fb4c8fb94d4b8c576234203af247a6aa4e230e0247e37085eae1fa5aef4832e68cae29d165e45ebccc16ea830d43827c700877602c72_label_fake.npz,Fake,Real,0.20705677196383476,0.19186921417713165,0.27641719579696655,0.0007078442722558975,0.5542407631874084,0.012048842385411263
1aIMkhQHGO0_3_1_26d0398a-3c2d-4e99-86a6-89de0306ae48_label_fake.npz,Fake,Deepfake,0.5460237562656403,0.5387388467788696,0.18390175700187683,0.997742772102356,0.8769974112510681,0.13273799419403076
eIt57YWVTck_288_4_fac0e0620a2a168767fac7877778ba19086a86e38d25aee89579c84d16860079cc6ff038dd7cbf1893caa49e3f75eb966a06404e0ea9dd2f72725084fd5e9ff0_label_fake.npz,Fake,Real,0.2944059371948242,0.25968411564826965,0.46460744738578796,0.41723182797431946,0.17729777097702026,0.15320852398872375
xZT8cNQCq2s_45_1_0118ae01-24f2-4fda-8249-aff3c49e5a26_label_fake.npz,Fake,Deepfake,0.61542649269104,0.4850936830043793,0.46719521284103394,0.7234345078468323,0.9455029368400574,0.45590612292289734
F5pWQReu6io_549_5_70fdaa18-f24a-4637-8e98-d425c9d6d4e6_label_fake.npz,Fake,Deepfake,0.644955661892891,0.22183622419834137,0.8979619741439819,0.9999978542327881,0.9354996085166931,0.16948264837265015
mOPffKIq18w_149_1_61f4d2fcd897621a1db8422bafe2ef51cabafbf83a6a39c5a718ed46de7adfac6d1d4b653f05d3e0888ae141c4ea27b821041dddfe74d1cb3c39f6fca550a1c8_label_fake.npz,Fake,Deepfake,0.6577871458604931,0.7699805498123169,0.006393798626959324,1.0,0.9438912868499756,0.5686700940132141
L8Bp2IMqp5A_2_1_80d90a73f72fc311202bfebf64c52334221de05b3e0757e6620b06694345585d81d943cf2b22d57232cb31b8045eb9be237e83b5e8de871b2ecdd47ec9a80114_label_fake.npz,Fake,Deepfake,0.5938160795718431,0.5384712219238281,0.019983241334557533,0.9918107986450195,0.7877388596534729,0.6310762763023376
1aIMkhQHGO0_11_1_5e74185b5d7c39934c59e49f7b485a0e5bb4fd21363e1b15c7d584cc9f14750c1a5b32583f1df1de150f05401528cf6c8188f5f2dba6422cdb21886529dd2bda_label_fake.npz,Fake,Deepfake,0.46648124456405643,0.4044003486633301,0.1850118339061737,0.9917045831680298,0.5884669423103333,0.16282251477241516
SabGmKoEfYk_91_1_8f44672518c4ceaf145d437b16844eef8a019f7d0a9e35174c5335901be2849599b8e2bd00d78db77dfadace67db6e702eb1fb92f5612a534dd1226e69f5f2b1_label_fake.npz,Fake,Deepfake,0.5613297685980797,0.6817280650138855,0.9789480566978455,0.03588683158159256,0.9266368746757507,0.18344901502132416
SabGmKoEfYk_40_1_b7f60d58-8a64-492e-b9cc-77bdb213b08b_label_fake.npz,Fake,Real,0.3472534008324147,0.5393282771110535,0.017451826483011246,0.2529013454914093,0.8613568544387817,0.06522870063781738
KLyiFfWtoPI_526_1_a8447516-1136-4856-8cd6-52333ce053e8_label_fake.npz,Fake,Deepfake,0.40009305373017695,0.3772014379501343,0.4292416572570801,9.484680845162075e-07,0.9171869158744812,0.27683430910110474
LQwbKBaau9Y_68_1_bf9c82e8-6a77-4151-84a6-97d7517ce9c6_label_fake.npz,Fake,Real,0.347908191382885,0.4157397150993347,0.10617902129888535,0.342115193605423,0.4907158315181732,0.38479119539260864
QokRiSc2AHE_37_1_eed27cca-e5c8-4b3e-a56d-206bb80a1126_label_fake.npz,Fake,Deepfake,0.65711008310318,0.642765998840332,0.9432822465896606,0.5314111709594727,0.8065992593765259,0.36149173974990845
ff154AYIysk_52_15_1144456f-09f3-4cc9-b0d8-34065313f13e_label_fake.npz,Fake,Deepfake,0.5661767363548279,0.48295432329177856,0.6214622259140015,0.9572585821151733,0.2696693539619446,0.49953919649124146
aRhkxaF7cO0_20_1_6ff52bc1-30d2-42b0-bb4a-33791d363922_label_fake.npz,Fake,Deepfake,0.5612506933510304,0.34817126393318176,0.035823408514261246,0.9917721152305603,0.8823641538619995,0.5481225252151489
1bKa493VnVw_220_1_c14b7ac6-3a0d-4d10-bf54-ca6757841a00_label_fake.npz,Fake,Deepfake,0.38978905677795406,0.0848756954073906,0.4819599986076355,0.48216354846954346,0.8877502679824829,0.012195773422718048
LQwbKBaau9Y_235_1_f5c4bbe9-473a-47e7-a950-ed30063ffb7f_label_fake.npz,Fake,Deepfake,0.651351946592331,0.3573300838470459,0.19290700554847717,0.9551912546157837,0.9481955170631409,0.803135871887207
P9rEtDiot-w_100_1_5cc5e7c4-db87-47eb-adc7-54964f3d1fb0_label_fake.npz,Fake,Deepfake,0.5293924994766712,0.426371306180954,0.33204036951065063,0.9001930356025696,0.9405246376991272,0.0478331483900547
647itg-A_aw_40_2_4224094c-c2ef-495e-a293-e87afb132673_label_fake.npz,Fake,Deepfake,0.4847368285059929,0.19794555008411407,0.23298214375972748,0.9999995231628418,0.9770174026489258,0.015739522874355316
b0Z9IpTVfUg_31_4_d5763ca8-9494-4184-b1e9-5ba8bf016b3c_label_fake.npz,Fake,Deepfake,0.6728417396545411,0.4016505777835846,0.4453451335430145,0.9805737137794495,0.9743399620056152,0.5622993111610413
iJ-5uw3xtd8_71_1_36b71322-609d-4baa-83dd-08e716878bae_label_fake.npz,Fake,Deepfake,0.5802909910678864,0.4834609925746918,0.3967176079750061,0.9998688697814941,0.5493921041488647,0.472015380859375
SNHUu7YkNjA_150_1_434326aa-6759-4833-aaef-6b7b7cbdf44e_label_fake.npz,Fake,Deepfake,0.4594180811196566,0.16707412898540497,0.13876576721668243,0.9999762773513794,0.9733573794364929,0.017916852608323097
b4rtVFikc6Y_1677_1_e660d5e7-74a2-46ca-a530-31fa1cb8b4ec_label_fake.npz,Fake,Deepfake,0.5247395396232605,0.4735271632671356,0.26304394006729126,0.5895049571990967,0.9130324721336365,0.38458916544914246
66hZVQIWCEE_107_4_be5b9ca5-75f1-4599-bc3f-7e5318339509_label_fake.npz,Fake,Deepfake,0.8229273200035095,0.8364015817642212,0.820737361907959,1.0,0.9269963502883911,0.5305013060569763
8GpRabFxLWk_281_2_796f9038-21cd-4ff5-b258-57516e357e3c_label_fake.npz,Fake,Deepfake,0.5087128117680549,0.08267972618341446,0.511530339717865,0.9978244304656982,0.9324330687522888,0.0190964937210083
BiutERE4Jgk_329_1_50a94732-7918-4da7-8871-b10ad7f6f02b_label_fake.npz,Fake,Deepfake,0.585822668671608,0.6131184697151184,0.3180094063282013,0.8378111720085144,0.9536465406417847,0.20652775466442108
BiutERE4Jgk_860_1_12dc8bb2-39c4-418b-994f-5f587916c3eb_label_fake.npz,Fake,Deepfake,0.6037982404232025,0.7869802117347717,0.29350465536117554,0.2637418210506439,0.9717174172401428,0.7030470967292786
lJPnnQ3ksWo_158_1_6ae5f4ec-d95e-4d8f-a4a6-d23621bf4d59_label_fake.npz,Fake,Deepfake,0.47199360333615914,0.3753146231174469,0.44612693786621094,0.0005143683520145714,0.957987368106842,0.5800247192382812
3OMfB1MRAig_78_10_367809bd-f8d5-452b-b951-fc368af7af0b_label_fake.npz,Fake,Deepfake,0.5686859343200923,0.5121933817863464,0.009432720020413399,0.999930739402771,0.7745934128761292,0.547279417514801
lJPnnQ3ksWo_52_3_29800dc0-d3e8-4033-8447-e8a25e416d11_label_fake.npz,Fake,Deepfake,0.7640559077262878,0.340134859085083,0.6231368780136108,0.9999985694885254,0.9686658978462219,0.888343334197998
4FT5RYuifwE_47_2_0a5cac23-6cdf-4c40-a36f-478154f855bd_label_fake.npz,Fake,Deepfake,0.5390372917056084,0.3075653314590454,0.5731116533279419,0.7446720004081726,0.961566150188446,0.10827132314443588
orD3vsEyGdA_42_1_ecb41622-7f69-45be-a4ed-d2cd39ce6dee_label_fake.npz,Fake,Deepfake,0.5040164500474931,0.5136792063713074,0.7922475934028625,0.013250306248664856,0.660440981388092,0.5404641628265381
zJ_VT04DryI_1190_1_d9aff0f1-66b5-4c30-b632-93dcbde76386_label_fake.npz,Fake,Deepfake,0.5784279882907868,0.5278191566467285,0.14633947610855103,0.9999932050704956,0.9138321280479431,0.30415597558021545
wXODvu8UfXc_8_1_d0c69511-1a11-4f6c-9b68-4a01cd0180c4_label_fake.npz,Fake,Deepfake,0.4635436236858368,0.35179752111434937,0.3282758593559265,0.8732876181602478,0.29803869128227234,0.46631842851638794
9TFi9Zo4FJc_52_1_a72ed983-a2b3-49f0-9c6e-1d5d9be2d518_label_fake.npz,Fake,Deepfake,0.4769482910633087,0.22689120471477509,0.11870130896568298,0.9758719801902771,0.9719422459602356,0.09133471548557281
VJGVR9ECWhg_23_1_41f474ea-f96a-46ba-8ecd-50f0be37e015_label_fake.npz,Fake,Deepfake,0.5400766894221306,0.3234679698944092,0.42087990045547485,0.9859193563461304,0.8939199447631836,0.07619627565145493
Q67YB87tfWE_62_7_20663c60-0b9a-4680-a24b-06c299e03c6a_label_fake.npz,Fake,Deepfake,0.7556999981403352,0.8162212371826172,0.3445371687412262,0.9900966882705688,0.9705361723899841,0.657108724117279
sJai0cem3jQ_330_1_d6b0a0fd-0d20-4855-a2fa-e621da858489_label_fake.npz,Fake,Deepfake,0.44211070537567143,0.14346551895141602,0.07529684901237488,0.9849317073822021,0.9764942526817322,0.030365198850631714
KNEGWrD08f8_39_1_3831097e-e5e6-4e97-851e-931dbb59e80a_label_fake.npz,Fake,Deepfake,0.557874908298254,0.14729490876197815,0.6202890872955322,0.9999028444290161,0.9764373898506165,0.04545031115412712
cA6bhAuQDVk_231_1_ba4124d3-27ea-485d-bafd-314a74b74e12_label_fake.npz,Fake,Deepfake,0.5955714166164399,0.4006577134132385,0.45068496465682983,0.7335407733917236,0.9221680760383606,0.4708055555820465
kPMxp9AWEOQ_43_1_452c7062-af3b-401c-a98e-cec4d69bc01a_label_fake.npz,Fake,Deepfake,0.4799882598221302,0.3765571713447571,0.051695454865694046,0.9808238744735718,0.8201727271080017,0.1706920713186264
n8DXfKivV5s_2_4_97c77c87-386f-41aa-b5ae-b25ec8baed19_label_fake.npz,Fake,Deepfake,0.5718609780073166,0.6574874520301819,0.21099403500556946,0.9999951124191284,0.9506641030311584,0.04016418755054474
AuChjLH9pAA_33_10_4b2e52a2-5562-4232-a370-a715a474f6b9_label_fake.npz,Fake,Deepfake,0.4478402135893703,0.07099687308073044,0.2420184165239334,0.9953729510307312,0.9251546859741211,0.00565814133733511
V3Cav6WhwZc_0_2_b0f55d1a-61f3-4220-acc7-bb924224ed89_label_fake.npz,Fake,Deepfake,0.5891624003648758,0.4219501316547394,0.16442494094371796,0.9997994303703308,0.976635217666626,0.38300228118896484
GAw-vEk3Fys_1639_2_e947d9b3-b728-4fb3-8afc-8b3d7d656011_label_fake.npz,Fake,Deepfake,0.5246910497546196,0.5297848582267761,0.05466827005147934,0.9944512248039246,0.9889266490936279,0.05562424659729004
_UpirrRkPZI_359_1_c0942ded-3637-44ed-9eac-fffbbe59d463_label_fake.npz,Fake,Deepfake,0.6082322120666503,0.4537311792373657,0.3607451021671295,0.997316300868988,0.8533225655555725,0.37604591250419617
sJai0cem3jQ_615_2_8962bf55-1153-43b0-872e-28775c881c23_label_fake.npz,Fake,Deepfake,0.45110968202352525,0.094883494079113,0.030617699027061462,0.9998396635055542,0.9663515686988831,0.16385598480701447
lkMV6SxilXc_86_2_1fb57f7e-a839-4def-81a3-ea493d2bb32b_label_fake.npz,Fake,Deepfake,0.39947513937950135,0.18640513718128204,0.36336904764175415,0.477835476398468,0.930809497833252,0.03895653784275055
awYvLQ53n3M_79_3_4993dfba-1320-4391-bece-6afc5a477a82_label_fake.npz,Fake,Deepfake,0.35884598882694263,0.32956385612487793,0.04635205119848251,0.00016447612142655998,0.9642305374145508,0.45391902327537537
LNn1IW-5-rI_0_1_8962bf55-1153-43b0-872e-28775c881c23_label_fake.npz,Fake,Deepfake,0.557754290662706,0.7186762690544128,0.007196965627372265,0.9937083721160889,0.8004537224769592,0.2687361240386963
YbnS39GAcQo_305_1_e243c2e8-21ed-4f3d-8df3-efd35a2f8532_label_fake.npz,Fake,Deepfake,0.38135007321834563,0.438538521528244,0.11668719351291656,0.22087880969047546,0.9416292905807495,0.18901655077934265
7N-mvmbeX2Y_330_3_a1925a07-7661-4a9b-8d1f-3012d96bdf07_label_fake.npz,Fake,Real,0.33016678585845516,0.2979022264480591,0.004702715668827295,1.5731769963167608e-05,0.9801428914070129,0.3680703639984131
TkpyR9VBwTs_24_1_b2da3583-00d1-41a4-a9f1-512b133c9210_label_fake.npz,Fake,Deepfake,0.5844275161623955,0.36194780468940735,0.5143762826919556,1.0,0.9699057340621948,0.07590775936841965
I-B_Oa6_eNU_1_1_16a1fbf7-cf59-4dc9-a458-80d69ffb34c5_label_fake.npz,Fake,Real,0.3186472277157009,0.08119233697652817,0.11271432787179947,0.9996627569198608,0.39352935552597046,0.006137361284345388
0C0G4BT4pzQ_133_1_123ad2c7-7f96-41db-8f5c-c4f6bf766fe1_label_fake.npz,Fake,Deepfake,0.5408963296562435,0.4938370883464813,0.2567494809627533,0.9987218976020813,0.9376500248908997,0.017523156479001045
99LDOZtE6es_46_2_40bd919e-58e3-47c2-ab09-73e6a6f70a12_label_fake.npz,Fake,Deepfake,0.40829245587810875,0.5515028834342957,0.9663477540016174,0.000361680518835783,0.08137539774179459,0.44187456369400024
WjMuIWoYKSs_5_1_5f9da37e-5ce7-4a91-ae7c-e991df6a740d_label_fake.npz,Fake,Deepfake,0.7060971289873124,0.7396217584609985,0.16814662516117096,0.9999992847442627,0.9529761672019958,0.6697418093681335
zd9TNPVVfvI_50_1_d5b220ece8e74e27e79b186e6af9acd64537b2ff3f51fca7aa303b4d1b00253988e06dfc4c48dcc89428902d801282ccd05fe631b61fb800d12f65fa07866539_label_fake.npz,Fake,Deepfake,0.3730611187140312,0.3380056917667389,0.2780522108078003,3.865321559715085e-06,0.9268898367881775,0.3223539888858795
T47iIAEaLmY_1080p_137_9_889b86a8-849e-4787-bcac-b28498aafe37_label_fake.npz,Fake,Deepfake,0.45312565264030125,0.6074994206428528,0.4669813811779022,1.0207142622675747e-05,0.9385843276977539,0.25255292654037476
xIMS_-reEco_173_1_9b1f6fa0808afdf12aa680a24bcca75e8508ee44b4839922cc70e11127f3954a5c0da62fd6572af01785d8789545bc0cc3907cf7d3b7393547b2492eed49de68_label_fake.npz,Fake,Deepfake,0.4601013168692589,0.4608059823513031,0.01887386292219162,0.9998868703842163,0.1538066565990448,0.6671332120895386
Tdgb6NvUjhk_42_2_e4f3e424-41a2-4366-a274-6d0f0e6bad2c_label_fake.npz,Fake,Deepfake,0.3583890467882157,0.26459842920303345,0.42911893129348755,0.04698683321475983,0.5189839601516724,0.532257080078125
XcBujh5E4mU_0_1_76e7df4b-ebc8-4cde-ac00-9dd8a44fd122_label_fake.npz,Fake,Real,0.3284186385571957,0.1474638432264328,0.36039403080940247,0.12658177316188812,0.9672073721885681,0.04044617339968681
d3HzrFRMQ-s_107_1_82d8da5b20bb6189376fd7d308eaaaa256bb32c6cdb96108caaf3a32b203ddfe2c49122d0b86de364d0196832a3201959020c26798d434a73d616a7858197f52_label_fake.npz,Fake,Deepfake,0.5164976555854082,0.4695778787136078,0.6176321506500244,0.010475168004631996,0.8916483521461487,0.5931547284126282
y_H9JEbn-XU_164_1_7bb7354f-ebe8-46e9-8f03-7a78b6a5497b_label_fake.npz,Fake,Deepfake,0.6332944184541702,0.6257230043411255,0.22751571238040924,0.8596540093421936,0.9304832816123962,0.5230960845947266
V4ky5dwCLUg_79_1_50c6bfe4f3f458aa23b34a1a9b3a478086d78f6616af0b80aa5f7d3f121b7a52c1ec484422937ee4c78465ff237bc675d7e264c61aa1af0128478af1c1fc60eb_label_fake.npz,Fake,Deepfake,0.4453464597463608,0.3801961839199066,0.0060074180364608765,0.5168961882591248,0.8683708906173706,0.45526161789894104
VuHRkRk5Y0I_1_1_07a29c6781b83f68bdb76f80647aade9786b3665f977b9040fb7395931faa14b9a0878c16d444ddee649019d7a03a10aa9159b57879d7961d489ea913e9c7a1b_label_fake.npz,Fake,Deepfake,0.4982094843639061,0.6475389003753662,0.3629813492298126,0.0007346369093284011,0.9416685700416565,0.5381239652633667
gz-PPJGb0Fw_14_1_a0313aae2956e41ea940591258d002fdfc3fbc2e5852df52de887d916c68f35aeee6cc733414b36a239366b9b093222bc41f6abb3dd1763510e7a22934945b00_label_fake.npz,Fake,Deepfake,0.5168179825330241,0.729550302028656,0.36736100912094116,3.3546709232723515e-07,0.8692598342895508,0.6179184317588806
2BKokh3MsQ0_53_1_2283d87b7ed4c3115661b72d88358e00d1a3de116a67d2e8cdfd1d0b574a1ff7414d68d37f7a165a758ae1a5e734b57865e0e3ae52c5ecd1682b6f1b066cf425_label_fake.npz,Fake,Deepfake,0.37498701616859764,0.48479923605918884,0.24436034262180328,6.232185842236504e-05,0.7253299951553345,0.42038318514823914
QpbPUAQ9GxM_2_1_f19c513caab1c2f927df0cd2b8a676bb9adec59a16fa275097ef3bad141e1c3c4c81a6da178d85f913d8d166df06b66f6d027e1b1c534cb10cb7290172733dd4_label_fake.npz,Fake,Deepfake,0.5181931793689728,0.36202195286750793,0.42110809683799744,0.9999994039535522,0.3023322522640228,0.5055041909217834
FfsLl48yd88_179_15_db5284de-a360-4cab-a56b-5bffd00b0167_label_fake.npz,Fake,Real,0.3182193427186576,0.38337060809135437,0.006551146041601896,6.382159335771576e-05,0.9811270833015442,0.2199840545654297
d-3eWru8Rhw_62_1_742c01cb86c95616c9b91ae396781b73f9829c0e021581aa4e0c89fd945c67ba08fc77a998458ddfab56cc5569426ffd779148c20f6709fa29a8287a2d5279c5_label_fake.npz,Fake,Deepfake,0.3819233866001014,0.45870786905288696,0.19347472488880157,0.0003480322484392673,0.8701078295707703,0.38697847723960876
d3HzrFRMQ-s_44_1_2e309a24929d92ade5e3aed37cb43232c0ad9a3ee0c5bb52e72d303449e27491758a0d84eb51a71e93eb8bdf3cb86c91ce81cca620c031fb4b2b5cac3aa0f8d1_label_fake.npz,Fake,Deepfake,0.4523275494575501,0.39291292428970337,0.366047739982605,0.1587466299533844,0.8980317711830139,0.4458986818790436
7eUMXPSjWNI_30_34_29664170-1be0-4d79-b072-07a702370e20_label_fake.npz,Fake,Deepfake,0.4696866694837809,0.2517058551311493,0.012864576652646065,0.991004467010498,0.9812993407249451,0.11155910789966583
lyC3ISVmpwY_410_1_73ddaa74-5386-49e6-8eb0-07d4edc7ef29_label_fake.npz,Fake,Deepfake,0.5247088762000204,0.0669960305094719,0.6685532927513123,0.9990299940109253,0.8797473907470703,0.009217672981321812
NEEN8fSBuWI_386_1_2e362171-60dc-40f5-b348-8b5acb7d8a4b_label_fake.npz,Fake,Deepfake,0.42142735645174983,0.43192481994628906,0.20660416781902313,0.03159303590655327,0.926970362663269,0.5100443959236145
v3QirpCH8PM_165_1_5b3a540681c6b6caad1ac7ada55fafdbeda01c14208a9e161c36f015ffc757eaaa3693c1f26c41b944f81b18b2c775d96da1e5197fa5a261b675052d03c89182_label_fake.npz,Fake,Real,0.23925726711768053,0.4146822392940521,0.1108008474111557,9.011096448012512e-13,0.13565212488174438,0.5351511240005493
WYP2eizW7gY_130_6_30ba9bab-a647-43d6-a250-a6004d736d55_label_fake.npz,Fake,Deepfake,0.6770990908145904,0.6467512845993042,0.4066219627857208,0.9988803267478943,0.9854359030723572,0.3478059768676758
30CXCDECyG4_1080p_176_7_6ffcfa3f-9115-4249-899d-63d861692de8_label_fake.npz,Fake,Deepfake,0.5647115280851722,0.46968936920166016,0.012030060403048992,0.9999995231628418,0.947932243347168,0.39390644431114197
V4ky5dwCLUg_361_1_243b92841e9043c880193147c22d123a042302bf44bdfa48463eb8e56f5cc526456de6376d547273b08a9e8f70c296061adc1f753e69117da6d070da31af2f89_label_fake.npz,Fake,Real,0.30450477119640595,0.29651522636413574,0.07704343646764755,2.0694514546448772e-07,0.910493791103363,0.23847119510173798
-8ocXGKuChc_81_4_9e75ac0f-6728-49b4-ac3f-5c3c22dd6944_label_fake.npz,Fake,Deepfake,0.5827426314353943,0.47413942217826843,0.44156843423843384,0.6984251737594604,0.9764427542686462,0.3231373727321625
eUOLg70FT2M_460_1_061722981f77054421d946c6b7189f44063488f62b22e9b27b45bf8045be63248bb2d24109252264677011c696b9ceb5a7571545a77cdb823788cc6b3bd1b7ea_label_fake.npz,Fake,Deepfake,0.3541339376068209,0.5388299226760864,0.021344799548387527,0.00035545279388315976,0.8526548743247986,0.3574846386909485
L36UzqXOjcY_14_1_783931abcb303ee16358ff4ae350c72cc3504c31a3b011b8f2469f1b586ba73f92e9da756385c2a60398b9943f826fefc3202f036bf7d22d8fe9645aff697192_label_fake.npz,Fake,Deepfake,0.6516140762815212,0.5368382930755615,0.8867688179016113,2.8927372568432475e-06,0.9559133648872375,0.8785470128059387
ZzfsQF3ig2k_329_1_14941de1de58c50490831267090037c1709c355044e99809ac7738e4add4e94524e4becdb8448bc3f39dc612664cf1988c8fa3858d9a0d8af9376e90809f4001_label_fake.npz,Fake,Deepfake,0.6036328315734864,0.2590633034706116,0.49272727966308594,0.9999861717224121,0.8223997354507446,0.4439876675605774
JFBVpNgehIg_1080p_102_5_889b86a8-849e-4787-bcac-b28498aafe37_label_fake.npz,Fake,Deepfake,0.3593165225657799,0.436821311712265,0.18943966925144196,4.951521646034962e-07,0.9418132305145264,0.2285079061985016
zyEFcNYytCI_31_1_783931abcb303ee16358ff4ae350c72cc3504c31a3b011b8f2469f1b586ba73f92e9da756385c2a60398b9943f826fefc3202f036bf7d22d8fe9645aff697192_label_fake.npz,Fake,Deepfake,0.4712369979583855,0.557259738445282,0.25767722725868225,1.7291126823693048e-06,0.9564945101737976,0.5847517848014832
hT1KUqL4PaM_342_1_9993b1f5ad2b7cc611fb718918f53395cc69fdeecf2a6a2b5b5b0ffb20e31ffecb7359d6bcc7f682c47ca4d18491eda03b047be133f9ed8182d1d1475951030f_label_fake.npz,Fake,Deepfake,0.37791884392501374,0.46285706758499146,0.03343906253576279,7.237026462044577e-14,0.9436460733413696,0.4496520161628723
6naugGonRkE_1080p_102_3_4b5ae5b5-7420-44a2-8042-02f22e8d2b0a_label_fake.npz,Fake,Deepfake,0.4096741267014295,0.6345085501670837,0.03766143321990967,0.002443675184622407,0.9660231471061707,0.40773382782936096
hT1KUqL4PaM_499_1_061da964212ef923d623062d4097c80b90e8ecff2b9427561deda2b4d2c53b216d58dd2925f9ab5e25e5448b20bbcbae4cb67e6129b03163d2bdd49e85d4a1f3_label_fake.npz,Fake,Real,0.34164977737236774,0.3189906179904938,0.10287419706583023,0.0016836781287565827,0.9197078347206116,0.36499255895614624
eUOLg70FT2M_449_1_f19c513caab1c2f927df0cd2b8a676bb9adec59a16fa275097ef3bad141e1c3c4c81a6da178d85f913d8d166df06b66f6d027e1b1c534cb10cb7290172733dd4_label_fake.npz,Fake,Real,0.3334667919765707,0.20054933428764343,0.2815594971179962,2.3835355023038574e-06,0.8586370944976807,0.32658565044403076
lXXCH-gBGzI_64_16_ed851225-f8ba-4a30-9715-ba65a2f5e3bb_label_fake.npz,Fake,Deepfake,0.5392439961433411,0.5221282839775085,0.3765051066875458,0.3720071613788605,0.8585116863250732,0.5670677423477173
aEJY8qrqB7M_31_1_2ac9a8f9effb8a010f6529f9ff440a0fdf3fa0c16e6aff6c586330ba34be8819eafa112f6c8eff79f429f5234963ee6582460d947d5d764bd9294b98b91248e9_label_fake.npz,Fake,Deepfake,0.44259211858734493,0.5738732814788818,0.05659952759742737,0.005224369000643492,0.9638324975967407,0.613430917263031
KRwnkBc5OJs_0_9_1de7f11ad15259491ed04febd0138ff0ecd842b34aeaab35200613adac90e1e04f1e0c7aa4f7ac6ae7bad16d6fb38313070f90b6c965e2469b0daed97af1a941_label_fake.npz,Fake,Deepfake,0.38188671817401887,0.5418268442153931,0.002473004162311554,9.934205991157796e-08,0.849723756313324,0.5154098868370056
Du1SKO_ri4w_70_17_33b83807-b656-4801-9f84-b5f4a4d772d4_label_fake.npz,Fake,Deepfake,0.38625350371003153,0.4317651689052582,0.12990328669548035,0.060703177005052567,0.8582124710083008,0.4506834149360657
7HZ7W3C41hA_33_1_8c97d3aa6dc2d33e24439b51d48b04e2685f87806f718453e0382720d114a3daa2c6b40c676281eac17e752e2e869390e0b02b736b3f85727bde15dce6286fdc_label_fake.npz,Fake,Deepfake,0.37949961990962044,0.39271247386932373,0.17853285372257233,6.69494693283923e-05,0.8275383114814758,0.4986475110054016
qHO_Dn73ZRY_14_1_25b48eff-41bb-4ee5-9583-31d78953c782_label_fake.npz,Fake,Deepfake,0.6003173708915711,0.6165369153022766,0.4519408047199249,0.748471736907959,0.9509982466697693,0.23363915085792542
7eUMXPSjWNI_12_8_dd20b229-400e-48c3-aa3a-a7a8b7aae596_label_fake.npz,Fake,Deepfake,0.3695482552051544,0.210184246301651,0.2596043050289154,0.26655420660972595,0.9803503751754761,0.13104814291000366
j1VeIEcNIbY_72_1_2c6006a0-c464-413d-b592-5dd8808413f0_label_fake.npz,Fake,Deepfake,0.7182970941066743,0.7830084562301636,0.44705015420913696,0.9636543393135071,0.968062698841095,0.4297098219394684
03GPqk22j-w_233_1_30ba9bab-a647-43d6-a250-a6004d736d55_label_fake.npz,Fake,Deepfake,0.6055915266275406,0.5817139744758606,0.39848053455352783,0.9999644756317139,0.8424654603004456,0.2053331881761551
ntGTvYmCcHE_16_1_3fbe5bd221633ba4fd33019608c2ec18971dcd598787508c5493a957e76effd1e8d3dd452997b10d41fea9a9f5109f322639fb58fe46d18a5315361320ab8b29_label_fake.npz,Fake,Real,0.23106466242905982,0.2598007917404175,0.1410914659500122,5.816040697936842e-07,0.43208369612693787,0.3223467767238617
MATJqR93d5I_21_2_faa0ecc626e80638016d6295b5018372b8567f5f3177f68039e8049b12b555163027f6ebdeb13fd1771de64bb828ff4ff7c28d3258976a05da6b8baad061aae1_label_fake.npz,Fake,Deepfake,0.4881175793707371,0.2549201548099518,0.14738863706588745,0.9987080097198486,0.9805704951286316,0.05900060012936592
u-X671JqQWA_62_200_35c70f50-82ca-4156-a58a-bc7361d00cc2_label_fake.npz,Fake,Deepfake,0.6599200904369356,0.5385355353355408,0.38179412484169006,0.9968685507774353,0.7850241661071777,0.5973780751228333
gz-PPJGb0Fw_11_1_c79c7db7ab70179acb0449da4da23f91a90c866a6838fe86c1e3044a354d161c6e83ef0acf18ea7381eebaa766f124f83b17e7bd11ea00e17eb3c89ce3cda6cb_label_fake.npz,Fake,Real,0.3440130432838757,0.41855335235595703,0.1569082885980606,3.993240937916198e-08,0.9048464298248291,0.23975710570812225
d3HzrFRMQ-s_65_1_783931abcb303ee16358ff4ae350c72cc3504c31a3b011b8f2469f1b586ba73f92e9da756385c2a60398b9943f826fefc3202f036bf7d22d8fe9645aff697192_label_fake.npz,Fake,Deepfake,0.5042383304040414,0.5207089781761169,0.2548956573009491,0.00014408965944312513,0.959597647190094,0.7858452796936035
c8faf9ac-0fde-11f1-857c-ac1f6b8d2e48_label_fake.npz,Fake,Deepfake,0.47082137167453764,0.49418315291404724,0.1580001264810562,0.9999986886978149,0.11851862072944641,0.5834062695503235
b27d98d6-0fe0-11f1-857c-ac1f6b8d2e48_label_fake.npz,Fake,Deepfake,0.6141890108585358,0.3482217788696289,0.7269778847694397,0.9999971389770508,0.7629536986351013,0.23279455304145813
97c7f58c-0fdf-11f1-857c-ac1f6b8d2e48_label_fake.npz,Fake,Deepfake,0.3635653052479029,0.2971192002296448,0.8489705920219421,0.341644287109375,0.3116770386695862,0.018415408208966255
f6b61948-0fdf-11f1-857c-ac1f6b8d2e48_label_fake.npz,Fake,Deepfake,0.6366572216153146,0.6888108253479004,0.12094680219888687,0.5524048805236816,0.9821376800537109,0.8389859199523926
3af3ba3e-0fe0-11f1-857c-ac1f6b8d2e48_label_fake.npz,Fake,Deepfake,0.8282081007957459,0.6063513159751892,0.8478774428367615,0.9999951124191284,0.981705904006958,0.7051107287406921
0df43f4a-0fe0-11f1-857c-ac1f6b8d2e48_label_fake.npz,Fake,Deepfake,0.6835781306028367,0.6706907153129578,0.1594012826681137,0.9999998807907104,0.9754005074501038,0.6123982667922974
344fb148-0fdf-11f1-857c-ac1f6b8d2e48_label_fake.npz,Fake,Deepfake,0.7455241680145265,0.5115264654159546,0.6259231567382812,0.965048611164093,0.9797655940055847,0.6453570127487183
Je9hLZKYTz4_72_21_755fe992-3641-40d7-b679-ea63dce7f3e7_label_fake.npz,Fake,Deepfake,0.4855072677135468,0.5678240656852722,0.21780997514724731,0.7571892738342285,0.3975900113582611,0.4871230125427246
E7lIbmnQqgU_429_1_7bb7354f-ebe8-46e9-8f03-7a78b6a5497b_label_fake.npz,Fake,Deepfake,0.495116700232029,0.32927924394607544,0.0794435665011406,0.8849779963493347,0.9832382202148438,0.1986444741487503
q__LT1Js9gE_1080p_93_8_4b5ae5b5-7420-44a2-8042-02f22e8d2b0a_label_fake.npz,Fake,Deepfake,0.4529004954383709,0.6587382555007935,0.06479787826538086,4.823162453249097e-05,0.9475669264793396,0.5933511853218079
cMueCZNhQW4_125_1_d7d7722d-0815-4b6d-b78f-4246bc4fdc64_label_fake.npz,Fake,Deepfake,0.47094513177871705,0.3534378707408905,0.3741397261619568,0.4790424406528473,0.8721560835838318,0.27594953775405884
84a4879e-0fe0-11f1-857c-ac1f6b8d2e48_label_fake.npz,Fake,Deepfake,0.6128116979263722,0.7534160614013672,0.4319658875465393,0.004750497173517942,0.9310871958732605,0.9428388476371765
62c711be-0fe0-11f1-857c-ac1f6b8d2e48_label_fake.npz,Fake,Deepfake,0.419609808921814,0.1280381977558136,0.7051777243614197,0.10236966609954834,0.9757447242736816,0.18671873211860657
WYP2eizW7gY_226_2_8cbc9f84-b2a0-4259-8d25-75bc3fe46032_label_fake.npz,Fake,Deepfake,0.6747673600912094,0.2171536535024643,0.8950474262237549,0.9999809265136719,0.9805952310562134,0.2810595631599426
u24egzL00g0_671_4_20995a78-b8e8-4d52-87d1-7a88d8054046_label_fake.npz,Fake,Deepfake,0.6399931848049164,0.4515094757080078,0.49140283465385437,1.0,0.8954511880874634,0.36160242557525635
Je9hLZKYTz4_93_8_0355b3bf-1012-438f-ad94-38febe47e89c_label_fake.npz,Fake,Deepfake,0.6096785947680473,0.7403213977813721,0.05782680958509445,0.9999279975891113,0.777595579624176,0.4727211892604828
85d52844-0fe0-11f1-857c-ac1f6b8d2e48_label_fake.npz,Fake,Deepfake,0.6280749797821046,0.45814380049705505,0.22807267308235168,0.993526816368103,0.9828895926475525,0.4777420163154602
SY_xV-Raq3A_1080p_114_1_9ae6ec58-1283-4ceb-8218-36be07c7daf7_label_fake.npz,Fake,Deepfake,0.7170855343341829,0.6949154734611511,0.3581843674182892,0.999711811542511,0.9729323387145996,0.5596836805343628
f1e3cdac-0fdf-11f1-857c-ac1f6b8d2e48_label_fake.npz,Fake,Deepfake,0.8304500222206116,0.6335298418998718,0.9739412665367126,0.9488733410835266,0.9805214405059814,0.6153842210769653
FGAyYl3ZICw_79_1_7964fe14-4905-46cf-9c67-16c7083e579c_label_fake.npz,Fake,Deepfake,0.5415821224451065,0.5591103434562683,0.07455870509147644,0.9939184188842773,0.922603189945221,0.1577199548482895
H1ajK1qLRWc_1080p_75_1_0162a1ad-b693-40d4-87f1-a59ebcb339e7_label_fake.npz,Fake,Deepfake,0.5234009623527527,0.472943514585495,0.3373064696788788,0.009162485599517822,0.9604774117469788,0.8371149301528931
OpitcLEYak8_1080p_48_6_0355b3bf-1012-438f-ad94-38febe47e89c_label_fake.npz,Fake,Deepfake,0.4456714272499085,0.6592466235160828,0.02534198760986328,0.17236843705177307,0.9783123731613159,0.3930877149105072
e332b688-0fdf-11f1-857c-ac1f6b8d2e48_label_fake.npz,Fake,Deepfake,0.5085986018180848,0.21767579019069672,0.22660385072231293,0.9988126754760742,0.9611225128173828,0.1387781798839569
UzfVjgZKjro_1080p_97_13_bbd3c409-edb2-49b2-a105-a1abc7ec067a_label_fake.npz,Fake,Deepfake,0.5098491031676531,0.39506515860557556,0.02238316275179386,0.8893312215805054,0.9817708134651184,0.2606951594352722
cMueCZNhQW4_138_1_292977ba-de5b-48ca-91c6-cc93e179a4ba_label_fake.npz,Fake,Deepfake,0.4418226759880782,0.15582603216171265,0.10508239269256592,0.9994268417358398,0.9306455254554749,0.018132587894797325
aa21f49e-0fdf-11f1-857c-ac1f6b8d2e48_label_fake.npz,Fake,Deepfake,0.7666988849639893,0.29966509342193604,0.9941549897193909,0.9999988079071045,0.9895659685134888,0.5501095652580261
ba7edd76-0fde-11f1-857c-ac1f6b8d2e48_label_fake.npz,Fake,Deepfake,0.875370192527771,0.7571858763694763,0.7382670044898987,0.9999980926513672,0.9762694835662842,0.9051305055618286
apnde-Dpq8E_1080p_114_1_ea88bd1e-ce84-4f21-a9d6-eb913cb10b5b_label_fake.npz,Fake,Deepfake,0.4262284129858017,0.48531779646873474,0.07781510055065155,0.24675723910331726,0.9651405811309814,0.3561113476753235
a1952c3c-0fe0-11f1-857c-ac1f6b8d2e48_label_fake.npz,Fake,Deepfake,0.39839857369661336,0.3779471814632416,0.1600058525800705,0.07938002794981003,0.9363982081413269,0.43826159834861755
7be0a610-0fe0-11f1-857c-ac1f6b8d2e48_label_fake.npz,Fake,Deepfake,0.6109421461820603,0.733982264995575,0.14117304980754852,0.9624513983726501,0.9835984110832214,0.23350560665130615
3c302f22-0fe0-11f1-857c-ac1f6b8d2e48_label_fake.npz,Fake,Deepfake,0.7074367523193359,0.5722405314445496,0.5622528195381165,0.9999089241027832,0.9866328239440918,0.41614866256713867
i56Klb7z3Pw_731_1_2e362171-60dc-40f5-b348-8b5acb7d8a4b_label_fake.npz,Fake,Deepfake,0.4567689344286919,0.44959455728530884,0.5863207578659058,0.21737425029277802,0.969516396522522,0.06103871017694473
441bd084-0fdf-11f1-857c-ac1f6b8d2e48_label_fake.npz,Fake,Deepfake,0.6054551884531976,0.18999545276165009,0.8798823952674866,0.9902969002723694,0.9136249423027039,0.053476251661777496
7b89f082-0fdf-11f1-857c-ac1f6b8d2e48_label_fake.npz,Fake,Deepfake,0.42550330609083176,0.4607304632663727,0.4434647262096405,0.14387480914592743,0.9619697332382202,0.11747679859399796
hR6MLH3vp80_1080p_292_1_e6215410-78fa-416b-9dd0-491564554f80_label_fake.npz,Fake,Deepfake,0.3513979773502797,0.4646199643611908,0.013116739690303802,0.0020545402076095343,0.8305537104606628,0.44664493203163147
7950fe40-0fe0-11f1-857c-ac1f6b8d2e48_label_fake.npz,Fake,Deepfake,0.625319316983223,0.6784056425094604,0.1720925122499466,1.0,0.9700952768325806,0.3060031533241272
6dcc0830-0fe0-11f1-857c-ac1f6b8d2e48_label_fake.npz,Fake,Deepfake,0.7945797443389894,0.6029484272003174,0.8684260249137878,1.0,0.980527400970459,0.5209968686103821
499cb7e4-0fdf-11f1-857c-ac1f6b8d2e48_label_fake.npz,Fake,Deepfake,0.5611970789730549,0.2593015730381012,0.602610170841217,0.9723862409591675,0.9495486617088318,0.022138748317956924
H1ajK1qLRWc_1080p_53_1_bcb94566-1c37-4edb-ad61-c01dac172a76_label_fake.npz,Fake,Deepfake,0.6886057764291764,0.4737095832824707,0.22398348152637482,0.9919214248657227,0.9729794859886169,0.7804349064826965
333aefb6-0fdf-11f1-857c-ac1f6b8d2e48_label_fake.npz,Fake,Deepfake,0.8923940300941469,0.7260478138923645,0.9319233894348145,0.9787957072257996,0.9722690582275391,0.8529341816902161
16b2cd14-0fdf-11f1-857c-ac1f6b8d2e48_label_fake.npz,Fake,Deepfake,0.5817092806100846,0.5636503100395203,0.21327519416809082,0.9983348250389099,0.9623548984527588,0.17093117535114288
baf95c70-0fe0-11f1-857c-ac1f6b8d2e48_label_fake.npz,Fake,Deepfake,0.5984240800142289,0.34589168429374695,0.8637293577194214,0.5735624432563782,0.9668927788734436,0.242044135928154
b91138b2-0fde-11f1-857c-ac1f6b8d2e48_label_fake.npz,Fake,Deepfake,0.5696088120341302,0.3222353458404541,0.6243225932121277,0.05937834829092026,0.9837884902954102,0.8583192825317383
e1ede09a-0fdf-11f1-857c-ac1f6b8d2e48_label_fake.npz,Fake,Deepfake,0.47487674653530126,0.36589667201042175,0.10353574901819229,0.9418041110038757,0.9090940356254578,0.0540531650185585
6adc37d0-0fe0-11f1-857c-ac1f6b8d2e48_label_fake.npz,Fake,Deepfake,0.48841654695570474,0.5141563415527344,0.45744842290878296,0.020121904090046883,0.8574591875076294,0.5928968787193298
2f554774-0fe0-11f1-857c-ac1f6b8d2e48_label_fake.npz,Fake,Deepfake,0.5758477166295052,0.22381053864955902,0.7411730289459229,0.8608662486076355,0.9734017848968506,0.07998698204755783
390fc5fa-0fe0-11f1-857c-ac1f6b8d2e48_label_fake.npz,Fake,Deepfake,0.6242709040641785,0.7011373043060303,0.2944987714290619,0.7229992747306824,0.9394645094871521,0.4632546603679657
2e52d954-0fe0-11f1-857c-ac1f6b8d2e48_label_fake.npz,Fake,Deepfake,0.6313413560390473,0.4145824611186981,0.6317833065986633,0.8730616569519043,0.7960912585258484,0.44118809700012207
d3625f52-0fe3-11f1-857c-ac1f6b8d2e48_label_fake.npz,Fake,Deepfake,0.5492477349936963,0.09894753992557526,0.8654835224151611,0.9237839579582214,0.8188591599464417,0.03916449472308159
6302bd1a-0fe3-11f1-857c-ac1f6b8d2e48_label_fake.npz,Fake,Deepfake,0.7325612485408783,0.48808345198631287,0.7392319440841675,1.0,0.8523266911506653,0.5831641554832458
0f33d952-0fe4-11f1-857c-ac1f6b8d2e48_label_fake.npz,Fake,Deepfake,0.5659823521971702,0.2681635320186615,0.5722451210021973,0.976248562335968,0.9637337923049927,0.04952075332403183
836d6b88-0fe1-11f1-857c-ac1f6b8d2e48_label_fake.npz,Fake,Deepfake,0.45007917136025255,0.5406387448310852,0.08208724111318588,3.5675694169678973e-12,0.9444390535354614,0.6832308173179626
fc02da50-0fe2-11f1-857c-ac1f6b8d2e48_label_fake.npz,Fake,Real,0.18615165227092803,0.16692660748958588,0.3276797831058502,0.0025025915820151567,0.3543012738227844,0.07934800535440445
0e0805b2-0fe4-11f1-857c-ac1f6b8d2e48_label_fake.npz,Fake,Real,0.3214377231895924,0.45190149545669556,0.04766153544187546,0.07256697118282318,0.984398365020752,0.05066024884581566
1c8bc7d2-0fe3-11f1-857c-ac1f6b8d2e48_label_fake.npz,Fake,Real,0.2516608409583569,0.20335261523723602,0.076267309486866,0.016423262655735016,0.9437186121940613,0.01854240521788597
9ee0b170-0fe3-11f1-857c-ac1f6b8d2e48_label_fake.npz,Fake,Deepfake,0.8103832125663758,0.5850918889045715,0.9508873224258423,0.9985787868499756,0.9450331926345825,0.5723248720169067
d48a4746-0fe3-11f1-857c-ac1f6b8d2e48_label_fake.npz,Fake,Deepfake,0.4745861664647237,0.495709091424942,0.30506765842437744,0.0013150946469977498,0.9598968029022217,0.6109421849250793
c90bf226-0fe2-11f1-857c-ac1f6b8d2e48_label_fake.npz,Fake,Deepfake,0.7165890753269195,0.5676769614219666,0.4001578390598297,0.9976235032081604,0.96775883436203,0.6497282385826111
e5bf5184-0fe1-11f1-857c-ac1f6b8d2e48_label_fake.npz,Fake,Deepfake,0.6003133088350296,0.35084956884384155,0.6451295614242554,0.999974250793457,0.9592722058296204,0.046340957283973694
ede18314-0fe1-11f1-857c-ac1f6b8d2e48_label_fake.npz,Fake,Deepfake,0.4397310873260722,0.1281500905752182,0.9503859281539917,0.0010387551737949252,0.6861889958381653,0.4328916668891907
248aa7d6-0fe4-11f1-857c-ac1f6b8d2e48_label_fake.npz,Fake,Deepfake,0.7395551472902299,0.6881679892539978,0.13121815025806427,0.9999949932098389,0.9857349991798401,0.892659604549408
86346d70-0fe2-11f1-857c-ac1f6b8d2e48_label_fake.npz,Fake,Deepfake,0.5172495424747467,0.08009495586156845,0.5742236971855164,0.9999792575836182,0.924549400806427,0.007400400936603546
cec2f720-0fe0-11f1-857c-ac1f6b8d2e48_label_fake.npz,Fake,Real,0.2848734125494957,0.12801264226436615,0.06173044070601463,0.9870120882987976,0.2124507576227188,0.035161133855581284
e045fcc0-0fe2-11f1-857c-ac1f6b8d2e48_label_fake.npz,Fake,Deepfake,0.6460900783538819,0.39818626642227173,0.49613282084465027,0.9999997615814209,0.9764410257339478,0.35969051718711853
68d3e446-0fe1-11f1-857c-ac1f6b8d2e48_label_fake.npz,Fake,Deepfake,0.6948541805148125,0.8117445111274719,0.10701759904623032,0.975026547908783,0.9807649254798889,0.5997173190116882
2ad9bf20-0fe2-11f1-857c-ac1f6b8d2e48_label_fake.npz,Fake,Deepfake,0.47062436640262606,0.14397871494293213,0.748144268989563,0.2806857228279114,0.9727877974510193,0.2075253278017044
8f29624a-0fe3-11f1-857c-ac1f6b8d2e48_label_fake.npz,Fake,Real,0.24094163074047695,0.07429720461368561,0.020412495359778404,4.045731305524214e-09,0.9466305375099182,0.16336791217327118
9c883534-0fe2-11f1-857c-ac1f6b8d2e48_label_fake.npz,Fake,Deepfake,0.41862358152866364,0.19830407202243805,0.15905869007110596,0.5415724515914917,0.9606634378433228,0.23351925611495972
b65a909c-0fe2-11f1-857c-ac1f6b8d2e48_label_fake.npz,Fake,Deepfake,0.5592981586232781,0.08572661876678467,0.7389790415763855,0.9998425245285034,0.9603593349456787,0.01158327329903841
6e3718f8-0fe2-11f1-857c-ac1f6b8d2e48_label_fake.npz,Fake,Deepfake,0.8584479212760926,0.7097024321556091,0.9984879493713379,0.9926270842552185,0.9863075613975525,0.6051145792007446
84afef78-0fe3-11f1-857c-ac1f6b8d2e48_label_fake.npz,Fake,Deepfake,0.6312339603900909,0.47781214118003845,0.2786615192890167,0.9893394112586975,0.9697628617286682,0.4405938684940338
0643d208-0fe3-11f1-857c-ac1f6b8d2e48_label_fake.npz,Fake,Deepfake,0.5687445223331451,0.41607752442359924,0.28885123133659363,0.42368975281715393,0.9626976847648621,0.7524064183235168
a11c6042-0fe3-11f1-857c-ac1f6b8d2e48_label_fake.npz,Fake,Deepfake,0.7385797321796417,0.8392142057418823,0.20428058505058289,1.0,0.9822040796279907,0.6671997904777527
1ce81524-0fe2-11f1-857c-ac1f6b8d2e48_label_fake.npz,Fake,Deepfake,0.6325078845024109,0.38239243626594543,0.4770953953266144,0.9999939203262329,0.9816899299621582,0.3213677406311035
abcf18d8-0fe1-11f1-857c-ac1f6b8d2e48_label_fake.npz,Fake,Deepfake,0.3765290834009647,0.07673265784978867,0.8612954616546631,0.03616379201412201,0.8600001335144043,0.04845337197184563
aa42b172-0fe2-11f1-857c-ac1f6b8d2e48_label_fake.npz,Fake,Deepfake,0.6342730879783631,0.5420377850532532,0.12139755487442017,0.9880190491676331,0.9797201752662659,0.5401908755302429
ce56f898-0fe2-11f1-857c-ac1f6b8d2e48_label_fake.npz,Fake,Deepfake,0.6138635955750942,0.14517472684383392,0.9712371230125427,1.0,0.9212407469749451,0.0316653810441494
f8607ab0-0fe2-11f1-857c-ac1f6b8d2e48_label_fake.npz,Fake,Deepfake,0.6433786690235138,0.5933094024658203,0.4573522210121155,0.9998397827148438,0.8046438694000244,0.361748069524765
d23a45fc-0fe0-11f1-857c-ac1f6b8d2e48_label_fake.npz,Fake,Deepfake,0.5268313348293304,0.473018079996109,0.360129714012146,0.8808378577232361,0.4504510760307312,0.46971994638442993
6b1f1854-0fe3-11f1-857c-ac1f6b8d2e48_label_fake.npz,Fake,Deepfake,0.49412578456103806,0.12497100979089737,0.705780565738678,0.9999988079071045,0.6098020672798157,0.030076472088694572
d9e81856-0fe0-11f1-857c-ac1f6b8d2e48_label_fake.npz,Fake,Deepfake,0.7377900779247284,0.5487563610076904,0.7312043905258179,1.0,0.9667065739631653,0.4422830641269684
820c65a8-0fe3-11f1-857c-ac1f6b8d2e48_label_fake.npz,Fake,Deepfake,0.6529509581625462,0.33953407406806946,0.934252142906189,0.999995231628418,0.9671466946601868,0.02382664754986763
1610cc3a-0fe4-11f1-857c-ac1f6b8d2e48_label_fake.npz,Fake,Deepfake,0.5013773480430246,0.3623450696468353,0.7755438685417175,0.0019451575353741646,0.9619090557098389,0.4051435887813568
cfabdfb6-0fe1-11f1-857c-ac1f6b8d2e48_label_fake.npz,Fake,Deepfake,0.622270793095231,0.6755466461181641,0.5408043265342712,0.030752750113606453,0.9330943822860718,0.9311558604240417
cdad5376-0fe0-11f1-857c-ac1f6b8d2e48_label_fake.npz,Fake,Deepfake,0.8989050269126893,0.714099645614624,0.9077882766723633,0.9999734163284302,0.9894059300422668,0.8832578659057617
a91640ee-0fe1-11f1-857c-ac1f6b8d2e48_label_fake.npz,Fake,Deepfake,0.6840813279151917,0.7227516174316406,0.2539512515068054,0.9999998807907104,0.9732058048248291,0.47049808502197266
c38764bc-0fe1-11f1-857c-ac1f6b8d2e48_label_fake.npz,Fake,Deepfake,0.5932902781292797,0.10964589565992355,0.9132030010223389,0.9999997615814209,0.9316314458847046,0.011971286498010159
72e02fd8-0fe3-11f1-857c-ac1f6b8d2e48_label_fake.npz,Fake,Deepfake,0.9085130810737609,0.8063637018203735,0.915368378162384,0.9999998807907104,0.9740703105926514,0.8467631340026855
3b840b10-0fe1-11f1-857c-ac1f6b8d2e48_label_fake.npz,Fake,Deepfake,0.4063132703304291,0.1737990826368332,0.8215005397796631,0.04600400850176811,0.958197832107544,0.03206488862633705
dd6c5ab4-0fe0-11f1-857c-ac1f6b8d2e48_label_fake.npz,Fake,Real,0.2510281773211318,0.09133429080247879,0.3633049428462982,5.9126839914824814e-05,0.7757232189178467,0.02471930719912052
e293fe52-0fe0-11f1-857c-ac1f6b8d2e48_label_fake.npz,Fake,Deepfake,0.5445521235466003,0.1265752762556076,0.5670210719108582,0.8034384846687317,0.9839639067649841,0.24176187813282013
faada542-0fe0-11f1-857c-ac1f6b8d2e48_label_fake.npz,Fake,Deepfake,0.6765942752361298,0.19429758191108704,0.6418407559394836,0.9745293259620667,0.9767444729804993,0.5955592393875122
dba8a25e-0fe1-11f1-857c-ac1f6b8d2e48_label_fake.npz,Fake,Deepfake,0.7729703068733216,0.7373141646385193,0.5971137285232544,0.9983207583427429,0.9407050013542175,0.5913978815078735
4515ecd8-0fe2-11f1-857c-ac1f6b8d2e48_label_fake.npz,Fake,Deepfake,0.9388554930686952,0.8956136703491211,0.9716729521751404,0.969594419002533,0.9702628254890442,0.8871335983276367
1b3e92fc-0fe2-11f1-857c-ac1f6b8d2e48_label_fake.npz,Fake,Deepfake,0.5025124296545983,0.11409445106983185,0.4556133449077606,1.0,0.8594970703125,0.08335728198289871
b94910fc-0fe3-11f1-857c-ac1f6b8d2e48_label_fake.npz,Fake,Deepfake,0.6547021329402923,0.38156965374946594,0.3721461892127991,0.9541975259780884,0.9807944893836975,0.5848028063774109
2e0a449a-0fe6-11f1-857c-ac1f6b8d2e48_label_fake.npz,Fake,Deepfake,0.5384436756372453,0.20133543014526367,0.7867094874382019,0.48343172669410706,0.9727346897125244,0.24800704419612885
5845a230-0fe7-11f1-857c-ac1f6b8d2e48_label_fake.npz,Fake,Deepfake,0.8364108204841615,0.8477339148521423,0.6818318963050842,0.9999967813491821,0.9403149485588074,0.7121765613555908
54ce579c-0fe6-11f1-857c-ac1f6b8d2e48_label_fake.npz,Fake,Deepfake,0.7708739995956422,0.5863227844238281,0.8232588768005371,0.9760830402374268,0.933441162109375,0.5352641344070435
647fb4e4-0fe4-11f1-857c-ac1f6b8d2e48_label_fake.npz,Fake,Deepfake,0.5826476573944092,0.5487560629844666,0.7702464461326599,0.9959218502044678,0.19175317883491516,0.4065607488155365
de88c7a8-0fe4-11f1-857c-ac1f6b8d2e48_label_fake.npz,Fake,Deepfake,0.7883676260709762,0.8604372143745422,0.23931573331356049,1.0,0.9765461683273315,0.865539014339447
4f11dafe-0fe6-11f1-857c-ac1f6b8d2e48_label_fake.npz,Fake,Deepfake,0.7741227209568023,0.7241131663322449,0.8030566573143005,0.9999470710754395,0.985031247138977,0.3584654629230499
77094fb6-0fe5-11f1-857c-ac1f6b8d2e48_label_fake.npz,Fake,Deepfake,0.4801735356450081,0.2925703525543213,0.21484118700027466,0.9999998807907104,0.8621332049369812,0.03132305294275284
8d357fa2-0fe6-11f1-857c-ac1f6b8d2e48_label_fake.npz,Fake,Deepfake,0.7925397038459778,0.66243577003479,0.9046216607093811,0.9999992847442627,0.8368157148361206,0.5588260889053345
a5b33a60-0fe6-11f1-857c-ac1f6b8d2e48_label_fake.npz,Fake,Deepfake,0.59403076171875,0.3654070794582367,0.23095238208770752,0.9923341274261475,0.9239324331283569,0.4575277864933014
4ef6ac9a-0fe4-11f1-857c-ac1f6b8d2e48_label_fake.npz,Fake,Deepfake,0.8646645069122314,0.5445809960365295,0.9045113921165466,0.9672891497612,0.9859552979469299,0.9209856986999512
cecc62ac-0fe4-11f1-857c-ac1f6b8d2e48_label_fake.npz,Fake,Deepfake,0.655918186903,0.4244963824748993,0.9784142971038818,0.5842066407203674,0.7909800410270691,0.5014935731887817
347e53c6-0fe5-11f1-857c-ac1f6b8d2e48_label_fake.npz,Fake,Deepfake,0.45104211866855626,0.18740896880626678,0.04432733356952667,0.9929912090301514,0.9646478891372681,0.06583519279956818
5b0ea136-0fe4-11f1-857c-ac1f6b8d2e48_label_fake.npz,Fake,Real,0.34002259299159054,0.16497409343719482,0.37197384238243103,0.0342097245156765,0.7825285792350769,0.34642672538757324
2ccc7c2a-0fe5-11f1-857c-ac1f6b8d2e48_label_fake.npz,Fake,Deepfake,0.3849243901669979,0.10522665828466415,0.14591431617736816,0.9998223185539246,0.6290911436080933,0.04456751421093941
be0b0a7a-0fe6-11f1-857c-ac1f6b8d2e48_label_fake.npz,Fake,Deepfake,0.6817497819662095,0.6431798934936523,0.18545453250408173,0.9999961853027344,0.8175825476646423,0.7625357508659363
9deba01c-0fe4-11f1-857c-ac1f6b8d2e48_label_fake.npz,Fake,Deepfake,0.6706263393163682,0.32364168763160706,0.9051252007484436,0.9767683744430542,0.9710611701011658,0.17653526365756989
5243dec4-0fe7-11f1-857c-ac1f6b8d2e48_label_fake.npz,Fake,Deepfake,0.7531985104084015,0.33126893639564514,0.9438120126724243,0.9985336065292358,0.9862819314002991,0.5060960650444031
47eaf46c-0fe7-11f1-857c-ac1f6b8d2e48_label_fake.npz,Fake,Deepfake,0.36633254645275887,0.2714422941207886,0.38372746109962463,7.170726894401014e-05,0.9404292106628418,0.23599205911159515
4511e964-0fe5-11f1-857c-ac1f6b8d2e48_label_fake.npz,Fake,Deepfake,0.5389552384614945,0.6052560806274414,0.1418609470129013,1.0,0.8969495892524719,0.05070957541465759
888e9a26-0fe4-11f1-857c-ac1f6b8d2e48_label_fake.npz,Fake,Deepfake,0.5746364995837212,0.5684887766838074,0.8760653734207153,0.023003481328487396,0.9294797778129578,0.47614508867263794
94adc0aa-0fe6-11f1-857c-ac1f6b8d2e48_label_fake.npz,Fake,Deepfake,0.7948796510696412,0.8947558999061584,0.3291320204734802,0.9999994039535522,0.9539318680763245,0.7965790629386902
e091b550-0fe4-11f1-857c-ac1f6b8d2e48_label_fake.npz,Fake,Deepfake,0.6768927812576294,0.38855063915252686,0.8184416890144348,0.9993187189102173,0.9219920039176941,0.2561608552932739
c172c1a0-0fe4-11f1-857c-ac1f6b8d2e48_label_fake.npz,Fake,Deepfake,0.5637693703174591,0.7010456919670105,0.15491783618927002,0.10649850964546204,0.9796081781387329,0.8767766356468201
e2232876-0fe5-11f1-857c-ac1f6b8d2e48_label_fake.npz,Fake,Real,0.27531433119438586,0.16408996284008026,0.1272127330303192,0.0006757311057299376,0.9717905521392822,0.11280267685651779
fb5e13e6-0fe5-11f1-857c-ac1f6b8d2e48_label_fake.npz,Fake,Deepfake,0.7275022327899934,0.699606716632843,0.34595903754234314,1.0,0.9816877245903015,0.6102576851844788
d2d1150e-0fe5-11f1-857c-ac1f6b8d2e48_label_fake.npz,Fake,Deepfake,0.7570300877094269,0.29801687598228455,0.9249179363250732,0.9910129904747009,0.9862918257713318,0.5849108099937439
4d651f04-0fe6-11f1-857c-ac1f6b8d2e48_label_fake.npz,Fake,Deepfake,0.7631814867258072,0.8497104644775391,0.9338264465332031,0.17057593166828156,0.9824571013450623,0.87933748960495
3f1f16fe-0fe4-11f1-857c-ac1f6b8d2e48_label_fake.npz,Fake,Deepfake,0.6528136849403381,0.5740038752555847,0.399751752614975,0.9999979734420776,0.9306262135505676,0.3596886098384857
c2ba2e70-0fe6-11f1-857c-ac1f6b8d2e48_label_fake.npz,Fake,Deepfake,0.6842212200164794,0.27158811688423157,0.7055783867835999,0.9999239444732666,0.9726479649543762,0.4713676869869232
bee9ee72-0fe4-11f1-857c-ac1f6b8d2e48_label_fake.npz,Fake,Deepfake,0.7129856765270234,0.8223696947097778,0.4381382465362549,0.9970429539680481,0.9753875732421875,0.33198991417884827
48f085c0-0fe7-11f1-857c-ac1f6b8d2e48_label_fake.npz,Fake,Deepfake,0.7216860711574555,0.41452404856681824,0.795022189617157,0.9982637763023376,0.986697256565094,0.41392308473587036
5f68392a-0fe6-11f1-857c-ac1f6b8d2e48_label_fake.npz,Fake,Deepfake,0.7057568609714509,0.2631807029247284,0.8771987557411194,0.9983211159706116,0.973296046257019,0.41678768396377563
08b96c8a-0fe5-11f1-857c-ac1f6b8d2e48_label_fake.npz,Fake,Deepfake,0.5798285394906998,0.16715995967388153,0.8611743450164795,0.4191998541355133,0.9723237156867981,0.4792848229408264
0cbef4f2-0fe6-11f1-857c-ac1f6b8d2e48_label_fake.npz,Fake,Real,0.3224775913404301,0.4338933527469635,0.16103696823120117,0.0011086404556408525,0.9748514890670776,0.04149750620126724
d377dc1e-0fe4-11f1-857c-ac1f6b8d2e48_label_fake.npz,Fake,Real,0.2709771492052824,0.32893162965774536,0.05634600669145584,0.003641233080998063,0.9577114582061768,0.00825541839003563
43351714-0fe6-11f1-857c-ac1f6b8d2e48_label_fake.npz,Fake,Deepfake,0.4562018513679505,0.1553223580121994,0.08318235725164413,0.9997662901878357,0.9591270685195923,0.08361118286848068
d488832c-0fe6-11f1-857c-ac1f6b8d2e48_label_fake.npz,Fake,Deepfake,0.872513771057129,0.7194627523422241,0.9136523008346558,0.9999984502792358,0.9114217162132263,0.8180336356163025
a07c1050-0fe4-11f1-857c-ac1f6b8d2e48_label_fake.npz,Fake,Deepfake,0.5155243158340455,0.5390688180923462,0.08700039982795715,0.5673099756240845,0.9838240146636963,0.40041837096214294
aa4e200e-0fe5-11f1-857c-ac1f6b8d2e48_label_fake.npz,Fake,Deepfake,0.46476489976048474,0.09701472520828247,0.22554612159729004,1.0,0.9604126214981079,0.04085103049874306
8ae2e92a-0fe5-11f1-857c-ac1f6b8d2e48_label_fake.npz,Fake,Deepfake,0.7839666724205017,0.5315815210342407,0.8117310404777527,1.0,0.9643974900245667,0.6121233105659485
62619564-0fe5-11f1-857c-ac1f6b8d2e48_label_fake.npz,Fake,Deepfake,0.5822981506586075,0.24508439004421234,0.5247775912284851,0.9997974038124084,0.9863481521606445,0.155483216047287
73ff4baa-0fe4-11f1-857c-ac1f6b8d2e48_label_fake.npz,Fake,Deepfake,0.6015235334634781,0.2905825674533844,0.7011963129043579,0.99945467710495,0.23820488154888153,0.7781792283058167
da4db340-0fe6-11f1-857c-ac1f6b8d2e48_label_fake.npz,Fake,Deepfake,0.7142085969448091,0.7198726534843445,0.3710393011569977,0.9996798038482666,0.965155303478241,0.5152959227561951
c2a72312-0fe5-11f1-857c-ac1f6b8d2e48_label_fake.npz,Fake,Deepfake,0.6144825026392937,0.1881965845823288,0.8625419735908508,0.9923375248908997,0.9431867003440857,0.08614972978830338
fb2e5544-0fe4-11f1-857c-ac1f6b8d2e48_label_fake.npz,Fake,Deepfake,0.8796559572219849,0.7297309041023254,0.8918665647506714,0.999998927116394,0.9680348634719849,0.8086485266685486
b57f6bcc-0fe5-11f1-857c-ac1f6b8d2e48_label_fake.npz,Fake,Deepfake,0.6951468527317047,0.6352612376213074,0.8856416344642639,0.6106846928596497,0.8641701936721802,0.47997650504112244
5cf48dc4-0fe6-11f1-857c-ac1f6b8d2e48_label_fake.npz,Fake,Deepfake,0.6159943245351315,0.5811427235603333,0.04436422511935234,0.9995891451835632,0.8918734788894653,0.5630020499229431
de0ac050-0fe5-11f1-857c-ac1f6b8d2e48_label_fake.npz,Fake,Deepfake,0.4987698420882225,0.34730368852615356,0.5766041278839111,0.7222883105278015,0.7799309492111206,0.0677221342921257
d08ff7ca-0fe9-11f1-857c-ac1f6b8d2e48_label_fake.npz,Fake,Real,0.24454161282628772,0.13237719237804413,0.952276349067688,0.009148098528385162,0.11608616262674332,0.012820261530578136
633e52d0-0fe8-11f1-857c-ac1f6b8d2e48_label_fake.npz,Fake,Deepfake,0.5372623695060611,0.20967745780944824,0.015427476726472378,0.9660909175872803,0.9547874927520752,0.5403285026550293
9a0dbdc2-0fe9-11f1-857c-ac1f6b8d2e48_label_fake.npz,Fake,Deepfake,0.654018260538578,0.356065571308136,0.9246781468391418,0.9957160353660583,0.9480598568916321,0.045571692287921906
6596295a-0fe7-11f1-857c-ac1f6b8d2e48_label_fake.npz,Fake,Deepfake,0.5998686224222184,0.5160054564476013,0.01653541624546051,0.7791043519973755,0.9596616625785828,0.7280362248420715
d21d94f4-0fe8-11f1-857c-ac1f6b8d2e48_label_fake.npz,Fake,Deepfake,0.8043436825275421,0.4709412753582001,0.7047548294067383,0.9999990463256836,0.9880596995353699,0.8579635620117188
09891f72-0fe8-11f1-857c-ac1f6b8d2e48_label_fake.npz,Fake,Deepfake,0.48345919549465177,0.4758110046386719,0.5055059194564819,0.25202757120132446,0.9876136779785156,0.19633780419826508
4d7041b6-0fe8-11f1-857c-ac1f6b8d2e48_label_fake.npz,Fake,Deepfake,0.710756015777588,0.38843998312950134,0.4451833665370941,0.9982324242591858,0.9583384990692139,0.7635858058929443
abc634e6-0fe8-11f1-857c-ac1f6b8d2e48_label_fake.npz,Fake,Deepfake,0.7494352221488952,0.7155906558036804,0.6494388580322266,0.9999923706054688,0.9307913184165955,0.4513629078865051
309af67e-0fea-11f1-857c-ac1f6b8d2e48_label_fake.npz,Fake,Deepfake,0.7279992282390595,0.4871826171875,0.8183251023292542,0.9907949566841125,0.8652215003967285,0.478471964597702
ef8b067a-0fe8-11f1-857c-ac1f6b8d2e48_label_fake.npz,Fake,Deepfake,0.6415372431278229,0.3479169011116028,0.5689235925674438,0.9835807681083679,0.979375958442688,0.32788899540901184
c654922a-0fe9-11f1-857c-ac1f6b8d2e48_label_fake.npz,Fake,Deepfake,0.6286309719085694,0.6164863705635071,0.1458790898323059,0.8817127346992493,0.9612476229667664,0.5378290414810181
2787214a-0fe8-11f1-857c-ac1f6b8d2e48_label_fake.npz,Fake,Real,0.21724322097652007,0.07471080124378204,0.02961326576769352,6.2536620326625325e-09,0.9707119464874268,0.011180085130035877
122aecf0-0fe8-11f1-857c-ac1f6b8d2e48_label_fake.npz,Fake,Deepfake,0.8053543865680695,0.7729164958000183,0.8624385595321655,0.9996944665908813,0.9502270221710205,0.4414953887462616
847ba4f8-0fe7-11f1-857c-ac1f6b8d2e48_label_fake.npz,Fake,Deepfake,0.7167142510414124,0.3948637843132019,0.8887556195259094,0.999937891960144,0.6770246028900146,0.6229893565177917
6a316028-0fe8-11f1-857c-ac1f6b8d2e48_label_fake.npz,Fake,Deepfake,0.7676344692707062,0.5950433611869812,0.9090977907180786,0.9993065595626831,0.8867859840393066,0.4479386508464813
ee8d2230-0fe8-11f1-857c-ac1f6b8d2e48_label_fake.npz,Fake,Deepfake,0.37271022200584414,0.2062232792377472,0.2729800343513489,0.2225351333618164,0.9519467353820801,0.20986592769622803
b410dcd6-0fe9-11f1-857c-ac1f6b8d2e48_label_fake.npz,Fake,Deepfake,0.6799056768417359,0.38401973247528076,0.8008172512054443,0.9599191546440125,0.9289305806159973,0.32584166526794434
7aa3505a-0fe9-11f1-857c-ac1f6b8d2e48_label_fake.npz,Fake,Deepfake,0.5740738935768605,0.10652933269739151,0.8796253800392151,0.9999932050704956,0.8278701901435852,0.05635135993361473
7b82fc3e-0fe7-11f1-857c-ac1f6b8d2e48_label_fake.npz,Fake,Deepfake,0.6768256641924382,0.3965010344982147,0.9909076690673828,1.0,0.9705963730812073,0.02612324431538582
d257d2aa-0fe7-11f1-857c-ac1f6b8d2e48_label_fake.npz,Fake,Deepfake,0.4515523549402133,0.4044957160949707,0.6386898756027222,0.0008944255532696843,0.9832541346549988,0.23042762279510498
45c507d0-0fe8-11f1-857c-ac1f6b8d2e48_label_fake.npz,Fake,Deepfake,0.6687612757086754,0.31650009751319885,0.9890347719192505,0.9710720777511597,0.9797229170799255,0.08747651427984238
72f800aa-0fe7-11f1-857c-ac1f6b8d2e48_label_fake.npz,Fake,Deepfake,0.5434966534376144,0.4288145899772644,0.16717542707920074,0.9962959885597229,0.9817127585411072,0.14348450303077698
3cc7df0c-0fea-11f1-857c-ac1f6b8d2e48_label_fake.npz,Fake,Deepfake,0.7429070055484772,0.27544501423835754,0.974946916103363,0.9997757077217102,0.9453428983688354,0.5190244913101196
14e7be8c-0fe8-11f1-857c-ac1f6b8d2e48_label_fake.npz,Fake,Deepfake,0.44883699715137493,0.20977793633937836,0.8391206860542297,0.11267421394586563,0.985945999622345,0.09666614979505539
5ba10e8c-0fe8-11f1-857c-ac1f6b8d2e48_label_fake.npz,Fake,Deepfake,0.669330956786871,0.39512044191360474,0.9306996464729309,0.9998651742935181,0.9771778583526611,0.04379166290163994
78f181e6-0fe9-11f1-857c-ac1f6b8d2e48_label_fake.npz,Fake,Deepfake,0.5892078638076782,0.3654070794582367,0.20297753810882568,0.9961944818496704,0.9239324331283569,0.4575277864933014
32c0028e-0fe8-11f1-857c-ac1f6b8d2e48_label_fake.npz,Fake,Deepfake,0.7559520661830903,0.7416233420372009,0.28759047389030457,0.9985765218734741,0.9668630361557007,0.7851069569587708
8c14ac3c-0fe7-11f1-857c-ac1f6b8d2e48_label_fake.npz,Fake,Deepfake,0.7840126633644104,0.8654592633247375,0.48843300342559814,0.9993913173675537,0.9435946345329285,0.6231850981712341
8f07e020-0fe8-11f1-857c-ac1f6b8d2e48_label_fake.npz,Fake,Deepfake,0.4802087411284447,0.4100917875766754,0.04278232902288437,0.9999990463256836,0.30959099531173706,0.6385795474052429
ba308fea-0fe8-11f1-857c-ac1f6b8d2e48_label_fake.npz,Fake,Real,0.2748698187991977,0.08352302014827728,0.14150354266166687,0.18060103058815002,0.9545724391937256,0.014149061404168606
2f073408-0fea-11f1-857c-ac1f6b8d2e48_label_fake.npz,Fake,Deepfake,0.7927459359169007,0.5343964695930481,0.9641695618629456,0.9542338848114014,0.9834892749786377,0.5274404883384705
70a97b10-0fe9-11f1-857c-ac1f6b8d2e48_label_fake.npz,Fake,Deepfake,0.6904541656374931,0.6390612721443176,0.09240283817052841,0.9999279975891113,0.9701598286628723,0.750718891620636
72ea7326-0fe8-11f1-857c-ac1f6b8d2e48_label_fake.npz,Fake,Deepfake,0.6826877623796463,0.1869635432958603,0.9555824398994446,1.0,0.9529471397399902,0.3179456889629364
774e7184-0fe7-11f1-857c-ac1f6b8d2e48_label_fake.npz,Fake,Deepfake,0.5309801869094373,0.5250974297523499,0.2893582284450531,0.017199333757162094,0.9827006459236145,0.8405452966690063
ab250fe8-0fe9-11f1-857c-ac1f6b8d2e48_label_fake.npz,Fake,Deepfake,0.5022315576672555,0.3882617950439453,0.09121972322463989,0.9929149150848389,0.9764152765274048,0.06234607845544815
56a1e730-0fe8-11f1-857c-ac1f6b8d2e48_label_fake.npz,Fake,Deepfake,0.8098811864852906,0.8573088049888611,0.8589703440666199,0.40066707134246826,0.9777487516403198,0.9547109603881836
ca030110-0fe7-11f1-857c-ac1f6b8d2e48_label_fake.npz,Fake,Deepfake,0.6796085834503175,0.7981595396995544,0.39836978912353516,0.4436553120613098,0.8960952758789062,0.8617630004882812
5fef4cb0-0fe8-11f1-857c-ac1f6b8d2e48_label_fake.npz,Fake,Deepfake,0.6380687728524208,0.5164279341697693,0.12127871066331863,1.0,0.9807140231132507,0.5719231963157654
c2349bb4-0fe8-11f1-857c-ac1f6b8d2e48_label_fake.npz,Fake,Deepfake,0.56956889629364,0.5776491165161133,0.13982164859771729,0.9999974966049194,0.9725472331047058,0.15782898664474487
31c10978-0fe8-11f1-857c-ac1f6b8d2e48_label_fake.npz,Fake,Deepfake,0.7305171072483063,0.48833829164505005,0.9518454074859619,0.9999946355819702,0.9154468774795532,0.29696032404899597
d63227c2-0fe7-11f1-857c-ac1f6b8d2e48_label_fake.npz,Fake,Deepfake,0.6576237261295319,0.5491153597831726,0.3027273416519165,0.9999991655349731,0.9730175137519836,0.4632592499256134
0756df00-0fe8-11f1-857c-ac1f6b8d2e48_label_fake.npz,Fake,Deepfake,0.6534437596797943,0.4391677975654602,0.6113811731338501,0.9998534917831421,0.7948789596557617,0.42193737626075745
d0b0a6ec-0fe8-11f1-857c-ac1f6b8d2e48_label_fake.npz,Fake,Deepfake,0.42969267480075357,0.3204925060272217,0.7249860763549805,0.020623495802283287,0.9773629903793335,0.10499830543994904
8d8faf3a-0fe7-11f1-857c-ac1f6b8d2e48_label_fake.npz,Fake,Deepfake,0.5753980040550233,0.4317173957824707,0.826682448387146,0.03847998380661011,0.945253312587738,0.6348568797111511
843abdce-0fe9-11f1-857c-ac1f6b8d2e48_label_fake.npz,Fake,Deepfake,0.778380823135376,0.5363136529922485,0.6354249119758606,0.9979816675186157,0.9854152202606201,0.7367686629295349
15e05fc2-0fea-11f1-857c-ac1f6b8d2e48_label_fake.npz,Fake,Deepfake,0.6346888363361359,0.5398989319801331,0.28136304020881653,0.9999704360961914,0.9461904168128967,0.4060213565826416
ec74c240-0fe9-11f1-857c-ac1f6b8d2e48_label_fake.npz,Fake,Deepfake,0.5672386307269335,0.5151431560516357,0.0037175510078668594,0.9988168478012085,0.947827160358429,0.37068843841552734
2470cbb2-0fea-11f1-857c-ac1f6b8d2e48_label_fake.npz,Fake,Deepfake,0.6110210359096527,0.4873729646205902,0.23061907291412354,0.9992761015892029,0.974326491355896,0.3635105490684509
20e1de52-10ab-11f1-b2c7-ac1f6b417054_label_fake.npz,Fake,Deepfake,0.7734341263771058,0.45754924416542053,0.9949287176132202,0.9998052716255188,0.9845934510231018,0.4302939474582672
45aef23a-10a9-11f1-b2c7-ac1f6b417054_label_fake.npz,Fake,Deepfake,0.668556633591652,0.25552868843078613,0.9991374015808105,0.9992664456367493,0.9834766983985901,0.10537393391132355
7c916826-10ab-11f1-b2c7-ac1f6b417054_label_fake.npz,Fake,Deepfake,0.6144982270896435,0.14185285568237305,0.9996378421783447,1.0,0.8981809616088867,0.0328194759786129
e8218ee2-10a9-11f1-b2c7-ac1f6b417054_label_fake.npz,Fake,Deepfake,0.7896746039390564,0.6121348738670349,0.999189555644989,1.0,0.966929018497467,0.370119571685791
7435c612-10ac-11f1-b2c7-ac1f6b417054_label_fake.npz,Fake,Deepfake,0.8209195971488953,0.30854880809783936,0.9930486679077148,1.0,0.9884705543518066,0.8145299553871155
c828ec8e-10a9-11f1-b2c7-ac1f6b417054_label_fake.npz,Fake,Deepfake,0.7593434572219849,0.19576555490493774,0.9999531507492065,1.0,0.9829504489898682,0.6180481314659119
b35603dc-10a9-11f1-b2c7-ac1f6b417054_label_fake.npz,Fake,Deepfake,0.728072389960289,0.4416216313838959,0.999563992023468,0.999993085861206,0.9747692942619324,0.2244139462709427
ed207cf0-10a9-11f1-b2c7-ac1f6b417054_label_fake.npz,Fake,Deepfake,0.6361283369362355,0.19821511209011078,0.9994920492172241,1.0,0.9645056128501892,0.01842891052365303
b96e1c98-10a7-11f1-b2c7-ac1f6b417054_label_fake.npz,Fake,Deepfake,0.6897315680980683,0.4112907946109772,0.9887568354606628,0.9999251365661621,0.9846975803375244,0.06398749351501465
79f0cfc0-10a7-11f1-b2c7-ac1f6b417054_label_fake.npz,Fake,Deepfake,0.7745949327945709,0.5644708871841431,0.9999152421951294,1.0,0.9647113680839539,0.3438771665096283
35c81196-10ac-11f1-b2c7-ac1f6b417054_label_fake.npz,Fake,Deepfake,0.6833025753498078,0.2727825939655304,0.9830071926116943,0.9999943971633911,0.6445141434669495,0.5162145495414734
5a3659b6-10ac-11f1-b2c7-ac1f6b417054_label_fake.npz,Fake,Deepfake,0.7368941724300385,0.4320265054702759,0.9990139007568359,0.9999997615814209,0.8597451448440552,0.39368554949760437
e28e0ec6-10a7-11f1-b2c7-ac1f6b417054_label_fake.npz,Fake,Deepfake,0.6291156869381666,0.18603332340717316,0.9972878694534302,1.0,0.9346081614494324,0.027649080380797386
5f95c7b0-10a8-11f1-b2c7-ac1f6b417054_label_fake.npz,Fake,Deepfake,0.7117444634437561,0.43418002128601074,0.9987905621528625,1.0,0.9854088425636292,0.14034289121627808
2ceafe30-10a7-11f1-b2c7-ac1f6b417054_label_fake.npz,Fake,Deepfake,0.7219468355178834,0.42073872685432434,0.9445652961730957,0.9999997615814209,0.982122540473938,0.2623078525066376
a3fafa14-10a9-11f1-b2c7-ac1f6b417054_label_fake.npz,Fake,Deepfake,0.679395965486765,0.38193631172180176,0.9973010420799255,0.9999998807907104,0.9737669825553894,0.04397561028599739
5a46e280-10a8-11f1-b2c7-ac1f6b417054_label_fake.npz,Fake,Deepfake,0.6148894991725683,0.11192647367715836,0.9994935989379883,1.0,0.9387722611427307,0.024255162104964256
166a9558-10ac-11f1-b2c7-ac1f6b417054_label_fake.npz,Fake,Deepfake,0.8232966661453247,0.577364981174469,0.9990988969802856,1.0,0.9905659556388855,0.5494534969329834
93048dfc-0fea-11f1-857c-ac1f6b8d2e48_label_fake.npz,Fake,Deepfake,0.7659275472164154,0.6848046183586121,0.40398624539375305,0.9995253086090088,0.9527936577796936,0.7885279059410095
55567f00-10a9-11f1-b2c7-ac1f6b417054_label_fake.npz,Fake,Deepfake,0.7238833904266357,0.380124032497406,0.9899701476097107,1.0,0.8388010859489441,0.4105216860771179
0277dd0c-10a8-11f1-b2c7-ac1f6b417054_label_fake.npz,Fake,Deepfake,0.7895419359207153,0.6121348738670349,0.9985262155532837,1.0,0.966929018497467,0.370119571685791
448b63a8-0fea-11f1-857c-ac1f6b8d2e48_label_fake.npz,Fake,Deepfake,0.6411403566598892,0.37350162863731384,0.1800515502691269,0.9953426122665405,0.961182177066803,0.6956238150596619
a50bb080-10a7-11f1-b2c7-ac1f6b417054_label_fake.npz,Fake,Deepfake,0.7744377911090852,0.22027364373207092,0.9990358352661133,1.0,0.9913623929023743,0.6615170836448669
4988bf56-10ab-11f1-b2c7-ac1f6b417054_label_fake.npz,Fake,Deepfake,0.6445816814899444,0.37406808137893677,0.9974997639656067,1.0,0.38657912611961365,0.4647614359855652
c6e0b918-10ab-11f1-b2c7-ac1f6b417054_label_fake.npz,Fake,Deepfake,0.6020445331931115,0.09680990129709244,0.9885005950927734,1.0,0.9093310236930847,0.015581145882606506
1456513c-10aa-11f1-b2c7-ac1f6b417054_label_fake.npz,Fake,Deepfake,0.7919131815433503,0.5828049778938293,0.9822781085968018,1.0,0.978598415851593,0.415884405374527
aa1e44e8-10a7-11f1-b2c7-ac1f6b417054_label_fake.npz,Fake,Deepfake,0.7544861495494842,0.47201886773109436,0.9972161054611206,1.0,0.9313249588012695,0.37187081575393677
7edab4aa-0fea-11f1-857c-ac1f6b8d2e48_label_fake.npz,Fake,Deepfake,0.6317842364311219,0.48396119475364685,0.25436681509017944,0.9894214868545532,0.9626874327659607,0.4684842526912689
c9f8702e-10aa-11f1-b2c7-ac1f6b417054_label_fake.npz,Fake,Deepfake,0.6577924728393555,0.26838213205337524,0.9906649589538574,1.0,0.8991187214851379,0.13079655170440674
69be3532-10a9-11f1-b2c7-ac1f6b417054_label_fake.npz,Fake,Deepfake,0.806835275888443,0.6564734578132629,0.9862732291221619,1.0,0.9247468709945679,0.4666828215122223
833e7a76-10a9-11f1-b2c7-ac1f6b417054_label_fake.npz,Fake,Deepfake,0.6957567237317562,0.47820359468460083,0.9621715545654297,1.0,0.9795774817466736,0.05883098766207695
848d7e88-10a7-11f1-b2c7-ac1f6b417054_label_fake.npz,Fake,Deepfake,0.627625460922718,0.12602010369300842,0.9742245078086853,1.0,0.9791593551635742,0.058723337948322296
569079c6-10ad-11f1-b2c7-ac1f6b417054_label_fake.npz,Fake,Deepfake,0.8102229177951813,0.648167073726654,0.9708884358406067,1.0,0.9791930913925171,0.45286598801612854
c1ac9494-10ab-11f1-b2c7-ac1f6b417054_label_fake.npz,Fake,Deepfake,0.6197339843958616,0.11842387169599533,0.979720950126648,0.9999998807907104,0.9807613492012024,0.019763870164752007
2d18fcb2-10ad-11f1-b2c7-ac1f6b417054_label_fake.npz,Fake,Deepfake,0.6683307707309724,0.47065040469169617,0.9957589507102966,1.0,0.7576640844345093,0.11758041381835938
e98d30dc-10aa-11f1-b2c7-ac1f6b417054_label_fake.npz,Fake,Deepfake,0.7787748873233795,0.738662838935852,0.9149246215820312,1.0,0.9653015732765198,0.2749854028224945
22fd2384-10ad-11f1-b2c7-ac1f6b417054_label_fake.npz,Fake,Deepfake,0.7874902546405793,0.44210729002952576,0.9965051412582397,1.0,0.9760840535163879,0.5227547883987427
6759e182-10aa-11f1-b2c7-ac1f6b417054_label_fake.npz,Fake,Deepfake,0.7402094602584839,0.5362112522125244,0.9910221695899963,0.9999998807907104,0.9585017561912537,0.21531224250793457
192b665e-10ad-11f1-b2c7-ac1f6b417054_label_fake.npz,Fake,Deepfake,0.7159527838230134,0.4754790961742401,0.9967569708824158,0.9976060390472412,0.9580398201942444,0.15188199281692505
c14bf9ca-10ad-11f1-b2c7-ac1f6b417054_label_fake.npz,Fake,Deepfake,0.6388535274192692,0.19508111476898193,0.9999879598617554,1.0,0.9844672679901123,0.014731294475495815
410e75c6-10a8-11f1-b2c7-ac1f6b417054_label_fake.npz,Fake,Deepfake,0.7904102742671967,0.7082279324531555,0.9983476400375366,1.0,0.9704317450523376,0.2750440537929535
969d1222-10a8-11f1-b2c7-ac1f6b417054_label_fake.npz,Fake,Deepfake,0.660634258016944,0.3532850444316864,0.9964514970779419,0.9999805688858032,0.9363928437232971,0.01706133596599102
cc96ed8c-10ab-11f1-b2c7-ac1f6b417054_label_fake.npz,Fake,Deepfake,0.7639449059963227,0.5187968611717224,0.9997422099113464,1.0,0.923592746257782,0.37759271264076233
6185d77c-0fea-11f1-857c-ac1f6b8d2e48_label_fake.npz,Fake,Deepfake,0.600636200606823,0.16060946881771088,0.8132905960083008,0.9999899864196777,0.9211533069610596,0.10813764482736588
fcd30afc-10a7-11f1-b2c7-ac1f6b417054_label_fake.npz,Fake,Deepfake,0.9239837765693665,0.8514668345451355,0.9944342970848083,1.0,0.9892926216125488,0.7847251296043396
5187b660-10ad-11f1-b2c7-ac1f6b417054_label_fake.npz,Fake,Deepfake,0.7411647081375122,0.4481007754802704,0.9930545687675476,0.9999709129333496,0.9640061259269714,0.300691157579422
918c3ede-10a8-11f1-b2c7-ac1f6b417054_label_fake.npz,Fake,Deepfake,0.6678063184022904,0.3332391679286957,0.9954730868339539,0.9999995231628418,0.9628749489784241,0.047444865107536316
89cc2e72-10b0-11f1-b2c7-ac1f6b417054_label_fake.npz,Fake,Deepfake,0.6372266232967377,0.12746067345142365,0.9976072311401367,0.9999996423721313,0.9795509576797485,0.08151461184024811
1f40bfaa-10b0-11f1-b2c7-ac1f6b417054_label_fake.npz,Fake,Deepfake,0.5977126095443963,0.10887636989355087,0.9978476762771606,1.0,0.8646384477615356,0.01720055378973484
3a9a33ac-10b1-11f1-b2c7-ac1f6b417054_label_fake.npz,Fake,Deepfake,0.7695009291172028,0.4990999698638916,0.9372482299804688,1.0,0.9341524839401245,0.47700396180152893
5c141e1e-10af-11f1-b2c7-ac1f6b417054_label_fake.npz,Fake,Deepfake,0.7856852889060973,0.511847198009491,0.9989326596260071,1.0,0.9681025743484497,0.4495440125465393
a8be9b44-10b0-11f1-b2c7-ac1f6b417054_label_fake.npz,Fake,Deepfake,0.8409797906875611,0.6360808610916138,0.9792611002922058,1.0,0.9544161558151245,0.6351408362388611
2d87c0dc-10b4-11f1-b2c7-ac1f6b417054_label_fake.npz,Fake,Deepfake,0.6782564193010331,0.2528855502605438,0.9993857145309448,0.9999998807907104,0.985415518283844,0.153595432639122
9e1cfef0-10b1-11f1-b2c7-ac1f6b417054_label_fake.npz,Fake,Deepfake,0.7970156610012055,0.5812556147575378,0.9583948850631714,0.9999208450317383,0.9632195830345154,0.48228737711906433
ae50a148-10af-11f1-b2c7-ac1f6b417054_label_fake.npz,Fake,Deepfake,0.5983852412551642,0.0966702252626419,0.9995784163475037,0.9998461008071899,0.8790505528450012,0.016780911013484
edb7c7f4-10ae-11f1-b2c7-ac1f6b417054_label_fake.npz,Fake,Deepfake,0.6988152951002121,0.22339968383312225,0.999860405921936,1.0,0.9831756353378296,0.2876407504081726
fcf3997e-10ad-11f1-b2c7-ac1f6b417054_label_fake.npz,Fake,Deepfake,0.5916987359523773,0.3198619782924652,0.9998800754547119,0.9998847246170044,0.21726372838020325,0.42160317301750183
123869a4-10ae-11f1-b2c7-ac1f6b417054_label_fake.npz,Fake,Deepfake,0.6968635767698288,0.41280460357666016,0.9769838452339172,1.0,0.9607030153274536,0.13382641971111298
69f79022-10b1-11f1-b2c7-ac1f6b417054_label_fake.npz,Fake,Deepfake,0.6090704953297973,0.08262498676776886,0.9998077750205994,1.0,0.9515560865402222,0.011363628320395947
a38d949a-10b0-11f1-b2c7-ac1f6b417054_label_fake.npz,Fake,Deepfake,0.626155897602439,0.13817480206489563,0.9988811612129211,1.0,0.9681054949760437,0.02561802975833416
7ab07932-10b2-11f1-b2c7-ac1f6b417054_label_fake.npz,Fake,Deepfake,0.8783980488777161,0.6533049941062927,0.984136700630188,1.0,0.9749928116798401,0.7795557379722595
15725904-10b3-11f1-b2c7-ac1f6b417054_label_fake.npz,Fake,Deepfake,0.795718425512314,0.6721755862236023,0.9999451637268066,1.0,0.9603185057640076,0.3461528718471527
c3029402-10af-11f1-b2c7-ac1f6b417054_label_fake.npz,Fake,Deepfake,0.7117285013198853,0.48315364122390747,0.7707273364067078,0.9999998807907104,0.88016676902771,0.4245948791503906
4451f1e4-10ae-11f1-b2c7-ac1f6b417054_label_fake.npz,Fake,Deepfake,0.7723173469305038,0.6765414476394653,0.999231219291687,1.0,0.9617499113082886,0.2240641564130783
cbc706a6-10b2-11f1-b2c7-ac1f6b417054_label_fake.npz,Fake,Deepfake,0.7564653754234314,0.5456320643424988,0.9905868172645569,1.0,0.887764573097229,0.3583434224128723
07553096-10b1-11f1-b2c7-ac1f6b417054_label_fake.npz,Fake,Deepfake,0.5908484347164631,0.07605826109647751,0.9992915391921997,0.8942117691040039,0.9752182364463806,0.009462367743253708
fe056f3a-10b3-11f1-b2c7-ac1f6b417054_label_fake.npz,Fake,Deepfake,0.736803299188614,0.4320265054702759,0.9985595345497131,0.9999997615814209,0.8597451448440552,0.39368554949760437
28083dca-10b5-11f1-b2c7-ac1f6b417054_label_fake.npz,Fake,Deepfake,0.6838448703289033,0.6066300868988037,0.9943049550056458,1.0,0.35142961144447327,0.46685969829559326
535ee0ca-10ae-11f1-b2c7-ac1f6b417054_label_fake.npz,Fake,Deepfake,0.6678956717252732,0.4066758453845978,0.9980149269104004,1.0,0.8134537935256958,0.12133379280567169
017bde4c-10af-11f1-b2c7-ac1f6b417054_label_fake.npz,Fake,Deepfake,0.8204600214958192,0.6679113507270813,0.9986542463302612,1.0,0.9778844714164734,0.45785003900527954
eba2273a-10b2-11f1-b2c7-ac1f6b417054_label_fake.npz,Fake,Deepfake,0.7674442231655121,0.30889466404914856,0.9999681711196899,1.0,0.9572495222091675,0.5711087584495544
822b8b5a-10b4-11f1-b2c7-ac1f6b417054_label_fake.npz,Fake,Deepfake,0.6401818603277206,0.18349340558052063,0.9964330196380615,1.0,0.9584698677062988,0.06251300871372223
1c1f5b26-10ae-11f1-b2c7-ac1f6b417054_label_fake.npz,Fake,Deepfake,0.7658569291234016,0.7440598607063293,0.9996086955070496,0.9999946355819702,0.9845564365386963,0.1010650172829628
46525788-10b1-11f1-b2c7-ac1f6b417054_label_fake.npz,Fake,Deepfake,0.7155076906085015,0.5515132546424866,0.985619068145752,0.9999995231628418,0.9714303612709045,0.06897624582052231
c7ed2280-10ae-11f1-b2c7-ac1f6b417054_label_fake.npz,Fake,Deepfake,0.6387930065393448,0.16163308918476105,0.9999653100967407,0.9999945163726807,0.9771311283111572,0.05524098873138428
1a10ef14-10b0-11f1-b2c7-ac1f6b417054_label_fake.npz,Fake,Deepfake,0.7410207390785217,0.4967767894268036,0.9687501192092896,1.0,0.9652374982833862,0.2743392884731293
1e27de28-10b5-11f1-b2c7-ac1f6b417054_label_fake.npz,Fake,Deepfake,0.8018116712570191,0.5734451413154602,0.9927459359169006,1.0,0.9840735197067261,0.4587937593460083
0a02a6d0-10b5-11f1-b2c7-ac1f6b417054_label_fake.npz,Fake,Deepfake,0.6912274241447449,0.28785091638565063,0.9912763833999634,1.0,0.9839590191841125,0.1930508017539978
339d23da-10b0-11f1-b2c7-ac1f6b417054_label_fake.npz,Fake,Deepfake,0.6512188278138638,0.257361501455307,0.9974080920219421,1.0,0.9573634266853333,0.043961118906736374
cb34b51c-10ad-11f1-b2c7-ac1f6b417054_label_fake.npz,Fake,Deepfake,0.6170622622594238,0.09659071266651154,0.9998788833618164,0.9998430013656616,0.9742960333824158,0.01470268052071333
d5840f34-10b4-11f1-b2c7-ac1f6b417054_label_fake.npz,Fake,Deepfake,0.6515422955155373,0.2768229842185974,0.9991174340248108,1.0,0.9699128270149231,0.011858232319355011
f0c7115e-10b1-11f1-b2c7-ac1f6b417054_label_fake.npz,Fake,Deepfake,0.6768082424998284,0.3430146276950836,0.9998522996902466,1.0,0.9440439343452454,0.09713035076856613
7779ee50-10ae-11f1-b2c7-ac1f6b417054_label_fake.npz,Fake,Deepfake,0.7910224556922913,0.5017545819282532,0.9975599050521851,0.999981164932251,0.9692907929420471,0.48652583360671997
c63ea41e-10ad-11f1-b2c7-ac1f6b417054_label_fake.npz,Fake,Deepfake,0.6992455899715423,0.19595855474472046,0.9768891930580139,0.9999972581863403,0.9741289019584656,0.3492540419101715
a33d6ac8-10b1-11f1-b2c7-ac1f6b417054_label_fake.npz,Fake,Deepfake,0.7141418144106866,0.47461196780204773,0.9993725419044495,1.0,0.9872146844863892,0.10950987786054611
ffbf2afe-10af-11f1-b2c7-ac1f6b417054_label_fake.npz,Fake,Deepfake,0.6458549067378044,0.16226163506507874,0.999987006187439,1.0,0.9771947264671326,0.0898311659693718
cb49156a-10b3-11f1-b2c7-ac1f6b417054_label_fake.npz,Fake,Deepfake,0.6660376086831092,0.25294923782348633,0.9997841715812683,1.0,0.978377640247345,0.09907699376344681
81a395fc-10ae-11f1-b2c7-ac1f6b417054_label_fake.npz,Fake,Deepfake,0.6893930241465569,0.45630770921707153,0.999976634979248,1.0,0.8741468787193298,0.11653389781713486
80ba8010-10b3-11f1-b2c7-ac1f6b417054_label_fake.npz,Fake,Deepfake,0.6126148398965597,0.08351968228816986,0.9995119571685791,1.0,0.9546172022819519,0.02542535774409771
29406a78-10b0-11f1-b2c7-ac1f6b417054_label_fake.npz,Fake,Deepfake,0.7122421562671661,0.42583155632019043,0.999377429485321,1.0,0.9740951061248779,0.16190668940544128
04c2bd90-10b0-11f1-b2c7-ac1f6b417054_label_fake.npz,Fake,Deepfake,0.6942903965711593,0.453355997800827,0.9676176309585571,0.9999990463256836,0.9696077704429626,0.08087153732776642
3ea74344-10b2-11f1-b2c7-ac1f6b417054_label_fake.npz,Fake,Deepfake,0.8138234674930573,0.3099795877933502,0.9665071964263916,1.0,0.9911989569664001,0.8014315962791443
faff1baa-10b4-11f1-b2c7-ac1f6b417054_label_fake.npz,Fake,Deepfake,0.7295406758785249,0.3320775330066681,0.9994522929191589,1.0,0.7277470231056213,0.5884265303611755
f605911c-10b2-11f1-b2c7-ac1f6b417054_label_fake.npz,Fake,Deepfake,0.6303034450858832,0.17255015671253204,0.9983949065208435,1.0,0.954049825668335,0.026522336527705193
cfae0606-10b8-11f1-b2c7-ac1f6b417054_label_fake.npz,Fake,Deepfake,0.8901756525039672,0.6926011443138123,0.9990084767341614,1.0,0.9828121066093445,0.7764565348625183
50a4e728-10bb-11f1-b2c7-ac1f6b417054_label_fake.npz,Fake,Deepfake,0.8105916857719422,0.7405217289924622,0.9983928799629211,1.0,0.9778108596801758,0.3362329602241516
c69b8a5a-10b5-11f1-b2c7-ac1f6b417054_label_fake.npz,Fake,Deepfake,0.7283039510250091,0.26562854647636414,0.9991330504417419,1.0,0.9870373010635376,0.3897208571434021
e17d181c-10b9-11f1-b2c7-ac1f6b417054_label_fake.npz,Fake,Deepfake,0.6893551304936409,0.39255771040916443,0.9990646243095398,0.9999994039535522,0.9779734015464783,0.07718051224946976
f6455114-10ba-11f1-b2c7-ac1f6b417054_label_fake.npz,Fake,Deepfake,0.6524751640856266,0.26515933871269226,0.9945271611213684,1.0,0.9682613611221313,0.034427959471940994
73e70606-10b8-11f1-b2c7-ac1f6b417054_label_fake.npz,Fake,Deepfake,0.9243217825889587,0.7243382334709167,0.9960044026374817,1.0,0.975760817527771,0.9255054593086243
7ecbdb8c-10b8-11f1-b2c7-ac1f6b417054_label_fake.npz,Fake,Deepfake,0.8169666647911072,0.5646421909332275,0.9998260140419006,0.999997615814209,0.9796897172927856,0.5406777858734131
b896d2e4-10b9-11f1-b2c7-ac1f6b417054_label_fake.npz,Fake,Deepfake,0.6677917927503585,0.1563405990600586,0.999474823474884,1.0,0.9719303250312805,0.21121321618556976
d252a888-10ba-11f1-b2c7-ac1f6b417054_label_fake.npz,Fake,Deepfake,0.6223300226032734,0.1038837805390358,0.9917312264442444,0.9999333620071411,0.9748581051826477,0.04124363884329796
7aed9134-10b5-11f1-b2c7-ac1f6b417054_label_fake.npz,Fake,Deepfake,0.8388804435729981,0.6194798946380615,0.9996147155761719,1.0,0.9839896559715271,0.5913179516792297
3c1c9de6-10bb-11f1-b2c7-ac1f6b417054_label_fake.npz,Fake,Deepfake,0.6525092650204897,0.27461227774620056,0.9904734492301941,1.0,0.9752261638641357,0.022234434261918068
26e8713e-10bb-11f1-b2c7-ac1f6b417054_label_fake.npz,Fake,Deepfake,0.7515466928482056,0.5488666296005249,0.9891806244850159,1.0,0.9820621609687805,0.23762404918670654
c20f627c-10ba-11f1-b2c7-ac1f6b417054_label_fake.npz,Fake,Deepfake,0.6726279795169832,0.2727706730365753,0.999934196472168,1.0,0.9717699885368347,0.11866503953933716
46f2e672-10b5-11f1-b2c7-ac1f6b417054_label_fake.npz,Fake,Deepfake,0.6124633885920049,0.11575007438659668,0.9992341995239258,0.9999997615814209,0.8888278603553772,0.05850504711270332
5a409bfc-10ba-11f1-b2c7-ac1f6b417054_label_fake.npz,Fake,Deepfake,0.6302407771348953,0.40233898162841797,0.999990701675415,1.0,0.6393334865570068,0.10954071581363678
69f2a7cc-10b8-11f1-b2c7-ac1f6b417054_label_fake.npz,Fake,Deepfake,0.8812512755393982,0.8136687874794006,0.9937673807144165,1.0,0.9752449989318848,0.6235752105712891
ec096532-10ba-11f1-b2c7-ac1f6b417054_label_fake.npz,Fake,Deepfake,0.681603714823723,0.3403480350971222,0.9981091022491455,1.0,0.937134325504303,0.13242711126804352
36ff6d62-10ba-11f1-b2c7-ac1f6b417054_label_fake.npz,Fake,Deepfake,0.7763879835605622,0.2622182071208954,0.9838622212409973,1.0,0.9720785021781921,0.6637809872627258
75f7c0c8-10b5-11f1-b2c7-ac1f6b417054_label_fake.npz,Fake,Deepfake,0.7662075996398926,0.27042531967163086,0.9999303817749023,1.0,0.9864118099212646,0.574270486831665
8a141f44-10b9-11f1-b2c7-ac1f6b417054_label_fake.npz,Fake,Deepfake,0.6963979125022888,0.3805459439754486,0.999951958656311,1.0,0.9740009903907776,0.12749066948890686
054d4be4-10b6-11f1-b2c7-ac1f6b417054_label_fake.npz,Fake,Deepfake,0.6301445938646792,0.1357438564300537,0.9996891021728516,1.0,0.9771639704704285,0.03812604025006294
31811ef6-10b7-11f1-b2c7-ac1f6b417054_label_fake.npz,Fake,Deepfake,0.610492044314742,0.1581140160560608,0.9983623623847961,1.0,0.8761120438575745,0.019871799275279045
f107ca56-10ba-11f1-b2c7-ac1f6b417054_label_fake.npz,Fake,Deepfake,0.746176788210869,0.6271132826805115,0.9832770824432373,1.0,0.9662296772003174,0.15426389873027802
b2e0b67e-10b6-11f1-b2c7-ac1f6b417054_label_fake.npz,Fake,Deepfake,0.6330633990466595,0.14798568189144135,0.9998571872711182,1.0,0.9748108386993408,0.04266328737139702
a5df9372-10b7-11f1-b2c7-ac1f6b417054_label_fake.npz,Fake,Deepfake,0.6498874507844448,0.22396650910377502,0.9954200983047485,0.9999998807907104,0.9707242846488953,0.05932648107409477
927410ee-10ba-11f1-b2c7-ac1f6b417054_label_fake.npz,Fake,Deepfake,0.590180042386055,0.2071533501148224,0.6506994962692261,1.0,0.9754265546798706,0.1176208108663559
5e7d7c3e-10b6-11f1-b2c7-ac1f6b417054_label_fake.npz,Fake,Deepfake,0.8301214814186096,0.5990728735923767,0.9994832277297974,1.0,0.9724472165107727,0.5796040892601013
e1899afa-10ba-11f1-b2c7-ac1f6b417054_label_fake.npz,Fake,Deepfake,0.6342742200940849,0.18671169877052307,0.9996144771575928,1.0,0.9669494032859802,0.01809552125632763
8da244e0-10b6-11f1-b2c7-ac1f6b417054_label_fake.npz,Fake,Deepfake,0.699371974170208,0.4091758728027344,0.9992947578430176,1.0,0.9786197543144226,0.10976948589086533
dc72a4c6-10ba-11f1-b2c7-ac1f6b417054_label_fake.npz,Fake,Deepfake,0.6399309150874616,0.18670456111431122,0.9967058300971985,0.9999998807907104,0.9577555060386658,0.05848879739642143
4ba9c4dc-10bb-11f1-b2c7-ac1f6b417054_label_fake.npz,Fake,Deepfake,0.6831943690776825,0.2727825939655304,0.9825202822685242,0.9999402761459351,0.6445141434669495,0.5162145495414734
195bdb56-10ba-11f1-b2c7-ac1f6b417054_label_fake.npz,Fake,Deepfake,0.6888299286365509,0.5651231408119202,0.999332845211029,1.0,0.5491260886192322,0.3305675685405731
ef6a94ce-10b7-11f1-b2c7-ac1f6b417054_label_fake.npz,Fake,Deepfake,0.8231220841407776,0.7690896987915039,0.9944698810577393,1.0,0.9838723540306091,0.36817848682403564
500ff56c-10b8-11f1-b2c7-ac1f6b417054_label_fake.npz,Fake,Deepfake,0.6788859665393829,0.29151439666748047,0.9988079071044922,0.9997602105140686,0.9678435921669006,0.13650372624397278
6151901e-10b9-11f1-b2c7-ac1f6b417054_label_fake.npz,Fake,Deepfake,0.6446478955447674,0.21358942985534668,0.9966367483139038,0.9999977350234985,0.9686420559883118,0.04437350854277611
f994cc5c-10b8-11f1-b2c7-ac1f6b417054_label_fake.npz,Fake,Deepfake,0.7755908131599426,0.5043512582778931,0.9842956066131592,0.9998719692230225,0.9728879928588867,0.4165472388267517
6884dbaa-10b6-11f1-b2c7-ac1f6b417054_label_fake.npz,Fake,Deepfake,0.8229440093040467,0.640052318572998,0.9997270703315735,1.0,0.9013637900352478,0.5735768675804138
cd82bedc-10b6-11f1-b2c7-ac1f6b417054_label_fake.npz,Fake,Deepfake,0.6570249676704407,0.20797620713710785,0.9997660517692566,1.0,0.9760209321975708,0.10136164724826813
ff38337c-10b5-11f1-b2c7-ac1f6b417054_label_fake.npz,Fake,Deepfake,0.6891466900706291,0.42300376296043396,0.9956455230712891,1.0,0.932376503944397,0.0947076603770256
5e97f9fa-10b7-11f1-b2c7-ac1f6b417054_label_fake.npz,Fake,Deepfake,0.7114656537771226,0.16555480659008026,0.9998934268951416,1.0,0.9692540764808655,0.42262595891952515
8ed869e4-10b5-11f1-b2c7-ac1f6b417054_label_fake.npz,Fake,Deepfake,0.6440366171300412,0.18186943233013153,0.9999295473098755,1.0,0.9762948155403137,0.06208929046988487
ed316eea-10b6-11f1-b2c7-ac1f6b417054_label_fake.npz,Fake,Deepfake,0.9035512089729311,0.7978005409240723,0.9999641180038452,0.9999997615814209,0.9652944803237915,0.7546971440315247
88dbb0de-10b8-11f1-b2c7-ac1f6b417054_label_fake.npz,Fake,Deepfake,0.614261519163847,0.14423473179340363,0.9241930246353149,0.9998422861099243,0.9426449537277222,0.0603925995528698
ef6c9c94-10b5-11f1-b2c7-ac1f6b417054_label_fake.npz,Fake,Deepfake,0.7122601807117462,0.42583155632019043,0.9994675517082214,1.0,0.9740951061248779,0.16190668940544128
161fb4d4-10bb-11f1-b2c7-ac1f6b417054_label_fake.npz,Fake,Deepfake,0.8991933465003968,0.727659285068512,0.9962945580482483,1.0,0.978321373462677,0.7936915159225464
104741ee-10b6-11f1-b2c7-ac1f6b417054_label_fake.npz,Fake,Deepfake,0.8675727963447571,0.43012309074401855,0.9986572265625,1.0,0.9911845326423645,0.9178991317749023
3f418cfa-10b8-11f1-b2c7-ac1f6b417054_label_fake.npz,Fake,Deepfake,0.7740412771701813,0.62511146068573,0.9982861876487732,1.0,0.9112602472305298,0.3355484902858734
f449d61c-10b7-11f1-b2c7-ac1f6b417054_label_fake.npz,Fake,Deepfake,0.622281014919281,0.1225251853466034,0.999442994594574,1.0,0.9738882780075073,0.015548616647720337
cc80dffe-10bc-11f1-b2c7-ac1f6b417054_label_fake.npz,Fake,Deepfake,0.6290608268231153,0.18603332340717316,0.997019350528717,1.0,0.9346023797988892,0.027649080380797386
1bc9282e-10c1-11f1-b2c7-ac1f6b417054_label_fake.npz,Fake,Deepfake,0.6476241439580918,0.501004695892334,0.9712194800376892,1.0,0.1995135396718979,0.5663830041885376
cc19d488-10be-11f1-b2c7-ac1f6b417054_label_fake.npz,Fake,Deepfake,0.7923812836408616,0.14669780433177948,0.9990311861038208,1.0,0.9521324634552002,0.8640449643135071
085b6886-10be-11f1-b2c7-ac1f6b417054_label_fake.npz,Fake,Deepfake,0.8051930487155914,0.4978748857975006,0.9994717240333557,1.0,0.9423243403434753,0.5862942934036255
f4472318-10bc-11f1-b2c7-ac1f6b417054_label_fake.npz,Fake,Deepfake,0.614238652586937,0.09167510271072388,0.9997839331626892,1.0,0.9672712683677673,0.012462958693504333
7a532388-10bf-11f1-b2c7-ac1f6b417054_label_fake.npz,Fake,Deepfake,0.6474801957607269,0.17695878446102142,0.9994263648986816,1.0,0.9843525290489197,0.0766633003950119
73daed7c-10bc-11f1-b2c7-ac1f6b417054_label_fake.npz,Fake,Deepfake,0.7537086069583893,0.24802222847938538,0.9931492209434509,1.0,0.9639108777046204,0.5634607076644897
69649b78-10bb-11f1-b2c7-ac1f6b417054_label_fake.npz,Fake,Deepfake,0.7593093037605286,0.19576555490493774,0.999782383441925,1.0,0.9829504489898682,0.6180481314659119
6bbd0b8a-10c0-11f1-b2c7-ac1f6b417054_label_fake.npz,Fake,Deepfake,0.7399896234273909,0.5911145210266113,0.9998908042907715,1.0,0.9813399910926819,0.12760280072689056
efa3f30c-10be-11f1-b2c7-ac1f6b417054_label_fake.npz,Fake,Deepfake,0.6613592341542245,0.2807341516017914,0.9978218078613281,0.994978129863739,0.9728240370750427,0.060438044369220734
657a1faa-10c1-11f1-b2c7-ac1f6b417054_label_fake.npz,Fake,Deepfake,0.6659174367785454,0.31422439217567444,0.9810609817504883,1.0,0.9466172456741333,0.08768456429243088
1f5928dc-10c0-11f1-b2c7-ac1f6b417054_label_fake.npz,Fake,Deepfake,0.7893696308135986,0.6121348738670349,0.9976646900177002,1.0,0.966929018497467,0.370119571685791
4913e922-10bc-11f1-b2c7-ac1f6b417054_label_fake.npz,Fake,Deepfake,0.8800289392471313,0.7540480494499207,0.9999440908432007,1.0,0.9754095673561096,0.6707429885864258
dbbedbae-10be-11f1-b2c7-ac1f6b417054_label_fake.npz,Fake,Deepfake,0.6339249983429909,0.10131783783435822,0.9991362690925598,1.0,0.9719783663749695,0.09719251841306686
db84176e-10bc-11f1-b2c7-ac1f6b417054_label_fake.npz,Fake,Deepfake,0.6144970923662186,0.0834541767835617,0.9995536208152771,0.9999988079071045,0.9695103764533997,0.019968479871749878
0321ea58-10c2-11f1-b2c7-ac1f6b417054_label_fake.npz,Fake,Deepfake,0.8379950404167176,0.6971498131752014,0.999699592590332,1.0,0.9877718687057495,0.5053539276123047
2c15d396-10bf-11f1-b2c7-ac1f6b417054_label_fake.npz,Fake,Deepfake,0.7857918620109557,0.511847198009491,0.9994655251502991,1.0,0.9681025743484497,0.4495440125465393
a273a3ae-10bc-11f1-b2c7-ac1f6b417054_label_fake.npz,Fake,Deepfake,0.7761788308620454,0.45182496309280396,0.9892666339874268,1.0,0.9561334252357483,0.48366913199424744
ea597606-10be-11f1-b2c7-ac1f6b417054_label_fake.npz,Fake,Deepfake,0.8031169295310975,0.7443408370018005,0.9998770952224731,1.0,0.8660948872566223,0.40527182817459106
7f0e4d30-10bf-11f1-b2c7-ac1f6b417054_label_fake.npz,Fake,Deepfake,0.6130058325827121,0.11227849125862122,0.9995964169502258,0.999976396560669,0.9151016473770142,0.038076210767030716
658b8afe-10be-11f1-b2c7-ac1f6b417054_label_fake.npz,Fake,Deepfake,0.935182011127472,0.763887345790863,0.9988297820091248,1.0,0.981031596660614,0.9321613311767578
97cb9af4-10be-11f1-b2c7-ac1f6b417054_label_fake.npz,Fake,Deepfake,0.6020605897530914,0.09247148036956787,0.9930745363235474,0.9999992847442627,0.9138473868370056,0.010910260491073132
a5a731f0-10bf-11f1-b2c7-ac1f6b417054_label_fake.npz,Fake,Deepfake,0.6246608808636666,0.2527622878551483,0.9994025230407715,1.0,0.8460093140602112,0.02513027936220169
ef5843d2-10bc-11f1-b2c7-ac1f6b417054_label_fake.npz,Fake,Deepfake,0.7929823637008667,0.6156976222991943,0.9999675750732422,1.0,0.9799249172210693,0.36932170391082764
603a08a2-10c1-11f1-b2c7-ac1f6b417054_label_fake.npz,Fake,Deepfake,0.6148100076243281,0.09919770061969757,0.9962208867073059,1.0,0.9656901955604553,0.012941255234181881
a33b991e-10c0-11f1-b2c7-ac1f6b417054_label_fake.npz,Fake,Deepfake,0.8211551547050476,0.5034120678901672,0.9995775818824768,1.0,0.9603915214538574,0.6423946022987366
26663e74-10bd-11f1-b2c7-ac1f6b417054_label_fake.npz,Fake,Deepfake,0.7937216937541962,0.5828049778938293,0.9913206696510315,1.0,0.978598415851593,0.415884405374527
e0b714e6-10be-11f1-b2c7-ac1f6b417054_label_fake.npz,Fake,Deepfake,0.5994637310504913,0.34137916564941406,0.9996029734611511,1.0,0.17837372422218323,0.47796279191970825
d8ece1c4-10bd-11f1-b2c7-ac1f6b417054_label_fake.npz,Fake,Deepfake,0.6073149520903827,0.1649751514196396,0.9998152852058411,0.9999998807907104,0.8457298278808594,0.026054615154862404
be741606-10c1-11f1-b2c7-ac1f6b417054_label_fake.npz,Fake,Deepfake,0.6661080628633499,0.16469742357730865,0.9999856948852539,1.0,0.9089148640632629,0.2569423317909241
c64c7540-10c0-11f1-b2c7-ac1f6b417054_label_fake.npz,Fake,Deepfake,0.6894639998674394,0.2286444455385208,0.9733574986457825,1.0,0.7129608988761902,0.5323571562767029
5170b74a-10c0-11f1-b2c7-ac1f6b417054_label_fake.npz,Fake,Deepfake,0.7543884456157685,0.47201886773109436,0.9967275857925415,1.0,0.9313249588012695,0.37187081575393677
21bbf1c8-10bf-11f1-b2c7-ac1f6b417054_label_fake.npz,Fake,Deepfake,0.8688939332962037,0.6927651762962341,0.9953501224517822,0.9999611377716064,0.8951520919799805,0.7612411379814148
925f87c8-10bf-11f1-b2c7-ac1f6b417054_label_fake.npz,Fake,Deepfake,0.8137604832649232,0.6462284326553345,0.9991063475608826,0.9999994039535522,0.8585579991340637,0.5649102330207825
47b15d44-10c1-11f1-b2c7-ac1f6b417054_label_fake.npz,Fake,Deepfake,0.7640668153762817,0.4543871283531189,0.9999898672103882,1.0,0.8561205267906189,0.5098365545272827
373739a0-10be-11f1-b2c7-ac1f6b417054_label_fake.npz,Fake,Deepfake,0.6466488122940064,0.422555148601532,0.9996896982192993,1.0,0.33464112877845764,0.4763580858707428
8d80a1a6-10bf-11f1-b2c7-ac1f6b417054_label_fake.npz,Fake,Deepfake,0.8061157584190369,0.52642822265625,0.9995620846748352,0.9999997615814209,0.9504446387290955,0.5541440844535828
97477980-10bf-11f1-b2c7-ac1f6b417054_label_fake.npz,Fake,Deepfake,0.6831904999911785,0.4166136384010315,0.9969732761383057,1.0,0.9809054136276245,0.021460171788930893
04e5bf0a-10bc-11f1-b2c7-ac1f6b417054_label_fake.npz,Fake,Deepfake,0.802372419834137,0.6504803895950317,0.999521017074585,0.9999997615814209,0.9319990873336792,0.429861843585968
92e9cba0-10be-11f1-b2c7-ac1f6b417054_label_fake.npz,Fake,Deepfake,0.7194806635379792,0.5384487509727478,0.9982008934020996,0.9999974966049194,0.48448899388313293,0.5762671828269958
b94c414e-10c1-11f1-b2c7-ac1f6b417054_label_fake.npz,Fake,Deepfake,0.6197687584906817,0.10619759559631348,0.9990836381912231,1.0,0.9805386066436768,0.013023952022194862
fe2238aa-10bc-11f1-b2c7-ac1f6b417054_label_fake.npz,Fake,Deepfake,0.6458502098917962,0.16226163506507874,0.9999635219573975,1.0,0.9771947264671326,0.0898311659693718
208d4264-10c1-11f1-b2c7-ac1f6b417054_label_fake.npz,Fake,Deepfake,0.7469703286886216,0.7293113470077515,0.9403476119041443,0.999976396560669,0.9484246373176575,0.11679165065288544
aaaf2f98-10c1-11f1-b2c7-ac1f6b417054_label_fake.npz,Fake,Deepfake,0.722435873746872,0.3745284676551819,0.9939358830451965,1.0,0.978179931640625,0.2655350863933563
b4c9dc8c-10bf-11f1-b2c7-ac1f6b417054_label_fake.npz,Fake,Deepfake,0.6905223309993744,0.2789306044578552,0.999393105506897,1.0,0.9766626358032227,0.1976253092288971
122230cc-10c1-11f1-b2c7-ac1f6b417054_label_fake.npz,Fake,Deepfake,0.5591851696372033,0.0854654535651207,0.9824917912483215,1.0,0.7085481286048889,0.019420474767684937
ae015622-10bb-11f1-b2c7-ac1f6b417054_label_fake.npz,Fake,Deepfake,0.6644954174757004,0.2556144893169403,0.9999772310256958,0.9999998807907104,0.9793227314949036,0.08756275475025177
d5bc5202-10c0-11f1-b2c7-ac1f6b417054_label_fake.npz,Fake,Deepfake,0.8389313936233521,0.6194798946380615,0.9998694658279419,1.0,0.9839896559715271,0.5913179516792297
5760c3da-10c4-11f1-b2c7-ac1f6b417054_label_fake.npz,Fake,Deepfake,0.609038988314569,0.08262498676776886,0.999650239944458,1.0,0.9515560865402222,0.011363628320395947
18947da4-10c4-11f1-b2c7-ac1f6b417054_label_fake.npz,Fake,Deepfake,0.8211566329002381,0.5034120678901672,0.9995850920677185,0.9999998807907104,0.9603915214538574,0.6423946022987366
cb902dce-10c7-11f1-b2c7-ac1f6b417054_label_fake.npz,Fake,Deepfake,0.791225928068161,0.4958094358444214,0.9976432919502258,0.9999995231628418,0.9682415723800659,0.4944358170032501
d025a506-10c9-11f1-b2c7-ac1f6b417054_label_fake.npz,Fake,Deepfake,0.6020122675225138,0.09619524329900742,0.998530387878418,1.0,0.905639111995697,0.009696594439446926
868b2c3a-10c5-11f1-b2c7-ac1f6b417054_label_fake.npz,Fake,Deepfake,0.7549752473831177,0.5620045065879822,0.9999938011169434,1.0,0.677647590637207,0.5352303385734558
54447a08-10c8-11f1-b2c7-ac1f6b417054_label_fake.npz,Fake,Deepfake,0.6267876591533423,0.1854766309261322,0.999671459197998,1.0,0.9194409847259521,0.029349220916628838
6b115400-10c7-11f1-b2c7-ac1f6b417054_label_fake.npz,Fake,Deepfake,0.8816718459129333,0.5405738353729248,0.9974924325942993,1.0,0.9899769425392151,0.8803160190582275
325d94b4-10c4-11f1-b2c7-ac1f6b417054_label_fake.npz,Fake,Deepfake,0.7098581895232201,0.46500712633132935,0.9998354911804199,1.0,0.9728666543960571,0.11158167570829391
1774b7d2-10c8-11f1-b2c7-ac1f6b417054_label_fake.npz,Fake,Deepfake,0.8850201725959778,0.707707941532135,0.9915948510169983,1.0,0.9879846572875977,0.737813413143158
e419e316-10c8-11f1-b2c7-ac1f6b417054_label_fake.npz,Fake,Deepfake,0.8106561660766601,0.568041980266571,0.990044891834259,1.0,0.9630782604217529,0.5321156978607178
67df9c9a-10c9-11f1-b2c7-ac1f6b417054_label_fake.npz,Fake,Deepfake,0.7844005167484284,0.5843053460121155,0.9994543194770813,0.9999998807907104,0.986075222492218,0.3521678149700165
915db4e4-10c9-11f1-b2c7-ac1f6b417054_label_fake.npz,Fake,Deepfake,0.6950505837798119,0.4375108778476715,0.9923664927482605,1.0,0.970451831817627,0.07492371648550034
5ca38d14-10c4-11f1-b2c7-ac1f6b417054_label_fake.npz,Fake,Deepfake,0.7583273291587829,0.5793280601501465,0.9856380820274353,1.0,0.9885275363922119,0.2381429672241211
cc2dd952-10c2-11f1-b2c7-ac1f6b417054_label_fake.npz,Fake,Deepfake,0.7209804937243461,0.5490574240684509,0.9991011619567871,0.9999886751174927,0.9841285943984985,0.07262661308050156
c29fd6ba-10c2-11f1-b2c7-ac1f6b417054_label_fake.npz,Fake,Deepfake,0.6707302600145341,0.31821805238723755,0.9997352957725525,1.0,0.9751694202423096,0.060528531670570374
f178fe16-10c3-11f1-b2c7-ac1f6b417054_label_fake.npz,Fake,Deepfake,0.6169291956350208,0.12516586482524872,0.9995379447937012,1.0,0.9490053057670593,0.010936862789094448
0ddbdb3c-10c9-11f1-b2c7-ac1f6b417054_label_fake.npz,Fake,Deepfake,0.7749048173427583,0.37431833148002625,0.9999980926513672,0.9999997615814209,0.9155133366584778,0.5846945643424988
2aa2e68c-10c6-11f1-b2c7-ac1f6b417054_label_fake.npz,Fake,Deepfake,0.935181748867035,0.763887345790863,0.9988287091255188,0.9999997615814209,0.981031596660614,0.9321613311767578
2c116000-10c8-11f1-b2c7-ac1f6b417054_label_fake.npz,Fake,Deepfake,0.7785874366760255,0.5966529250144958,0.9981288313865662,1.0,0.9886302947998047,0.30952513217926025
4dcfb364-10c2-11f1-b2c7-ac1f6b417054_label_fake.npz,Fake,Deepfake,0.6198790032416582,0.10619759559631348,0.999634861946106,1.0,0.9805386066436768,0.013023952022194862
0d798938-10c8-11f1-b2c7-ac1f6b417054_label_fake.npz,Fake,Deepfake,0.8496323585510254,0.6259874105453491,0.9998759031295776,1.0,0.9712940454483032,0.651004433631897
dd820272-10c3-11f1-b2c7-ac1f6b417054_label_fake.npz,Fake,Deepfake,0.7294855684041979,0.534959614276886,0.9870314002037048,0.9999916553497314,0.9498616456985474,0.17558352649211884
ef0f60ba-10c4-11f1-b2c7-ac1f6b417054_label_fake.npz,Fake,Deepfake,0.6710758201777935,0.3420809805393219,0.9988369345664978,0.9999998807907104,0.9793620109558105,0.035099294036626816
630c2892-10c8-11f1-b2c7-ac1f6b417054_label_fake.npz,Fake,Deepfake,0.7607633292675018,0.6609886884689331,0.9996525049209595,0.9999998807907104,0.9625536799430847,0.1806218922138214
70d6ad54-10c2-11f1-b2c7-ac1f6b417054_label_fake.npz,Fake,Deepfake,0.7438737004995346,0.6271132826805115,0.9717616438865662,1.0,0.9662296772003174,0.15426389873027802
6cfd6f90-10c9-11f1-b2c7-ac1f6b417054_label_fake.npz,Fake,Deepfake,0.93530410528183,0.763887345790863,0.9994402527809143,1.0,0.981031596660614,0.9321613311767578
345f67b6-10c3-11f1-b2c7-ac1f6b417054_label_fake.npz,Fake,Deepfake,0.8360303699970246,0.6946144700050354,0.9982495903968811,1.0,0.9896854162216187,0.4976023733615875
bc93905c-10c4-11f1-b2c7-ac1f6b417054_label_fake.npz,Fake,Deepfake,0.5636072956025602,0.25770124793052673,0.9993889331817627,1.0,0.5245686173439026,0.0363776795566082
8ea35ff6-10c4-11f1-b2c7-ac1f6b417054_label_fake.npz,Fake,Deepfake,0.684605035185814,0.2854461073875427,0.9986157417297363,1.0,0.9719774723052979,0.16698585450649261
43bccb78-10c2-11f1-b2c7-ac1f6b417054_label_fake.npz,Fake,Deepfake,0.726697924733162,0.4366607666015625,0.9993477463722229,1.0,0.9792451858520508,0.21823592483997345
5d4a0d8e-10c3-11f1-b2c7-ac1f6b417054_label_fake.npz,Fake,Deepfake,0.8410778880119324,0.6779067516326904,0.9996562004089355,1.0,0.9837117791175842,0.5441147089004517
8f71a08e-10c2-11f1-b2c7-ac1f6b417054_label_fake.npz,Fake,Deepfake,0.7512042969465256,0.7293113470077515,0.9617888331413269,0.9997050166130066,0.9484246373176575,0.11679165065288544
70bb4fec-10c6-11f1-b2c7-ac1f6b417054_label_fake.npz,Fake,Deepfake,0.7813855946063996,0.5492172837257385,0.9998387098312378,1.0,0.9164077639579773,0.44146421551704407
d05d4fe6-10c5-11f1-b2c7-ac1f6b417054_label_fake.npz,Fake,Deepfake,0.642168614268303,0.08324748277664185,0.999665379524231,1.0,0.9577416181564331,0.17018859088420868
58edb540-10c5-11f1-b2c7-ac1f6b417054_label_fake.npz,Fake,Deepfake,0.7520226776599885,0.4334943890571594,0.999845027923584,1.0,0.9255324006080627,0.40124157071113586
52713814-10c4-11f1-b2c7-ac1f6b417054_label_fake.npz,Fake,Deepfake,0.8107063531875611,0.568041980266571,0.990295946598053,0.9999998807907104,0.9630782604217529,0.5321156978607178
0d6fd04e-10c5-11f1-b2c7-ac1f6b417054_label_fake.npz,Fake,Deepfake,0.8242042183876037,0.5480760931968689,0.9990140199661255,1.0,0.9723351001739502,0.6015958786010742
ac5a96ec-10c2-11f1-b2c7-ac1f6b417054_label_fake.npz,Fake,Deepfake,0.7998813569545747,0.6674377918243408,0.9837194681167603,1.0,0.872038722038269,0.4762108027935028
267c6ce2-10c9-11f1-b2c7-ac1f6b417054_label_fake.npz,Fake,Deepfake,0.727013998478651,0.592045783996582,0.9983114004135132,1.0,0.9878082871437073,0.056904520839452744
99f64604-10c7-11f1-b2c7-ac1f6b417054_label_fake.npz,Fake,Deepfake,0.6309193711727858,0.1826334297657013,0.9995936751365662,1.0,0.9464427828788757,0.025926968082785606
9e7cca76-10c3-11f1-b2c7-ac1f6b417054_label_fake.npz,Fake,Deepfake,0.796518623828888,0.41402894258499146,0.9989280104637146,1.0,0.9270505905151367,0.6425855755805969
66b23918-10c4-11f1-b2c7-ac1f6b417054_label_fake.npz,Fake,Deepfake,0.6527023196220398,0.16181129217147827,0.9995675683021545,1.0,0.9454169273376465,0.15671581029891968
67dcc7be-10c8-11f1-b2c7-ac1f6b417054_label_fake.npz,Fake,Deepfake,0.6461498528718949,0.12954869866371155,0.9309074282646179,1.0,0.9832468628883362,0.18704627454280853
eb171d74-10c7-11f1-b2c7-ac1f6b417054_label_fake.npz,Fake,Deepfake,0.6820367515087128,0.22551366686820984,0.9999890327453613,1.0,0.9853641390800476,0.19931691884994507
2c6fdb4a-10c7-11f1-b2c7-ac1f6b417054_label_fake.npz,Fake,Deepfake,0.6520342990756035,0.24131964147090912,0.9999264478683472,1.0,0.9340815544128418,0.08484385162591934
539ce322-10c5-11f1-b2c7-ac1f6b417054_label_fake.npz,Fake,Deepfake,0.7178554818034172,0.5515132546424866,0.9973575472831726,1.0,0.9714303612709045,0.06897624582052231
34fdc7a0-10c6-11f1-b2c7-ac1f6b417054_label_fake.npz,Fake,Deepfake,0.6108215756714344,0.08516016602516174,0.9878305792808533,0.9999998807907104,0.9635717272758484,0.01754552498459816
84cf19ee-10c8-11f1-b2c7-ac1f6b417054_label_fake.npz,Fake,Deepfake,0.6569213986396789,0.3729036748409271,0.999994158744812,1.0,0.4195761978626251,0.4921329617500305
e97f6270-10ca-11f1-b2c7-ac1f6b417054_label_fake.npz,Fake,Deepfake,0.609909456782043,0.09550587832927704,0.9979104399681091,1.0,0.9423053860664368,0.013825579546391964
4d41b804-10cf-11f1-b2c7-ac1f6b417054_label_fake.npz,Fake,Deepfake,0.6019960224628449,0.43190324306488037,0.9972075819969177,1.0,0.11856377124786377,0.4623055160045624
d9b36c5e-10cc-11f1-b2c7-ac1f6b417054_label_fake.npz,Fake,Deepfake,0.6935164786875248,0.44193175435066223,0.9988279938697815,1.0,0.965307354927063,0.061515290290117264
4c844b7a-10ca-11f1-b2c7-ac1f6b417054_label_fake.npz,Fake,Deepfake,0.65692098736763,0.3729036748409271,0.9999920129776001,1.0,0.4195762872695923,0.4921329617500305
9f1c6210-10ce-11f1-b2c7-ac1f6b417054_label_fake.npz,Fake,Deepfake,0.6120217632502317,0.11115259677171707,0.9408551454544067,0.9999998807907104,0.9879945516586304,0.020106641575694084
ce260e5e-10cd-11f1-b2c7-ac1f6b417054_label_fake.npz,Fake,Deepfake,0.6480561584234238,0.13337646424770355,0.9984378218650818,1.0,0.973793089389801,0.13467341661453247
c78bf05c-10cf-11f1-b2c7-ac1f6b417054_label_fake.npz,Fake,Deepfake,0.6649453580379487,0.36953863501548767,0.9679566025733948,0.9999994039535522,0.9216938614845276,0.06553828716278076
1b959c52-10d0-11f1-b2c7-ac1f6b417054_label_fake.npz,Fake,Deepfake,0.7740894079208375,0.5099604725837708,0.9999970197677612,1.0,0.9582903981208801,0.4021991491317749
777758c2-10ca-11f1-b2c7-ac1f6b417054_label_fake.npz,Fake,Deepfake,0.630088097974658,0.15639808773994446,0.9993257522583008,1.0,0.9670080542564392,0.027708595618605614
e13048c4-10ce-11f1-b2c7-ac1f6b417054_label_fake.npz,Fake,Deepfake,0.746870881319046,0.5505967140197754,0.9997344613075256,1.0,0.9249460697174072,0.25907716155052185
c69fd464-10cb-11f1-b2c7-ac1f6b417054_label_fake.npz,Fake,Deepfake,0.5956742271780968,0.41894540190696716,0.9998214840888977,1.0,0.09261950105428696,0.46698474884033203
a2ee6892-10ca-11f1-b2c7-ac1f6b417054_label_fake.npz,Fake,Deepfake,0.6324855476617813,0.1814410239458084,0.9987279772758484,1.0,0.9567751288414001,0.02548360824584961
700f47c4-10d0-11f1-b2c7-ac1f6b417054_label_fake.npz,Fake,Deepfake,0.8732954263687134,0.6811268925666809,0.9998749494552612,1.0,0.9795717597007751,0.7059035301208496
84e5ea74-10ce-11f1-b2c7-ac1f6b417054_label_fake.npz,Fake,Deepfake,0.6265395976603031,0.14261582493782043,0.9927896857261658,0.9999587535858154,0.9699938893318176,0.027339834719896317
1a318f26-10ce-11f1-b2c7-ac1f6b417054_label_fake.npz,Fake,Deepfake,0.8626077532768249,0.5093744397163391,0.9981427192687988,0.9999992847442627,0.9875137209892273,0.8180086016654968
8ccbc068-10cb-11f1-b2c7-ac1f6b417054_label_fake.npz,Fake,Deepfake,0.7837217092514038,0.759257435798645,0.9996052384376526,1.0,0.978766679763794,0.1809791922569275
5fd6c5f2-10cc-11f1-b2c7-ac1f6b417054_label_fake.npz,Fake,Deepfake,0.7254722326993942,0.2334151417016983,0.9992396831512451,1.0,0.9572520852088928,0.4374542534351349
0bb68e8c-10cf-11f1-b2c7-ac1f6b417054_label_fake.npz,Fake,Deepfake,0.8233511328697205,0.577364981174469,0.9993712306022644,1.0,0.9905659556388855,0.5494534969329834
377f5d64-10ca-11f1-b2c7-ac1f6b417054_label_fake.npz,Fake,Deepfake,0.6360177919268608,0.1541837453842163,0.9998152852058411,1.0,0.9816339612007141,0.04445596784353256
620d1c74-10cf-11f1-b2c7-ac1f6b417054_label_fake.npz,Fake,Deepfake,0.6173331605270506,0.12800197303295135,0.9991933703422546,1.0,0.9489343166351318,0.010536142624914646
a0290cc8-10cc-11f1-b2c7-ac1f6b417054_label_fake.npz,Fake,Deepfake,0.6547282010316848,0.5448352694511414,0.9985412359237671,1.0,0.2033844143152237,0.5268800854682922
2a886b86-10d0-11f1-b2c7-ac1f6b417054_label_fake.npz,Fake,Deepfake,0.6030350431799889,0.09680990129709244,0.9934531450271606,1.0,0.9093310236930847,0.015581145882606506
f47c12f4-10cf-11f1-b2c7-ac1f6b417054_label_fake.npz,Fake,Deepfake,0.8389001488685609,0.6194798946380615,0.9997132420539856,1.0,0.9839896559715271,0.5913179516792297
2fba8e7c-10d0-11f1-b2c7-ac1f6b417054_label_fake.npz,Fake,Deepfake,0.6702231794595719,0.20933441817760468,0.9940341114997864,1.0,0.9888001680374146,0.1589471995830536
978e949e-10cb-11f1-b2c7-ac1f6b417054_label_fake.npz,Fake,Deepfake,0.5973539957776666,0.1332663893699646,0.9293211102485657,0.9736731648445129,0.9396902322769165,0.010819082148373127
011ef248-10cf-11f1-b2c7-ac1f6b417054_label_fake.npz,Fake,Deepfake,0.7402184337377549,0.1976098269224167,0.9916223883628845,1.0,0.9483619928359985,0.5634979605674744
e923361e-10cd-11f1-b2c7-ac1f6b417054_label_fake.npz,Fake,Deepfake,0.45789811089634896,0.08418590575456619,0.9576312899589539,0.6145886182785034,0.5753666162490845,0.057718124240636826
1f4c36a0-10ce-11f1-b2c7-ac1f6b417054_label_fake.npz,Fake,Deepfake,0.7510242313146591,0.601629912853241,0.9993637204170227,1.0,0.9834260940551758,0.17070142924785614
387ecb0a-10cf-11f1-b2c7-ac1f6b417054_label_fake.npz,Fake,Deepfake,0.6013020098209382,0.08160681277513504,0.9965068697929382,1.0,0.9127538800239563,0.01564248651266098
303816bc-10cb-11f1-b2c7-ac1f6b417054_label_fake.npz,Fake,Deepfake,0.5968983814120292,0.10646909475326538,0.9907776117324829,0.9812198281288147,0.8281235694885254,0.07790180295705795
86d7a010-10cf-11f1-b2c7-ac1f6b417054_label_fake.npz,Fake,Deepfake,0.7454711616039277,0.5689817667007446,0.9991890788078308,0.9999998807907104,0.7653011083602905,0.39388397336006165
1693f0e2-10ca-11f1-b2c7-ac1f6b417054_label_fake.npz,Fake,Deepfake,0.802185344696045,0.6561346054077148,0.9988412261009216,0.9999747276306152,0.9501750469207764,0.40580111742019653
d642264c-10cb-11f1-b2c7-ac1f6b417054_label_fake.npz,Fake,Deepfake,0.8825997233390808,0.6392096281051636,0.9975523352622986,1.0,0.978631854057312,0.7976047992706299
200e02fa-10cc-11f1-b2c7-ac1f6b417054_label_fake.npz,Fake,Deepfake,0.6078448785468936,0.1541006714105606,0.9993853569030762,1.0,0.8720244765281677,0.013713887892663479
1c5e79f2-10cf-11f1-b2c7-ac1f6b417054_label_fake.npz,Fake,Deepfake,0.7640589475631714,0.4543871283531189,0.9999505281448364,1.0,0.8561205267906189,0.5098365545272827
736ab4ba-10cd-11f1-b2c7-ac1f6b417054_label_fake.npz,Fake,Deepfake,0.844892430305481,0.6640133857727051,0.9999426603317261,0.9999967813491821,0.9507960081100464,0.6097133159637451
058588f4-10cc-11f1-b2c7-ac1f6b417054_label_fake.npz,Fake,Deepfake,0.7755266010761261,0.4518262445926666,0.99986732006073,0.9999997615814209,0.9399979114532471,0.4859417676925659
c2af5b00-10cf-11f1-b2c7-ac1f6b417054_label_fake.npz,Fake,Deepfake,0.6090671813115478,0.08262498676776886,0.9997912049293518,1.0,0.9515560865402222,0.011363628320395947
2590d35c-10d0-11f1-b2c7-ac1f6b417054_label_fake.npz,Fake,Deepfake,0.6749761119484903,0.30754169821739197,0.999370276927948,0.9999994039535522,0.9857165813446045,0.08225259929895401
e6552d88-10ce-11f1-b2c7-ac1f6b417054_label_fake.npz,Fake,Deepfake,0.65946304500103,0.3308534622192383,0.9998087286949158,1.0,0.9483947157859802,0.018258318305015564
deca6dd6-10cd-11f1-b2c7-ac1f6b417054_label_fake.npz,Fake,Deepfake,0.7658718422055244,0.7440598607063293,0.999678373336792,0.9999995231628418,0.9845564365386963,0.1010650172829628
95791fea-10cf-11f1-b2c7-ac1f6b417054_label_fake.npz,Fake,Deepfake,0.6502584896981716,0.22396650910377502,0.997275173664093,1.0,0.9707242846488953,0.05932648107409477
83824a34-10cd-11f1-b2c7-ac1f6b417054_label_fake.npz,Fake,Deepfake,0.7927447378635407,0.49643436074256897,0.9955357313156128,1.0,0.9183204770088196,0.5534331202507019
6cd477a6-10ca-11f1-b2c7-ac1f6b417054_label_fake.npz,Fake,Deepfake,0.785112363100052,0.5440866947174072,0.9967967867851257,0.9999998807907104,0.9682424664497375,0.41643598675727844
7bdc2342-10cb-11f1-b2c7-ac1f6b417054_label_fake.npz,Fake,Deepfake,0.7272209577262402,0.592045783996582,0.9993461966514587,1.0,0.9878082871437073,0.056904520839452744
f6542c7a-10c9-11f1-b2c7-ac1f6b417054_label_fake.npz,Fake,Deepfake,0.7152572140097617,0.5372077822685242,0.999262273311615,1.0,0.9421604871749878,0.0976555272936821
bc26b28c-10cb-11f1-b2c7-ac1f6b417054_label_fake.npz,Fake,Deepfake,0.7022321075201035,0.40646979212760925,0.9961594343185425,0.9999891519546509,0.9675206542015076,0.1410215049982071
2a7d9a70-10cc-11f1-b2c7-ac1f6b417054_label_fake.npz,Fake,Deepfake,0.7543158233165741,0.679356575012207,0.7505531907081604,1.0,0.9799899458885193,0.36167940497398376
905f1340-10d7-11f1-b2c7-ac1f6b417054_label_fake.npz,Fake,Deepfake,0.5982826258987188,0.0966702252626419,0.999606192111969,0.999305248260498,0.8790505528450012,0.016780911013484
503cd058-10d3-11f1-b2c7-ac1f6b417054_label_fake.npz,Fake,Deepfake,0.7208155810832978,0.5505210757255554,0.9965715408325195,0.9999016523361206,0.9279288053512573,0.12915483117103577
44a317c4-10d4-11f1-b2c7-ac1f6b417054_label_fake.npz,Fake,Deepfake,0.8219873785972595,0.5528240203857422,0.9995926022529602,1.0,0.9864241480827332,0.5710961222648621
d466c47c-10d5-11f1-b2c7-ac1f6b417054_label_fake.npz,Fake,Deepfake,0.8016546785831452,0.40320858359336853,0.9995771050453186,1.0,0.9573743343353271,0.6481133699417114
591decb0-10d4-11f1-b2c7-ac1f6b417054_label_fake.npz,Fake,Deepfake,0.7091227293014527,0.2981855571269989,0.9832227826118469,0.9993865489959717,0.9671272039413452,0.29769155383110046
6e871128-10d7-11f1-b2c7-ac1f6b417054_label_fake.npz,Fake,Deepfake,0.7646136462688446,0.32140079140663147,0.9986028075218201,1.0,0.9667174816131592,0.5363471508026123
b0031d58-10d8-11f1-b2c7-ac1f6b417054_label_fake.npz,Fake,Deepfake,0.7171053051948547,0.6001952886581421,0.9992142915725708,1.0,0.7083203196525574,0.2777966260910034
ce64b46c-10d0-11f1-b2c7-ac1f6b417054_label_fake.npz,Fake,Deepfake,0.8379681825637818,0.6971498131752014,0.9995653033256531,1.0,0.9877718687057495,0.5053539276123047
9462da3a-10d2-11f1-b2c7-ac1f6b417054_label_fake.npz,Fake,Deepfake,0.6216408759355545,0.4986084997653961,0.9903258085250854,1.0,0.22658006846904755,0.3926900029182434
af98d1e8-10d1-11f1-b2c7-ac1f6b417054_label_fake.npz,Fake,Deepfake,0.6352825071662664,0.1690884530544281,0.9979458451271057,1.0,0.9845357537269592,0.024842483922839165
c9a6dcd4-10d0-11f1-b2c7-ac1f6b417054_label_fake.npz,Fake,Deepfake,0.664407080411911,0.20254136621952057,0.9989548921585083,0.9999995231628418,0.9370912909507751,0.18344832956790924
fd41a0d2-10d1-11f1-b2c7-ac1f6b417054_label_fake.npz,Fake,Deepfake,0.791670173406601,0.5670410990715027,0.9978594183921814,1.0,0.9846751093864441,0.4087752401828766
5633265e-10d5-11f1-b2c7-ac1f6b417054_label_fake.npz,Fake,Deepfake,0.6771600753068925,0.18662241101264954,0.999786913394928,1.0,0.9725826382637024,0.22680841386318207
5e8aac2c-10d6-11f1-b2c7-ac1f6b417054_label_fake.npz,Fake,Deepfake,0.8138070940971376,0.6462284326553345,0.9993388056755066,1.0,0.8585579991340637,0.5649102330207825
81cef206-10d6-11f1-b2c7-ac1f6b417054_label_fake.npz,Fake,Deepfake,0.900312626361847,0.8511224985122681,0.9988524913787842,0.9999996423721313,0.9893397688865662,0.6622487306594849
4f53435e-10d1-11f1-b2c7-ac1f6b417054_label_fake.npz,Fake,Deepfake,0.7759666740894319,0.29526033997535706,0.9969577789306641,1.0,0.983481228351593,0.6041340231895447
a5d7be62-10d6-11f1-b2c7-ac1f6b417054_label_fake.npz,Fake,Deepfake,0.6985573917627336,0.17269210517406464,0.9967095851898193,1.0,0.9727129936218262,0.35067227482795715
a7ba6424-10d5-11f1-b2c7-ac1f6b417054_label_fake.npz,Fake,Deepfake,0.6844069879502058,0.4383154511451721,0.9991340041160583,0.9999997615814209,0.9673795104026794,0.017206212505698204
3c0ad6a4-10d6-11f1-b2c7-ac1f6b417054_label_fake.npz,Fake,Deepfake,0.7453998744487763,0.5689817667007446,0.9988331198692322,0.9999994039535522,0.7653011083602905,0.39388397336006165
f3407e78-10d1-11f1-b2c7-ac1f6b417054_label_fake.npz,Fake,Deepfake,0.7925819575786591,0.6762332320213318,0.9988517761230469,1.0,0.9790388941764832,0.30878588557243347
87f19614-10d8-11f1-b2c7-ac1f6b417054_label_fake.npz,Fake,Deepfake,0.7504996478557587,0.6165066957473755,0.9972495436668396,1.0,0.9747231602668762,0.16401883959770203
afcdfb7a-10d6-11f1-b2c7-ac1f6b417054_label_fake.npz,Fake,Deepfake,0.705686104297638,0.3349533975124359,0.9996262788772583,1.0,0.898639440536499,0.29521140456199646
5991d57e-10d6-11f1-b2c7-ac1f6b417054_label_fake.npz,Fake,Deepfake,0.6124839641153813,0.11575007438659668,0.9992340803146362,1.0,0.88893061876297,0.05850504711270332
3b380620-10d1-11f1-b2c7-ac1f6b417054_label_fake.npz,Fake,Deepfake,0.7768929362297059,0.37319934368133545,0.9797009229660034,0.9999998807907104,0.9401938319206238,0.591370701789856
2b62ccec-10d3-11f1-b2c7-ac1f6b417054_label_fake.npz,Fake,Deepfake,0.8311406850814819,0.5679031610488892,0.9999991655349731,0.9999998807907104,0.9396979808807373,0.6481032371520996
788f3e6a-10d8-11f1-b2c7-ac1f6b417054_label_fake.npz,Fake,Deepfake,0.630241420865059,0.40233898162841797,0.9999939203262329,1.0,0.6393334865570068,0.10954071581363678
137c2aaa-10d9-11f1-b2c7-ac1f6b417054_label_fake.npz,Fake,Deepfake,0.6983026176691055,0.3447737395763397,0.9984169006347656,1.0,0.9270037412643433,0.22131870687007904
dec90652-10d3-11f1-b2c7-ac1f6b417054_label_fake.npz,Fake,Deepfake,0.8059796988964082,0.5680004358291626,0.9932736158370972,1.0,0.9709503650665283,0.4976740777492523
98762110-10d0-11f1-b2c7-ac1f6b417054_label_fake.npz,Fake,Deepfake,0.6389465436339379,0.07321230322122574,0.998399555683136,0.999932050704956,0.9502833485603333,0.17290546000003815
76d2f780-10d1-11f1-b2c7-ac1f6b417054_label_fake.npz,Fake,Deepfake,0.7044151067733765,0.4447048306465149,0.9999783039093018,1.0,0.9794521331787109,0.09794026613235474
9670db8e-10d6-11f1-b2c7-ac1f6b417054_label_fake.npz,Fake,Deepfake,0.7315579235553741,0.4357530176639557,0.9999018907546997,1.0,0.9302514791488647,0.2918832302093506
72c82446-10d4-11f1-b2c7-ac1f6b417054_label_fake.npz,Fake,Deepfake,0.6483804032206536,0.2612491250038147,0.9899783134460449,1.0,0.9070983529090881,0.08357622474431992
ee024bd4-10d2-11f1-b2c7-ac1f6b417054_label_fake.npz,Fake,Deepfake,0.6328912958502769,0.10958490520715714,0.9988962411880493,1.0,0.9765810966491699,0.07939423620700836
d94621e4-10d6-11f1-b2c7-ac1f6b417054_label_fake.npz,Fake,Deepfake,0.47570903152227406,0.21975712478160858,0.998482882976532,0.06543827801942825,0.9773463606834412,0.11752051115036011
e8bffa4a-10d2-11f1-b2c7-ac1f6b417054_label_fake.npz,Fake,Deepfake,0.6209895811975003,0.11869137734174728,0.9986550807952881,0.9997468590736389,0.9535638689994812,0.03429071977734566
c929f326-10d6-11f1-b2c7-ac1f6b417054_label_fake.npz,Fake,Deepfake,0.594471436738968,0.4506038725376129,0.9997648596763611,1.0,0.07622560858726501,0.44576284289360046
e41d81c2-10d4-11f1-b2c7-ac1f6b417054_label_fake.npz,Fake,Deepfake,0.7722347497940063,0.6021977663040161,0.9998447895050049,0.9997267127037048,0.8910924792289734,0.3683120012283325
8f777fc6-10d2-11f1-b2c7-ac1f6b417054_label_fake.npz,Fake,Deepfake,0.6580543912947179,0.27377188205718994,0.9994261264801025,1.0,0.9786880016326904,0.03838594630360603
ee558a0e-10d4-11f1-b2c7-ac1f6b417054_label_fake.npz,Fake,Deepfake,0.6707296356558801,0.2769796550273895,0.9968659281730652,0.9999996423721313,0.9898948073387146,0.08990814536809921
92305b64-10d4-11f1-b2c7-ac1f6b417054_label_fake.npz,Fake,Deepfake,0.7457504242658615,0.2417808622121811,0.9974651336669922,1.0,0.9622595310211182,0.5272465944290161
60c18eb2-10d5-11f1-b2c7-ac1f6b417054_label_fake.npz,Fake,Deepfake,0.8138088822364808,0.6462284326553345,0.9993477463722229,1.0,0.8585579991340637,0.5649102330207825
56b299dc-10d2-11f1-b2c7-ac1f6b417054_label_fake.npz,Fake,Deepfake,0.5688592821359635,0.2745542526245117,0.9860010743141174,1.0,0.12616024911403656,0.4575808346271515
4ae08e26-10d6-11f1-b2c7-ac1f6b417054_label_fake.npz,Fake,Deepfake,0.6408676125109196,0.1898564100265503,0.9988842606544495,0.9999899864196777,0.9562699198722839,0.05933748558163643
3fb54598-10d4-11f1-b2c7-ac1f6b417054_label_fake.npz,Fake,Deepfake,0.709601253271103,0.17844492197036743,0.9895826578140259,0.9999995231628418,0.9513260126113892,0.42865315079689026
70c69352-10d5-11f1-b2c7-ac1f6b417054_label_fake.npz,Fake,Deepfake,0.7916849672794342,0.5670410990715027,0.9979333877563477,1.0,0.9846751093864441,0.4087752401828766
69871542-10d7-11f1-b2c7-ac1f6b417054_label_fake.npz,Fake,Deepfake,0.743349838256836,0.6135851740837097,0.980527400970459,1.0,0.5021187663078308,0.6205178499221802
d35e5018-10d0-11f1-b2c7-ac1f6b417054_label_fake.npz,Fake,Deepfake,0.6601032704114913,0.19024257361888885,0.9962738752365112,1.0,0.9472880363464355,0.16671186685562134
6f551fae-10d3-11f1-b2c7-ac1f6b417054_label_fake.npz,Fake,Deepfake,0.8224329590797426,0.7690896987915039,0.9910242557525635,1.0,0.9838723540306091,0.36817848682403564
