filepath,ground_truth,system_verdict,final_score,score_Visual (Spatial),score_Audio (Mel+CNN),score_Audio Forensics (ECAPA),score_Cross-Modal (Lip-Sync),score_Facial Biometric (Quality)
38499_grune_haus_02_f000079_label_fake.npz,Fake,Deepfake,0.4193244092166423,0.07479124516248703,0.9235107898712158,1.0,0.013739760965108871,0.08458025008440018
55049_napoleonenchamartin_02_perezgaldos_f000007_label_fake.npz,Fake,Deepfake,0.3604332934133709,0.07013104856014252,0.7109529376029968,1.0,0.01592973619699478,0.005152744706720114
07919_common_voice_ru_30893143_label_fake.npz,Fake,Real,0.2992612078785897,0.0714133083820343,0.39682644605636597,1.0,0.01835837960243225,0.009707905352115631
455_common_voice_ru_19224207_label_fake.npz,Fake,Real,0.2451548628509045,0.16090042889118195,0.029725629836320877,0.9997724890708923,0.0283120796084404,0.007063686847686768
50535_corte_de_carlos_iv_01_perezgaldos_f000011_label_fake.npz,Fake,Deepfake,0.39894847706891595,0.0657409206032753,0.9131357073783875,0.9999932050704956,0.01427866518497467,0.0015938871074467897
50901_6Z85idbdV4g_33_label_fake.npz,Fake,Real,0.06786598114568676,0.06378339976072311,0.2565878629684448,1.0259877569751552e-07,0.01672091707587242,0.0022376233246177435
45440_trafalgar_02_perezgaldos_f000020_label_fake.npz,Fake,Deepfake,0.4497667545918375,0.08188308775424957,0.9993810653686523,1.0,0.16497717797756195,0.0025924418587237597
25732_tom_sawyer_01_f000097_label_fake.npz,Fake,Real,0.24957020822912457,0.058057814836502075,0.14509449899196625,1.0,0.04030587524175644,0.004392852075397968
40209_common_voice_en_21927584_label_fake.npz,Fake,Deepfake,0.36712446548044686,0.07919154316186905,0.7440367341041565,0.9800515174865723,0.017281929031014442,0.015060603618621826
51047_common_voice_en_21884994_label_fake.npz,Fake,Deepfake,0.4065359458327294,0.09609130769968033,0.87962806224823,0.9995819926261902,0.0448232963681221,0.012555070221424103
19_common_voice_ro_21375852_label_fake.npz,Fake,Real,0.30540297701954844,0.07694879174232483,0.415448397397995,1.0,0.02664751186966896,0.007970184087753296
01693_common_voice_en_27391104_label_fake.npz,Fake,Real,0.2524062864016742,0.059652265161275864,0.181517094373703,1.0,0.01809629425406456,0.0027657782193273306
28090_common_voice_en_17275334_label_fake.npz,Fake,Real,0.2245673497207463,0.06792869418859482,0.02481411211192608,0.998521625995636,0.027600610628724098,0.003971705678850412
218_common_voice_ro_20795709_label_fake.npz,Fake,Deepfake,0.46545616835355763,0.0884641781449318,0.7688865661621094,0.9951796531677246,0.375240296125412,0.09951014816761017
67719_4wAB59TPj9o_23_label_fake.npz,Fake,Real,0.029834177717566492,0.053257618099451065,0.04803448170423508,0.02629733644425869,0.01262475922703743,0.00895669311285019
63727_maerchen_001_f000090_label_fake.npz,Fake,Real,0.22970970980823044,0.08130934834480286,0.03921312838792801,0.9949637651443481,0.026607170701026917,0.006455136463046074
16616_common_voice_ru_18911050_label_fake.npz,Fake,Real,0.2713008187711239,0.06190246343612671,0.24005448818206787,0.9979256391525269,0.03478429839015007,0.021837204694747925
42469_eneida_01_virgilio_f000125_label_fake.npz,Fake,Real,0.24809831155900638,0.07570674270391464,0.9686293601989746,1.0051153509493815e-07,0.04675537347793579,0.14939998090267181
48133_grune_haus_06_f000034_label_fake.npz,Fake,Deepfake,0.41862059561535725,0.07245852053165436,0.9897477626800537,1.0,0.026037821546196938,0.004858873318880796
64951_eneida_02_virgilio_f000036_label_fake.npz,Fake,Real,0.21519434861838818,0.07180709391832352,0.9517702460289001,0.004150012042373419,0.04240534454584122,0.005839046556502581
52725_grune_haus_06_f000006_label_fake.npz,Fake,Deepfake,0.40963216787204154,0.0708027184009552,0.9564871788024902,1.0,0.015224402770400047,0.005646539386361837
45077_corte_de_carlos_iv_01_perezgaldos_f000086_label_fake.npz,Fake,Deepfake,0.41048255506902936,0.06515704095363617,0.999834418296814,0.9687042832374573,0.009189052507281303,0.009527980349957943
44527_eneida_01_virgilio_f000083_label_fake.npz,Fake,Real,0.06876276097735286,0.07431253045797348,0.2426658719778061,3.017256915427424e-07,0.014126411639153957,0.012708689086139202
55740_20090401-0900-PLENARY-14-ro_20090401-19_34_15_6_label_fake.npz,Fake,Real,0.29644837528467183,0.06653352826833725,0.36474326252937317,1.0,0.021197985857725143,0.029767099767923355
01710_common_voice_zh-CN_18772227_label_fake.npz,Fake,Real,0.32155495658516886,0.06801265478134155,0.27264630794525146,1.0,0.26238691806793213,0.004728902131319046
42303_cuentosclasicosprimera_02_poe_f000260_label_fake.npz,Fake,Real,0.22639516014605762,0.06505732238292694,0.009019528515636921,0.9999276399612427,0.05074506625533104,0.007226243615150452
08909_common_voice_zh-CN_33572552_label_fake.npz,Fake,Real,0.24566447287797927,0.06268908828496933,0.14788779616355896,0.9998999834060669,0.01164131797850132,0.006204178556799889
30041_altehaus_001_f000013_label_fake.npz,Fake,Deepfake,0.42110043540596964,0.07598414272069931,0.9991249442100525,1.0,0.016464460641145706,0.013928629457950592
02188_napoleonenchamartin_01_perezgaldos_f000056_label_fake.npz,Fake,Deepfake,0.42909783124923706,0.06931362301111221,0.9938649535179138,1.0,0.06637062877416611,0.015939950942993164
03307_Die_Kanzlerin_direkt_10_13_f000012_label_fake.npz,Fake,Real,0.03455714797601104,0.06456524133682251,0.01460820809006691,0.06402141600847244,0.023672571405768394,0.0059183030389249325
27995_maerchen_001_f000018_label_fake.npz,Fake,Real,0.25233717933297156,0.08910726755857468,0.11592929065227509,0.9987840056419373,0.03507580980658531,0.022789523005485535
48752_common_voice_ru_20215548_label_fake.npz,Fake,Real,0.3324502292554825,0.08168363571166992,0.5546385049819946,0.9977031350135803,0.02486671507358551,0.003359155496582389
55875_common_voice_en_25162864_label_fake.npz,Fake,Real,0.26300339344888923,0.07650604099035263,0.32011616230010986,0.8729942440986633,0.039716970175504684,0.005683549679815769
63221_common_voice_zh-CN_24189773_label_fake.npz,Fake,Deepfake,0.4170894291251898,0.06364370882511139,0.9977311491966248,1.0,0.018180113285779953,0.005892174318432808
07729_common_voice_en_194207_label_fake.npz,Fake,Real,0.31890475228428844,0.4427662789821625,0.5280607342720032,0.14669233560562134,0.023905638605356216,0.45309877395629883
42888_common_voice_zh-CN_21162638_label_fake.npz,Fake,Deepfake,0.440545416623354,0.4873931407928467,0.46785426139831543,0.9880018830299377,0.04146570339798927,0.21801209449768066
65157_tom_sawyer_01_f000169_label_fake.npz,Fake,Real,0.21810547048226,0.06302984058856964,0.008136356249451637,0.9999998807907104,0.012015324085950851,0.007345950696617365
229_common_voice_zh-CN_20924551_label_fake.npz,Fake,Real,0.2545719929039479,0.09315307438373566,0.1370006501674652,1.0,0.03695341572165489,0.005752824246883392
28180_grune_haus_06_f000057_label_fake.npz,Fake,Deepfake,0.4176994427107275,0.07290129363536835,0.9873484373092651,0.9995366334915161,0.023972287774086,0.0047385613434016705
59775_common_voice_en_19181726_label_fake.npz,Fake,Deepfake,0.3856512396596372,0.059850119054317474,0.8417143821716309,1.0,0.02214062213897705,0.004551074933260679
51555_angelina_05_delgado_f000014_label_fake.npz,Fake,Real,0.096910171629861,0.070175901055336,0.002140179742127657,0.39635998010635376,0.012261287309229374,0.003613509936258197
380_common_voice_ru_18928082_label_fake.npz,Fake,Real,0.153097868419718,0.3156484365463257,0.13979142904281616,0.000303309818264097,0.03045671246945858,0.27928945422172546
01918_common_voice_ro_25871068_label_fake.npz,Fake,Real,0.22080555399879817,0.08113663643598557,0.055234137922525406,0.9250112771987915,0.03712359070777893,0.005522127728909254
68822_common_voice_en_692477_label_fake.npz,Fake,Real,0.2923816587775946,0.09360184520483017,0.32862764596939087,0.9999998807907104,0.011363508179783821,0.028315413743257523
11398_common_voice_ru_19563811_label_fake.npz,Fake,Real,0.2792006863281131,0.060154326260089874,0.2928588390350342,0.9999934434890747,0.012746219523251057,0.030250603333115578
01058_common_voice_ru_21383279_label_fake.npz,Fake,Real,0.30993749676272275,0.037436652928590775,0.4577811062335968,0.9990037083625793,0.0483415350317955,0.0071244812570512295
69714_Die_Kanzlerin_direkt_04_08_f000002_label_fake.npz,Fake,Real,0.23070609681308274,0.08661635220050812,0.019152550026774406,0.969648003578186,0.03137633576989174,0.04673724249005318
39616_grune_haus_02_f000064_label_fake.npz,Fake,Deepfake,0.5068464934825897,0.20044554769992828,0.9588080644607544,1.0,0.27252379059791565,0.10245506465435028
28378_common_voice_en_617035_label_fake.npz,Fake,Deepfake,0.3633971201255918,0.06744111329317093,0.7145929336547852,0.9998912811279297,0.02859221212565899,0.006468060426414013
00906_YcyrVvEc7tg_4_label_fake.npz,Fake,Real,0.09877037338655441,0.07388181984424591,0.3651338815689087,6.741490210515622e-08,0.03183000534772873,0.023006092756986618
55777_common_voice_zh-CN_28529274_label_fake.npz,Fake,Deepfake,0.4188441185280681,0.052490945905447006,0.9992852807044983,1.0,0.03174624592065811,0.01069812010973692
15283_common_voice_ru_39980170_label_fake.npz,Fake,Real,0.1950009438209236,0.06311917304992676,0.3618496358394623,0.5268882513046265,0.021424980834126472,0.0017226780764758587
03814_common_voice_ru_31379530_label_fake.npz,Fake,Real,0.023070650780573486,0.06575089693069458,0.0026900391094386578,0.003697057021781802,0.03771384805440903,0.005501412786543369
60_common_voice_zh-CN_33289763_label_fake.npz,Fake,Real,0.26601772774010896,0.08124762773513794,0.06041916087269783,0.9999980926513672,0.1842365264892578,0.0041872309520840645
41301_common_voice_zh-CN_27175443_label_fake.npz,Fake,Real,0.24831515830010176,0.06052684038877487,0.1146351546049118,0.999998927116394,0.05778460577130318,0.00863026361912489
23140_common_voice_zh-CN_22108033_label_fake.npz,Fake,Real,0.2598095643799752,0.06976781040430069,0.20621253550052643,1.0,0.019738292321562767,0.0033291836734861135
20111_common_voice_en_25549545_label_fake.npz,Fake,Real,0.283639376424253,0.03324529528617859,0.35549306869506836,0.999818742275238,0.02136470563709736,0.00827507022768259
62670_common_voice_zh-CN_22182531_label_fake.npz,Fake,Deepfake,0.40908599253743894,0.06748458743095398,0.9600421190261841,1.0,0.01319175586104393,0.004711500369012356
42949_common_voice_ru_32987179_label_fake.npz,Fake,Real,0.1017614772543311,0.06847114115953445,0.36822348833084106,0.041192907840013504,0.022431986406445503,0.008487862534821033
42446_20100907-0900-PLENARY-8-ro_20100907-15_52_49_6_label_fake.npz,Fake,Real,0.2577143791131675,0.0737915113568306,0.19516673684120178,0.999566376209259,0.015884894877672195,0.004162376280874014
19345_common_voice_en_36887059_label_fake.npz,Fake,Real,0.3319350952282548,0.06377294659614563,0.7633827328681946,0.8071145415306091,0.011701757088303566,0.013703498058021069
58693_napoleonenchamartin_01_perezgaldos_f000001_label_fake.npz,Fake,Deepfake,0.3771258435212076,0.058720577508211136,0.7997020483016968,1.0,0.024494871497154236,0.002711720298975706
52599_cuentosclasicosprimera_00_poe_f000092_label_fake.npz,Fake,Real,0.2435449722222984,0.0760471448302269,0.1180942952632904,0.9934887886047363,0.024361656978726387,0.0057329754345119
65873_common_voice_ru_31912470_label_fake.npz,Fake,Real,0.22024083146825432,0.06905517727136612,0.014729797840118408,0.9999996423721313,0.013035296462476254,0.00438424339517951
36479_common_voice_es_21938830_label_fake.npz,Fake,Real,0.15977792441844943,0.06579294800758362,0.43030595779418945,0.28466618061065674,0.013119399547576904,0.005005136132240295
24236_20191217-0900-PLENARY-ro_20191217-21_02_31_4_label_fake.npz,Fake,Real,0.33025181442499163,0.0643695667386055,0.5477156043052673,0.9999972581863403,0.020710373297333717,0.018466269597411156
02606_common_voice_ru_23683855_label_fake.npz,Fake,Real,0.11366945635527373,0.0640697106719017,0.22605977952480316,0.2197818160057068,0.046303462237119675,0.012132513336837292
21878_common_voice_zh-CN_18848652_label_fake.npz,Fake,Real,0.04182584630325437,0.059435851871967316,0.12701207399368286,0.002284860936924815,0.0168371070176363,0.0035593376960605383
26649_cuentosclasicosprimera_02_poe_f000293_label_fake.npz,Fake,Real,0.2268160779029131,0.06549810618162155,0.030005207285284996,0.9999768733978271,0.035134632140398026,0.0034655705094337463
104_common_voice_zh-CN_22106031_label_fake.npz,Fake,Real,0.024423337477492167,0.08315136283636093,0.0058030602522194386,3.3842079574242234e-05,0.026191888377070427,0.006936533842235804
363_common_voice_zh-CN_22430473_label_fake.npz,Fake,Real,0.17489277585409585,0.08467137068510056,0.746174156665802,0.0023914852645248175,0.035132478922605515,0.006094387732446194
47739_common_voice_ru_19535263_label_fake.npz,Fake,Real,0.1321154035627842,0.06696011126041412,0.020091278478503227,0.5536839962005615,0.011962812393903732,0.007878819480538368
268_common_voice_zh-CN_22214492_label_fake.npz,Fake,Real,0.2473876086995006,0.07196094840765,0.10966434329748154,0.9999969005584717,0.04121657833456993,0.014099272899329662
04286_common_voice_en_9347172_label_fake.npz,Fake,Real,0.07341251301768353,0.0648004561662674,0.2717120051383972,4.632320269593038e-05,0.026108071208000183,0.004395709373056889
01391_common_voice_ru_19787771_label_fake.npz,Fake,Real,0.22557534240186217,0.06797578930854797,0.03589634224772453,0.9998645782470703,0.020013244822621346,0.004126757383346558
00008_eneida_01_virgilio_f000082_label_fake.npz,Fake,Real,0.20668019402073698,0.05213812738656998,0.953496515750885,0.0006136131123639643,0.02391744591295719,0.0032352679409086704
40142_common_voice_zh-CN_22182533_label_fake.npz,Fake,Deepfake,0.413703343551606,0.05404393747448921,0.9958502054214478,0.9999678134918213,0.015842797234654427,0.0028119641356170177
02241_common_voice_ru_20423210_label_fake.npz,Fake,Real,0.3067032922059298,0.0740623027086258,0.053531575947999954,0.9992823004722595,0.3979659676551819,0.008674314245581627
30575_common_voice_zh-CN_22148405_label_fake.npz,Fake,Deepfake,0.4167377040721476,0.06689044833183289,0.9985969662666321,0.9999997615814209,0.01125315297394991,0.0069481912069022655
472_common_voice_zh-CN_20987268_label_fake.npz,Fake,Real,0.25449790973216296,0.0795121118426323,0.15283308923244476,0.9997350573539734,0.033049020916223526,0.0073602693155407906
180_common_voice_ru_22459380_label_fake.npz,Fake,Real,0.21340785380452873,0.07277672737836838,0.011874064803123474,0.937186062335968,0.036626920104026794,0.008575494401156902
370_common_voice_ru_18903357_label_fake.npz,Fake,Real,0.055232618602167355,0.08083539456129074,0.12386099994182587,1.6111145669128746e-05,0.025404099375009537,0.04604648798704147
35542_common_voice_en_657717_label_fake.npz,Fake,Deepfake,0.414744972344488,0.07128935307264328,0.9010903835296631,1.0,0.09573540091514587,0.0056097242049872875
03252_common_voice_zh-CN_22045349_label_fake.npz,Fake,Deepfake,0.4276514084544033,0.07080074399709702,0.9921566247940063,1.0,0.07198122888803482,0.0033184445928782225
41133_common_voice_en_23705069_label_fake.npz,Fake,Real,0.3063753579743207,0.07795459032058716,0.4371151924133301,0.9999955892562866,0.009646809659898281,0.007164608221501112
02220_common_voice_zh-CN_22058050_label_fake.npz,Fake,Deepfake,0.41296257982030515,0.061587732285261154,0.9817934036254883,0.9999881982803345,0.015481837093830109,0.005961727816611528
64368_cuentosclasicosprimera_02_poe_f000311_label_fake.npz,Fake,Real,0.02513938315755695,0.06831558793783188,0.027898548170924187,1.286427959712455e-07,0.02360193431377411,0.005880716722458601
41610_napoleonenchamartin_01_perezgaldos_f000039_label_fake.npz,Fake,Deepfake,0.42243980616331106,0.0773303434252739,0.9966057538986206,0.9999803304672241,0.03157055377960205,0.006712049245834351
00732_common_voice_ru_30612462_label_fake.npz,Fake,Real,0.2304413503967226,0.07737041264772415,0.05580052360892296,0.9869648218154907,0.027727115899324417,0.004343878012150526
64799_eneida_01_virgilio_f000099_label_fake.npz,Fake,Real,0.1659348026406146,0.1053638681769371,0.6550878286361694,1.7007875996455368e-08,0.0239811260253191,0.04524117335677147
56599_common_voice_ru_19091488_label_fake.npz,Fake,Real,0.32447436414659026,0.06378011405467987,0.5397502183914185,0.9999994039535522,0.01587359793484211,0.002968486398458481
48582_common_voice_en_22021327_label_fake.npz,Fake,Deepfake,0.409934264048934,0.05183175206184387,0.9579094052314758,0.999434769153595,0.031911831349134445,0.008583562448620796
05205_common_voice_en_35160780_label_fake.npz,Fake,Deepfake,0.40403444916009906,0.093380406498909,0.9043514132499695,0.9932675361633301,0.014996225014328957,0.014176664873957634
00763_common_voice_ru_19644651_label_fake.npz,Fake,Deepfake,0.35966148786246777,0.07787393778562546,0.6841019988059998,0.9860953688621521,0.024144336581230164,0.026091797277331352
69071_altehaus_001_f000129_label_fake.npz,Fake,Deepfake,0.41761455796658997,0.07240566611289978,0.9846183657646179,1.0,0.02066008187830448,0.010388676077127457
48026_common_voice_zh-CN_33650304_label_fake.npz,Fake,Real,0.2505758052691817,0.08515769988298416,0.13129645586013794,1.0,0.02649296633899212,0.009931904263794422
the_sea_fairies_06_f000024_98_label_fake.npz,Fake,Deepfake,0.3593371235765517,0.05543234571814537,0.72254878282547,1.0,0.014574934728443623,0.004129554610699415
16380_common_voice_zh-CN_33120856_label_fake.npz,Fake,Real,0.26194801032543186,0.07029824703931808,0.13233539462089539,0.9999992847442627,0.10169941931962967,0.005407705903053284
the_sea_fairies_21_f000011_31_label_fake.npz,Fake,Real,0.347818847745657,0.07678200304508209,0.5880340337753296,0.9998310804367065,0.036955274641513824,0.037491846829652786
common_voice_es_22789207_52_label_fake.npz,Fake,Real,0.3285780505277217,0.072659432888031,0.5461618304252625,1.0,0.018468471243977547,0.0056005180813372135
02636_common_voice_ro_21398533_label_fake.npz,Fake,Deepfake,0.42283988501876596,0.08848182111978531,0.9884025454521179,1.0,0.029572825878858566,0.007742232643067837
03695_common_voice_ru_20441774_label_fake.npz,Fake,Real,0.2745495712384582,0.0632096454501152,0.28128114342689514,0.999988317489624,0.02333061583340168,0.004938133992254734
common_voice_es_19463699_60_label_fake.npz,Fake,Real,0.17946251472458247,0.07091075927019119,0.06628480553627014,0.7336559295654297,0.019231554120779037,0.007229525130242109
midnight_passenger_04_f000106_34_label_fake.npz,Fake,Real,0.28851704820990565,0.06672833859920502,0.3517823815345764,0.9999997615814209,0.015517241321504116,0.008557518012821674
08833_corte_de_carlos_iv_01_perezgaldos_f000091_label_fake.npz,Fake,Real,0.22788067758083344,0.06948965787887573,0.9527859091758728,0.07706055045127869,0.0342666357755661,0.0058006346225738525
20628_common_voice_en_622919_label_fake.npz,Fake,Real,0.3236692186444998,0.07309219986200333,0.5008765459060669,1.0,0.02796008810400963,0.016417259350419044
00742_common_voice_en_619651_label_fake.npz,Fake,Real,0.3407313605770469,0.07507288455963135,0.5473085045814514,0.9999998807907104,0.07107648998498917,0.010199042968451977
common_voice_es_20573827_80_label_fake.npz,Fake,Real,0.17610814739018676,0.06663797795772552,0.14269216358661652,0.6447978615760803,0.02137097157537937,0.005041762255132198
the_sea_fairies_06_f000022_10_label_fake.npz,Fake,Deepfake,0.4259681567549706,0.07739930599927902,0.5331643223762512,1.0,0.3730679452419281,0.1462092101573944
skyisland_08_baum_64kb_f000043_7_label_fake.npz,Fake,Deepfake,0.37651203889399765,0.06244460865855217,0.797886073589325,1.0,0.019525056704878807,0.002704455517232418
common_voice_es_22464455_87_label_fake.npz,Fake,Real,0.2352727313525975,0.06631647050380707,0.08694129437208176,0.9999806880950928,0.01882329210639,0.004301911685615778
common_voice_es_34574606_83_label_fake.npz,Fake,Real,0.2553772086277604,0.06190718337893486,0.19046664237976074,0.9999769926071167,0.019096214324235916,0.005439010448753834
common_voice_es_20573962_49_label_fake.npz,Fake,Real,0.23714591450989247,0.06735371053218842,0.23848606646060944,0.842930793762207,0.02685411460697651,0.010104887187480927
28132_common_voice_ru_23718532_label_fake.npz,Fake,Real,0.027848528524918946,0.07330869883298874,0.04175245016813278,6.352697528200224e-05,0.020445019006729126,0.0036729476414620876
51434_common_voice_zh-CN_33367559_label_fake.npz,Fake,Deepfake,0.43634116156026725,0.06507065892219543,0.9987661838531494,1.0,0.11491601914167404,0.0029529458843171597
poisoned_pen_03_f000103_30_label_fake.npz,Fake,Deepfake,0.3951246628537774,0.06373412162065506,0.8791605234146118,1.0,0.01832164265215397,0.014407026581466198
03333_common_voice_zh-CN_19153231_label_fake.npz,Fake,Real,0.09157325997948648,0.07472196221351624,0.33099812269210815,0.013610429130494595,0.025895172730088234,0.012640613131225109
47767_common_voice_zh-CN_22971010_label_fake.npz,Fake,Real,0.2633912002667785,0.07013462483882904,0.22805923223495483,0.999171257019043,0.016098827123641968,0.0034920601174235344
14222_common_voice_en_27570930_label_fake.npz,Fake,Real,0.23374903928488497,0.06968778371810913,0.07398829609155655,0.9999998807907104,0.019419649615883827,0.005649586208164692
52896_common_voice_ru_20474938_label_fake.npz,Fake,Real,0.20203721150755882,0.07404149323701859,0.3605012893676758,0.5511676073074341,0.01857973262667656,0.005895934998989105
04145_common_voice_ru_19245841_label_fake.npz,Fake,Real,0.05221693686862295,0.06609909981489182,0.17549702525138855,2.0349772977823477e-09,0.011691048741340637,0.007797508500516415
50175_common_voice_ru_21813270_label_fake.npz,Fake,Real,0.22936477828770874,0.0693136677145958,0.22298778593540192,0.824662446975708,0.017926812171936035,0.011933178640902042
the_sea_fairies_20_f000133_18_label_fake.npz,Fake,Deepfake,0.36795705799013373,0.06972523778676987,0.737844705581665,0.9997233748435974,0.014540662057697773,0.01795130968093872
03909_common_voice_ru_19775676_label_fake.npz,Fake,Real,0.25033806823194027,0.07402879744768143,0.13140001893043518,0.9999966621398926,0.02536686137318611,0.02089800126850605
47735_common_voice_zh-CN_22208681_label_fake.npz,Fake,Deepfake,0.416691037453711,0.06820367276668549,0.9272066354751587,0.9865807294845581,0.09557601064443588,0.005888138897716999
49014_common_voice_en_21932725_label_fake.npz,Fake,Real,0.28814118402078753,0.06965409964323044,0.3479476273059845,1.0,0.01795531064271927,0.005148882512003183
common_voice_es_33934431_38_label_fake.npz,Fake,Real,0.2727410146035254,0.08262278884649277,0.2538953125476837,1.0,0.021369248628616333,0.005817722994834185
common_voice_es_18849612_32_label_fake.npz,Fake,Real,0.2724036470986903,0.07499755918979645,0.3103207051753998,0.956243097782135,0.014306060038506985,0.006150813307613134
20477_common_voice_zh-CN_22185632_label_fake.npz,Fake,Deepfake,0.4162011961452663,0.06707360595464706,0.9989479184150696,1.0,0.010456226766109467,0.0045282295905053616
common_voice_es_34408824_67_label_fake.npz,Fake,Real,0.2598028173670173,0.05603557080030441,0.21249458193778992,0.9999709129333496,0.01378860604017973,0.016724415123462677
01677_common_voice_ru_25114540_label_fake.npz,Fake,Real,0.24485894348472356,0.1091734915971756,0.018123392015695572,1.0,0.08307740092277527,0.013920432887971401
common_voice_es_19489690_1_label_fake.npz,Fake,Real,0.21895636096596718,0.06967771053314209,0.19043651223182678,0.8061334490776062,0.013581172563135624,0.014952960424125195
16919_common_voice_en_692178_label_fake.npz,Fake,Deepfake,0.45640658214688307,0.07175067812204361,0.7363297939300537,1.0,0.45359867811203003,0.020353760570287704
38871__IJo8qTTOmc_24_label_fake.npz,Fake,Real,0.20072853576712077,0.07346480339765549,0.8915131092071533,7.637419912498444e-06,0.03312043473124504,0.0055366940796375275
46552_common_voice_en_35168941_label_fake.npz,Fake,Real,0.2928411464206875,0.0720508024096489,0.34773433208465576,0.9999929666519165,0.04132334887981415,0.0031042820774018764
08494_common_voice_zh-CN_18670824_label_fake.npz,Fake,Deepfake,0.4268914699554443,0.08160490542650223,0.9999885559082031,1.0,0.028257669880986214,0.024606218561530113
225_common_voice_zh-CN_33384764_label_fake.npz,Fake,Real,0.33414883185178046,0.0736042708158493,0.5588470101356506,1.0,0.033727239817380905,0.004565638490021229
06784_corte_de_carlos_iv_02_perezgaldos_f000037_label_fake.npz,Fake,Deepfake,0.41849424205720426,0.07990644127130508,0.9716283679008484,0.9980119466781616,0.01621684990823269,0.02670760452747345
75_common_voice_zh-CN_33289582_label_fake.npz,Fake,Real,0.2791439384222031,0.0991937592625618,0.07097874581813812,0.9999966621398926,0.16193580627441406,0.06361471861600876
31550_angelina_01_delgado_f000055_label_fake.npz,Fake,Real,0.24294499829411506,0.07476706802845001,0.07963699102401733,0.9710822105407715,0.027581125497817993,0.06165759637951851
71_common_voice_ru_21632430_label_fake.npz,Fake,Real,0.08215732767566807,0.06932421028614044,0.2767098546028137,6.112304254202172e-05,0.05517268180847168,0.009518768638372421
55550_20100706-0900-PLENARY-13-ro_20100706-21_12_41_0_label_fake.npz,Fake,Real,0.24718160703778266,0.08770934492349625,0.9203468561172485,0.2015976756811142,0.021282654255628586,0.004971504211425781
northandsouth_35_f000069_91_label_fake.npz,Fake,Real,0.27162945326417687,0.06884270161390305,0.25260356068611145,1.0,0.031925372779369354,0.004775631241500378
common_voice_zh-CN_18659747_31_label_fake.npz,Fake,Real,0.2214523477479816,0.07289333641529083,0.24083149433135986,0.7709313631057739,0.014016530476510525,0.008589014410972595
pNogULi28gs_84_2_label_fake.npz,Fake,Deepfake,0.428353076428175,0.09808667749166489,0.9630252718925476,0.9951720833778381,0.05712709203362465,0.028354257345199585
common_voice_zh-CN_19877960_52_label_fake.npz,Fake,Real,0.26935283979401,0.05117443948984146,0.2583011984825134,0.999994158744812,0.029874488711357117,0.007419913541525602
common_voice_zh-CN_22196235_71_label_fake.npz,Fake,Deepfake,0.41529764095321303,0.04061965271830559,0.9964106678962708,1.0,0.03275573253631592,0.006702151615172625
common_voice_ru_31471414_81_label_fake.npz,Fake,Real,0.3033312391489744,0.07733900845050812,0.40007731318473816,0.9999997615814209,0.027103079482913017,0.0121370330452919
common_voice_zh-CN_20052896_64_label_fake.npz,Fake,Deepfake,0.41488180439919237,0.06491683423519135,0.9870207905769348,0.998526930809021,0.014524203725159168,0.009420262649655342
common_voice_zh-CN_32518525_32_label_fake.npz,Fake,Deepfake,0.41380316969007264,0.060751646757125854,0.9873607158660889,1.0,0.017140958458185196,0.0037625273689627647
common_voice_zh-CN_18997270_54_label_fake.npz,Fake,Deepfake,0.419143268186599,0.06655561178922653,0.9508140087127686,1.0,0.07197844982147217,0.006368270609527826
common_voice_zh-CN_22151783_29_label_fake.npz,Fake,Deepfake,0.4193972807377577,0.07363320142030716,0.9969565868377686,1.0,0.018125014379620552,0.008271601051092148
common_voice_ru_19085433_38_label_fake.npz,Fake,Real,0.11807911694049836,0.03198666870594025,0.517542839050293,0.01727648638188839,0.01121962908655405,0.012369961477816105
common_voice_zh-CN_18772048_17_label_fake.npz,Fake,Deepfake,0.4159992123022676,0.06973577290773392,0.986809253692627,1.0,0.01761511340737343,0.005835921503603458
common_voice_zh-CN_18978530_92_label_fake.npz,Fake,Real,0.22830648068338633,0.06928667426109314,0.028086142614483833,1.0,0.036557216197252274,0.007602370344102383
y5Ya3RMsmAE_5_33_label_fake.npz,Fake,Real,0.08037796001599805,0.07206836342811584,0.29521405696868896,3.711212448465062e-09,0.01968962699174881,0.014917748980224133
lSCTGJbObOg_287_1_label_fake.npz,Fake,Deepfake,0.4405980572104455,0.298693984746933,0.7033261060714722,0.8043940663337708,0.07888608425855637,0.31769004464149475
common_voice_ru_22917784_98_label_fake.npz,Fake,Deepfake,0.4422520428895951,0.11487001925706863,0.05602555721998215,1.0,0.9264861941337585,0.11387844383716583
SY_xV-Raq3A_1080p_13_1_label_fake.npz,Fake,Real,0.22531723547726873,0.11313077062368393,0.8679357171058655,0.06949181109666824,0.014800828881561756,0.06122704967856407
ZWWpghA1SJc_42_4_label_fake.npz,Fake,Real,0.05060728676617146,0.10980476438999176,0.01700236275792122,0.09439048171043396,0.01724812015891075,0.014590704813599586
common_voice_ru_18904862_14_label_fake.npz,Fake,Real,0.1030186532996595,0.0719764456152916,0.3251486122608185,0.09113860130310059,0.02235344611108303,0.004476161208003759
isvcQMD04ag_12_48_label_fake.npz,Fake,Real,0.327379072457552,0.06672435253858566,0.5349563360214233,0.9996721744537354,0.029716482385993004,0.005826016888022423
common_voice_zh-CN_32970362_9_label_fake.npz,Fake,Real,0.2782114512752742,0.06915432959794998,0.2908005714416504,1.0,0.02773663029074669,0.0033657250460237265
3HtQi-i9WoY_45_95_label_fake.npz,Fake,Real,0.12530537599377567,0.07155740261077881,0.5356583595275879,5.298417818266898e-06,0.0163283608853817,0.0029774585273116827
common_voice_zh-CN_22236141_14_label_fake.npz,Fake,Deepfake,0.43488009199500083,0.12226223945617676,0.9839480519294739,0.9999998807907104,0.02447321265935898,0.043717075139284134
common_voice_ru_18922028_66_label_fake.npz,Fake,Real,0.2268513409420848,0.07285992056131363,0.019843168556690216,0.9999897480010986,0.03057672269642353,0.010987144894897938
common_voice_zh-CN_22108415_22_label_fake.npz,Fake,Real,0.25407586293295026,0.06996748596429825,0.17218704521656036,1.0,0.02056530863046646,0.007659474853426218
common_voice_zh-CN_33125923_59_label_fake.npz,Fake,Real,0.28577320370823145,0.07229703664779663,0.2978774607181549,1.0,0.053476184606552124,0.0052153365686535835
U509hHthip8_16_2_label_fake.npz,Fake,Deepfake,0.37426225803792484,0.08048965036869049,0.4871416389942169,0.9999998807907104,0.2776366174221039,0.026043502613902092
common_voice_zh-CN_32597571_12_label_fake.npz,Fake,Real,0.22081351345404981,0.07250773161649704,0.009709090925753117,1.0,0.014595727436244488,0.007255017291754484
JPYvFW_zMqE_4_38_label_fake.npz,Fake,Real,0.03270099315559492,0.0801960900425911,0.011804696172475815,0.0009514267439953983,0.06284517049789429,0.007707582321017981
common_voice_ru_20410166_53_label_fake.npz,Fake,Deepfake,0.36059974050149324,0.07074375450611115,0.716995358467102,0.992926299571991,0.015566356480121613,0.006766933482140303
common_voice_ru_18905000_2_label_fake.npz,Fake,Real,0.13406340368092062,0.19346153736114502,0.010447712615132332,0.38080593943595886,0.0511789545416832,0.034422874450683594
common_voice_ru_23768082_22_label_fake.npz,Fake,Real,0.3006750866305083,0.06805119663476944,0.0034542602952569723,0.9999998807907104,0.3371732532978058,0.09469684213399887
common_voice_zh-CN_32318631_7_label_fake.npz,Fake,Deepfake,0.4145600285381079,0.07068455964326859,0.953395426273346,1.0,0.03691316023468971,0.011806996539235115
common_voice_zh-CN_23787279_42_label_fake.npz,Fake,Real,0.24959489908069377,0.0622553750872612,0.15612894296646118,0.9999998807907104,0.020869329571723938,0.00872096698731184
common_voice_zh-CN_33120809_30_label_fake.npz,Fake,Real,0.22713331747800114,0.06762976944446564,0.03184744343161583,1.0,0.030023884028196335,0.006165490485727787
common_voice_ru_25236840_84_label_fake.npz,Fake,Real,0.03210440739057958,0.06810957938432693,0.04607667028903961,0.03296618163585663,0.010577786713838577,0.002791818929836154
common_voice_zh-CN_18670823_53_label_fake.npz,Fake,Deepfake,0.44234321564435963,0.12006969004869461,0.999038577079773,1.0,0.053153570741415024,0.03945424035191536
20101110-0900-PLENARY-15-ro_20101110-22_33_56_0_95_label_fake.npz,Fake,Deepfake,0.39969780556857587,0.06597668677568436,0.9039831161499023,1.0,0.017844557762145996,0.010684667155146599
common_voice_zh-CN_22937367_101_label_fake.npz,Fake,Deepfake,0.41470656720921395,0.06999065726995468,0.9879224896430969,0.9999895095825195,0.010781347751617432,0.004848831798881292
common_voice_zh-CN_18688663_77_label_fake.npz,Fake,Real,0.2735277500003577,0.07450824230909348,0.20237615704536438,1.0,0.06462347507476807,0.026130875572562218
common_voice_zh-CN_33378847_45_label_fake.npz,Fake,Real,0.30154975838959225,0.06152229383587837,0.40296006202697754,1.0,0.03752019628882408,0.005746239796280861
common_voice_ru_20553786_94_label_fake.npz,Fake,Real,0.21911879712715746,0.06305171549320221,0.009488003328442574,0.9999988079071045,0.01580020599067211,0.007255252916365862
common_voice_zh-CN_18977922_1_label_fake.npz,Fake,Deepfake,0.4135800465475768,0.05364048108458519,0.9999722242355347,1.0,0.011992978863418102,0.0022945485543459654
common_voice_zh-CN_19011112_88_label_fake.npz,Fake,Deepfake,0.4238722983747721,0.08645541965961456,0.9820603132247925,0.999998927116394,0.034290049225091934,0.01655678264796734
U-npOf3jGt8_53_9_label_fake.npz,Fake,Real,0.1417718267068267,0.0925574004650116,0.5710156559944153,0.005034737288951874,0.028760148212313652,0.011491191573441029
common_voice_ru_19843010_12_label_fake.npz,Fake,Real,0.08250370074529201,0.06726332008838654,0.3268973231315613,0.00055773148778826,0.01134713925421238,0.006452989764511585
common_voice_zh-CN_19000976_57_label_fake.npz,Fake,Deepfake,0.41877615274861457,0.06393693387508392,0.9999254941940308,0.9999997615814209,0.027547074481844902,0.0024714996106922626
OpitcLEYak8_1080p_46_1_label_fake.npz,Fake,Deepfake,0.6250167071819306,0.33482980728149414,0.9513353705406189,1.0,0.6958783864974976,0.14303997159004211
common_voice_ru_18920227_87_label_fake.npz,Fake,Real,0.2285603428259492,0.06728680431842804,0.05375050753355026,0.999993085861206,0.017089346423745155,0.004681969992816448
FGAyYl3ZICw_91_2_label_fake.npz,Fake,Deepfake,0.39765772968530655,0.8362102508544922,0.12428399920463562,0.06835148483514786,0.32247108221054077,0.6369718313217163
d2om_PGtwWY_36_1_label_fake.npz,Fake,Real,0.12815304602845573,0.27474135160446167,0.18657232820987701,0.0002116886607836932,0.10771775245666504,0.07152210921049118
QwWcO0-ne8c_6_2_label_fake.npz,Fake,Real,0.19066246673464776,0.5111021399497986,0.1858651041984558,0.15372081100940704,0.041525065898895264,0.06109921261668205
RGRP2qovk30_4_1_label_fake.npz,Fake,Deepfake,0.7279303282499313,0.8389997482299805,0.17579911649227142,0.9998094439506531,0.8783327341079712,0.7467105984687805
mRNCLRo9JAM_31_4_label_fake.npz,Fake,Real,0.23774100095033648,0.07430251687765121,0.048239246010780334,0.9999891519546509,0.038893118500709534,0.02728097140789032
Vbm1Z9Qjy0Q_4_1_label_fake.npz,Fake,Deepfake,0.44419563189148903,0.14936359226703644,0.9552196264266968,0.998989999294281,0.017608027905225754,0.09979691356420517
85VgNDfQZwE_110_2_label_fake.npz,Fake,Real,0.3056539555778727,0.4279424846172333,0.13416141271591187,0.0017730918480083346,0.8992834091186523,0.06510937958955765
qwx4khg5myc_104_2_label_fake.npz,Fake,Real,0.24853549022227528,0.09528133273124695,0.00702789518982172,0.999189555644989,0.04618433862924576,0.09499432891607285
JRcV-A7r470_25_1_label_fake.npz,Fake,Real,0.09796846113652008,0.2546423673629761,0.02565603144466877,1.267321408704447e-06,0.03193611651659012,0.1776065230369568
Tdgb6NvUjhk_162_2_label_fake.npz,Fake,Real,0.2632783425360685,0.41102907061576843,0.5638644695281982,3.309424209874123e-05,0.0303243026137352,0.311140775680542
vxvcZVCOMuc_1_6_label_fake.npz,Fake,Real,0.22395678800530733,0.06950061768293381,0.037184957414865494,0.9999899864196777,0.00990516971796751,0.003203208791092038
cWmSTuFjb4o_169_1_label_fake.npz,Fake,Real,0.3077934391796589,0.08577028661966324,0.5109530091285706,0.834362804889679,0.051250308752059937,0.05663078650832176
Lv39BhZJ2mg_14_2_label_fake.npz,Fake,Real,0.34764913544058806,0.16144438087940216,0.843472421169281,0.6449138522148132,0.024138864129781723,0.06427615880966187
_-nNx99qK4A_96_1_label_fake.npz,Fake,Real,0.04097307994961739,0.09692665934562683,0.038496263325214386,0.019801273941993713,0.028709258884191513,0.020931944251060486
u5Ks53-THVE_22_2_label_fake.npz,Fake,Real,0.15944344089366497,0.16535340249538422,0.10825459659099579,0.001080542104318738,0.4247727394104004,0.09775592386722565
PXdPmUJN6k0_74_47_label_fake.npz,Fake,Real,0.1380002992329537,0.3393155038356781,0.0641310065984726,2.445378777338192e-05,0.06871502846479416,0.21781550347805023
_aOpII6y4cQ_14_1_label_fake.npz,Fake,Deepfake,0.5845094621181488,0.7175923585891724,0.35163047909736633,0.9157800078392029,0.13060802221298218,0.8069364428520203
jyXGeTx0ttw_320_2_label_fake.npz,Fake,Deepfake,0.414018888771534,0.3780632019042969,0.18621554970741272,0.08682093769311905,0.9281307458877563,0.49086400866508484
62ywI44YAxQ_32_5_label_fake.npz,Fake,Real,0.23629353800788522,0.07375922054052353,0.07945964485406876,0.9999996423721313,0.022616153582930565,0.005633028689771891
OhaNsbMOHak_0_2_label_fake.npz,Fake,Real,0.02206718251894816,0.06478925794363022,0.01856703869998455,7.377765620653065e-10,0.023931587114930153,0.0030480280984193087
wdNhtZOGxBw_220_11_label_fake.npz,Fake,Deepfake,0.5627099864184857,0.6068388223648071,0.9864178895950317,0.9992621541023254,0.02935929223895073,0.19167177379131317
awNrju1X3zc_58_1_label_fake.npz,Fake,Deepfake,0.5158871591091155,0.28642842173576355,0.35826534032821655,0.9983406066894531,0.6691114902496338,0.267289936542511
6naugGonRkE_1080p_71_5_label_fake.npz,Fake,Deepfake,0.4703219808638096,0.11257250607013702,0.9987402558326721,1.0,0.1945585161447525,0.04573862627148628
9X-SE-3CPw4_3448_6_label_fake.npz,Fake,Real,0.256776787340641,0.13528713583946228,0.04593314602971077,0.9986415505409241,0.05705821141600609,0.0469638928771019
zv3uM90m5Rg_31_3_label_fake.npz,Fake,Real,0.3372022244147957,0.1061260923743248,0.5432820916175842,0.9998444318771362,0.030763251706957817,0.005995254497975111
WowrvQ9h9ao_22_1_label_fake.npz,Fake,Real,0.0856758407317102,0.09302844107151031,0.14750882983207703,0.12481983751058578,0.05721760913729668,0.005804486107081175
NHVXgWJiIcs_10_1_label_fake.npz,Fake,Real,0.22070387145504358,0.071021668612957,0.015789739787578583,0.999193012714386,0.01218142919242382,0.005333506967872381
hNA8I-JU3eg_50_8_label_fake.npz,Fake,Real,0.32871781177818776,0.11448190361261368,0.97995924949646,0.5209915041923523,0.013514311984181404,0.014642089605331421
O0nL5vRlcfk_1004_5_label_fake.npz,Fake,Real,0.16717233872477666,0.2728835344314575,0.057247910648584366,7.937059126561508e-05,0.4275493621826172,0.0781015157699585
xGCuF-h-XVc_2_1_label_fake.npz,Fake,Real,0.14530730657279492,0.07529491931200027,0.023079989477992058,0.5986472368240356,0.026197919622063637,0.0033164676278829575
PHMafVnjks8_8_1_label_fake.npz,Fake,Deepfake,0.4200889432802797,0.07855807989835739,0.9923279881477356,0.9999997615814209,0.014176038093864918,0.015382848680019379
Uk6sPnRL0WQ_129_2_label_fake.npz,Fake,Real,0.287789847701788,0.06596236675977707,0.9527088403701782,0.4000891447067261,0.011960354633629322,0.008228532038629055
8tD-YwT4oAg_141_1_label_fake.npz,Fake,Real,0.03364314725622535,0.0762932077050209,0.019193211570382118,0.006401557940989733,0.0521235354244709,0.01420422364026308
XsQT0DygbJg_14_1_label_fake.npz,Fake,Real,0.2368714459240437,0.08248289674520493,0.29429158568382263,0.7719839811325073,0.017429105937480927,0.01816966012120247
8tD-YwT4oAg_297_4_label_fake.npz,Fake,Real,0.294922438915819,0.07643096894025803,0.37703898549079895,0.9946091175079346,0.020014770328998566,0.006518352311104536
jXf9d1xHO34_1080p_30_8_label_fake.npz,Fake,Real,0.3387624951079488,0.07235778123140335,0.5972010493278503,0.9911359548568726,0.024699032306671143,0.008418657816946507
9DTxDmLwFb8_1126_12_label_fake.npz,Fake,Deepfake,0.4240318004041911,0.4060293138027191,0.010599197819828987,0.8948440551757812,0.37872523069381714,0.4299612045288086
P7slA-LkA3s_30_3_label_fake.npz,Fake,Deepfake,0.7249765425920487,0.6742464303970337,0.9958140254020691,0.9921659231185913,0.23353685438632965,0.7291194796562195
4ZO2_2nHaIk_36_1_label_fake.npz,Fake,Real,0.25989687442634024,0.16455639898777008,0.3053601086139679,1.0311596270184964e-05,0.6698587536811829,0.15969879925251007
ezja7-YQ72g_63_6_label_fake.npz,Fake,Real,0.33144767697576755,0.13959595561027527,0.39234018325805664,1.459399481973378e-05,0.6126061081886292,0.5126815438270569
3C3zslsslRs_33_2_label_fake.npz,Fake,Real,0.029924731933215296,0.06407398730516434,0.00805487111210823,3.168120429108967e-06,0.07161585986614227,0.005875773262232542
u6akTRg2ecw_55_1_label_fake.npz,Fake,Real,0.2480463366955519,0.1266188770532608,0.27339810132980347,0.007504569366574287,0.7705324292182922,0.06217770650982857
I-B_Oa6_eNU_228_2_label_fake.npz,Fake,Real,0.15193971227854491,0.0707532986998558,0.04225582629442215,0.6198529005050659,0.02125277929008007,0.0055837566033005714
TDDNxuR1zs8_95_4_label_fake.npz,Fake,Real,0.16431186208501458,0.07362333685159683,0.23432646691799164,0.4901186525821686,0.01595706306397915,0.00753379100933671
lXXCH-gBGzI_79_3_label_fake.npz,Fake,Deepfake,0.757918405532837,0.6168497204780579,0.9829168915748596,0.9987624883651733,0.7596361041069031,0.4314268231391907
zpEUWKUUxdY_48_1_label_fake.npz,Fake,Deepfake,0.4202356461435557,0.2156544178724289,0.8364023566246033,0.02853083796799183,0.8856539726257324,0.1349366456270218
awNrju1X3zc_21_2_label_fake.npz,Fake,Real,0.30695440229028464,0.17214037477970123,0.1741051971912384,0.9758022427558899,0.19964922964572906,0.013074967078864574
62ywI44YAxQ_78_28_label_fake.npz,Fake,Deepfake,0.41175230816006664,0.08496345579624176,0.9311981201171875,0.9998989105224609,0.03712531179189682,0.005575742572546005
J_ComKnl1hk_7_1_573_label_fake.npz,Fake,Real,0.01948485264074407,0.06692202389240265,0.01702161319553852,4.5210192183731124e-05,0.009338878095149994,0.004096537828445435
2NlEdgEI_mc_11_1_32_label_fake.npz,Fake,Real,0.01842560777440815,0.06833324581384659,0.002537189517170191,7.38085790809263e-15,0.016362914815545082,0.004894688725471497
dv4vM3Dbvxw_21_2_label_fake.npz,Fake,Real,0.026276826300367817,0.08284740149974823,0.022712675854563713,3.204267797277116e-12,0.018361540511250496,0.007462513633072376
069_591ac4fc-eBcoBBAa-zY_399_3_label_fake.npz,Fake,Real,0.23714852037171377,0.40005865693092346,0.06866656243801117,1.0628761065722969e-10,0.18079492449760437,0.5362224578857422
6IXtQx8SwBE_54_3_label_fake.npz,Fake,Deepfake,0.48252734430134303,0.10426592826843262,0.4335577189922333,0.9729317426681519,0.8738648295402527,0.028016502037644386
60_Jmtasx4JReE_audio_1_512x512_1_1026_withaudio_label_fake.npz,Fake,Real,0.04622263084166284,0.06995704770088196,0.1356555074453354,2.6572038501287108e-14,0.02213294245302677,0.003367656609043479
nBVWOmPTk-4_97_1_label_fake.npz,Fake,Deepfake,0.4919582813978195,0.1826099008321762,0.9920807480812073,0.9999239444732666,0.05498701333999634,0.23018980026245117
M-3HEJpdx2I_103_3_label_fake.npz,Fake,Real,0.2923705462366342,0.08017430454492569,0.3241296410560608,0.9998798370361328,0.019687307998538017,0.03798164054751396
jV2pjBg0srU_802_7_label_fake.npz,Fake,Deepfake,0.36606702338904146,0.2640875577926636,0.7698426842689514,0.007783985696732998,0.43849048018455505,0.3501304090023041
8tD-YwT4oAg_389_2_label_fake.npz,Fake,Deepfake,0.4188114232383669,0.07664624601602554,0.9995238780975342,0.9999998807907104,0.012625644914805889,0.00526146637275815
hR6MLH3vp80_1080p_114_1_711_label_fake.npz,Fake,Real,0.04094199739629403,0.07151852548122406,0.10986495763063431,0.0008795231697149575,0.015312457457184792,0.007134523242712021
1_Jasoml4DM_2_3_label_fake.npz,Fake,Deepfake,0.6010814785957337,0.501992404460907,0.9967858791351318,1.0,0.14563113451004028,0.3609979748725891
RljjbDv06SE_81_1_label_fake.npz,Fake,Real,0.2931942149996758,0.3565569818019867,0.29420265555381775,0.5453081727027893,0.18215687572956085,0.08774638921022415
024_036921f7-inQaPF2YoNw_262_2_label_fake.npz,Fake,Real,0.1311633228882891,0.3828027844429016,0.022959193214774132,1.6762524701618986e-09,0.06815224140882492,0.18190239369869232
18393-xrvwv7kdiXk_0_1_label_fake.npz,Fake,Real,0.27679198603145777,0.06345248967409134,0.3107398748397827,0.9948833584785461,0.011129147373139858,0.003755059791728854
MzXkiK4ROhQ_55_3_label_fake.npz,Fake,Deepfake,0.6470930576324464,0.24939417839050293,0.999308705329895,0.9999994039535522,0.9077366590499878,0.07902634143829346
15906-1xWUAi4M_Dw_81_1_label_fake.npz,Fake,Real,0.03853200898188184,0.0949135571718216,0.04831291362643242,3.06879383016323e-11,0.017292097210884094,0.03214147686958313
56kjnBhGy8Y_1080p_87_3_label_fake.npz,Fake,Real,0.2793952334672213,0.2882434129714966,0.11260488629341125,0.00968431867659092,0.5701172947883606,0.41632625460624695
9CECkqcLjp4_1804_3_303_label_fake.npz,Fake,Real,0.064713732061348,0.0724201574921608,0.23504449427127838,3.26614402190728e-09,0.00894490908831358,0.00715909618884325
43935-7AldV8ATrJc_117_4_label_fake.npz,Fake,Deepfake,0.4920258551836014,0.5775904059410095,0.6144438982009888,0.6542537212371826,0.08591033518314362,0.5279309153556824
u5Ks53-THVE_56_1_label_fake.npz,Fake,Deepfake,0.7593651801347734,0.7462053298950195,0.9966297745704651,1.0,0.9076586961746216,0.14633210003376007
27829-zv3uM90m5Rg_0_2_label_fake.npz,Fake,Real,0.33714517077404904,0.5479560494422913,0.02163182757794857,5.503985534005551e-08,0.16373538970947266,0.9524025321006775
437_q__LT1Js9gE_1080p_11_1_512x512_1_1803_withaudio_label_fake.npz,Fake,Real,0.2732434151694179,0.06784509867429733,0.2755657136440277,0.99310702085495,0.02175242267549038,0.007946819998323917
328_hGvKKIo4tKQ_1080p_19_2_512x512_1_1803_withaudio_label_fake.npz,Fake,Real,0.16894027534872294,0.06977848708629608,0.19671671092510223,0.559855580329895,0.012577332556247711,0.0057732658460736275
0-BD5WJ_hBk_101_1_label_fake.npz,Fake,Deepfake,0.43615217804908757,0.07121530920267105,0.9924179315567017,0.9999997615814209,0.09071531146764755,0.02641257643699646
dMfH7JbxZdY_36_1_label_fake.npz,Fake,Deepfake,0.6845494359731675,0.4841635823249817,0.8058633804321289,0.9399701952934265,0.9547261595726013,0.23802386224269867
Lqg5fiwIQso_45_1_label_fake.npz,Fake,Real,0.0502962997998111,0.0828556939959526,0.1357547491788864,0.0002552051446400583,0.027391517534852028,0.005224333144724369
VifDzyPgBNg_342_17_label_fake.npz,Fake,Deepfake,0.6046244442462921,0.3309827744960785,0.9986900687217712,0.999976634979248,0.09347975254058838,0.5999929904937744
x92AnU6MUr0_112_2_label_fake.npz,Fake,Deepfake,0.4440981490537525,0.11965294182300568,0.9903520941734314,1.0,0.0973271057009697,0.013158603571355343
Z9_kN3rGJfE_54_1_label_fake.npz,Fake,Real,0.10156832486391068,0.15740595757961273,0.10556328296661377,0.0437154546380043,0.08606350421905518,0.1150934249162674
Vbm1Z9Qjy0Q_24_1_label_fake.npz,Fake,Deepfake,0.5013176891952753,0.22625842690467834,0.9968005418777466,0.9999880790710449,0.024278538301587105,0.2592628598213196
NEEN8fSBuWI_370_1_45_label_fake.npz,Fake,Real,0.3287817522883415,0.06576301902532578,0.5639450550079346,0.9998670816421509,0.010102029889822006,0.0042315758764743805
WxdaDqICMP8_288_1_label_fake.npz,Fake,Deepfake,0.42390846665948634,0.08956053107976913,0.9779995083808899,1.0,0.04668182134628296,0.005300472490489483
6GqonOcxCQQ_214_1_label_fake.npz,Fake,Deepfake,0.4924273505806923,0.2551669776439667,0.8853269815444946,0.9999542236328125,0.09783845394849777,0.22385011613368988
33490.png_rGW7sZQ9AYY_822_2_label_fake.npz,Fake,Deepfake,0.5296854591331794,0.44540974497795105,0.8765157461166382,2.104025043081492e-06,0.7376919388771057,0.5888077616691589
7Fe7jdI2WIA_44_1_label_fake.npz,Fake,Real,0.3078708976507187,0.13739196956157684,0.0976429209113121,0.9624450206756592,0.1166108176112175,0.22526375949382782
VifDzyPgBNg_210_9_label_fake.npz,Fake,Deepfake,0.712101972103119,0.499946653842926,0.9000341296195984,0.9999998807907104,0.8001309633255005,0.36039823293685913
jyXGeTx0ttw_581_21_label_fake.npz,Fake,Deepfake,0.40851989388465887,0.3121824860572815,0.33714547753334045,0.7303832769393921,0.37581074237823486,0.28707748651504517
QCAqiTH6B4U_1080p_108_9_label_fake.npz,Fake,Deepfake,0.43604706861078746,0.12741661071777344,0.992327868938446,0.9402293562889099,0.029224785044789314,0.09103672206401825
QTau-xHsz80_69_1_label_fake.npz,Fake,Deepfake,0.6681134283542634,0.5643112063407898,0.9813743233680725,1.0,0.4138457179069519,0.3810358941555023
U7V-30eueTw_0_1_label_fake.npz,Fake,Real,0.09913953825416683,0.09956082701683044,0.2833375036716461,1.7355361705995165e-05,0.04037025198340416,0.07241175323724747
PjGZ8ORHZc8_39_3_25fps--11755_56kjnBhGy8Y_1080p_40_1_25fps_label_fake.npz,Fake,Deepfake,0.47841109633445744,0.8026728630065918,0.2773834764957428,0.27828240394592285,0.3266258239746094,0.7070909142494202
U-npOf3jGt8_29_1_345_label_fake.npz,Fake,Real,0.04083532664485574,0.07774201780557632,0.06072722375392914,3.222912937417277e-06,0.03045806474983692,0.0352461040019989
00483.png_vebjQP6GXm0_306_1_label_fake.npz,Fake,Real,0.16301412135362625,0.2510295808315277,0.0039365775883197784,1.814501251043369e-21,0.02455635741353035,0.5355480909347534
uaUeoNnxmco_232_5_label_real.npz,Real,Real,0.15565174519579159,0.06426078081130981,0.6895623207092285,6.374714575940743e-05,0.02000342682003975,0.004368450492620468
VALyeyRDH1Q_37_9_label_fake.npz,Fake,Real,0.25345030352473263,0.13665375113487244,0.26408499479293823,0.713912308216095,0.12397956103086472,0.028620902448892593
awNrju1X3zc_21_2_label_fake.npz,Fake,Deepfake,0.4755304699763656,0.17214037477970123,0.992787778377533,1.0,0.19964922964572906,0.013074967078864574
wtCogf-htV0_71_1_label_fake.npz,Fake,Deepfake,0.6224090307950974,0.48371392488479614,0.9963300824165344,0.9999305009841919,0.4248204231262207,0.2072502225637436
27g6HX_U3ns_6_3_521_label_fake.npz,Fake,Real,0.045920915086753666,0.0712132379412651,0.1442195624113083,4.571816905822927e-19,0.013041133061051369,0.0011306420201435685
18335-8pBbbHNytDg_73_4_label_fake.npz,Fake,Real,0.07094403244554998,0.18088579177856445,0.008599698543548584,0.11433501541614532,0.026558851823210716,0.024340804666280746
15300-NZ7pKLrujBc_8_1_label_fake.npz,Fake,Real,0.25701998102094875,0.6759980916976929,0.5181106328964233,7.469327556464123e-06,0.04635431244969368,0.04462939873337746
25116-53GIoeOAam4_6_2_label_fake.npz,Fake,Real,0.03279203587858453,0.11425843089818954,0.008172639645636082,5.66684077440982e-09,0.009394011460244656,0.032135091722011566
15715-QwWcO0-ne8c_46_1_label_fake.npz,Fake,Real,0.07951184958219529,0.18393948674201965,0.07677920907735825,0.05434888228774071,0.0436575748026371,0.0388340950012207
20709-O1JxQ9OyJRQ_40_2_label_fake.npz,Fake,Real,0.309280127286911,0.4106668531894684,0.4301253855228424,0.035648833960294724,0.045141834765672684,0.6248177289962769
21007-O4A-dk60Njg_143_3_label_fake.npz,Fake,Real,0.2891200898680836,0.4497947692871094,0.22098098695278168,0.002511087106540799,0.02151496335864067,0.7507986426353455
Du1SKO_ri4w_48_139_60_label_fake.npz,Fake,Real,0.02546544555862056,0.0648801252245903,0.04631732776761055,5.448530828289222e-06,0.008543947711586952,0.0075803785584867
20505-b4UXfBoC22A_53_1_label_fake.npz,Fake,Real,0.04610445375333257,0.07314207404851913,0.1329101324081421,3.9430460674338974e-08,0.009605146944522858,0.014864875935018063
15982_8-iiYu7NESU_532_3_label_fake.npz,Fake,Real,0.029018350411467095,0.07431872189044952,0.05757935345172882,1.3030568377786489e-12,0.009841034188866615,0.003352642524987459
02162_EoZRPfVRY7I_audio_2_label_fake.npz,Fake,Real,0.04224729949892208,0.047042738646268845,0.14263352751731873,1.5857271137065254e-05,0.016076715663075447,0.005467658396810293
18008-3NYH-zyIfZY_11_1_label_fake.npz,Fake,Deepfake,0.5567063614726067,0.4405711591243744,0.11344664543867111,0.9014094471931458,0.39216047525405884,0.9359440803527832
340_uaUeoNnxmco_audio_1_163_label_fake.npz,Fake,Deepfake,0.38538850387558343,0.06809855997562408,0.8903973698616028,0.9520638585090637,0.010556265711784363,0.0058264653198421
5722-cbtkoZUOR1A_19_3_label_fake.npz,Fake,Real,0.2537753151729703,0.10184073448181152,0.9297049641609192,0.004006953909993172,0.22003629803657532,0.013287625275552273
20509-DCeJZTSFTXs_19_1_label_fake.npz,Fake,Real,0.21030952278524637,0.06940579414367676,0.005391574464738369,0.9447349905967712,0.022690121084451675,0.009325133636593819
51_wdNhtZOGxBw_229_7_label_fake.npz,Fake,Real,0.03570417028968223,0.07047667354345322,0.08969823271036148,0.0001641618146095425,0.014673372730612755,0.0035084106493741274
PHMafVnjks8_535_1_25fps--06843_Je9hLZKYTz4_93_15_25fps_label_fake.npz,Fake,Deepfake,0.46829215176403527,0.6326231956481934,0.9301049113273621,0.0003861580044031143,0.14237166941165924,0.6359748244285583
_NxbN7iCl3w_9_1_label_real.npz,Real,Real,0.047863322423079724,0.07172391563653946,0.15184584259986877,9.89889767377683e-11,0.010089315474033356,0.005657538305968046
270_7AldV8ATrJc_205_1_label_fake.npz,Fake,Real,0.0857679740714957,0.07092016190290451,0.33627012372016907,0.00010304441821062937,0.016613155603408813,0.004933384712785482
GtBnj3Z3eO4_17_1_51_label_fake.npz,Fake,Real,0.039221970231483286,0.07565205544233322,0.06443212181329727,1.034632896335097e-05,0.022231195122003555,0.033784132450819016
278_HQILxqS831E_audio_2_98_label_fake.npz,Fake,Real,0.019617450021905826,0.07224630564451218,0.008598332293331623,0.00015483362949453294,0.011856705881655216,0.005231072660535574
343.png_Je9hLZKYTz4_122_42_label_fake.npz,Fake,Deepfake,0.3638727456331253,0.36786720156669617,0.851065993309021,0.03152848780155182,0.16499602794647217,0.4039060175418854
266_o4qerM8M37s_audio_3_512x512_1_1026_withaudio_label_fake.npz,Fake,Real,0.20908485641703012,0.06578854471445084,0.22883273661136627,0.7246655225753784,0.019607584923505783,0.006529893260449171
74_NEEN8fSBuWI_302_1_label_fake.npz,Fake,Real,0.03702209373459482,0.07200220972299576,0.09366033226251602,7.920222742541227e-06,0.012316200882196426,0.007123805582523346
14206-WXosPmTQq4o_197_1_label_fake.npz,Fake,Real,0.13259499922860415,0.3232320249080658,0.010166442953050137,0.0002028631279245019,0.06249947100877762,0.26687419414520264
29164-b4UXfBoC22A_38_3_label_fake.npz,Fake,Real,0.2952860360427404,0.24957387149333954,0.19247682392597198,2.525103459660727e-09,0.33470648527145386,0.6996729969978333
201-D7nFQYc20k8_236_1_label_fake.npz,Fake,Real,0.20632688850164416,0.3378925323486328,0.0477086678147316,0.08271745592355728,0.4495946764945984,0.11372110992670059
073_f39658d0.jpg_KyeC6d6MTSU_172_13_label_fake.npz,Fake,Deepfake,0.45094984928146004,0.6433811187744141,0.6911394596099854,0.005598731804639101,0.22605854272842407,0.6885713934898376
4jEjuJX169k_342_1_442_label_fake.npz,Fake,Real,0.08700539097189902,0.06167714670300484,0.13895392417907715,0.17110423743724823,0.055617839097976685,0.007673807442188263
7783-lSCTGJbObOg_347_1_label_fake.npz,Fake,Real,0.24183382643386725,0.07564158737659454,0.1858171671628952,0.9348417520523071,0.010771076194941998,0.002097549382597208
037_cff9f22d.jpg_Du1SKO_ri4w_83_12_label_fake.npz,Fake,Deepfake,0.42589777369198606,0.43710365891456604,0.4854795038700104,3.469928969934699e-06,0.8304298520088196,0.3764723837375641
GiRZf3AUfW0_18_1_25fps--199_dwyz8kUPW2M_audio_2_56_label_fake.npz,Fake,Deepfake,0.38051226213574413,0.37984561920166016,0.31474125385284424,0.998204231262207,0.05625154450535774,0.1535186618566513
193-ldI1peHBLa0_67_1_label_fake.npz,Fake,Real,0.34328444749116904,0.09926404803991318,0.5001256465911865,0.847856879234314,0.03315013647079468,0.23602552711963654
6842-ADTwFvHACE4_90_1_label_fake.npz,Fake,Real,0.1362262318842113,0.19865624606609344,0.22747361660003662,0.004818031098693609,0.03664475306868553,0.2135385125875473
8636-NkFOqfFDb1c_48_1_label_fake.npz,Fake,Real,0.15038181399628173,0.2149827778339386,0.27380773425102234,2.1260602522943373e-07,0.015406299382448196,0.24771204590797424
1.png_UzfVjgZKjro_1080p_102_2_label_fake.npz,Fake,Real,0.03448102518450469,0.07688386738300323,0.06896056979894638,0.00033615564461797476,0.011240712366998196,0.014983820728957653
50266.png_oDO5ZDLTpaw_0_1_label_fake.npz,Fake,Real,0.088849708577618,0.06563780456781387,0.02121318317949772,0.3446871042251587,0.009622057899832726,0.0030883930157870054
D56tKWtAMbw_495_1_25fps--234_l0x-olnBLLg_330_5_25fps_label_fake.npz,Fake,Real,0.1922300446778536,0.38684719800949097,0.019805504009127617,0.041553009301424026,0.05555298179388046,0.45739153027534485
1689-ADTwFvHACE4_67_1_label_fake.npz,Fake,Real,0.06798589879763313,0.17429542541503906,0.005496695637702942,0.00016929852426983416,0.026127051562070847,0.13384102284908295
12627-pNogULi28gs_120_2_label_fake.npz,Fake,Real,0.31385447718203074,0.45373794436454773,0.0183138195425272,0.1419394463300705,0.062243737280368805,0.8930374383926392
18428-a5bLHLqaNDg_153_5_label_fake.npz,Fake,Real,0.09516049563171693,0.2721908986568451,0.17358320951461792,5.063206117483787e-05,0.018870415166020393,0.011107322759926319
127-y0m5woySQhM_391_2_label_fake.npz,Fake,Real,0.12228678725659849,0.24698558449745178,0.038211651146411896,0.0009837951511144638,0.05370105803012848,0.27155184745788574
098_f0bc37c7.jpg_u-X671JqQWA_48_86_label_fake.npz,Fake,Real,0.2527463741134852,0.47501340508461,0.07603798806667328,0.0030219589825719595,0.2029898315668106,0.5066686868667603
10478-2WGnDrVPG8A_30_1_label_fake.npz,Fake,Real,0.10930442796524746,0.4109435975551605,0.04368235543370247,3.904787888586725e-07,0.05625266209244728,0.03564313426613808
077_e589a0e2_XblD1mtXBWY_4_1-batch-2025-02-06-13-00-20-332_label_fake.npz,Fake,Real,0.08411340638995173,0.0818493440747261,0.2762313783168793,0.01761838048696518,0.023289984092116356,0.021577944979071617
15353-wCZJ8go4Q9A_7_12_label_fake.npz,Fake,Deepfake,0.4468244686723012,0.8085590600967407,0.949370801448822,1.2782086316037028e-13,0.043854959309101105,0.43233752250671387
27209.png_zBJP1v24Llk_71_1_label_fake.npz,Fake,Real,0.08052642867114627,0.07322117686271667,0.3083197772502899,6.330339965643361e-05,0.015310071408748627,0.005717814434319735
1661-M-3HEJpdx2I_32_1_label_fake.npz,Fake,Real,0.23226583180949095,0.06501397490501404,0.08402862399816513,0.9999992847442627,0.009798462502658367,0.0024888128973543644
21575-GgCnpDg0jwc_60_2_label_fake.npz,Fake,Real,0.026632918789982796,0.06743824481964111,0.02811153419315815,0.00443867826834321,0.026668578386306763,0.006507558282464743
cyyeokhRDgI_889_1_label_real.npz,Real,Deepfake,0.4342819683253766,0.520911693572998,0.8940965533256531,0.04652699455618858,0.13241377472877502,0.5774608254432678
027_7c6c360c.jpg_Lc0n7WuOwDs_1080p_159_5_label_fake.npz,Fake,Real,0.043867322114863334,0.0780610591173172,0.10704786330461502,7.676966902181448e-07,0.012465480715036392,0.021761439740657806
keEKlr2dG-I_47_2_label_real.npz,Real,Real,0.04353643623109043,0.0742989331483841,0.10633794218301773,1.8590629036197015e-09,0.033909350633621216,0.0031359533313661814
148_UzfVjgZKjro_1080p_102_2_512x512_1_1803_withaudio_label_fake.npz,Fake,Real,0.035816159658133985,0.0742281898856163,0.08122149109840393,0.0016597257927060127,0.018455786630511284,0.0035156048834323883
7oLtKHmwyRw_886_3_label_real.npz,Real,Real,0.0755204565823078,0.09293884038925171,0.2258182317018509,0.008083240129053593,0.0382094532251358,0.012552517466247082
19566-uHOEHOoQCWA_4_1_label_fake.npz,Fake,Real,0.05707276077164352,0.1398787498474121,0.015514866448938847,4.5565730033558793e-07,0.009892546571791172,0.12007718533277512
072_c887ec5c.jpg_WYP2eizW7gY_157_1_label_fake.npz,Fake,Real,0.13461601410710955,0.05378549173474312,0.6043041944503784,4.909326207780396e-07,0.00904160737991333,0.005948286037892103
497_A0COLvfTyjc_audio_3_66_label_fake.npz,Fake,Real,0.16774933338165285,0.07082798331975937,0.7321795225143433,0.012299709022045135,0.01646582782268524,0.006973624229431152
316_PjGZ8ORHZc8_65_1_512x512_1_1803_withaudio_label_fake.npz,Fake,Real,0.025510798767209054,0.0652487501502037,0.02396099828183651,0.015411513857543468,0.018948866054415703,0.003983865492045879
UzfVjgZKjro_1080p_97_4_180_label_fake.npz,Fake,Real,0.03241508250430343,0.08067235350608826,0.0616602823138237,1.0785708582261577e-05,0.011687512509524822,0.008044478483498096
22674-_-nNx99qK4A_58_4_label_fake.npz,Fake,Real,0.25047839150865914,0.5393263697624207,0.015453021042048931,5.127289841766469e-05,0.196443110704422,0.5011181831359863
086_9b7a99a3.jpg_wdNhtZOGxBw_126_1_label_fake.npz,Fake,Real,0.028944266939652154,0.08778706192970276,0.027710504829883575,5.752303695771843e-05,0.022031206637620926,0.007135038264095783
497_1WuFbrHbnW8_94_5-batch-2025-02-06-13-00-20-201_label_fake.npz,Fake,Real,0.28013453073799616,0.1137356162071228,0.21966709196567535,0.9987866282463074,0.020522767677903175,0.0479605495929718
9cwqheSOIkc_4_label_fake.npz,Fake,Real,0.022461289917154192,0.06763774901628494,0.03290551155805588,2.345980007478765e-11,0.007442241534590721,0.004320947453379631
cyyeokhRDgI_300_24_label_real.npz,Real,Deepfake,0.4409661027991423,0.5101432800292969,0.9164498448371887,1.6492430532366598e-08,0.29459115862846375,0.4836462140083313
286_7AldV8ATrJc_239_1_512x512_1_1803_withaudio_label_fake.npz,Fake,Real,0.030013361456525445,0.07474213093519211,0.05643806979060173,3.1606620609636593e-07,0.011971049010753632,0.006915241479873657
18161-J-vYXU4vqcY_1_1_label_fake.npz,Fake,Real,0.24139793994836511,0.06831242889165878,0.12698647379875183,0.9984455704689026,0.009768371470272541,0.0034768551122397184
063_1fb10bab.jpg_1aIMkhQHGO0_23_4_label_fake.npz,Fake,Real,0.1470547352330566,0.16362479329109192,0.534803032875061,1.7219800585444034e-10,0.017100628465414047,0.019745221361517906
18849_vD3nsZApevw_204_1_label_fake.npz,Fake,Real,0.023763864068314437,0.06254612654447556,0.0417136512696743,0.000400076387450099,0.010900667868554592,0.003258798271417618
36_7ua-Uet5y28_audio_3_label_fake.npz,Fake,Real,0.3359620778280572,0.7049354910850525,0.00728710787370801,3.605116205562808e-08,0.7408267259597778,0.22676102817058563
293_keEKlr2dG-I_7_1_512x512_1_1803_withaudio_label_fake.npz,Fake,Real,0.037857156415702774,0.07844342291355133,0.0738716647028923,0.0004172773624304682,0.03279456868767738,0.00375884841196239
12814-itFwx1CZM9I_99_2_label_fake.npz,Fake,Real,0.11507936008274555,0.07052228599786758,0.16444170475006104,0.13115718960762024,0.2001110166311264,0.009164603427052498
D56tKWtAMbw_1235_1_29_label_fake.npz,Fake,Real,0.03254546760581434,0.07209411263465881,0.0697564035654068,0.004689679481089115,0.012965627014636993,0.0032215153332799673
18830-9_O7qXqrMfE_94_1_label_fake.npz,Fake,Real,0.09116025314961008,0.0720427855849266,0.3079772889614105,4.69988754048245e-06,0.017994806170463562,0.05778168514370918
15069.png_zr6OpxBh5DA_383_2_label_fake.npz,Fake,Real,0.0726557412184775,0.06344595551490784,0.13644205033779144,0.14857742190361023,0.010366293601691723,0.004446984734386206
42092.png_qxiG3Ycr0oM_32_1_label_fake.npz,Fake,Real,0.12721029653076812,0.15468965470790863,0.3543875515460968,3.046753249691392e-07,0.011704593896865845,0.11526937782764435
20856-I5oeY5O5oJI_42_1_label_fake.npz,Fake,Deepfake,0.4554439038038254,0.26041287183761597,0.617546558380127,0.04058144986629486,0.7952613830566406,0.5634172558784485
21807-3NYH-zyIfZY_25_1_label_fake.npz,Fake,Real,0.22013209297292632,0.3404821455478668,0.2133398801088333,5.683968629455194e-05,0.1349867880344391,0.4117948114871979
26389.png_1aIMkhQHGO0_28_12_label_fake.npz,Fake,Real,0.16491012424552653,0.12584930658340454,0.6524714231491089,1.6103630581798534e-11,0.03271246701478958,0.013517424464225769
44803.png_wf32v1liDSQ_235_1_label_fake.npz,Fake,Real,0.06993379089644804,0.062069687992334366,0.2562220096588135,3.836100859189173e-06,0.015911968424916267,0.015461452305316925
083_16b5e7ab_78p4J0EEepU_6_2-batch-2025-02-06-13-00-20-12_label_fake.npz,Fake,Real,0.30028295247830106,0.7198788523674011,0.7215719819068909,4.9314974603476e-05,0.021871084347367287,0.03804352879524231
356-UzfVjgZKjro_1080p_48_8_label_fake.npz,Fake,Deepfake,0.46579084992408754,0.6340808272361755,0.1161700040102005,0.45338141918182373,0.21293164789676666,0.9123903512954712
34_0m3uQApRWVY_audio_3_label_fake.npz,Fake,Real,0.024863419495522978,0.0711900144815445,0.010590260848402977,1.341954458660554e-25,0.0338447131216526,0.008692109026014805
16004.png_De5FGogMWzQ_121_1_label_fake.npz,Fake,Real,0.028389376355335116,0.07392461597919464,0.043846286833286285,0.0007626942824572325,0.011162377893924713,0.01225090678781271
15212-LUn8IjZKBPg_51_1_label_fake.npz,Fake,Real,0.07120882850285852,0.059881385415792465,0.2645484209060669,1.8336351786274463e-05,0.02594073675572872,0.005655263084918261
PHMafVnjks8_35_1_183_label_fake.npz,Fake,Real,0.07706228941679001,0.06991996616125107,0.03071458823978901,0.2580827474594116,0.020150667056441307,0.006443478167057037
00505.png_rGW7sZQ9AYY_605_1_label_fake.npz,Fake,Deepfake,0.45393704376083377,0.4415707290172577,0.9945053458213806,1.0006713679899804e-08,0.05700597167015076,0.7766031622886658
14050-trevouDeEyo_2_1_label_fake.npz,Fake,Real,0.08147912062704563,0.12782230973243713,0.11190237104892731,1.2795718691790656e-21,0.017130227759480476,0.15054069459438324
029_2f4ca9e5_GK9gq8WEHA0_790_1-batch-2025-02-06-13-00-20-210_label_fake.npz,Fake,Real,0.0460937976531568,0.14345020055770874,0.05138891935348511,9.615704038878903e-05,0.012484602630138397,0.023049108684062958
107_dwyz8kUPW2M_audio_2_label_fake.npz,Fake,Real,0.28731381092220554,0.07255374640226364,0.3424902558326721,0.9944631457328796,0.016395196318626404,0.010666710324585438
192_Je9hLZKYTz4_117_7_512x512_1_1803_withaudio_label_fake.npz,Fake,Real,0.14797208039090037,0.06854125112295151,0.6077613830566406,0.04419359937310219,0.012670602649450302,0.0066935657523572445
wdNhtZOGxBw_229_6_25fps--04749_OpitcLEYak8_1080p_70_10_25fps_label_fake.npz,Fake,Deepfake,0.37568305619060993,0.923038125038147,0.024167150259017944,0.4154318571090698,0.02661883272230625,0.48915931582450867
095_fc25a60b.jpg_JFBVpNgehIg_1080p_102_7_label_fake.npz,Fake,Real,0.039419120580714666,0.07062017172574997,0.10365688055753708,7.685847958782688e-05,0.01100863330066204,0.011733058840036392
461_itmL4UpC5eQ_audio_short_label_fake.npz,Fake,Real,0.021848825305922404,0.07407286763191223,0.01864110864698887,1.687485706725056e-10,0.011926546692848206,0.0046036033891141415
29944-d2om_PGtwWY_33_2_label_fake.npz,Fake,Deepfake,0.46610962003469475,0.670120358467102,0.09162291139364243,0.7009351849555969,0.10204759240150452,0.7658220529556274
5447-nlrjxL_frmk_100_1_label_fake.npz,Fake,Real,0.1404370303910582,0.06444549560546875,0.6036264896392822,3.6525038922263775e-06,0.014171075075864792,0.01993843913078308
275-lZ3gDXlLRfA_4_1_label_fake.npz,Fake,Real,0.08381072556367145,0.16354210674762726,0.0018635374726727605,0.00024176813894882798,0.20007774233818054,0.05332847312092781
28_Y7ZKnBkWoHM_audio_1_label_fake.npz,Fake,Real,0.04940375946465686,0.08718519657850266,0.019452949985861778,1.765514953200667e-13,0.10209211707115173,0.03828853368759155
2901-QwWcO0-ne8c_36_2_label_fake.npz,Fake,Deepfake,0.561495591700077,0.7490152716636658,0.11846043914556503,0.9496201276779175,0.06952045857906342,0.9208616614341736
020_c1a8bc2c_4DXBHgW9NlI_280_12-batch-2025-02-06-13-00-20-416_label_fake.npz,Fake,Real,0.1844295372382476,0.07780461013317108,0.822012722492218,8.949607945396565e-06,0.014223997481167316,0.008097406476736069
039_3daa67cf_1WuFbrHbnW8_94_5-batch-2025-02-06-13-00-20-171_label_fake.npz,Fake,Real,0.2667421348392963,0.08126167953014374,0.21966709196567535,0.9987866282463074,0.02019619196653366,0.013799082487821579
001_08212dcd.jpg_cyyeokhRDgI_927_2_label_fake.npz,Fake,Deepfake,0.5821819245815277,0.4352703094482422,0.9125816226005554,0.9527391195297241,0.04136493802070618,0.5689536333084106
139_1xkOIPjOIGo_audio_2_label_fake.npz,Fake,Real,0.024927815315231784,0.06926365196704865,0.021598784253001213,2.680276111277635e-06,0.026935651898384094,0.006838308181613684
37046_t86T9sem8EM_116_1_label_fake.npz,Fake,Real,0.12480210119611002,0.05689140781760216,0.5411261320114136,4.395832002046518e-05,0.016392521560192108,0.009556486271321774
28970-fAh51cqF86I_36_1_label_fake.npz,Fake,Real,0.24051553457975386,0.09366295486688614,0.39028334617614746,0.6221830248832703,0.04426167160272598,0.05218667536973953
077_e589a0e2_msJFD79STuU_321_5-batch-2025-02-06-13-00-20-348_label_fake.npz,Fake,Real,0.14087790391640737,0.2371145784854889,0.27540120482444763,0.0006244104006327689,0.10177288204431534,0.08947644382715225
6.png_JFBVpNgehIg_1080p_116_1_label_fake.npz,Fake,Real,0.07925332635641098,0.10764108598232269,0.018240101635456085,0.18899814784526825,0.027605731040239334,0.05378156527876854
496_1WuFbrHbnW8_94_5-batch-2025-02-06-13-00-20-321_label_fake.npz,Fake,Real,0.2627022521570325,0.07548157870769501,0.21966709196567535,0.9987866282463074,0.011193100363016129,0.008382861502468586
39363_-Cg7IYe6Avw_audio_1_12_label_fake.npz,Fake,Real,0.05914163395835359,0.1320485919713974,0.10769272595643997,1.4937618919574902e-09,0.017402421683073044,0.03856442868709564
cZ_DoJj9PXQ_12_4_50_label_fake.npz,Fake,Real,0.047016467340290705,0.07969161868095398,0.1335725337266922,8.141611338185778e-16,0.012930762022733688,0.008887422271072865
47156-eWj2-6q2ybk_248_2_label_fake.npz,Fake,Real,0.14712613384763246,0.5446940660476685,0.04460684955120087,1.619437534827739e-05,0.049780238419771194,0.09653332084417343
28736-bOshKjz0WsQ_11_6_label_fake.npz,Fake,Real,0.17884584096976894,0.06568576395511627,0.8073559403419495,5.493729204886222e-08,0.01338014006614685,0.007807305548340082
6682-DZPR3UVoHCU_25_1_label_fake.npz,Fake,Real,0.04261628584827122,0.1585187464952469,0.02070513367652893,2.5985291358665563e-05,0.0243731290102005,0.009458434768021107
24555-3C3zslsslRs_3_1_label_fake.npz,Fake,Real,0.09319075067538735,0.20250149071216583,0.20202727615833282,2.0959470248271828e-07,0.024323944002389908,0.03710083290934563
4424-VpELBj01GWo_119_4_label_fake.npz,Fake,Real,0.2588970305175662,0.44129282236099243,0.031455397605895996,8.201002099639254e-10,0.1318468451499939,0.6898900866508484
063_61a5b737-zr6OpxBh5DA_202_1_label_fake.npz,Fake,Real,0.049151919884366194,0.16222937405109406,0.025237690657377243,1.7420842368665035e-06,0.01639670319855213,0.0418940894305706
21391-6xWbT6xIeaM_67_1_label_fake.npz,Fake,Real,0.13219080419108925,0.2911224663257599,0.10421204566955566,3.8030526644527995e-11,0.07002215832471848,0.1955973505973816
19_y3AWF-TNUqE_audio_3_4_label_fake.npz,Fake,Real,0.050564647745341064,0.07590112835168839,0.05183375999331474,0.10619836300611496,0.011163568124175072,0.007726419251412153
14882-fcYeXCacyrk_144_1_label_fake.npz,Fake,Real,0.07073975447565317,0.12119429558515549,0.013407505117356777,0.024575890973210335,0.06244732066988945,0.1320737600326538
Je9hLZKYTz4_86_8_25fps--300_-NMs56pQ9EE_52_3_25fps_label_fake.npz,Fake,Real,0.2874495969655755,0.6176393628120422,0.06821181625127792,1.6398442994614015e-06,0.06447499990463257,0.686920166015625
419_d2nQ564jMOw_audio_3_92_label_fake.npz,Fake,Real,0.18480541333556177,0.06138993427157402,0.815944492816925,0.013664428144693375,0.021973030641674995,0.011055180802941322
14661-pNogULi28gs_0_1_label_fake.npz,Fake,Deepfake,0.37854635055524855,0.3868368864059448,0.35362353920936584,2.6606656433614262e-08,0.3160484731197357,0.8362228274345398
14_4sbIYImHx3U_audio_3_label_fake.npz,Fake,Real,0.1119340465636924,0.06739454716444016,0.0012364113936200738,0.455284059047699,0.024942969903349876,0.010812245309352875
77_2N2yMoz-y6I_audio_3_label_fake.npz,Fake,Real,0.15925333611773168,0.08782216906547546,0.6714895367622375,2.351642507392171e-07,0.03186216577887535,0.005092573817819357
43659.png_GNkwgfQFj60_208_4_label_fake.npz,Fake,Deepfake,0.3610377907753106,0.6471560001373291,0.0872856080532074,5.771489379078829e-14,0.4566202461719513,0.6141270995140076
5346-sUv353ua7E8_40_2_label_fake.npz,Fake,Real,0.29855073243379593,0.1878640055656433,0.044596437364816666,0.9985961318016052,0.05981201305985451,0.20188507437705994
D56tKWtAMbw_863_1_label_real.npz,Real,Real,0.13863875763490796,0.3177832365036011,0.08530058711767197,0.005632387939840555,0.028584733605384827,0.2558928430080414
326-TkkHKU_lLqU_121_1_label_fake.npz,Fake,Real,0.33355433791875844,0.6880677938461304,0.12022572010755539,0.15568089485168457,0.2005605697631836,0.503236711025238
38756-IK5BZdnqMDU_315_3_label_fake.npz,Fake,Real,0.3146057897035121,0.6563311219215393,0.025574911385774612,7.230658525259059e-07,0.32554325461387634,0.5655789375305176
9536-E1R1P_NyvF8_100_1_label_fake.npz,Fake,Real,0.12617371194064708,0.341627836227417,0.008214963600039482,4.529192742153045e-15,0.025370381772518158,0.2556553781032562
Du1SKO_ri4w_48_139_label_real.npz,Real,Deepfake,0.45154276157545614,0.6464865803718567,0.15016140043735504,7.448848464264302e-06,0.8891955018043518,0.5718628764152527
12884-KEz7EZcfVts_0_1_label_fake.npz,Fake,Real,0.0459946956021837,0.07791666686534882,0.11687298119068146,6.994860801690095e-10,0.02494882605969906,0.01023500319570303
lXXCH-gBGzI_89_60_243_label_fake.npz,Fake,Real,0.01977641989833501,0.06736600399017334,0.014611007645726204,1.9525288735167123e-05,0.013572582975029945,0.003312979592010379
46944.png_KyeC6d6MTSU_190_1_label_fake.npz,Fake,Real,0.25458529805764557,0.05764155462384224,0.2264004647731781,0.9707094430923462,0.014164173975586891,0.004010853823274374
167_b2390a04-WxdaDqICMP8_155_1_label_fake.npz,Fake,Real,0.11520852841058514,0.458198606967926,0.014879226684570312,9.256524936063215e-05,0.023206284269690514,0.07966595888137817
066_50092138.jpg_gIrpCS5CRYU_635_1_label_fake.npz,Fake,Real,0.262301112167188,0.3379279673099518,0.15287232398986816,7.69356993259862e-05,0.770467221736908,0.05016111209988594
3497-Ne-1bg2Ifn4_74_1_label_fake.npz,Fake,Real,0.30043234340846536,0.20651645958423615,0.24238848686218262,0.909055233001709,0.015016293153166771,0.1291852444410324
35385.png_GtBnj3Z3eO4_17_1_label_fake.npz,Fake,Real,0.13645880690601192,0.5745609402656555,0.07327834516763687,0.00010266074968967587,0.01701686717569828,0.01733522117137909
29780-vYG3_0iwY6Q_29_1_label_fake.npz,Fake,Real,0.04308281962294131,0.1390092819929123,0.03483055531978607,0.0006054273108020425,0.01815131865441799,0.022817514836788177
28539-6w9ikJPzTOA_30_1_label_fake.npz,Fake,Real,0.08225312819704414,0.05212061479687691,0.10572143644094467,0.23870053887367249,0.011950897052884102,0.0027721538208425045
21921-awYvLQ53n3M_0_1_label_fake.npz,Fake,Real,0.3266579493880272,0.2585865557193756,0.36807870864868164,0.7420048713684082,0.033596016466617584,0.23102359473705292
19_ziKLnr38F-A_audio_short_512x512_1_1026_withaudio_label_fake.npz,Fake,Real,0.04257346001593279,0.07344387471675873,0.11929310113191605,6.107141903299862e-09,0.014656946994364262,0.0054733711294829845
191_o6kL4Ik6rVE_audio_1_512x512_1_1026_withaudio_label_fake.npz,Fake,Real,0.035148094770738686,0.07296722382307053,0.0710003525018692,8.312003956234548e-06,0.028349820524454117,0.0034147650003433228
497_sba-i5-e3WY_3816_1-batch-2025-02-06-13-00-20-200_label_fake.npz,Fake,Real,0.23774967858843327,0.776922345161438,0.029144730418920517,7.18495840601463e-09,0.03662842512130737,0.346052885055542
1889-x92AnU6MUr0_96_4_label_fake.npz,Fake,Deepfake,0.35714598894119265,0.07247718423604965,0.6971856951713562,0.9997615218162537,0.009862974286079407,0.006442569196224213
3782-SWHweN9WlkU_72_2_label_fake.npz,Fake,Deepfake,0.4558955204673112,0.9093441367149353,0.12809951603412628,0.0073488266207277775,0.2527965307235718,0.9818885922431946
J_ComKnl1hk_7_9_578_label_fake.npz,Fake,Real,0.041656315714165976,0.07515468448400497,0.0414162203669548,7.473133917246244e-11,0.017528468742966652,0.07418220490217209
36576.png_O_6kW3Mrkm8_66_1_label_fake.npz,Fake,Real,0.2182752639055252,0.06678898632526398,0.041745737195014954,0.9457604885101318,0.017252421006560326,0.019828686490654945
03916_nBhxjAQzAg4_audio_1_label_fake.npz,Fake,Real,0.19261757233180105,0.06592381000518799,0.8658033609390259,0.00212699337862432,0.02337595261633396,0.005857744719833136
97_0JoQSGXmReo_audio_2_label_fake.npz,Fake,Real,0.07440656256199718,0.08982956409454346,0.22213959693908691,4.6700656675113805e-09,0.032473765313625336,0.027589881792664528
146.png_f4S7SIVAHuw_9_10_label_fake.npz,Fake,Real,0.06521637663261612,0.08076652139425278,0.21067234873771667,8.204853354891462e-13,0.011672243475914001,0.022970769554376602
fnYlmAS2w3Y_65_label_fake.npz,Fake,Real,0.07873531537579732,0.09414706379175186,0.23507362604141235,1.2781582015009008e-08,0.02255217358469963,0.041903700679540634
4ztEkclvJjY_90_6_507_label_fake.npz,Fake,Real,0.13404275923967363,0.05721026286482811,0.5987410545349121,2.604745220020028e-18,0.009293705224990845,0.004968773573637009
21795-H_c_crxV9O8_106_1_label_fake.npz,Fake,Deepfake,0.5602448917423317,0.729740560054779,0.11806857585906982,2.1088617359055206e-05,0.969279944896698,0.9841142892837524
487_aXCflwBNft4_audio_2_label_fake.npz,Fake,Real,0.29097432341659446,0.15890149772167206,0.11021432280540466,0.0005139185232110322,0.6408380270004272,0.5444038510322571
eWj2-6q2ybk_83_1_363_label_fake.npz,Fake,Real,0.018684424925595525,0.06821689009666443,0.008491769433021545,0.00037863338366150856,0.008745322935283184,0.007589508779346943
ldI1peHBLa0_67_7_label_real.npz,Real,Deepfake,0.40066529503092174,0.07099984586238861,0.9126773476600647,0.9999393224716187,0.014918615110218525,0.004791344050318003
VO2JJnSLtas_7_2_292_label_fake.npz,Fake,Real,0.030966757144778964,0.024557212367653847,0.00820985995233059,0.10574880987405777,0.010943582281470299,0.00537432124838233
7712-ezja7-YQ72g_1_4_label_fake.npz,Fake,Real,0.1722273693643274,0.1300482153892517,0.6244986653327942,6.469151685450925e-07,0.020158180966973305,0.08643113821744919
12627-53GIoeOAam4_9_1_label_fake.npz,Fake,Real,0.026085906865046124,0.1000039353966713,0.005668891593813896,5.2725979912793264e-05,0.012762864120304585,0.011941117234528065
198.png_Vz-kJATn87E_1080p_161_1_label_fake.npz,Fake,Real,0.19897330552339554,0.3706081509590149,0.033751096576452255,0.010248944163322449,0.03771599754691124,0.5425423383712769
25585-1t8tfCELNck_23_1_label_fake.npz,Fake,Deepfake,0.40084057155797437,0.3257896602153778,0.11548756062984467,1.763081208805417e-10,0.7281954884529114,0.8347301483154297
T47iIAEaLmY_1080p_28_8_25fps--07009_7AldV8ATrJc_115_1_25fps_label_fake.npz,Fake,Real,0.16296753600272335,0.5316333770751953,0.007768430281430483,2.8102575821975506e-10,0.04023074358701706,0.23520512878894806
41-dTeNSc1Sp28_161_189_label_fake.npz,Fake,Real,0.05247165791224689,0.10808034986257553,0.0008826832054182887,0.0068568573333323,0.11232433468103409,0.03421406447887421
487.png_D92_Zhlb0qE_1080p_87_30_label_fake.npz,Fake,Real,0.2914423959329725,0.07553171366453171,0.5764825344085693,0.7811524868011475,0.011616765521466732,0.01242847926914692
kQPvtHeUUfU_92_9_25fps--35025_q__LT1Js9gE_1080p_102_1_25fps_label_fake.npz,Fake,Real,0.0820638852648699,0.23526768386363983,0.09444519877433777,8.243363481597044e-06,0.052274249494075775,0.028324050828814507
_QCP7kiW44E_118_3_308_label_fake.npz,Fake,Real,0.02318735818480491,0.07171659916639328,0.02855873294174671,3.124806607956998e-05,0.011768295429646969,0.0038619153201580048
068_712660e4--19DTZ6_d6U_1244_1_label_fake.npz,Fake,Real,0.33856139669369445,0.7800178527832031,0.0043266513384878635,5.665385106112808e-05,0.2147630900144577,0.6936427354812622
28029-6cKTSj4a8bQ_138_4_label_fake.npz,Fake,Real,0.23153560981154442,0.11071982234716415,0.08584053814411163,0.8658750653266907,0.03306824341416359,0.06217437982559204
20937.png_sd9dr0qq7cg_162_1_label_fake.npz,Fake,Deepfake,0.47729415744543074,0.16619281470775604,0.9634464979171753,0.9953054785728455,0.01684556156396866,0.24468043446540833
18036_eEBMUm3hNj8_audio_2_157_label_fake.npz,Fake,Real,0.036391592399493335,0.07036195695400238,0.08847371488809586,6.0373065054186714e-12,0.012831109575927258,0.010291180573403835
022_b60724f6-u-X671JqQWA_62_200_label_fake.npz,Fake,Real,0.33793645048772303,0.594817042350769,0.14457111060619354,1.4759333680558484e-05,0.24928681552410126,0.7009925246238708
3652-O1JxQ9OyJRQ_131_1_label_fake.npz,Fake,Real,0.07143756385668212,0.10079246014356613,0.18483568727970123,2.7342508701622137e-07,0.010418715886771679,0.06114068254828453
029_2f4ca9e5_DR5IQXWY_uA_73_1-batch-2025-02-06-13-00-20-223_label_fake.npz,Fake,Real,0.03629563958421308,0.1620061844587326,0.0033320721704512835,1.8605570643176472e-12,0.011946426704525948,0.004193514585494995
25971_OpitcLEYak8_1080p_11_3_label_fake.npz,Fake,Real,0.028280286258086564,0.07032094150781631,0.03564668446779251,0.010499275289475918,0.021672317758202553,0.0032622122671455145
25585-Z9_kN3rGJfE_20_2_label_fake.npz,Fake,Real,0.18882643254910364,0.4783670902252197,0.023799873888492584,6.681915692752227e-05,0.022112105041742325,0.419786274433136
033_34c27ce3.jpg_E7lIbmnQqgU_322_2_label_fake.npz,Fake,Real,0.0715989317744991,0.1511014997959137,0.11693380028009415,1.0284508874137e-14,0.015611616894602776,0.07434774190187454
25124-KFOvtqspEZk_74_1_label_fake.npz,Fake,Real,0.09699481306797679,0.11606114357709885,0.2943558394908905,1.2574261745612603e-05,0.02148013561964035,0.05306437239050865
ldI1peHBLa0_67_10_label_real.npz,Real,Real,0.16853760993108155,0.07057861238718033,0.7307000756263733,0.02733706496655941,0.009720757603645325,0.004351539071649313
9072-A-BRu8z7ztk_24_1_label_fake.npz,Fake,Real,0.01843053484335542,0.06675107032060623,0.009133124724030495,3.321684990796276e-18,0.01135169342160225,0.004916785750538111
0mnBxMvTbts_5_1_label_real.npz,Real,Real,0.10580738451913305,0.0708107128739357,0.4393036663532257,1.8834249715382612e-07,0.012221786193549633,0.006700568832457066
414_Lc0n7WuOwDs_1080p_0_1_512x512_1_1803_withaudio_label_fake.npz,Fake,Real,0.09507752712815999,0.06827330589294434,0.19318567216396332,0.1710934340953827,0.03742228075861931,0.0054129427298903465
H1ajK1qLRWc_1080p_71_1_label_real.npz,Real,Real,0.30269679916018505,0.6102153658866882,0.09923847019672394,3.4542983485152945e-05,0.11799956113100052,0.6859960556030273
061_4544a552.jpg_Lc0n7WuOwDs_1080p_236_2_label_fake.npz,Fake,Deepfake,0.39255445860326293,0.4397575855255127,0.09374403208494186,0.9977565407752991,0.022199412807822227,0.40931472182273865
018_2974b20a-62ywI44YAxQ_33_2_label_fake.npz,Fake,Deepfake,0.5818683445553753,0.8864979147911072,0.3080000579357147,5.0054110162234267e-11,0.8931085467338562,0.8217352032661438
057_7f34f0f4.jpg_ldI1peHBLa0_67_7_label_fake.npz,Fake,Deepfake,0.3994542831555009,0.06175750121474266,0.911533534526825,0.9998788833618164,0.014729790389537811,0.009371706284582615
27651-K6rSVoAakQ8_50_1_label_fake.npz,Fake,Real,0.22932344148866834,0.07161112129688263,0.15595659613609314,0.9035022258758545,0.012587925419211388,0.002959338715299964
uaUeoNnxmco_219_1_label_real.npz,Real,Real,0.0702063406817615,0.06021003797650337,0.21347780525684357,0.061062250286340714,0.012102609500288963,0.0041790003888309
9RZI_ZKQwRc_45_4_474_label_fake.npz,Fake,Real,0.017633860278874636,0.06623341888189316,0.004319369327276945,5.283131151276412e-25,0.007981464266777039,0.009635048918426037
85_mNUVrrrSzIM_audio_2_label_fake.npz,Fake,Real,0.035333021357655536,0.07511141151189804,0.0765860304236412,6.471078930627658e-17,0.015210806392133236,0.009756858460605145
259_7F45HwAkc1A_1080p_112_1_512x512_1_1803_withaudio_label_fake.npz,Fake,Real,0.025696913432329892,0.04511072859168053,0.01759115792810917,0.045710235834121704,0.013472015038132668,0.006600429769605398
33_TXszVudcarI_audio_2_label_fake.npz,Fake,Real,0.21791943199932576,0.0855083242058754,0.011513552628457546,0.9618555903434753,0.015897048637270927,0.014822644181549549
fzFCxS8Az2g_139_4_48_label_fake.npz,Fake,Real,0.02416259157471359,0.06563103199005127,0.037023451179265976,0.0016321174334734678,0.010007564909756184,0.006518792361021042
076_d4ee20ae.jpg__sAbvloLTNQ_1568_1_label_fake.npz,Fake,Real,0.04728773692646054,0.13697688281536102,0.0053116255439817905,1.1636718064839124e-12,0.07585003972053528,0.018300136551260948
14155-0Mi0miIN6tA_131_1_label_fake.npz,Fake,Real,0.2721906992545286,0.28783267736434937,0.36719632148742676,4.6069700943007774e-08,0.4538237154483795,0.25210073590278625
SN_ezyaGtjs_29_1_label_fake.npz,Fake,Real,0.019868207596573484,0.06747477501630783,0.013212037272751331,7.201151674962603e-08,0.011109370738267899,0.007544782944023609
042_2ccd070f.jpg_K92gto9SW2U_445_22_label_fake.npz,Fake,Real,0.21394807621836742,0.4981393814086914,0.02430829033255577,3.863914430654678e-15,0.2547236680984497,0.29256904125213623
10554-LUn8IjZKBPg_37_2_label_fake.npz,Fake,Real,0.10949728454970682,0.07166104018688202,0.45472294092178345,5.173661975277355e-06,0.011033127084374428,0.010064140893518925
WYP2eizW7gY_123_1_120_label_fake.npz,Fake,Real,0.04481706011292808,0.07192707806825638,0.11836374551057816,9.648376320114949e-09,0.013999433256685734,0.01979503408074379
53854.png_bSVCG7iOG5I_63_1_label_fake.npz,Fake,Real,0.046453001582995056,0.17228327691555023,0.0205477736890316,0.0012279499787837267,0.014079835265874863,0.024126172065734863
UzfVjgZKjro_1080p_102_1_25fps--24676_q__LT1Js9gE_1080p_0_9_25fps_label_fake.npz,Fake,Real,0.05900936778634787,0.1436152458190918,0.06237347796559334,0.0012811431661248207,0.021584225818514824,0.06619274616241455
23620-QTau-xHsz80_123_1_label_fake.npz,Fake,Real,0.09825398065149785,0.1324235498905182,0.2236805111169815,0.014194561168551445,0.023993972688913345,0.09697730839252472
wdNhtZOGxBw_266_1_25fps--38992_9RZI_ZKQwRc_28_4_25fps_label_fake.npz,Fake,Deepfake,0.5994049151428045,0.8008421063423157,0.005141476634889841,0.9985139966011047,0.4031108021736145,0.7894161939620972
499_GK9gq8WEHA0_790_1-batch-2025-02-06-13-00-20-360_label_fake.npz,Fake,Real,0.03670313504262595,0.08844762295484543,0.05138891935348511,9.615704038878903e-05,0.01795889437198639,0.02562408149242401
10451-MOBGaVJH54A_16_1_label_fake.npz,Fake,Real,0.03758823480457068,0.07854468375444412,0.065022774040699,0.0006662062369287014,0.039214931428432465,0.004492578562349081
11520-mRNCLRo9JAM_31_10_label_fake.npz,Fake,Real,0.07275994711426392,0.07217401266098022,0.25527045130729675,6.882141406094888e-06,0.027186177670955658,0.009162211790680885
056_ccaa5638.jpg_1P9nl9tBK38_498_1_label_fake.npz,Fake,Real,0.1376245901626308,0.2150949090719223,0.059793662279844284,3.188645181229077e-10,0.0331745408475399,0.3800598382949829
080_38c2109a.jpg_H1ajK1qLRWc_1080p_25_1_label_fake.npz,Fake,Real,0.14909391924738885,0.13897626101970673,0.12134669721126556,0.017179252579808235,0.020669663324952126,0.44729772210121155
p1bOOYSCzxs_20_3_label_real.npz,Real,Real,0.11369824446737767,0.23788927495479584,0.27381205558776855,0.020816422998905182,0.013044189661741257,0.022929279133677483
36_U229xdnLKAg_audio_3_512x512_1_1026_withaudio_label_fake.npz,Fake,Real,0.11483574383892119,0.13324974477291107,0.3159189820289612,0.0028949205297976732,0.04918203130364418,0.07293304055929184
63166_qYHsNiHJpDU_audio_1_20_label_fake.npz,Fake,Real,0.21667835516855122,0.06139722093939781,0.0022974866442382336,0.9992467164993286,0.012543822638690472,0.007906529121100903
07506_-VbyZhzAZUA_audio_1_80_label_fake.npz,Fake,Real,0.23363561099395158,0.06611259281635284,0.08756393194198608,0.9938953518867493,0.013391999527812004,0.0072141787968575954
060_78fae615.jpg_GiRZf3AUfW0_0_23_label_fake.npz,Fake,Real,0.20753933172672986,0.22142969071865082,0.009531480260193348,0.6715654134750366,0.021897712722420692,0.11327236145734787
19282-NSWcdPWXZQI_8_1_label_fake.npz,Fake,Real,0.024077237233086635,0.06093176081776619,0.045626040548086166,5.46138517165673e-06,0.010564056225121021,0.0032588671892881393
y3AWF-TNUqE_725_1_label_real.npz,Real,Deepfake,0.5131402254104614,0.45105525851249695,0.7455682754516602,0.32336506247520447,0.4781479239463806,0.5675646066665649
005_9574c208--G4vMYK4mHY_986_3_label_fake.npz,Fake,Deepfake,0.380492835235782,0.4335881769657135,0.9972706437110901,0.001019145012833178,0.18569642305374146,0.2848897874355316
039_3daa67cf_4DXBHgW9NlI_280_12-batch-2025-02-06-13-00-20-176_label_fake.npz,Fake,Real,0.18119413649073976,0.06965842843055725,0.822012722492218,8.949607945396565e-06,0.0092048030346632,0.005085778888314962
03GPqk22j-w_213_1_label_real.npz,Real,Real,0.11853152171729862,0.07779773324728012,0.5015909671783447,1.407593347435565e-10,0.008972924202680588,0.0042959838174283504
19742-LUn8IjZKBPg_53_1_label_fake.npz,Fake,Real,0.10001901844807436,0.06704498827457428,0.41590163111686707,6.730576569680125e-05,0.014231320470571518,0.002849846612662077
29526-lSCTGJbObOg_17_4_label_fake.npz,Fake,Real,0.03436567429453134,0.05892445147037506,0.07934068143367767,0.004065665416419506,0.023941457271575928,0.005556115880608559
29167-xGCuF-h-XVc_125_1_label_fake.npz,Fake,Real,0.0792265988886362,0.20215843617916107,0.026900671422481537,2.8112426361142414e-15,0.016598563641309738,0.15047532320022583
2NlEdgEI_mc_116_10_60_label_fake.npz,Fake,Real,0.02948947356346565,0.06888870149850845,0.05718639865517616,3.973411111246605e-08,0.011328373104333878,0.01004385482519865
lBApoKf5KAQ_25_1_103_label_fake.npz,Fake,Real,0.10926315145734408,0.2833279073238373,0.052658818662166595,4.799765520147048e-06,0.012637723237276077,0.19768650829792023
051_12956682.jpg_lXXCH-gBGzI_65_60_label_fake.npz,Fake,Real,0.2006444300990552,0.6329120993614197,0.005843000952154398,0.003902497934177518,0.059237949550151825,0.30132660269737244
4638-2gOvQIMWbCY_10_1_label_fake.npz,Fake,Deepfake,0.5495036837255612,0.5304936170578003,0.5056418180465698,2.8191405363031663e-05,0.8722926378250122,0.8390621542930603
12078-O4A-dk60Njg_183_1_label_fake.npz,Fake,Deepfake,0.35005489438824394,0.6486082077026367,0.07818358391523361,2.6096314779261442e-12,0.08756721019744873,0.935915470123291
075_b5f2a9e5-JO4zM3x9SIg_69_1_label_fake.npz,Fake,Deepfake,0.48045169616816574,0.6530342698097229,0.9983749389648438,0.0003058267175219953,0.04664042592048645,0.7039030194282532
031_a92db443-WxdaDqICMP8_458_1_label_fake.npz,Fake,Real,0.1495734985219315,0.4899478852748871,0.03278541564941406,0.0006917171413078904,0.06286204606294632,0.161580428481102
56kjnBhGy8Y_1080p_82_4_label_real.npz,Real,Real,0.09239765009842812,0.1530270129442215,0.07234428077936172,0.003015312133356929,0.07308793067932129,0.1605137139558792
5oEJ6HpCC1c_25_1_label_real.npz,Real,Real,0.040781179256737236,0.09580680727958679,0.011971821077167988,0.029471999034285545,0.04712802171707153,0.019527247175574303
446.png_dTeNSc1Sp28_531_53_label_fake.npz,Fake,Real,0.15394823625683784,0.18546374142169952,0.10458345711231232,0.35730865597724915,0.05057312175631523,0.071812205016613
259-5xBpkc7-w3A_76_1_label_fake.npz,Fake,Real,0.3436149373650551,0.4329000413417816,0.012124411761760712,0.5709538459777832,0.1064593642950058,0.5956370234489441
21347.png_GtBnj3Z3eO4_63_3_label_fake.npz,Fake,Real,0.12304606683653604,0.48783084750175476,0.04764065146446228,4.489481497671477e-08,0.06456415355205536,0.015194636769592762
428__fWyWcZB7VA_audio_2_512x512_1_1026_withaudio_label_fake.npz,Fake,Deepfake,0.3897982849739492,0.0822867900133133,0.850670337677002,1.0,0.011023001745343208,0.005011295434087515
7775-AbpNlshqtJc_153_1_label_fake.npz,Fake,Deepfake,0.47541495561599734,0.6345860958099365,0.31162112951278687,0.5192182660102844,0.0945625901222229,0.8170866966247559
060_003a8f0c.jpg_K3O_-Mjls_Q_1080p_105_1_label_fake.npz,Fake,Real,0.18256430616602304,0.4339969754219055,0.07235709577798843,0.006994880270212889,0.04387630522251129,0.35559627413749695
u-X671JqQWA_105_70_25fps--51835_BWQSACpMBOY_audio_3_147_label_fake.npz,Fake,Deepfake,0.6253083786190473,0.7295417189598083,0.9454519748687744,1.4106840353633743e-05,0.7605053782463074,0.6910287141799927
03GPqk22j-w_237_1_548_label_fake.npz,Fake,Real,0.08861814233678161,0.08921795338392258,0.33386653661727905,6.439859134843573e-05,0.015923120081424713,0.004018703009933233
28190-ADTwFvHACE4_90_1_label_fake.npz,Fake,Real,0.0686191191081889,0.06259512901306152,0.2631126046180725,0.0007133586914278567,0.013938522897660732,0.0027359803207218647
7014-awNrju1X3zc_21_2_label_fake.npz,Fake,Real,0.020494900738213927,0.07704395055770874,0.002631169743835926,6.2806799691617066e-12,0.016723167151212692,0.006076216232031584
hNOjkqrz-H8_636_1_label_real.npz,Real,Deepfake,0.4581110999839439,0.32334038615226746,0.9740260243415833,4.67193967779167e-06,0.524152398109436,0.46903201937675476
12754-hpsgQkD27BA_136_1_label_fake.npz,Fake,Real,0.061284061148762704,0.1439366191625595,0.003091779537498951,0.11781808733940125,0.014852377586066723,0.026721442118287086
48964-t8HrZTLRCeU_118_1_label_fake.npz,Fake,Deepfake,0.6313643267378211,0.6368830800056458,0.015499855391681194,0.676850438117981,0.9581292867660522,0.8694589734077454
20856-bkCpQk_K_jg_73_1_label_fake.npz,Fake,Real,0.2665352125419304,0.4177451729774475,0.029726523905992508,0.0016385674243792892,0.11891575157642365,0.7646500468254089
37_tf_pzTBKuFY_audio_1_512x512_1_1026_withaudio_label_fake.npz,Fake,Real,0.09041032381375837,0.0686795637011528,0.35182976722717285,1.0037353977490615e-12,0.016229430213570595,0.015312857925891876
6180-Ip7cs1D5tTQ_90_1_label_fake.npz,Fake,Real,0.052323327990968636,0.06712323427200317,0.176295205950737,1.6192402974013476e-10,0.012218660674989223,0.005979538895189762
UzfVjgZKjro_1080p_102_3_25fps--429_1nnKydcqmDI_24_1_25fps_label_fake.npz,Fake,Real,0.10606042873841943,0.19703345000743866,0.14485307037830353,6.247222336241975e-05,0.026114806532859802,0.16223834455013275
250.png_apnde-Dpq8E_1080p_195_1_label_fake.npz,Fake,Real,0.21535893082618715,0.3111817538738251,0.13451579213142395,0.2738869786262512,0.05820202827453613,0.2990081012248993
32521-dZV2TjhBthE_16_11_label_fake.npz,Fake,Real,0.07870436082594097,0.15661244094371796,0.13189677894115448,0.003835841780528426,0.05037440359592438,0.05080233886837959
17586-lSCTGJbObOg_277_3_label_fake.npz,Fake,Real,0.03456383813172579,0.0659262090921402,0.046401094645261765,0.028215782716870308,0.01415811013430357,0.0181179940700531
148-apnde-Dpq8E_1080p_217_2_label_fake.npz,Fake,Deepfake,0.4122362442314625,0.667065441608429,0.124386265873909,0.015826839953660965,0.7031683325767517,0.5507343411445618
7571-TalBZ9_fmQk_66_2_label_fake.npz,Fake,Real,0.03917207159840075,0.06575345247983932,0.1089603379368782,1.6022438842355768e-07,0.011080455034971237,0.010065952315926552
lXXCH-gBGzI_102_4_25fps--292_aEM1s9Saa-g_87_1_25fps_label_fake.npz,Fake,Real,0.2722456350922777,0.49027329683303833,0.10001348704099655,9.613596268880087e-14,0.1909818798303604,0.579959511756897
008_31e90c6b-fZNe3xAY9Zw_1080p_37_6_label_fake.npz,Fake,Deepfake,0.5436345346271992,0.7924785017967224,0.040702495723962784,0.7573812007904053,0.268103688955307,0.8595067858695984
8378-DwbAW8G-57A_30_1_label_fake.npz,Fake,Real,0.0854890827817144,0.08514133840799332,0.2971920073032379,1.125074049923569e-05,0.010789578780531883,0.034311238676309586
14906-u5Ks53-THVE_69_1_label_fake.npz,Fake,Real,0.1328027728945017,0.0813630223274231,0.060870248824357986,0.46486324071884155,0.01393556036055088,0.042981792241334915
03032_KrxDbtakbyc_audio_3_label_fake.npz,Fake,Real,0.06307491279585938,0.07025227695703506,0.2324812263250351,6.55045045983016e-11,0.00943772029131651,0.0032033403404057026
03GPqk22j-w_0_1_125_label_fake.npz,Fake,Real,0.03454555058851838,0.07318412512540817,0.08006784319877625,0.005376309622079134,0.010181588120758533,0.00391788687556982
fnYlmAS2w3Y_66_label_fake.npz,Fake,Real,0.0651995527509822,0.07071875780820847,0.23507362604141235,1.2781582015009008e-08,0.01702182926237583,0.0031835378613322973
De5FGogMWzQ_82_1_label_real.npz,Real,Real,0.1760955719277263,0.16600385308265686,0.026985840871930122,0.32804253697395325,0.34718289971351624,0.012262728996574879
15969-pnuHjaJClto_41_1_label_fake.npz,Fake,Real,0.1384244755667169,0.09110608696937561,0.5746843814849854,2.8065784135833383e-05,0.01664120890200138,0.009662634693086147
16981-6xWbT6xIeaM_76_1_label_fake.npz,Fake,Real,0.22667764121965622,0.33328166604042053,0.5836756825447083,7.186137462866782e-09,0.09162874519824982,0.1248021051287651
6944-E7hwoDHfU28_49_3_label_fake.npz,Fake,Real,0.22175549473613504,0.07343938201665878,0.010005089454352856,0.9985436201095581,0.01244749128818512,0.014341890811920166
22948_X05-4iCBHC8_audio_2_1_label_fake.npz,Fake,Real,0.21595087827881798,0.06065615639090538,0.0007720903377048671,0.9717507362365723,0.02050662226974964,0.026068786159157753
140__7KzTzpF6Ng_audio_2_512x512_1_1026_withaudio_label_fake.npz,Fake,Real,0.05552150109898605,0.0814485102891922,0.17578904330730438,2.851862634933866e-10,0.015157468616962433,0.005212482996284962
7474-AxxMiihvKgg_34_4_label_fake.npz,Fake,Real,0.30105036199092866,0.21403416991233826,0.0370541512966156,0.24746887385845184,0.5405416488647461,0.46615296602249146
35262.png_PHMafVnjks8_536_1_label_fake.npz,Fake,Real,0.2787554062902928,0.5996996164321899,0.08627288788557053,0.5435870885848999,0.035386260598897934,0.1288311779499054
072_4a17b7fb-Lc0n7WuOwDs_1080p_254_7_label_fake.npz,Fake,Real,0.1652398626320064,0.30083274841308594,0.017085140570998192,0.003246157895773649,0.2854752540588379,0.21956001222133636
hNOjkqrz-H8_592_1_label_real.npz,Real,Real,0.29224738143384454,0.13810257613658905,0.45862504839897156,0.7995050549507141,0.025644993409514427,0.039359234273433685
952-hKx4HGfNgCg_5_3_label_fake.npz,Fake,Real,0.3105241129174829,0.07277444005012512,0.43658673763275146,0.9875192642211914,0.04177847504615784,0.013961647637188435
rMrG-WhVhow_204_1_188_label_fake.npz,Fake,Real,0.022023369845769025,0.07770740985870361,0.018391013145446777,1.6884330023003713e-07,0.010452145710587502,0.003566111670807004
29509-KvSxhLryGP0_138_6_label_fake.npz,Fake,Deepfake,0.45469498674974607,0.783329427242279,0.585141122341156,2.4372880943701603e-05,0.11743266135454178,0.7875473499298096
058_a5eb69fb-3b5w2DhtcIM_9_2_label_fake.npz,Fake,Real,0.21655034509230975,0.6566854119300842,0.012398033402860165,6.485379344667308e-08,0.159993976354599,0.2536742389202118
18739-pnuHjaJClto_15_1_label_fake.npz,Fake,Real,0.2403674070923238,0.14222580194473267,0.8107377886772156,4.713173140658e-08,0.021213099360466003,0.22766029834747314
36224-PXdPmUJN6k0_74_52_label_fake.npz,Fake,Deepfake,0.560392710204178,0.8854886889457703,0.025694696232676506,0.00010861461487365887,0.9193723797798157,0.9712991714477539
2NlEdgEI_mc_50_3_147_label_fake.npz,Fake,Real,0.051661879636048985,0.11866157501935959,0.0943557545542717,1.0786911843752023e-05,0.022740192711353302,0.022541088983416557
04105.png_KyeC6d6MTSU_240_2_label_fake.npz,Fake,Real,0.17067475644871594,0.05539194867014885,0.7792653441429138,0.00461400905624032,0.011271827854216099,0.0028306525200605392
18623-M-3HEJpdx2I_13_1_label_fake.npz,Fake,Real,0.03900374677047198,0.08638083189725876,0.08441731333732605,7.482169181102782e-13,0.014882735908031464,0.009337852708995342
111.png_Du1SKO_ri4w_80_92_label_fake.npz,Fake,Real,0.2657711652107537,0.488989919424057,0.044246844947338104,0.003437033388763666,0.32571932673454285,0.4664627015590668
03479-iamTFe6mi2Y_129_1_label_fake.npz,Fake,Deepfake,0.39396067338183927,0.7878724932670593,0.03887558355927467,9.911290538289208e-11,0.24991020560264587,0.8931450843811035
4135-vVsakoqLuu8_22_4_label_fake.npz,Fake,Deepfake,0.6711466804146766,0.7175526022911072,0.6647447347640991,0.8928424119949341,0.10069883614778519,0.9798948168754578
256_sc8g9_1WLD4_audio_3_512x512_1_1026_withaudio_label_fake.npz,Fake,Real,0.020020096236840465,0.06638596206903458,0.002474662149325013,2.8646556867351503e-15,0.02044244296848774,0.010797413997352123
29309-PYRFxrLt30A_43_3_label_fake.npz,Fake,Real,0.2530443829484284,0.0753326416015625,0.16557063162326813,0.9985596537590027,0.01995154097676277,0.0058074467815458775
11632.png_KyeC6d6MTSU_236_11_label_fake.npz,Fake,Real,0.06615755162201821,0.05437188595533371,0.2560672163963318,0.0027339712250977755,0.015492153353989124,0.0021225311793386936
63663_t8HrZTLRCeU_audio_2_217_label_fake.npz,Fake,Real,0.2405027074273676,0.10131137818098068,0.0015386238228529692,0.9974955916404724,0.010847644880414009,0.09132029861211777
34425.png_Du1SKO_ri4w_48_139_label_fake.npz,Fake,Deepfake,0.4005481554074322,0.5578660368919373,0.20324678719043732,1.8989062482432928e-06,0.7661927938461304,0.47543326020240784
aEM1s9Saa-g_71_6_602_label_fake.npz,Fake,Real,0.07431043721791122,0.06307537853717804,0.2853667438030243,2.7821911441350267e-12,0.014731009490787983,0.008379054255783558
39509_3JZWZFab1IU_audio_1_24_label_fake.npz,Fake,Deepfake,0.4093062441796064,0.07380562275648117,0.9881331324577332,0.8968949913978577,0.017698807641863823,0.06999866664409637
36784_PHMafVnjks8_8_1_label_fake.npz,Fake,Real,0.019924456757567155,0.06608956307172775,0.013757437467575073,1.1226128915353684e-09,0.015522319823503494,0.004252962302416563
26804.png_rLrUc0SdDYY_9_2_label_fake.npz,Fake,Real,0.041085570309951434,0.10632044076919556,0.027974508702754974,8.049609459703788e-05,0.025934919714927673,0.04511748626828194
348_tAAGUDcS7XM_audio_short_512x512_1_1026_withaudio_label_fake.npz,Fake,Real,0.032784075672680046,0.07549875974655151,0.059837207198143005,8.246680226875469e-05,0.023918302729725838,0.004583641886711121
48956_-mMaHBtQ-DU_audio_2_25_label_fake.npz,Fake,Real,0.1444683833047748,0.07573940604925156,0.5739971399307251,0.03869805857539177,0.018921401351690292,0.01498591061681509
14690-3U4D77IB-j8_120_1_label_fake.npz,Fake,Real,0.3472953435667478,0.3100315034389496,0.08766306191682816,6.279293756961124e-06,0.49571824073791504,0.8430576324462891
052_244a9729-_NxbN7iCl3w_705_1_label_fake.npz,Fake,Real,0.08349890240478999,0.25965237617492676,0.04696039482951164,9.33450701268157e-06,0.016919102519750595,0.09395330399274826
18998-y_wqp9PJHYo_38_1_label_fake.npz,Fake,Real,0.17619725316762924,0.16952939331531525,0.04347919672727585,0.5789588689804077,0.04330189898610115,0.04571690782904625
069_1b7a9cf8-YGIhb_a29d0_1080p_1410_1_label_fake.npz,Fake,Deepfake,0.512263897061348,0.4934019148349762,0.15144823491573334,0.9998854398727417,0.31564706563949585,0.6009368300437927
UzfVjgZKjro_1080p_102_2_25fps--304_NEEN8fSBuWI_50_1_25fps_label_fake.npz,Fake,Real,0.14354822028544734,0.2448190301656723,0.30153822898864746,0.0004442291392479092,0.024446744471788406,0.1464928686618805
082_4bbff9c3.jpg_K3O_-Mjls_Q_1080p_24_1_label_fake.npz,Fake,Real,0.03972852329607121,0.08584973216056824,0.00877466145902872,0.000310264847939834,0.0642332136631012,0.039474744349718094
068_45cbb6a4-fZNe3xAY9Zw_1080p_117_6_label_fake.npz,Fake,Deepfake,0.40990717411041466,0.6823582053184509,0.09535366296768188,9.932485369389902e-15,0.34095507860183716,0.930868923664093
063_55002ecd-YkHUDTtGzvk_62_1_label_fake.npz,Fake,Deepfake,0.47623570833952733,0.1707911491394043,0.678774893283844,2.6064292342198314e-06,0.9306700229644775,0.6009398698806763
126_27b87531-eWj2-6q2ybk_137_1_label_fake.npz,Fake,Real,0.07467942698460775,0.147713303565979,0.05038125067949295,1.0884633638852392e-06,0.017747774720191956,0.15755371749401093
zBJP1v24Llk_36_1_25fps--276_aEM1s9Saa-g_16_1_25fps_label_fake.npz,Fake,Real,0.13506761717358132,0.41558972001075745,0.2303096204996109,2.353579247937887e-06,0.020998699590563774,0.008437692187726498
21316.png_bpyUlL59qEw_137_1_label_fake.npz,Fake,Real,0.1415363053791225,0.06057410314679146,0.5573380589485168,0.06504426896572113,0.01894911751151085,0.005775978323072195
099_82722976-3Cv3vJa9UoI_1080p_244_1_label_fake.npz,Fake,Real,0.10108469874041798,0.27177950739860535,0.12078633159399033,1.875172066234665e-11,0.024670608341693878,0.08818704634904861
059_aef6a0a8.jpg_KLyiFfWtoPI_162_7_label_fake.npz,Fake,Real,0.02755769195314315,0.09575789421796799,0.01639440283179283,3.139595492029912e-06,0.012956749647855759,0.012676273472607136
030_92cca8fa-bSVCG7iOG5I_63_1_label_fake.npz,Fake,Deepfake,0.56476634106657,0.9313278198242188,0.015279548242688179,0.0001328698854194954,0.9469219446182251,0.9301695227622986
193_56kjnBhGy8Y_1080p_40_1_512x512_1_1803_withaudio_label_fake.npz,Fake,Real,0.20070127490907907,0.07104750722646713,0.2783553898334503,0.6343175768852234,0.013936931267380714,0.005848969332873821
2010-DCeJZTSFTXs_9_1_label_fake.npz,Fake,Deepfake,0.49315288439393046,0.17909570038318634,0.25725021958351135,0.997569739818573,0.05181792750954628,0.9800308346748352
25134-IU0Zy67ZLpU_114_1_label_fake.npz,Fake,Real,0.336765835434203,0.5852414965629578,0.043241340667009354,2.3345447753772564e-14,0.663017213344574,0.3923291265964508
bSVCG7iOG5I_2064_1_label_real.npz,Real,Real,0.27937988744452014,0.5907478928565979,0.006616479717195034,1.8282484234077856e-05,0.5554561614990234,0.24406062066555023
-v7rBbYKdQE_37_5_297_label_fake.npz,Fake,Real,0.02051710182279416,0.07673239707946777,0.0047252061776816845,1.6019086057639242e-10,0.018058430403470993,0.003069475293159485
30CXCDECyG4_1080p_134_4_25fps--202_Je9hLZKYTz4_60_11_25fps_label_fake.npz,Fake,Real,0.2219806530596543,0.3359937369823456,0.474753201007843,3.012693014170509e-05,0.07515814155340195,0.22396805882453918
y9BVPefouIs_2777_1_label_real.npz,Real,Deepfake,0.4318782491674938,0.7356541752815247,0.00882686860859394,3.8956324715400115e-05,0.9344364404678345,0.4804348051548004
23261.png_7ua-Uet5y28_87_1_label_fake.npz,Fake,Real,0.08083791510759818,0.22940467298030853,0.06735031306743622,7.445746103007522e-11,0.04488685354590416,0.06254773586988449
5351-I5oeY5O5oJI_31_14_label_fake.npz,Fake,Real,0.28876260416582233,0.0704408660531044,0.37675774097442627,0.9388129115104675,0.05130112171173096,0.006500380579382181
85_QRehETrB3qU_audio_2_32_label_fake.npz,Fake,Real,0.22778725204989314,0.07210888713598251,0.052469365298748016,0.9994574189186096,0.008515473455190659,0.0063851154409348965
XblD1mtXBWY_296_18_278_label_fake.npz,Fake,Real,0.022565223602578045,0.05896350368857384,0.02179405279457569,0.011172134429216385,0.016993282362818718,0.0039031447377055883
45496-9rjQ5sfeUTg_out_169_5_label_fake.npz,Fake,Deepfake,0.6630762815475465,0.8274697661399841,0.8162976503372192,0.7754742503166199,0.32362955808639526,0.5725101828575134
27893-GgCnpDg0jwc_60_2_label_fake.npz,Fake,Real,0.03272645873948932,0.06602989137172699,0.02811153419315815,0.00443867826834321,0.057189784944057465,0.00786240492016077
41-D56tKWtAMbw_1235_1_label_fake.npz,Fake,Real,0.3140120259718969,0.5695783495903015,0.08182777464389801,0.0010137815261259675,0.0367017537355423,0.8809384703636169
16621-QvTs7W732ZQ_37_1_label_fake.npz,Fake,Deepfake,0.5184075295925141,0.3518489897251129,0.3288750648498535,0.9341771602630615,0.46965157985687256,0.5074848532676697
086_f052c533-SDMFBIhN9fw_795_3_label_fake.npz,Fake,Deepfake,0.47249642281408344,0.43337497115135193,0.9601101279258728,2.8156614462204743e-07,0.2071695625782013,0.7618271708488464
29540-2Ny5UJLpoxg_1_1_label_fake.npz,Fake,Real,0.2259939104318619,0.07271372526884079,0.0583987794816494,0.9478043913841248,0.033990684896707535,0.017061971127986908
7AldV8ATrJc_168_1_21_label_fake.npz,Fake,Real,0.0411939819343655,0.06731154769659042,0.1200551837682724,1.3344814348611317e-13,0.014049169607460499,0.004554008599370718
17053-mJy_wVSKwwA_50_1_label_fake.npz,Fake,Deepfake,0.394128317801818,0.5952725410461426,0.7098975777626038,1.3255401221101692e-08,0.054802022874355316,0.6106694340705872
21366-fmc0Pk8A0T0_150_1_label_fake.npz,Fake,Real,0.1572495332955517,0.39355653524398804,0.005782471504062414,1.8808730128938578e-09,0.29442813992500305,0.09248051792383194
22514-v9f6twy70iM_2_7_label_fake.npz,Fake,Deepfake,0.44580328762817745,0.6529510617256165,0.13168402016162872,1.432292045383532e-11,0.7848320007324219,0.659549355506897
041_bcfa1766.jpg_eWj2-6q2ybk_84_2_label_fake.npz,Fake,Real,0.018114565615542234,0.06775912642478943,0.009733415208756924,0.0018002103315666318,0.009233095683157444,0.0020469804294407368
16931-I5oeY5O5oJI_46_3_label_fake.npz,Fake,Deepfake,0.38086234405636793,0.07589714974164963,0.7269177436828613,0.9999146461486816,0.04016546905040741,0.061416711658239365
25714-PYRFxrLt30A_72_2_label_fake.npz,Fake,Real,0.26078530047088866,0.06132121756672859,0.23870067298412323,0.9769638180732727,0.022220516577363014,0.004720277152955532
8528-mRNCLRo9JAM_31_1_label_fake.npz,Fake,Real,0.11005073647138489,0.21594467759132385,0.07044841349124908,9.038072676048614e-06,0.13407567143440247,0.12977588176727295
253_q__LT1Js9gE_1080p_6_6_label_fake.npz,Fake,Real,0.1198161179199815,0.06830514967441559,0.13670620322227478,0.3784756362438202,0.0104936258867383,0.005099974572658539
00010_nBhxjAQzAg4_audio_3_label_fake.npz,Fake,Real,0.20053919975907775,0.059752751141786575,0.9311365485191345,3.0095143301878124e-05,0.008897236548364162,0.0028793674428015947
042_2ccd070f_Nz7QfvnRkuE_555_1-batch-2025-02-06-13-00-20-142_label_fake.npz,Fake,Real,0.21169048622253267,0.6539077758789062,0.02622007206082344,1.3538428462068347e-13,0.031156525015830994,0.34716805815696716
18208-ndJhwVupwVQ_8_3_label_fake.npz,Fake,Real,0.012497779168356968,0.05129387602210045,0.0012996068689972162,8.4198126986193e-13,0.006728882901370525,0.0031665300484746695
21341-pzdnuEa8a20_16_1_label_fake.npz,Fake,Real,0.015539163452922366,0.057309720665216446,0.002494407119229436,0.00010513961024116725,0.013981692492961884,0.0038048573769629
22843-SM1o5azPdoo_92_1_label_fake.npz,Fake,Real,0.018602913843622962,0.07288441807031631,0.006107143592089415,3.688813032809435e-09,0.010164600796997547,0.003858403069898486
11445-OEIstw-nzes_68_3_label_fake.npz,Fake,Real,0.04228385182677812,0.09657227993011475,0.012652244418859482,5.335837158781942e-07,0.0407579205930233,0.061436280608177185
316_zBJP1v24Llk_69_1_512x512_1_1803_withaudio_label_fake.npz,Fake,Real,0.10016197066761377,0.06387551873922348,0.4090195894241333,4.270952558727004e-06,0.023915598168969154,0.003994876053184271
2CTT98xML9c_213_1_538_label_fake.npz,Fake,Real,0.021479626605287194,0.06731424480676651,0.007311113178730011,0.0014521165285259485,0.013395129702985287,0.017925528809428215
Lc0n7WuOwDs_1080p_215_1_587_label_fake.npz,Fake,Real,0.028495874442160132,0.072571761906147,0.035907451063394547,0.011246171779930592,0.011537330225110054,0.011216657236218452
22341-hpsgQkD27BA_1_4_label_fake.npz,Fake,Deepfake,0.4798077755073469,0.3676072657108307,0.09267740696668625,3.9238532423269135e-09,0.9538888335227966,0.9848653674125671
21420-squ9XOfBKaY_0_1_label_fake.npz,Fake,Real,0.05956070817483124,0.08520311117172241,0.1422799974679947,3.568750980775803e-05,0.011621816083788872,0.05866292864084244
u-X671JqQWA_83_138_25fps--51298_Tdgb6NvUjhk_193_1_25fps_label_fake.npz,Fake,Deepfake,0.37445197486922555,0.7599034309387207,0.182665154337883,4.146697392570786e-06,0.17996835708618164,0.7497187852859497
14602-itFwx1CZM9I_99_2_label_fake.npz,Fake,Real,0.07508264090865852,0.06439515203237534,0.16444170475006104,0.13115718960762024,0.009592069312930107,0.005827088840305805
039_defb8d63-SY_xV-Raq3A_1080p_98_1_label_fake.npz,Fake,Deepfake,0.6564873896539212,0.710136890411377,0.042306821793317795,0.8538176417350769,0.7196593284606934,0.9565162658691406
27493-awNrju1X3zc_57_2_label_fake.npz,Fake,Real,0.020201884048117694,0.0638548731803894,0.019948169589042664,3.8466527740865786e-09,0.011256554163992405,0.005949819460511208
20404-CoIL9IsJXiA_83_1_label_fake.npz,Fake,Real,0.33246125297691836,0.39164063334465027,0.6474177241325378,5.7377887969778385e-06,0.25237584114074707,0.3708663284778595
00357_6XJ3OW1Y2zU_audio_2_label_fake.npz,Fake,Real,0.021016194754199136,0.0654449611902237,0.006469135172665119,1.3453560487874938e-09,0.02249150536954403,0.010675370693206787
4jEjuJX169k_1130_1_label_real.npz,Real,Real,0.2098488253366668,0.5369004607200623,0.06737839430570602,0.0002888426242861897,0.0517442524433136,0.3929321765899658
Vz-kJATn87E_1080p_178_2_label_real.npz,Real,Real,0.2354796851053834,0.10319983959197998,0.015740538015961647,0.9941571950912476,0.014998960308730602,0.04930189251899719
083_16b5e7ab_MxlocFNdoXg_797_2-batch-2025-02-06-13-00-20-1_label_fake.npz,Fake,Real,0.062036636565916285,0.2347862273454666,0.005092656705528498,5.178322614457498e-12,0.014829063788056374,0.05547523498535156
25638-qsnbJZQAD-k_0_2_label_fake.npz,Fake,Deepfake,0.5192807640880347,0.8957640528678894,0.02167869731783867,0.030290814116597176,0.7944054007530212,0.8542648553848267
21731-I5oeY5O5oJI_34_1_label_fake.npz,Fake,Real,0.058648884992089735,0.05969656631350517,0.21738235652446747,3.7606664591294248e-06,0.013089640066027641,0.003072101389989257
491_XblD1mtXBWY_4_1-batch-2025-02-06-13-00-20-242_label_fake.npz,Fake,Real,0.08883081637322904,0.10567811876535416,0.2762313783168793,0.01761838048696518,0.021993983536958694,0.02263222075998783
088_b1977c95-gc8LE2PP3hM_353_6_label_fake.npz,Fake,Deepfake,0.4776782216176084,0.7526927590370178,0.03647322207689285,2.3118998271343116e-08,0.67192542552948,0.9272996783256531
FGAyYl3ZICw_46_1_91_label_fake.npz,Fake,Real,0.05149707100354135,0.07001999765634537,0.1681889295578003,0.007677879650145769,0.008563969284296036,0.0030345788691192865
27130-J-vYXU4vqcY_3_1_label_fake.npz,Fake,Real,0.26180137433111667,0.08021597564220428,0.19023741781711578,0.9999994039535522,0.02864537388086319,0.009908700361847878
_pWENLj5I-8_1080p_74_3_label_real.npz,Real,Real,0.2756167724728585,0.39771077036857605,0.04018079489469528,0.2263393998146057,0.5705196261405945,0.14333327114582062
067_fb02357d.jpg_KyeC6d6MTSU_236_13_label_fake.npz,Fake,Real,0.16574085808824748,0.06592928618192673,0.7458184957504272,0.001586062484420836,0.01239289715886116,0.0029775488656014204
29420.png_0fpc2LXBvUo_63_1_label_fake.npz,Fake,Real,0.027206970006227495,0.07346548140048981,0.0068392278626561165,0.03482547402381897,0.013809176161885262,0.0070954905822873116
060_8bb5cac3-y0AEpnS6CNo_15_7_label_fake.npz,Fake,Real,0.24962433133408551,0.32336241006851196,0.03230947628617287,6.352291137545762e-08,0.3625843822956085,0.5298653244972229
497_4DXBHgW9NlI_280_12-batch-2025-02-06-13-00-20-206_label_fake.npz,Fake,Real,0.18282816327518958,0.07420789450407028,0.822012722492218,8.949607945396565e-06,0.00960760097950697,0.008303648792207241
21366-BCcA0inbcBk_34_2_label_fake.npz,Fake,Real,0.1483345009182813,0.2076183557510376,0.3535217344760895,0.00014444802945945412,0.035240478813648224,0.14514748752117157
12523-cbtkoZUOR1A_26_6_label_fake.npz,Fake,Real,0.21861840114048897,0.1270550936460495,0.8415449857711792,2.5718693667797776e-12,0.05974491313099861,0.06474701315164566
024_2a9dc3ca--G4vMYK4mHY_986_4_label_fake.npz,Fake,Deepfake,0.38872486479231155,0.36485525965690613,0.9958809614181519,0.0003923836920876056,0.20038068294525146,0.38211503624916077
i56Klb7z3Pw_157_1_25fps--96_dc7eS_JHLEw_460_3_25fps_label_fake.npz,Fake,Real,0.3314438146480825,0.48314836621284485,0.821191132068634,0.0004825577780138701,0.09393122047185898,0.25846579670906067
25502-6w9ikJPzTOA_40_1_label_fake.npz,Fake,Real,0.0268950164783746,0.06059235334396362,0.0321434810757637,0.014302494935691357,0.024765554815530777,0.002671198220923543
5436-ADTwFvHACE4_36_1_label_fake.npz,Fake,Real,0.027404124150052667,0.07260563969612122,0.02236108109354973,0.0027260633651167154,0.03495131433010101,0.0043765222653746605
YgGJIXxku2s_104_1_426_label_fake.npz,Fake,Real,0.12411772196286391,0.0656123086810112,0.5183666944503784,3.525582314978237e-08,0.024851420894265175,0.011758150532841682
090_f67e981f.jpg_6Hh5ba8gpfw_139_1_label_fake.npz,Fake,Deepfake,0.3891002393327654,0.5663926005363464,0.1720537394285202,0.0006967815570533276,0.5304206013679504,0.6759374737739563
D56tKWtAMbw_526_1_label_real.npz,Real,Real,0.2668420277658773,0.6338839530944824,0.025383174419403076,6.142848729684403e-11,0.03446046635508537,0.6404825448989868
15399.png_q__LT1Js9gE_1080p_7_1_label_fake.npz,Fake,Real,0.13023735024034977,0.09059334546327591,0.11152482032775879,0.3998669385910034,0.016930153593420982,0.03227149322628975
05915.png_Vz-kJATn87E_1080p_27_1_label_fake.npz,Fake,Real,0.06372733302414418,0.07627765089273453,0.02436673641204834,0.14932818710803986,0.025446197018027306,0.043217893689870834
470_DMdGj-tquJY_audio_3_label_fake.npz,Fake,Real,0.20877113658934834,0.07847659289836884,0.9447356462478638,0.00513314688578248,0.010066130198538303,0.005444166716188192
498_iveoZu36Fzw_11_22-batch-2025-02-06-13-00-20-448_label_fake.npz,Fake,Real,0.09187361691149008,0.09639550745487213,0.33227959275245667,9.596154844056584e-14,0.019810738041996956,0.010882246308028698
W9C4OBc6El4_38_7_264_label_fake.npz,Fake,Deepfake,0.4763243608176708,0.3506253659725189,0.04739993438124657,0.2691836357116699,0.9322265386581421,0.7821863293647766
70_uxKH0XMINcI_audio_3_512x512_1_1026_withaudio_label_fake.npz,Fake,Real,0.0339752434103616,0.07361077517271042,0.07299619168043137,1.9106215631836676e-07,0.011339031159877777,0.011930027976632118
119_3hvjxHnt9SA_audio_1_512x512_1_1026_withaudio_label_fake.npz,Fake,Real,0.01994961831951514,0.06262113153934479,0.004025017376989126,0.0009219565545208752,0.027505159378051758,0.0046748267486691475
51111.png_Jmtasx4JReE_314_2_label_fake.npz,Fake,Real,0.06897343695891323,0.07933640480041504,0.1971396952867508,3.479424776742235e-05,0.05704379454255104,0.011312495917081833
47392.png_inQaPF2YoNw_481_2_label_fake.npz,Fake,Real,0.025813078538340053,0.06801506131887436,0.04078452289104462,1.1517353414092213e-05,0.013843772932887077,0.006410518195480108
037_62d00a09.jpg_lBApoKf5KAQ_16_1_label_fake.npz,Fake,Real,0.05736598949297332,0.08038872480392456,0.16723373532295227,0.000259185180766508,0.015228508971631527,0.023719793185591698
10584-hHYe3O7_TUA_304_3_label_fake.npz,Fake,Real,0.12921692058444023,0.1641625612974167,0.4187179207801819,0.011578251607716084,0.04103003069758415,0.010595838539302349
D92_Zhlb0qE_1080p_37_8_25fps--224_WimhDf8VpTA_audio_2_51_label_fake.npz,Fake,Real,0.0503872321151448,0.12924477458000183,0.003501948667690158,2.6224536213703686e-06,0.039004962891340256,0.08018185198307037
349_s9lzNGoKAPI_audio_1_label_fake.npz,Fake,Real,0.1803604010026902,0.2307032197713852,0.0029453502502292395,1.2699315169638734e-17,0.3629147410392761,0.3052386939525604
025_d5418b1e.jpg_OpitcLEYak8_1080p_38_8_label_fake.npz,Fake,Real,0.11534270048213843,0.32293200492858887,0.039252158254384995,3.6182317992433655e-12,0.028175625950098038,0.18635371327400208
057_7f34f0f4.jpg_KyeC6d6MTSU_236_2_label_fake.npz,Fake,Real,0.19562725368887188,0.05743880942463875,0.7806187272071838,0.12141754478216171,0.01600397191941738,0.0026572151109576225
3493-A-BRu8z7ztk_34_2_label_fake.npz,Fake,Real,0.22432442376448308,0.5391690135002136,0.01304451934993267,0.00012304419942665845,0.03743907809257507,0.5318464636802673
20140-MATJqR93d5I_42_1_label_fake.npz,Fake,Real,0.08866119390865287,0.0946795716881752,0.10063627362251282,3.049830943346876e-10,0.07331208139657974,0.1746780425310135
_T2oSi7iMrY_25_1_label_real.npz,Real,Deepfake,0.35535163452261065,0.39137035608291626,0.004482961259782314,1.9263910466804646e-09,0.7426905035972595,0.6382143497467041
053_62909c7b.jpg_nskOU3iewEg_145_1_label_fake.npz,Fake,Real,0.18851467296481134,0.3756622076034546,0.1708446890115738,0.03583792224526405,0.24219325184822083,0.11803529411554337
142_rMrG-WhVhow_204_1_512x512_1_1803_withaudio_label_fake.npz,Fake,Real,0.022459375525095027,0.07016444206237793,0.021183235570788383,8.401561757409581e-08,0.01798275113105774,0.0029663648456335068
02712__x3xzKilzPg_audio_1_label_fake.npz,Fake,Real,0.09188688537105917,0.04348656162619591,0.022896526381373405,0.3803098201751709,0.011652341112494469,0.0010891775600612164
26938-b0Z9IpTVfUg_50_1_label_fake.npz,Fake,Deepfake,0.387143852817826,0.6700582504272461,0.23875322937965393,0.0014173215022310615,0.41666674613952637,0.6088237166404724
O_6kW3Mrkm8_282_14_label_real.npz,Real,Real,0.04295171797275544,0.06782681494951248,0.004519148729741573,0.12501457333564758,0.012404645793139935,0.004993407055735588
41290.png_aEM1s9Saa-g_107_12_label_fake.npz,Fake,Real,0.07267331128424051,0.07036372274160385,0.20901885628700256,8.449238642072032e-09,0.013647127896547318,0.07033684104681015
Ll8xGtwvH84_353_4_324_label_fake.npz,Fake,Real,0.026299588591245992,0.06501588970422745,0.036187950521707535,4.555304258246906e-07,0.021282130852341652,0.009011516347527504
42271_CSvzXtX9zQ4_audio_1_195_label_fake.npz,Fake,Real,0.02649833844046574,0.07059334963560104,0.0030065563041716814,1.6297664715177185e-13,0.028959818184375763,0.029931968078017235
1797-SWHweN9WlkU_46_1_label_fake.npz,Fake,Real,0.1124538391828537,0.10129256546497345,0.01738642156124115,0.30346331000328064,0.04905097186565399,0.09107592701911926
13391.png_GtBnj3Z3eO4_374_4_label_fake.npz,Fake,Real,0.044326174212619675,0.08041485399007797,0.11658966541290283,0.0007289692293852568,0.013679264113307,0.010218118317425251
6342-p3XJSlgo1_M_78_2_label_fake.npz,Fake,Real,0.18372819998767229,0.3737052083015442,0.005568556487560272,0.0009664770914241672,0.04087810590863228,0.49752265214920044
34367.png_ldI1peHBLa0_138_1_label_fake.npz,Fake,Real,0.32404854595661164,0.06121959909796715,0.9925373196601868,0.5432742834091187,0.014222037978470325,0.008989489637315273
9024-Uk6sPnRL0WQ_116_1_label_fake.npz,Fake,Real,0.05462642386555672,0.05591275915503502,0.0802551805973053,0.11417548358440399,0.011635215021669865,0.011153480969369411
17410-d2om_PGtwWY_36_1_label_fake.npz,Fake,Real,0.061675415467470886,0.06695549190044403,0.05143997073173523,0.1504376232624054,0.03237859904766083,0.007165392395108938
yGSbJCsyO0M_245_1_label_real.npz,Real,Real,0.0429641348020656,0.12362752109766006,0.0007036974420771003,2.7658035861577446e-09,0.06837378442287445,0.022115668281912804
24381-GgCnpDg0jwc_22_1_label_fake.npz,Fake,Real,0.03018373799195615,0.06202894449234009,0.07001327723264694,2.6749289645522367e-06,0.015089329332113266,0.0037844639737159014
083_b9c10851.jpg_JFBVpNgehIg_1080p_160_12_label_fake.npz,Fake,Real,0.041252645477652554,0.06913445889949799,0.013314474374055862,0.014405274763703346,0.029386945068836212,0.08002207428216934
GiRZf3AUfW0_18_31_919_label_fake.npz,Fake,Real,0.019646582299901637,0.07608591765165329,0.00010336860577808693,0.0007143322145566344,0.00928107462823391,0.01204821839928627
wrsQH0CXaic_0_1_169_label_fake.npz,Fake,Real,0.05287392186000949,0.07759231328964233,0.16638492047786713,2.6690211985285937e-16,0.012855563312768936,0.007536812219768763
WimhDf8VpTA_46_1_label_real.npz,Real,Real,0.03704086045145232,0.12516000866889954,0.0015336148208007216,7.3303872341057286e-06,0.01677488535642624,0.041728463023900986
mOPffKIq18w_445_1_label_real.npz,Real,Real,0.32130740499226884,0.5189654231071472,0.005461107473820448,5.147598493293604e-12,0.9440802335739136,0.1380302608013153
8946-lSCTGJbObOg_347_1_label_fake.npz,Fake,Real,0.23861640384420754,0.06140473112463951,0.1858171671628952,0.9348417520523071,0.007788499351590872,0.003229869529604912
6513-vNCVrtwrAWg_35_2_label_fake.npz,Fake,Deepfake,0.5591383814811707,0.5975799560546875,0.6131744384765625,1.0,0.10634204745292664,0.47859546542167664
35156.png_CSvzXtX9zQ4_255_1_label_fake.npz,Fake,Real,0.039150007069870034,0.08438952267169952,0.07150467485189438,3.795840378129078e-12,0.011837732046842575,0.028018105775117874
P_stI11n2Sc_9_1_197_label_fake.npz,Fake,Real,0.02208085045484225,0.07928919047117233,0.013586417771875858,1.7894681292318637e-08,0.011499489657580853,0.006029136478900909
029_2f4ca9e5_XblD1mtXBWY_4_1-batch-2025-02-06-13-00-20-212_label_fake.npz,Fake,Real,0.08142901584506036,0.08061259239912033,0.2762313783168793,0.01761838048696518,0.017385762184858322,0.015296965837478638
04285_NnNZBZa1Duc_audio_3_label_fake.npz,Fake,Real,0.040456694364547734,0.09613042324781418,0.054013870656490326,2.455523905466993e-19,0.026921560987830162,0.02521761693060398
pxQ7cGj7TqE_41_6_label_real.npz,Real,Deepfake,0.41337961583508775,0.49691981077194214,0.7300280332565308,1.449074527037908e-09,0.16877511143684387,0.6711751222610474
084_6b81d36b-jV2pjBg0srU_1132_14_label_fake.npz,Fake,Real,0.3380396433789997,0.7587646842002869,0.008797988295555115,1.97748079244775e-07,0.303573340177536,0.6190620064735413
y0m5woySQhM_346_1_25fps--198_kHgF6z3Paos_839_1_25fps_label_fake.npz,Fake,Real,0.1271285418700714,0.28909286856651306,0.044353045523166656,8.02335833327561e-08,0.05779628828167915,0.24440042674541473
195_dc745cfd.jpg_BlgjnJ9y3oE_429_1_label_fake.npz,Fake,Real,0.0846668266338976,0.30778735876083374,0.011423937976360321,2.8951546715560994e-10,0.01854948326945305,0.08557335287332535
8933-NUHHj6bWXTs_109_1_label_fake.npz,Fake,Deepfake,0.4326707782223821,0.6299290060997009,0.015512448735535145,0.04769616201519966,0.7299890518188477,0.740227222442627
060_a274185c.jpg_Du1SKO_ri4w_55_28_label_fake.npz,Fake,Real,0.2126909224306246,0.3986014723777771,0.019778430461883545,1.0719471674747183e-06,0.08964185416698456,0.5554317831993103
085_e9f6ea07.jpg_Tdgb6NvUjhk_73_1_label_fake.npz,Fake,Real,0.30437379173527007,0.36401674151420593,0.8071935772895813,0.00012362895358819515,0.02354258857667446,0.3269924223423004
vAQM3cPJxSg_56_1_label_real.npz,Real,Deepfake,0.6431223750114444,0.6518990397453308,0.8550982475280762,1.3864308337250089e-15,0.9184706211090088,0.7901439666748047
24741-Uk6sPnRL0WQ_81_2_label_fake.npz,Fake,Real,0.06777386888862828,0.06878723204135895,0.1912587732076645,5.858442393312166e-14,0.018372759222984314,0.06045057997107506
Je9hLZKYTz4_148_27_label_real.npz,Real,Deepfake,0.5271558206528426,0.5855639576911926,0.7381536364555359,0.02576645277440548,0.620977520942688,0.6653175354003906
1889-D1m1SQIdMkk_5_2_label_fake.npz,Fake,Real,0.24786949884146453,0.07030463963747025,0.1460849940776825,0.9999985694885254,0.012269577011466026,0.01068971399217844
Du1SKO_ri4w_70_17_25fps--15569_hGvKKIo4tKQ_1080p_72_1_25fps_label_fake.npz,Fake,Deepfake,0.42019617358220107,0.5558711886405945,0.03541269898414612,6.754881383130851e-07,0.8742367029190063,0.6354596018791199
40641.png_ldI1peHBLa0_101_5_label_fake.npz,Fake,Real,0.32257569506764416,0.060318607836961746,0.999062716960907,0.5226388573646545,0.016614651307463646,0.01424364186823368
094_664a03cd.jpg_oGo0qpktVW0_1080p_209_3_label_fake.npz,Fake,Real,0.1093265438452363,0.4023083746433258,0.05948849022388458,0.010286596603691578,0.03552454337477684,0.0390247143805027
13066-aE-eKPb6vhM_23_2_label_fake.npz,Fake,Real,0.028139888844452798,0.0587843582034111,0.047713104635477066,0.0004671447677537799,0.014423626475036144,0.0193112101405859
023_2029f686.jpg_1nnKydcqmDI_252_1_label_fake.npz,Fake,Real,0.3402380978688598,0.694266676902771,0.0680375024676323,0.00043797772377729416,0.8434730768203735,0.09497525542974472
908-UWnFJdu3BOA_15_1_label_fake.npz,Fake,Real,0.06343026687391103,0.07610726356506348,0.016611924394965172,0.002136123599484563,0.20994167029857635,0.01235435251146555
98_GiRZf3AUfW0_43_2_label_fake.npz,Fake,Real,0.03140888027846814,0.0653793215751648,0.07089780271053314,0.004932061303406954,0.011527296155691147,0.004307919647544622
21575-O1JxQ9OyJRQ_131_1_label_fake.npz,Fake,Real,0.07115721251410677,0.06472408771514893,0.27180051803588867,3.425242667276507e-08,0.011303231120109558,0.007958191446959972
21704-2ECheTEbkhQ_31_3_label_fake.npz,Fake,Real,0.06656311294063925,0.07095679640769958,0.06722185760736465,0.17871734499931335,0.01164186280220747,0.004277702886611223
00355_YkHUDTtGzvk_audio_1_label_fake.npz,Fake,Real,0.13205182168444668,0.07591640204191208,0.573805570602417,1.3879284874174225e-11,0.008903882466256618,0.0016332532977685332
17798-d2om_PGtwWY_58_1_label_fake.npz,Fake,Real,0.03255605138838292,0.07005488872528076,0.05669564753770828,0.020767128095030785,0.012424533255398273,0.002838059328496456
29808.png_Lc0n7WuOwDs_1080p_112_2_label_fake.npz,Fake,Real,0.28531701266765597,0.31308409571647644,0.13649789988994598,0.6813790202140808,0.17788393795490265,0.11774010956287384
25399_hg6PbuiRHeg_audio_2_151_label_fake.npz,Fake,Real,0.15643717789644146,0.07582657784223557,0.6914737224578857,5.84734880249016e-05,0.011212256737053394,0.0036148589570075274
1442-I5oeY5O5oJI_64_5_label_fake.npz,Fake,Real,0.09041917454451324,0.07510849088430405,0.3582647144794464,0.00166423711925745,0.013385480269789696,0.003672949969768524
2NlEdgEI_mc_57_2_322_label_fake.npz,Fake,Real,0.021970603903469055,0.07079199701547623,0.025678033009171486,1.793772412383987e-06,0.008229059167206287,0.00515213655307889
029_cb46b2bb.jpg_dTeNSc1Sp28_324_4_label_fake.npz,Fake,Real,0.04742853709030897,0.07156842201948166,0.13661743700504303,0.0008058740058913827,0.021909119561314583,0.006241832859814167
26476-A-BRu8z7ztk_21_1_label_fake.npz,Fake,Real,0.02345532527497767,0.06880983710289001,0.0270466860383749,3.387372373708786e-07,0.011983908712863922,0.009435855783522129
53709.png_apnde-Dpq8E_1080p_121_7_label_fake.npz,Fake,Real,0.06761645968654194,0.07928000390529633,0.20023572444915771,0.0003424620081204921,0.023208901286125183,0.035015206784009933
393_PHMafVnjks8_231_3_label_fake.npz,Fake,Real,0.04339795047417284,0.048708584159612656,0.1434827297925949,0.0010453206486999989,0.014604880474507809,0.00914823729544878
1249-I66kXy4rvME_63_3_label_fake.npz,Fake,Real,0.28121482365822886,0.25119343400001526,0.8543407917022705,9.530079842079431e-05,0.023422975093126297,0.2770216166973114
21235-vYG3_0iwY6Q_133_1_label_fake.npz,Fake,Real,0.056368124861299426,0.11936594545841217,0.06968832015991211,1.8772618876061742e-11,0.02191353775560856,0.07087282091379166
20149-NZ7pKLrujBc_1_2_label_fake.npz,Fake,Real,0.12600876532524125,0.10520918667316437,0.5032782554626465,0.00011229757365072146,0.015180029906332493,0.006264057010412216
23885-eHJnEHyyN1Y_2_3_label_fake.npz,Fake,Real,0.0726948119699955,0.08491984009742737,0.14957363903522491,0.09953168779611588,0.023007288575172424,0.006441604346036911
msbqwoV6PHM_1080p_159_4_29_label_fake.npz,Fake,Real,0.03722860887646676,0.0707407221198082,0.08574788272380829,0.006078682839870453,0.015193414874374866,0.00838234182447195
u-X671JqQWA_71_216_25fps--46426_De5FGogMWzQ_121_1_25fps_label_fake.npz,Fake,Real,0.32067276344168927,0.7565905451774597,0.03284565731883049,0.00017419981304556131,0.05586843565106392,0.7578849792480469
pdcV3UkZtks_1_39_label_real.npz,Real,Real,0.26850077901035546,0.22481390833854675,0.10178922116756439,0.9822161197662354,0.024851053953170776,0.00883359182626009
247_nBhxjAQzAg4_audio_3_512x512_1_1026_withaudio_label_fake.npz,Fake,Real,0.20037308949831642,0.06934656947851181,0.9166072607040405,5.221645551500842e-05,0.009305206127464771,0.0065541947260499
42965.png_eEBMUm3hNj8_126_1_label_fake.npz,Fake,Real,0.20644639593738248,0.25082191824913025,0.5844203233718872,8.088220056379214e-06,0.02950138971209526,0.1674802601337433
wdNhtZOGxBw_229_7_25fps--488_8DtgmPl6mjY_audio_3_177_label_fake.npz,Fake,Deepfake,0.380001861974597,0.5986093282699585,0.7564198970794678,0.16402092576026917,0.028192734345793724,0.3527664244174957
326_Y7FIRwYsAMo_audio_1_512x512_1_1026_withaudio_label_fake.npz,Fake,Real,0.06750401351600885,0.07042856514453888,0.24600376188755035,0.0042462158016860485,0.012814964167773724,0.004026560578495264
491_VifDzyPgBNg_0_3-batch-2025-02-06-13-00-20-248_label_fake.npz,Fake,Real,0.03128507938400815,0.11156763881444931,0.006129586603492498,4.739021397526244e-10,0.03187037259340286,0.006857798434793949
026_bb842452-eWj2-6q2ybk_259_2_label_fake.npz,Fake,Real,0.15907610878860395,0.32565051317214966,0.04905036464333534,2.5602174894001628e-11,0.09613753110170364,0.3245421350002289
27718-NduDs59WZqU_72_3_label_fake.npz,Fake,Real,0.032072369944428365,0.09726567566394806,0.013579645194113255,1.9247145544021294e-11,0.014603547751903534,0.03491298109292984
029_cb46b2bb.jpg_KLyiFfWtoPI_1009_3_label_fake.npz,Fake,Real,0.22156659937463702,0.5238217711448669,0.171279177069664,0.0018374982755631208,0.0366230383515358,0.3742715120315552
22605-BhwnAYvzhm4_6_3_label_fake.npz,Fake,Real,0.22639273311942817,0.06570608913898468,0.04446461424231529,0.9933280944824219,0.015849323943257332,0.01261554379016161
MFusQ6Jv5cE_89_4--414_KyeC6d6MTSU_audio_3_17_label_fake.npz,Fake,Real,0.21569486111402514,0.2502085864543915,0.24567747116088867,0.30516526103019714,0.038775376975536346,0.23864760994911194
093_fda0f117.jpg_PNyFdGKIjzY_2_2_label_fake.npz,Fake,Real,0.016932403422603673,0.06827714294195175,0.004061481449753046,3.509079249397473e-08,0.00978322047740221,0.002540137153118849
i56Klb7z3Pw_578_2_25fps--45672_WYP2eizW7gY_127_2_25fps_label_fake.npz,Fake,Real,0.10062768899515503,0.14421632885932922,0.2475176304578781,2.5626577553339303e-06,0.04245435446500778,0.06894756853580475
CQSa-AudDro_92_1_162_label_fake.npz,Fake,Real,0.08253556209742499,0.0727226510643959,0.31229183077812195,1.396581268409136e-07,0.018614763393998146,0.00904842559248209
keEKlr2dG-I_76_1_25fps--23_gEpZTuQhcuA_audio_2_204_label_fake.npz,Fake,Real,0.06755336421670785,0.11755242198705673,0.20234839618206024,2.4267398757160663e-08,0.01224610861390829,0.0056198700331151485
03251_qv45xE78kx0_audio_1_label_fake.npz,Fake,Real,0.04475060816259191,0.09607934951782227,0.06428199261426926,3.881802435046211e-09,0.03033803217113018,0.03305366262793541
31511.png_dcvbo-RdeWw_4_2_label_fake.npz,Fake,Real,0.02685542141516635,0.07048095762729645,0.0505920834839344,1.2727336070383899e-05,0.008790984749794006,0.004400353878736496
050_9269f010-4GJoAnMi6Mo_500_1_label_fake.npz,Fake,Deepfake,0.484560647656145,0.21634547412395477,0.8902588486671448,2.464764781162643e-10,0.9229497313499451,0.39324918389320374
2342-BTijw7PINU4_85_1_label_fake.npz,Fake,Real,0.3429535189643502,0.36353573203086853,0.002195357345044613,0.9980188608169556,0.02391054295003414,0.32710710167884827
780-Lv7ZArjcOJo_66_1_label_fake.npz,Fake,Real,0.26362344399094584,0.5109214782714844,0.1306155025959015,0.5318438410758972,0.0838904082775116,0.0608459897339344
006_bbb6978e-vxvcZVCOMuc_1_6_label_fake.npz,Fake,Real,0.22047084374735276,0.4128493368625641,0.006460477598011494,1.036424237099709e-05,0.04130915552377701,0.6417248845100403
28757-NSWcdPWXZQI_2_1_label_fake.npz,Fake,Real,0.015103115001697084,0.058470118790864944,0.0026696317363530397,1.858200212082571e-14,0.008547481149435043,0.005828343331813812
488_03GPqk22j-w_15_2_512x512_1_1803_withaudio_label_fake.npz,Fake,Real,0.048071082296155504,0.07972554117441177,0.14369535446166992,2.274702455906663e-05,0.013461808674037457,0.003449960146099329
079_f5cc99a5.jpg_gc8LE2PP3hM_68_13_label_fake.npz,Fake,Real,0.3386456956196525,0.3032424747943878,0.0036330579314380884,5.255192263575736e-07,0.791621208190918,0.5947312116622925
32776.png_i28DmpsZUz8_370_2_label_fake.npz,Fake,Deepfake,0.3598238918930292,0.13025225698947906,0.6729699373245239,0.9647728204727173,0.02207176387310028,0.009052680805325508
952-Lqg5fiwIQso_45_1_label_fake.npz,Fake,Real,0.046405505226721294,0.10397491604089737,0.04726038873195648,1.6111069271573797e-05,0.04844464734196663,0.03233146294951439
237-lXXCH-gBGzI_0_35_label_fake.npz,Fake,Deepfake,0.39081664595578336,0.6678107976913452,0.03799835592508316,0.00013764518371317536,0.7954590916633606,0.45267733931541443
125_b66015af.jpg__pWENLj5I-8_1080p_74_3_label_fake.npz,Fake,Real,0.0573953066021204,0.07698022574186325,0.03910099342465401,0.125623881816864,0.02610892243683338,0.019162509590387344
048_453e6cb3.jpg_56kjnBhGy8Y_1080p_82_1_label_fake.npz,Fake,Real,0.32254280745983127,0.23006854951381683,0.1729791909456253,0.8127497434616089,0.03125883638858795,0.3656577169895172
62-3Cv3vJa9UoI_1080p_7_5_label_fake.npz,Fake,Deepfake,0.46421230658888823,0.6350763440132141,0.0180077962577343,0.5126307010650635,0.2933610677719116,0.8619856238365173
100_e1433988.jpg_dZV2TjhBthE_17_2_label_fake.npz,Fake,Real,0.12370698211016133,0.07504654675722122,0.5100339651107788,0.0008409955189563334,0.022799896076321602,0.009813507087528706
04351_Mv3FKFpTe4c_audio_3_label_fake.npz,Fake,Real,0.021171075287918485,0.06904228031635284,0.0023437622003257275,5.531855435947364e-07,0.027574924752116203,0.006893855985254049
6234-2ECheTEbkhQ_29_4_label_fake.npz,Fake,Real,0.21908804303966462,0.06627457588911057,0.015534477308392525,0.9999603033065796,0.010463481768965721,0.0032073769252747297
D56tKWtAMbw_717_1_label_real.npz,Real,Real,0.2477217318111798,0.49673256278038025,0.06383968144655228,9.984411008190364e-05,0.025119857862591743,0.6528167128562927
062_f1f905e2-Qql31j-w90s_18_2_label_fake.npz,Fake,Real,0.29374544620513915,0.3584965467453003,0.49004682898521423,4.428064289094633e-19,0.2587817311286926,0.36140212416648865
563-3NYH-zyIfZY_1_1_label_fake.npz,Fake,Deepfake,0.4000531471687282,0.446977436542511,0.08488959074020386,1.9747474652831443e-05,0.5048869252204895,0.9634920358657837
229_SabGmKoEfYk_audio_3_512x512_1_1026_withaudio_label_fake.npz,Fake,Real,0.02306572958150355,0.07262489944696426,0.026539737358689308,7.389358870568685e-06,0.011393730528652668,0.004762891214340925
11849-3U4D77IB-j8_0_2_label_fake.npz,Fake,Real,0.2614682275637843,0.3681762218475342,0.37564748525619507,1.7806182084356692e-09,0.0841425433754921,0.47937488555908203
04832-rLrUc0SdDYY_5_1_label_fake.npz,Fake,Real,0.15213760813502158,0.19856242835521698,0.014477682299911976,2.1690015117314942e-08,0.14817725121974945,0.39947065711021423
12868-o3KMJLxjdoM_34_2_label_fake.npz,Fake,Real,0.0831686365107089,0.1436513215303421,0.12052878737449646,1.4213223948900122e-05,0.015371259301900864,0.13627760112285614
25340-xGCuF-h-XVc_157_1_label_fake.npz,Fake,Real,0.09865393042564392,0.07984860241413116,0.012848545797169209,0.3749092221260071,0.01756962388753891,0.008093657903373241
18755-4RSM7dOkM3k_22_2_label_fake.npz,Fake,Real,0.2961808411088171,0.1918175369501114,0.8904361724853516,3.616342070245082e-08,0.06839164346456528,0.3302588164806366
209_It5DLkCxwl0_audio_3_512x512_1_1026_withaudio_label_fake.npz,Fake,Real,0.02427020543254912,0.07236416637897491,0.01572820544242859,0.00011946749873459339,0.023440437391400337,0.009698750451207161
47361.png_JFBVpNgehIg_1080p_71_1_label_fake.npz,Fake,Real,0.11835004707045302,0.2932960093021393,0.1526704728603363,1.0767075764306355e-05,0.04170754551887512,0.10406544059515
79_o4qerM8M37s_audio_2_512x512_1_1026_withaudio_label_fake.npz,Fake,Real,0.18567387042567624,0.07364260405302048,0.8367292881011963,2.4239568956630625e-14,0.01088750921189785,0.007109950762242079
e0GahnJx-Sc_500_1_135_label_fake.npz,Fake,Real,0.25595381697639824,0.07448065280914307,0.7626388669013977,0.42731449007987976,0.010978028178215027,0.004357046913355589
24182-PYRFxrLt30A_35_2_label_fake.npz,Fake,Real,0.24897661935538057,0.09022039920091629,0.12737801671028137,0.9981683492660522,0.022908350452780724,0.006207981146872044
KGJZkMXqvcI_9_1_label_real.npz,Real,Deepfake,0.4474988913163543,0.49493667483329773,0.0109912334010005,6.492716130547464e-24,0.9009972810745239,0.8305692672729492
18548-AbpNlshqtJc_155_1_label_fake.npz,Fake,Deepfake,0.7816829204559327,0.7487488985061646,0.768775463104248,0.9162817597389221,0.7970045804977417,0.6776039004325867
443_6naugGonRkE_1080p_102_3_512x512_1_1803_withaudio_label_fake.npz,Fake,Real,0.039150562474787876,0.07097220420837402,0.06267520040273666,3.910447958332952e-06,0.053486037999391556,0.008615459315478802
-aDPCjQeWQs_330_2--99_TXszVudcarI_audio_3_38_label_fake.npz,Fake,Real,0.05226958394050599,0.08127965778112411,0.05228639394044876,0.0571378692984581,0.03569268435239792,0.03495131433010101
26657-SoI9-PP5Tmk_22_1_label_fake.npz,Fake,Real,0.1601003023287717,0.3608741760253906,0.019940055906772614,4.109248834538448e-07,0.18692529201507568,0.23276157677173615
25038-awYvLQ53n3M_36_1_label_fake.npz,Fake,Real,0.29298202199719303,0.36729925870895386,0.271070659160614,9.140860015577346e-07,0.4171276390552521,0.40941163897514343
W8ndzcz359Q_143_5_244_label_fake.npz,Fake,Real,0.05176485618004918,0.07569073885679245,0.04203150048851967,5.352247356427142e-08,0.016241567209362984,0.12486042082309723
14255-_T2oSi7iMrY_44_2_label_fake.npz,Fake,Real,0.3032918356359005,0.46564197540283203,0.7106159329414368,0.04246096685528755,0.024257831275463104,0.27348247170448303
DuggBTqO2sc_301_5_245_label_fake.npz,Fake,Real,0.05616893917369176,0.0722770169377327,0.18388888239860535,2.3508163731617016e-12,0.01597864180803299,0.008700154721736908
3557-nAeQagx49OM_57_1_label_fake.npz,Fake,Real,0.19319655373692515,0.6048006415367126,0.14508354663848877,0.02347651496529579,0.12391740828752518,0.06870465725660324
13927-d2om_PGtwWY_15_1_label_fake.npz,Fake,Real,0.039660768769681456,0.0657154992222786,0.00843253917992115,0.10727906227111816,0.010503658093512058,0.006373085081577301
15332_SY_xV-Raq3A_1080p_16_2_label_fake.npz,Fake,Real,0.04168813899159431,0.06736685335636139,0.07845444232225418,0.04444549232721329,0.013873155228793621,0.004300751723349094
29758-squ9XOfBKaY_120_1_label_fake.npz,Fake,Real,0.1979711274034344,0.06868651509284973,0.8824288845062256,0.0006973894196562469,0.023655353114008904,0.014387494884431362
24527-ADTwFvHACE4_46_4_label_fake.npz,Fake,Real,0.04656075852159427,0.10880913585424423,0.0933334156870842,5.503185906974295e-09,0.012577070854604244,0.018084164708852768
11929-3NYH-zyIfZY_12_1_label_fake.npz,Fake,Deepfake,0.43596832454204565,0.5499681234359741,0.2609635591506958,0.43951040506362915,0.1359412521123886,0.7934582829475403
16433.png_oGo0qpktVW0_1080p_76_14_label_fake.npz,Fake,Real,0.05801222920418059,0.12127368897199631,0.057884104549884796,1.364306904889966e-14,0.0343598797917366,0.07654347270727158
D56tKWtAMbw_61_1_695_label_fake.npz,Fake,Real,0.02238852195442704,0.0729808360338211,0.010645953938364983,4.90237699339504e-14,0.013690327294170856,0.014625492505729198
4315-ZWWpghA1SJc_6_4_label_fake.npz,Fake,Deepfake,0.46439572311937816,0.3812851905822754,0.05151715129613876,0.9999939203262329,0.029272520914673805,0.8599098324775696
17037-_hZseWeLSFY_16_1_label_fake.npz,Fake,Real,0.2802305854856968,0.13974395394325256,0.059143517166376114,0.07164706289768219,0.942101776599884,0.18851661682128906
4246-ADTwFvHACE4_55_1_label_fake.npz,Fake,Real,0.2393610209341821,0.15624593198299408,0.0062065571546554565,5.7606211467664536e-11,0.15102453529834747,0.8833280801773071
79__Er-wOsgxWQ_audio_3_234_label_fake.npz,Fake,Real,0.06179515279363841,0.06958985328674316,0.22050105035305023,0.0008138933917507529,0.00952702946960926,0.008543937467038631
52190_DOpN7bVauzY_audio_2_189_label_fake.npz,Fake,Real,0.04434902963726017,0.09973075985908508,0.017442427575588226,2.811445938277757e-07,0.016449326649308205,0.08812235295772552
GiRZf3AUfW0_67_12_label_real.npz,Real,Real,0.08916889242827986,0.19324924051761627,0.024263015016913414,4.692042026042736e-15,0.020962685346603394,0.20736952126026154
D56tKWtAMbw_189_1_25fps--11510_xdtIUNNyO1w_audio_2_230_label_fake.npz,Fake,Real,0.3463726849214141,0.367261677980423,0.7569869160652161,6.013067821442064e-09,0.03106285072863102,0.5765519738197327
27463.png_7oLtKHmwyRw_306_1_label_fake.npz,Fake,Real,0.02626671271482337,0.1075122281908989,0.0013364212354645133,8.142301339830738e-06,0.012944688089191914,0.009532083757221699
300_--wjKL2y9gE_375_1_512x512_1_1803_withaudio_label_fake.npz,Fake,Real,0.17762040877714752,0.06570401787757874,0.34741929173469543,0.4581215977668762,0.011544054374098778,0.005313082132488489
088_29b6bf25-9X-SE-3CPw4_2144_3_label_fake.npz,Fake,Real,0.27827355219670835,0.21741612255573273,0.8243000507354736,4.670892508329416e-07,0.11259601265192032,0.23705510795116425
u24egzL00g0_660_1_label_real.npz,Real,Real,0.140615675125008,0.2807917892932892,0.00591565715149045,3.2871830057956686e-07,0.07159993052482605,0.3447706699371338
11028-GRgqbsP_-uw_93_2_label_fake.npz,Fake,Real,0.2137713785792585,0.1405554562807083,0.8570089936256409,1.4281620678957552e-05,0.013850218616425991,0.057427942752838135
057_ee633567-yubEaBr4X24_1118_2_label_fake.npz,Fake,Real,0.2838374470975396,0.6856396198272705,0.0026996941305696964,1.212612733070273e-05,0.3895380198955536,0.34129777550697327
28251-J-vYXU4vqcY_3_1_label_fake.npz,Fake,Real,0.25174860479310157,0.0752401351928711,0.14795096218585968,0.9999997615814209,0.031598255038261414,0.00395390996709466
7oLtKHmwyRw_393_2_label_real.npz,Real,Real,0.03068908136337995,0.11164624243974686,0.001124221715144813,0.001181005616672337,0.016152895987033844,0.023341041058301926
418_C_Z1mo51fhU_audio_2_label_fake.npz,Fake,Real,0.034662727423487714,0.07999718934297562,0.051054466515779495,3.190269437514104e-10,0.037020303308963776,0.00524167763069272
233_uaUeoNnxmco_audio_3_label_fake.npz,Fake,Real,0.30004821252077823,0.07929857820272446,0.40184250473976135,0.9845567941665649,0.02618313767015934,0.008360047824680805
22767-yMK0bMaGZYI_42_2_label_fake.npz,Fake,Deepfake,0.3956033185020715,0.42160677909851074,0.08496765792369843,8.269626050605439e-07,0.5942957997322083,0.877145528793335
490_78p4J0EEepU_6_2-batch-2025-02-06-13-00-20-462_label_fake.npz,Fake,Real,0.29457744053579515,0.6076869964599609,0.7215719819068909,4.9314974603476e-05,0.027240872383117676,0.11633803695440292
25168-aE-eKPb6vhM_6_1_label_fake.npz,Fake,Real,0.2855353351216764,0.33432337641716003,0.0026223536115139723,0.6190301179885864,0.01343447994440794,0.45826634764671326
2793-I5oeY5O5oJI_38_2_label_fake.npz,Fake,Deepfake,0.35278353039175275,0.07657487690448761,0.6691384315490723,0.9797019958496094,0.028363509103655815,0.010138838551938534
11161-ADTwFvHACE4_89_2_label_fake.npz,Fake,Real,0.25478236228227613,0.303286075592041,0.11927363276481628,0.061108220368623734,0.047734398394823074,0.7425094842910767
470--mMaHBtQ-DU_29_1_label_fake.npz,Fake,Deepfake,0.6655173301696777,0.4303499758243561,0.3727301061153412,0.9514151215553284,0.8091221451759338,0.7639693021774292
11355-I5oeY5O5oJI_46_2_label_fake.npz,Fake,Real,0.08357968525961043,0.06902013719081879,0.32456454634666443,0.009060738608241081,0.010137634351849556,0.00511536980047822
u-X671JqQWA_144_17_label_real.npz,Real,Deepfake,0.46298374182078994,0.3925616443157196,0.2955804765224457,0.0011645677732303739,0.8764281868934631,0.7491838335990906
14063-ADTwFvHACE4_74_1_label_fake.npz,Fake,Real,0.08201176580282804,0.07647775858640671,0.317876935005188,1.2057864255676787e-11,0.013814379461109638,0.0018897559493780136
QBUcSnMKSVg_369_27_label_real.npz,Real,Deepfake,0.45994830131537795,0.4988831579685211,0.5104987025260925,3.5157291032421323e-13,0.8679229617118835,0.4224366843700409
24742.png_ldI1peHBLa0_189_2_label_fake.npz,Fake,Real,0.21596873162725388,0.06432231515645981,0.9960642457008362,4.031809112348128e-06,0.011349529027938843,0.008103536441922188
243-0IH3CEZFDTs_10_1_label_fake.npz,Fake,Real,0.2240742072506177,0.17010541260242462,0.7929537892341614,2.1570708760854096e-11,0.02268844097852707,0.13462339341640472
11832-pNogULi28gs_90_2_label_fake.npz,Fake,Real,0.028296189103275533,0.07894577085971832,0.034423358738422394,0.005288625601679087,0.013674522750079632,0.009148667566478252
040_9b4bfe5b.jpg_OpitcLEYak8_1080p_7_5_label_fake.npz,Fake,Real,0.19164169803261755,0.0866011306643486,0.027997002005577087,0.7512213587760925,0.020880471915006638,0.07150852680206299
52_TP27NdZ6GDo_audio_3_label_fake.npz,Fake,Real,0.0190176361244431,0.07042261213064194,0.0022099390625953674,1.992199157377361e-12,0.014703537337481976,0.0077520920895040035
LGd_iDH5tU4_5_106_label_real.npz,Real,Real,0.1740610629664905,0.12987768650054932,0.31653955578804016,1.7238004079711544e-10,0.24502182006835938,0.17886625230312347
091_d4af6789-6l6NFBuOYjk_27_1_label_fake.npz,Fake,Deepfake,0.6220782886899542,0.6607217192649841,0.9747079014778137,6.712027243338525e-05,0.9166985750198364,0.5581961274147034
23754-ON_A6hcriWc_47_1_label_fake.npz,Fake,Real,0.2317768093198538,0.09655541181564331,0.9631872773170471,0.014291650615632534,0.014194301329553127,0.07065540552139282
7058-IDnknJIymfg_26_2_label_fake.npz,Fake,Real,0.08507766551068131,0.16974268853664398,0.20189526677131653,1.1710031344591698e-07,0.039909545332193375,0.013840709812939167
5940-a0MIIwPGYB4_30_1_label_fake.npz,Fake,Real,0.10554695278406143,0.07157748192548752,0.11587277799844742,0.3200107216835022,0.015958545729517937,0.004315236583352089
13135-JtLypQpGruo_50_1_label_fake.npz,Fake,Deepfake,0.46877867266042317,0.3751000165939331,0.019766630604863167,1.2268785987146202e-08,0.9765224456787109,0.9725042581558228
021_8295d645-NEEN8fSBuWI_302_1_label_fake.npz,Fake,Real,0.15859922516146982,0.15511968731880188,0.11113139241933823,5.918135229876498e-06,0.07680550962686539,0.44993361830711365
970-ndJhwVupwVQ_7_1_label_fake.npz,Fake,Real,0.10273064672951521,0.3204023540019989,0.03168029338121414,2.2945065444000823e-13,0.058779120445251465,0.10279146581888199
023_2029f686.jpg_fIshKSAbvuA_1009_2_label_fake.npz,Fake,Real,0.09001483544707378,0.08043086528778076,0.12244194000959396,3.9574158566032386e-15,0.04394407942891121,0.20325729250907898
fZNe3xAY9Zw_1080p_0_1_label_real.npz,Real,Real,0.30318283513188365,0.252277672290802,0.023078180849552155,0.9964998960494995,0.03174334391951561,0.21231508255004883
20773-85VgNDfQZwE_110_2_label_fake.npz,Fake,Real,0.24157521430291812,0.2758037745952606,0.06758607178926468,5.962271529824648e-07,0.8043180704116821,0.06016755849123001
040_9b4bfe5b.jpg_aEM1s9Saa-g_36_2_label_fake.npz,Fake,Real,0.03788236016885094,0.08761446923017502,0.06719502806663513,2.0661630060203606e-06,0.02229313552379608,0.012307101860642433
043_9bfd94a4-mHii80xikXs_793_1_label_fake.npz,Fake,Real,0.06842718348671042,0.2342393398284912,0.07633703202009201,1.108312062569894e-06,0.01359289325773716,0.017965544015169144
18613-PYRFxrLt30A_2_2_label_fake.npz,Fake,Real,0.09811226446181535,0.08737333118915558,0.34132373332977295,0.02991311065852642,0.019273411482572556,0.012677735649049282
351_iK7XDpR-1IQ_audio_2_512x512_1_1026_withaudio_label_fake.npz,Fake,Real,0.10128206424496204,0.07215647399425507,0.3588128983974457,4.0546242578709535e-12,0.02929341234266758,0.04614753648638725
490.png_Vz-kJATn87E_1080p_123_4_label_fake.npz,Fake,Real,0.14032500088214878,0.07799442112445831,0.017181845381855965,0.5504359006881714,0.01943269930779934,0.03658013790845871
3070-QwWcO0-ne8c_64_2_label_fake.npz,Fake,Real,0.25824352685449414,0.5603533387184143,0.013250618241727352,0.00012184568186057732,0.05122002586722374,0.6662718057632446
BlgjnJ9y3oE_163_2_25fps--304_2o5u159w_uI_audio_3_37_label_fake.npz,Fake,Deepfake,0.3570619598031044,0.6565731167793274,0.33619576692581177,0.20961140096187592,0.03623761981725693,0.54669189453125
49417_ePNdJNJTDl8_audio_2_197_label_fake.npz,Fake,Real,0.0729767556768009,0.05144397169351578,0.29683735966682434,4.908496298219184e-14,0.013778294436633587,0.002824152586981654
18038-lmBYMs2ysnY_3_2_label_fake.npz,Fake,Real,0.040876432321965694,0.10001814365386963,0.0025564664974808693,0.000475103035569191,0.025068826973438263,0.07626362144947052
12625.png_u-X671JqQWA_48_232_label_fake.npz,Fake,Real,0.32163319320934536,0.5172508358955383,0.05414735525846481,1.8456650650477968e-05,0.24650301039218903,0.790246307849884
16320-EzSdf3VK9qc_45_2_label_fake.npz,Fake,Deepfake,0.3546009537552891,0.43400511145591736,0.021138552576303482,1.5581386833218858e-05,0.6605932712554932,0.6572522521018982
1152-2WGnDrVPG8A_72_2_label_fake.npz,Fake,Real,0.34436063896864655,0.42824769020080566,0.5126462578773499,0.007691263221204281,0.07209158688783646,0.7011263966560364
082_6883328f-yubEaBr4X24_163_1_label_fake.npz,Fake,Real,0.12296635835955386,0.14229291677474976,0.03202429413795471,3.6736557376571e-05,0.05308004841208458,0.38739779591560364
Upf3zJKUiVI_30_1_182_label_fake.npz,Fake,Real,0.11956452102566323,0.06203277036547661,0.4976063370704651,2.2900383811474967e-09,0.025057008489966393,0.013126486912369728
45962_WYP2eizW7gY_147_1_label_fake.npz,Fake,Real,0.13094334963243454,0.04922614246606827,0.5643553137779236,0.03046329878270626,0.009023037739098072,0.0016489553963765502
7967-TsQZOTSteK8_75_1_label_fake.npz,Fake,Real,0.2595173940062523,0.20167337357997894,0.2779940068721771,0.6804234385490417,0.06451746076345444,0.07297869026660919
25519-O4A-dk60Njg_94_1_label_fake.npz,Fake,Real,0.2576383389532566,0.2673245072364807,0.3110569417476654,0.19914761185646057,0.03712354972958565,0.4735390841960907
26778-fmc0Pk8A0T0_144_1_label_fake.npz,Fake,Real,0.31261477861553433,0.33892399072647095,0.8477348685264587,0.006762021221220493,0.020869430154561996,0.34878358244895935
31495-Du1SKO_ri4w_71_187_label_fake.npz,Fake,Deepfake,0.496112061126405,0.5797204971313477,0.31485089659690857,1.0523117452976294e-05,0.9743143916130066,0.6116639971733093
39936_u-X671JqQWA_154_2_label_fake.npz,Fake,Real,0.030074728190083992,0.07297509163618088,0.048489172011613846,0.00014402811939362437,0.024206599220633507,0.004558749962598085
20348-ADTwFvHACE4_116_2_label_fake.npz,Fake,Real,0.1504653710871935,0.120852530002594,0.3475916087627411,0.23502717912197113,0.02005707286298275,0.028798464685678482
189_PHMafVnjks8_35_2_label_fake.npz,Fake,Real,0.3055730356834829,0.06847552210092545,0.43870195746421814,0.9998356103897095,0.013177269138395786,0.007674819324165583
279_dTeNSc1Sp28_audio_3_512x512_1_1026_withaudio_label_fake.npz,Fake,Real,0.039601418655365705,0.07527533173561096,0.04655018076300621,0.0630003958940506,0.009583295322954655,0.0035978895612061024
6268-mRNCLRo9JAM_31_16_label_fake.npz,Fake,Real,0.0386315343901515,0.07436435669660568,0.04323526844382286,0.04628714546561241,0.023853540420532227,0.005417360924184322
876-ndJhwVupwVQ_11_1_label_fake.npz,Fake,Real,0.16407703924924139,0.035452958196401596,0.7589550018310547,2.9514503223509635e-18,0.02065102383494377,0.0053262123838067055
28959-G37VO1yeVEo_46_1_label_fake.npz,Fake,Real,0.3188033685088158,0.20332784950733185,0.15375199913978577,1.0,0.015302576124668121,0.2216344177722931
25124-pMgqSJP9dN8_24_2_label_fake.npz,Fake,Real,0.23815837520958497,0.3643038272857666,0.0037666966672986746,6.44867128585247e-08,0.1155620664358139,0.7071592211723328
27076-JJPfmH5r99k_31_1_label_fake.npz,Fake,Real,0.2640676647424698,0.06461196392774582,0.2012590616941452,0.95933997631073,0.03505523130297661,0.06007209047675133
024_cc39b61d.jpg_E7lIbmnQqgU_52_1_label_fake.npz,Fake,Real,0.03210867997258902,0.04635307937860489,0.08173376321792603,0.00224332045763731,0.012985028326511383,0.017228208482265472
7431-LmGz2Hp34l0_2_2_label_fake.npz,Fake,Deepfake,0.6475011289119721,0.3601526916027069,0.666577935218811,0.999602735042572,0.8278732895851135,0.38329899311065674
87_3744E1AMAR0_audio_2_label_fake.npz,Fake,Real,0.09154477473348378,0.13938474655151367,0.010161994956433773,0.15805649757385254,0.10512128472328186,0.04499934986233711
rLrUc0SdDYY_20_3_140_label_fake.npz,Fake,Real,0.019490913536811805,0.0736330896615982,0.005597852636128664,2.5725113150798506e-09,0.012796524912118912,0.005427097901701927
17207-Lqg5fiwIQso_35_1_label_fake.npz,Fake,Real,0.023844699156961722,0.06020381674170494,0.03227059170603752,7.272071798070101e-06,0.02015094831585884,0.0065908669494092464
6-Jy-bPwwFxhk_108_2_label_fake.npz,Fake,Real,0.2082674250031461,0.27825814485549927,0.06915538012981415,1.2392570476749132e-11,0.06996030360460281,0.6239632964134216
18754-bOshKjz0WsQ_11_6_label_fake.npz,Fake,Real,0.18648274059514733,0.06545387208461761,0.8500152826309204,5.321722255757777e-06,0.011105794459581375,0.005833432078361511
114.png_NEEN8fSBuWI_290_1_label_fake.npz,Fake,Real,0.06731050385860726,0.07150442153215408,0.24548397958278656,0.00030754919862374663,0.014559983275830746,0.004696585703641176
092_53648816-_57vq0PQEig_92_1_label_fake.npz,Fake,Real,0.08316581919790351,0.15413513779640198,0.06461139768362045,5.1872148612054636e-14,0.04774368926882744,0.14933887124061584
071_0ebe70f4.jpg_D56tKWtAMbw_197_1_label_fake.npz,Fake,Real,0.03843922902194095,0.08979504555463791,0.022923259064555168,2.1086620449750626e-07,0.014981723390519619,0.06449590623378754
067_296269c3-PqumaD82tcI_152_12_label_fake.npz,Fake,Real,0.28563715611554824,0.4829159379005432,0.20468641817569733,4.701695921482951e-09,0.043238937854766846,0.6973444819450378
010_610eea60.jpg_DOpN7bVauzY_2060_3_label_fake.npz,Fake,Real,0.33070808462798595,0.5769461393356323,0.047694191336631775,0.0156863983720541,0.3595152497291565,0.6536984443664551
58_lNVlA04cudE_49_3_512x512_1_1803_withaudio_label_fake.npz,Fake,Real,0.0945233607137607,0.0726199671626091,0.3772321939468384,1.1334351235348095e-09,0.016883589327335358,0.005881051998585463
1P9nl9tBK38_3_1_99_label_fake.npz,Fake,Real,0.016912229021545502,0.07000543922185898,0.0007519262726418674,7.732161894953778e-20,0.009416178800165653,0.004387600813060999
3652-lSCTGJbObOg_287_1_label_fake.npz,Fake,Real,0.21767603344555936,0.3266354501247406,0.4051959216594696,5.3983740144758485e-08,0.021108850836753845,0.33543989062309265
2NlEdgEI_mc_112_6_3_label_fake.npz,Fake,Real,0.027621393723165966,0.07853546738624573,0.02750137634575367,1.326565325143747e-06,0.014967290684580803,0.017101507633924484
114_2N2yMoz-y6I_audio_1_7_label_fake.npz,Fake,Real,0.1605360073648626,0.061575181782245636,0.7249085307121277,8.46938492031768e-05,0.009689507074654102,0.006422123406082392
30430_56kjnBhGy8Y_1080p_100_11_label_fake.npz,Fake,Real,0.04392207786440849,0.07142192125320435,0.09073927998542786,0.022632712498307228,0.023083612322807312,0.011732863262295723
19912.png_LGd_iDH5tU4_5_179_label_fake.npz,Fake,Real,0.07684739008550277,0.12316513061523438,0.14031212031841278,2.2006788752415574e-13,0.024173934012651443,0.09658576548099518
22615-V56A6SHbI1Q_1_1_label_fake.npz,Fake,Deepfake,0.5272112406790257,0.7431667447090149,0.03341316059231758,0.5653061866760254,0.36803826689720154,0.9261318445205688
keEKlr2dG-I_59_4_25fps--114_2N2yMoz-y6I_audio_1_7_label_fake.npz,Fake,Real,0.17634514461533402,0.14726731181144714,0.7153688669204712,0.00011112137144664302,0.013113771565258503,0.005864651408046484
063_67d7dfda.jpg_KyeC6d6MTSU_136_5_label_fake.npz,Fake,Real,0.20054444260895254,0.06927203387022018,0.8370240926742554,0.039460789412260056,0.010012215003371239,0.04695308208465576
22909-GrQO5stiREI_130_1_label_fake.npz,Fake,Real,0.03521675057709217,0.072197824716568,0.009756699204444885,0.07209502160549164,0.011178727261722088,0.010855480097234249
17599-YHiV0rUyg0U_40_2_label_fake.npz,Fake,Real,0.0828370870556688,0.06265367567539215,0.33220311999320984,2.848169672724503e-15,0.01655208133161068,0.0027765582781285048
21896-aPDX-414xdM_0_1_label_fake.npz,Fake,Real,0.0199310294843599,0.06559472531080246,0.011339699849486351,7.694832675042562e-06,0.02009495720267296,0.002618070226162672
oGo0qpktVW0_1080p_82_3_25fps--66018_hlgbJ-9GE6k_audio_1_159_label_fake.npz,Fake,Deepfake,0.4777490727719851,0.5711154341697693,0.4100935459136963,0.00030213227728381753,0.8546664714813232,0.5525677800178528
18396-9rjQ5sfeUTg_out_359_11_label_fake.npz,Fake,Deepfake,0.7325521945953369,0.7586674690246582,0.6226126551628113,0.9678581953048706,0.6268582940101624,0.6867643594741821
_v4eDWAjkag_252_3_25fps--126_p-OdFWMl0Ys_audio_2_140_label_fake.npz,Fake,Deepfake,0.4308400912073694,0.4685933291912079,0.9242857098579407,7.962124755067634e-07,0.20098409056663513,0.5603365302085876
FGAyYl3ZICw_58_2_53_label_fake.npz,Fake,Real,0.04101581923023332,0.07711062580347061,0.06438577175140381,0.00021824684517923743,0.040857307612895966,0.022507144138216972
kHgF6z3Paos_0_3_label_real.npz,Real,Real,0.15764022916589965,0.17998291552066803,0.07173558324575424,1.7280553073553695e-12,0.0643661767244339,0.47211647033691406
TkkHKU_lLqU_86_1_label_real.npz,Real,Real,0.21115864380262794,0.4397505819797516,0.217481330037117,0.001650773687288165,0.03859485685825348,0.35831567645072937
190_Lc0n7WuOwDs_1080p_220_3_label_fake.npz,Fake,Real,0.04642122238874436,0.0688028335571289,0.0167014691978693,0.11777253448963165,0.014985869638621807,0.013843405060470104
316_JFBVpNgehIg_1080p_167_6_label_fake.npz,Fake,Real,0.2237793647684157,0.06091505289077759,0.038177669048309326,0.9999994039535522,0.015738995745778084,0.004065702203661203
180-e3Y_kHSRpao_69_1_label_fake.npz,Fake,Real,0.2976068772375584,0.36887821555137634,0.4885561168193817,0.024150703102350235,0.1294250637292862,0.47702428698539734
055_ba4ace00--19DTZ6_d6U_154_3_label_fake.npz,Fake,Real,0.15991359724332072,0.464722216129303,0.01949518918991089,7.38745820072495e-09,0.03188605234026909,0.2834645211696625
004_29776ffe-7AldV8ATrJc_313_1_label_fake.npz,Fake,Real,0.20767077766358852,0.3501891493797302,0.005287898704409599,0.4262505769729614,0.12622672319412231,0.13039954006671906
GtBnj3Z3eO4_139_2_25fps--30017_msbqwoV6PHM_1080p_7_2_25fps_label_fake.npz,Fake,Deepfake,0.4586353033781052,0.733543872833252,0.01592700555920601,0.838398814201355,0.044255372136831284,0.6610514521598816
25497-btWyxQbkYAs_101_1_label_fake.npz,Fake,Real,0.023302518260254604,0.08548303693532944,0.0023194111417979,2.0819976498387405e-07,0.015643509104847908,0.013066425919532776
03657_CvC5eWCRYi4_audio_short_198_label_fake.npz,Fake,Real,0.2373161295428872,0.06903451681137085,0.0861276388168335,0.9989038705825806,0.0254778154194355,0.007036806084215641
Vz-kJATn87E_1080p_125_12_25fps--198_y_H9JEbn-XU_62_1_25fps_label_fake.npz,Fake,Real,0.16983312426166747,0.3388468325138092,0.23763546347618103,6.621862524980315e-08,0.026769008487462997,0.2459142506122589
6668-wnwjcJfC-1U_72_1_label_fake.npz,Fake,Real,0.12036882648681058,0.37618863582611084,0.08554229885339737,6.188314728206024e-05,0.029889391735196114,0.1101619228720665
7032-WLXiu-qp8Lw_157_1_label_fake.npz,Fake,Real,0.1211226735264063,0.46892625093460083,0.0337260402739048,0.008670570328831673,0.05380463972687721,0.040485866367816925
13022-KFOvtqspEZk_94_1_label_fake.npz,Fake,Deepfake,0.5172430193051696,0.4675735533237457,0.5492609143257141,0.003951537422835827,0.9043685793876648,0.6610605120658875
14496.png_GtBnj3Z3eO4_260_3_label_fake.npz,Fake,Deepfake,0.511589111837688,0.9095157384872437,0.13421845436096191,1.2890966161194228e-07,0.912312924861908,0.6018983125686646
055_fbbcb3c7-dTeNSc1Sp28_202_1_label_fake.npz,Fake,Real,0.10729879214195535,0.09522276371717453,0.0017716871807351708,0.0006609086995013058,0.08240166306495667,0.35643693804740906
27595-awYvLQ53n3M_85_3_label_fake.npz,Fake,Real,0.057115388382127194,0.10423681885004044,0.1007646918296814,4.651661000831808e-10,0.01792396791279316,0.06265146285295486
34532.png_13ReaYK2Pt4_4_4_label_fake.npz,Fake,Real,0.24255914054811,0.059147197753190994,0.1614558845758438,0.9273419380187988,0.01696540229022503,0.04788528010249138
3517-tt0HOe7gf7I_0_1_label_fake.npz,Fake,Deepfake,0.4808180719614029,0.573835015296936,0.8816494345664978,0.5674644708633423,0.08916769921779633,0.291973739862442
038_081386a5.jpg_dFiwhwAHNMw_63_6_label_fake.npz,Fake,Real,0.02844043113353983,0.07356033474206924,0.018890827894210815,3.1359689151022607e-12,0.02544451877474785,0.02430647425353527
062_99dd69cb-VifDzyPgBNg_210_9_label_fake.npz,Fake,Deepfake,0.5205964073889425,0.8604398965835571,0.0010679886909201741,5.890710141898126e-11,0.9372202754020691,0.804253876209259
50577_02xKoH4b4Cs_audio_1_161_label_fake.npz,Fake,Real,0.0942777141928693,0.07563530653715134,0.13281260430812836,1.0096906322913223e-14,0.1636965274810791,0.0992441326379776
21478.png_bpyUlL59qEw_80_1_label_fake.npz,Fake,Real,0.19989770436659457,0.058929890394210815,0.8653852939605713,0.055296849459409714,0.012489012442529202,0.007387475576251745
23676-WxdaDqICMP8_540_6_label_fake.npz,Fake,Real,0.08874453119933624,0.28748589754104614,0.036562733352184296,8.73034423515284e-16,0.10055523365736008,0.019118791446089745
8-iiYu7NESU_532_3_25fps--26933_OpitcLEYak8_1080p_70_10_25fps_label_fake.npz,Fake,Real,0.22216031923890112,0.390683650970459,0.024167150259017944,0.4154318571090698,0.04044971242547035,0.2400692254304886
4jEjuJX169k_590_1_25fps--394_ISRQ7djT3uw_audio_3_97_label_fake.npz,Fake,Deepfake,0.3934806376695633,0.51957106590271,0.15256395936012268,0.8275499939918518,0.0945989340543747,0.3731192350387573
042_2ccd070f_1WuFbrHbnW8_94_5-batch-2025-02-06-13-00-20-141_label_fake.npz,Fake,Real,0.2689499942585826,0.08483193069696426,0.21966709196567535,0.9987866282463074,0.013032880611717701,0.028431439772248268
381_K3O_-Mjls_Q_1080p_101_22_512x512_1_1803_withaudio_label_fake.npz,Fake,Real,0.04478029437013902,0.0710359439253807,0.12989427149295807,0.00011193685350008309,0.016289517283439636,0.0065698022954165936
7AldV8ATrJc_336_1_166_label_fake.npz,Fake,Real,0.22782120946794748,0.07038307189941406,0.04676227644085884,0.9998598098754883,0.012041815556585789,0.010059073567390442
6668-9IbpGupPrtc_47_1_label_fake.npz,Fake,Real,0.15530174232553692,0.34888026118278503,0.042736854404211044,0.0014546479796990752,0.0517156720161438,0.3317212760448456
7-4GJoAnMi6Mo_509_1_label_fake.npz,Fake,Deepfake,0.40043530316328035,0.39493462443351746,0.9780819416046143,1.4161939532186807e-07,0.5460683703422546,0.08309143781661987
15511.png_KLyiFfWtoPI_836_3_label_fake.npz,Fake,Real,0.28800455110068696,0.4397829473018646,0.00040603356319479644,7.868530360610748e-07,0.6148424744606018,0.38499051332473755
OprPPstAfSg_59_9_214_label_fake.npz,Fake,Real,0.018736214967793787,0.04783516004681587,0.028339462354779243,2.1026164176873863e-05,0.011964147910475731,0.005521278362721205
490_4DXBHgW9NlI_280_12-batch-2025-02-06-13-00-20-476_label_fake.npz,Fake,Real,0.18467607844031592,0.07823356240987778,0.822012722492218,8.949607945396565e-06,0.01288870070129633,0.010236456990242004
2781-lSCTGJbObOg_109_1_label_fake.npz,Fake,Real,0.09842353879612348,0.2370728701353073,0.09631575644016266,1.8148084564018063e-05,0.0992385596036911,0.05947235971689224
rMrG-WhVhow_598_1_12_label_fake.npz,Fake,Real,0.023314285156357074,0.06495796144008636,0.03721795976161957,1.2189570952614304e-06,0.00872863456606865,0.005665651056915522
5436-zv3uM90m5Rg_34_1_label_fake.npz,Fake,Deepfake,0.3783450302667916,0.7676515579223633,0.004432319197803736,0.032473571598529816,0.11199035495519638,0.9751773476600647
041_b77c7671.jpg_SY_xV-Raq3A_1080p_92_5_label_fake.npz,Fake,Real,0.18647750727832316,0.07683107256889343,0.29233723878860474,0.5308949947357178,0.00984925776720047,0.022474972531199455
6704-ZWWpghA1SJc_0_1_label_fake.npz,Fake,Real,0.049094468366820375,0.07404325157403946,0.15379728376865387,0.0004867464886046946,0.012456334196031094,0.004688725806772709
10300-I7bHX9Wkr0E_47_1_label_fake.npz,Fake,Real,0.28411200540140275,0.20441921055316925,0.003926367033272982,0.9996678829193115,0.017368191853165627,0.19517837464809418
5534-TalBZ9_fmQk_1_4_label_fake.npz,Fake,Real,0.16632842123508457,0.253095418214798,0.13183291256427765,0.011042600497603416,0.016096318140625954,0.4195748567581177
vD3nsZApevw_199_1_25fps--16554_Du1SKO_ri4w_55_45_25fps_label_fake.npz,Fake,Deepfake,0.46312702521681787,0.5259594917297363,0.3170994222164154,0.003862690180540085,0.7104091644287109,0.7583043575286865
1289-qjGmzBp2fFk_53_1_label_fake.npz,Fake,Deepfake,0.43696591407060625,0.6692764759063721,0.061643876135349274,0.3750833570957184,0.44989171624183655,0.6289341449737549
146.png_7oLtKHmwyRw_827_1_label_fake.npz,Fake,Deepfake,0.3620457618476337,0.5269445776939392,0.0036136775743216276,2.558703897648229e-07,0.889350175857544,0.3903201222419739
4090-UWnFJdu3BOA_49_2_label_fake.npz,Fake,Real,0.0692266521975398,0.15193922817707062,0.10437348484992981,0.008236798457801342,0.02318185567855835,0.05840189382433891
010_08c44431-kHgF6z3Paos_457_1_label_fake.npz,Fake,Real,0.1431489970011171,0.28280502557754517,0.0836787149310112,0.0002878957602661103,0.07138265669345856,0.27759069204330444
020_b12140b8-TAg_vPRplr8_1135_5_label_fake.npz,Fake,Real,0.06558099751609915,0.10818182677030563,0.17657826840877533,1.2502664503699634e-06,0.03321821242570877,0.009925429709255695
033_8bed6926-jIPtRm3pnfs_14_7_label_fake.npz,Fake,Real,0.24269957842552592,0.4640417993068695,0.177255779504776,1.0549668777448673e-10,0.4097065031528473,0.16249381005764008
25962-YHiV0rUyg0U_0_1_label_fake.npz,Fake,Real,0.15875818599015734,0.07087856531143188,0.6859344840049744,1.3002101430020438e-14,0.029557883739471436,0.00741999689489603
092_aebdc10e-27g6HX_U3ns_4_1_label_fake.npz,Fake,Deepfake,0.587628123164177,0.7644931077957153,0.21780376136302948,5.822478842885523e-23,0.9782966375350952,0.9775471091270447
18841-ndJhwVupwVQ_10_2_label_fake.npz,Fake,Real,0.18514696061611202,0.2877415716648102,0.0392104797065258,1.2239549854859387e-15,0.04869231954216957,0.5500904321670532
10310-0xfJy96HJqo_57_1_label_fake.npz,Fake,Real,0.20609573577685014,0.1959926187992096,0.05821371078491211,2.051315135531695e-07,0.0490054152905941,0.7272667288780212
29653_jXf9d1xHO34_1080p_119_1_label_fake.npz,Fake,Real,0.13895483743399384,0.09535514563322067,0.05828339606523514,0.48987266421318054,0.038275595754384995,0.012987385503947735
25904-VvyPZwhivKQ_19_1_label_fake.npz,Fake,Real,0.02606685481509885,0.09761559218168259,0.00784060638397932,1.4595459560950985e-06,0.019378187134861946,0.005498428829014301
208_eTCqkkzlyjs_audio_3_512x512_1_1026_withaudio_label_fake.npz,Fake,Real,0.3095298482105136,0.0639885812997818,0.353168249130249,1.0,0.12574009597301483,0.0047523146495223045
22337-EODY_p1TQr8_97_2_label_fake.npz,Fake,Real,0.2724573188125719,0.27962952852249146,0.010202940553426743,2.9783919774928336e-10,0.7816362977027893,0.29081782698631287
45784.png_gEpZTuQhcuA_44_1_label_fake.npz,Fake,Real,0.34548112694174055,0.3699858486652374,0.9927570223808289,6.86816437806481e-19,0.015473720617592335,0.34918904304504395
jXf9d1xHO34_1080p_119_7_25fps--42883_30CXCDECyG4_1080p_91_13_25fps_label_fake.npz,Fake,Real,0.0571799511089921,0.12885330617427826,0.10083754360675812,0.0015419339761137962,0.02020992524921894,0.034457046538591385
12566-BJr-6o-eYLc_50_1_label_fake.npz,Fake,Real,0.18244837289676072,0.06792278587818146,0.12038064748048782,0.6931180357933044,0.026128718629479408,0.004691676702350378
4697-Lv39BhZJ2mg_1_10_label_fake.npz,Fake,Real,0.06464017167963904,0.13451562821865082,0.15468133985996246,9.912266250466928e-06,0.01750364527106285,0.016490332782268524
473_NEEN8fSBuWI_444_1_512x512_1_1803_withaudio_label_fake.npz,Fake,Real,0.029880608896201012,0.06828906387090683,0.053849026560783386,4.9541697080712765e-05,0.02481006272137165,0.0024053496308624744
21366-alnYtPmX8hE_0_1_label_fake.npz,Fake,Deepfake,0.5898744978010655,0.28715094923973083,0.7231460809707642,0.9999805688858032,0.02683805301785469,0.9122568368911743
20426-0xfJy96HJqo_47_2_label_fake.npz,Fake,Real,0.024793445899109656,0.07128141075372696,0.02162962034344673,3.146610936255456e-07,0.027466068044304848,0.003589815692976117
040_e534b74f-GtBnj3Z3eO4_104_1_label_fake.npz,Fake,Real,0.3039569429933948,0.6880264282226562,0.0907178744673729,1.601278398766226e-07,0.12217243760824203,0.618867814540863
8455-IIT29JDuMXs_59_2_label_fake.npz,Fake,Real,0.19073358136727167,0.30561235547065735,0.029705049470067024,1.2552148973554722e-06,0.09043478220701218,0.5279144644737244
PXdPmUJN6k0_70_2_96_label_fake.npz,Fake,Real,0.02259273306653995,0.07041589170694351,0.014257377944886684,4.386585260363063e-06,0.011223935522139072,0.017062073573470116
21099-bM1LXa68oxc_125_1_label_fake.npz,Fake,Deepfake,0.427257826179266,0.3559032082557678,0.31448930501937866,0.9790167212486267,0.0438854806125164,0.4429944157600403
13208-I5oeY5O5oJI_53_2_label_fake.npz,Fake,Real,0.32734403861686584,0.0648258849978447,0.667600154876709,0.8712634444236755,0.02554328553378582,0.007487423252314329
19632-852WCRqSgFA_0_1_label_fake.npz,Fake,Real,0.13383494280904712,0.4419925808906555,0.03294016420841217,3.130149958674444e-11,0.022697610780596733,0.17154435813426971
004_6aede3d3.jpg_ldI1peHBLa0_57_5_label_fake.npz,Fake,Deepfake,0.38837032411247496,0.06311128288507462,0.861263632774353,1.0,0.013030456379055977,0.004446248523890972
wdNhtZOGxBw_229_1_94_label_fake.npz,Fake,Real,0.030109364784584616,0.07081598043441772,0.06074764207005501,4.039440682390705e-06,0.012011724524199963,0.006967437453567982
De5FGogMWzQ_15_1_label_real.npz,Real,Deepfake,0.41363335400819784,0.4940588176250458,0.03564109653234482,0.7695215344429016,0.7246279120445251,0.04431740939617157
_Er-wOsgxWQ_3_3_label_real.npz,Real,Real,0.07767137866467236,0.13257113099098206,0.041014429181814194,0.18540705740451813,0.015814777463674545,0.013549498282372952
28199-awYvLQ53n3M_61_3_label_fake.npz,Fake,Real,0.0839981608092785,0.19219611585140228,0.03306952118873596,5.36959770994823e-20,0.15917730331420898,0.03554786369204521
28712-IDnknJIymfg_26_2_label_fake.npz,Fake,Real,0.047928233225843546,0.08166942745447159,0.13563036918640137,1.0350021284466493e-06,0.016249265521764755,0.0060910689644515514
398_KLyiFfWtoPI_audio_3_512x512_1_1026_withaudio_label_fake.npz,Fake,Real,0.03355346257616679,0.06058667227625847,0.0881812795996666,3.7481358294844114e-11,0.014925813302397728,0.004073547665029764
488_8DtgmPl6mjY_audio_3_177_label_fake.npz,Fake,Real,0.21238341284915807,0.07978478819131851,0.7708641290664673,0.1952117681503296,0.011265287175774574,0.004791091661900282
32782.png_B4LwKKKbAuI_4_2_label_fake.npz,Fake,Real,0.13176118527652933,0.06332110613584518,0.5806552767753601,5.2259224725403897e-11,0.007659725844860077,0.007169817574322224
16211-pzdnuEa8a20_1_2_label_fake.npz,Fake,Real,0.0824508180120379,0.24406138062477112,0.0106592308729887,2.6647642314969744e-08,0.022552266716957092,0.1349811851978302
160-GA2Z7m_-WHI_119_1_label_fake.npz,Fake,Deepfake,0.47900646413209175,0.8211429715156555,0.6282227635383606,7.939444657267813e-09,0.050042714923620224,0.8956238627433777
011_c2d9c2a1-C4hNyd9eJy4_0_47_label_fake.npz,Fake,Deepfake,0.4285301104230763,0.48397597670555115,0.002894081175327301,2.1398762969915275e-11,0.6956963539123535,0.9600841403007507
399_kHgF6z3Paos_906_1_label_fake.npz,Fake,Real,0.0522118711430636,0.07268853485584259,0.15137262642383575,4.77563872891551e-08,0.031208928674459457,0.005789218004792929
226.png_O_6kW3Mrkm8_237_7_label_fake.npz,Fake,Real,0.20483694782305978,0.06298106163740158,0.00020946086442563683,0.9338899850845337,0.011333911679685116,0.0157703198492527
38930.png_KLyiFfWtoPI_381_9_label_fake.npz,Fake,Real,0.30989829582104,0.43032294511795044,0.19945305585861206,0.00013144225522410125,0.38499993085861206,0.534584105014801
KyeC6d6MTSU_216_1_label_real.npz,Real,Deepfake,0.37402082681655885,0.29835614562034607,0.3272794783115387,0.8861205577850342,0.0315951406955719,0.32675281167030334
481_O_6kW3Mrkm8_audio_2_label_fake.npz,Fake,Real,0.17090382364112885,0.09041783958673477,0.0005689352983608842,0.7416747808456421,0.015584341250360012,0.0062732212245464325
_OpXjs-PM8M_2_84_128_label_fake.npz,Fake,Real,0.024638991255778817,0.07387088239192963,0.02112211100757122,0.00031659711385145783,0.02363762818276882,0.00424773758277297
94_EK1LL1rvK38_audio_short_2_label_fake.npz,Fake,Real,0.029725659123408833,0.07110118120908737,0.05140538141131401,1.7623776216169063e-07,0.014278752729296684,0.011842804029583931
56287_4RSM7dOkM3k_audio_3_53_label_fake.npz,Fake,Real,0.12287426590925092,0.06580699980258942,0.5087333917617798,2.7992118714105507e-13,0.01116727851331234,0.02866365946829319
15953.png_-mMaHBtQ-DU_60_1_label_fake.npz,Fake,Real,0.11438510082662105,0.1017405167222023,0.2525720000267029,0.10183337330818176,0.0115331020206213,0.10424651205539703
06432.png_5oEJ6HpCC1c_68_1_label_fake.npz,Fake,Deepfake,0.4454820066690445,0.4531843364238739,0.5450119972229004,0.9651802182197571,0.07565285265445709,0.188380628824234
Du1SKO_ri4w_85_234_224_label_fake.npz,Fake,Real,0.1907594277057797,0.06937798857688904,0.8448764085769653,0.02034011110663414,0.01699710637331009,0.002205523895099759
25497-NduDs59WZqU_0_1_label_fake.npz,Fake,Real,0.10100691379464287,0.171742245554924,0.0018360679969191551,2.5364846334419155e-10,0.02173171564936638,0.3097245395183563
29554-LPW5Zx3ntZo_29_1_label_fake.npz,Fake,Real,0.31392320480372293,0.7420204281806946,0.037299010902643204,0.00020840820798184723,0.36628374457359314,0.4238044321537018
20691-2gOvQIMWbCY_5_1_label_fake.npz,Fake,Deepfake,0.45073972195386885,0.6145920753479004,0.25967252254486084,0.08432542532682419,0.4649833142757416,0.8301252722740173
12105-ADTwFvHACE4_31_1_label_fake.npz,Fake,Real,0.02083166522206739,0.061015959829092026,0.00860045850276947,0.0007602256373502314,0.018177086487412453,0.01560459565371275
15750-V56A6SHbI1Q_49_2_label_fake.npz,Fake,Real,0.3312620835349662,0.5353084802627563,0.30095764994621277,0.00021808686142321676,0.1258363276720047,0.6939898729324341
054_5a9566eb.jpg_ha96Xj9FAT0_344_31_label_fake.npz,Fake,Real,0.31951067839203234,0.41364002227783203,0.7415562868118286,4.8896362159212e-07,0.07386959344148636,0.36848700046539307
16074-6QjWo7-Mn3o_34_2_label_fake.npz,Fake,Real,0.19737747870385647,0.2929917871952057,0.34699395298957825,0.0042068976908922195,0.017573919147253036,0.32512083649635315
105_0e19a5e1-j-SnQH4ewHU_81_9_label_fake.npz,Fake,Real,0.2891300026327372,0.20970578491687775,0.009091148152947426,0.9112437963485718,0.03286311775445938,0.28274616599082947
25099-BhwnAYvzhm4_50_1_label_fake.npz,Fake,Real,0.02262027249671519,0.07289423793554306,0.026474319398403168,0.0036958977580070496,0.007331848610192537,0.0027050587814301252
10-lqKZS1uYfro_110_7_label_fake.npz,Fake,Real,0.293639967031686,0.17172710597515106,0.7878380417823792,2.4372707230213564e-06,0.08091289550065994,0.4277193546295166
v9f6twy70iM_2_6--6228-lSCTGJbObOg_109_2_label_fake.npz,Fake,Real,0.3253209962468253,0.7407220602035522,0.21275334060192108,6.964259391395444e-09,0.14507682621479034,0.5280527472496033
16160-Az7KlMuorpM_115_1_label_fake.npz,Fake,Deepfake,0.3622433891519904,0.7282856106758118,0.03548816964030266,0.005187551490962505,0.060324106365442276,0.9819315075874329
47492_VGCRcRs-jkE_0_1_label_fake.npz,Fake,Real,0.030701175052746107,0.08119761198759079,0.013686329126358032,3.6739123028539655e-13,0.05509726703166962,0.0035246671177446842
5346-Ft9uf9w3QVA_42_2_label_fake.npz,Fake,Real,0.06155294184063678,0.08758092671632767,0.13049522042274475,1.1945350706810132e-05,0.027125319465994835,0.06255129724740982
aEM1s9Saa-g_91_1_25fps--61361__T2oSi7iMrY_audio_1_223_label_fake.npz,Fake,Real,0.18622542303055525,0.28907331824302673,0.06400320678949356,0.001553150825202465,0.0618058480322361,0.5146915912628174
lmBYMs2ysnY_22_3--19493-NSWcdPWXZQI_106_1_label_fake.npz,Fake,Real,0.10065278466790915,0.11219821125268936,0.1772558093070984,0.09393621236085892,0.011893483810126781,0.10798020660877228
PgfPJgJz7Pg_81_1_label_real.npz,Real,Real,0.30506462706128834,0.3391331732273102,0.5557958483695984,8.84135964440702e-09,0.04777747765183449,0.5826166272163391
iEd6mSVWLr4_510_4_label_real.npz,Real,Real,0.2685290241391383,0.31050750613212585,0.08772464841604233,8.200219392406893e-10,0.03459211066365242,0.9098208546638489
trimmed_KKeGv-ny-kY_719_1--bcOtGw3A74c_221_4_W8ndzcz359Q_39_5_25fps_25fps_label_fake.npz,Fake,Real,0.02185551943639581,0.05751724913716316,0.03793132305145264,8.616644464609635e-08,0.009278167970478535,0.004550770856440067
009_49237aa0.jpg_KyeC6d6MTSU_240_3_label_fake.npz,Fake,Deepfake,0.37014673446556123,0.3603094220161438,0.9357043504714966,1.1309109140711371e-05,0.022515228018164635,0.5321933627128601
wdNhtZOGxBw_38_1_728_label_fake.npz,Fake,Real,0.029605958226648,0.07814227789640427,0.050215668976306915,6.304474027274409e-07,0.01119915395975113,0.008472059853374958
CeUoS2T2hhc_95_2_label_real.npz,Real,Real,0.188960399478675,0.19768427312374115,0.5287087559700012,5.113136408957213e-15,0.02193589136004448,0.19647307693958282
22714-9rjQ5sfeUTg_out_107_4_label_fake.npz,Fake,Deepfake,0.6527101039886474,0.667797863483429,0.7595558762550354,0.6295575499534607,0.6143075823783875,0.5923316478729248
28732.png_7ua-Uet5y28_332_1_label_fake.npz,Fake,Real,0.06438279028206326,0.09197297692298889,0.2008204460144043,4.969384548303424e-08,0.02037472277879715,0.00874575600028038
23078_2ECheTEbkhQ_23_6_label_fake.npz,Fake,Real,0.01793570673526994,0.06481169909238815,0.004400729201734066,3.5607155002281843e-09,0.014802810736000538,0.005663291085511446
EzSdf3VK9qc_3_1--13208-LmGz2Hp34l0_11_1_label_fake.npz,Fake,Real,0.09953372573072555,0.3893709182739258,0.009912199340760708,4.353754047770053e-05,0.023266511037945747,0.07507546246051788
12702-awNrju1X3zc_21_1_label_fake.npz,Fake,Real,0.02593841031563362,0.08103542029857635,0.007730353157967329,2.3467878751404214e-09,0.014820370823144913,0.026105904951691628
347_SzhK7Q-pY0U_1_104_label_fake.npz,Fake,Real,0.020217986895643136,0.06822103261947632,0.009123536758124828,2.4805478560097072e-08,0.012548270635306835,0.01119706965982914
19365_pNogULi28gs_84_2_audio_short_512x512_1_1655_withaudio_label_fake.npz,Fake,Real,0.13106242790818215,0.33800622820854187,0.026765597984194756,0.05240071937441826,0.013781676068902016,0.22435791790485382
11_rwnnXFpqN5I_188_1_label_fake.npz,Fake,Real,0.02639222872430631,0.07199551165103912,0.0070852250792086124,5.168196981486517e-09,0.010476834140717983,0.04240356758236885
143.png_zr6OpxBh5DA_349_2_label_fake.npz,Fake,Real,0.05246923016384244,0.07388594001531601,0.11645150929689407,0.05233848839998245,0.013231859542429447,0.006438353564590216
286.png_rwnnXFpqN5I_177_1_label_fake.npz,Fake,Real,0.027860866511549242,0.0743897333741188,0.02794834040105343,1.0539377148788276e-09,0.010667924769222736,0.02629833295941353
YP-iH-7WRLI_472_1--9685-0xfJy96HJqo_19_1_label_fake.npz,Fake,Real,0.21462437064113687,0.4479650557041168,0.005331750027835369,5.684358228563724e-08,0.17064954340457916,0.4491754472255707
-qs_Rh-rAbI_1_1_label_real.npz,Real,Real,0.017224216780232386,0.06691209226846695,0.005769503302872181,4.1096591303357854e-06,0.00998612493276596,0.003449253737926483
72_lXXCH-gBGzI_104_78_label_fake.npz,Fake,Real,0.03490135492756963,0.12138958275318146,0.03149762749671936,0.004746967926621437,0.012097040191292763,0.004775556270033121
25983-AbpNlshqtJc_155_1_label_fake.npz,Fake,Real,0.2746342740952969,0.1903676837682724,0.7011309266090393,0.37452372908592224,0.048191532492637634,0.05895749852061272
8378-alnYtPmX8hE_4_6_label_fake.npz,Fake,Real,0.343350974470377,0.13766026496887207,0.548908531665802,0.9369755387306213,0.012744907289743423,0.08046562969684601
1_fZNe3xAY9Zw_1080p_55_1_512x512_1_1803_withaudio_label_fake.npz,Fake,Real,0.0961904199793935,0.06185586377978325,0.12534813582897186,0.27980852127075195,0.008131901733577251,0.005807677283883095
27003-xZT8cNQCq2s_111_1_label_fake.npz,Fake,Real,0.04203252885490657,0.07772301137447357,0.04210986942052841,0.06267980486154556,0.01078019943088293,0.016869759187102318
CeUoS2T2hhc_4_1--602-TXf3uH5YqM4_0_4_label_fake.npz,Fake,Real,0.05625513154359396,0.21446336805820465,0.024752333760261536,7.467017439921619e-07,0.022047240287065506,0.020011968910694122
jV2pjBg0srU_1273_2_label_real.npz,Real,Real,0.047472924977773806,0.16125081479549408,0.013990583829581738,0.00010017704335041344,0.03953073173761368,0.022492317482829094
059_1027f3c2-ldI1peHBLa0_26_1_label_fake.npz,Fake,Deepfake,0.44831929728388786,0.10658867657184601,0.6787139177322388,1.0,0.062154751271009445,0.3941391408443451
045_d074e61c.jpg_fsxz7T3qTCg_35_1_label_fake.npz,Fake,Real,0.09371536293183454,0.09202828258275986,0.33821702003479004,0.0003974229621235281,0.021258853375911713,0.016675235703587532
19871-dIYmzf21d1g_53_3_label_fake.npz,Fake,Real,0.2505952944567071,0.507144570350647,0.09108908474445343,2.606565885798773e-06,0.058126505464315414,0.5966137051582336
24741-Lqg5fiwIQso_16_3_label_fake.npz,Fake,Real,0.038949554041028026,0.07379087060689926,0.05020734667778015,0.0074237193912267685,0.013028189539909363,0.05029764398932457
1POFF5RQjyM_121_1_label_real.npz,Real,Real,0.021413657790617435,0.07722838968038559,0.004549779463559389,6.8790959630860016e-06,0.0202900692820549,0.00499317143112421
014_9742cf0f_oTElQFuLr7o_0_13_label_fake.npz,Fake,Real,0.2448657996254042,0.07504033297300339,0.9330509901046753,0.0013724189484491944,0.1833122968673706,0.031552959233522415
5z_krRwSyt8_12_1_label_real.npz,Real,Deepfake,0.3875229359852156,0.6420777440071106,0.2352295070886612,1.5490691396280454e-08,0.27878281474113464,0.7815245985984802
48722.png_TkkHKU_lLqU_134_1_label_fake.npz,Fake,Real,0.312100686877966,0.3493712246417999,0.06514499336481094,0.913922131061554,0.018016833811998367,0.21404825150966644
19767-2WGnDrVPG8A_158_3_label_fake.npz,Fake,Real,0.08602628135131456,0.24940232932567596,0.12041996419429779,2.4915211724874098e-06,0.036855779588222504,0.02345084212720394
12700-6w9ikJPzTOA_85_1_label_fake.npz,Fake,Real,0.05512584720563609,0.0695362314581871,0.1790620982646942,9.272400347981602e-05,0.014720693230628967,0.012217489071190357
321_XJmuXrN2cQA_167_6_512x512_1_0112_withaudio_label_fake.npz,Fake,Real,0.03521031500144483,0.06884178519248962,0.08752894401550293,4.80869455365962e-10,0.015950357541441917,0.0037304877769201994
ISBxZXSDgWE_85_2_label_real.npz,Real,Real,0.11940740847639972,0.35045623779296875,0.062127601355314255,6.705418491037562e-05,0.02600276470184326,0.15838338434696198
sgFq4ty8wSI_49_1--27952-ADTwFvHACE4_7_2_label_fake.npz,Fake,Deepfake,0.5024088961072266,0.49774473905563354,0.0023201913572847843,0.9994925260543823,0.462004154920578,0.5504828691482544
25904-PnBMdJ5KeHk_18_2_label_fake.npz,Fake,Real,0.17140171024948359,0.0875224620103836,0.6763863563537598,0.05598849058151245,0.02241399697959423,0.014697245322167873
vNgfHfdSke0_31_1_label_real.npz,Real,Deepfake,0.4713454042153899,0.7183286547660828,0.10950352996587753,0.00027256671455688775,0.7200297713279724,0.8085924983024597
52887.png_aCWTsma-Cng_22_1_label_fake.npz,Fake,Real,0.04150888255687733,0.09858014434576035,0.004912614822387695,7.602797040817677e-07,0.06899803131818771,0.035052862018346786
28644-O4A-dk60Njg_186_1_label_fake.npz,Fake,Real,0.08409424182027578,0.14611771702766418,0.018085772171616554,0.011768483556807041,0.043490275740623474,0.20100896060466766
147_MATJqR93d5I_21_1_audio_short_512x512_1_0557_withaudio_label_fake.npz,Fake,Real,0.2052824830296686,0.07280498743057251,0.9113710522651672,2.581921989985858e-06,0.03570133447647095,0.006532459054142237
SCWFVd_FiAU_32_1--21762-I5oeY5O5oJI_31_6_label_fake.npz,Fake,Deepfake,0.5518821343779564,0.4836244285106659,0.08682089298963547,1.0,0.738105833530426,0.45085951685905457
33539.png_dcvbo-RdeWw_2_2_label_fake.npz,Fake,Real,0.02099156869072756,0.08127251267433167,0.007098017260432243,7.2391848071617915e-09,0.01028080377727747,0.006306502502411604
PrBxDq17nfM_0_247_131_label_fake.npz,Fake,Real,0.022295141668291763,0.07725385576486588,0.01591116189956665,0.0002623683831188828,0.012755128554999828,0.005293193738907576
eWj2-6q2ybk_248_1_label_real.npz,Real,Real,0.0356660224031657,0.10867424309253693,0.0015169016551226377,0.008683891966938972,0.009470452554523945,0.04998462274670601
55788_Fjkw9vYDukg_59_1_audio_short_512x512_1_1655_withaudio_label_fake.npz,Fake,Real,0.09496043941471727,0.07963317632675171,0.0006496288115158677,0.36870893836021423,0.018947619944810867,0.006862833630293608
GNkwgfQFj60_37_5--TAaMKX4tbx8_5_11_142_label_fake.npz,Fake,Deepfake,0.44770246408879755,0.7266896367073059,0.004586083814501762,0.4561581015586853,0.2553110122680664,0.7957674860954285
19840-A-BRu8z7ztk_0_1_label_fake.npz,Fake,Real,0.2697669305140153,0.4550529420375824,0.00787062756717205,0.0008139369310811162,0.1256611943244934,0.7594359517097473
nBVWOmPTk-4_86_1--nBVWOmPTk-4_97_1_416_label_fake.npz,Fake,Real,0.22575252279640323,0.27627602219581604,0.039392005652189255,5.389602541930154e-14,0.08951696753501892,0.723577618598938
12697_NSWcdPWXZQI_74_1_label_fake.npz,Fake,Real,0.01647876892238856,0.06281422823667526,0.005191477946937084,2.0762493109793336e-17,0.010109360329806805,0.004278778098523617
250_KKeGv-ny-kY_719_1-batch-2025-02-04-10-00-57-174_label_fake.npz,Fake,Real,0.049294347678005584,0.06188850477337837,0.17203596234321594,1.6150943338288926e-05,0.008204563520848751,0.00432655680924654
0-WxdaDqICMP8_542_6_label_fake.npz,Fake,Real,0.21623892188072205,0.3693132996559143,0.5304620265960693,2.3922895342407515e-20,0.10139329731464386,0.08002598583698273
_-nNx99qK4A_0_2_label_real.npz,Real,Real,0.20243984514891056,0.1740962117910385,0.23067817091941833,4.9876889534061775e-05,0.5258700847625732,0.08150488138198853
034_418fbbdb__OpXjs-PM8M_2_79_label_fake.npz,Fake,Real,0.03966226421671308,0.06716245412826538,0.11372830718755722,1.3851206858817022e-05,0.012113879434764385,0.005292829126119614
26349-D1m1SQIdMkk_33_1_label_fake.npz,Fake,Real,0.22124337293207647,0.06323700398206711,0.006293506361544132,1.0,0.013697515241801739,0.02298883907496929
417_9X-SE-3CPw4_2745_1-batch-2025-02-04-10-00-57-140_label_fake.npz,Fake,Real,0.06205459982156754,0.10844669491052628,0.059492483735084534,2.1450236002810574e-20,0.010375455021858215,0.13195836544036865
4FT5RYuifwE_45_2--28165-I5oeY5O5oJI_31_13_label_fake.npz,Fake,Real,0.344029626250267,0.14304767549037933,0.19592079520225525,0.9999805688858032,0.3638654351234436,0.017333656549453735
490_LcG3blUixo0_34_1_label_fake.npz,Fake,Real,0.022407704091165215,0.071405790746212,0.0008970701019279659,0.0014971016207709908,0.02597721666097641,0.012261341325938702
Ft9uf9w3QVA_56_1--7852-6IXtQx8SwBE_54_3_label_fake.npz,Fake,Deepfake,0.5006246370773824,0.7970840334892273,0.005769308656454086,2.0374919529331237e-07,0.8025126457214355,0.8977569937705994
448.png_zpEUWKUUxdY_47_14_label_fake.npz,Fake,Real,0.0652232944965369,0.10581350326538086,0.0246802419424057,3.2315755364091363e-15,0.18533572554588318,0.010287001729011536
IK5BZdnqMDU_564_4_label_real.npz,Real,Deepfake,0.5853182167233172,0.9057831764221191,0.13066482543945312,1.530370172986295e-05,0.9454360008239746,0.9446917772293091
27043_GgCnpDg0jwc_40_1_label_fake.npz,Fake,Real,0.03274525392334909,0.06477110087871552,0.04647954925894737,0.0014377216575667262,0.04473728686571121,0.006300610955804586
14837-XTlDS7ju_28_34_1_label_fake.npz,Fake,Real,0.06733025265627647,0.07478839159011841,0.24307703971862793,3.6310083828539064e-08,0.01290377788245678,0.005882017780095339
19354-nlrjxL_frmk_98_2_label_fake.npz,Fake,Real,0.1229645189454967,0.09240170568227768,0.4521620571613312,1.5179720591618207e-08,0.015707513317465782,0.05455130338668823
P7slA-LkA3s_64_1--18577-awNrju1X3zc_10_1_label_fake.npz,Fake,Real,0.1778017781674862,0.5335874557495117,0.022503603249788284,2.5200351010545444e-18,0.03720798343420029,0.29570984840393066
07937_b0Z9IpTVfUg_49_1_audio_short_512x512_1_0732_withaudio_label_fake.npz,Fake,Real,0.05456202868124933,0.06880366802215576,0.18150711059570312,1.5505284522987495e-07,0.01900445856153965,0.003494751174002886
irlH4e-dbYc_171_1_label_real.npz,Real,Real,0.19768752437084913,0.22481520473957062,0.21745479106903076,0.009257121942937374,0.3089451491832733,0.2279653549194336
16282-qjGmzBp2fFk_13_1_label_fake.npz,Fake,Real,0.3068498700857163,0.5068411827087402,0.07586148381233215,0.5831193327903748,0.08931462466716766,0.27911272644996643
067_ff52c2fe.jpg_5oEJ6HpCC1c_3_1_label_fake.npz,Fake,Real,0.08209761939942839,0.08252549171447754,0.032868899405002594,0.25419387221336365,0.009138012304902077,0.03176182135939598
025_61e2c5e5-SzhK7Q-pY0U_0_2_label_fake.npz,Fake,Real,0.09162997297244146,0.16241204738616943,0.013688202947378159,0.0004489063867367804,0.022797489538788795,0.25880321860313416
01305_p1bOOYSCzxs_audio_2_label_fake.npz,Fake,Real,0.03917051143944263,0.07139488309621811,0.09092774987220764,0.0033601406030356884,0.024964049458503723,0.005205734167248011
ldI1peHBLa0_175_12_label_real.npz,Real,Real,0.28227244121953843,0.07151757180690765,0.8928353786468506,0.4107329547405243,0.02907598577439785,0.007200315129011869
SFpCQRZOxVE_43_2_label_real.npz,Real,Deepfake,0.5408267349004746,0.33689332008361816,0.16811268031597137,0.9859895706176758,0.701123058795929,0.5120150446891785
492_DR5IQXWY_uA_73_1-batch-2025-02-05-13-35-36-47_label_fake.npz,Fake,Real,0.017036888935043994,0.0658852830529213,0.0033320721704512835,1.8605570643176472e-12,0.012701833620667458,0.003265255829319358
497_78p4J0EEepU_6_2-batch-2025-02-10-11-34-42-7_label_fake.npz,Fake,Real,0.17657319333666238,0.15613582730293274,0.7074387669563293,3.055521665373817e-05,0.011151694692671299,0.008109122514724731
28003_d2om_PGtwWY_28_2_label_fake.npz,Fake,Real,0.14654618753120305,0.06240823119878769,0.10448405891656876,0.44963160157203674,0.1137412041425705,0.0024658418260514736
154_42de3f25.jpg_Ez67FTZPvkQ_1_1_label_fake.npz,Fake,Real,0.04521418008953333,0.12861862778663635,0.02445550635457039,0.0028183935210108757,0.05105657875537872,0.019121794030070305
3455-Lv39BhZJ2mg_1_10_label_fake.npz,Fake,Real,0.06018187277295511,0.1032450944185257,0.15468133985996246,9.912266250466928e-06,0.023862682282924652,0.019110335037112236
23548-G37VO1yeVEo_40_1_label_fake.npz,Fake,Real,0.24586487971246243,0.08020172268152237,0.08239775151014328,0.9999995231628418,0.0462898313999176,0.020435569807887077
490_1WuFbrHbnW8_94_5-batch-2025-02-05-13-35-36-37_label_fake.npz,Fake,Real,0.26054259063676,0.07131397724151611,0.21966709196567535,0.9987866282463074,0.01050452422350645,0.002440731506794691
29212-7ftkLTDgJzo_1_2_label_fake.npz,Fake,Real,0.29093998968601226,0.32038840651512146,0.17283059656620026,0.4732738137245178,0.2064785361289978,0.281728595495224
028_669aab36_VM4P9yV4rTA_214_2_label_fake.npz,Fake,Real,0.33012359887361525,0.28275641798973083,0.03736075013875961,0.9993153810501099,0.22438110411167145,0.10680434107780457
17505-MzXkiK4ROhQ_174_3_label_fake.npz,Fake,Real,0.2646125584840775,0.08030149340629578,0.49226394295692444,0.7221871018409729,0.01604430004954338,0.012265954166650772
Hnjr7o-HNx8_112_4--5626-53GIoeOAam4_6_2_label_fake.npz,Fake,Real,0.34598123539176007,0.8304100036621094,0.010423545725643635,7.418999303787643e-10,0.484344482421875,0.40472814440727234
dMfH7JbxZdY_20_2_label_real.npz,Real,Real,0.0584617467597127,0.08712700754404068,0.11799213290214539,0.01387240644544363,0.04849623888731003,0.024820948019623756
184_2137d05c-mHii80xikXs_4196_1_label_fake.npz,Fake,Real,0.13408234249800444,0.35103824734687805,0.015068416483700275,0.01636776514351368,0.05398203432559967,0.2339552491903305
9DTxDmLwFb8_706_7_label_real.npz,Real,Real,0.2398119846275222,0.39606478810310364,0.06903328746557236,1.9972170775872655e-05,0.10589667409658432,0.6280452013015747
27082-I5oeY5O5oJI_49_1_label_fake.npz,Fake,Real,0.30286260945722465,0.06547298282384872,0.5424166917800903,0.8912328481674194,0.011332256719470024,0.0038582677952945232
13897-J-vYXU4vqcY_11_1_label_fake.npz,Fake,Real,0.03450046117468446,0.07027991116046906,0.07850699126720428,7.986605851328932e-06,0.009440584108233452,0.01426683273166418
PqumaD82tcI_408_8_label_real.npz,Real,Real,0.032994900830090046,0.07121831178665161,0.027849629521369934,0.044334132224321365,0.012816314585506916,0.008756116032600403
10108-nlrjxL_frmk_109_1_label_fake.npz,Fake,Real,0.05855909382225946,0.06686774641275406,0.1521597057580948,0.000855770951602608,0.012554410845041275,0.06035783514380455
458-HyGk0mScA-Q_317_1_label_fake.npz,Fake,Real,0.16786748543963767,0.19817788898944855,0.6085711717605591,0.00026295988936908543,0.017088865861296654,0.01523654069751501
231_9RZI_ZKQwRc_287_1_label_fake.npz,Fake,Real,0.02254182472825051,0.07813584804534912,0.00727882981300354,1.4389442030070357e-17,0.015515800565481186,0.01177864521741867
ebR3yPqTODk_95_1_label_real.npz,Real,Real,0.11162574579939247,0.19248390197753906,0.06967423856258392,0.005838222336024046,0.03800331801176071,0.25212904810905457
14421_K6rSVoAakQ8_3_1_label_fake.npz,Fake,Real,0.15147444841334162,0.07375573366880417,0.646460235118866,1.154508140643884e-06,0.032180141657590866,0.004974977113306522
6820-MzXkiK4ROhQ_128_1_label_fake.npz,Fake,Deepfake,0.3611472010612488,0.3100672662258148,0.4538997411727905,0.4759155809879303,0.16173169016838074,0.4041217267513275
7519-BsVhgta2WAo_13_1_label_fake.npz,Fake,Real,0.032534820571163435,0.06595323234796524,0.0758129134774208,3.543395359884016e-05,0.012914079241454601,0.007958443835377693
375_W9C4OBc6El4_31_2_label_fake.npz,Fake,Real,0.10295216635422548,0.07179738581180573,0.4203167259693146,8.621339657111093e-05,0.016655385494232178,0.005905121099203825
62_zpEUWKUUxdY_2_2_512x512_1_0533_withaudio_label_fake.npz,Fake,Real,0.024632478039721514,0.06968539208173752,0.03606454282999039,4.899189777821111e-14,0.011027525179088116,0.006384930107742548
119_1POFF5RQjyM_123_1_512x512_1_0533_withaudio_label_fake.npz,Fake,Real,0.02046275736389589,0.06756692379713058,0.0021570431999862194,5.495547270584211e-07,0.028244221583008766,0.004345048684626818
kFDaG9pAA1w_17_3--23548-NSWcdPWXZQI_27_3_label_fake.npz,Fake,Deepfake,0.3642516631633046,0.8118001222610474,0.008224541321396828,1.1108711107089245e-15,0.24008454382419586,0.7611491084098816
6887-F-lGvJJiTMk_98_1_label_fake.npz,Fake,Real,0.14626658484339713,0.1745470017194748,0.04186505079269409,0.4123987555503845,0.019482258707284927,0.08303985744714737
024_b222784a.jpg_9ztkB7gr8po_2_13_label_fake.npz,Fake,Real,0.024452620461666453,0.09265846014022827,0.01397653203457594,3.241419133104273e-09,0.011122684925794601,0.004505421966314316
13328_lSCTGJbObOg_277_3_label_fake.npz,Fake,Real,0.041317772120237344,0.060554858297109604,0.034392401576042175,0.09738977998495102,0.013148578815162182,0.001103241927921772
btSL5MQfYjA_13_4_label_real.npz,Real,Deepfake,0.6079636879265309,0.38902002573013306,0.9059390425682068,0.04754433408379555,0.8286932110786438,0.868621826171875
aEM1s9Saa-g_51_6_25fps--275_Mv3FKFpTe4c_audio_1_95_label_fake.npz,Fake,Real,0.12977665624930523,0.29069751501083374,0.005583921913057566,0.0003623994707595557,0.02670978009700775,0.32552966475486755
242_oDO5ZDLTpaw_24_1_512x512_1_0533_withaudio_label_fake.npz,Fake,Real,0.019910141267479274,0.07012534886598587,0.009127931669354439,2.9476657914528914e-07,0.012826104648411274,0.007471026387065649
025_61e2c5e5_MxlocFNdoXg_797_2-batch-2025-02-09-14-48-38-4_label_fake.npz,Fake,Real,0.04804531345250469,0.15303587913513184,0.005092656705528498,5.327731311677297e-12,0.01254844106733799,0.06954959034919739
13446_TAaMKX4tbx8_label_fake.npz,Fake,Real,0.01949739903993759,0.06801571696996689,0.004062010440975428,1.8533710317569785e-06,0.018605710938572884,0.006801703479140997
Tdgb6NvUjhk_39_4_25fps--67557_fM_gdHo5hL0_audio_2_89_label_fake.npz,Fake,Deepfake,0.3730339869859566,0.4448193609714508,0.9319289326667786,1.3655917759439196e-12,0.0425962433218956,0.44582539796829224
44496.png_1P9nl9tBK38_639_1_label_fake.npz,Fake,Real,0.16574283608665807,0.42419394850730896,0.006198465824127197,1.4596717612391785e-08,0.04541066661477089,0.3529110848903656
033_c27883e5.jpg_dFiwhwAHNMw_63_2_label_fake.npz,Fake,Real,0.15873091295362957,0.3009311854839325,0.02849942073225975,7.17732554704302e-14,0.04715657979249954,0.41706737875938416
23756-X0CrmKqnFVI_25_3_label_fake.npz,Fake,Real,0.05042103409004994,0.1546415537595749,0.018824972212314606,4.037804046674864e-06,0.04848513379693031,0.030149472877383232
3517-J_U3D_QAw7c_77_1_label_fake.npz,Fake,Real,0.31913850344717504,0.590430736541748,0.029527047649025917,1.6265907039911188e-19,0.04219641536474228,0.9335383176803589
U7V-30eueTw_0_1--15616-I5oeY5O5oJI_25_4_label_fake.npz,Fake,Real,0.23769459277391433,0.18468616902828217,0.5428292751312256,0.20174723863601685,0.17886242270469666,0.08034785836935043
266_PmI4qnTpL0E_1_1_label_fake.npz,Fake,Real,0.17317598543304488,0.07301227003335953,0.7710684537887573,0.00012100195453967899,0.016476772725582123,0.005201428662985563
120_8wx4wssZgfo_50_1_512x512_1_0112_withaudio_label_fake.npz,Fake,Real,0.03434716584246793,0.07664873450994492,0.026992592960596085,1.6768099797559444e-08,0.06106466054916382,0.007029824424535036
16806-pNogULi28gs_153_1_label_fake.npz,Fake,Real,0.0477929829390861,0.08609418570995331,0.1264263093471527,1.2825018824713652e-09,0.013784126378595829,0.012660291977226734
OAzp-7yY0FQ_61_2--13208-I5oeY5O5oJI_34_3_label_fake.npz,Fake,Deepfake,0.43415225533681223,0.7265045046806335,0.5892032384872437,1.4413795724976808e-05,0.24746429920196533,0.6075748205184937
50378_C4hNyd9eJy4_0_39_label_fake.npz,Fake,Real,0.02781935241073942,0.06858135759830475,0.045962683856487274,2.8587572034003556e-14,0.013689960353076458,0.010862760245800018
sgHHRVH0NFo_47_5--12669-6miKDMtYrVI_28_2_label_fake.npz,Fake,Deepfake,0.6109990179538728,0.7574235796928406,0.6127914786338806,0.016983360052108765,0.7988141775131226,0.8689824938774109
WxdaDqICMP8_707_1_label_real.npz,Real,Real,0.05907372379788286,0.08413439244031906,0.15888983011245728,8.686171895533334e-06,0.03743639588356018,0.014899314381182194
230.png_SSK5FwoCwyU_0_67_label_fake.npz,Fake,Real,0.039933606795967136,0.06949570029973984,0.10794312506914139,2.5722332318051273e-15,0.013463892042636871,0.00876531656831503
25810-orD3vsEyGdA_71_3_label_fake.npz,Fake,Real,0.24569733142910097,0.37917646765708923,0.3306768536567688,2.865561954390472e-12,0.0659961998462677,0.4526371359825134
07049_u5Ks53-THVE_56_1_audio_short_512x512_1_1655_withaudio_label_fake.npz,Fake,Real,0.2433935267850757,0.06742396205663681,0.14353154599666595,0.9738827347755432,0.012131228111684322,0.019998162984848022
295_C2yEID0wrvs_1_2_audio_short_512x512_1_1652_withaudio_label_fake.npz,Fake,Real,0.045949154626578094,0.09081932157278061,0.10510662943124771,1.0317497192653278e-18,0.02956547960639,0.004254342522472143
498_3NYH-zyIfZY_38_1_audio_short_512x512_1_0933_withaudio_label_fake.npz,Fake,Real,0.14489119481295348,0.07107186317443848,0.47341907024383545,0.13741326332092285,0.036731064319610596,0.005820713005959988
22901-lSCTGJbObOg_189_3_label_fake.npz,Fake,Real,0.18804018348455429,0.33940955996513367,0.14215508103370667,0.010156508535146713,0.02826836332678795,0.42021140456199646
138_W9C4OBc6El4_111_8_512x512_1_0112_withaudio_label_fake.npz,Fake,Real,0.03885866436494325,0.06441009789705276,0.09972735494375229,4.9139066504721995e-06,0.025428999215364456,0.0047219558618962765
31079.png_p1bOOYSCzxs_42_6_label_fake.npz,Fake,Deepfake,0.41955605968832976,0.43314123153686523,0.03717915341258049,0.3840223550796509,0.897041380405426,0.34639617800712585
050_7c5b026c.jpg_AS9R2A7bKc0_16_1_label_fake.npz,Fake,Real,0.034940753706177934,0.08489959686994553,0.06659308820962906,4.2569899960653856e-05,0.01355675421655178,0.009611759334802628
19850-CWEWBgVwFc8_79_3_label_fake.npz,Fake,Real,0.2738187965005636,0.07618197053670883,0.2642397880554199,0.9999984502792358,0.012058481574058533,0.01661529205739498
17059_lSCTGJbObOg_17_4_label_fake.npz,Fake,Real,0.03332627424970269,0.04820522293448448,0.0902928039431572,0.006197848357260227,0.01746957190334797,0.004465924110263586
16207-MHZMQLDr-OA_50_1_label_fake.npz,Fake,Real,0.34133533015847206,0.5564401149749756,0.21154408156871796,0.037851039320230484,0.1529545783996582,0.7478868365287781
17397.png_PXdPmUJN6k0_77_9_label_fake.npz,Fake,Real,0.1793746138017336,0.07338811457157135,0.8066896200180054,1.2894297608812e-11,0.009092639200389385,0.007702695205807686
25758-BhwnAYvzhm4_33_1_label_fake.npz,Fake,Real,0.22237435169517994,0.06782915443181992,0.12623271346092224,0.90163254737854,0.007673248648643494,0.008504094555974007
56224_Lv39BhZJ2mg_82_2_audio_short_512x512_1_0933_withaudio_label_fake.npz,Fake,Real,0.03493566687711791,0.08217237144708633,0.05450647324323654,4.6508057494065724e-07,0.01825401932001114,0.019745005294680595
22236_lSCTGJbObOg_287_1_label_fake.npz,Fake,Real,0.09529224427387818,0.064167819917202,0.4010203182697296,2.574430254753679e-06,0.009548020549118519,0.001722488203085959
322_8L3KpV8zS4Y_1_24_audio_short_512x512_1_1652_withaudio_label_fake.npz,Fake,Real,0.022470674011856363,0.05960557609796524,0.02849367819726467,2.3178866019200797e-16,0.02021147310733795,0.004042642656713724
19012-O1JxQ9OyJRQ_115_1_label_fake.npz,Fake,Real,0.02284320816397667,0.06473994255065918,0.02468324825167656,0.0024936324916779995,0.018684614449739456,0.0036146030761301517
19010_C4hNyd9eJy4_0_56_label_fake.npz,Fake,Real,0.019267820194363607,0.06073981523513794,0.014096670784056187,5.138373835029993e-17,0.012114102020859718,0.009388512931764126
ZMs-gVbhNIY_68_1_label_real.npz,Real,Deepfake,0.5392038282006979,0.7598931789398193,0.023481307551264763,1.0,0.3898386061191559,0.5228060483932495
117_WXGfdzE7hhI_30_1-batch-2025-02-04-10-00-57-67_label_fake.npz,Fake,Real,0.0351965107023716,0.0771251767873764,0.013010126538574696,0.06101333349943161,0.016126282513141632,0.008707634173333645
344_0Mi0miIN6tA_34_1_audio_short_512x512_1_0732_withaudio_label_fake.npz,Fake,Real,0.04218603325471122,0.07531359791755676,0.11934789270162582,2.0805478015972767e-06,0.011383234523236752,0.004883360583335161
02395_B4LwKKKbAuI_88_28_label_fake.npz,Fake,Real,0.12779141296891797,0.07031796127557755,0.5438156723976135,3.6487019769992912e-06,0.022610455751419067,0.0022093267180025578
235_KDujlRUGYho_10_1_512x512_1_0533_withaudio_label_fake.npz,Fake,Real,0.018468615537858567,0.06854953616857529,0.008806591853499413,0.00013307288463693112,0.01200172957032919,0.002852147212252021
20791-6miKDMtYrVI_39_2_label_fake.npz,Fake,Real,0.22608743784949184,0.06449302285909653,0.04030817747116089,0.9999996423721313,0.02131107822060585,0.0043252683244645596
mHii80xikXs_1708_1--IkRNLBHex6w_87_1_label_fake.npz,Fake,Real,0.036231865799341276,0.14296460151672363,0.011559478007256985,3.85116223355908e-08,0.01221857313066721,0.01441663783043623
25916-ZWWpghA1SJc_31_1_label_fake.npz,Fake,Real,0.07999308894650312,0.19255028665065765,0.0034807913471013308,3.160807682434097e-05,0.016744248569011688,0.1871585100889206
23884-8KovXKo3DL4_90_1_label_fake.npz,Fake,Real,0.06252905651926995,0.07226189225912094,0.1707049459218979,6.091486091364406e-23,0.06698616594076157,0.0026922784745693207
14504_jkj3wCN-SW0_label_fake.npz,Fake,Real,0.025815493308255104,0.07114028930664062,0.026493223384022713,5.2464765758486465e-06,0.01951877772808075,0.011919929645955563
mXDi_C0yb6A_8_1--25952-LmGz2Hp34l0_0_1_label_fake.npz,Fake,Deepfake,0.591213619709015,0.6951136589050293,0.8980770111083984,0.3819272816181183,0.4285579025745392,0.5523922443389893
017_4748675b_cZ_DoJj9PXQ_81_3_label_fake.npz,Fake,Real,0.02837225347853844,0.08370620012283325,0.006312871351838112,4.825218349879812e-12,0.025504417717456818,0.026337778195738792
zpEUWKUUxdY_7_2--t58wNtkkXkw_0_1_422_label_fake.npz,Fake,Real,0.1535260126023276,0.1847030371427536,0.18340742588043213,1.429674347658283e-11,0.34923598170280457,0.05028361827135086
d5GTYm01vqA_38_1_label_real.npz,Real,Deepfake,0.36863978002220393,0.34954574704170227,0.01425007451325655,3.2187597731310066e-20,0.9164842963218689,0.5629187822341919
KKeGv-ny-kY_77_3_label_real.npz,Real,Real,0.22045483378460634,0.4144706726074219,0.1430487334728241,0.00017749209655448794,0.22137010097503662,0.32320716977119446
079_fd41500f_sba-i5-e3WY_3816_1-batch-2025-02-10-11-34-42-51_label_fake.npz,Fake,Real,0.03670483125605059,0.09322796016931534,0.032034214586019516,5.244502787604688e-08,0.029474539682269096,0.028787389397621155
6577-ADTwFvHACE4_10_3_label_fake.npz,Fake,Real,0.033138399578707754,0.09865231066942215,0.012528350576758385,3.763702891013132e-11,0.012864867225289345,0.04164646938443184
1t8tfCELNck_37_1--29309-PYRFxrLt30A_43_3_label_fake.npz,Fake,Deepfake,0.36737942099571225,0.26158371567726135,0.17664824426174164,0.9996166229248047,0.3005051016807556,0.09854342043399811
J-vYXU4vqcY_12_1_label_real.npz,Real,Real,0.264683739002794,0.07788097113370895,0.18630655109882355,0.9893450140953064,0.06575432419776917,0.004131834488362074
25602-awNrju1X3zc_31_1_label_fake.npz,Fake,Real,0.14750489486468726,0.0710190013051033,0.647739827632904,2.13487510336563e-06,0.009922857396304607,0.008840653114020824
tgWpcB36m-Q_2_5_label_real.npz,Real,Deepfake,0.46610927210181896,0.4600153863430023,0.020389985293149948,4.6190700569992416e-11,0.9272807240486145,0.9228602647781372
17545-iURkmV7cfBc_31_2_label_fake.npz,Fake,Real,0.1878912123023838,0.10115110874176025,0.770125150680542,7.75331227487186e-06,0.03101322427392006,0.03715882450342178
50658.png_keEKlr2dG-I_82_8_label_fake.npz,Fake,Real,0.08247314182226546,0.06978947669267654,0.32801592350006104,0.00042173327528871596,0.0100528160110116,0.00408575963228941
nv9WwHpOKEg_117_1--21075-2ECheTEbkhQ_23_6_label_fake.npz,Fake,Real,0.21031245828108996,0.44641777873039246,0.0041481126099824905,2.498115136972956e-08,0.1018865704536438,0.49910980463027954
lqKZS1uYfro_42_4_label_real.npz,Real,Real,0.15979939488779565,0.15708070993423462,0.5425142645835876,3.852606369036948e-06,0.01597488299012184,0.08342326432466507
237_UzfVjgZKjro_1080p_97_5_label_fake.npz,Fake,Real,0.2032663323916495,0.07214131206274033,0.055322643369436264,0.8695758581161499,0.013792211189866066,0.005499637220054865
6871-GDq1isgt718_0_13_label_fake.npz,Fake,Real,0.030160811822874216,0.05820753425359726,0.04600759595632553,6.390053145909763e-14,0.039738308638334274,0.0068506202660501
368-6w9ikJPzTOA_18_2_label_fake.npz,Fake,Real,0.22489968203008176,0.06162239983677864,0.03920009732246399,0.99977046251297,0.02084040455520153,0.0030650459229946136
YoLGXK9L1S4_0_11_label_real.npz,Real,Real,0.04237502925142805,0.07112257182598114,0.07627858221530914,4.658855967676345e-09,0.06142650172114372,0.003047485835850239
UqO0E4rcI5k_40_2_label_real.npz,Real,Real,0.02777989828027785,0.1022019162774086,0.006071913987398148,0.0020708630327135324,0.015767628327012062,0.0127871697768569
19679-Lqg5fiwIQso_32_1_label_fake.npz,Fake,Real,0.04455222226679325,0.07683736085891724,0.006222969852387905,0.08946238458156586,0.038409870117902756,0.011828525923192501
9cdh5Xebf2w_3_1_label_real.npz,Real,Real,0.18451557913795116,0.43558400869369507,0.18697918951511383,0.0006259274668991566,0.2641047537326813,0.03528401628136635
17798-MzXkiK4ROhQ_128_1_label_fake.npz,Fake,Real,0.27283136844635014,0.314359188079834,0.37797194719314575,0.20848147571086884,0.09164266288280487,0.37170156836509705
033_bc82f2a9--19DTZ6_d6U_481_5_label_fake.npz,Fake,Deepfake,0.49002164602458803,0.6767264604568481,0.3023322820663452,8.95693588742752e-12,0.9396711587905884,0.5313783288002014
8343-D1m1SQIdMkk_4_5_label_fake.npz,Fake,Real,0.23349099694751205,0.06553518027067184,0.08862259984016418,0.9995577931404114,0.01005915179848671,0.0036802596878260374
6145_d2om_PGtwWY_6_4_label_fake.npz,Fake,Real,0.03636248549446464,0.07432619482278824,0.074132040143013,0.012976857833564281,0.015310315415263176,0.005067019257694483
079_fd41500f_dNCH3eXEwB4_670_2-batch-2025-02-10-11-34-42-53_label_fake.npz,Fake,Real,0.232699690825773,0.30352064967155457,0.39911362528800964,7.783535593830493e-09,0.09192706644535065,0.36893710494041443
15833-6w9ikJPzTOA_76_1_label_fake.npz,Fake,Real,0.264988773688674,0.12255382537841797,0.07670949399471283,0.9875797629356384,0.021234167739748955,0.11686661839485168
020_c1a8bc2c_MxlocFNdoXg_720_1-batch-2025-02-06-00-06-46-40_label_fake.npz,Fake,Deepfake,0.36705149032671436,0.7500640153884888,0.5926076769828796,2.5729297803422924e-08,0.24904529750347137,0.2435404360294342
128_VifDzyPgBNg_0_5-batch-2025-02-04-10-00-57-124_label_fake.npz,Fake,Real,0.024440818146371158,0.0651785135269165,0.04400953650474548,3.0298423325803014e-08,0.00967665296047926,0.003339357441291213
066_08ec842b.jpg_fZNe3xAY9Zw_1080p_55_3_label_fake.npz,Fake,Real,0.1988144114613533,0.15205399692058563,0.24341346323490143,0.43147432804107666,0.06673125922679901,0.10039900988340378
Sni015rJ4Fk_78_1--5940-a0MIIwPGYB4_30_1_label_fake.npz,Fake,Deepfake,0.4624382585287094,0.4790257215499878,0.13488806784152985,0.4443957507610321,0.75871741771698,0.49516433477401733
WicBE2Uwz0A_70_1--22137-pzdnuEa8a20_115_1_label_fake.npz,Fake,Deepfake,0.44494555890560156,0.4831838607788086,0.0860757827758789,0.9995265007019043,0.1273575872182846,0.5285840630531311
275_IU0Zy67ZLpU_79_1_audio_short_512x512_1_0933_withaudio_label_fake.npz,Fake,Real,0.20450715601026342,0.07422899454832077,0.9187749028205872,2.6614930703772188e-08,0.021128373220562935,0.008403482846915722
zpEUWKUUxdY_11_6--J_ComKnl1hk_10_label_fake.npz,Fake,Real,0.3177667827694677,0.6874179244041443,0.0008369332063011825,0.007142169866710901,0.7738441228866577,0.11959276348352432
413_Qql31j-w90s_audio_3_512x512_1_1026_withaudio_label_fake.npz,Fake,Real,0.06659959108526038,0.06831078976392746,0.2430785596370697,4.4431673618117173e-11,0.017291992902755737,0.004316613078117371
6019-JtLypQpGruo_65_3_label_fake.npz,Fake,Real,0.04086464171414264,0.08968186378479004,0.08798243850469589,0.0004515421169344336,0.010780924931168556,0.015426439233124256
068_474081ea.jpg_P4o9TZ36Xj8_16_1_label_fake.npz,Fake,Real,0.19358818826597324,0.5366749167442322,0.004530100151896477,2.4091272976534128e-08,0.014242999255657196,0.41249290108680725
5xBpkc7-w3A_52_1--17410-d2om_PGtwWY_36_1_label_fake.npz,Fake,Real,0.24578657522797587,0.28627172112464905,0.04196381941437721,0.2013349086046219,0.27097582817077637,0.4283865988254547
reaup7qkEfk_40_1_label_real.npz,Real,Real,0.045030206069350244,0.09856975078582764,0.039368994534015656,0.02314860187470913,0.018054712563753128,0.04600897058844566
22_VifDzyPgBNg_0_5-batch-2025-02-03-22-17-41-43_label_fake.npz,Fake,Real,0.024744635733344466,0.06586706638336182,0.04400953650474548,3.0298423325803014e-08,0.010991058312356472,0.0028554871678352356
425_FLfyjfbThfA_113_2_512x512_1_0533_withaudio_label_fake.npz,Fake,Real,0.017977885397624505,0.07357220351696014,0.0020087258890271187,4.866556650995335e-07,0.010949254967272282,0.003358755959197879
494_IkRNLBHex6w_343_1-batch-2025-02-09-18-31-56-3_label_fake.npz,Fake,Real,0.023821859440886328,0.07432878762483597,0.031742505729198456,7.351893600571202e-06,0.009340925142168999,0.0036897268146276474
28145_I5oeY5O5oJI_10_11_label_fake.npz,Fake,Real,0.1208489784039557,0.06455077975988388,0.5082845091819763,0.006995062809437513,0.016375230625271797,0.00803930964320898
23449-TXf3uH5YqM4_0_2_label_fake.npz,Fake,Real,0.11496858271676685,0.27973851561546326,0.007079618517309427,4.1891393132154064e-11,0.018463637679815292,0.26956114172935486
29131_ADTwFvHACE4_116_1_label_fake.npz,Fake,Real,0.02746653274534765,0.0709160566329956,0.045314718037843704,1.459391296521062e-05,0.01783132553100586,0.003255969611927867
010_34d63b53_XblD1mtXBWY_4_1-batch-2025-02-05-13-35-36-167_label_fake.npz,Fake,Real,0.07711468338966371,0.07315295189619064,0.2762313783168793,0.01761838048696518,0.011354979127645493,0.007215727120637894
24365-3U4D77IB-j8_102_1_label_fake.npz,Fake,Real,0.14367317445578626,0.25208425521850586,0.33484962582588196,1.216863524007572e-13,0.1041107028722763,0.027321288362145424
AbpNlshqtJc_122_1--17560-G37VO1yeVEo_36_1_label_fake.npz,Fake,Deepfake,0.5238281220197678,0.4378996789455414,0.3685738444328308,0.9999814033508301,0.19501681625843048,0.617668867111206
039_3daa67cf_78p4J0EEepU_6_2-batch-2025-02-06-00-06-46-116_label_fake.npz,Fake,Real,0.343962144022953,0.6496860980987549,0.7215719819068909,4.9314974603476e-05,0.03171080723404884,0.3167925179004669
orD3vsEyGdA_67_1_label_real.npz,Real,Deepfake,0.4149425286325993,0.6297599673271179,0.5767595767974854,4.561112234569009e-07,0.37173643708229065,0.49645620584487915
442_NEEN8fSBuWI_361_1_label_fake.npz,Fake,Real,0.03261462560622022,0.06733875721693039,0.060063838958740234,0.0009358622482977808,0.0304532740265131,0.004281395580619574
14011-a0MIIwPGYB4_65_1_label_fake.npz,Fake,Real,0.05012156395241619,0.0631827637553215,0.1375817060470581,0.007353838067501783,0.015653211623430252,0.026836300268769264
WTT4zMFXkO4_2_1_label_real.npz,Real,Real,0.106702539702038,0.18792247772216797,0.31907913088798523,2.3742584287500534e-11,0.014084973372519016,0.01242611650377512
8Bec4j7WZ6I_53_1_label_real.npz,Real,Real,0.349964033202395,0.4230775833129883,0.11405970901250839,6.758426596142897e-10,0.7263796329498291,0.4863032400608063
6As3T1vBft0_47_1--cZ_DoJj9PXQ_12_4_50_label_fake.npz,Fake,Real,0.2548086345195869,0.36554378271102905,0.14511612057685852,4.947107448086824e-14,0.16842293739318848,0.5949603319168091
483_Slqo8SHnFaU_audio_1_512x512_1_1026_withaudio_label_fake.npz,Fake,Real,0.0433023835241329,0.07340355217456818,0.1278812140226364,0.00023946710280142725,0.009984084405004978,0.005003599915653467
VifDzyPgBNg_233_18_label_real.npz,Real,Deepfake,0.35542039293504785,0.5349470973014832,0.037258680909872055,0.0002190219092881307,0.6663892865180969,0.538287878036499
18018_PYRFxrLt30A_72_2_label_fake.npz,Fake,Real,0.26217216039076446,0.07056768983602524,0.24775400757789612,0.9771216511726379,0.009908247739076614,0.005509205628186464
dMXx0GIUmVQ_48_2--1658-ndJhwVupwVQ_13_4_label_fake.npz,Fake,Real,0.09884967580437663,0.3021933436393738,0.005757857114076614,1.0861725167046057e-16,0.10109226405620575,0.08520491421222687
075_e0b91ee3-62ywI44YAxQ_26_1_label_fake.npz,Fake,Deepfake,0.645661974093849,0.7585789561271667,0.762453019618988,7.030091508930525e-10,0.8047458529472351,0.9025320410728455
04545_GNkwgfQFj60_53_3_label_fake.npz,Fake,Real,0.022701259716131975,0.06343279033899307,0.037250638008117676,2.1323314740584465e-06,0.00885722879320383,0.0039635091088712215
058_1b5b5422.jpg_K3O_-Mjls_Q_1080p_80_4_label_fake.npz,Fake,Real,0.046783214434981346,0.0936444103717804,0.01918073371052742,0.03081858903169632,0.019050249829888344,0.07122208923101425
ILR3cxYpjUk_29_11_label_real.npz,Real,Real,0.20593753680586818,0.26317304372787476,0.27623236179351807,1.572334796702772e-20,0.45332765579223633,0.036954622715711594
261_dqFjx2I4KXg_17_6_512x512_1_0112_withaudio_label_fake.npz,Fake,Real,0.01919115388311354,0.07810212671756744,0.0027387947775423527,1.1280700107363373e-07,0.012035481631755829,0.0030792534817010164
17625-_cPj3b9BDPI_21_4_label_fake.npz,Fake,Deepfake,0.5984195421333425,0.2971641719341278,0.8028802871704102,0.00029320031171664596,0.9163463115692139,0.9754137396812439
020_c1a8bc2c__LL3BSLGscY_0_1-batch-2025-02-06-13-00-20-397_label_fake.npz,Fake,Real,0.18767960094648412,0.7000779509544373,0.08365163207054138,4.879524784229261e-09,0.045730557292699814,0.10893785953521729
19054-ADTwFvHACE4_86_4_label_fake.npz,Fake,Real,0.15052281409334684,0.30875134468078613,0.010299080051481724,2.4314775146194734e-05,0.10208681225776672,0.33145251870155334
36.png_J_ComKnl1hk_4_2_label_fake.npz,Fake,Real,0.024092978518456223,0.08179845660924911,0.022758550941944122,1.0304280914416212e-18,0.009528249502182007,0.006379635538905859
4962_Ip7cs1D5tTQ_1_7_label_fake.npz,Fake,Real,0.09118962502402908,0.07149993628263474,0.36241796612739563,1.4794105177018402e-11,0.01789996773004532,0.004130254965275526
23916-QvTs7W732ZQ_37_2_label_fake.npz,Fake,Real,0.019336941279796325,0.06543544679880142,0.007084688637405634,1.6270217595079628e-12,0.017867155373096466,0.006297415588051081
133_5GcHInADAHY_31_4_audio_short_512x512_1_1652_withaudio_label_fake.npz,Fake,Real,0.06307090683840215,0.0712299570441246,0.1190505176782608,0.11004168540239334,0.012606263160705566,0.0024261109065264463
9221-MATJqR93d5I_47_8_label_fake.npz,Fake,Real,0.03630058363814896,0.08227960765361786,0.05762023478746414,1.4471299436991103e-05,0.013506399467587471,0.02808220498263836
IkRNLBHex6w_343_2--1stTPtXYjuM_255_37_364_label_fake.npz,Fake,Real,0.043090168386697776,0.12615014612674713,0.02666633389890194,0.04256734251976013,0.010462943464517593,0.00960407592356205
045_6895fe7e_W9C4OBc6El4_86_14_label_fake.npz,Fake,Real,0.21680826693773272,0.09569907188415527,0.052549514919519424,0.8268294334411621,0.018957000225782394,0.09000631421804428
029_c6e0a7f3_XblD1mtXBWY_249_3_label_fake.npz,Fake,Real,0.09017670179018751,0.07354378700256348,0.3295641839504242,5.830387817695737e-05,0.03604787960648537,0.011669354513287544
zpEUWKUUxdY_6_6--bC8BMMmwO8U_34_label_fake.npz,Fake,Real,0.17731748050759633,0.15927456319332123,0.00039456828380934894,2.112057639891418e-09,0.706800103187561,0.020118165761232376
4475-q48w51isHHc_19_2_label_fake.npz,Fake,Real,0.19185553854113094,0.21453861892223358,0.518041729927063,4.160542812314816e-05,0.014603080227971077,0.21205265820026398
J0OjSB0ZF2Q_54_1_label_real.npz,Real,Real,0.11501930570230853,0.13824976980686188,0.0025946232490241528,4.8203011948719926e-14,0.3198021352291107,0.11445000022649765
27897-M-3HEJpdx2I_3_1_label_fake.npz,Fake,Real,0.18223856966942548,0.10349340736865997,0.3289165198802948,0.0063875457271933556,0.06326965987682343,0.4091257154941559
133_6wKR9igYrS8_audio_2_512x512_1_1026_withaudio_label_fake.npz,Fake,Real,0.22412790390662848,0.07716313749551773,0.02587687037885189,1.0,0.015280933119356632,0.002318578539416194
308_852WCRqSgFA_0_1_audio_short_512x512_1_0557_withaudio_label_fake.npz,Fake,Real,0.02350362008644597,0.06049247458577156,0.031592000275850296,1.0354142890300899e-11,0.018756546080112457,0.006677079480141401
zmquFlJxnyM_37_2--3400-BhwnAYvzhm4_56_1_label_fake.npz,Fake,Real,0.05563378357915099,0.15005123615264893,0.05794364586472511,5.0553580877021886e-08,0.05853185057640076,0.011642134748399258
25_xLpZZScqgKo_audio_2_512x512_1_1026_withaudio_label_fake.npz,Fake,Real,0.07239156877622008,0.061856240034103394,0.20133808255195618,0.02602604404091835,0.0649542361497879,0.007783241104334593
14869-Z6bxX3mcfJg_19_1_label_fake.npz,Fake,Real,0.2790812309831381,0.20958667993545532,0.018491385504603386,0.9958143830299377,0.08892025798559189,0.08259344846010208
090_3c8ed08d.jpg_J_ComKnl1hk_2_17_label_fake.npz,Fake,Real,0.02096238308586201,0.07316887378692627,0.018869787454605103,1.0404822492756185e-15,0.00934223085641861,0.003431023331359029
12601-QTau-xHsz80_8_1_label_fake.npz,Fake,Real,0.23557434044778347,0.2691483199596405,0.17069508135318756,0.5563792586326599,0.024615241214632988,0.1570338010787964
21807-pnuHjaJClto_24_1_label_fake.npz,Fake,Real,0.14155608918338347,0.27056801319122314,0.2826325297355652,6.052699319525345e-08,0.1275128573179245,0.02706698514521122
8Bec4j7WZ6I_242_7_label_real.npz,Real,Real,0.17293585911393164,0.08075898140668869,0.19168995320796967,0.5734187960624695,0.011989817023277283,0.006821747869253159
fAh51cqF86I_14_1--13117-I5oeY5O5oJI_53_8_label_fake.npz,Fake,Deepfake,0.3986429210752249,0.07033898681402206,0.9073135256767273,0.9926960468292236,0.01344349980354309,0.0094225462526083
492_DR5IQXWY_uA_193_1-batch-2025-02-06-13-00-20-503_label_fake.npz,Fake,Real,0.13889819509998383,0.5590566992759705,0.009115273132920265,1.1906793773164281e-08,0.015459872782230377,0.11085911840200424
022_b497b92e.jpg_T47iIAEaLmY_1080p_28_8_label_fake.npz,Fake,Real,0.05285503750201315,0.1772107183933258,0.009937595576047897,0.0002857240615412593,0.01281927153468132,0.06402187794446945
35-OuVqGrko56s_113_1_label_fake.npz,Fake,Real,0.05799171887338162,0.14138007164001465,0.045515891164541245,0.021668074652552605,0.02278384193778038,0.058610714972019196
60_5FYGP2Jd1XA_154_1_audio_short_512x512_1_0944_withaudio_label_fake.npz,Fake,Real,0.22245104387402537,0.06743389368057251,0.11370641738176346,0.9106982350349426,0.016969751566648483,0.003446921706199646
2188-KopQglRZUFA_0_1_label_fake.npz,Fake,Real,0.2602228882722557,0.08675172924995422,0.25031977891921997,0.9423225522041321,0.01413734070956707,0.007583040278404951
KKeGv-ny-kY_596_1_label_real.npz,Real,Real,0.23441286392971172,0.5184746980667114,0.007028558291494846,6.914848693639897e-09,0.1316196620464325,0.514941394329071
21488.png_egeQtsE3hfg_83_2_label_fake.npz,Fake,Real,0.11964589677227197,0.0684262067079544,0.516938328742981,4.168895247858018e-05,0.009037120267748833,0.003786139190196991
10464_O1JxQ9OyJRQ_1_3_label_fake.npz,Fake,Real,0.08113958305912093,0.07381103187799454,0.3161982595920563,9.179121116176248e-05,0.011333906091749668,0.004262926522642374
8tD-YwT4oAg_144_1_519_label_fake.npz,Fake,Real,0.21188713792883843,0.0685640200972557,0.9694232940673828,9.135578515895304e-09,0.014065280556678772,0.007383085787296295
CoIL9IsJXiA_33_1--24132-I5oeY5O5oJI_46_7_label_fake.npz,Fake,Real,0.11933834438677879,0.1186438724398613,0.4309111535549164,0.0016462391940876842,0.01735294610261917,0.028137510642409325
4147-pLDX3CuGiWU_9_2_label_fake.npz,Fake,Real,0.2246675331145525,0.1400001496076584,0.02155805192887783,0.8753424286842346,0.023061122745275497,0.06337591260671616
QwWcO0-ne8c_17_1--5792-lXv73xCGh8E_91_2_label_fake.npz,Fake,Real,0.2202393962070346,0.5133106112480164,0.07030713558197021,0.009796314872801304,0.02502123825252056,0.4827616810798645
JtLypQpGruo_65_7_label_real.npz,Real,Real,0.1141482225675953,0.25411611795425415,0.008324461057782173,3.2879772238203486e-09,0.029419755563139915,0.278880774974823
367_XJmuXrN2cQA_14_17_512x512_1_1647_withaudio_label_fake.npz,Fake,Real,0.02865030373648168,0.0764695405960083,0.029261041432619095,3.4422445338577745e-08,0.02802404947578907,0.00949685275554657
270_fcYeXCacyrk_173_1_audio_short_512x512_1_1652_withaudio_label_fake.npz,Fake,Real,0.1873361758887768,0.06826109439134598,0.21896584331989288,0.6083056926727295,0.036803700029850006,0.0043445490300655365
15491_itFwx1CZM9I_104_3_label_fake.npz,Fake,Real,0.11807927456684411,0.07189974933862686,0.25226715207099915,0.2532077431678772,0.010115777142345905,0.002905951114371419
VvyPZwhivKQ_20_1--1289-ADTwFvHACE4_116_2_label_fake.npz,Fake,Real,0.24368343092501166,0.1242000013589859,0.36183834075927734,0.6661258339881897,0.02698388881981373,0.039269089698791504
62ywI44YAxQ_82_10_label_real.npz,Real,Real,0.0664628975533617,0.07400832325220108,0.2272745668888092,3.0010599516572256e-07,0.023094922304153442,0.007936375215649605
19313-A-BRu8z7ztk_34_2_label_fake.npz,Fake,Real,0.10716683583113991,0.274737685918808,0.00397335272282362,2.996891907969257e-06,0.035476457327604294,0.22164368629455566
053_05c78fa1.jpg_1P9nl9tBK38_343_3_label_fake.npz,Fake,Real,0.03743280768394993,0.07973229885101318,0.017895810306072235,2.6121388174227614e-14,0.024591051042079926,0.06494487822055817
25217_I5oeY5O5oJI_34_2_label_fake.npz,Fake,Real,0.05385076921720611,0.06995339691638947,0.18465448915958405,1.4727530469826888e-05,0.010892094112932682,0.0037391383666545153
2822-s9OwwTPanvw_46_1_label_fake.npz,Fake,Deepfake,0.35421086065471175,0.1991334706544876,0.46293386816978455,0.9967538714408875,0.027438251301646233,0.08479484170675278
2480-j9vRrhheCUM_20_1_label_fake.npz,Fake,Real,0.0212694751098753,0.06539759039878845,0.016242414712905884,4.937214230317836e-16,0.020779987797141075,0.0039273826405406
23390-pNogULi28gs_87_2_label_fake.npz,Fake,Real,0.2774206429719925,0.16451995074748993,0.006832767277956009,0.9999070167541504,0.03465748950839043,0.1811859905719757
02679_IcZtHIN331g_6_1_label_fake.npz,Fake,Real,0.04120807226572652,0.07811623066663742,0.007908967323601246,6.209536513779312e-05,0.11096183210611343,0.008991235867142677
5287-sUv353ua7E8_37_1_label_fake.npz,Fake,Deepfake,0.4131875723600388,0.2532983124256134,0.08766622841358185,0.9908719658851624,0.3213796019554138,0.41272175312042236
01742_xJYFbkRZzek_audio_2_label_fake.npz,Fake,Real,0.25928389299660926,0.07186008989810944,0.9893738627433777,0.21747370064258575,0.013990280218422413,0.003721531480550766
5l1PmijHT5o_12_1_label_real.npz,Real,Real,0.0325583707774058,0.0696752592921257,0.06511200219392776,0.0006782343843951821,0.02097373642027378,0.006352621596306562
33046.png_SzhK7Q-pY0U_1_37_label_fake.npz,Fake,Real,0.1976344795897603,0.06817542761564255,0.006542769260704517,0.8981038331985474,0.011693533509969711,0.003656834363937378
49972.png_hdS30nnhNZo_4_28_label_fake.npz,Fake,Real,0.02811915294914797,0.10478176921606064,0.016234323382377625,1.124235313909594e-05,0.013102169148623943,0.0064662606455385685
46879_nlrjxL_frmk_110_1_audio_short_512x512_1_0933_withaudio_label_fake.npz,Fake,Real,0.17034868020564317,0.06526030600070953,0.07168029248714447,0.6963023543357849,0.014286357909440994,0.004214090295135975
122-6As3T1vBft0_133_7_label_fake.npz,Fake,Deepfake,0.4004626044563355,0.6837679147720337,0.029745344072580338,7.112336275483244e-10,0.46625232696533203,0.822547435760498
23414-E7hwoDHfU28_30_1_label_fake.npz,Fake,Real,0.23318791742713074,0.44690069556236267,0.021967647597193718,1.5986119251465425e-05,0.02647886425256729,0.6705763936042786
2232_ADTwFvHACE4_29_1_label_fake.npz,Fake,Real,0.051949550909921524,0.05607825517654419,0.16926679015159607,0.022854628041386604,0.00888684019446373,0.0026612409856170416
RmXrwKydM9k_380_1_label_real.npz,Real,Real,0.2888704433682449,0.2202794849872589,0.9306689500808716,3.1274700518224563e-07,0.18606500327587128,0.10733846575021744
7761-mkfaM6Psv8c_42_1_label_fake.npz,Fake,Real,0.11902065372560174,0.22268639504909515,0.3236580491065979,0.000541531597264111,0.03761058673262596,0.010606706142425537
23321-I7bHX9Wkr0E_98_2_label_fake.npz,Fake,Deepfake,0.5160631850361824,0.3482743799686432,0.9805735945701599,0.6600635647773743,0.11099634319543839,0.48040804266929626
10000_OiZOiaG4gWM_26_1_label_fake.npz,Fake,Real,0.15086354600498453,0.06916516274213791,0.38410133123397827,0.2892748713493347,0.01122969575226307,0.0005466689472086728
050_4bdc1f8a-6As3T1vBft0_292_1_label_fake.npz,Fake,Real,0.3229586567762788,0.5007228851318359,0.0021214019507169724,1.6537859623411144e-11,0.3884800970554352,0.7234688997268677
096_b096ebfe_OprPPstAfSg_0_1_label_fake.npz,Fake,Real,0.016862982682739867,0.06198304891586304,0.0029067820869386196,1.2963290885181777e-08,0.014774437062442303,0.004650632385164499
8529-cHjvhDTfItA_16_3_label_fake.npz,Fake,Real,0.10170080214751309,0.07914384454488754,0.3924092650413513,6.230861096176432e-13,0.01921391300857067,0.01773698814213276
300_IfZd7tsXHP8_41_1_audio_short_512x512_1_0944_withaudio_label_fake.npz,Fake,Real,0.027748176362365484,0.06637955456972122,0.0432567223906517,0.011751504614949226,0.012197960168123245,0.005155140068382025
05790_MOBGaVJH54A_171_2_audio_short_512x512_1_1655_withaudio_label_fake.npz,Fake,Real,0.07037081387825311,0.06470931321382523,0.0020852258894592524,0.2591468095779419,0.01456019002944231,0.011352530680596828
071_a9b71352_XJmuXrN2cQA_300_4_label_fake.npz,Fake,Real,0.30455150795442026,0.4955509305000305,0.10809531062841415,1.3279043741931673e-05,0.6406470537185669,0.27845096588134766
1878_vfDO6CnL7j8_40_1_label_fake.npz,Fake,Real,0.027985004056245086,0.07369077205657959,0.04750722646713257,5.701683664803778e-21,0.013684972189366817,0.005042049568146467
00364_tf_pzTBKuFY_audio_1_150_label_fake.npz,Fake,Real,0.1409878060223581,0.11399366706609726,0.3500552773475647,9.545429767790492e-13,0.07137264311313629,0.16951744258403778
0_M_syPuFos_64_2--3070-I5oeY5O5oJI_42_10_label_fake.npz,Fake,Real,0.20626995414496838,0.336092472076416,0.08311054855585098,6.842240668361935e-14,0.13904307782649994,0.47310367226600647
kHgF6z3Paos_299_1_25fps--29991_1nnKydcqmDI_223_1_25fps_label_fake.npz,Fake,Real,0.17856872241245583,0.5702580213546753,0.007351795677095652,0.0006938335136510432,0.0678931251168251,0.24664683640003204
65891_awYvLQ53n3M_1_1_audio_short_512x512_1_0933_withaudio_label_fake.npz,Fake,Real,0.2702548855915666,0.0638529509305954,0.2942613661289215,0.9695605635643005,0.013606907799839973,0.009992639534175396
44636_btWyxQbkYAs_123_6_audio_short_512x512_1_0557_withaudio_label_fake.npz,Fake,Real,0.27122658485895956,0.3783108592033386,0.4659354090690613,0.0002500188711564988,0.0435180589556694,0.4681185781955719
346_8gqupeY6HmM_0_302_512x512_1_1647_withaudio_label_fake.npz,Fake,Real,0.019506969288829626,0.06409937143325806,0.011000691913068295,2.8165476351205143e-07,0.01808123290538788,0.004353268537670374
11939-cbtkoZUOR1A_44_23_label_fake.npz,Fake,Real,0.24330335780978204,0.199809268116951,0.5794687271118164,0.14970089495182037,0.04212598130106926,0.2454119175672531
26062-E7hwoDHfU28_52_2_label_fake.npz,Fake,Real,0.2316310502588749,0.06709311157464981,0.08946351706981659,0.9836844205856323,0.00885738804936409,0.009056814014911652
128_jbx2IjXBmWA_0_1-batch-2025-02-04-10-00-57-123_label_fake.npz,Fake,Real,0.12145079141482712,0.06497114896774292,0.004568077623844147,0.5167731642723083,0.014253795146942139,0.006687771063297987
031_df3204d3.jpg_PmI4qnTpL0E_1_1_label_fake.npz,Fake,Real,0.14283617522669378,0.07506042718887329,0.6193668842315674,4.177224400336854e-05,0.008912593126296997,0.010799199342727661
10783-lmBYMs2ysnY_39_2_label_fake.npz,Fake,Real,0.1505048543214798,0.06722744554281235,0.0019356543198227882,0.6608266234397888,0.010620723478496075,0.011913824826478958
5775-0-BD5WJ_hBk_0_1_label_fake.npz,Fake,Real,0.16334923457070544,0.13446418941020966,0.6434259414672852,2.3879469154053368e-05,0.02816084399819374,0.010671318508684635
c-3fX59C_BU_0_6_242_label_fake.npz,Fake,Real,0.18989110486581923,0.0752994641661644,0.02419092319905758,0.8318730592727661,0.013640896417200565,0.004451181273907423
27130_6w9ikJPzTOA_64_1_label_fake.npz,Fake,Real,0.036098122503608464,0.06999517977237701,0.04255762696266174,0.01967078447341919,0.04265692085027695,0.005610100459307432
14993.png_KLyiFfWtoPI_381_2_label_fake.npz,Fake,Real,0.2327410340309143,0.4245421588420868,0.25254812836647034,0.00770951434969902,0.06231238320469856,0.4165929853916168
oEg4GH93aCY_73_1--25877-BJr-6o-eYLc_29_1_label_fake.npz,Fake,Real,0.07444277573376895,0.15125346183776855,0.007332858629524708,0.011452632024884224,0.02960083819925785,0.17257408797740936
26288-ezja7-YQ72g_63_6_label_fake.npz,Fake,Real,0.1712357133626938,0.11469033360481262,0.18998421728610992,0.2418346107006073,0.07433092594146729,0.2353384792804718
18420-ADTwFvHACE4_112_2_label_fake.npz,Fake,Real,0.01950025976027519,0.06903799623250961,0.017164131626486778,1.8732783928498975e-06,0.008056143298745155,0.0032411543652415276
035_0902e9ca_P_stI11n2Sc_16_2_label_fake.npz,Fake,Real,0.030013562929597625,0.07905788719654083,0.02496759407222271,2.816156197127384e-09,0.021461132913827896,0.024581197649240494
sr3AvToIzJo_114_1_label_real.npz,Real,Real,0.1837508446121021,0.08462847024202347,0.7570498585700989,6.451895018244613e-08,0.0564931184053421,0.020582711324095726
17941-KNEGWrD08f8_4_1_label_fake.npz,Fake,Real,0.1903014192357659,0.0828896164894104,0.6711481213569641,0.1773315817117691,0.011801944114267826,0.008335832506418228
FgEqZxtEUUk_2_1--qxiG3Ycr0oM_11_label_fake.npz,Fake,Real,0.24905780365463104,0.19016627967357635,0.1766563504934311,2.0664910493906063e-07,0.8386512994766235,0.03981488198041916
SNHUu7YkNjA_60_8_label_real.npz,Real,Deepfake,0.3833515081554652,0.06872427463531494,0.8313676118850708,0.9943773150444031,0.014628835953772068,0.007659503258764744
ldI1peHBLa0_52_13_label_real.npz,Real,Real,0.33300994550809265,0.06895636767148972,0.5805104970932007,1.0,0.010045202448964119,0.005537660326808691
PjGZ8ORHZc8_12_6_25fps--67_DYtC9k3oOJY_audio_3_132_label_fake.npz,Fake,Deepfake,0.4294693948783937,0.8851152658462524,0.17806142568588257,9.72779079511099e-10,0.20897197723388672,0.8751983046531677
39471.png_DuggBTqO2sc_300_1_label_fake.npz,Fake,Real,0.27478629648691144,0.27908220887184143,0.34860169887542725,2.844074259954199e-13,0.6088545918464661,0.13739298284053802
17264-0-kY_RQxuc0_118_1_label_fake.npz,Fake,Deepfake,0.730379170179367,0.8183513879776001,0.03870001435279846,0.9999648332595825,0.959409773349762,0.8354698419570923
vRuTW4hapTE_76_3_295_label_fake.npz,Fake,Real,0.09037527623586357,0.048055052757263184,0.09250399470329285,0.1458926945924759,0.1618463546037674,0.0035782845225185156
354_dqFjx2I4KXg_17_6_label_fake.npz,Fake,Real,0.019111694791465083,0.07000437378883362,0.0027387947775423527,1.1280700107363373e-07,0.01759481057524681,0.005220382008701563
14158-yPuOZaNDtL8_60_1_label_fake.npz,Fake,Real,0.019927210072034997,0.0707862600684166,0.012756622396409512,1.5641552408851567e-07,0.011999683454632759,0.004093328025192022
27437-UFNRxEmoMaw_129_1_label_fake.npz,Fake,Real,0.0991626299917698,0.11598771065473557,0.1964302659034729,0.13755068182945251,0.0191589817404747,0.026685509830713272
16806-hUDTBHvQuAc_28_5_label_fake.npz,Fake,Real,0.043019428360537404,0.12514232099056244,0.04912370815873146,5.544874852603243e-07,0.03276418522000313,0.008066372945904732
7046_LUn8IjZKBPg_84_2_label_fake.npz,Fake,Real,0.10393966119227116,0.065777987241745,0.43050968647003174,3.707452924572863e-05,0.016184594482183456,0.007188963238149881
vZqDx1pvSZQ_1_2--oTElQFuLr7o_89_47_117_label_fake.npz,Fake,Real,0.15932371374219656,0.10117534548044205,0.3821130692958832,0.2975323498249054,0.008661692962050438,0.00713611114770174
WxdaDqICMP8_398_1_label_real.npz,Real,Real,0.23480763212222688,0.32135483622550964,0.05898319557309151,1.881674677184364e-11,0.31335917115211487,0.48034095764160156
26334-7Fe7jdI2WIA_39_1_label_fake.npz,Fake,Real,0.033741433474688165,0.09183359146118164,0.006614016834646463,1.027358166538761e-06,0.016676507890224457,0.053582023829221725
DR5IQXWY_uA_243_3_label_real.npz,Real,Real,0.04934376254677773,0.13559870421886444,0.042479485273361206,0.0008836686611175537,0.044247765094041824,0.0235091894865036
jV2pjBg0srU_974_2_label_real.npz,Real,Deepfake,0.407875216007462,0.5070487260818481,0.7586565017700195,1.1467238833842708e-12,0.04392153024673462,0.729749321937561
13656-Lv39BhZJ2mg_1_3_label_fake.npz,Fake,Real,0.03301325198913979,0.10048271715641022,0.03957932069897652,3.255244684918779e-11,0.011772855184972286,0.013231366872787476
E7lIbmnQqgU_571_1_label_real.npz,Real,Real,0.09663595966994765,0.18990565836429596,0.14289291203022003,0.02076316811144352,0.03532763198018074,0.09429042786359787
15616-I5oeY5O5oJI_25_4_label_fake.npz,Fake,Real,0.14924964257515966,0.06616004556417465,0.6107428669929504,0.055507972836494446,0.010703342035412788,0.003133985446766019
8202-PEKF-vrTi9Q_23_4_label_fake.npz,Fake,Real,0.26451196791604165,0.07490502297878265,0.21957941353321075,0.9999063014984131,0.02258855290710926,0.005580548662692308
2CTT98xML9c_205_1--2nuDMfLoWGY_27_label_fake.npz,Fake,Real,0.1451338514583135,0.07303488254547119,0.5423585176467896,4.651488083595723e-08,0.09008311480283737,0.020192695781588554
25677-cbtkoZUOR1A_109_11_label_fake.npz,Fake,Real,0.21612282500645963,0.20978401601314545,0.5457573533058167,2.1496463887160644e-05,0.03380278870463371,0.29124847054481506
19789-gUGPeMAFZtA_79_1_label_fake.npz,Fake,Real,0.03458736281609163,0.07354921847581863,0.07652559131383896,0.0005210891249589622,0.014812014065682888,0.007528901100158691
5xBpkc7-w3A_75_2_label_real.npz,Real,Real,0.12850447404198348,0.09261857718229294,0.4514142870903015,0.0032120735850185156,0.05377461388707161,0.04150281846523285
2679-I5oeY5O5oJI_19_3_label_fake.npz,Fake,Deepfake,0.4007532476605775,0.5968654751777649,0.36313697695732117,9.148926437774207e-06,0.6467434763908386,0.3970111608505249
W3xHmerC4wM_5_1--MFusQ6Jv5cE_89_2_59_label_fake.npz,Fake,Real,0.05765470545763712,0.08612882345914841,0.11584334820508957,1.2388096191223719e-12,0.009452170692384243,0.07684918493032455
2070-pNogULi28gs_87_2_label_fake.npz,Fake,Real,0.2445848465897143,0.1428816020488739,0.007683523464947939,0.9999866485595703,0.013899698853492737,0.058472760021686554
077_e589a0e2_1WuFbrHbnW8_94_5-batch-2025-02-06-13-00-20-351_label_fake.npz,Fake,Real,0.2667426412925124,0.08353487402200699,0.21966709196567535,0.9987866282463074,0.014499873854219913,0.017224738374352455
218_hPxlN7oW-UU_audio_3_512x512_1_1026_withaudio_label_fake.npz,Fake,Deepfake,0.41233567558228973,0.06618386507034302,0.9822322130203247,0.9999871253967285,0.009329565800726414,0.003945608623325825
3557-wGcqFV_alDk_84_1_label_fake.npz,Fake,Real,0.22413570693607598,0.41355934739112854,0.5209628939628601,1.2288369077850803e-07,0.023338453844189644,0.16281771659851074
14934-Fjkw9vYDukg_146_1_label_fake.npz,Fake,Real,0.0350213217549026,0.08086821436882019,0.0027854456566274166,0.021126532927155495,0.021584557369351387,0.04874185845255852
23212-PYRFxrLt30A_42_2_label_fake.npz,Fake,Real,0.10530031668022274,0.06555046141147614,0.15788215398788452,0.28931498527526855,0.008888263255357742,0.004865719471126795
KLyiFfWtoPI_516_3_label_real.npz,Real,Deepfake,0.3550066769447766,0.3908119797706604,0.6916985511779785,1.6234398547698703e-10,0.4526605010032654,0.2398623526096344
zpEUWKUUxdY_12_5--XpSaYhEhjD0_57_label_fake.npz,Fake,Real,0.13537494838240832,0.39262863993644714,0.015198316425085068,1.5349009498295818e-13,0.22026145458221436,0.048786330968141556
055_7e5055b5.jpg_-qs_Rh-rAbI_79_1_label_fake.npz,Fake,Real,0.017087234934740538,0.06483868509531021,0.007171396631747484,1.5695553656769334e-07,0.010438099503517151,0.0029878364875912666
7071-DCeJZTSFTXs_7_1_label_fake.npz,Fake,Deepfake,0.5240184323862196,0.41470867395401,0.009509437717497349,0.9999022483825684,0.20878709852695465,0.9871847033500671
9cdh5Xebf2w_4_1_label_real.npz,Real,Real,0.07992112437165134,0.33248433470726013,0.03936905786395073,4.854935582443431e-07,0.02258916012942791,0.005162583664059639
9CECkqcLjp4_1919_10_label_real.npz,Real,Deepfake,0.43256164044141776,0.5322858691215515,0.9877661466598511,0.020037762820720673,0.13506805896759033,0.4876503646373749
588-GrQO5stiREI_130_1_label_fake.npz,Fake,Real,0.167417211830616,0.1762949675321579,0.00849219411611557,0.3302723467350006,0.012978166341781616,0.3090483844280243
26600-WowrvQ9h9ao_43_2_label_fake.npz,Fake,Real,0.018688650336124303,0.07318725436925888,0.005718267057090998,3.874462193133657e-14,0.010512239299714565,0.004025490954518318
083_16b5e7ab_MxlocFNdoXg_797_2-batch-2025-02-05-13-35-36-78_label_fake.npz,Fake,Real,0.045149243903450695,0.14894500374794006,0.005092656705528498,5.178322614457498e-12,0.010641883127391338,0.061066675931215286
26295-mHii80xikXs_1043_1_label_fake.npz,Fake,Deepfake,0.43286364525556564,0.47987404465675354,0.013645194470882416,0.5962955355644226,0.21140167117118835,0.8631017804145813
j-SnQH4ewHU_90_1--zpEUWKUUxdY_41_4_5_label_fake.npz,Fake,Real,0.13045329749584306,0.17755886912345886,0.11055313050746918,5.384564728773064e-15,0.12724800407886505,0.2369064837694168
29898_LUn8IjZKBPg_96_2_label_fake.npz,Fake,Real,0.1415445627391584,0.0667421892285347,0.5642446875572205,1.943123706382721e-08,0.06953977048397064,0.007196146994829178
21945-BJr-6o-eYLc_80_2_label_fake.npz,Fake,Real,0.02441782387904823,0.050477463752031326,0.00516899861395359,0.05130106955766678,0.01298494078218937,0.002156646689400077
14030-o3KMJLxjdoM_59_3_label_fake.npz,Fake,Real,0.02101993235119153,0.07166808843612671,0.018331822007894516,6.731577741447836e-05,0.011674669571220875,0.0033577659633010626
j-SnQH4ewHU_99_2_label_real.npz,Real,Real,0.07650177518862028,0.14862845838069916,0.023675495758652687,1.4094202194225858e-10,0.028262458741664886,0.18194246292114258
002_f6b26479.jpg_-aDPCjQeWQs_327_1_label_fake.npz,Fake,Real,0.02838898093373246,0.07248590141534805,0.032573945820331573,3.522118959153886e-06,0.014360412023961544,0.02252112329006195
238_5xBpkc7-w3A_52_1_audio_short_512x512_1_0732_withaudio_label_fake.npz,Fake,Real,0.08945238324813545,0.03924442455172539,0.3941009044647217,0.00041604088619351387,0.010444297455251217,0.0030562488827854395
294_XJmuXrN2cQA_336_12_512x512_1_0112_withaudio_label_fake.npz,Fake,Real,0.036040034507350556,0.06821388006210327,0.08488120138645172,1.811168770515792e-09,0.02187816984951496,0.005226919427514076
02756_qxiG3Ycr0oM_label_fake.npz,Fake,Real,0.05175377046008407,0.07355540245771408,0.16623860597610474,5.04277124946384e-07,0.013549825176596642,0.005424514412879944
Iy1E-yjDyFA_58_1--C3BJ-Ho09EU_71_label_fake.npz,Fake,Real,0.059709050133824666,0.1385536640882492,0.017582327127456665,1.5804329306235289e-15,0.021623054519295692,0.12078620493412018
14177-SWHweN9WlkU_72_2_label_fake.npz,Fake,Real,0.04696255773305893,0.06606190651655197,0.1413642317056656,0.008769160136580467,0.013897398486733437,0.004720091819763184
VvyPZwhivKQ_57_1--29316-LUn8IjZKBPg_77_2_label_fake.npz,Fake,Real,0.17626562743826074,0.34724026918411255,0.31468650698661804,6.665808177785948e-05,0.015879925340414047,0.20345477759838104
020_c1a8bc2c_oeyLwy8sJhA_2_1-batch-2025-02-10-11-34-42-167_label_fake.npz,Fake,Real,0.20719137115374908,0.2253357172012329,0.6866627335548401,3.5829747503157705e-05,0.10585993528366089,0.018062639981508255
350_NEEN8fSBuWI_56_1_512x512_1_1803_withaudio_label_fake.npz,Fake,Real,0.0652345784008503,0.0695173367857933,0.07470013946294785,0.15826019644737244,0.01881004124879837,0.004885178059339523
07491-iuWDrafnyio_60_1_label_fake.npz,Fake,Deepfake,0.5488632321357767,0.4891555905342102,0.7832883596420288,1.95495051760362e-14,0.9081406593322754,0.5637315511703491
VifDzyPgBNg_216_4_label_real.npz,Real,Real,0.10125343151078249,0.09083239734172821,0.37726840376853943,9.483875018645449e-09,0.01071412768214941,0.027452219277620316
388_Aw0sYFVWyWw_audio_3_512x512_1_1026_withaudio_label_fake.npz,Fake,Real,0.21698199096135798,0.06839028745889664,0.030452892184257507,0.9732358455657959,0.010374094359576702,0.002456835238263011
470_8Kr-holll-Y_audio_2_label_fake.npz,Fake,Real,0.06737051280215857,0.07764816284179688,0.2416267693042755,2.3757180305037512e-14,0.012685860507190228,0.004891771357506514
020_c1a8bc2c_DR5IQXWY_uA_193_1-batch-2025-02-06-13-00-20-413_label_fake.npz,Fake,Real,0.12395261410341085,0.5335479974746704,0.009115273132920265,1.1906793773164281e-08,0.015567219816148281,0.06153256818652153
111_BlgjnJ9y3oE_426_1_512x512_1_1803_withaudio_label_fake.npz,Fake,Real,0.031307934579156364,0.07656627148389816,0.020260155200958252,3.7577013722867036e-10,0.05254797264933586,0.0071652731858193874
147_8wx4wssZgfo_73_6_label_fake.npz,Fake,Real,0.02192136258828762,0.07360202819108963,0.0006867798510938883,5.276365824292972e-13,0.025945795699954033,0.009372209198772907
FLfyjfbThfA_94_1_label_real.npz,Real,Real,0.019747674566237487,0.07183687388896942,0.010599448345601559,3.962892514142169e-11,0.011441340669989586,0.004860709886997938
02115.png_T1cTlK8k_6g_116_1_label_fake.npz,Fake,Real,0.13018246367573738,0.185459166765213,0.06281818449497223,3.146758170168513e-17,0.0400175042450428,0.36261746287345886
27825.png_Jy-bPwwFxhk_61_1_label_fake.npz,Fake,Real,0.09214068787964039,0.19294233620166779,0.013119447976350784,1.0369578262725554e-07,0.019598398357629776,0.23504315316677094
02510_bv70OtX10G0_2_1_label_fake.npz,Fake,Real,0.048729006387293335,0.06865649670362473,0.15746355056762695,4.569477858770477e-20,0.010026578791439533,0.007498405873775482
10469_WowrvQ9h9ao_90_2_audio_short_512x512_1_0557_withaudio_label_fake.npz,Fake,Real,0.019242355635239256,0.0766754224896431,0.0008254064596258104,1.5761396094521318e-12,0.015695450827479362,0.003015498397871852
063_fe99146b.jpg_eWj2-6q2ybk_267_1_label_fake.npz,Fake,Real,0.01727199235465406,0.07194197177886963,0.000643431325443089,1.412621939487059e-15,0.010066745802760124,0.0037078128661960363
307_hPxlN7oW-UU_audio_2_62_label_fake.npz,Fake,Real,0.01859172666453201,0.07191883772611618,0.0068773189559578896,3.9131425964150646e-13,0.011322270147502422,0.002840206492692232
29948.png_28Z-aq2wk60_82_2_label_fake.npz,Fake,Real,0.04843057347461581,0.09360004961490631,0.07151034474372864,0.0006605475209653378,0.02159411460161209,0.054787810891866684
zpEUWKUUxdY_12_9_label_real.npz,Real,Real,0.28227568641304973,0.22333240509033203,0.35846203565597534,1.5187027774667463e-18,0.7992228865623474,0.030361104756593704
rxLBonV9-4Y_43_3--25493-a0MIIwPGYB4_48_1_label_fake.npz,Fake,Real,0.08580128616886214,0.2529962658882141,0.019038904458284378,1.9309634808450937e-05,0.02963210828602314,0.1273198425769806
40_oGo0qpktVW0_1080p_153_1_512x512_1_1803_withaudio_label_fake.npz,Fake,Real,0.22729574963450433,0.06717126071453094,0.04587811604142189,0.9988580942153931,0.018606211990118027,0.005965065211057663
dTeNSc1Sp28_0_46_label_real.npz,Real,Real,0.0647868554573506,0.06994950026273727,0.018165355548262596,0.2184964120388031,0.014280241914093494,0.003042767522856593
12722.png_SzhK7Q-pY0U_1_103_label_fake.npz,Fake,Real,0.024816514738033355,0.07779159396886826,0.018406540155410767,6.464122314676912e-13,0.02168145403265953,0.006202985532581806
zpEUWKUUxdY_9_11_label_real.npz,Real,Real,0.18040064871311565,0.12569256126880646,0.3403826355934143,1.8835175186562338e-14,0.41749948263168335,0.018428564071655273
21496-0juLRi90kRg_54_1_label_fake.npz,Fake,Real,0.24888284504413608,0.08308212459087372,0.13715891540050507,0.9808088541030884,0.02024581842124462,0.023118512704968452
00064_Y7ZKnBkWoHM_audio_2_label_fake.npz,Fake,Real,0.2665720256045461,0.06385334581136703,0.2693248987197876,0.9735714197158813,0.011314105242490768,0.014796358533203602
104_beITuzgzIbo_audio_3_512x512_1_1026_withaudio_label_fake.npz,Fake,Real,0.01977406776368298,0.07274875789880753,0.008757918141782284,1.2931360288348515e-05,0.012271628715097904,0.005079102702438831
01937_VwGAwKPTk3I_audio_3_label_fake.npz,Fake,Real,0.03831971697509289,0.06888533383607864,0.0716477483510971,0.020749816671013832,0.02032824233174324,0.009987443685531616
21687-ADTwFvHACE4_55_1_label_fake.npz,Fake,Real,0.02130359315788948,0.0736752301454544,0.0036140482407063246,1.169096902620126e-10,0.018733181059360504,0.010495506227016449
145_PmI4qnTpL0E_246_6_512x512_1_0533_withaudio_label_fake.npz,Fake,Real,0.029885878134518862,0.08512794971466064,0.020113002508878708,1.0200035875557549e-22,0.03820013999938965,0.005988298449665308
04966.png_dFiwhwAHNMw_26_1_label_fake.npz,Fake,Real,0.07372310540527,0.15983082354068756,0.00998324528336525,3.2036967523296767e-10,0.04178526997566223,0.15701618790626526
14182-fmc0Pk8A0T0_7_1_label_fake.npz,Fake,Deepfake,0.5821577847003937,0.6207811236381531,0.7946462631225586,0.406080037355423,0.35900306701660156,0.7302784323692322
21235-BJr-6o-eYLc_76_1_label_fake.npz,Fake,Real,0.03852197117062986,0.11838553100824356,0.0002020045940298587,1.724463771779483e-07,0.022563938051462173,0.0514582097530365
A-BRu8z7ztk_33_1--16069-d2om_PGtwWY_7_2_label_fake.npz,Fake,Real,0.13185298032941262,0.36405566334724426,0.16507108509540558,1.3224193651240057e-07,0.05651606246829033,0.0736219584941864
127_e0GahnJx-Sc_102_1_512x512_1_0112_withaudio_label_fake.npz,Fake,Real,0.3464422507677228,0.06631965190172195,0.8093758225440979,0.8242998719215393,0.028645118698477745,0.003570788772776723
wtCogf-htV0_156_2_label_real.npz,Real,Real,0.2048864856362343,0.2567984461784363,0.5117239952087402,0.05167381465435028,0.1309337019920349,0.07330247014760971
29554_BhwnAYvzhm4_33_1_label_fake.npz,Fake,Real,0.19280957011505961,0.07035361975431442,0.09317342191934586,0.7769911885261536,0.01838156394660473,0.0051480564288794994
q1vwJHBVQSk_35_4--3222-itFwx1CZM9I_104_3_label_fake.npz,Fake,Deepfake,0.453576934337616,0.4083600640296936,0.25734055042266846,0.8653624653816223,0.39088913798332214,0.3459324538707733
4109-u6akTRg2ecw_99_2_label_fake.npz,Fake,Real,0.2913127809762955,0.2894918620586395,0.10060562193393707,0.25903889536857605,0.273009717464447,0.5344178080558777
20032.png_vwmz_YhDYtc_0_1_label_fake.npz,Fake,Real,0.1858930003286332,0.3933877646923065,0.20516341924667358,2.3415391297021415e-06,0.03383301571011543,0.2970784604549408
VGCRcRs-jkE_67_1--2nuDMfLoWGY_26_label_fake.npz,Fake,Real,0.2156346376882816,0.2062259465456009,0.5423585176467896,4.651488083595723e-08,0.02776610478758812,0.30182257294654846
wdNhtZOGxBw_256_1_25fps--25464_TkkHKU_lLqU_37_5_25fps_label_fake.npz,Fake,Deepfake,0.37212255597114563,0.33529672026634216,0.3385213613510132,0.419895738363266,0.46504494547843933,0.3018540143966675
19846-mRNCLRo9JAM_13_1_label_fake.npz,Fake,Real,0.23959122095257046,0.10668053478002548,0.08289365470409393,0.9749807715415955,0.020442383363842964,0.012958760373294353
11887-Lcbr99pQZOU_80_1_label_fake.npz,Fake,Real,0.10034019276600128,0.15628580749034882,0.1971684992313385,5.018983492699469e-12,0.041700322180986404,0.10654633492231369
q1vwJHBVQSk_27_3--8183-pzdnuEa8a20_149_2_label_fake.npz,Fake,Real,0.21219415815798467,0.5065692067146301,0.05026336759328842,1.0570011532706758e-10,0.06512610614299774,0.4390121102333069
52752_GiRZf3AUfW0_2_42_label_fake.npz,Fake,Real,0.018129458427256395,0.06971714645624161,0.0011236934224143624,2.795588898152346e-07,0.01087212935090065,0.00893404334783554
097_d6f6f9cf.jpg_2CTT98xML9c_181_1_label_fake.npz,Fake,Real,0.15199682852253318,0.06825356185436249,0.025963112711906433,0.6354987621307373,0.02515946701169014,0.005109238903969526
25315-I2s4msDXNgw_32_1_label_fake.npz,Fake,Real,0.26824646890639176,0.16875536739826202,0.18178343772888184,2.3787641995065556e-11,0.89030522108078,0.10038831830024719
21795_I5oeY5O5oJI_53_9_label_fake.npz,Fake,Real,0.22222915841266513,0.10813143104314804,0.9677256941795349,0.002373077906668186,0.02668379619717598,0.006231792736798525
49586_6cKTSj4a8bQ_138_5_audio_short_512x512_1_1655_withaudio_label_fake.npz,Fake,Real,0.12848446308344139,0.06995493918657303,0.4569741189479828,0.00013328598288353533,0.02227878011763096,0.09308119118213654
197_WXGfdzE7hhI_57_2_512x512_1_0112_withaudio_label_fake.npz,Fake,Real,0.09611673563195137,0.07586353272199631,0.3761627972126007,2.9540492274549024e-09,0.0203890111297369,0.008168334141373634
494_4DXBHgW9NlI_280_12-batch-2025-02-06-13-00-20-296_label_fake.npz,Fake,Real,0.18378554593182345,0.07446173578500748,0.822012722492218,8.949607945396565e-06,0.013264141976833344,0.009180179797112942
12450-DCeJZTSFTXs_8_7_label_fake.npz,Fake,Real,0.015352780745368477,0.061818208545446396,0.0012632067082449794,1.8778258947804716e-07,0.008450648747384548,0.005231651943176985
kQPvtHeUUfU_91_1_label_real.npz,Real,Real,0.20371418092399834,0.13572250306606293,0.011395689100027084,0.8298388719558716,0.02909020520746708,0.012523635290563107
18008_ADTwFvHACE4_15_3_label_fake.npz,Fake,Real,0.017787112981250176,0.0707721933722496,0.006355727091431618,2.7024009341403143e-06,0.00970037467777729,0.002104567363858223
u-X671JqQWA_71_204_label_real.npz,Real,Deepfake,0.4613328819401318,0.614799439907074,0.15311622619628906,6.58098485928349e-07,0.7704105377197266,0.7683375477790833
2463-_W4Em_fHubY_78_1_label_fake.npz,Fake,Deepfake,0.42550658807161124,0.41904041171073914,0.059410642832517624,1.3256226899602958e-13,0.9350767135620117,0.714005172252655
257_W9C4OBc6El4_182_1_label_fake.npz,Fake,Real,0.04110314827412367,0.06693085283041,0.112877257168293,0.0010592029429972172,0.017077850177884102,0.007570578251034021
94_XblD1mtXBWY_84_1_512x512_1_1647_withaudio_label_fake.npz,Fake,Real,0.05063015781342984,0.06738532334566116,0.14611271023750305,0.004741690121591091,0.028212998062372208,0.006698067300021648
mHii80xikXs_5817_1_label_real.npz,Real,Real,0.04716908820309982,0.1744738668203354,0.004259221721440554,1.9422900550125632e-06,0.025538548827171326,0.03157186135649681
021_2d9dd3a2_dqFjx2I4KXg_26_1_label_fake.npz,Fake,Real,0.2972611993669374,0.2531777024269104,0.2055133432149887,5.905988198495749e-11,0.4490033984184265,0.5786115527153015
22176-H_c_crxV9O8_19_1_label_fake.npz,Fake,Real,0.19327383600175382,0.10470662266016006,0.11273862421512604,0.7228317260742188,0.014595392160117626,0.011496814899146557
7032-z7wk53Pt_0E_14_1_label_fake.npz,Fake,Real,0.29754459708929065,0.21589481830596924,0.023831628262996674,0.8724021315574646,0.09446212649345398,0.2811322808265686
388_oTElQFuLr7o_70_1_512x512_1_0112_withaudio_label_fake.npz,Fake,Real,0.22018649610690774,0.07157442718744278,0.9745713472366333,0.04051262512803078,0.01208345778286457,0.0021906231995671988
22486-cbtkoZUOR1A_109_12_label_fake.npz,Fake,Real,0.3364992095826893,0.18307216465473175,0.4610997140407562,1.528054417576641e-05,0.7436766028404236,0.29463228583335876
177_KNktDoYajMk_192_1_label_fake.npz,Fake,Real,0.026460753101855517,0.07370271533727646,0.013167890720069408,3.1262966583051254e-18,0.03962642699480057,0.005806732457131147
-19DTZ6_d6U_510_2--2NlEdgEI_mc_65_5_394_label_fake.npz,Fake,Real,0.0801179669873818,0.33430591225624084,0.002453151624649763,2.1487978301593103e-05,0.029108282178640366,0.03470100089907646
9DTxDmLwFb8_154_28_label_real.npz,Real,Deepfake,0.4563964610045023,0.6050109267234802,0.03394472226500511,6.08209127506143e-09,0.7335943579673767,0.9094322919845581
490_XblD1mtXBWY_4_1-batch-2025-02-06-13-00-20-452_label_fake.npz,Fake,Real,0.08818113803863527,0.08750633150339127,0.2762313783168793,0.01761838048696518,0.0291583351790905,0.030391264706850052
3785-3NYH-zyIfZY_62_1_label_fake.npz,Fake,Real,0.03534026921552141,0.0758797749876976,0.08016713708639145,0.00016381045861635357,0.014883513562381268,0.005607109982520342
17599-mRNCLRo9JAM_31_16_label_fake.npz,Fake,Real,0.034812324400991204,0.0697232037782669,0.04323526844382286,0.04628714546561241,0.010434962809085846,0.004381041508167982
29400-squ9XOfBKaY_17_3_label_fake.npz,Fake,Real,0.054825923106909626,0.08027589321136475,0.15782368183135986,1.7764416043064557e-05,0.02514691650867462,0.01086535956710577
T1cTlK8k_6g_108_1_label_real.npz,Real,Real,0.16103785559535028,0.20651987195014954,0.033827509731054306,2.271205937908793e-18,0.1941400170326233,0.3707018792629242
417_2Y7VppSRztU_0_2-batch-2025-02-04-10-00-57-137_label_fake.npz,Fake,Real,0.038782055955442124,0.07277105003595352,0.10906520485877991,3.096017366088777e-13,0.007965261116623878,0.004108763765543699
09704_u6akTRg2ecw_104_1_audio_short_512x512_1_1655_withaudio_label_fake.npz,Fake,Real,0.04254874044200177,0.07795869559049606,0.06247318908572197,3.310737239914374e-10,0.06888017058372498,0.0034316466189920902
PqumaD82tcI_153_17_label_real.npz,Real,Real,0.155197249725461,0.07400168478488922,0.03409456089138985,0.6469323039054871,0.01206284575164318,0.008894853293895721
421_p549xMw_urc_24_1_512x512_1_0112_withaudio_label_fake.npz,Fake,Real,0.019454748602584004,0.06970851868391037,0.0011353364679962397,0.008364102803170681,0.01016960572451353,0.0078961793333292
28123-6w9ikJPzTOA_40_1_label_fake.npz,Fake,Real,0.051638605445623396,0.09074940532445908,0.01810230128467083,0.051313769072294235,0.025153638795018196,0.07287391275167465
037_c035b16e-AsrSRZTj2Tk_109_19_label_fake.npz,Fake,Deepfake,0.3639121539890766,0.7959494590759277,0.6957329511642456,0.1565956175327301,0.02207927778363228,0.14920346438884735
9C7jAAxWnqA_245_3--20568-awNrju1X3zc_58_1_label_fake.npz,Fake,Real,0.17590379141601592,0.5675601959228516,0.0025497963652014732,5.790723900389594e-09,0.05617314204573631,0.2532358169555664
DaRstA12CeI_596_1_label_real.npz,Real,Real,0.1298525200633776,0.14645257592201233,0.42415282130241394,4.511996394285234e-06,0.03811481595039368,0.04053787514567375
25525-xGCuF-h-XVc_75_1_label_fake.npz,Fake,Real,0.12926662899553779,0.29448071122169495,0.020247474312782288,1.531591078590935e-16,0.020761461928486824,0.31084349751472473
33475_DbQjrA9VPjY_34_1_audio_short_512x512_1_0732_withaudio_label_fake.npz,Fake,Real,0.1571391200646758,0.06776195764541626,0.08906692266464233,0.436009019613266,0.18186010420322418,0.010997596196830273
SDMFBIhN9fw_525_1_label_real.npz,Real,Deepfake,0.3700831532542942,0.2401796579360962,0.9542489647865295,3.230447853663776e-11,0.30913642048835754,0.346850723028183
5195-ZMs-gVbhNIY_28_1_label_fake.npz,Fake,Real,0.3474590785801411,0.22551734745502472,0.35315045714378357,0.9999988079071045,0.05309125408530235,0.1055375263094902
329_aEjFTuGdxKo_1_1_audio_short_512x512_1_1652_withaudio_label_fake.npz,Fake,Real,0.09097836440196262,0.07324498891830444,0.3583386242389679,0.0008733572321943939,0.017650384455919266,0.004784467164427042
24413_647itg-A_aw_44_1_audio_short_512x512_1_0732_withaudio_label_fake.npz,Fake,Real,0.05631161583812628,0.0728498324751854,0.1769777536392212,7.622987823197036e-07,0.012859267182648182,0.018870463594794273
21292-CWEWBgVwFc8_40_1_label_fake.npz,Fake,Real,0.30517009329050776,0.07575028389692307,0.5087273120880127,0.918165922164917,0.01604495756328106,0.007161990739405155
498_78p4J0EEepU_6_2-batch-2025-02-06-13-00-20-432_label_fake.npz,Fake,Real,0.3106665014383907,0.7652282118797302,0.7215719819068909,4.9314974603476e-05,0.026349611580371857,0.040133386850357056
077_d8ba3326_MHvzDoRT2EQ_48_1_label_fake.npz,Fake,Real,0.32598094493150986,0.6169434189796448,0.03556755930185318,1.3727589384508482e-14,0.19650834798812866,0.7808853983879089
27651_53GIoeOAam4_40_5_label_fake.npz,Fake,Real,0.019287191986415132,0.07027929276227951,0.009975725784897804,7.93175569668847e-09,0.014011661522090435,0.002169271931052208
12983-C95B9sgbmOc_19_7_label_fake.npz,Fake,Real,0.08493055725703016,0.16813278198242188,0.0008439210359938443,0.03945471718907356,0.17949242889881134,0.036728937178850174
02277_EoZRPfVRY7I_audio_3_label_fake.npz,Fake,Real,0.023418988053401535,0.0673220306634903,0.03277764096856117,6.924084083870241e-10,0.012654978781938553,0.004340289160609245
15893-cHjvhDTfItA_19_4_label_fake.npz,Fake,Real,0.032344846040793136,0.07076648622751236,0.05893615260720253,6.884727810074764e-08,0.016714513301849365,0.015307009220123291
79_HBavab-BVJ8_3_1_512x512_1_0112_withaudio_label_fake.npz,Fake,Deepfake,0.40796295534819366,0.07328375428915024,0.9455675482749939,0.9999998807907104,0.013461827300488949,0.007501766085624695
099_d22b8b8b.jpg_dTeNSc1Sp28_16_1_label_fake.npz,Fake,Real,0.07386553324759007,0.0678200051188469,0.1660570651292801,0.12036750465631485,0.011428020894527435,0.003655070438981056
008_d1f87068_O6WbFpXUI0E_84_1_label_fake.npz,Fake,Real,0.037490570452064276,0.07033967971801758,0.04351520910859108,0.0493847131729126,0.01672828011214733,0.007484970148652792
ybfyLfI5Ml0_74_1_label_real.npz,Real,Real,0.08878246098756792,0.1258103996515274,0.06640169769525528,0.12858474254608154,0.08485163748264313,0.03826382756233215
15895-I-B_Oa6_eNU_113_1_label_fake.npz,Fake,Real,0.18850404247641567,0.07404356449842453,0.040490616112947464,0.7914074659347534,0.02736389823257923,0.009214667603373528
064_84cdff70_XblD1mtXBWY_55_5_label_fake.npz,Fake,Real,0.05125433085486293,0.07377802580595016,0.11531101912260056,0.03176141530275345,0.02968621999025345,0.005734974052757025
18370-UPHmXouXHdM_1_4_label_fake.npz,Fake,Real,0.14418709498422688,0.17567595839500427,0.0794263407588005,0.00018067269411403686,0.08836386352777481,0.3772886395454407
079_fd41500f_MxlocFNdoXg_797_2-batch-2025-02-09-17-27-49-1_label_fake.npz,Fake,Real,0.05348439971091609,0.1784336119890213,0.005092656705528498,5.327731311677297e-12,0.01664627529680729,0.06724945455789566
399_EKwa4XXZdPE_69_1_512x512_1_0112_withaudio_label_fake.npz,Fake,Real,0.0288351433813704,0.07127368450164795,0.04795803502202034,6.966953125520092e-10,0.01753258891403675,0.007411407772451639
GrQO5stiREI_130_1_label_real.npz,Real,Real,0.06361717768013478,0.06796332448720932,0.009274985641241074,0.21585342288017273,0.0131516233086586,0.011842532083392143
14781-4DNuopwIbbU_110_1_label_fake.npz,Fake,Deepfake,0.42652070820331583,0.3161691427230835,0.5671628713607788,0.9270306825637817,0.07623527944087982,0.2460055649280548
mCwiflF4BmE_190_3_label_real.npz,Real,Real,0.15762428403832018,0.16238078474998474,0.05311281979084015,0.002067434834316373,0.4182056188583374,0.15235476195812225
c-3fX59C_BU_0_257--OprPPstAfSg_58_10_33_label_fake.npz,Fake,Real,0.06220254837535322,0.07089300453662872,0.2192094475030899,0.00033489963971078396,0.011728241108357906,0.008847149088978767
496_SSK5FwoCwyU_label_fake.npz,Fake,Real,0.020086109452466524,0.06913726776838303,0.006957579404115677,2.5846358473607944e-12,0.01887420006096363,0.005461500026285648
03955_6Hh5ba8gpfw_audio_2_label_fake.npz,Fake,Real,0.20684402866713622,0.0672009214758873,0.9433879852294922,1.143623321042675e-10,0.013836756348609924,0.009794480167329311
I-B_Oa6_eNU_37_2--12105-ADTwFvHACE4_31_1_label_fake.npz,Fake,Real,0.023794084461405872,0.07423150539398193,0.008403070271015167,0.0003715681377798319,0.03151014819741249,0.004454130306839943
19354-YHiV0rUyg0U_3_1_label_fake.npz,Fake,Real,0.02004820201549457,0.0619267113506794,0.019846869632601738,1.7515750948184777e-13,0.012970412150025368,0.005497016943991184
11395.png_9CECkqcLjp4_1524_1_label_fake.npz,Fake,Deepfake,0.5173382103443146,0.5729351043701172,0.9220454096794128,4.053547306618134e-17,0.6889989376068115,0.4027116000652313
1889-sw2V54gc-iQ_77_2_label_fake.npz,Fake,Real,0.05889581415685825,0.13103246688842773,0.13011838495731354,3.388393088243902e-05,0.015263350680470467,0.018030984327197075
7424_ADTwFvHACE4_116_2_label_fake.npz,Fake,Real,0.19203603388741616,0.06381929665803909,0.36863821744918823,0.5087451338768005,0.014516440220177174,0.0044610812328755856
20404-dMfH7JbxZdY_61_1_label_fake.npz,Fake,Real,0.040568393673947864,0.08789676427841187,0.06017811596393585,5.70630754737067e-06,0.019366474822163582,0.035394906997680664
180_WXGfdzE7hhI_30_1-batch-2025-02-03-22-17-41-25_label_fake.npz,Fake,Real,0.033423260599374775,0.07788302004337311,0.013010126538574696,0.06101333349943161,0.01013359148055315,0.005076231434941292
494_ktHQEAF3mEM_85_2-batch-2025-02-09-17-16-07-1_label_fake.npz,Fake,Real,0.04470343305365532,0.07336785644292831,0.1311536729335785,1.8045055185211822e-05,0.010847756639122963,0.008129834197461605
24288-Vv8CRc5L1kM_59_1_label_fake.npz,Fake,Real,0.04083909783512354,0.09744445234537125,0.05136099085211754,0.0088144326582551,0.012447882443666458,0.03412773087620735
26760_647itg-A_aw_39_2_audio_short_512x512_1_0732_withaudio_label_fake.npz,Fake,Real,0.05740544149100871,0.08444066345691681,0.09220323711633682,1.9809608176046822e-08,0.0403132364153862,0.0700700506567955
OAzp-7yY0FQ_61_2--22236-I5oeY5O5oJI_37_8_label_fake.npz,Fake,Deepfake,0.37368925067242176,0.5841754078865051,0.49472591280937195,1.4168303152928274e-07,0.3290839195251465,0.4604608714580536
7594-ADTwFvHACE4_29_2_label_fake.npz,Fake,Real,0.016998171218438073,0.0393870584666729,0.03277536854147911,0.0002372250601183623,0.010733917355537415,0.001857286668382585
3357-O1JxQ9OyJRQ_107_4_label_fake.npz,Fake,Real,0.13119243253333365,0.2524208128452301,0.11108466982841492,1.7603551327738387e-07,0.05381552502512932,0.23864097893238068
1P9nl9tBK38_362_1_545_label_fake.npz,Fake,Real,0.021883566089218216,0.07372914999723434,0.019287288188934326,3.3114024517999496e-06,0.0133593725040555,0.0030387083534151316
d2om_PGtwWY_14_1_label_real.npz,Real,Real,0.10889481990243441,0.33372583985328674,0.03747681900858879,3.122474026895361e-06,0.05855449289083481,0.11471382528543472
_-nNx99qK4A_94_1_label_real.npz,Real,Real,0.19713309374423033,0.3867723047733307,0.10974840819835663,3.410861495467543e-07,0.15359491109848022,0.3355495035648346
trimmed_sba-i5-e3WY_928_3--103_62ywI44YAxQ_30_7_25fps_25fps_label_fake.npz,Fake,Real,0.2519849259188277,0.46071305871009827,0.620370626449585,5.586845190919121e-07,0.02524040825664997,0.15359997749328613
Lqg5fiwIQso_54_4--624-53GIoeOAam4_40_5_label_fake.npz,Fake,Real,0.02278674241091032,0.08048094809055328,0.013133359141647816,2.7617907960575394e-10,0.012742993421852589,0.007576411124318838
18726-lSCTGJbObOg_100_3_label_fake.npz,Fake,Real,0.11878076642751693,0.0609065406024456,0.07551338523626328,0.42198315262794495,0.029732802882790565,0.005767950788140297
10996-fAh51cqF86I_14_1_label_fake.npz,Fake,Real,0.17641600817441944,0.06833524256944656,0.2771207392215729,0.5210529565811157,0.010790500789880753,0.0047806017100811005
271_PXdPmUJN6k0_74_16_label_fake.npz,Fake,Real,0.03489041673019529,0.07178129255771637,0.07793095707893372,0.0016823937185108662,0.01597806252539158,0.007079377770423889
11549_HUqaEI0dweE_23_2_label_fake.npz,Fake,Real,0.04614118506901263,0.06263827532529831,0.1488569974899292,4.1219183799512393e-07,0.015156999230384827,0.004053241107612848
26435-wnwjcJfC-1U_81_1_label_fake.npz,Fake,Real,0.17357379034613352,0.3308379352092743,0.017135148867964745,1.1401761756957285e-09,0.05541278421878815,0.4644830822944641
VuJbzKpbIVk_9_2--28697-lSCTGJbObOg_189_3_label_fake.npz,Fake,Real,0.1897625121288002,0.11319966614246368,0.14572611451148987,0.004705396946519613,0.6375662088394165,0.0476151742041111
28366_I5oeY5O5oJI_59_5_label_fake.npz,Fake,Real,0.08985437692608685,0.07634282112121582,0.14473409950733185,0.0004954644246026874,0.18029461801052094,0.047404881566762924
90_dcvbo-RdeWw_1_33_label_fake.npz,Fake,Real,0.3071981459857852,0.18049852550029755,0.08496683835983276,9.095050016935669e-13,0.9601770639419556,0.3103483021259308
11633-6w9ikJPzTOA_30_1_label_fake.npz,Fake,Real,0.04444346632808448,0.0676034688949585,0.08665676414966583,0.03648588806390762,0.010727022774517536,0.020744187757372856
496__LL3BSLGscY_0_1-batch-2025-02-06-13-00-20-307_label_fake.npz,Fake,Real,0.1476810496746283,0.5908731818199158,0.08365163207054138,4.879524784229261e-09,0.01530583668500185,0.04857459291815758
438_2gOvQIMWbCY_41_3_audio_short_512x512_1_0732_withaudio_label_fake.npz,Fake,Real,0.05771169199144879,0.08726264536380768,0.1642615795135498,5.486655254571815e-07,0.01977209560573101,0.01726159080862999
14930-JJPfmH5r99k_28_1_label_fake.npz,Fake,Real,0.3012011125683785,0.07156820595264435,0.4015301764011383,0.9977529644966125,0.019318455830216408,0.015835760161280632
3845-A-BRu8z7ztk_0_1_label_fake.npz,Fake,Real,0.03377629942260683,0.08939782530069351,0.0056237950921058655,0.0022730787750333548,0.015379979275166988,0.05620681867003441
_OpXjs-PM8M_2_202_18_label_fake.npz,Fake,Real,0.030264043451388396,0.06259468197822571,0.03259609639644623,7.967014548082574e-11,0.03508765250444412,0.021041786298155785
13924-cbtkoZUOR1A_109_11_label_fake.npz,Fake,Real,0.21015625328800525,0.22069032490253448,0.5457573533058167,2.1496463887160644e-05,0.02071654051542282,0.2635955512523651
23321_lSCTGJbObOg_188_5_label_fake.npz,Fake,Real,0.0930218035154894,0.06007315218448639,0.3619656562805176,1.032620161822706e-06,0.04184406250715256,0.0012251139851287007
15759-3NYH-zyIfZY_11_1_label_fake.npz,Fake,Real,0.21029541362076998,0.07465553283691406,0.18423348665237427,0.7545488476753235,0.026899807155132294,0.011139393784105778
025_61e2c5e5_c-3fX59C_BU_0_242-batch-2025-02-06-00-06-46-77_label_fake.npz,Fake,Real,0.09425016001125926,0.09451309591531754,0.03607132285833359,1.6914113132315833e-07,0.06256658583879471,0.2780996263027191
59376_Mb-ynUI4Me4_65_2_audio_short_512x512_1_0933_withaudio_label_fake.npz,Fake,Real,0.043083567750335304,0.044619373977184296,0.1332530528306961,1.74719247070243e-07,0.03124280832707882,0.006302428897470236
14002.png_eWj2-6q2ybk_258_2_label_fake.npz,Fake,Real,0.020775384907876317,0.06969622522592545,0.016231756657361984,5.5810833288205686e-08,0.01091345027089119,0.007035436574369669
V7xSEBur89E_6_837_321_label_fake.npz,Fake,Real,0.21018465540837497,0.15129442512989044,0.7318567633628845,0.0005576055264100432,0.04640904814004898,0.12080543488264084
-19DTZ6_d6U_596_1_label_real.npz,Real,Real,0.03900675175245857,0.12214507907629013,0.0010038017062470317,2.89465409971599e-16,0.05429766699671745,0.01758721098303795
25241.png_jyXGeTx0ttw_461_4_label_fake.npz,Fake,Deepfake,0.5366650226443781,0.5050519108772278,0.8046021461486816,6.096053795090484e-08,0.8504235744476318,0.5232474207878113
2096-Uk6sPnRL0WQ_10_1_label_fake.npz,Fake,Real,0.08011056829382143,0.06012677028775215,0.32815781235694885,2.3402140868711285e-05,0.009684967808425426,0.0025598888751119375
8624_d2om_PGtwWY_35_1_label_fake.npz,Fake,Real,0.03670286810956896,0.06182703375816345,0.07026256620883942,0.035487089306116104,0.013376565650105476,0.0025610856246203184
27268.png_30CXCDECyG4_1080p_82_1_label_fake.npz,Fake,Real,0.049680808378252554,0.0972384512424469,0.025396529585123062,1.9679118850035593e-06,0.031311240047216415,0.09445585310459137
28737_HUqaEI0dweE_14_1_label_fake.npz,Fake,Real,0.2573331579566002,0.21876373887062073,0.015993304550647736,0.9612780213356018,0.015768006443977356,0.07486271858215332
090_8252f095-y9BVPefouIs_2540_5_label_fake.npz,Fake,Deepfake,0.35617111446368316,0.6859608888626099,0.2131308764219284,5.075870035398111e-08,0.39012059569358826,0.49164316058158875
16840-1Ws3w_ZOmhI_54_1_label_fake.npz,Fake,Real,0.09353845219593496,0.24908043444156647,0.013227918185293674,0.0008364695822820067,0.036947209388017654,0.16760022938251495
19645-2Ny5UJLpoxg_22_1_label_fake.npz,Fake,Real,0.22032628813758492,0.07435160875320435,0.0021640644408762455,0.9979015588760376,0.012173977680504322,0.015040230937302113
434_XblD1mtXBWY_139_7_512x512_1_1647_withaudio_label_fake.npz,Fake,Real,0.2678539807908237,0.0641472339630127,0.2072710394859314,0.9999459981918335,0.06161320582032204,0.006292426493018866
45077_NHVXgWJiIcs_26_2_label_fake.npz,Fake,Real,0.019246813200879846,0.06598585098981857,0.010965103283524513,3.864016616716981e-05,0.009223167784512043,0.010021303780376911
65613_30a4OlkenNU_4_1_audio_short_512x512_1_0732_withaudio_label_fake.npz,Fake,Real,0.18050643033348024,0.07162792235612869,0.0535445399582386,0.7048623561859131,0.0707438513636589,0.0017534818034619093
18013_MATJqR93d5I_47_8_audio_short_512x512_1_0557_withaudio_label_fake.npz,Fake,Real,0.03362970938906074,0.06303153187036514,0.08183872699737549,0.0005684304051101208,0.014647066593170166,0.00806279107928276
-19DTZ6_d6U_833_24_label_real.npz,Real,Real,0.3236795449629426,0.44368553161621094,0.17413614690303802,0.0003256397321820259,0.107902891933918,0.892347514629364
J_ComKnl1hk_2_40_label_real.npz,Real,Real,0.024456134950742232,0.08309169858694077,0.0025992176961153746,5.199124758542746e-16,0.010051922872662544,0.026537835597991943
01412_X05-4iCBHC8_audio_3_label_fake.npz,Fake,Real,0.24393560830503702,0.06944871693849564,0.13878707587718964,0.9972442388534546,0.010906812734901905,0.003291197121143341
t58wNtkkXkw_0_1_label_real.npz,Real,Real,0.13901499458379124,0.10789056867361069,0.21700774133205414,2.223537881596016e-10,0.35931774973869324,0.010858912952244282
PqumaD82tcI_300_5_label_real.npz,Real,Real,0.05432843705639244,0.07982160896062851,0.1702069342136383,0.0041931685991585255,0.010342678055167198,0.0070777954533696175
6417-6QjWo7-Mn3o_53_2_label_fake.npz,Fake,Real,0.33312781484611526,0.21957799792289734,0.9491714239120483,6.11785893056549e-08,0.42380157113075256,0.07308802008628845
912-uRSmuuXg7hI_115_4_label_fake.npz,Fake,Real,0.16187856078977347,0.2633172273635864,0.40668785572052,3.1897467124508694e-05,0.04655157029628754,0.09280425310134888
010_18d7b27c-KKeGv-ny-kY_375_1_label_fake.npz,Fake,Deepfake,0.4695572036813246,0.6495310664176941,0.08962355554103851,6.815210508648306e-05,0.7327434420585632,0.8758198022842407
064_898b4b7e-9ztkB7gr8po_2_15_label_fake.npz,Fake,Real,0.12331346648323782,0.2442188709974289,0.0861264020204544,1.1862555382435858e-10,0.0417308546602726,0.24449120461940765
145_e968cdd5.jpg_eWj2-6q2ybk_224_1_label_fake.npz,Fake,Real,0.022004476977567577,0.08783509582281113,0.004381980746984482,3.513907742558331e-08,0.011940480209887028,0.0058647929690778255
38114.png_DOpN7bVauzY_3696_1_label_fake.npz,Fake,Real,0.29053197209723297,0.29223892092704773,0.015825696289539337,0.0018483477178961039,0.8355929851531982,0.3071539103984833
7893-pOdIn86ZM1E_59_1_label_fake.npz,Fake,Real,0.33185344561934477,0.22198036313056946,0.3522680103778839,0.8688410520553589,0.057681676000356674,0.15849612653255463
PgfPJgJz7Pg_3_1_label_real.npz,Real,Real,0.037370043031478416,0.0874309167265892,0.06974653899669647,9.31121212488506e-06,0.020237477496266365,0.00942597072571516
28305-A-BRu8z7ztk_24_1_label_fake.npz,Fake,Real,0.023158020433038537,0.07404191792011261,0.00423324154689908,3.196789428512619e-16,0.009982067160308361,0.027532875537872314
47742.png_f_0r2adEZfw_0_3_label_fake.npz,Fake,Deepfake,0.5918462157249451,0.41709667444229126,0.969215452671051,8.712073999178361e-17,0.9596005082130432,0.6133184432983398
21980-I5oeY5O5oJI_56_7_label_fake.npz,Fake,Real,0.10563213992281818,0.07608361542224884,0.4249880015850067,0.0002036569349002093,0.021318910643458366,0.005566515028476715
19954-Lcbr99pQZOU_61_2_label_fake.npz,Fake,Real,0.07324202454822312,0.12475015968084335,0.11955719441175461,3.8332593987888686e-08,0.035455357283353806,0.08644737303256989
16263-M-3HEJpdx2I_1_4_label_fake.npz,Fake,Real,0.061683892179280525,0.06819276511669159,0.21926699578762054,0.0015886863693594933,0.012656599283218384,0.006714414339512587
wdNhtZOGxBw_17_1_25fps--203_28Z-aq2wk60_audio_2_19_label_fake.npz,Fake,Real,0.12106243073940279,0.4653165340423584,0.02217460423707962,7.84732449005192e-23,0.029385440051555634,0.0884355753660202
QCAqiTH6B4U_1080p_96_4_25fps--50450_UzfVjgZKjro_1080p_61_1_25fps_label_fake.npz,Fake,Real,0.17580150826834143,0.30529114603996277,0.1210261881351471,0.0006234224420040846,0.018481796607375145,0.433584988117218
AbpNlshqtJc_58_3_label_real.npz,Real,Deepfake,0.4488720044493675,0.4709676206111908,0.05735035985708237,0.9914606809616089,0.4308661222457886,0.293715238571167
084_4876da64-1aIMkhQHGO0_25_2_label_fake.npz,Fake,Real,0.15437930785257312,0.24724145233631134,0.46776920557022095,6.888891367073935e-12,0.02588076703250408,0.031005114316940308
_pWENLj5I-8_1080p_77_2_label_real.npz,Real,Real,0.25772130340337757,0.28754085302352905,0.026418600231409073,0.6600498557090759,0.04183470085263252,0.2727625072002411
20207-K6rSVoAakQ8_25_1_label_fake.npz,Fake,Real,0.08519024271517993,0.0683368667960167,0.03371511772274971,0.2974717915058136,0.014572106301784515,0.011855331249535084
3772-I2s4msDXNgw_61_1_label_fake.npz,Fake,Deepfake,0.4726785659884527,0.6194694638252258,0.15671366453170776,4.7243528533691403e-11,0.9617037177085876,0.6255059838294983
083_16b5e7ab_62ywI44YAxQ_72_1-batch-2025-02-06-00-06-46-11_label_fake.npz,Fake,Real,0.33753577768824355,0.28739699721336365,0.760564923286438,1.0856404750875237e-12,0.2075587660074234,0.4321582019329071
c-3fX59C_BU_0_257--p6na9crjELc_73_8_43_label_fake.npz,Fake,Real,0.020170561170380095,0.07224831730127335,0.00851121824234724,2.1024337911512703e-05,0.011150679551064968,0.008921566419303417
459__7KzTzpF6Ng_audio_3_65_label_fake.npz,Fake,Real,0.03200925085693598,0.07561049610376358,0.050013940781354904,1.4777790502073106e-24,0.012569031678140163,0.021852785721421242
PXdPmUJN6k0_79_5_label_real.npz,Real,Real,0.26882385063945546,0.504267692565918,0.025401130318641663,3.42490166076459e-05,0.04382677003741264,0.7705894112586975
068_a703f85f.jpg_xQvhp_EZ8CE_88_1_label_fake.npz,Fake,Real,0.0934020045071037,0.1715734452009201,0.11993421614170074,6.651838191373827e-08,0.01771307922899723,0.1577892154455185
cZ_DoJj9PXQ_27_2--oTElQFuLr7o_89_47_117_label_fake.npz,Fake,Real,0.20485511496663092,0.23911014199256897,0.3821130692958832,0.2975323498249054,0.01665658876299858,0.08886342495679855
77_H_c_crxV9O8_21_1_audio_short_512x512_1_0933_withaudio_label_fake.npz,Fake,Real,0.042956874372976024,0.06309884041547775,0.12808161973953247,1.7692766050458886e-05,0.021177658811211586,0.0024085601326078176
160_GNkwgfQFj60_1_17_512x512_1_0533_withaudio_label_fake.npz,Fake,Real,0.033441395352109285,0.07393130660057068,0.05940129980444908,7.237530752490784e-08,0.027112070471048355,0.006762227509170771
SNHUu7YkNjA_131_1--18871-d2om_PGtwWY_0_1_label_fake.npz,Fake,Real,0.08667598109568644,0.08840388059616089,0.30808591842651367,2.5402003302588128e-05,0.022584516555070877,0.014280187897384167
mHii80xikXs_3931_1_label_real.npz,Real,Real,0.06947748810084252,0.0890011191368103,0.14958688616752625,1.5689708646876577e-12,0.0843149721622467,0.024484463036060333
KNktDoYajMk_154_1_label_real.npz,Real,Real,0.02564858295280397,0.0833723247051239,0.007482577580958605,6.647735695253232e-10,0.020720884203910828,0.01666712760925293
068_b778f382.jpg_1P9nl9tBK38_595_2_label_fake.npz,Fake,Real,0.10759404182899743,0.16694168746471405,0.08492343872785568,0.0017071642214432359,0.04664492979645729,0.2377529889345169
irlH4e-dbYc_76_2_label_real.npz,Real,Real,0.3109363317489627,0.2460280954837799,0.10548555850982666,1.3721612931790893e-15,0.8112406730651855,0.3919273316860199
9ztkB7gr8po_2_9_label_real.npz,Real,Real,0.01979341238657071,0.07579638808965683,0.0053536235354840755,2.6519965103943832e-05,0.012210934422910213,0.005579595919698477
27813_TXf3uH5YqM4_86_7_label_fake.npz,Fake,Real,0.027042327571689388,0.07764951139688492,0.01678033545613289,4.911297946819104e-05,0.0300070121884346,0.010725665837526321
mHii80xikXs_4067_1_label_real.npz,Real,Real,0.15579164512455462,0.35844624042510986,0.023279385641217232,0.1429990530014038,0.04589495807886124,0.20833858847618103
IuETaGhSEbE_57_1_label_real.npz,Real,Real,0.16947757889865897,0.09383884072303772,0.34085899591445923,0.000329359871102497,0.3401343822479248,0.07222631573677063
27379-Ft9uf9w3QVA_115_1_label_fake.npz,Fake,Real,0.30510137882083654,0.1896473914384842,0.08299002796411514,0.9864842295646667,0.012563901953399181,0.25382134318351746
11748-I5oeY5O5oJI_31_3_label_fake.npz,Fake,Real,0.0504267021618432,0.07326594740152359,0.15868431329727173,3.0061957545512996e-07,0.011468106880784035,0.008714842610061169
HxK1gx2jKVU_1080p_69_13_424_label_fake.npz,Fake,Real,0.0306201015599072,0.07502352446317673,0.05797169357538223,0.0020140460692346096,0.01375004556030035,0.00434119813144207
076_d4ee20ae.jpg_6l6NFBuOYjk_159_1_label_fake.npz,Fake,Real,0.27906908667690544,0.6433447003364563,0.11856269836425781,2.8640378957334178e-08,0.1443057507276535,0.48913225531578064
Nz7QfvnRkuE_53_8--2NlEdgEI_mc_50_3_147_label_fake.npz,Fake,Real,0.07063490710443147,0.17233693599700928,0.0958530604839325,1.3811478311254177e-05,0.04582224413752556,0.0391484834253788
4445-wGcqFV_alDk_84_1_label_fake.npz,Fake,Real,0.109118472603404,0.15140318870544434,0.3577210605144501,2.517026409520895e-08,0.015486365184187889,0.020981723442673683
3392-Uk6sPnRL0WQ_100_2_label_fake.npz,Fake,Real,0.3302184686996043,0.06720446050167084,0.5683229565620422,0.9998311996459961,0.01072601042687893,0.005007716361433268
6185-3U4D77IB-j8_125_1_label_fake.npz,Fake,Real,0.05123239402784901,0.08327023684978485,0.10747738182544708,1.029739760127768e-08,0.035204995423555374,0.030209345743060112
23038-sr3AvToIzJo_40_2_label_fake.npz,Fake,Real,0.07771099922653094,0.12018418312072754,0.18582476675510406,7.099209256011818e-07,0.016351621598005295,0.06619371473789215
24245_CV1yPkkUFOw_35_1_audio_short_512x512_1_0732_withaudio_label_fake.npz,Fake,Real,0.019242272744473078,0.0723513662815094,0.0016184495761990547,6.91300261479455e-09,0.019563093781471252,0.0026784471701830626
4276-0-kY_RQxuc0_119_1_label_fake.npz,Fake,Real,0.2337478715926409,0.11270033568143845,0.008197196759283543,0.9980795383453369,0.03822643682360649,0.01153585035353899
knT_9_p8480_4_4_label_real.npz,Real,Real,0.0332568984927093,0.06442825496196747,0.07065130770206451,2.053790467471117e-06,0.01546198409050703,0.01574089191854
054_5a9566eb-PHMafVnjks8_228_1_label_fake.npz,Fake,Real,0.22652844619005919,0.5848895907402039,0.3186626136302948,0.009021165780723095,0.04644227400422096,0.1736265867948532
363_ypMVswItFWI_10_1_512x512_1_0533_withaudio_label_fake.npz,Fake,Real,0.03457987632718869,0.08175960928201675,0.06192116066813469,0.00014502546400763094,0.024369262158870697,0.004704324062913656
018_a532251b.jpg_0bjXpiZCdUQ_36_1_label_fake.npz,Fake,Deepfake,0.6036717284470797,0.572508692741394,0.9885209798812866,0.0191876832395792,0.9072577953338623,0.5308834910392761
81-_sAbvloLTNQ_1511_1_label_fake.npz,Fake,Real,0.32610566231880966,0.8195337653160095,0.0016185296699404716,1.897535639727721e-08,0.029472466558218002,0.7799035310745239
24256-2CnzI8vny3c_136_3_label_fake.npz,Fake,Real,0.25793467680923643,0.3110678791999817,0.000659545767121017,0.0008620674489066005,0.6473121643066406,0.3297717273235321
lkMV6SxilXc_94_11--14602-itFwx1CZM9I_99_2_label_fake.npz,Fake,Real,0.0768374178558588,0.0741983950138092,0.15291832387447357,0.13526581227779388,0.010953945107758045,0.010850613005459309
trimmed_X8GFKxOk7Jg_13_1--j3QtlhvoeEU_890_2_62ywI44YAxQ_26_2_25fps_25fps_label_fake.npz,Fake,Real,0.29911728203296656,0.6634976267814636,0.6305971741676331,0.03647971898317337,0.09394052624702454,0.07107136398553848
498_DR5IQXWY_uA_193_1-batch-2025-02-05-13-35-36-124_label_fake.npz,Fake,Real,0.018146709405784025,0.06852113455533981,0.009115273132920265,1.1906793773164281e-08,0.009485865943133831,0.0036112614907324314
12838_NduDs59WZqU_136_1_label_fake.npz,Fake,Real,0.0262957481209547,0.0682564377784729,0.023164641112089157,2.3752630085027704e-08,0.03723691776394844,0.002820720197632909
ILR3cxYpjUk_1342_1_label_real.npz,Real,Real,0.036844081245422204,0.09635958820581436,0.051087766885757446,2.9720206872786703e-13,0.027978431433439255,0.00879461970180273
0__OpXjs-PM8M_2_89_512x512_1_0112_withaudio_label_fake.npz,Fake,Real,0.024024532788776958,0.0769612193107605,0.008932258002460003,3.43154116233535e-11,0.03180116042494774,0.002428026171401143
27492-TXf3uH5YqM4_86_7_label_fake.npz,Fake,Real,0.021239695801765993,0.06833450496196747,0.012819022871553898,2.6595747826263505e-08,0.012233603745698929,0.012811320833861828
04925.png_Du1SKO_ri4w_85_86_label_fake.npz,Fake,Real,0.3136245443194639,0.46180278062820435,0.526494562625885,0.00015357820666395128,0.07892698049545288,0.5007448196411133
wnwjcJfC-1U_72_5--27367-awNrju1X3zc_49_1_label_fake.npz,Fake,Deepfake,0.4261537600308657,0.5685662627220154,0.0185770932585001,0.9999228715896606,0.10823780298233032,0.4354647696018219
Jy-bPwwFxhk_33_2--gc8LE2PP3hM_98_1_499_label_fake.npz,Fake,Real,0.023249869700539966,0.08810672909021378,0.004273283760994673,9.367890984419633e-14,0.013389195315539837,0.010480140335857868
396_pNogULi28gs_87_3_audio_short_512x512_1_1655_withaudio_label_fake.npz,Fake,Real,0.017701919220704458,0.06259755790233612,0.00577078340575099,2.4789006403125313e-09,0.01586524397134781,0.00427600834518671
jXf9d1xHO34_1080p_119_7_label_real.npz,Real,Real,0.22430010177195073,0.07757189124822617,0.037501439452171326,0.9735320210456848,0.012222591787576675,0.020672565326094627
15488-ezja7-YQ72g_63_6_label_fake.npz,Fake,Deepfake,0.6259561091661453,0.811379611492157,0.18965499103069305,0.4788060486316681,0.6671521067619324,0.9827877879142761
043_77e393de_EKwa4XXZdPE_49_1_label_fake.npz,Fake,Deepfake,0.38158482054574283,0.810102641582489,0.0319693461060524,5.458644523059775e-07,0.34197860956192017,0.7238729596138
077_08ff1da6_8gqupeY6HmM_0_191_label_fake.npz,Fake,Deepfake,0.35159544316148145,0.49738606810569763,0.012986866757273674,2.3421539707690897e-10,0.9498854279518127,0.2977188527584076
112_710c6176.jpg_dTeNSc1Sp28_2_6_label_fake.npz,Fake,Real,0.020138423750177024,0.06970733404159546,0.006000929977744818,0.0034212369937449694,0.017518797889351845,0.004043819848448038
jk5auOLLvks_469_2_576_label_fake.npz,Fake,Real,0.039778451155871156,0.06922107189893723,0.012172481045126915,0.09995605796575546,0.010117456316947937,0.007425188552588224
hNA8I-JU3eg_22_4--19742-Uk6sPnRL0WQ_163_6_label_fake.npz,Fake,Real,0.2663321163505316,0.16515475511550903,0.11336525529623032,0.9999940395355225,0.0177240502089262,0.03542248159646988
415.png_1P9nl9tBK38_688_1_label_fake.npz,Fake,Real,0.03630471550859512,0.11359070986509323,0.0015223019290715456,8.63698310151771e-19,0.04060769081115723,0.02580287493765354
O0nL5vRlcfk_149_3_label_real.npz,Real,Real,0.046927336603948794,0.1591532677412033,0.04196026921272278,7.74394993641181e-06,0.02137521095573902,0.012140191160142422
24951-TalBZ9_fmQk_11_1_label_fake.npz,Fake,Real,0.10826248042285441,0.06619642674922943,0.19365514814853668,0.2579365074634552,0.017592476680874825,0.00593184307217598
1253-3U4D77IB-j8_105_2_label_fake.npz,Fake,Real,0.2800681453398284,0.41972121596336365,0.16232846677303314,1.98018806258915e-05,0.12211772054433823,0.6961535215377808
317-cHjvhDTfItA_17_2_label_fake.npz,Fake,Real,0.08816755562232857,0.0984693318605423,0.29652461409568787,5.59685474854632e-07,0.014709417708218098,0.031133854761719704
17588_O1JxQ9OyJRQ_105_2_label_fake.npz,Fake,Real,0.09287256723046858,0.06556292623281479,0.3666559159755707,4.366067951622199e-09,0.021715756505727768,0.010428233072161674
491_oeyLwy8sJhA_2_1-batch-2025-02-06-13-00-20-244_label_fake.npz,Fake,Real,0.25926894308358894,0.45618000626564026,0.691813051700592,5.9413971030153334e-05,0.050274550914764404,0.09801769256591797
18072_lSCTGJbObOg_0_1_label_fake.npz,Fake,Real,0.06587001644074918,0.06323327124118805,0.13739705085754395,0.006228082347661257,0.11785751581192017,0.0046341619454324245
29046-jud_SnwcvFc_10_2_label_fake.npz,Fake,Real,0.0895516699180007,0.07479842007160187,0.06492436677217484,0.2810758352279663,0.015082713216543198,0.011877014301717281
7ZVu5N4gOgY_63_2--29317-TXf3uH5YqM4_76_1_label_fake.npz,Fake,Real,0.33070038433652377,0.3630172908306122,0.0011990120401605964,0.9484243988990784,0.30928856134414673,0.03157265856862068
496_sba-i5-e3WY_3816_1-batch-2025-02-06-13-00-20-320_label_fake.npz,Fake,Real,0.280967945552392,0.7651914954185486,0.029144730418920517,7.18495840601463e-09,0.12665820121765137,0.4838452935218811
311_IcZtHIN331g_label_fake.npz,Fake,Real,0.08376932405061784,0.07219449430704117,0.33037373423576355,6.321095990385883e-12,0.011505757458508015,0.004772634245455265
02357_lqKZS1uYfro_89_11_label_fake.npz,Fake,Real,0.08485847631673098,0.07035651057958603,0.3040737807750702,0.000114815506094601,0.0429406575858593,0.006806617137044668
084_96ce3be4-XwfJa1b4KOk_67_1_label_fake.npz,Fake,Real,0.2731005885085324,0.6892199516296387,0.20178213715553284,4.356000863481313e-05,0.284507155418396,0.1899501383304596
292.png_J_ComKnl1hk_7_27_label_fake.npz,Fake,Real,0.02706081941723828,0.07033421099185944,0.04942480847239494,2.1533164382491436e-16,0.010892254300415516,0.004652823321521282
O0nL5vRlcfk_478_1--XblD1mtXBWY_160_1_231_label_fake.npz,Fake,Real,0.304968959838152,0.17819908261299133,0.3179301917552948,0.9886316657066345,0.019419601187109947,0.020664257928729057
NEEN8fSBuWI_302_1_467_label_fake.npz,Fake,Real,0.02484076454438764,0.0656537190079689,0.04254850000143051,1.561974386277143e-06,0.01147320307791233,0.004526838660240173
227_p6na9crjELc_141_6-batch-2025-02-04-10-00-57-87_label_fake.npz,Fake,Real,0.03637862309907689,0.10622813552618027,0.04474766552448273,2.2873753380281414e-07,0.01166154257953167,0.019255543127655983
27251-0-BD5WJ_hBk_112_1_label_fake.npz,Fake,Real,0.05212819047992525,0.07690375298261642,0.08694074302911758,2.7633866920950823e-05,0.026588331907987595,0.0701804906129837
kCudFI4tcpg_23_1--10278-ADTwFvHACE4_15_3_label_fake.npz,Fake,Real,0.27894797925509923,0.7518158555030823,0.011471386067569256,2.8585300242411904e-05,0.3253709673881531,0.306053102016449
29745-3U4D77IB-j8_58_1_label_fake.npz,Fake,Real,0.09829840902239084,0.07327357679605484,0.3715844452381134,0.024219021201133728,0.015300117433071136,0.007114884443581104
zpEUWKUUxdY_46_5--J_ComKnl1hk_6_29_424_label_fake.npz,Fake,Real,0.07885613868792518,0.21432892978191376,0.029337860643863678,1.3778158347577119e-07,0.14148905873298645,0.009124706499278545
19285_MqXRaJQsvxY_71_2_label_fake.npz,Fake,Real,0.023762886892548355,0.06992452591657639,0.03201615810394287,8.016596808602117e-08,0.011373530142009258,0.005500140134245157
111_Du1SKO_ri4w_48_179_512x512_1_1803_withaudio_label_fake.npz,Fake,Real,0.039184889473835936,0.06906130164861679,0.10414436459541321,0.00017178057169076055,0.015782088041305542,0.006764912512153387
29317-ybfyLfI5Ml0_52_1_label_fake.npz,Fake,Real,0.05098970378458035,0.07182540744543076,0.14688366651535034,0.00016031389532145113,0.02638598531484604,0.009693145751953125
1040-Uk6sPnRL0WQ_116_2_label_fake.npz,Fake,Real,0.34420212320983407,0.15006136894226074,0.43076539039611816,0.9725683331489563,0.022733217105269432,0.14488230645656586
273_Ft9uf9w3QVA_61_1_audio_short_512x512_1_0944_withaudio_label_fake.npz,Fake,Real,0.035148341767490474,0.044332534074783325,0.10909492522478104,2.8280433228647936e-15,0.01755117066204548,0.00476307887583971
J_ComKnl1hk_6_30_label_real.npz,Real,Real,0.019790015860053245,0.06881483644247055,0.016257796436548233,0.0001081806913134642,0.009595698677003384,0.0041735670529305935
144_5z_krRwSyt8_15_3_audio_short_512x512_1_0732_withaudio_label_fake.npz,Fake,Real,0.05281656300792103,0.07222459465265274,0.16332285106182098,7.152787476899514e-12,0.022940317168831825,0.005595052149146795
7272-IU0Zy67ZLpU_79_1_label_fake.npz,Fake,Deepfake,0.5442885395699638,0.8288577198982239,0.9164113998413086,1.3318606661982813e-08,0.07745777070522308,0.8987157940864563
051_2aace444-PXdPmUJN6k0_74_47_label_fake.npz,Fake,Real,0.34176809338387104,0.3533664643764496,0.0018951250240206718,6.164319347590208e-05,0.6348194479942322,0.7186977863311768
21260-TDDNxuR1zs8_104_4_label_fake.npz,Fake,Real,0.11927049471423744,0.24977408349514008,0.0018015955574810505,4.194881057628663e-06,0.2640674114227295,0.0807051882147789
03732.png_UzfVjgZKjro_1080p_89_5_label_fake.npz,Fake,Real,0.0642249583769626,0.06796306371688843,0.19599470496177673,5.118334684084402e-06,0.01043219119310379,0.046729713678359985
29307-Uk6sPnRL0WQ_77_3_label_fake.npz,Fake,Real,0.10136589369827768,0.07691007107496262,0.4008195996284485,8.89314233365468e-10,0.021801184862852097,0.007298612035810947
47_xIUOSE2Nnqw_51_3_audio_short_512x512_1_0557_withaudio_label_fake.npz,Fake,Real,0.024730021032012526,0.07435857504606247,0.028549659997224808,4.212906967726582e-10,0.01349862664937973,0.007243243046104908
398_p6na9crjELc_141_6-batch-2025-02-04-10-00-57-153_label_fake.npz,Fake,Real,0.02637519847695842,0.06901826709508896,0.04474766552448273,2.2873753380281414e-07,0.01010211557149887,0.008007715456187725
14661-Lcbr99pQZOU_131_4_label_fake.npz,Fake,Real,0.13906422052532433,0.08984241634607315,0.2451123744249344,0.26969248056411743,0.011665699072182178,0.07900813221931458
131_8HCQWjytx_I_199_12_512x512_1_0112_withaudio_label_fake.npz,Fake,Real,0.020121403143275533,0.07427694648504257,0.008649339899420738,0.000339464342687279,0.013549166731536388,0.003792098257690668
094_6aec42c7.jpg_P4o9TZ36Xj8_0_1_label_fake.npz,Fake,Real,0.0292721476405859,0.09221715480089188,0.009470255114138126,0.0013153012841939926,0.010784517042338848,0.03257350996136665
u6akTRg2ecw_52_1--28660-6w9ikJPzTOA_9_1_label_fake.npz,Fake,Real,0.3415844053030014,0.2691325545310974,0.1599206030368805,0.9999924898147583,0.04907877743244171,0.2297976016998291
13264-rMLfEL02QeY_0_2_label_fake.npz,Fake,Real,0.17755794365657493,0.11828070133924484,0.6737949252128601,0.0008608255884610116,0.01247583981603384,0.08237742632627487
2463-LPW5Zx3ntZo_83_2_label_fake.npz,Fake,Real,0.1647542148828507,0.22035694122314453,0.40698176622390747,0.07374691963195801,0.08316769450902939,0.03951775282621384
9543-0-BD5WJ_hBk_162_1_label_fake.npz,Fake,Real,0.1001684632152319,0.10814975947141647,0.08592196553945541,0.009861540049314499,0.03056211955845356,0.26634693145751953
005_582c121a-oDO5ZDLTpaw_32_1_label_fake.npz,Fake,Real,0.12337919466017232,0.24904465675354004,0.0071450043469667435,1.4811031290307142e-09,0.05734561011195183,0.3033607006072998
01650_ha96Xj9FAT0_audio_3_label_fake.npz,Fake,Deepfake,0.3839395144954324,0.07702004164457321,0.8381962180137634,0.9725151062011719,0.024700816720724106,0.007265389896929264
t86T9sem8EM_417_1_label_real.npz,Real,Real,0.09660132238641382,0.07003664970397949,0.3688066005706787,0.006364315282553434,0.028048986569046974,0.009750059805810452
16478-9pQuS1hCm04_5_33_label_fake.npz,Fake,Deepfake,0.374979928089306,0.6341813206672668,0.002236798172816634,1.1750023044861525e-15,0.3172774910926819,0.9212040305137634
14297-I1ouTj1BQec_128_2_label_fake.npz,Fake,Real,0.3448986088371612,0.3369656801223755,0.3802698254585266,1.2989522701900569e-06,0.8048216700553894,0.20243456959724426
14660_Ip7cs1D5tTQ_90_1_label_fake.npz,Fake,Real,0.05422816822272761,0.06589269638061523,0.18795007467269897,4.4938098381352987e-11,0.014794467017054558,0.002503602998331189
12997-dcdBqR1XoCA_64_1_label_fake.npz,Fake,Real,0.047613073352658825,0.14187805354595184,0.01093966979533434,1.0091941476275679e-05,0.03857446834445,0.046663083136081696
uHOEHOoQCWA_48_1_label_real.npz,Real,Real,0.13730310425162318,0.14433467388153076,0.12497586756944656,0.19698962569236755,0.06244020536541939,0.1577751487493515
089_152cf5f6_jbx2IjXBmWA_14_3_label_fake.npz,Fake,Deepfake,0.605617892742157,0.2532593905925751,0.8882393836975098,0.9996786117553711,0.2445235550403595,0.6423885226249695
J_ComKnl1hk_4_101_label_real.npz,Real,Real,0.024826441798359154,0.07433604449033737,0.016227729618549347,0.015323332510888577,0.011844812892377377,0.0064002894796431065
yD5Beb8GcQw_11_1--yml5GgOFz1I_38_1_539_label_fake.npz,Fake,Deepfake,0.3941348280761746,0.811240017414093,0.021531520411372185,2.0401898486593906e-12,0.931401789188385,0.2065008133649826
058_02860eff.jpg_inQaPF2YoNw_200_1_label_fake.npz,Fake,Real,0.061599063467661724,0.07321780920028687,0.21158812940120697,7.658212397565478e-10,0.013360006734728813,0.009829371236264706
18600_zpEUWKUUxdY_39_8_label_fake.npz,Fake,Real,0.11900591058656575,0.061365511268377304,0.5161460638046265,3.91770781875906e-27,0.012935424223542213,0.004582553636282682
OprPPstAfSg_6_5_70_label_fake.npz,Fake,Real,0.0599695036187768,0.08927207440137863,0.11619973927736282,0.009503672830760479,0.05851123854517937,0.02636079303920269
030_642eaf93.jpg_DuggBTqO2sc_300_1_label_fake.npz,Fake,Real,0.15429693460470165,0.23721002042293549,0.34860169887542725,2.844074259954199e-13,0.07336852699518204,0.11230442672967911
15284-E1R1P_NyvF8_47_1_label_fake.npz,Fake,Real,0.03650282472553954,0.131142258644104,0.015033730305731297,1.3577760910266079e-05,0.022730158641934395,0.013594398275017738
8tD-YwT4oAg_664_5_label_real.npz,Real,Deepfake,0.630970111489296,0.4784284234046936,0.9915054440498352,0.04682345688343048,0.7332973480224609,0.9047958850860596
20150-hHYe3O7_TUA_276_1_label_fake.npz,Fake,Deepfake,0.3713505536317826,0.3168807625770569,0.4047123193740845,0.06299637258052826,0.6331996917724609,0.4389636218547821
SzhK7Q-pY0U_1_43_label_real.npz,Real,Real,0.023954410245642065,0.07728391140699387,0.0199769027531147,0.001361445290967822,0.013158470392227173,0.007991321384906769
44804_HUqaEI0dweE_42_3_audio_short_512x512_1_0944_withaudio_label_fake.npz,Fake,Real,0.10813563140109181,0.06549247354269028,0.10391905158758163,0.35455068945884705,0.012175308540463448,0.004540633875876665
03523_1POFF5RQjyM_label_fake.npz,Fake,Real,0.016411024056037605,0.06144989654421806,0.00047450271085835993,1.1307298564133816e-06,0.012092671357095242,0.008036918938159943
29891-K6rSVoAakQ8_20_1_label_fake.npz,Fake,Real,0.12875823304057124,0.13297870755195618,0.3106082081794739,0.080828957259655,0.05802977457642555,0.06134551763534546
d2om_PGtwWY_38_1--6180-O1JxQ9OyJRQ_1_3_label_fake.npz,Fake,Real,0.20902910624281507,0.47284966707229614,0.21206603944301605,0.00023644513566978276,0.058636706322431564,0.3013566732406616
rwnnXFpqN5I_357_6_label_real.npz,Real,Real,0.2057823641913274,0.44808229804039,0.06519722193479538,1.8836342860595323e-05,0.02737337164580822,0.4882400929927826
p-OdFWMl0Ys_58_1_label_real.npz,Real,Real,0.22931830652479734,0.3322114050388336,0.28531479835510254,7.787964761973853e-08,0.19158485531806946,0.3374803960323334
468_aEM1s9Saa-g_41_4_512x512_1_1803_withaudio_label_fake.npz,Fake,Real,0.04202886732430002,0.07102856785058975,0.11346156895160675,2.4034864765098973e-08,0.021650029346346855,0.004004146438091993
445_XJmuXrN2cQA_336_12_512x512_1_1647_withaudio_label_fake.npz,Fake,Real,0.05320538896037781,0.06405648589134216,0.08488120138645172,1.811168770515792e-09,0.10842285305261612,0.008666402660310268
025_61e2c5e5_oeyLwy8sJhA_2_1-batch-2025-02-06-00-06-46-75_label_fake.npz,Fake,Deepfake,0.5031466698768782,0.7278386950492859,0.691813051700592,5.9413971030153334e-05,0.6200652122497559,0.4759569764137268
kvAP1FcVvBs_0_1--UyNb2ArI768_0_1_37_label_fake.npz,Fake,Real,0.03638646948502355,0.07873011380434036,0.06916487216949463,2.110906734742457e-06,0.022724522277712822,0.011310728266835213
21071-J-vYXU4vqcY_1_1_label_fake.npz,Fake,Real,0.2497332049533725,0.0727723240852356,0.12698647379875183,0.9984455704689026,0.03973209485411644,0.010729561559855938
15736-UI6IKlHh-pQ_20_2_label_fake.npz,Fake,Real,0.0181803307564697,0.06844622641801834,0.0037581459619104862,5.000041491953766e-10,0.012816567905247211,0.0058807129971683025
20666-u6akTRg2ecw_0_2_label_fake.npz,Fake,Real,0.024574602219217926,0.0744980126619339,0.025394218042492867,9.430623322259635e-06,0.010906199924647808,0.01206514984369278
14463_ADTwFvHACE4_18_1_label_fake.npz,Fake,Real,0.01761922706407743,0.06465315073728561,0.0030331595335155725,2.572902446651426e-10,0.01570863276720047,0.004701192025095224
8-iiYu7NESU_16_1_25fps--40244_qv45xE78kx0_audio_3_226_label_fake.npz,Fake,Real,0.040668790787458435,0.13477416336536407,0.02590707689523697,6.154006043457302e-17,0.024872707203030586,0.01779000647366047
49434_bM1LXa68oxc_122_2_audio_short_512x512_1_0732_withaudio_label_fake.npz,Fake,Real,0.03616131941540175,0.06466338038444519,0.10005985200405121,3.116363700428337e-08,0.014474493451416492,0.0016088400734588504
8933-LmGz2Hp34l0_12_3_label_fake.npz,Fake,Deepfake,0.4142695441842079,0.2699149549007416,0.5114144086837769,0.39905375242233276,0.021177269518375397,0.869787335395813
21573-1xWUAi4M_Dw_87_1_label_fake.npz,Fake,Real,0.032156989502242085,0.07681017369031906,0.06511817127466202,1.239816782572234e-08,0.014381363056600094,0.00447522709146142
041_abf5c9cb-tPn6xxmCPxw_30_1_label_fake.npz,Fake,Real,0.2213452350348507,0.5652160048484802,0.45533907413482666,1.3626717755479273e-13,0.021312160417437553,0.06485893577337265
07621.png_tVY44gQSFOA_4_2_label_fake.npz,Fake,Real,0.07150870636114404,0.16213087737560272,0.04695276543498039,4.4325144683138307e-13,0.14141376316547394,0.007046125829219818
O0nL5vRlcfk_149_10_label_real.npz,Real,Real,0.04621721133894715,0.1381351202726364,0.023807641118764877,1.5248500379039243e-11,0.05224578082561493,0.01689751446247101
Im_ghczQEPw_52_1--14019-GgCnpDg0jwc_73_1_label_fake.npz,Fake,Real,0.24901744723320007,0.3152598738670349,0.019069019705057144,0.844034731388092,0.021018940955400467,0.0457046702504158
OprPPstAfSg_15_46--O6WbFpXUI0E_376_1_252_label_fake.npz,Fake,Real,0.08433470129966736,0.13150431215763092,0.008498407900333405,0.19945740699768066,0.03776966407895088,0.04444371536374092
15852-Fjbz-Rzmzxw_57_2_label_fake.npz,Fake,Real,0.33360974416136746,0.7091379165649414,0.06110429763793945,0.04133453220129013,0.05345531180500984,0.8030166625976562
23126-MOBGaVJH54A_86_1_label_fake.npz,Fake,Real,0.2685599964112043,0.2868640422821045,0.09001720696687698,0.6783114075660706,0.017308754846453667,0.270298570394516
27298-mXDi_C0yb6A_97_1_label_fake.npz,Fake,Deepfake,0.4140947408974171,0.21020184457302094,0.7843061685562134,0.9919366836547852,0.026533454656600952,0.05749555304646492
020_45c8d790_8HCQWjytx_I_177_3_label_fake.npz,Fake,Real,0.03907084677043642,0.10106005519628525,0.044483743607997894,1.6188774765169e-08,0.020342547446489334,0.02946787141263485
055_14a5e7bc.jpg_E7lIbmnQqgU_23_1_label_fake.npz,Fake,Real,0.04561859877139795,0.08046045899391174,0.11260079592466354,7.732051017228514e-05,0.02276448905467987,0.012189929373562336
25714-awNrju1X3zc_21_2_label_fake.npz,Fake,Real,0.031231629664528013,0.08504762500524521,0.0049153706058859825,1.1561504358048591e-11,0.022986669093370438,0.04320848360657692
12267-tBI3e4--8Kk_65_1_label_fake.npz,Fake,Real,0.14670843707691106,0.32843679189682007,0.05830181762576103,1.0780849823976979e-10,0.12671895325183868,0.22008462250232697
9DTxDmLwFb8_828_1--cZ_DoJj9PXQ_86_1_6_label_fake.npz,Fake,Real,0.04980076107624579,0.10299840569496155,0.07449645549058914,1.6110182632367298e-10,0.01840180531144142,0.053107138723134995
24987-3U4D77IB-j8_78_1_label_fake.npz,Fake,Real,0.14104912243794662,0.21022441983222961,0.29228851199150085,5.593452675860255e-13,0.019248364493250847,0.18348431587219238
SoI9-PP5Tmk_113_1_label_real.npz,Real,Real,0.18812941947692818,0.15367691218852997,0.0120251988992095,1.4443517670770234e-07,0.609906792640686,0.16503804922103882
168_J-vYXU4vqcY_12_1_audio_short_512x512_1_0557_withaudio_label_fake.npz,Fake,Real,0.25526043227873746,0.07049181312322617,0.1899530440568924,0.9948707818984985,0.017437169328331947,0.0035493529867380857
12306-cbtkoZUOR1A_62_1_label_fake.npz,Fake,Real,0.21842382525419454,0.2172812521457672,0.8057068586349487,9.91548859019531e-07,0.025731226429343224,0.04339879751205444
14661-6cKTSj4a8bQ_138_4_label_fake.npz,Fake,Real,0.23650176823139193,0.12599124014377594,0.08093218505382538,0.9050669074058533,0.032259732484817505,0.03825877606868744
jyXGeTx0ttw_16_24_label_real.npz,Real,Real,0.31090545996339647,0.3299201428890228,0.3604380786418915,8.302147762151435e-06,0.46350160241127014,0.4006591737270355
17515_53GIoeOAam4_1_4_label_fake.npz,Fake,Real,0.04392086621383484,0.08943722397089005,0.06451922655105591,3.166544715327291e-08,0.054163858294487,0.011483990587294102
52189.png_SzhK7Q-pY0U_1_6_label_fake.npz,Fake,Real,0.024454820529870122,0.0844411626458168,0.017141886055469513,6.218397324841973e-12,0.010575816035270691,0.010115237906575203
20263-XgpdInYDs-U_59_5_label_fake.npz,Fake,Real,0.16592945016729105,0.28224846720695496,0.08843265473842621,4.879172976757218e-08,0.048490259796381,0.41047582030296326
N-1-cKLUvjg_82_3_25fps--27530_PHMafVnjks8_0_2_25fps_label_fake.npz,Fake,Real,0.24697323972006432,0.79242342710495,0.16251882910728455,4.480178728005768e-10,0.033033113926649094,0.2468908280134201
sr3AvToIzJo_85_3_label_real.npz,Real,Real,0.1281724255130863,0.09974342584609985,0.4964696764945984,1.0975289121972764e-08,0.02481865882873535,0.019830355420708656
065_db7b31f5-HxK1gx2jKVU_1080p_18_1_label_fake.npz,Fake,Real,0.29676672680434424,0.41248026490211487,0.022689761593937874,5.0878810725407675e-05,0.06972642242908478,0.9788863062858582
TkkHKU_lLqU_37_1_737_label_fake.npz,Fake,Real,0.025252695856033826,0.07035304605960846,0.04216514527797699,0.00017273057892452925,0.00997970625758171,0.0035928511060774326
6xWbT6xIeaM_646_1_label_real.npz,Real,Real,0.08297489569171718,0.12045814096927643,0.03632986545562744,2.9730719575127296e-07,0.041107550263404846,0.21697862446308136
nBVWOmPTk-4_82_1--JocHmkWdf3A_46_1_198_label_fake.npz,Fake,Real,0.026431821859037277,0.07907945662736893,0.014971326105296612,3.793117375749944e-09,0.022672036662697792,0.015436286106705666
PqumaD82tcI_384_3_label_real.npz,Real,Real,0.33256197433586865,0.46250414848327637,0.03763444349169731,3.991482628862286e-07,0.40434756875038147,0.7583233118057251
W8ndzcz359Q_14_22_label_fake.npz,Fake,Real,0.023558516526094312,0.06696414202451706,0.026538928970694542,4.018911283765192e-07,0.010790287517011166,0.0134988222271204
50005.png_QBFIR4ehjNk_6_2_label_fake.npz,Fake,Real,0.31911157444119453,0.08279635012149811,0.3766718804836273,0.9999880790710449,0.05462458357214928,0.08147697895765305
088_1229c0dd_p6na9crjELc_146_1_label_fake.npz,Fake,Real,0.26860678549855943,0.06898985803127289,0.07584592700004578,0.5283649563789368,0.6616699695587158,0.008163216523826122
A0COLvfTyjc_69_1_label_real.npz,Real,Real,0.33513350901978356,0.3369438946247101,0.6911270618438721,8.403250149058294e-07,0.1408160775899887,0.506779670715332
180_9X-SE-3CPw4_2745_1-batch-2025-02-03-22-17-41-30_label_fake.npz,Fake,Real,0.07438300158828498,0.15303118526935577,0.059492483735084534,2.1450236002810574e-20,0.014825324527919292,0.14456601440906525
HUqaEI0dweE_57_4_label_real.npz,Real,Real,0.07316469810903073,0.18782219290733337,0.01624363288283348,0.0009523499757051468,0.1063578650355339,0.05444744974374771
11862_I5oeY5O5oJI_53_8_label_fake.npz,Fake,Deepfake,0.3916666202712804,0.06561636179685593,0.8946448564529419,0.9839062094688416,0.010845833458006382,0.0033198401797562838
35491-BGVI996xDLY_208_1_label_fake.npz,Fake,Deepfake,0.37433813972553276,0.7359885573387146,0.020467838272452354,3.232462475466491e-08,0.18357034027576447,0.9316639304161072
Ip7cs1D5tTQ_1_7_label_real.npz,Real,Real,0.10987112038421971,0.08753687143325806,0.3814745247364044,2.922326963750166e-11,0.013736499473452568,0.06660770624876022
03736.png_6aNWSCTS284_6_1_label_fake.npz,Fake,Real,0.16396503299474716,0.7054079174995422,0.03405052423477173,0.005918001756072044,0.043777190148830414,0.030671531334519386
24715-fAh51cqF86I_14_1_label_fake.npz,Fake,Real,0.28427295833826066,0.2395496368408203,0.2821038067340851,0.24924524128437042,0.03194572776556015,0.6185203790664673
17588-AbpNlshqtJc_160_1_label_fake.npz,Fake,Deepfake,0.5081555411219597,0.758938729763031,0.7848157286643982,0.03386290371417999,0.053675003349781036,0.9094853401184082
055_9508128d_e0GahnJx-Sc_153_1_label_fake.npz,Fake,Real,0.2818997532129288,0.27297621965408325,0.3997868597507477,0.2539227306842804,0.20106126368045807,0.28175169229507446
u-X671JqQWA_118_38_label_real.npz,Real,Real,0.2906341760762189,0.4335002899169922,0.04155345633625984,1.3966896403871942e-06,0.1514265537261963,0.8266891837120056
24430-M-3HEJpdx2I_103_3_label_fake.npz,Fake,Real,0.05216888972208836,0.08800847083330154,0.07585646957159042,0.00014646913041360676,0.034727104008197784,0.0621059350669384
11155-O1JxQ9OyJRQ_115_1_label_fake.npz,Fake,Real,0.03534383466467262,0.08617066591978073,0.03628155216574669,0.006635669153183699,0.019629130139946938,0.02800215594470501
13208-LmGz2Hp34l0_11_1_label_fake.npz,Fake,Real,0.021656993764918295,0.06653092056512833,0.01073827687650919,7.665617158636451e-05,0.02550923265516758,0.0054298825562000275
27241-J-vYXU4vqcY_5_6_label_fake.npz,Fake,Real,0.054507260402408525,0.04744310677051544,0.18506617844104767,4.333315928306547e-08,0.033282503485679626,0.006744469981640577
18500_6IXtQx8SwBE_44_1_label_fake.npz,Fake,Real,0.02539708577387501,0.0716184601187706,0.021546142175793648,0.0001355763670289889,0.02405516617000103,0.009630084037780762
9DTxDmLwFb8_1077_4_label_real.npz,Real,Real,0.040782653752665966,0.08208601921796799,0.05648910626769066,3.512387536375172e-07,0.04886145889759064,0.016476333141326904
9238-2Ny5UJLpoxg_22_2_label_fake.npz,Fake,Real,0.03157825032249093,0.06398116052150726,0.05588196590542793,0.0003472329117357731,0.021311046555638313,0.01636984571814537
62116_DwbAW8G-57A_90_1_audio_short_512x512_1_0944_withaudio_label_fake.npz,Fake,Real,0.08903304906564431,0.08257099241018295,0.08430182933807373,1.2303625186813744e-13,0.27360302209854126,0.004689401481300592
8566-IIT29JDuMXs_66_1_label_fake.npz,Fake,Real,0.2757258761674166,0.15533943474292755,0.04347521439194679,0.9940224289894104,0.026313966140151024,0.1594783365726471
zBJP1v24Llk_69_1_label_real.npz,Real,Real,0.10405710368895599,0.07502629607915878,0.37989020347595215,4.315819296607515e-06,0.058447208255529404,0.006917494814842939
WtkgtlyruWE_16_1--J_ComKnl1hk_9_1_510_label_fake.npz,Fake,Real,0.03368964015959648,0.10765912383794785,0.006284965667873621,1.265428437591254e-07,0.027278084307909012,0.027225900441408157
wf32v1liDSQ_120_1_label_real.npz,Real,Deepfake,0.47794021234731193,0.6789206862449646,0.5579065680503845,0.00037547279498539865,0.32133498787879944,0.8311633467674255
28623_eWj2-6q2ybk_32_1_label_fake.npz,Fake,Real,0.018781619967717236,0.07148841768503189,0.0026209820061922073,1.2497501984398696e-06,0.015237019397318363,0.004560430999845266
343_MxlocFNdoXg_720_1-batch-2025-02-03-22-17-41-13_label_fake.npz,Fake,Real,0.1412300064464329,0.07302629202604294,0.5926076769828796,2.5729297803422924e-08,0.010462746024131775,0.030053291469812393
uF_iBsuUjrg_8_14_label_real.npz,Real,Real,0.23310397583409215,0.172779843211174,0.6203702092170715,0.0001354077539872378,0.2949020266532898,0.07733239233493805
067_ee6435dc.jpg_PHMafVnjks8_53_1_label_fake.npz,Fake,Real,0.06114414148528541,0.07423298805952072,0.2174157202243805,2.479375732500344e-11,0.009688765741884708,0.00438323337584734
409_E1R1P_NyvF8_47_1_audio_short_512x512_1_1652_withaudio_label_fake.npz,Fake,Real,0.02279158167075366,0.062198229134082794,0.027078300714492798,0.0001432568533346057,0.01735772378742695,0.007180397864431143
278_pNogULi28gs_118_1_audio_short_512x512_1_0933_withaudio_label_fake.npz,Fake,Real,0.0669183130376041,0.07250143587589264,0.06452199071645737,0.16340765357017517,0.02917655184864998,0.004983933176845312
MOBGaVJH54A_162_7--13849-lSCTGJbObOg_342_2_label_fake.npz,Fake,Real,0.09489397538886805,0.36862239241600037,0.055259156972169876,1.7062791357602691e-06,0.03864976763725281,0.011936853639781475
DwbAW8G-57A_32_1_label_real.npz,Real,Real,0.0640831757336855,0.08381260186433792,0.08330947160720825,0.09398435056209564,0.025341691449284554,0.0339677631855011
13782-F1D_L94WDJk_38_2_label_fake.npz,Fake,Real,0.14945581834763288,0.11057078838348389,0.005294210277497768,0.5553128719329834,0.02089930698275566,0.05520191416144371
trimmed_dNCH3eXEwB4_670_2--365_OprPPstAfSg_43_8_25fps_25fps_label_fake.npz,Fake,Real,0.2679711221251637,0.44650551676750183,0.2248922735452652,0.0005971335340291262,0.13044804334640503,0.5374126434326172
21410-94hlY3KiRjs_91_1_label_fake.npz,Fake,Real,0.10178665103740059,0.18825191259384155,0.07487674057483673,0.0001729072246234864,0.07209974527359009,0.17353194952011108
302_VifDzyPgBNg_0_5-batch-2025-02-04-10-00-57-113_label_fake.npz,Fake,Real,0.025116475863882215,0.06903805583715439,0.04400953650474548,3.0298423325803014e-08,0.009723677299916744,0.002811079379171133
mXDi_C0yb6A_8_2--22832-J-vYXU4vqcY_5_6_label_fake.npz,Fake,Real,0.24300018813185037,0.5777012705802917,0.23132707178592682,1.7526110696053365e-07,0.020016999915242195,0.38595542311668396
29578-_cPj3b9BDPI_6_1_label_fake.npz,Fake,Real,0.17993299619306313,0.10730886459350586,0.7518319487571716,1.537262650508353e-09,0.024320976808667183,0.01620318926870823
26557-cHjvhDTfItA_127_4_label_fake.npz,Fake,Real,0.0326258260756731,0.09682019054889679,0.01073097437620163,0.009071212261915207,0.030182791873812675,0.016323961317539215
5324-o3KMJLxjdoM_9_4_label_fake.npz,Fake,Real,0.013761935438390084,0.05441584438085556,0.0021908371709287167,8.030766025513003e-07,0.009075482375919819,0.0031267101876437664
39_ISBxZXSDgWE_85_2_audio_short_512x512_1_1652_withaudio_label_fake.npz,Fake,Real,0.030492211651289836,0.0711389109492302,0.05969492718577385,9.545686771161854e-05,0.0177664402872324,0.0037653229665011168
20788-WowrvQ9h9ao_41_1_label_fake.npz,Fake,Real,0.022033006357014665,0.07270266860723495,0.021240226924419403,2.0208978934732613e-09,0.010255370289087296,0.005966763943433762
8529_d2om_PGtwWY_30_1_label_fake.npz,Fake,Real,0.12458312190137806,0.07513149827718735,0.11066823452711105,0.42609935998916626,0.008599995635449886,0.0024165210779756308
014_bbe9116e.jpg_hR6MLH3vp80_1080p_140_1_label_fake.npz,Fake,Real,0.12754841904388742,0.3805786669254303,0.024746015667915344,0.0003187419497407973,0.020212190225720406,0.2118864804506302
28043.png_hdS30nnhNZo_3_5_label_fake.npz,Fake,Real,0.026243156078999165,0.09849824011325836,0.001639177673496306,3.4391450753901154e-06,0.018407871946692467,0.012667051516473293
aEM1s9Saa-g_80_1_label_real.npz,Real,Real,0.04699747155675071,0.0902678370475769,0.10502602159976959,1.524277926101547e-10,0.020459789782762527,0.019233709201216698
012_12d61e14-1P9nl9tBK38_47_2_label_fake.npz,Fake,Real,0.20520580933579094,0.20029540359973907,0.18854056298732758,5.405578415440537e-11,0.053142961114645004,0.5840501189231873
19645-T-vVO3nRFzI_92_3_label_fake.npz,Fake,Real,0.19258560910820963,0.3129613697528839,0.16034150123596191,0.04216859117150307,0.14929403364658356,0.2981625497341156
13_nBVWOmPTk-4_44_4_512x512_1_0533_withaudio_label_fake.npz,Fake,Real,0.020913087471490146,0.07666973769664764,0.004913337528705597,2.433493318676483e-05,0.014618904329836369,0.008339122869074345
mHii80xikXs_2463_2_label_real.npz,Real,Real,0.12475050767734501,0.3900207579135895,0.0024555178824812174,5.152115591045003e-06,0.13135381042957306,0.09991730004549026
14458-Lqg5fiwIQso_15_1_label_fake.npz,Fake,Real,0.09550967440009119,0.06288785487413406,0.01757614128291607,0.3364240527153015,0.021809140220284462,0.03885118290781975
u-X671JqQWA_142_11_label_real.npz,Real,Deepfake,0.5105238834195915,0.5340469479560852,0.156476691365242,2.2833135517430492e-05,0.9432336688041687,0.9188392758369446
094_664a03cd.jpg_zr6OpxBh5DA_92_2_label_fake.npz,Fake,Real,0.07949152048677206,0.06977885216474533,0.30460378527641296,0.008533588610589504,0.008845849893987179,0.005695526488125324
06888_5xBpkc7-w3A_30_2_audio_short_512x512_1_0732_withaudio_label_fake.npz,Fake,Real,0.1727710827952251,0.07726792991161346,0.16601958870887756,0.6028701663017273,0.016400279477238655,0.0012974495766684413
28736-EcjY1r34cBE_57_2_label_fake.npz,Fake,Real,0.041991984163382776,0.08762487024068832,0.06578309088945389,1.2650572216443834e-06,0.03979986160993576,0.01675083301961422
411_VM4P9yV4rTA_218_14_512x512_1_0112_withaudio_label_fake.npz,Fake,Real,0.027660149335861202,0.07596128433942795,0.039283495396375656,0.005480332300066948,0.014488913118839264,0.0030867215245962143
GwFRoh3zBYs_39_1--18057-o3KMJLxjdoM_60_4_label_fake.npz,Fake,Real,0.30876149572432043,0.2653014063835144,0.0022093746811151505,0.9994544386863708,0.07325167208909988,0.20359058678150177
152_nBVWOmPTk-4_96_2_512x512_1_0533_withaudio_label_fake.npz,Fake,Real,0.020568966410026274,0.07241379469633102,0.0015024342574179173,5.074004411076416e-11,0.021808071061968803,0.0071205319836735725
mu11jOqHkrQ_1_1_label_real.npz,Real,Real,0.07240359344114324,0.08343634009361267,0.25437086820602417,7.397331103220495e-08,0.014289979822933674,0.009920705109834671
543mYKKh1EE_44_1--24311-BJr-6o-eYLc_76_1_label_fake.npz,Fake,Real,0.22980415207302943,0.4503118097782135,0.00035367655800655484,3.3841802178358193e-06,0.22718605399131775,0.47116583585739136
054_5e6a651d-rMrG-WhVhow_153_5_label_fake.npz,Fake,Real,0.244537540525198,0.14582853019237518,0.13123899698257446,0.0007673464715480804,0.3421626687049866,0.6026901602745056
24744-C95B9sgbmOc_16_1_label_fake.npz,Fake,Real,0.020394533860962835,0.0700446143746376,0.0020354134030640125,0.0009437226108275354,0.019278250634670258,0.00967066828161478
04PmEJaYKd0_24_1--12865-GgCnpDg0jwc_40_1_label_fake.npz,Fake,Real,0.17363974088802936,0.39993852376937866,0.061116527765989304,0.002818938810378313,0.043780986219644547,0.36054372787475586
13328-Fjkw9vYDukg_15_2_label_fake.npz,Fake,Deepfake,0.4113358928705566,0.16608554124832153,0.00733807310461998,0.0006464826292358339,0.8996312618255615,0.982978105545044
282_fD2q4CcqU0w_37_1_label_fake.npz,Fake,Real,0.020633017552540798,0.06801923364400864,0.01274096965789795,6.934491609406068e-12,0.015458627603948116,0.006946256849914789
238_j-SnQH4ewHU_106_5_512x512_1_0533_withaudio_label_fake.npz,Fake,Real,0.009553883443322775,0.03171507269144058,0.0037007417995482683,5.086637884232914e-07,0.009861615486443043,0.0024914785753935575
093_dc555290-D56tKWtAMbw_815_1_label_fake.npz,Fake,Deepfake,0.4408064411019951,0.8142384886741638,0.02521330863237381,6.750690772605594e-06,0.42569005489349365,0.9388836026191711
075_4c504eec_e0GahnJx-Sc_147_1_label_fake.npz,Fake,Real,0.12178543396294117,0.08655498176813126,0.413092702627182,0.08041738718748093,0.01597513258457184,0.01288696564733982
qtUvdylaUoY_3_1_217_label_fake.npz,Fake,Real,0.023056913323739537,0.06747176498174667,0.025156933814287186,1.7744863498592167e-06,0.016881365329027176,0.005772728007286787
28970-3U4D77IB-j8_105_2_label_fake.npz,Fake,Real,0.13103907275944948,0.18953298032283783,0.137668639421463,0.002026730217039585,0.052306920289993286,0.2736600935459137
_uUskajC1Ps_66_1--22236-ADTwFvHACE4_18_1_label_fake.npz,Fake,Real,0.026904739981697134,0.08931802958250046,0.003206281689926982,1.499112917136003e-10,0.01851971261203289,0.023479675874114037
CeUoS2T2hhc_145_1--4775-y_wqp9PJHYo_87_1_label_fake.npz,Fake,Real,0.21447118371725085,0.43358367681503296,0.38513830304145813,0.14920194447040558,0.019572913646697998,0.08485908061265945
19493-Uk6sPnRL0WQ_77_3_label_fake.npz,Fake,Real,0.1631072020300394,0.1267460286617279,0.44837766885757446,1.2952494898854638e-07,0.03148216754198074,0.20893001556396484
13208-I5oeY5O5oJI_34_3_label_fake.npz,Fake,Real,0.13879893203493338,0.06606870889663696,0.5945655107498169,2.5818703761615325e-06,0.02781170979142189,0.005546148866415024
8tD-YwT4oAg_106_4_label_real.npz,Real,Real,0.218010999080434,0.07915618270635605,0.9770970940589905,0.00011886751599377021,0.017123034223914146,0.016559816896915436
25264_9pQuS1hCm04_4_25_audio_short_512x512_1_1652_withaudio_label_fake.npz,Fake,Real,0.02548619788623364,0.07094737142324448,0.022849107161164284,2.4165282622168327e-11,0.029561538249254227,0.004072972573339939
279_YGIhb_a29d0_1080p_777_1_512x512_1_1803_withaudio_label_fake.npz,Fake,Real,0.021398749021432194,0.07424401491880417,0.021287966519594193,1.6319360156558105e-06,0.008634833618998528,0.002825298113748431
488_KDujlRUGYho_9_1_label_fake.npz,Fake,Real,0.1269102289030049,0.07716193050146103,0.5449482202529907,2.172635849007065e-09,0.009197055362164974,0.003243936225771904
19734-nlrjxL_frmk_100_1_label_fake.npz,Fake,Real,0.14560925175364903,0.0748448371887207,0.6036264896392822,3.6525038922263775e-06,0.015980344265699387,0.03359093517065048
11947-Fjkw9vYDukg_16_1_label_fake.npz,Fake,Real,0.11065850864397361,0.12666486203670502,0.0007483740919269621,0.03855597600340843,0.04253877326846123,0.34478455781936646
5287-euQ1VaiXRoQ_60_2_label_fake.npz,Fake,Real,0.1595077140393869,0.18349887430667877,0.00123454793356359,1.1672485697999946e-06,0.13745854794979095,0.4753454327583313
26056-BJr-6o-eYLc_0_2_label_fake.npz,Fake,Real,0.02129786028526724,0.0676351934671402,0.014795294031500816,0.009646931663155556,0.011473674327135086,0.0029382079374045134
411_De5FGogMWzQ_110_3_512x512_1_1803_withaudio_label_fake.npz,Fake,Real,0.05891532441601158,0.07706070691347122,0.027429817244410515,0.17586283385753632,0.011182279326021671,0.0030409847386181355
191_6b48d25b.jpg_Vz-kJATn87E_1080p_88_9_label_fake.npz,Fake,Real,0.06437691124156118,0.20636394619941711,0.021284013986587524,0.0010742382146418095,0.034374039620161057,0.05878831818699837
02859_IQ5UpoJDSzU_audio_1_label_fake.npz,Fake,Real,0.11086011379957199,0.06820189207792282,0.011796810664236546,0.4548543691635132,0.015158857218921185,0.00428863987326622
MxlocFNdoXg_166_5_label_real.npz,Real,Real,0.20977148301899437,0.11694035679101944,0.013330339454114437,0.8721935153007507,0.03196072205901146,0.014432481490075588
15511-TalBZ9_fmQk_41_2_label_fake.npz,Fake,Real,0.029615855586598627,0.06552312523126602,0.034748625010252,0.00012918560241814703,0.01817009039223194,0.029508251696825027
14826-p3XJSlgo1_M_103_1_label_fake.npz,Fake,Real,0.21973703047260643,0.07616987079381943,0.005366301164031029,0.999997615814209,0.012227463535964489,0.004923901055008173
wtCogf-htV0_59_1_label_real.npz,Real,Real,0.34677135303209067,0.5484229326248169,0.2683451175689697,3.4896263969130814e-05,0.370540976524353,0.5465128421783447
12627-Lv39BhZJ2mg_73_7_label_fake.npz,Fake,Deepfake,0.37883343509984113,0.6315475702285767,0.14849089086055756,2.5387680580024607e-06,0.48261770606040955,0.631508469581604
15693_O1JxQ9OyJRQ_1_2_label_fake.npz,Fake,Real,0.029959463730797612,0.07325120270252228,0.055353257805109024,1.188943556940103e-07,0.01631437987089157,0.004878359381109476
19294_UEjGEXAndzY_42_2_label_fake.npz,Fake,Real,0.12390350485220551,0.0873739942908287,0.006428778637200594,0.020029550418257713,0.4807795584201813,0.024905642494559288
16720-KNEGWrD08f8_138_1_label_fake.npz,Fake,Real,0.2117201041430235,0.07548139989376068,0.9215661883354187,0.020842431113123894,0.016471514478325844,0.024238986894488335
sba-i5-e3WY_928_3--I5SwIyy5pMk_48_1_39_label_fake.npz,Fake,Real,0.19321433860459364,0.4612942934036255,0.23483535647392273,3.828274202533066e-05,0.060384269803762436,0.20951949059963226
492_78p4J0EEepU_6_2-batch-2025-02-05-13-35-36-54_label_fake.npz,Fake,Real,0.1638547951450164,0.08095037192106247,0.7215719819068909,4.9314974603476e-05,0.011661152355372906,0.005041154567152262
KKeGv-ny-kY_28_6_label_real.npz,Real,Deepfake,0.5486762166023255,0.8006414771080017,0.35543954372406006,0.7635871171951294,0.17312830686569214,0.6505846381187439
401_Ll8xGtwvH84_375_2_512x512_1_0533_withaudio_label_fake.npz,Fake,Real,0.021252535523650026,0.07257812470197678,0.015078162774443626,2.6909993677826094e-10,0.014621103182435036,0.003985286690294743
389_u-X671JqQWA_105_78_512x512_1_1803_withaudio_label_fake.npz,Fake,Real,0.040587027394212785,0.06859322637319565,0.08669804781675339,0.0005724650109186769,0.04234764724969864,0.0047237505204975605
182_8tD-YwT4oAg_322_2_label_fake.npz,Fake,Real,0.22285112268982632,0.07333160936832428,0.9774790406227112,2.6506639187573455e-05,0.05851883813738823,0.004899618681520224
20149_0-kY_RQxuc0_147_1_label_fake.npz,Fake,Real,0.2233370689675212,0.08898214250802994,0.011181703768670559,0.9995518326759338,0.011216073296964169,0.00575359258800745
lXXCH-gBGzI_104_21_25fps--394_E7lIbmnQqgU_250_2_25fps_label_fake.npz,Fake,Deepfake,0.41130222976423664,0.7425536513328552,0.07841764390468597,1.0796463549567203e-11,0.6271609663963318,0.6083788871765137
X-xPVn_ISwo_32_label_fake.npz,Fake,Real,0.052611755034383104,0.10286765545606613,0.12778246402740479,6.733320151441902e-11,0.018297338858246803,0.01411131676286459
12682-cbtkoZUOR1A_112_7_label_fake.npz,Fake,Real,0.26442162120355306,0.14994637668132782,0.09726980328559875,2.3961132455951883e-07,0.9119465947151184,0.16294509172439575
422_5l1PmijHT5o_21_1_512x512_1_0533_withaudio_label_fake.npz,Fake,Real,0.03179306670033384,0.07437419146299362,0.06052921339869499,1.6020115936044022e-06,0.013787814415991306,0.010272512212395668
sgHHRVH0NFo_24_5--23884-8KovXKo3DL4_90_1_label_fake.npz,Fake,Real,0.2877785742282868,0.6380596160888672,0.17656633257865906,6.221400122857271e-23,0.1392790675163269,0.48498785495758057
47_VifDzyPgBNg_0_5-batch-2025-02-04-10-00-57-157_label_fake.npz,Fake,Real,0.02551170332034758,0.07098068296909332,0.04400953650474548,3.0298423325803014e-08,0.008899200707674026,0.003669066121801734
jV2pjBg0srU_123_12_label_real.npz,Real,Real,0.22756679061858448,0.36328521370887756,0.014020669274032116,0.00017970539920497686,0.647960364818573,0.1123879998922348
026_e5342024.jpg_eItLUO9eyno_2_1_label_fake.npz,Fake,Real,0.06865338822462946,0.282203733921051,0.010563772171735764,3.069218291784637e-05,0.02846609801054001,0.02200264483690262
12754-mXDi_C0yb6A_72_1_label_fake.npz,Fake,Real,0.2556687034666539,0.07286423444747925,0.18735021352767944,0.9973700046539307,0.01143620628863573,0.009322858415544033
SzhK7Q-pY0U_1_113--9ztkB7gr8po_6_9_253_label_fake.npz,Fake,Real,0.02370909025539558,0.08769562095403671,0.006097775883972645,7.547940050756097e-11,0.013212957419455051,0.0115390969440341
23868-YL5mJAGGsjY_71_1_label_fake.npz,Fake,Real,0.31227570846676833,0.15283827483654022,0.3560423254966736,0.9989707469940186,0.013745725154876709,0.039781469851732254
tVY44gQSFOA_0_4_label_real.npz,Real,Real,0.24141389913856987,0.24318157136440277,0.0440017431974411,1.0913380528348463e-18,0.8995228409767151,0.0203633401542902
25171_I5oeY5O5oJI_31_13_label_fake.npz,Fake,Real,0.26009301817975944,0.06376758962869644,0.21605917811393738,0.9999940395355225,0.018321730196475983,0.002322553424164653
PmI4qnTpL0E_241_44--04230_vBYZtQTbLBo_audio_3_182_label_fake.npz,Fake,Real,0.304599142092583,0.6433834433555603,0.039038121700286865,8.998996686715444e-11,0.38141733407974243,0.4591568112373352
21292_NduDs59WZqU_72_3_label_fake.npz,Fake,Real,0.08401128631207412,0.06900513172149658,0.010997258126735687,6.1126915161524575e-12,0.3328448235988617,0.007209218107163906
dMfH7JbxZdY_1_1_label_real.npz,Real,Real,0.0725526424284908,0.07142958790063858,0.23203900456428528,8.997376426123083e-07,0.04417751729488373,0.015116202645003796
985_d2om_PGtwWY_10_1_label_fake.npz,Fake,Real,0.06654363264897256,0.07645054161548615,0.23483535647392273,6.0855858464492485e-05,0.013357291929423809,0.008014117367565632
020_cce4e0e0-28Z-aq2wk60_125_6_label_fake.npz,Fake,Deepfake,0.38333583474159244,0.48288223147392273,0.14663895964622498,0.5692172646522522,0.2564219832420349,0.4615187346935272
39827_BJr-6o-eYLc_29_1_audio_short_512x512_1_0944_withaudio_label_fake.npz,Fake,Real,0.030608270363882185,0.07247685641050339,0.006033528130501509,0.0005773978773504496,0.06870494037866592,0.00524862902238965
VALyeyRDH1Q_64_6_label_real.npz,Real,Real,0.10985895696569231,0.2433084100484848,0.0027667575050145388,7.909294197361305e-08,0.030561339110136032,0.27265819907188416
22184_lSCTGJbObOg_0_1_label_fake.npz,Fake,Real,0.04659900004044175,0.06996991485357285,0.13739705085754395,0.006228082347661257,0.010919825173914433,0.008480126969516277
29714-QvTs7W732ZQ_15_2_label_fake.npz,Fake,Real,0.021198222506820644,0.07329374551773071,0.0024720621295273304,1.4644675175225913e-13,0.01111304759979248,0.019112257286906242
24623-pSdCFzplNME_79_1_label_fake.npz,Fake,Real,0.02627013754101618,0.07039999216794968,0.03935444355010986,1.0050356272044147e-13,0.011631760746240616,0.009964491240680218
34_3NYH-zyIfZY_1_1_audio_short_512x512_1_0933_withaudio_label_fake.npz,Fake,Real,0.04102120339401268,0.07139493525028229,0.10286594182252884,3.490362416869175e-07,0.02038273587822914,0.01046205498278141
26802-SWHweN9WlkU_76_4_label_fake.npz,Fake,Real,0.32620578771457076,0.06560629606246948,0.43896326422691345,0.9999985694885254,0.11974132806062698,0.006719480734318495
9DTxDmLwFb8_1260_17_label_real.npz,Real,Real,0.2708069846034051,0.3129790425300598,0.1076679453253746,3.3676711787806817e-16,0.6354588270187378,0.2979291081428528
073_2880f59c_gSXvXgjlnnw_50_1_label_fake.npz,Fake,Real,0.05144530292712376,0.12560229003429413,0.027850398793816566,3.119986615729431e-07,0.09634970128536224,0.00742381252348423
eWj2-6q2ybk_254_2_label_real.npz,Real,Real,0.018515733965664437,0.06754904985427856,0.01293698139488697,7.268932122883598e-09,0.009870163165032864,0.0022224681451916695
498_tStxmy972vw_9_5-batch-2025-02-05-13-35-36-120_label_fake.npz,Fake,Real,0.057977966422004104,0.12170987576246262,0.08675678819417953,9.309117558586877e-06,0.007687182631343603,0.07372667640447617
076_66977623_Yhp6bu6frjU_271_24_label_fake.npz,Fake,Real,0.24196543451398614,0.07452058047056198,0.027553532272577286,0.9917047023773193,0.10442446917295456,0.011623888276517391
083_16b5e7ab_MxlocFNdoXg_720_1-batch-2025-02-10-11-34-42-65_label_fake.npz,Fake,Real,0.1405357067795105,0.08103818446397781,0.5804215669631958,1.9253048932910133e-08,0.010860741138458252,0.030358022078871727
422_QoCpSP81vns_audio_3_label_fake.npz,Fake,Real,0.11011325195481471,0.1089806780219078,0.364566832780838,2.488095883837471e-12,0.03246695175766945,0.0445517972111702
rxLBonV9-4Y_77_1--18004-o3KMJLxjdoM_42_1_label_fake.npz,Fake,Real,0.27462275288999083,0.2457788586616516,0.02053152211010456,0.994141161441803,0.03535972908139229,0.0773024931550026
455_reaup7qkEfk_41_4_audio_short_512x512_1_0557_withaudio_label_fake.npz,Fake,Real,0.03879800235025641,0.07813169807195663,0.0754348412156105,8.834112463773636e-07,0.03440111130475998,0.006021477747708559
13801-aE-eKPb6vhM_21_1_label_fake.npz,Fake,Real,0.045269498229026796,0.07769189774990082,0.06248411908745766,0.02213372476398945,0.013790914788842201,0.05024683475494385
SNHUu7YkNjA_1_5--13208-LmGz2Hp34l0_29_1_label_fake.npz,Fake,Real,0.1622232023626566,0.31159162521362305,0.06266219913959503,0.38766101002693176,0.02913755550980568,0.020063621923327446
093_8cb84a89.jpg_3yaIqVnHrv8_19_2_label_fake.npz,Fake,Real,0.01773573802615829,0.07096779346466064,0.0018375873332843184,1.0108258265972836e-06,0.01236706878989935,0.0035052297171205282
19544-WBMbPMPKaBM_1_2_label_fake.npz,Fake,Real,0.08834980763494968,0.1820058673620224,0.15368066728115082,0.001936623826622963,0.03520034998655319,0.06892552971839905
31978_gUGPeMAFZtA_8_1_audio_short_512x512_1_0944_withaudio_label_fake.npz,Fake,Real,0.021201471646782013,0.05208520591259003,0.015750069171190262,0.0008122098515741527,0.031244803220033646,0.006115070078521967
00909_SzhK7Q-pY0U_1_7_label_fake.npz,Fake,Real,0.02160704546987106,0.07288573682308197,0.013170219957828522,6.551987424829875e-11,0.013787317089736462,0.008191953413188457
760-yMK0bMaGZYI_32_1_label_fake.npz,Fake,Real,0.32757006213234535,0.4565422236919403,0.7166832685470581,8.27866247776754e-12,0.03770076856017113,0.42692404985427856
087_155f1f74.jpg_J_ComKnl1hk_6_28_label_fake.npz,Fake,Real,0.03006096558774516,0.10216661542654037,0.008052474819123745,5.969877292955061e-06,0.009597773663699627,0.030481994152069092
MFusQ6Jv5cE_209_1--gc8LE2PP3hM_243_14_284_label_fake.npz,Fake,Real,0.1903650334571694,0.4791293144226074,0.00543042179197073,9.948859087671735e-07,0.06432535499334335,0.4029390811920166
1280-bM1LXa68oxc_247_1_label_fake.npz,Fake,Real,0.31061231680214413,0.1975942999124527,0.12601085007190704,0.9636516571044922,0.027181485667824745,0.23862329125404358
22639-v4Y0FzwVMR8_17_1_label_fake.npz,Fake,Real,0.14585987641366954,0.2689942717552185,0.3321784734725952,2.3136608433560468e-05,0.030098697170615196,0.09800480306148529
NEEN8fSBuWI_283_1_label_real.npz,Real,Real,0.08420937912487715,0.14952723681926727,0.25497671961784363,6.14856617175974e-07,0.011185840703547001,0.00535648362711072
198-Du1SKO_ri4w_85_41_label_fake.npz,Fake,Deepfake,0.37165664477506655,0.487650603055954,0.3219775855541229,0.0003692529280669987,0.5404394865036011,0.5078462958335876
8308-4DNuopwIbbU_60_4_label_fake.npz,Fake,Real,0.06780683323740959,0.06485014408826828,0.23106352984905243,0.01189637091010809,0.021002866327762604,0.010221255011856556
109.png_PXdPmUJN6k0_74_47_label_fake.npz,Fake,Real,0.023142784445371944,0.07658197730779648,0.0010253902291879058,6.04833840043284e-05,0.014453068375587463,0.023593002930283546
26544-mRNCLRo9JAM_31_5_label_fake.npz,Fake,Real,0.22155785337090494,0.14738841354846954,0.5610440373420715,0.1968991756439209,0.037957850843667984,0.16449978947639465
TsQZOTSteK8_86_1--19418-ADTwFvHACE4_10_3_label_fake.npz,Fake,Real,0.2800540454718067,0.44100409746170044,0.01428920403122902,1.6189214899209325e-11,0.4732952415943146,0.4716816842556
1WuFbrHbnW8_94_5--1stTPtXYjuM_255_37_364_label_fake.npz,Fake,Real,0.03180587282404304,0.06606896221637726,0.02666633389890194,0.04256734251976013,0.016206029802560806,0.007520695682615042
088_29b6bf25.jpg_RQVdbZQrl2E_3_1_label_fake.npz,Fake,Real,0.08215493923635224,0.30203670263290405,0.03279364854097366,0.00018304356490261853,0.024550801143050194,0.05121050029993057
12645-ISBxZXSDgWE_46_4_label_fake.npz,Fake,Real,0.2332845180062577,0.24581897258758545,0.0016221714904531837,0.8381588459014893,0.020655615255236626,0.06016698479652405
3DdSiJB8Bo0_8_1--23067-PYRFxrLt30A_18_4_label_fake.npz,Fake,Deepfake,0.4170871233567595,0.6033804416656494,0.006011306308209896,0.9527173638343811,0.037795115262269974,0.48553138971328735
478_d5GTYm01vqA_312_4_512x512_1_0533_withaudio_label_fake.npz,Fake,Real,0.06674040307848408,0.0732000395655632,0.24515923857688904,1.390458415073681e-08,0.013207259587943554,0.002135463757440448
hdS30nnhNZo_6_9_label_real.npz,Real,Real,0.02384591690497473,0.0700516626238823,0.031948626041412354,9.76084265857935e-07,0.011983197182416916,0.005245122592896223
KENbRqWDpYM_16_2_label_real.npz,Real,Real,0.21171823648634402,0.1284935474395752,0.1586211621761322,8.805822737656399e-11,0.7558899521827698,0.015586520545184612
262_8tD-YwT4oAg_399_1_label_fake.npz,Fake,Real,0.21432694236755198,0.0695732980966568,0.9872690439224243,4.856055966229178e-06,0.010151874274015427,0.004635639488697052
020_3af33d4e.jpg_vebjQP6GXm0_219_1_label_fake.npz,Fake,Real,0.24615615233778954,0.258003294467926,0.03235248848795891,1.2359268691372253e-25,0.33999431133270264,0.6004306674003601
1249-y_wqp9PJHYo_0_2_label_fake.npz,Fake,Real,0.03580301814363338,0.1061253696680069,0.023654265329241753,3.7737219827249646e-05,0.01505330204963684,0.03414441645145416
10265-6cKTSj4a8bQ_196_1_label_fake.npz,Fake,Real,0.266406598687172,0.08175726234912872,0.1940690577030182,0.9962722063064575,0.011751342564821243,0.048183124512434006
009_23c94f29_P_stI11n2Sc_20_8_label_fake.npz,Fake,Deepfake,0.4878698192606814,0.7219048142433167,0.02014593407511711,3.499148540364594e-11,0.9681356549263,0.7291626930236816
apnde-Dpq8E_1080p_102_4_808_label_fake.npz,Fake,Real,0.23539702808484436,0.06431480497121811,0.09806278347969055,0.9999326467514038,0.008657725527882576,0.006017179694026709
8919-J-vYXU4vqcY_9_6_label_fake.npz,Fake,Deepfake,0.7478707685135305,0.8296262621879578,0.004486269783228636,0.9999594688415527,0.98860102891922,0.9166808128356934
025_61e2c5e5_MxlocFNdoXg_720_1-batch-2025-02-10-11-34-42-96_label_fake.npz,Fake,Real,0.14253863388165902,0.08783933520317078,0.5804215669631958,1.9253048932910133e-08,0.014365117065608501,0.03006713092327118
20816-I5oeY5O5oJI_0_1_label_fake.npz,Fake,Real,0.025550026789675242,0.0690370723605156,0.03333982825279236,3.578116913871554e-09,0.018807103857398033,0.006566125899553299
254_1P9nl9tBK38_325_8_label_fake.npz,Fake,Real,0.022853991757195578,0.06661906093358994,0.0008121905266307294,1.027971574529829e-08,0.028761841356754303,0.018076855689287186
12598-J_U3D_QAw7c_120_1_label_fake.npz,Fake,Real,0.07093818588182331,0.14583611488342285,0.09480609744787216,0.005807807203382254,0.03357522189617157,0.07466568797826767
9ztkB7gr8po_2_31--B4LwKKKbAuI_14_1_67_label_fake.npz,Fake,Real,0.20883176923356972,0.08335208147764206,0.940718948841095,2.7940831939798905e-11,0.01118242833763361,0.008905387483537197
175_jXf9d1xHO34_1080p_30_20_512x512_1_1803_withaudio_label_fake.npz,Fake,Real,0.032524800254032024,0.06876692920923233,0.04617998003959656,0.03154867887496948,0.012401819229125977,0.003726593917235732
23266-vpMM4zCwksk_0_2_label_fake.npz,Fake,Real,0.2697674076072872,0.1480015516281128,0.006861021276563406,0.999656081199646,0.015778467059135437,0.1785399168729782
8202-pzdnuEa8a20_88_1_label_fake.npz,Fake,Real,0.027334132419793992,0.08817030489444733,0.02125409245491028,4.665400510361906e-09,0.016005033627152443,0.011241226457059383
152_E9ikzQWCZm0_7_1_label_fake.npz,Fake,Real,0.04526865098169353,0.07124343514442444,0.125847727060318,1.5716548062982838e-08,0.024436967447400093,0.0048151095397770405
010_2f9c83bc_OprPPstAfSg_74_13_label_fake.npz,Fake,Real,0.025408504623919723,0.069788858294487,0.03347782790660858,0.0050005000084638596,0.013162866234779358,0.005612470675259829
51381.png_MFusQ6Jv5cE_192_1_label_fake.npz,Fake,Real,0.09847574718311267,0.1749788373708725,0.03735378012061119,7.369077678794078e-13,0.029620690271258354,0.25042542815208435
28165_I5oeY5O5oJI_56_7_label_fake.npz,Fake,Real,0.11716610100120307,0.0720282793045044,0.4489881992340088,0.020791860297322273,0.013993852771818638,0.030028313398361206
KKNCiRWd_j0_471_1--24192-GgCnpDg0jwc_55_4_label_fake.npz,Fake,Real,0.24892771020531654,0.11361449211835861,0.03239063546061516,0.9999996423721313,0.04636627435684204,0.05226750671863556
VifDzyPgBNg_599_3_label_real.npz,Real,Real,0.018119489974924363,0.06944222748279572,0.0040338244289159775,6.788483005948365e-06,0.012092339806258678,0.005022269673645496
22444-PEKF-vrTi9Q_42_1_label_fake.npz,Fake,Real,0.18790975482370417,0.06531727313995361,0.8482597470283508,1.9890683688572608e-05,0.012699052691459656,0.013252810575067997
281-bM1LXa68oxc_212_3_label_fake.npz,Fake,Real,0.3419506162405014,0.3807104825973511,0.04108007624745369,0.9670794606208801,0.03366940841078758,0.28721365332603455
t86T9sem8EM_140_1_25fps--44_UzfVjgZKjro_1080p_82_1_25fps_label_fake.npz,Fake,Real,0.30273139886558054,0.6639228463172913,0.4854067862033844,0.01795402355492115,0.019236970692873,0.327136367559433
24619-JsGQizTuPSo_75_1_label_fake.npz,Fake,Real,0.23020578250288964,0.07600367069244385,0.03523782268166542,0.9999996423721313,0.023995570838451385,0.015792205929756165
iEd6mSVWLr4_52_26_label_real.npz,Real,Real,0.05682121645663369,0.17328616976737976,0.008453021757304668,2.0799514725573093e-13,0.04014923796057701,0.062217652797698975
325_aOJ4HdjvrMI_120_1_label_fake.npz,Fake,Real,0.021350566530600194,0.07519295066595078,0.0017779918853193521,0.008254747837781906,0.013620943762362003,0.007906198501586914
T-vVO3nRFzI_100_2--3025-ADTwFvHACE4_18_1_label_fake.npz,Fake,Real,0.09642125198821837,0.31969863176345825,0.003206281689926982,1.499112917136003e-10,0.12008018046617508,0.03912116587162018
79_Iy1E-yjDyFA_49_2_512x512_1_0533_withaudio_label_fake.npz,Fake,Real,0.021097119117621334,0.07354118674993515,0.010805586352944374,0.000630575988907367,0.012898696586489677,0.007609549909830093
1725-M-3HEJpdx2I_99_1_label_fake.npz,Fake,Real,0.0685729444026947,0.07710522413253784,0.20209640264511108,0.02087363973259926,0.024926690384745598,0.01786276511847973
053_5b42d9d9.jpg_Jy-bPwwFxhk_37_1_label_fake.npz,Fake,Real,0.06666633188724519,0.13054735958576202,0.03261905163526535,2.817702744644713e-17,0.01327628642320633,0.1568889617919922
23429-SoI9-PP5Tmk_358_1_label_fake.npz,Fake,Real,0.1466731995706141,0.47963306307792664,0.007286024745553732,4.551088750304189e-06,0.0465383343398571,0.19990402460098267
20967-0xfJy96HJqo_19_1_label_fake.npz,Fake,Real,0.11451042113582185,0.22865180671215057,0.003680621972307563,5.000527769638552e-10,0.06481224298477173,0.27540743350982666
411_VGCRcRs-jkE_35_6_label_fake.npz,Fake,Real,0.07190285320393741,0.07099604606628418,0.2753644585609436,4.720328085820085e-18,0.01000758446753025,0.003146176924929023
5722-53GIoeOAam4_11_1_label_fake.npz,Fake,Real,0.2539707209449261,0.043584197759628296,0.34014034271240234,0.8723053336143494,0.010745969600975513,0.003077761037275195
12423-itFwx1CZM9I_99_2_label_fake.npz,Fake,Real,0.27096429616212847,0.09973613172769547,0.11498323082923889,0.8640447854995728,0.029376357793807983,0.24668097496032715
030_df8c8fad.jpg_vdLn_BXY7E8_251_1_label_fake.npz,Fake,Real,0.3285246938496475,0.3076712489128113,0.0752556174993515,1.4724515010056116e-11,0.7595657110214233,0.5001308917999268
24808-3NYH-zyIfZY_57_1_label_fake.npz,Fake,Deepfake,0.42107173409312965,0.7380915880203247,0.15221238136291504,0.006990800611674786,0.2498946189880371,0.9581692814826965
26349-ezja7-YQ72g_27_1_label_fake.npz,Fake,Real,0.18224069327116016,0.14371375739574432,0.09581765532493591,0.06293938308954239,0.20369678735733032,0.4050358831882477
5056-NSWcdPWXZQI_106_1_label_fake.npz,Fake,Real,0.13635781928896903,0.33478403091430664,0.16756728291511536,0.03080929070711136,0.04200613126158714,0.1066223606467247
CeUoS2T2hhc_106_5--18613-NSWcdPWXZQI_129_1_label_fake.npz,Fake,Real,0.20131328203715385,0.44203051924705505,0.008584758266806602,0.0002740726340562105,0.025373641401529312,0.530303418636322
25_ZWWpghA1SJc_39_1_audio_short_512x512_1_0557_withaudio_label_fake.npz,Fake,Real,0.07467384536644056,0.06316428631544113,0.2546418607234955,1.531354265615903e-09,0.04745319485664368,0.008109883405268192
14710_DCeJZTSFTXs_16_1_audio_short_512x512_1_0557_withaudio_label_fake.npz,Fake,Real,0.07588280115742237,0.0752667635679245,0.0007868321845307946,0.22775395214557648,0.05926741287112236,0.016339045017957687
15604-NkFOqfFDb1c_62_1_label_fake.npz,Fake,Real,0.24167570304125546,0.14218612015247345,0.0397709496319294,0.9999997615814209,0.011919486336410046,0.014502197504043579
MzXkiK4ROhQ_105_1--24623-53GIoeOAam4_16_5_label_fake.npz,Fake,Real,0.3102859535021708,0.6693916320800781,0.015211568213999271,0.0002728061517700553,0.07585266977548599,0.7907010912895203
65699_bkCpQk_K_jg_158_1_audio_short_512x512_1_0732_withaudio_label_fake.npz,Fake,Real,0.3293263416737318,0.06870923191308975,0.12416449934244156,0.9999638795852661,0.4481543004512787,0.005639797076582909
B4LwKKKbAuI_88_21--zpEUWKUUxdY_0_16_601_label_fake.npz,Fake,Real,0.027833577719923144,0.0853145495057106,0.028904307633638382,5.909681135563005e-07,0.018790768459439278,0.00615767203271389
26131-cbtkoZUOR1A_65_3_label_fake.npz,Fake,Real,0.07412264421584731,0.12699759006500244,0.11197523772716522,1.2544521357012867e-13,0.029106829315423965,0.10253356397151947
02479-W3xHmerC4wM_2_1_label_fake.npz,Fake,Real,0.24742585644126897,0.7868433594703674,0.04191514477133751,4.775715074594421e-14,0.020322099328041077,0.3880486786365509
9540-Y8tqH6MnJUU_14_1_label_fake.npz,Fake,Real,0.1202332066372037,0.07122818380594254,0.4921416640281677,0.012358877807855606,0.017952686175704002,0.0074846213683485985
22093-ADTwFvHACE4_31_1_label_fake.npz,Fake,Real,0.017621958267409355,0.06386231631040573,0.00860045850276947,0.0007602256373502314,0.008493785746395588,0.0063930051401257515
21235_O1JxQ9OyJRQ_97_2_label_fake.npz,Fake,Real,0.0329961457289768,0.06452003866434097,0.07891973108053207,6.3154945953870084e-15,0.015808120369911194,0.0057328385300934315
46252.png_8tD-YwT4oAg_222_1_label_fake.npz,Fake,Real,0.21770722383062097,0.07288957387208939,0.9913627505302429,5.122338734508958e-06,0.013877763412892818,0.010400908999145031
lXXCH-gBGzI_50_11_25fps--47398_NEEN8fSBuWI_364_1_25fps_label_fake.npz,Fake,Deepfake,0.5765116438269615,0.7348183989524841,0.4711630642414093,0.9863821268081665,0.06890489906072617,0.6212897300720215
24062-sUv353ua7E8_17_1_label_fake.npz,Fake,Real,0.12911407575011255,0.10079129785299301,0.04980979114770889,0.3910468816757202,0.06525430083274841,0.038668107241392136
22956-4ZO2_2nHaIk_36_1_label_fake.npz,Fake,Real,0.15651311279628705,0.10732393711805344,0.4532105326652527,6.427503668193779e-11,0.06287290900945663,0.15915818512439728
17898_jE5wxTgovZs_0_1_label_fake.npz,Fake,Real,0.10533920466778,0.06957920640707016,0.4233316481113434,1.0438202480145264e-06,0.024599652737379074,0.009184472262859344
hdS30nnhNZo_7_4_label_real.npz,Real,Real,0.021545547142159192,0.07137053459882736,0.017335882410407066,1.492624869570136e-05,0.014227568171918392,0.004778824280947447
6983-QlwtGFJHSYc_281_2_label_fake.npz,Fake,Real,0.061053296292084266,0.12840037047863007,0.0629958063364029,0.0001308430073549971,0.01416174415498972,0.09957771748304367
O_6kW3Mrkm8_187_7_label_real.npz,Real,Real,0.21859390550525862,0.07013574242591858,0.0008642799803055823,0.9999978542327881,0.015946779400110245,0.006024871487170458
801_NduDs59WZqU_72_3_label_fake.npz,Fake,Real,0.020499026497185876,0.07209533452987671,0.010997258126735687,6.1126915161524575e-12,0.013801392167806625,0.005601147655397654
29636-KFOvtqspEZk_178_1_label_fake.npz,Fake,Real,0.2328345073387027,0.13712897896766663,0.95662921667099,0.04479902982711792,0.016895387321710587,0.00871992390602827
0fpc2LXBvUo_54_1--00364_tf_pzTBKuFY_audio_1_150_label_fake.npz,Fake,Real,0.10813328027758715,0.10064726322889328,0.35210153460502625,1.6747862862168117e-12,0.012455441057682037,0.07546216249465942
07977.png_7AldV8ATrJc_240_1_label_fake.npz,Fake,Real,0.027794267140467357,0.06538628786802292,0.03714320436120033,1.9509414528329216e-07,0.021916106343269348,0.01452554203569889
251_SzhK7Q-pY0U_1_33_label_fake.npz,Fake,Real,0.019565928728183125,0.055738892406225204,0.022096235305070877,1.676778005332835e-08,0.012036035768687725,0.00795846339315176
083_16b5e7ab_Nz7QfvnRkuE_555_1-batch-2025-02-10-11-34-42-77_label_fake.npz,Fake,Real,0.022600837051874496,0.06961183249950409,0.025787539780139923,3.0279672812074526e-14,0.009726492688059807,0.007878320291638374
484_nTEv62rENMA_label_fake.npz,Fake,Real,0.050116283819085825,0.11034207791090012,0.08473249524831772,3.213561686719879e-14,0.022101452574133873,0.03340539336204529
12865-GwFRoh3zBYs_44_4_label_fake.npz,Fake,Real,0.04489325517004162,0.13372762501239777,0.03475054353475571,1.7190249224086074e-08,0.013481998816132545,0.04250609129667282
13032_WLXiu-qp8Lw_183_1_label_fake.npz,Fake,Real,0.09326142873615027,0.07106354832649231,0.13766495883464813,0.2424069195985794,0.012205533683300018,0.0029661832377314568
18261_wR86bUBzCqU_label_fake.npz,Fake,Real,0.1016669771518089,0.07250038534402847,0.37864962220191956,1.3390072384211749e-09,0.030071396380662918,0.027113480493426323
021_0b9bd77d--19DTZ6_d6U_651_3_label_fake.npz,Fake,Real,0.03582656187521929,0.12323757261037827,0.00023264202172867954,5.596302532495656e-09,0.016170872375369072,0.039491716772317886
496_GK9gq8WEHA0_790_1-batch-2025-02-05-13-35-36-0_label_fake.npz,Fake,Real,0.02657230060285656,0.0663444995880127,0.05138891935348511,9.615704038878903e-05,0.012015566229820251,0.003016360802575946
27613_PYRFxrLt30A_42_2_label_fake.npz,Fake,Real,0.13151272702962158,0.07368108630180359,0.17090946435928345,0.3725624978542328,0.03005216456949711,0.010358422063291073
9290_HUqaEI0dweE_23_3_label_fake.npz,Fake,Real,0.057875260058790456,0.07074417918920517,0.17663395404815674,0.024920431897044182,0.012476909905672073,0.0046008252538740635
183__NxbN7iCl3w_594_1_label_fake.npz,Fake,Real,0.16416555572457608,0.06833813339471817,0.7279852628707886,1.9408732954140362e-10,0.01660185493528843,0.00790252722799778
081_4d677d83.jpg_1POFF5RQjyM_82_1_label_fake.npz,Fake,Real,0.019895080220885576,0.07773234695196152,0.003042882075533271,0.0013688037870451808,0.012187988497316837,0.005143379792571068
015_3a0f9ec8.jpg_GNkwgfQFj60_69_6_label_fake.npz,Fake,Real,0.09896056633442704,0.17746920883655548,0.005996068008244038,3.1456211740206116e-15,0.02600955404341221,0.2853280007839203
Tq6_7XyCyyI_32_1--6185-lXv73xCGh8E_0_1_label_fake.npz,Fake,Real,0.22498971002933107,0.41413527727127075,0.04954659566283226,0.0001455993769923225,0.11024237424135208,0.5508787035942078
149.png_B4LwKKKbAuI_88_16_label_fake.npz,Fake,Real,0.11674315108663223,0.0631040558218956,0.5073614716529846,6.047667966413428e-08,0.00787135399878025,0.005378813482820988
cbtkoZUOR1A_101_16_label_real.npz,Real,Real,0.2610469622004349,0.10913630574941635,0.25588977336883545,8.11533062972103e-09,0.9233559966087341,0.01685272715985775
I5nY1qKef8M_49_1_label_real.npz,Real,Real,0.16837301645427946,0.11547219753265381,0.2517266273498535,0.44377613067626953,0.02106463722884655,0.009825489483773708
mk3ebu5ue3U_66_6_label_real.npz,Real,Deepfake,0.6064241528210005,0.6745741367340088,0.7718528509140015,6.0795232457167e-06,0.8392226696014404,0.7464650273323059
cKuQhjDMxYI_15_1_label_real.npz,Real,Deepfake,0.3975998327731539,0.6703503727912903,0.005281411577016115,2.9634410481094164e-08,0.4868744909763336,0.8254928588867188
8efxcrjdffg_0_6_label_real.npz,Real,Deepfake,0.377602319419384,0.4532451629638672,0.10017754882574081,0.9998008608818054,0.06707131862640381,0.2677167057991028
9902-I5oeY5O5oJI_46_3_label_fake.npz,Fake,Deepfake,0.3500768825411797,0.09257417172193527,0.5896619558334351,0.9999985694885254,0.0350513756275177,0.03309834003448486
398_MxlocFNdoXg_720_1-batch-2025-02-04-10-00-57-143_label_fake.npz,Fake,Real,0.1365908910756229,0.07076972723007202,0.5926076769828796,2.5729297803422924e-08,0.01198678370565176,0.007590241730213165
38747-zr6OpxBh5DA_7_1_label_fake.npz,Fake,Real,0.100803853700927,0.13304324448108673,0.2468608170747757,1.3862452760804445e-05,0.06274662911891937,0.06135471537709236
22779_BhwnAYvzhm4_32_1_label_fake.npz,Fake,Real,0.0407033009454608,0.09235887229442596,0.02512631006538868,0.026818258687853813,0.045527249574661255,0.01368581410497427
14635-snplq3D9n68_30_1_label_fake.npz,Fake,Real,0.06411543826452544,0.09861361980438232,0.1872102916240692,7.818586709618103e-06,0.02165183797478676,0.013093623332679272
18986_d2om_PGtwWY_33_2_label_fake.npz,Fake,Real,0.2215675858780742,0.06317868083715439,0.10506394505500793,0.8908308148384094,0.043953102082014084,0.004811386577785015
GiWHOpvWo38_331_1_label_real.npz,Real,Real,0.22170738745480778,0.5142728686332703,0.02511773258447647,0.0044905925169587135,0.10627543181180954,0.4583803117275238
zpEUWKUUxdY_50_1--NHVXgWJiIcs_9_1_281_label_fake.npz,Fake,Real,0.18471090837265366,0.6374717950820923,0.0015239082276821136,0.00024841571575962007,0.23499859869480133,0.04931182414293289
16651-6GqonOcxCQQ_131_1_label_fake.npz,Fake,Real,0.23550559408113259,0.5137301087379456,0.011161145754158497,6.207967544469284e-06,0.26560792326927185,0.38702258467674255
2442-2WGnDrVPG8A_72_2_label_fake.npz,Fake,Real,0.17333661150187257,0.20205266773700714,0.39978137612342834,0.006243753246963024,0.012578640133142471,0.24602662026882172
0juLRi90kRg_39_5_label_real.npz,Real,Deepfake,0.3562603235245637,0.6347637176513672,0.264636754989624,4.430375337427517e-13,0.3863685429096222,0.4955326020717621
056_3a21c6af.jpg_-qs_Rh-rAbI_73_1_label_fake.npz,Fake,Real,0.020129200635937972,0.07068022340536118,0.006257881876081228,1.4272238946233529e-09,0.01558330375701189,0.00812459271401167
J_ComKnl1hk_6_20_label_real.npz,Real,Real,0.019039002271094316,0.07254151999950409,0.007576778065413237,1.936019629056318e-07,0.011468359269201756,0.0036081604193896055
010_34d63b53_tStxmy972vw_9_5-batch-2025-02-05-13-35-36-158_label_fake.npz,Fake,Real,0.07510990679056705,0.14502228796482086,0.08675678819417953,9.309117558586877e-06,0.021764172241091728,0.12199697643518448
094_c255b703.jpg_6l6NFBuOYjk_74_1_label_fake.npz,Fake,Real,0.04863735698292144,0.14950670301914215,0.03705931454896927,6.431682009894191e-12,0.03201422095298767,0.024606546387076378
GySD76yMiAA_2_3_label_real.npz,Real,Real,0.09636034535269575,0.25031185150146484,0.12432751059532166,2.9009779609623365e-06,0.08057092130184174,0.026588542386889458
16425.png_KyeC6d6MTSU_134_3_label_fake.npz,Fake,Real,0.30663327686488623,0.06269225478172302,0.6867773532867432,0.769526481628418,0.01094411313533783,0.0032261814922094345
62ywI44YAxQ_78_21_label_real.npz,Real,Real,0.12981618623889515,0.1072825938463211,0.5105343461036682,0.00019627994333859533,0.02196808159351349,0.009099629707634449
023_4e454f96_QVr1PThaCJ4_72_1_label_fake.npz,Fake,Real,0.21000161159244596,0.06324352324008942,0.28393250703811646,3.455786212747114e-10,0.6972760558128357,0.005555971525609493
TXf3uH5YqM4_0_2--7162-I5oeY5O5oJI_56_4_label_fake.npz,Fake,Real,0.2796631388678712,0.4281017780303955,0.469677209854126,4.858501867488485e-08,0.02477443963289261,0.4757622182369232
nnQNH-sotI8_40_1_label_real.npz,Real,Real,0.2741104684770107,0.19984875619411469,0.029953567311167717,1.0,0.022080792114138603,0.11866922676563263
ypMVswItFWI_6_1_label_real.npz,Real,Real,0.18922021206075215,0.13716702163219452,0.5785808563232422,7.508126032007567e-07,0.10049831867218018,0.12985411286354065
MM_bPbjR8CI_22_1_label_real.npz,Real,Real,0.034637570970971136,0.07793877273797989,0.0669143795967102,1.550651967940908e-10,0.013936701230704784,0.0143980011343956
17986-Mb-ynUI4Me4_35_1_label_fake.npz,Fake,Real,0.11414206785411807,0.2122141420841217,0.02832869254052639,9.847307956079021e-05,0.016160961240530014,0.31390807032585144
73_9uoW1hsVTvw_audio_1_82_label_fake.npz,Fake,Real,0.1530287314206362,0.07375235855579376,0.5931604504585266,0.05923854187130928,0.008624142035841942,0.03036816418170929
11011-ADTwFvHACE4_117_1_label_fake.npz,Fake,Real,0.10563253474235171,0.0623820424079895,0.42978328466415405,3.226099565267759e-08,0.012375354766845703,0.02362195961177349
23091-TsQZOTSteK8_30_1_label_fake.npz,Fake,Deepfake,0.35254735531880216,0.3527805507183075,0.4888318181037903,7.1914232648850884e-06,0.6583779454231262,0.26273927092552185
03157_-qs_Rh-rAbI_91_2_label_fake.npz,Fake,Real,0.02365513264668984,0.07727490365505219,0.019037626683712006,7.799913603889763e-09,0.013023174367845058,0.008939950726926327
14602-ybfyLfI5Ml0_104_1_label_fake.npz,Fake,Real,0.03014316727874283,0.0774276852607727,0.04631558805704117,6.991643375364731e-11,0.011368164792656898,0.015604398213326931
9qs2erQgEzs_71_1_label_real.npz,Real,Real,0.0824435353680052,0.09746008366346359,0.2890470027923584,4.956056542937404e-08,0.015190054662525654,0.010520486161112785
17990_2ECheTEbkhQ_23_3_label_fake.npz,Fake,Real,0.03189117014408112,0.08291863650083542,0.02382885292172432,0.013435766100883484,0.034235257655382156,0.0050373375415802
27437-o3KMJLxjdoM_61_3_label_fake.npz,Fake,Real,0.032917581498622894,0.07055526971817017,0.044798072427511215,0.014094648882746696,0.019333042204380035,0.01580687426030636
134_736d1702-PqumaD82tcI_103_1_label_fake.npz,Fake,Real,0.22728489464498125,0.24242337048053741,0.05723140761256218,0.00029909491422586143,0.05933463200926781,0.777135968208313
jT0Uw6EwOyQ_35_1--2NlEdgEI_mc_107_21_211_label_fake.npz,Fake,Real,0.03884499779235284,0.12261100113391876,0.00985770020633936,7.47772105569311e-07,0.013403741642832756,0.048351798206567764
uDQs1pf8-9s_6_2--SzhK7Q-pY0U_1_8_106_label_fake.npz,Fake,Real,0.251233426438921,0.6872020363807678,0.03589989244937897,1.8810587789630517e-06,0.2814338207244873,0.251629501581192
V3Cav6WhwZc_24_3--5618-J-vYXU4vqcY_11_1_label_fake.npz,Fake,Real,0.21985489044345746,0.49736669659614563,0.12353503704071045,4.048832124681212e-06,0.039326995611190796,0.4390416741371155
14529-ndJhwVupwVQ_1_1_label_fake.npz,Fake,Real,0.017226955201476813,0.06395752727985382,0.01030713226646185,1.6479458384462488e-25,0.009757017716765404,0.002113098744302988
051_2505e244_8wx4wssZgfo_68_1_label_fake.npz,Fake,Real,0.023196273855865,0.07738479226827621,0.01596863567829132,0.0004910314455628395,0.012864898890256882,0.009272010996937752
257_KNktDoYajMk_95_1_label_fake.npz,Fake,Real,0.04020952023565769,0.07411028444766998,0.05921907350420952,0.01891915127635002,0.029135767370462418,0.01966332457959652
4219-J-vYXU4vqcY_10_3_label_fake.npz,Fake,Real,0.1112416989406864,0.05641607567667961,0.48240700364112854,1.2825778217262496e-09,0.01491134986281395,0.00247406424023211
14772-lkMV6SxilXc_52_1_label_fake.npz,Fake,Real,0.25078879157081246,0.06772442907094955,0.27991753816604614,0.8893986344337463,0.010499420575797558,0.006403935607522726
5287-DeB8-H3L04c_14_2_label_fake.npz,Fake,Deepfake,0.3863884270191193,0.2741451859474182,0.6332460641860962,0.9873613119125366,0.015431912615895271,0.021757660433650017
10530-dxA6D4dJWn8_79_1_label_fake.npz,Fake,Real,0.10840526822285029,0.10152965039014816,0.4098218083381653,1.0199066309724003e-05,0.01408268790692091,0.01658199541270733
29515-fAh51cqF86I_28_2_label_fake.npz,Fake,Real,0.06252829059958692,0.0929979681968689,0.10949920862913132,1.1687042968859616e-14,0.01952992007136345,0.09061435610055923
mWNwWonVpcE_15_2_label_real.npz,Real,Real,0.015494589369211555,0.059909868985414505,0.0036667853128165007,1.2946048855155823e-07,0.010065720416605473,0.0038304426707327366
kvYaojOQhX4_13_1_label_real.npz,Real,Real,0.12661620359867812,0.12305431813001633,0.12731705605983734,0.36083027720451355,0.01357900071889162,0.008300365880131721
xIMS_-reEco_305_1_label_real.npz,Real,Real,0.08338297638474615,0.1164458617568016,0.0034990659914910793,5.608675564872101e-06,0.022754160687327385,0.2742101848125458
7_9hY06BZQc_45_1_label_real.npz,Real,Real,0.15328759601506708,0.39260658621788025,0.026836471632122993,1.1836147173482914e-08,0.03968048468232155,0.3073144257068634
eyb0_CHPvE0_77_1_label_real.npz,Real,Real,0.19976619860536005,0.32883819937705994,0.22949530184268951,4.872710235304112e-08,0.1161036342382431,0.3243938088417053
6noIJpqRyvk_41_6_label_real.npz,Real,Real,0.08754423438367667,0.23178526759147644,0.1344691663980484,6.344312714645639e-05,0.058262065052986145,0.013141229748725891
e_M_h01yhPQ_6_1_label_real.npz,Real,Real,0.0975329430630609,0.09751693904399872,0.34938541054725647,3.2753898722148733e-06,0.03114633448421955,0.009612755849957466
f5utLluNHNs_92_4_label_real.npz,Real,Real,0.1007770411670208,0.27017781138420105,0.12156546115875244,0.013279583305120468,0.019367851316928864,0.07949449867010117
JIhXrwnD-EU_124_1_label_real.npz,Real,Deepfake,0.47942678835298674,0.838952362537384,0.009253676049411297,2.7839638146870405e-12,0.7745189666748047,0.7744089365005493
V4ky5dwCLUg_426_1_label_real.npz,Real,Real,0.2487053540306079,0.2948254942893982,0.01362327579408884,2.7333737307344563e-05,0.40299808979034424,0.5320525765419006
elNx36q2vLM_28_1_label_real.npz,Real,Real,0.0686209224164541,0.13284656405448914,0.17209099233150482,2.749344602350802e-14,0.021192781627178192,0.016974274069070816
0XK4xCZZxFc_6_1_label_real.npz,Real,Deepfake,0.5591185092930091,0.5405621528625488,0.5393159985542297,2.032379256208805e-12,0.9110456705093384,0.8046687245368958
zijmkxLNeK0_5_1_label_real.npz,Real,Real,0.06886111777275888,0.06925637274980545,0.21557830274105072,4.392893282478567e-15,0.045812204480171204,0.013658708892762661
_KUYDD5enPo_33_2_label_real.npz,Real,Real,0.096157094091177,0.08128223568201065,0.22277392446994781,0.11664299666881561,0.03321412578225136,0.026872187852859497
ZzfsQF3ig2k_243_7_label_real.npz,Real,Real,0.04566672493278609,0.06458988040685654,0.10460863262414932,8.034687581925937e-09,0.028496062383055687,0.03063904121518135
UHWeR0ChEZQ_71_2_label_real.npz,Real,Real,0.09352933721545612,0.07168997079133987,0.3614635169506073,3.976391127480383e-08,0.030097777023911476,0.004395381547510624
-nIguiavWKY_80_1_label_real.npz,Real,Real,0.06108821518864716,0.1343573033809662,0.01712488755583763,9.50358880800195e-05,0.023456888273358345,0.1304069608449936
zR7WQ_h0bxM_49_1_label_real.npz,Real,Real,0.0876853011574287,0.08331761509180069,0.024030178785324097,1.288392309506392e-11,0.06041789427399635,0.2706608176231384
0Wey_XfRWvY_128_7_label_real.npz,Real,Real,0.051361971167776105,0.07195995002985,0.1468680053949356,2.7582625419797502e-11,0.026181895285844803,0.011800005100667477
sJai0cem3jQ_31_1_label_real.npz,Real,Real,0.05095334248806078,0.07825890183448792,0.10937026143074036,2.3377457747386643e-09,0.014864522963762283,0.05227302387356758
-r8gDmbKYbU_2_14_label_real.npz,Real,Real,0.06320422398348455,0.16961611807346344,0.003115193685516715,3.5161127016181126e-05,0.02065560407936573,0.1225990429520607
BFTUrrBGBao_68_2_label_real.npz,Real,Real,0.10998321586090286,0.11593413352966309,0.3906233310699463,3.665474868075336e-11,0.029572349041700363,0.01378626562654972
BFTUrrBGBao_69_1_label_real.npz,Real,Real,0.17074593254801304,0.17293690145015717,0.6377546787261963,4.216416016333824e-08,0.026680484414100647,0.016357555985450745
Tq_yH1zEyaI_43_1_label_real.npz,Real,Deepfake,0.48275958474842473,0.5546994209289551,0.055988747626543045,2.285524089984392e-07,0.9643728733062744,0.8387366533279419
z-G3N7bVKTU_40_1_label_real.npz,Real,Real,0.04757638933133706,0.15611794590950012,0.011811305768787861,2.256592921412448e-07,0.027788162231445312,0.042164307087659836
fRvu1JgiRiU_55_1_label_real.npz,Real,Real,0.1868187680840512,0.17763182520866394,0.46610960364341736,9.947652341343437e-15,0.19256994128227234,0.09778247028589249
oWEF_g9IpLE_0_2_label_real.npz,Real,Real,0.2229421609081328,0.07596588134765625,0.02422596700489521,0.9986680746078491,0.011324826627969742,0.004526054952293634
TeY1kBZCRNc_135_1_label_real.npz,Real,Real,0.048419640387874094,0.19934503734111786,0.019155390560626984,0.00024084554752334952,0.013951223343610764,0.009405705146491528
GaKL6i3ISPc_110_2_label_real.npz,Real,Real,0.1801848703995418,0.4168255031108856,0.009748556651175022,3.550344019427262e-14,0.042734164744615555,0.4316161274909973
QpbPUAQ9GxM_75_2_label_real.npz,Real,Real,0.07118300450412854,0.11307387799024582,0.006864258553832769,1.487351575235607e-08,0.019684981554746628,0.2162918895483017
qF8dChL_5lM_17_1_label_real.npz,Real,Real,0.17453780874686797,0.33516693115234375,0.32602018117904663,1.4939585124551513e-09,0.18794430792331696,0.023557621985673904
lp8KBXdMlU8_3_1_label_real.npz,Real,Real,0.29986567519954405,0.08434070646762848,0.8465491533279419,0.00011065715807490051,0.4729650318622589,0.0953628271818161
xYvie7f9Dq4_81_2_label_real.npz,Real,Real,0.05808451047918637,0.08575033396482468,0.10504664480686188,1.0620275769923637e-09,0.04048851504921913,0.05913705751299858
PyLbdkRVKh0_7_1_label_real.npz,Real,Real,0.10640790403595729,0.0940701812505722,0.07747139781713486,2.6430271304889175e-09,0.015626953914761543,0.34487098455429077
V7g7ZFObO7Y_1503_2_label_real.npz,Real,Real,0.12005648389505319,0.2951854169368744,0.04272796958684921,2.3330603941829064e-12,0.05707664415240288,0.20529238879680634
6OMxEdnXmQY_294_2_label_real.npz,Real,Deepfake,0.36703617545089745,0.71223384141922,0.3709211051464081,1.4762687783331785e-07,0.3800964653491974,0.3719293177127838
eUOLg70FT2M_562_1_label_real.npz,Real,Real,0.050342794978787714,0.11599960923194885,0.01088190171867609,1.259977722156691e-08,0.024881884455680847,0.09995056688785553
LNn1IW-5-rI_419_2_label_real.npz,Real,Real,0.2937647342681979,0.6395314335823059,0.2726603150367737,4.6929396268569415e-14,0.2654021978378296,0.2912297248840332
kvYaojOQhX4_10_1_label_real.npz,Real,Real,0.15388820841908457,0.2768239974975586,0.17004314064979553,3.2878548704584803e-22,0.023919139057397842,0.2986547648906708
0GFpYNkwulE_165_2_label_real.npz,Real,Real,0.02760227035967837,0.07589112967252731,0.0433003269135952,1.6403115310481553e-08,0.010024245828390121,0.008795632980763912
mJERjWcYYVI_349_1_label_real.npz,Real,Real,0.3382022918201983,0.08371728658676147,0.6014357209205627,0.9864827990531921,0.013613360933959484,0.005762291606515646
8GpRabFxLWk_798_8_label_real.npz,Real,Real,0.06917126032931264,0.07228561490774155,0.2569679617881775,9.575315925758332e-05,0.012386106885969639,0.0041208649054169655
elNx36q2vLM_15_1_label_real.npz,Real,Real,0.10179701298476215,0.2589106261730194,0.17408844828605652,4.7492906959586967e-14,0.04908725991845131,0.026898730546236038
xIMS_-reEco_367_1_label_real.npz,Real,Real,0.06916780642252292,0.09900611639022827,0.10007775574922562,4.797236385911674e-09,0.04361854866147041,0.10313660651445389
V4ky5dwCLUg_123_1_label_real.npz,Real,Real,0.06811230629682596,0.10513994097709656,0.04155129939317703,2.7722757324087546e-15,0.04207184910774231,0.15179844200611115
qF8dChL_5lM_11_1_label_real.npz,Real,Deepfake,0.4452369511127491,0.7364484667778015,0.21384918689727783,9.665088926402981e-15,0.9577338695526123,0.3181532323360443
P9rEtDiot-w_4_3_label_real.npz,Real,Deepfake,0.4499123989886357,0.2400471270084381,0.9089358448982239,1.4423999346035998e-05,0.8055980801582336,0.29496651887893677
mjWMUvZ3NUs_49_1_label_real.npz,Real,Real,0.05221580711244088,0.09299097955226898,0.07346777617931366,4.0033154391494463e-07,0.012159580364823341,0.08246029913425446
uVZxhABwsLw_19_1_label_real.npz,Real,Deepfake,0.37769426644101184,0.14659884572029114,0.6077734231948853,2.6834728217295378e-08,0.8835389018058777,0.25056013464927673
L36UzqXOjcY_4_1_label_real.npz,Real,Real,0.07193292016163469,0.1359710693359375,0.017434632405638695,0.0009235725738108158,0.01312950998544693,0.19220581650733948
0Wey_XfRWvY_122_1_label_real.npz,Real,Real,0.05626112627796829,0.07962603121995926,0.17121027410030365,0.0009385652374476194,0.0217391699552536,0.007791590876877308
0Wey_XfRWvY_123_2_label_real.npz,Real,Real,0.11329434998419143,0.09917648881673813,0.40295836329460144,4.2843996579666754e-12,0.04924427717924118,0.015092620626091957
vgyLaiYwqsY_0_1_label_real.npz,Real,Real,0.05348861552774907,0.12504327297210693,0.06390869617462158,2.2526373875182025e-18,0.056913863867521286,0.021577244624495506
OWYxOGM51NU_31_3_label_real.npz,Real,Real,0.27904407234308604,0.29087525606155396,0.0943559929728508,6.543994512941964e-11,0.6812077164649963,0.328781396150589
lITf2yPH_HI_23_1_label_real.npz,Real,Deepfake,0.35933521528101264,0.580384373664856,0.1591346263885498,5.1610484774755605e-08,0.8580684661865234,0.19908855855464935
mk3ebu5ue3U_46_6_label_real.npz,Real,Deepfake,0.41189682930707927,0.4528138339519501,0.6483408808708191,0.011732645332813263,0.7481948733329773,0.19840191304683685
6noIJpqRyvk_26_14_label_real.npz,Real,Real,0.05953827817353256,0.2224871963262558,0.036635275930166245,1.801290019920465e-11,0.023782821372151375,0.014786097221076488
ymRL2llLx3c_26_7_label_real.npz,Real,Real,0.12554342132555452,0.1258588284254074,0.01176831778138876,2.4686542740570694e-11,0.4334522485733032,0.0566377118229866
vVZGGl7ivy8_22_2_label_real.npz,Real,Real,0.31860452606455003,0.5554894804954529,0.5107936263084412,2.2049623282782704e-07,0.03356358781456947,0.4931757152080536
Kkbnm5P2waQ_481_1_label_real.npz,Real,Real,0.032384035844961544,0.07808662205934525,0.015377054922282696,1.921861667142366e-06,0.02350219525396824,0.0449523851275444
aEJY8qrqB7M_42_1_label_real.npz,Real,Real,0.06878115668077954,0.13112124800682068,0.06905452907085419,0.00014635841944254935,0.03270968049764633,0.11087396740913391
-Wc4JH2UbKk_82_1_label_real.npz,Real,Real,0.05490975978666768,0.09397845715284348,0.09991258382797241,1.13096945142388e-08,0.031385138630867004,0.04927260801196098
P9rEtDiot-w_69_4_label_real.npz,Real,Real,0.16544687743444228,0.20470206439495087,0.1356361359357834,7.22108015906997e-05,0.10751983523368835,0.3793041408061981
K5nAHKJjWMY_73_1_label_real.npz,Real,Real,0.06349950559670106,0.14865222573280334,0.13412341475486755,0.00028439779998734593,0.011230922304093838,0.023206567391753197
GAw-vEk3Fys_2612_1_label_real.npz,Real,Real,0.326723319664603,0.5010325908660889,0.015061857178807259,2.7282560230630117e-14,0.8524760603904724,0.265046089887619
qzefMI98qQw_693_1_label_real.npz,Real,Deepfake,0.42576529982393163,0.5150201320648193,0.19092178344726562,1.3436755874618456e-10,0.8600270748138428,0.5628575086593628
8GpRabFxLWk_132_1_label_real.npz,Real,Real,0.021152678459089306,0.06995325535535812,0.02234504744410515,5.346064736733158e-12,0.010317489504814148,0.0031475999858230352
yLuJcWWMDFk_14_4_label_real.npz,Real,Real,0.3200483606183618,0.33051228523254395,0.42584627866744995,4.590002544713201e-10,0.7528772354125977,0.09100600332021713
RAg2mHKGcGA_12_1_label_real.npz,Real,Real,0.022513000399339945,0.0731615349650383,0.011939573101699352,4.042737418785691e-05,0.012666333466768265,0.014757133089005947
W64VZ5zCM2U_59_1_label_real.npz,Real,Real,0.06547190517230775,0.11716282367706299,0.1822952777147293,4.690829882747494e-05,0.016712814569473267,0.011141701601445675
4h_lWRCt0Gs_23_1_label_real.npz,Real,Real,0.03243804799383779,0.08481740951538086,0.0352976992726326,9.26802384837444e-11,0.01852712407708168,0.023548007011413574
LRzd_fO6eX0_30_2_label_real.npz,Real,Real,0.06207211631581232,0.07065469026565552,0.20604702830314636,4.5653082452190574e-06,0.020409366115927696,0.01324493158608675
hogUjAY1POU_30_1_label_real.npz,Real,Real,0.027312741155037658,0.07314924895763397,0.04111484810709953,0.00010261082206852734,0.011677414178848267,0.010519583709537983
ZzfsQF3ig2k_94_1_label_real.npz,Real,Real,0.03796351812783578,0.07935208082199097,0.043922655284404755,1.8371270487944208e-13,0.018829861655831337,0.04771299287676811
xYvie7f9Dq4_91_2_label_real.npz,Real,Real,0.16438492178532443,0.3765639066696167,0.013560879044234753,6.386817972270364e-07,0.02422885224223137,0.40757033228874207
3OqtJBxxbgM_55_3_label_real.npz,Real,Real,0.1354593149912684,0.4338970184326172,0.13253004848957062,3.5227978312235564e-09,0.039841607213020325,0.07102789729833603
0C0G4BT4pzQ_131_5_label_real.npz,Real,Real,0.051427874197935354,0.11111047118902206,0.04070061445236206,3.643600905434141e-07,0.02319353260099888,0.08213438838720322
zUN3XwU0SuA_167_1_label_real.npz,Real,Real,0.21703836694360162,0.12313281744718552,0.032138001173734665,1.9148177577495325e-14,0.7634708285331726,0.16645018756389618
qzefMI98qQw_626_1_label_real.npz,Real,Real,0.3074737064074725,0.48514223098754883,0.3643144369125366,0.00244156620465219,0.13896168768405914,0.5465086102485657
LRzd_fO6eX0_45_5_label_real.npz,Real,Real,0.209778551151976,0.0640220120549202,0.06491660326719284,0.8970823287963867,0.019853055477142334,0.003018756164237857
oWEF_g9IpLE_0_9_label_real.npz,Real,Real,0.23255331050604583,0.07460099458694458,0.07801073789596558,0.993259608745575,0.011915004812180996,0.004980206489562988
i6fE1x3P2kY_6_1_label_real.npz,Real,Real,0.2417112142906854,0.21662579476833344,0.31616565585136414,5.296216798456044e-10,0.3241119384765625,0.35165268182754517
rDfnzuK5QyY_46_2_label_real.npz,Real,Real,0.2235849035903812,0.1270771324634552,0.9549070000648499,0.0012778649106621742,0.01530396193265915,0.01935855858027935
r1rigxJJ_Uw_39_1_label_real.npz,Real,Real,0.057009501055054555,0.09819342941045761,0.06042548269033432,3.1889342722024594e-08,0.020936423912644386,0.10549213737249374
CNzIwKKH7JE_36_2_label_real.npz,Real,Real,0.2586763184517622,0.2073691338300705,0.6325753331184387,0.3497636318206787,0.013151375576853752,0.09052211791276932
kb4ETvGsWTw_89_2_label_real.npz,Real,Deepfake,0.36667732018977406,0.07633739709854126,0.7291930913925171,0.9990707039833069,0.01942828670144081,0.009357121773064137
x5-94NxSnz4_0_5_label_real.npz,Real,Real,0.15577705297619104,0.08401089161634445,0.09102767705917358,0.5873487591743469,0.00935609731823206,0.0071418397128582
V4ky5dwCLUg_155_1_label_real.npz,Real,Real,0.23299461640587452,0.6218183040618896,0.007468687370419502,8.49375691308607e-12,0.16433079540729523,0.3713552951812744
fJt__f-MHWo_367_1_label_real.npz,Real,Real,0.2434154637157917,0.404473215341568,0.3770746886730194,0.013918984681367874,0.022418364882469177,0.39919206500053406
t35um9OT774_356_1_label_real.npz,Real,Real,0.23169036358594933,0.15424080193042755,0.017400063574314117,1.8602171245849257e-15,0.7273963093757629,0.2594146430492401
6aNWSCTS284_8_1_feaf3594253c300263dff21457ca310e07cb4a4d46490c659b30359219f7869092ac2f5dd260873615bfd858da554ff7ac0f5203c9cf673fc1652afe11716ef2_label_fake.npz,Fake,Deepfake,0.6881793677806856,0.4127211272716522,0.2668638229370117,0.9999911785125732,0.9284036755561829,0.8329170346260071
aRhkxaF7cO0_56_13_label_real.npz,Real,Deepfake,0.3526992782950401,0.5461995005607605,0.050561532378196716,0.9124563336372375,0.07703623920679092,0.17724278569221497
pAFOYTw1_a0_1_18_236bb93afead08fce9c081757984eecf74d27089b17a2f2f349e8696f697ebc20fd92595b911f760fe1e3b9096af4ae73c227bd9d0c468ddd7e11332ac75aa08_label_fake.npz,Fake,Real,0.21946984748356047,0.06890923529863358,0.007982173934578896,0.999721109867096,0.018170317634940147,0.002566400682553649
f4S7SIVAHuw_1_6_2800794fcd9038fb24e9fbe94ca534f55ed5ad505f4f09ccfb4969304998104d1851fe5436e572ce272619e7c935e7b3fd2f1b0b8624d0728c9c2f9e1b402a2e_label_fake.npz,Fake,Real,0.025640944754741213,0.0736251026391983,0.03589208424091339,1.0442640814289916e-05,0.015071163885295391,0.0036059303674846888
C4hNyd9eJy4_0_52_a03a946ee0bfa3c6f35cfa4ba7566da913ec3b828d8feb74465725873a72a5b78c7493b0f9068bcc66238d29ccdbfb2ab63b3d85bc3e65b9628b7b863ad781a5_label_fake.npz,Fake,Real,0.12433441137036426,0.0872591957449913,0.006612347438931465,6.038719220669009e-05,0.5117066502571106,0.0160334762185812
xIMS_-reEco_484_1_label_real.npz,Real,Real,0.03243085779249761,0.07881152629852295,0.02524961717426777,4.6282761152240115e-15,0.025529704988002777,0.03256344050168991
D3lWeBEcnNE_149_3_label_real.npz,Real,Real,0.2465943953802423,0.5633607506752014,0.3095758259296417,2.5535740633131354e-08,0.05056338012218475,0.309471994638443
J_ComKnl1hk_1_3_acb90c1bdf4d4dec752ef7a5a068a0575fb45336ecab1283f2e0147e63aaaaa7dcd02c282188efa8cb49eab8ec221fa43203815a261d6c45ba8c82456fa4ef6f_label_fake.npz,Fake,Real,0.02876412943005562,0.0772760659456253,0.008136733435094357,0.03521627187728882,0.01517360657453537,0.008017969317734241
e_M_h01yhPQ_5_1_0ab3ca9d-2b9c-417c-b5cc-12c51adbff38_label_fake.npz,Fake,Real,0.2833852345123887,0.10583656281232834,0.1601085215806961,0.9925335645675659,0.1503627896308899,0.008084733970463276
J_ComKnl1hk_4_60_ef3492986a189489e0f9acae53ac907862df4e5da719803c15c72cdc5814b8a4020f7f55353b0cc6a664b5806909156b20b1112d0a941b235e98e10563117e37_label_fake.npz,Fake,Real,0.03182496866211295,0.08150988072156906,0.04407775029540062,0.013538483530282974,0.015607943758368492,0.004390785004943609
U_3aCekML-Y_53_15_label_real.npz,Real,Real,0.2210817009210587,0.07488274574279785,0.012821190059185028,0.9999973773956299,0.014022442512214184,0.0036847488954663277
f4S7SIVAHuw_7_11_694f653ba2431188dd9e70a4742071c13e5c3720cb8401584d5cab790a0c5279c5fa2aa1c7bcb578f2b3bcbd63d1cce2f44ca02d7e3aae779733f990ff60b722_label_fake.npz,Fake,Real,0.027136262343265116,0.07992066442966461,0.03594086319208145,0.0005149516509845853,0.01370656955987215,0.005598262883722782
tUGo_7dOEzU_13_1_52f0b11b4571a7c670fe631149eba1187dca404af883f4f56ee81e1c725270542bbecb7cf4ec0c1a5c8bcc8efa95c1bde06f08ec3077d23896f57b6e3246589e_label_fake.npz,Fake,Deepfake,0.7763588666915895,0.8612545132637024,0.24982500076293945,0.9999916553497314,0.8012182116508484,0.9695049524307251
0MECuVsUHhw_100_2_57b304c25c9e9b9c692711dd240291dca3e0c1b11dcaf9161d19dfe1ba74c76b2f5fe48625126ea94a7177c02b2f75c89c063870857deb4dc4aa4ac0a1502a49_label_fake.npz,Fake,Deepfake,0.3514854945242405,0.3299095928668976,0.022564368322491646,1.0,0.023694338276982307,0.38125917315483093
pjhvih10vOA_2_1_4cbca404eeedae93a764273e4bfa0ce7008f172fa212828fe77587db34e72966df2ceac42a6ad4f28d3f644b4277187b172a4b9c942c1e943d56a4b435771edb_label_fake.npz,Fake,Real,0.1745774619281292,0.24030791223049164,0.015165463089942932,0.04960356280207634,0.46423637866973877,0.1035739928483963
-Z9yRh2X1Uc_32_1_label_real.npz,Real,Real,0.0522499620933286,0.06647057831287384,0.17853805422782898,1.4063972209044096e-09,0.01206117495894432,0.004180001560598612
SzhK7Q-pY0U_1_76_3f7b3393320067701498b8a13269baa9f9735670bb80bdebbf9b69aca472c079476b4d17b61a64379605809777af9def902cf74542f9739d260216067765def8_label_fake.npz,Fake,Real,0.22781512634828688,0.07591541856527328,0.04001803696155548,0.9993314743041992,0.01836628094315529,0.005444420967251062
e0WrsJ1P-AM_13_1_label_real.npz,Real,Deepfake,0.36080857515335085,0.3972807228565216,0.14808377623558044,0.6161652207374573,0.36680546402931213,0.2757076919078827
-nIguiavWKY_53_1_label_real.npz,Real,Real,0.03301395032278682,0.08919250220060349,0.03642925247550011,1.7245536942933626e-10,0.019992176443338394,0.019455820322036743
-aDPCjQeWQs_226_12_5c27b405d490bd37b92443b1c6765fdf2af1eaec096e6ce18f9170acb43cdd1324ae3207d4b21ba2614167ef0744529a66015102798ddad8c9c13af67eae8640_label_fake.npz,Fake,Real,0.18375123720616104,0.08339063078165054,0.46773168444633484,0.3321841061115265,0.022860968485474586,0.012588796205818653
Kkbnm5P2waQ_216_2_label_real.npz,Real,Real,0.01874332654306272,0.060928404331207275,0.01531646866351366,6.088661848480115e-06,0.014254062436521053,0.003211608622223139
I3S-87rFc4U_117_5_label_real.npz,Real,Real,0.04112503029173241,0.11902637034654617,0.05200432613492012,0.0007710235076956451,0.027692826464772224,0.00613060500472784
jagcBY8zj_w_27_7_label_real.npz,Real,Real,0.2580289663746953,0.4934251308441162,0.012872547842562199,1.7105233145398332e-17,0.1876157522201538,0.5962314009666443
b4rtVFikc6Y_163_1_label_real.npz,Real,Real,0.23108555227568073,0.17352601885795593,0.5255840420722961,2.49953985460849e-12,0.35095542669296265,0.10536227375268936
hT1KUqL4PaM_331_1_label_real.npz,Real,Real,0.21988736718880786,0.4901915192604065,0.06441356986761093,1.4895028543904232e-09,0.10995157808065414,0.43488016724586487
SDMFBIhN9fw_205_2_6688a10c75b2940810890df0e8b7700014c3e87c325cc1fe2f64f3392a98df32052efd073d38c505ac20c7f01dde657a03834e57d0be5a151af2da2018699a0b_label_fake.npz,Fake,Deepfake,0.3556384384632111,0.2863508462905884,0.3477402329444885,0.341647744178772,0.47070303559303284,0.3317503333091736
0gNj56kTibw_29_1_5073961b-c49f-424a-918a-03120bc4183f_label_fake.npz,Fake,Deepfake,0.8528192043304443,0.7784760594367981,0.5907958745956421,0.9974918365478516,0.9866182208061218,0.9107140302658081
BJd6leshcjc_15_4_label_real.npz,Real,Real,0.07141024380380259,0.14799125492572784,0.01151399314403534,7.3790279202512465e-06,0.03957051783800125,0.15796807408332825
eUOLg70FT2M_353_1_label_real.npz,Real,Real,0.04647494396740513,0.08090906590223312,0.004315634723752737,1.4917952285031788e-05,0.06379061937332153,0.0833444818854332
4gat-v-Yzvg_142_1_label_real.npz,Real,Real,0.07436694950122925,0.06833094358444214,0.19988135993480682,1.2879181228442338e-11,0.04075588285923004,0.06286656111478806
J_ComKnl1hk_7_29_9f67c80184f75a777443f4635bbab429ab65de4bee7c7882f582a10c2cf37af7189c24ed893bdc75855e7a521b2fcb77d7774172c426fc8ea0344f395df27955_label_fake.npz,Fake,Real,0.285141574125737,0.07345843315124512,0.36886754631996155,0.9565823078155518,0.021656697615981102,0.005142885725945234
SzhK7Q-pY0U_1_25_bc90e876841d63f3c21ad6175ad4afa5dd104c35fbc71fe187a5c90512222e33615ddaa10489957a9567e1ddfb52175b9f708058161af635cd2e2c9ca65700f0_label_fake.npz,Fake,Real,0.0230176762906499,0.07805116474628448,0.02069552056491375,8.030626830191068e-09,0.011585583910346031,0.004756104201078415
hdS30nnhNZo_6_9_1ebda36c79c7942d2d10a68236599dd5be279fcf6f17adb5e29923dfdb0044200b4cdb925434b6c19e51e539da6633d710839af5c9a07a89be405317898e5724_label_fake.npz,Fake,Real,0.03480725399531367,0.07252216339111328,0.08467435091733932,1.604526005394291e-05,0.010990358889102936,0.005833351518958807
B4LwKKKbAuI_88_32_a4a76115535203d52f6ffd146fdec48a0363deb9e05628e304d9d7ae51fd8e2295344498506a1c20ef7ec18c1e6c2c2c5e570c4057040e2319ae18c0d170fabe_label_fake.npz,Fake,Real,0.0279037833004935,0.08044926077127457,0.027865422889590263,1.5961738597525255e-07,0.026348797604441643,0.004855275619775057
eWj2-6q2ybk_211_1_acfe2b4f4b0ea83323b607be0b329fa14ad49f29e8dcdd37a346264fdf0590976fa17c56aaa90ad1eaad1f2d07a18186961a52a4c713086a0bdd8069c4d95b02_label_fake.npz,Fake,Real,0.10862090410664678,0.07077771425247192,0.3723146319389343,0.07683035731315613,0.019573014229536057,0.0036088027991354465
LcG3blUixo0_37_1_179de31290404c21cb681e479c76824f56b3539a4001756762e6631a20d53d275730d907c4ba7a1c9352d20a9d5b0ab84834a813e3df14b269797e67542ba4f5_label_fake.npz,Fake,Real,0.02579801538959146,0.07759449630975723,0.006052092649042606,0.0330033041536808,0.009332998655736446,0.0030071851797401905
zd9TNPVVfvI_29_1_label_real.npz,Real,Real,0.050385532963748016,0.07737602293491364,0.0228723231703043,3.152849092913357e-10,0.05247841402888298,0.09920090436935425
i52UkbhBaSc_21_2_a4a76115535203d52f6ffd146fdec48a0363deb9e05628e304d9d7ae51fd8e2295344498506a1c20ef7ec18c1e6c2c2c5e570c4057040e2319ae18c0d170fabe_label_fake.npz,Fake,Real,0.05772918902839593,0.0706554651260376,0.17486421763896942,1.337437606707681e-05,0.032484669238328934,0.01062821876257658
M2WQAQMu0zc_2_1_2904a5e813723859c454988091d61c848f8c189c9935f0d90c7371452152b0a19948e285c48d21206f01b2631ead4db6e5b6043cc42d7457373b7eb552f62ec3_label_fake.npz,Fake,Real,0.18335034147736096,0.36554574966430664,0.06217605248093605,3.952963467668269e-08,0.037069570273160934,0.4519602954387665
f4S7SIVAHuw_9_7_eba68f916957feb0b223aa2d99e8be2415acb0f0c7a97c9129ad8745ed656f1c0c70043189478534f76045de02de1dfe7859ec324742a8dac042d7b6fc0538ce_label_fake.npz,Fake,Real,0.2195743721909821,0.06457414478063583,0.3194916546344757,0.6936379075050354,0.01693548634648323,0.003232667688280344
Ll8xGtwvH84_353_4_d71a03682ca2999b99dcc94d89a921e6297c14a9b712ddd868b8d87ec0f3da4c115e095b9b8d903c75a6c6f76468aade18d810c593fedac673ad66118dc1b31d_label_fake.npz,Fake,Deepfake,0.5357307195663452,0.5721918940544128,0.2869659662246704,0.9999406337738037,0.28608763217926025,0.5334674715995789
9ERmSCPCY5k_10_1_079564bd621fce68c93a5a77d650116e3c6416c2172db4a25bef0e4cd6f9b1fe61fc8ba2d89a2252f932703fb0ae3356a593b6ade4bf333fc454c3b78bedfb57_label_fake.npz,Fake,Real,0.16296975170262157,0.06685058772563934,0.7164181470870972,0.016627425327897072,0.012453758157789707,0.0024988402146846056
dFiwhwAHNMw_125_4_6daa180b5a8f3703a86898bbacdda8bb2e72f7af44850881e1ee8d17b67bdea94aa26dd2a3d781e6ce1f91a44ef58856e95dd9949eebdc1c0393ee37334cccb6_label_fake.npz,Fake,Deepfake,0.6632451415061951,0.4333976209163666,0.30824288725852966,1.0,0.9132207036018372,0.6613644957542419
uf6AEUyJU94_51_1_label_real.npz,Real,Real,0.022723997400671957,0.06476721167564392,0.02401833049952984,8.18109330280592e-11,0.014421559870243073,0.010412884876132011
Co5CIKNn1mk_102_2_label_real.npz,Real,Real,0.12992194477710087,0.36135134100914,0.06863053143024445,1.451121249829157e-07,0.030185384675860405,0.18944232165813446
gVkKxrLpY1I_61_1_label_real.npz,Real,Real,0.015496692069854469,0.06079402193427086,0.003230530768632889,4.2151070828166937e-11,0.01046836469322443,0.002990542910993099
hw3g_YSYqp0_21_1_label_real.npz,Real,Real,0.07167728907608018,0.19740188121795654,0.01959620788693428,3.3151619227567153e-09,0.03955584391951561,0.10183250904083252
F1D_L94WDJk_0_1_0a021f2a-fd58-4ac9-aa95-27115a54603f_label_fake.npz,Fake,Deepfake,0.5503994047641754,0.5892743468284607,0.5915461182594299,0.9975395202636719,0.08730241656303406,0.4863346219062805
sba-i5-e3WY_3832_2_02405d4603a881a0c1e13de949794f8252d1797f835f3f65ce063e01a3b8eb2457b73e2e78605d46009f5e036423473a0a34187614217632f1913fcdfbd1b34f_label_fake.npz,Fake,Real,0.09638501144945621,0.3074745833873749,0.053268611431121826,0.027606459334492683,0.05394706875085831,0.03962833434343338
PqumaD82tcI_174_1_b6d4554398c0521f33cad04398c7614604e5ff6db94d5fced4ffc9946a263a1fd83117f0a4c3bb26a069599b0f3fae01e01f660a09b6dde3bacd7c86152aa1d3_label_fake.npz,Fake,Deepfake,0.5395605936646461,0.453056663274765,0.08596289902925491,0.9912292957305908,0.49798378348350525,0.6695703268051147
9DTxDmLwFb8_1350_22_1b71df36f4bef7de897271e79f899c26d4de6200d70ec5263385d3840eebc48ab4221346c722c1e8828f4304aaa34a255e37fdd2275eff9f411a79d4b114d229_label_fake.npz,Fake,Deepfake,0.3552658475935459,0.3823208212852478,0.05476929619908333,0.9477977156639099,0.1787593513727188,0.21268205344676971
MxlocFNdoXg_166_5_de623677a2875cc2f11361f109f1156ccc45b49a6d14f48e0ede8e72ef99883d1d849a716a92624ec267fb8843b1f3c269007bbd9d758f39a066ba9e4d572d90_label_fake.npz,Fake,Deepfake,0.4171110726892948,0.15374338626861572,0.8676973581314087,0.9892870187759399,0.036222778260707855,0.038604822009801865
i6fE1x3P2kY_6_1_ce90ce83-9a8c-4d29-8a60-bb7c30d45b8d_label_fake.npz,Fake,Deepfake,0.3779784128069878,0.1968790739774704,0.10765910893678665,0.9999903440475464,0.22774618864059448,0.3576173484325409
7_9hY06BZQc_40_1_d38bca0c-4a5a-44b2-bd7d-57847aae2200_label_fake.npz,Fake,Real,0.2584777995944023,0.12723469734191895,0.109090656042099,0.9994731545448303,0.026902342215180397,0.029688147827982903
WxdaDqICMP8_622_1_d158484bab1d1aecf49bd4752426217aed98ab54bbc08e391ba4211afad86c4cc85d1ff1aba720dadc31de85afde4efa27ac831d82e41b2fa83bcb21c69b0909_label_fake.npz,Fake,Real,0.27863992713391783,0.23523306846618652,0.11509142816066742,0.9983283877372742,0.028477927669882774,0.016068823635578156
GDq1isgt718_14_3_eadb4690-3c8a-488a-9f8b-8ff67ad1c917_label_fake.npz,Fake,Real,0.22976290732622148,0.17500479519367218,0.1955517828464508,0.5492386817932129,0.029501833021640778,0.19951744377613068
8L3KpV8zS4Y_4_6_918c0f8d-23eb-4cc8-9d09-1ffaed4f0174_label_fake.npz,Fake,Real,0.29740770719945436,0.12936602532863617,0.2664005160331726,0.973953366279602,0.02154904417693615,0.09576958417892456
9rjQ5sfeUTg_out_255_1_86ce8b78dda5f59b0c52ac2e1e6854179937e393a42cf33f2abe931217dee6757aa04df71a2beb4a65f882ada60e1c20d21341505496c7bc52e403f6f012bc04_label_fake.npz,Fake,Real,0.31155724772252147,0.2548877000808716,0.28308212757110596,0.0029556576628237963,0.9501753449440002,0.06668540835380554
pTW6ocJKWSQ_448_1_24bef09f-1e46-4d38-999a-eddc41c6c7ce_label_fake.npz,Fake,Real,0.026938875298947097,0.09076514095067978,0.0131623400375247,0.0013791327364742756,0.015182873234152794,0.01420488953590393
-Z9yRh2X1Uc_23_1_d38bca0c-4a5a-44b2-bd7d-57847aae2200_label_fake.npz,Fake,Real,0.05048157889395953,0.06721418350934982,0.001805720617994666,0.170769602060318,0.009661922231316566,0.0029564660508185625
uf6AEUyJU94_12_2_14e0e800-e07f-41f1-a48b-fec9331d8c5c_label_fake.npz,Fake,Real,0.328621422406286,0.07190575450658798,0.5343140959739685,0.9998364448547363,0.02983875758945942,0.007212059106677771
2Ny5UJLpoxg_25_3_90712a1f-57d2-4c9e-9af2-5e66a6c21026_label_fake.npz,Fake,Real,0.3131149008870125,0.10913508385419846,0.09779191762208939,0.6056474447250366,0.6718665361404419,0.08113352209329605
VifDzyPgBNg_331_3_531d9504bf3710a2d32b085272eed0aa17d7c447e8989036d09bca554f27952612fec2c9979d769a1be7d5e1d3c4dadb753984c4fd0a70742f89345fe8e0e020_label_fake.npz,Fake,Real,0.18895357452547618,0.44484758377075195,0.04141489416360855,7.840629223210271e-06,0.14019975066184998,0.318297803401947
ItVAtewt1-M_0_1_170f811a-b468-4ccf-bebe-b30ce2779a22_label_fake.npz,Fake,Real,0.17857778426259757,0.07255443930625916,0.668911874294281,0.13282087445259094,0.00953914038836956,0.00906259287148714
VvyPZwhivKQ_94_1_9135c54c-d315-4bf9-b7a1-ac45d22b99e2_label_fake.npz,Fake,Real,0.046119511127471924,0.0726630836725235,0.1004144623875618,0.02464497834444046,0.029194138944149017,0.003680892288684845
VifDzyPgBNg_757_9_531d9504bf3710a2d32b085272eed0aa17d7c447e8989036d09bca554f27952612fec2c9979d769a1be7d5e1d3c4dadb753984c4fd0a70742f89345fe8e0e020_label_fake.npz,Fake,Real,0.16805171594023705,0.17113493382930756,0.0945955365896225,0.5532782077789307,0.011912827380001545,0.009337074123322964
faepaP1OAAA_150_1_0c8458f3-ed2c-4395-a8a4-4725a5480a77_label_fake.npz,Fake,Real,0.0773248553276062,0.10416540503501892,0.018486928194761276,0.18150924146175385,0.03354745730757713,0.04891524463891983
rMLfEL02QeY_0_1_7427c9e9-e729-423c-84e6-9231e0321e43_label_fake.npz,Fake,Real,0.3155133433640004,0.12542326748371124,0.32095232605934143,0.9996758699417114,0.02238842472434044,0.10912682861089706
2Ny5UJLpoxg_1_1_401ab900-7ee1-4e38-a533-a491a6ff3cbb_label_fake.npz,Fake,Deepfake,0.5783653259277344,0.11418581008911133,0.7326459288597107,0.9994722008705139,0.7348575592041016,0.3106651306152344
jV2pjBg0srU_900_1_069bfbf1463384906e89e5552357c0c3eb8ab39de3dd753ff861a3236fbdad93c3ed0d90c594798167875e4f0757b6ad763e553cbb69f1d6a5f85c8c81a05af8_label_fake.npz,Fake,Deepfake,0.4972836822271347,0.5727538466453552,0.8908429741859436,0.11500491946935654,0.11125000566244125,0.7965666651725769
jV2pjBg0srU_447_4_fc6de929918c8de176a0174ac4d197c6c10273ce120d4197766183bb73f4f8e85213caec34c05f56137334d28db60f6120351c88e99a749f437e917b3bc156ed_label_fake.npz,Fake,Real,0.3184544344665483,0.6647884249687195,0.19550438225269318,0.001018176437355578,0.12493310868740082,0.6060280799865723
uf6AEUyJU94_230_1_2dfcba75-4bc0-44fa-9398-5c84ae6d2c2f_label_fake.npz,Fake,Real,0.25575337298214434,0.19746847450733185,0.040439311414957047,0.999788224697113,0.024677013978362083,0.016393840312957764
NN_GSU0aMzI_12_2_2240656e-d878-4857-ab17-69c4731e23d2_label_fake.npz,Fake,Real,0.28978827446699146,0.2343585193157196,0.06244112178683281,0.9988505840301514,0.09672077000141144,0.056570377200841904
62ywI44YAxQ_92_1_862fd71fc4026017343e01a30fbe9f8eddae057d7e6afdee759b41ad7e5fbdf8ebd64042d57700a54ac47ee91f5cdccb90383aecdd3482ed4d5c7358f80a3502_label_fake.npz,Fake,Deepfake,0.4236712141893804,0.09558173269033432,0.9767345190048218,0.9999947547912598,0.04048161581158638,0.005563448648899794
Jz1hFqllPYs_17_3_eadb4690-3c8a-488a-9f8b-8ff67ad1c917_label_fake.npz,Fake,Real,0.09191409265622498,0.25230351090431213,0.009314160794019699,0.04941471666097641,0.14106205105781555,0.007476023864001036
VifDzyPgBNg_317_47_888f2ee0862bd62c87723c3b174d5161129f017abc9f8344bb879e0fd9fd09d49f50afe3b0865da97e6509bf3b5ffafe5a210a192dea5b55d82628a5df678ecc_label_fake.npz,Fake,Deepfake,0.7188217043876649,0.7129297256469727,0.7436350584030151,0.7573980093002319,0.7261467576026917,0.6539989709854126
jV2pjBg0srU_683_10_55e5ea07bbd6e1e54ac5ac972bcd4d390763267fa69bfd588425780bd8044217f7bb6736bc1c3872af95244db5d49e75fb73aae2656229ee90041b0ff7543545_label_fake.npz,Fake,Real,0.2847907482413575,0.42214322090148926,0.021654367446899414,0.0015065366169437766,0.6445323824882507,0.33411723375320435
LTXWPfNhXzI_14_2_14e0e800-e07f-41f1-a48b-fec9331d8c5c_label_fake.npz,Fake,Deepfake,0.462704485654831,0.4350643754005432,0.18864324688911438,0.5527250170707703,0.9519820809364319,0.18510770797729492
O0nL5vRlcfk_663_1_04af6dbda80ed5efea74527c9014aa4b16c5e88c5b8fbf642cfb369c482679a7080b199c1771c75279fa797dacbb5b84bff44143276aaddd21a1484e5985e7c2_label_fake.npz,Fake,Real,0.2882429683930241,0.6283648610115051,0.036648474633693695,0.0006234619650058448,0.10905136913061142,0.6665266752243042
uf6AEUyJU94_49_1_07259011-35fc-44be-8a5e-ea4868e4db77_label_fake.npz,Fake,Real,0.028550907009048387,0.06499146670103073,0.05480830743908882,0.0001335733977612108,0.01529795490205288,0.007523232605308294
sba-i5-e3WY_3579_1_490608c4c27cfe26c6f3a78405e6b809f151a1eca24eea58498d56d11605a3e2ce3848bd2f42a3d92632e8880d6b27b9b395682dbede6508f170a9e9fa266cdb_label_fake.npz,Fake,Real,0.046771689900197096,0.08651729673147202,0.09667686372995377,0.0018385882722213864,0.03876735270023346,0.010058348067104816
KKeGv-ny-kY_391_1_cfb07d70593ae4a2efbc6ea65f6a8e47221c59af1f66462e8c0b3123c813257e91754ac8fead4d70bfe0070c51a3dd41ed960e6cc5a255f87c602d81378a5dc0_label_fake.npz,Fake,Deepfake,0.4295662477612496,0.3405558466911316,0.4988836646080017,0.9998515844345093,0.04107121378183365,0.2674689292907715
GK9gq8WEHA0_1381_1_e5fdd86884848a3c37d41fe3e7a1568addf725ced6211b31c9b0bd68667e9d5d19702f6d8a195263fee241cc54ada66ca706ff546d29214002b7cc2c56682ab0_label_fake.npz,Fake,Deepfake,0.365892879664898,0.3540138006210327,0.05388274043798447,0.996884286403656,0.1269458830356598,0.2977376878261566
DZp9T_HelHw_114_1_5073961b-c49f-424a-918a-03120bc4183f_label_fake.npz,Fake,Real,0.25479162819683554,0.12246294319629669,0.015857143327593803,0.9999198913574219,0.030905161052942276,0.10481300204992294
1w0GbOsC8DE_36_1_d6e11e02-d92c-4ec5-9f57-c17ab5d5f932_label_fake.npz,Fake,Real,0.23385758381336927,0.08685000240802765,0.01947641186416149,0.999336302280426,0.0515064038336277,0.012118798680603504
dNCH3eXEwB4_847_1_afac80fe6c15fb7621b821ce61325da9c78478e28603336da508d7ff43a3252318e6a0f95832780cc16b503b9d327adc179e52fdf0e87b4e5e8995ac25910a21_label_fake.npz,Fake,Deepfake,0.6970266699790955,0.5234737396240234,0.7119194865226746,0.9999420642852783,0.7459743618965149,0.5038236975669861
elNx36q2vLM_36_1_7fb6c981-6845-42ec-9e9c-1a22aae4b08d_label_fake.npz,Fake,Deepfake,0.3516941593959928,0.1989450305700302,0.5271546244621277,0.9999996423721313,0.018031055107712746,0.014340444467961788
tEEJOZ20R_c_217_1_7fb6c981-6845-42ec-9e9c-1a22aae4b08d_label_fake.npz,Fake,Real,0.2775713689625263,0.07305498421192169,0.2860926389694214,1.0,0.019977737218141556,0.008731484413146973
GK9gq8WEHA0_807_2_da454e0410ea13cc362483595bd2fe63e4df95016c18a0a0ed43c196f06efec628a946fc0c6679cae3969e4776c12501134378459417a185c182c37c975b4e4e_label_fake.npz,Fake,Real,0.10150631422875449,0.20946116745471954,0.23812726140022278,0.0008148988126777112,0.023105908185243607,0.036022335290908813
K5nAHKJjWMY_230_1_c9bc2f83-d130-4643-a64d-176adc37edfb_label_fake.npz,Fake,Real,0.1931812496855855,0.1380172073841095,0.7852614521980286,0.011250833980739117,0.02322244457900524,0.008154310286045074
_gpi6HZA5JQ_22_1_eadb4690-3c8a-488a-9f8b-8ff67ad1c917_label_fake.npz,Fake,Real,0.1050223003141582,0.06924393773078918,0.10253524035215378,0.33412933349609375,0.013762364163994789,0.005440625827759504
PqumaD82tcI_356_6_da454e0410ea13cc362483595bd2fe63e4df95016c18a0a0ed43c196f06efec628a946fc0c6679cae3969e4776c12501134378459417a185c182c37c975b4e4e_label_fake.npz,Fake,Deepfake,0.5923975229263306,0.6355697512626648,0.07406508922576904,0.9672607183456421,0.5998535752296448,0.6852384805679321
PqumaD82tcI_219_28_a640e7bec1f7492ad916307b7a89d5df65ab97d9e22d11be70651d1bd12577a405a2d168d59969b4e1a40fa77385e9e97a4878bd3b66bf7f270cfd749769aaf2_label_fake.npz,Fake,Deepfake,0.3644404286518693,0.07154848426580429,0.7333006262779236,0.9954264760017395,0.012032685801386833,0.009893870912492275
Nz7QfvnRkuE_906_1_b271b0942536be9b385ecac283ba9754be1f1c3c1320fd6262311065ab29dc244c6cef18dc42bea10a2b16693519267d052d982080867fab23c3165eea8334ea_label_fake.npz,Fake,Real,0.2829574217088521,0.0818190723657608,0.3954080045223236,0.9095233082771301,0.021988168358802795,0.0060485550202429295
mu11jOqHkrQ_1_1_006fabb7d2d2421d7627a0467d48b66ca8e10aad2f16e228ce6ec72bd736c00e7ce043d1e1dfa77f36ef1ac68ec56abfd0790018e90e34dfe67ff101000e4c22_label_fake.npz,Fake,Real,0.21907293889671567,0.07171748578548431,0.008375798352062702,0.9887053370475769,0.016124624758958817,0.010441448539495468
9DTxDmLwFb8_832_15_41448b1f18e7526a07f7e942ea991bf4724abe7442c5aa801252ef90a870e69bc502f3cfd05399f25c10052d24d2aceb0eb7d66f0c4fa428f9e15236cddbf8ce_label_fake.npz,Fake,Deepfake,0.671526375412941,0.777826726436615,0.14778007566928864,0.9999830722808838,0.5445751547813416,0.8874668478965759
1aIMkhQHGO0_38_1_bad86453-fe34-457d-b49d-b996fd601f45_label_fake.npz,Fake,Real,0.14127241373062133,0.13279038667678833,0.4059530794620514,0.09062109142541885,0.04051577299833298,0.03648173809051514
uwUNgTjP7Ts_32_1_6aa4b8d7-8755-4a0b-84d9-b8f2155550ca_label_fake.npz,Fake,Real,0.06846256218850613,0.1731025129556656,0.0583573542535305,0.0105710718780756,0.08251574635505676,0.01776612550020218
6l6NFBuOYjk_159_1_c1ba24ed64fb3171113fda43013f2d59d15347769c39f0747946242c75e507f91cea92fddff6f4a542d69544e942a0382319018603b700a147bd969adb45f621_label_fake.npz,Fake,Real,0.3110112190246582,0.569412887096405,0.1751304417848587,0.17053434252738953,0.16473056375980377,0.475247859954834
cyyeokhRDgI_777_7_07259011-35fc-44be-8a5e-ea4868e4db77_label_fake.npz,Fake,Deepfake,0.5819107867777348,0.5054728984832764,0.018902648240327835,0.9997815489768982,0.6920003294944763,0.6933965086936951
vExEOy-9eF4_10_5_b06edf2a-be93-4b67-8cce-b890b35594d6_label_fake.npz,Fake,Real,0.33246242590248587,0.24667058885097504,0.016771763563156128,0.4736080467700958,0.8943044543266296,0.03095727600157261
wf32v1liDSQ_2_1_eadb4690-3c8a-488a-9f8b-8ff67ad1c917_label_fake.npz,Fake,Deepfake,0.5163815870881081,0.288171648979187,0.32415539026260376,0.9999982118606567,0.8943394422531128,0.07524324208498001
tgWpcB36m-Q_36_1_22d623d6c5587fba817256b52840e2aa99b8abe47e6ed55ad40b385ac459180e2bc4f32f2a12fb381c6251495c4811c15790c3e300f89bb54b4b6a1aaeb0421c_label_fake.npz,Fake,Deepfake,0.6482857417315245,0.7951797246932983,0.8581776022911072,0.03089008294045925,0.778551459312439,0.7786298394203186
WimhDf8VpTA_130_2_6fc9b55f3e268f0ca50c494d4f8089b773655df99e0bca98466e4169e026b957992cf60f59bdc4a7cf8026d889cd8d2152d4d4b30543d097624acad4bee702f9_label_fake.npz,Fake,Real,0.060423788055777555,0.10017161816358566,0.054327405989170074,0.07110219448804855,0.05065266042947769,0.025865061208605766
hlgbJ-9GE6k_19_1_9a44893c-749d-45e0-88c9-ac980dcd93ab_label_fake.npz,Fake,Real,0.17569306176155808,0.4269063174724579,0.21468842029571533,0.012469924055039883,0.13144858181476593,0.09295206516981125
ldI1peHBLa0_203_2_f8c0e946e7af7735dffc27b2650afcdbf69adfbf870e4ec5155325950d90229237a3be9ebb664e00c5815473de82de7383f38e659d1ee4e33d408ce37310a946_label_fake.npz,Fake,Real,0.2184830700047314,0.07113280892372131,0.0077528441324830055,0.9968944787979126,0.012029489502310753,0.004605728667229414
Ee8o538xFwE_720_1_f28017cdfa0d75d680936c219084c7d81235169b1bd64d8fb0448ce5554100f99a9e1d65591d2ec357c228bb0c28c3dceee004077760036e81578e7cd0db98f6_label_fake.npz,Fake,Real,0.07854707327496727,0.2463536262512207,0.11192243546247482,8.017908839974552e-05,0.020299209281802177,0.014079916290938854
ldI1peHBLa0_195_4_077a1c2f83ddbaadbd15d0e4b050a98e23f2ff53ce2a1c2ba036b6cdd4accbe46578d5943ee885d9aeafe2972d70ce1da15e1428274c9a6479d392bb40fb950a_label_fake.npz,Fake,Real,0.3072367453016341,0.07104646414518356,0.45026344060897827,0.9999399185180664,0.009709582664072514,0.005224320571869612
btSL5MQfYjA_234_2_5472658c-e935-4a7d-922c-d33611b91134_label_fake.npz,Fake,Deepfake,0.5986558556556701,0.5913824439048767,0.08416742086410522,0.9946199655532837,0.7591540217399597,0.5639554262161255
RTANgWdCuMo_1353_1_4514ea2fcb3fa3f830b3113d5c1651934141201799121381737cc3b3685f18c4116369d29eade71755263e097b8e54ef1913fb386759d34d0300a8f6d26e3185_label_fake.npz,Fake,Real,0.2863500364124775,0.07362788170576096,0.3273997902870178,0.9999998807907104,0.02205158956348896,0.008671039715409279
9X-SE-3CPw4_768_8_3a67e258b683a93605f1d196c0db5789e00ed05652fb86aafaa3da6da1c31bbdc79bd14c3b3f4d2cf2cb825e444b859769628b97f41ebcc373c238ceba2da97c_label_fake.npz,Fake,Deepfake,0.6135321259498596,0.4861086905002594,0.7321007251739502,0.9977013468742371,0.1430201232433319,0.7087297439575195
KLyiFfWtoPI_657_1_b20852cd13badfd3c1615f3c405db2bcc8f65723de59d8fa69bb56171afbf3fae558ad4f1cd4d6bc19f4c89d3c6ba8c7e3736ee3125939bd00dafce86da0d5da_label_fake.npz,Fake,Deepfake,0.4311961475759745,0.5902552604675293,0.0474759042263031,0.004738988354802132,0.8810709714889526,0.6324396133422852
ldI1peHBLa0_43_1_24d48acd09b057867118d9f1558fd2c6045be3b39a4ad535b6ca8e790236b0d066361070524a87734186ce152874a8b8670d893f477f95f6c596acdb8b96224f_label_fake.npz,Fake,Real,0.26793268849141894,0.07046450674533844,0.2509869337081909,0.9999549388885498,0.014712768606841564,0.0035442945081740618
AsrSRZTj2Tk_121_31_0a324221df8791800c358ed2fbfba4e8754c9dac05bd731ef6b7efb001178d987bb0d68a8697b58f5750453e0b5dff0baea31d445d815e77f3678eadb05a7c38_label_fake.npz,Fake,Real,0.09015669682994486,0.2325933426618576,0.002233151812106371,0.06791014969348907,0.04604798182845116,0.10199885815382004
Ee8o538xFwE_366_1_236bdda4b44e7173043672371ba47bffb01b5c9afcedc1bb1214edfbb6e4c9bf32e63ab83f9580c345d1d1a544cdbda3cb0a7b7150627d2b589fbedd12928262_label_fake.npz,Fake,Real,0.3079609887674451,0.2875385582447052,0.009407357312738895,0.9999761581420898,0.11956042796373367,0.12332244217395782
qv45xE78kx0_258_1_c622b811-4d89-47d9-bef3-79ee7de98762_label_fake.npz,Fake,Deepfake,0.5170433573424816,0.43932732939720154,0.5752647519111633,1.0,0.512893557548523,0.05773114785552025
KLyiFfWtoPI_562_1_944444cf-3002-412d-bdaa-a78873058217_label_fake.npz,Fake,Real,0.17602837309241293,0.25273799896240234,0.1365612894296646,0.4616999626159668,0.014229433611035347,0.014913180842995644
ldI1peHBLa0_47_6_bcf9b311-513a-4618-b63a-d0d8a41f3af6_label_fake.npz,Fake,Real,0.051829182449728256,0.06869616359472275,0.11590809375047684,0.0570061132311821,0.012604305520653725,0.0049312361516058445
IcAV5qiko8M_119_6_4423514fa51943a7a32bbed365f479687b108270c71c3b0691032ccbe7073cad303e3a9d84817c1b5b230d0531827b87a9e384b98fa2ccf8d892232e98b00f9b_label_fake.npz,Fake,Deepfake,0.4031811863183975,0.26016512513160706,0.35444965958595276,0.9999995231628418,0.1780598759651184,0.2232317477464676
LGd_iDH5tU4_5_130_b92b86e9-0f00-4e34-86a9-4cd561871aec_label_fake.npz,Fake,Deepfake,0.363391038030386,0.09869679063558578,0.7261524200439453,0.869839072227478,0.031499702483415604,0.09076720476150513
vAQM3cPJxSg_16_1_5ae14cef9b5ae03444d80e9a85021130f4c28d26874404429c7cdd4e29690f783f9b051279af28d9ff10fb7a90b23fad1059eddef9714fddda8a4e70efa16dfc_label_fake.npz,Fake,Real,0.3110799573361874,0.43730422854423523,0.056132253259420395,0.6494530439376831,0.05098403990268707,0.361526221036911
ldI1peHBLa0_175_9_4829ea6c-ed55-4a47-8ee3-a3ea5092ad4e_label_fake.npz,Fake,Real,0.3274049490690232,0.19877943396568298,0.0354810506105423,0.9986326098442078,0.1625182330608368,0.24161341786384583
gEpZTuQhcuA_335_14_ee368035-ea13-4842-90f4-5c50dfbf1a7e_label_fake.npz,Fake,Deepfake,0.49031311087310314,0.5366262793540955,0.007477005943655968,0.6723790764808655,0.9024549722671509,0.3326282203197479
tf_pzTBKuFY_410_2_53da3a00-8c41-49a9-995a-f070ec8aa8f7_label_fake.npz,Fake,Deepfake,0.4274836163967848,0.18004976212978363,0.018372608348727226,0.9895365238189697,0.8661888241767883,0.083270363509655
0mnBxMvTbts_5_1_66b11674-be64-48af-963b-8bbef4136a04_label_fake.npz,Fake,Real,0.22888253619894383,0.07551739364862442,0.04947296530008316,1.0,0.013398603536188602,0.006023718509823084
y9BVPefouIs_2703_4_ecaa6ed7-2d9c-44d5-bfe5-92bbf26cb41b_label_fake.npz,Fake,Deepfake,0.6889720857143402,0.6421935558319092,0.5134785175323486,0.9033826589584351,0.9633108377456665,0.4224948585033417
-mMaHBtQ-DU_20_1_85da687977ebe2951514daafb325c5a1a2b47a87d0b7ba80c96c1381b9d58861dee3e20672b62c479b8eb2ed54e4e1df90c485429031f848f671cd89a918333a_label_fake.npz,Fake,Real,0.29025620501488447,0.08322349935770035,0.31997454166412354,0.9999889135360718,0.04114113748073578,0.00695293303579092
dTeNSc1Sp28_161_165_fc3b87e39142b5fced5eb2422f0f5277bdf471c8865e9a233c413e9271695f8e33e209c8b52065c951b7b4e8eef446a928074b5e28b9961a6f4c6cb9849325c7_label_fake.npz,Fake,Real,0.1599867720156908,0.06560658663511276,0.5060823559761047,0.20750707387924194,0.01679358258843422,0.003944260999560356
PqumaD82tcI_293_14_e367092337eee68457a6bfb2e79a824aac31cb865ac3161f9e9a836260acdab578a2ec33d9ec1a4cbcc2cfe7801ab5bc8db466685f7de393bd75608992b0325f_label_fake.npz,Fake,Real,0.27279880065470935,0.07206441462039948,0.2594553530216217,0.9999998807907104,0.023468514904379845,0.009005839936435223
VifDzyPgBNg_217_1_dfdc608b73d04756629688c121f7f6a7bd234f66cad03997515107ccc8b99ff88aefba0e32cc9ff73e1f27f801f92f31319b8027a9113df24ff5db390446e5de_label_fake.npz,Fake,Real,0.24015940222889187,0.07487936317920685,0.11623665690422058,0.9912342429161072,0.013076722621917725,0.005370025523006916
4E06roNBNx4_19_1_03da017be4dffe4409c79005842b51cadfaace30ceab713c4855d66225ee03c528f6d8d3336616ee89c195976e69fd11dd52888dda7692bd7966bbed17386a33_label_fake.npz,Fake,Real,0.09074269086122512,0.2722187638282776,0.04310038685798645,0.08445915579795837,0.03180364519357681,0.022131502628326416
KyeC6d6MTSU_195_1_e23fcbfdbd4639b11c95fb4c8fb94d4b8c576234203af247a6aa4e230e0247e37085eae1fa5aef4832e68cae29d165e45ebccc16ea830d43827c700877602c72_label_fake.npz,Fake,Real,0.11692845824873076,0.06166105344891548,0.5060889720916748,0.00035533186746761203,0.012515615671873093,0.0040213181637227535
1aIMkhQHGO0_3_1_26d0398a-3c2d-4e99-86a6-89de0306ae48_label_fake.npz,Fake,Real,0.30707202851772314,0.2581380009651184,0.18273696303367615,0.9999300241470337,0.05478188022971153,0.03977327421307564
eIt57YWVTck_288_4_fac0e0620a2a168767fac7877778ba19086a86e38d25aee89579c84d16860079cc6ff038dd7cbf1893caa49e3f75eb966a06404e0ea9dd2f72725084fd5e9ff0_label_fake.npz,Fake,Deepfake,0.4066977322101593,0.1714351922273636,0.3249625861644745,0.8411924242973328,0.5635845065116882,0.13231395184993744
xZT8cNQCq2s_45_1_0118ae01-24f2-4fda-8249-aff3c49e5a26_label_fake.npz,Fake,Deepfake,0.5505115389823914,0.5776090621948242,0.518246054649353,0.5423051118850708,0.5441507697105408,0.570246696472168
F5pWQReu6io_549_5_70fdaa18-f24a-4637-8e98-d425c9d6d4e6_label_fake.npz,Fake,Deepfake,0.5501064896583557,0.14243647456169128,0.9242735505104065,0.9999994039535522,0.5363055467605591,0.14751747250556946
mOPffKIq18w_149_1_61f4d2fcd897621a1db8422bafe2ef51cabafbf83a6a39c5a718ed46de7adfac6d1d4b653f05d3e0888ae141c4ea27b821041dddfe74d1cb3c39f6fca550a1c8_label_fake.npz,Fake,Deepfake,0.4491421361453832,0.30769801139831543,0.0075568766333162785,1.0,0.8703293800354004,0.0601264126598835
L8Bp2IMqp5A_2_1_80d90a73f72fc311202bfebf64c52334221de05b3e0757e6620b06694345585d81d943cf2b22d57232cb31b8045eb9be237e83b5e8de871b2ecdd47ec9a80114_label_fake.npz,Fake,Deepfake,0.39534430727362635,0.2341143637895584,0.020132478326559067,0.9892981052398682,0.21808916330337524,0.5150874257087708
1aIMkhQHGO0_11_1_5e74185b5d7c39934c59e49f7b485a0e5bb4fd21363e1b15c7d584cc9f14750c1a5b32583f1df1de150f05401528cf6c8188f5f2dba6422cdb21886529dd2bda_label_fake.npz,Fake,Real,0.2756773225963116,0.14003227651119232,0.2028159648180008,0.9960429668426514,0.023657454177737236,0.015837950631976128
SabGmKoEfYk_91_1_8f44672518c4ceaf145d437b16844eef8a019f7d0a9e35174c5335901be2849599b8e2bd00d78db77dfadace67db6e702eb1fb92f5612a534dd1226e69f5f2b1_label_fake.npz,Fake,Deepfake,0.46255832193419344,0.7456985712051392,0.9823885560035706,0.0058856843970716,0.4798754155635834,0.09894338250160217
SabGmKoEfYk_40_1_b7f60d58-8a64-492e-b9cc-77bdb213b08b_label_fake.npz,Fake,Real,0.0710496012121439,0.15885993838310242,0.0184977725148201,0.0725620910525322,0.08080492913722992,0.02452327497303486
KLyiFfWtoPI_526_1_a8447516-1136-4856-8cd6-52333ce053e8_label_fake.npz,Fake,Deepfake,0.38244245497335216,0.5068955421447754,0.4897858798503876,1.1317330063320696e-05,0.739627480506897,0.17589205503463745
LQwbKBaau9Y_68_1_bf9c82e8-6a77-4151-84a6-97d7517ce9c6_label_fake.npz,Fake,Deepfake,0.3719143547117711,0.4068429172039032,0.09724582731723785,0.4662924110889435,0.8291773200035095,0.060013297945261
QokRiSc2AHE_37_1_eed27cca-e5c8-4b3e-a56d-206bb80a1126_label_fake.npz,Fake,Real,0.32169179841876033,0.4775055944919586,0.9355319142341614,0.12928563356399536,0.037017226219177246,0.029118623584508896
ff154AYIysk_52_15_1144456f-09f3-4cc9-b0d8-34065313f13e_label_fake.npz,Fake,Deepfake,0.7718541979789735,0.7161324620246887,0.6868733763694763,0.9137113690376282,0.908053457736969,0.6345003247261047
aRhkxaF7cO0_20_1_6ff52bc1-30d2-42b0-bb4a-33791d363922_label_fake.npz,Fake,Deepfake,0.4286199808120728,0.5135372281074524,0.039867103099823,0.9883117079734802,0.30542001128196716,0.295963853597641
1bKa493VnVw_220_1_c14b7ac6-3a0d-4d10-bf54-ca6757841a00_label_fake.npz,Fake,Real,0.2896265344694257,0.06944694370031357,0.5282778143882751,0.8311266899108887,0.013264072127640247,0.0060171522200107574
LQwbKBaau9Y_235_1_f5c4bbe9-473a-47e7-a950-ed30063ffb7f_label_fake.npz,Fake,Deepfake,0.47114734351634985,0.1578604131937027,0.1995917707681656,0.9771785736083984,0.9555690288543701,0.06553693115711212
P9rEtDiot-w_100_1_5cc5e7c4-db87-47eb-adc7-54964f3d1fb0_label_fake.npz,Fake,Real,0.30027629043906934,0.0699605867266655,0.4156368374824524,0.5722813010215759,0.4281902611255646,0.015312465839087963
647itg-A_aw_40_2_4224094c-c2ef-495e-a293-e87afb132673_label_fake.npz,Fake,Deepfake,0.35065548904240135,0.07842382043600082,0.2271987795829773,0.9999977350234985,0.43920275568962097,0.008454354479908943
b0Z9IpTVfUg_31_4_d5763ca8-9494-4184-b1e9-5ba8bf016b3c_label_fake.npz,Fake,Deepfake,0.6538940787315369,0.5836969614028931,0.5120058655738831,0.9797929525375366,0.9410088062286377,0.2529658079147339
iJ-5uw3xtd8_71_1_36b71322-609d-4baa-83dd-08e716878bae_label_fake.npz,Fake,Deepfake,0.5141957581043243,0.6278435587882996,0.3322393000125885,0.9998743534088135,0.1797739565372467,0.43124762177467346
SNHUu7YkNjA_150_1_434326aa-6759-4833-aaef-6b7b7cbdf44e_label_fake.npz,Fake,Real,0.2728197082877159,0.0883474126458168,0.1930740475654602,0.9999667406082153,0.07207684218883514,0.010633498430252075
b4rtVFikc6Y_1677_1_e660d5e7-74a2-46ca-a530-31fa1cb8b4ec_label_fake.npz,Fake,Real,0.2548091121017933,0.1688939779996872,0.3104986250400543,0.6932759881019592,0.020380917936563492,0.08099605143070221
66hZVQIWCEE_107_4_be5b9ca5-75f1-4599-bc3f-7e5318339509_label_fake.npz,Fake,Deepfake,0.576484614610672,0.5274756550788879,0.880760908126831,1.0,0.38076725602149963,0.09341925382614136
8GpRabFxLWk_281_2_796f9038-21cd-4ff5-b258-57516e357e3c_label_fake.npz,Fake,Real,0.34303123280405995,0.0848606526851654,0.5879448056221008,0.9979825019836426,0.015729326754808426,0.028638876974582672
BiutERE4Jgk_329_1_50a94732-7918-4da7-8871-b10ad7f6f02b_label_fake.npz,Fake,Real,0.31392641291022305,0.153753861784935,0.4715842604637146,0.8441468477249146,0.02985754981637001,0.07028954476118088
BiutERE4Jgk_860_1_12dc8bb2-39c4-418b-994f-5f587916c3eb_label_fake.npz,Fake,Real,0.17486441470682623,0.22965781390666962,0.2590737044811249,0.21038348972797394,0.021410750225186348,0.15379631519317627
lJPnnQ3ksWo_158_1_6ae5f4ec-d95e-4d8f-a4a6-d23621bf4d59_label_fake.npz,Fake,Real,0.3441700154915452,0.21105630695819855,0.4932878315448761,0.011502210982143879,0.9123775362968445,0.092626191675663
3OMfB1MRAig_78_10_367809bd-f8d5-452b-b951-fc368af7af0b_label_fake.npz,Fake,Deepfake,0.43499754602089524,0.5213902592658997,0.005547099281102419,0.9999570846557617,0.02879304066300392,0.6193002462387085
lJPnnQ3ksWo_52_3_29800dc0-d3e8-4033-8447-e8a25e416d11_label_fake.npz,Fake,Deepfake,0.6627833366394044,0.4039004445075989,0.6149684190750122,0.9999845027923584,0.9402635097503662,0.3547998070716858
4FT5RYuifwE_47_2_0a5cac23-6cdf-4c40-a36f-478154f855bd_label_fake.npz,Fake,Real,0.27239076867699624,0.08520200848579407,0.5555806159973145,0.6275819540023804,0.08317592740058899,0.010413337498903275
orD3vsEyGdA_42_1_ecb41622-7f69-45be-a4ed-d2cd39ce6dee_label_fake.npz,Fake,Deepfake,0.3932739213109016,0.45598793029785156,0.8293965458869934,0.024436600506305695,0.27768808603286743,0.3788604438304901
zJ_VT04DryI_1190_1_d9aff0f1-66b5-4c30-b632-93dcbde76386_label_fake.npz,Fake,Real,0.32912405468523503,0.3323574960231781,0.17763490974903107,0.9999977350234985,0.01938627101480961,0.1162438616156578
wXODvu8UfXc_8_1_d0c69511-1a11-4f6c-9b68-4a01cd0180c4_label_fake.npz,Fake,Deepfake,0.5253226637840271,0.5336554050445557,0.3012597858905792,0.7583885788917542,0.5599991679191589,0.4733103811740875
9TFi9Zo4FJc_52_1_a72ed983-a2b3-49f0-9c6e-1d5d9be2d518_label_fake.npz,Fake,Real,0.3426543667912483,0.289187490940094,0.10697585344314575,0.8894634246826172,0.310671865940094,0.11697319895029068
VJGVR9ECWhg_23_1_41f474ea-f96a-46ba-8ecd-50f0be37e015_label_fake.npz,Fake,Real,0.3166094705462456,0.07643157243728638,0.4942850172519684,0.9862672090530396,0.015025435946881771,0.011038118042051792
Q67YB87tfWE_62_7_20663c60-0b9a-4680-a24b-06c299e03c6a_label_fake.npz,Fake,Deepfake,0.505311044678092,0.7693800330162048,0.4505840539932251,0.940224826335907,0.02818251959979534,0.33818379044532776
sJai0cem3jQ_330_1_d6b0a0fd-0d20-4855-a2fa-e621da858489_label_fake.npz,Fake,Real,0.23243089467287062,0.07116621732711792,0.07406207919120789,0.9909155964851379,0.020217375829815865,0.00579320453107357
KNEGWrD08f8_39_1_3831097e-e5e6-4e97-851e-931dbb59e80a_label_fake.npz,Fake,Deepfake,0.37054771855473523,0.06838575750589371,0.7243620157241821,0.9999516010284424,0.05153267830610275,0.008506540209054947
cA6bhAuQDVk_231_1_ba4124d3-27ea-485d-bafd-314a74b74e12_label_fake.npz,Fake,Deepfake,0.3801277190446854,0.3880852460861206,0.36043572425842285,0.5346908569335938,0.20483975112438202,0.4125870168209076
kPMxp9AWEOQ_43_1_452c7062-af3b-401c-a98e-cec4d69bc01a_label_fake.npz,Fake,Real,0.33587529361248014,0.12442918121814728,0.07362888008356094,0.9920490384101868,0.47799307107925415,0.011276297271251678
n8DXfKivV5s_2_4_97c77c87-386f-41aa-b5ae-b25ec8baed19_label_fake.npz,Fake,Real,0.34606431536376475,0.3822898864746094,0.25644275546073914,0.999993085861206,0.08110528439283371,0.01049056462943554
AuChjLH9pAA_33_10_4b2e52a2-5562-4232-a370-a715a474f6b9_label_fake.npz,Fake,Real,0.26814719340763987,0.06964422017335892,0.2654239535331726,0.9851994514465332,0.018070725724101067,0.002397616161033511
V3Cav6WhwZc_0_2_b0f55d1a-61f3-4220-acc7-bb924224ed89_label_fake.npz,Fake,Deepfake,0.4490195602178573,0.3068177103996277,0.20895060896873474,0.9999022483825684,0.5517070293426514,0.17772020399570465
GAw-vEk3Fys_1639_2_e947d9b3-b728-4fb3-8afc-8b3d7d656011_label_fake.npz,Fake,Real,0.34630955047905443,0.1945471316576004,0.03441267088055611,0.9774864912033081,0.5007123351097107,0.024389123544096947
_UpirrRkPZI_359_1_c0942ded-3637-44ed-9eac-fffbbe59d463_label_fake.npz,Fake,Deepfake,0.5351427614688874,0.28703728318214417,0.25786328315734863,0.9836199283599854,0.7569311261177063,0.3902621865272522
sJai0cem3jQ_615_2_8962bf55-1153-43b0-872e-28775c881c23_label_fake.npz,Fake,Real,0.23054210655391216,0.06643279641866684,0.02556370384991169,0.9999209642410278,0.04650981351733208,0.014283254742622375
lkMV6SxilXc_86_2_1fb57f7e-a839-4def-81a3-ea493d2bb32b_label_fake.npz,Fake,Real,0.17067537875846028,0.0701274573802948,0.39094194769859314,0.3772682547569275,0.010058359242975712,0.004980874713510275
awYvLQ53n3M_79_3_4993dfba-1320-4391-bece-6afc5a477a82_label_fake.npz,Fake,Real,0.14079821992199867,0.22423148155212402,0.0476674847304821,0.00016562954988330603,0.17803840339183807,0.2538881003856659
LNn1IW-5-rI_0_1_8962bf55-1153-43b0-872e-28775c881c23_label_fake.npz,Fake,Real,0.274181492254138,0.43301326036453247,0.011550585739314556,0.8864315152168274,0.012474746443331242,0.027437353506684303
YbnS39GAcQo_305_1_e243c2e8-21ed-4f3d-8df3-efd35a2f8532_label_fake.npz,Fake,Real,0.1464280940592289,0.20594531297683716,0.11716164648532867,0.04709272459149361,0.1676933318376541,0.19424745440483093
7N-mvmbeX2Y_330_3_a1925a07-7661-4a9b-8d1f-3012d96bdf07_label_fake.npz,Fake,Real,0.06257110679816834,0.2481343299150467,0.004938810132443905,4.852857273363043e-06,0.035657159984111786,0.024120381101965904
TkpyR9VBwTs_24_1_b2da3583-00d1-41a4-a9f1-512b133c9210_label_fake.npz,Fake,Deepfake,0.4103166624903679,0.2377515733242035,0.5955552458763123,1.0,0.051311932504177094,0.1669645607471466
I-B_Oa6_eNU_1_1_16a1fbf7-cf59-4dc9-a458-80d69ffb34c5_label_fake.npz,Fake,Real,0.24346928694285452,0.06390699744224548,0.13933971524238586,0.9997779726982117,0.011225072667002678,0.003096676664426923
0C0G4BT4pzQ_133_1_123ad2c7-7f96-41db-8f5c-c4f6bf766fe1_label_fake.npz,Fake,Real,0.2779502801597118,0.08558929711580276,0.2741711437702179,0.9980955719947815,0.018446478992700577,0.013448908925056458
99LDOZtE6es_46_2_40bd919e-58e3-47c2-ab09-73e6a6f70a12_label_fake.npz,Fake,Deepfake,0.40930619008286157,0.8079962730407715,0.9696178436279297,7.573102629976347e-05,0.09300044178962708,0.17584066092967987
WjMuIWoYKSs_5_1_5f9da37e-5ce7-4a91-ae7c-e991df6a740d_label_fake.npz,Fake,Real,0.3197442799806595,0.259246826171875,0.19841395318508148,0.9999990463256836,0.03856421262025833,0.10249736160039902
zd9TNPVVfvI_50_1_d5b220ece8e74e27e79b186e6af9acd64537b2ff3f51fca7aa303b4d1b00253988e06dfc4c48dcc89428902d801282ccd05fe631b61fb800d12f65fa07866539_label_fake.npz,Fake,Real,0.08425686546252109,0.08232757449150085,0.2821182608604431,0.00023082646657712758,0.02272736094892025,0.03388030454516411
T47iIAEaLmY_1080p_137_9_889b86a8-849e-4787-bcac-b28498aafe37_label_fake.npz,Fake,Real,0.2194984906469472,0.13856086134910583,0.4613577127456665,8.736975723877549e-05,0.4109032154083252,0.08658329397439957
xIMS_-reEco_173_1_9b1f6fa0808afdf12aa680a24bcca75e8508ee44b4839922cc70e11127f3954a5c0da62fd6572af01785d8789545bc0cc3907cf7d3b7393547b2492eed49de68_label_fake.npz,Fake,Real,0.2620855130255223,0.15504972636699677,0.021324632689356804,0.9999527931213379,0.017364783212542534,0.11673562973737717
Tdgb6NvUjhk_42_2_e4f3e424-41a2-4366-a274-6d0f0e6bad2c_label_fake.npz,Fake,Deepfake,0.6172495007514954,0.7784726023674011,0.5922438502311707,0.338006854057312,0.6429634690284729,0.7345607280731201
XcBujh5E4mU_0_1_76e7df4b-ebc8-4cde-ac00-9dd8a44fd122_label_fake.npz,Fake,Real,0.2718555113300681,0.0743655413389206,0.42086556553840637,0.8304218649864197,0.028320007026195526,0.005304577760398388
d3HzrFRMQ-s_107_1_82d8da5b20bb6189376fd7d308eaaaa256bb32c6cdb96108caaf3a32b203ddfe2c49122d0b86de364d0196832a3201959020c26798d434a73d616a7858197f52_label_fake.npz,Fake,Real,0.168102090805769,0.08617820590734482,0.5391762852668762,0.1034182533621788,0.0343167819082737,0.0774209275841713
y_H9JEbn-XU_164_1_7bb7354f-ebe8-46e9-8f03-7a78b6a5497b_label_fake.npz,Fake,Deepfake,0.42772127836942675,0.5207590460777283,0.17745570838451385,0.9081918001174927,0.1107027605175972,0.42149707674980164
V4ky5dwCLUg_79_1_50c6bfe4f3f458aa23b34a1a9b3a478086d78f6616af0b80aa5f7d3f121b7a52c1ec484422937ee4c78465ff237bc675d7e264c61aa1af0128478af1c1fc60eb_label_fake.npz,Fake,Real,0.06453286549076438,0.08582907170057297,0.005868058186024427,0.14928384125232697,0.03400655463337898,0.047676801681518555
VuHRkRk5Y0I_1_1_07a29c6781b83f68bdb76f80647aade9786b3665f977b9040fb7395931faa14b9a0878c16d444ddee649019d7a03a10aa9159b57879d7961d489ea913e9c7a1b_label_fake.npz,Fake,Real,0.28714970750734214,0.08923466503620148,0.4166400730609894,0.0009701340459287167,0.9087188243865967,0.020184841006994247
gz-PPJGb0Fw_14_1_a0313aae2956e41ea940591258d002fdfc3fbc2e5852df52de887d916c68f35aeee6cc733414b36a239366b9b093222bc41f6abb3dd1763510e7a22934945b00_label_fake.npz,Fake,Real,0.10869307695916178,0.07340958714485168,0.3288832902908325,2.3036743641569046e-06,0.08815240114927292,0.05301780253648758
2BKokh3MsQ0_53_1_2283d87b7ed4c3115661b72d88358e00d1a3de116a67d2e8cdfd1d0b574a1ff7414d68d37f7a165a758ae1a5e734b57865e0e3ae52c5ecd1682b6f1b066cf425_label_fake.npz,Fake,Real,0.24826224842690864,0.43326225876808167,0.2533380389213562,0.00010242059943266213,0.34976905584335327,0.20483946800231934
QpbPUAQ9GxM_2_1_f19c513caab1c2f927df0cd2b8a676bb9adec59a16fa275097ef3bad141e1c3c4c81a6da178d85f913d8d166df06b66f6d027e1b1c534cb10cb7290172733dd4_label_fake.npz,Fake,Deepfake,0.45159616135060787,0.4429309666156769,0.388202965259552,0.9999982118606567,0.026188774034380913,0.4006598889827728
FfsLl48yd88_179_15_db5284de-a360-4cab-a56b-5bffd00b0167_label_fake.npz,Fake,Real,0.03606445241603069,0.11796648800373077,0.00847261119633913,0.0003632172883953899,0.03805932030081749,0.015460625290870667
d-3eWru8Rhw_62_1_742c01cb86c95616c9b91ae396781b73f9829c0e021581aa4e0c89fd945c67ba08fc77a998458ddfab56cc5569426ffd779148c20f6709fa29a8287a2d5279c5_label_fake.npz,Fake,Real,0.09994638393691276,0.11563044786453247,0.15139836072921753,0.00022654882923234254,0.11858271807432175,0.11389384418725967
d3HzrFRMQ-s_44_1_2e309a24929d92ade5e3aed37cb43232c0ad9a3ee0c5bb52e72d303449e27491758a0d84eb51a71e93eb8bdf3cb86c91ce81cca620c031fb4b2b5cac3aa0f8d1_label_fake.npz,Fake,Real,0.1634246274828911,0.07509643584489822,0.424587607383728,0.2780086100101471,0.025604980066418648,0.01382550410926342
7eUMXPSjWNI_30_34_29664170-1be0-4d79-b072-07a702370e20_label_fake.npz,Fake,Real,0.22538799941539767,0.07752253115177155,0.016319256275892258,0.9690528512001038,0.03285534679889679,0.031190011650323868
lyC3ISVmpwY_410_1_73ddaa74-5386-49e6-8eb0-07d4edc7ef29_label_fake.npz,Fake,Deepfake,0.35876163132488725,0.06313389539718628,0.7161322236061096,0.9993407130241394,0.010893662460148335,0.004307662136852741
NEEN8fSBuWI_386_1_2e362171-60dc-40f5-b348-8b5acb7d8a4b_label_fake.npz,Fake,Real,0.3055251076817513,0.5954089164733887,0.24225129187107086,0.08791948109865189,0.04670347273349762,0.5553423762321472
v3QirpCH8PM_165_1_5b3a540681c6b6caad1ac7ada55fafdbeda01c14208a9e161c36f015ffc757eaaa3693c1f26c41b944f81b18b2c775d96da1e5197fa5a261b675052d03c89182_label_fake.npz,Fake,Real,0.22816389873838153,0.5201753973960876,0.1072501689195633,1.0715162264418598e-11,0.034227509051561356,0.4791664183139801
WYP2eizW7gY_130_6_30ba9bab-a647-43d6-a250-a6004d736d55_label_fake.npz,Fake,Deepfake,0.5306174859404564,0.25888100266456604,0.44891130924224854,0.9989860653877258,0.8757275938987732,0.07058145850896835
30CXCDECyG4_1080p_176_7_6ffcfa3f-9115-4249-899d-63d861692de8_label_fake.npz,Fake,Real,0.2904758978635073,0.16503934562206268,0.017446791753172874,0.9999997615814209,0.03924265876412392,0.23065093159675598
V4ky5dwCLUg_361_1_243b92841e9043c880193147c22d123a042302bf44bdfa48463eb8e56f5cc526456de6376d547273b08a9e8f70c296061adc1f753e69117da6d070da31af2f89_label_fake.npz,Fake,Real,0.050496843162605755,0.07281181216239929,0.11369014531373978,1.5290725130512328e-08,0.05089668184518814,0.015085561200976372
-8ocXGKuChc_81_4_9e75ac0f-6728-49b4-ac3f-5c3c22dd6944_label_fake.npz,Fake,Real,0.3108044028282166,0.2063647359609604,0.3972638249397278,0.8561477661132812,0.055872298777103424,0.03837338835000992
eUOLg70FT2M_460_1_061722981f77054421d946c6b7189f44063488f62b22e9b27b45bf8045be63248bb2d24109252264677011c696b9ceb5a7571545a77cdb823788cc6b3bd1b7ea_label_fake.npz,Fake,Real,0.07910706426482647,0.20367038249969482,0.018994346261024475,0.0010290717473253608,0.046815115958452225,0.1250264048576355
L36UzqXOjcY_14_1_783931abcb303ee16358ff4ae350c72cc3504c31a3b011b8f2469f1b586ba73f92e9da756385c2a60398b9943f826fefc3202f036bf7d22d8fe9645aff697192_label_fake.npz,Fake,Real,0.23299817553312324,0.0930556058883667,0.8806616067886353,2.4021420585995656e-07,0.046337325125932693,0.14493609964847565
ZzfsQF3ig2k_329_1_14941de1de58c50490831267090037c1709c355044e99809ac7738e4add4e94524e4becdb8448bc3f39dc612664cf1988c8fa3858d9a0d8af9376e90809f4001_label_fake.npz,Fake,Real,0.33504678606987004,0.0773964449763298,0.5098650455474854,0.9999874830245972,0.04513778164982796,0.042847175151109695
JFBVpNgehIg_1080p_102_5_889b86a8-849e-4787-bcac-b28498aafe37_label_fake.npz,Fake,Real,0.12336974134007052,0.17342431843280792,0.2114849090576172,4.837889946429641e-07,0.03502938896417618,0.1969096064567566
zyEFcNYytCI_31_1_783931abcb303ee16358ff4ae350c72cc3504c31a3b011b8f2469f1b586ba73f92e9da756385c2a60398b9943f826fefc3202f036bf7d22d8fe9645aff697192_label_fake.npz,Fake,Real,0.31847868742825086,0.6784940361976624,0.1976698487997055,9.03915770322783e-06,0.09031029045581818,0.625910222530365
hT1KUqL4PaM_342_1_9993b1f5ad2b7cc611fb718918f53395cc69fdeecf2a6a2b5b5b0ffb20e31ffecb7359d6bcc7f682c47ca4d18491eda03b047be133f9ed8182d1d1475951030f_label_fake.npz,Fake,Real,0.03363083451990122,0.09447509050369263,0.01940414123237133,1.904220189733255e-13,0.016838328912854195,0.03743661195039749
6naugGonRkE_1080p_102_3_4b5ae5b5-7420-44a2-8042-02f22e8d2b0a_label_fake.npz,Fake,Real,0.08694620539899917,0.14877478778362274,0.04642258584499359,0.001204265165142715,0.15955905616283417,0.07877033203840256
hT1KUqL4PaM_499_1_061da964212ef923d623062d4097c80b90e8ecff2b9427561deda2b4d2c53b216d58dd2925f9ab5e25e5448b20bbcbae4cb67e6129b03163d2bdd49e85d4a1f3_label_fake.npz,Fake,Real,0.04368052314966917,0.0708765834569931,0.10271790623664856,0.008328886702656746,0.023589476943016052,0.012889762409031391
eUOLg70FT2M_449_1_f19c513caab1c2f927df0cd2b8a676bb9adec59a16fa275097ef3bad141e1c3c4c81a6da178d85f913d8d166df06b66f6d027e1b1c534cb10cb7290172733dd4_label_fake.npz,Fake,Real,0.2305017033391778,0.19206738471984863,0.24275466799736023,6.18853846390266e-06,0.33192500472068787,0.3857552707195282
lXXCH-gBGzI_64_16_ed851225-f8ba-4a30-9715-ba65a2f5e3bb_label_fake.npz,Fake,Deepfake,0.41518594026565553,0.5442810654640198,0.37187859416007996,0.6407347321510315,0.1885034143924713,0.33053189516067505
aEJY8qrqB7M_31_1_2ac9a8f9effb8a010f6529f9ff440a0fdf3fa0c16e6aff6c586330ba34be8819eafa112f6c8eff79f429f5234963ee6582460d947d5d764bd9294b98b91248e9_label_fake.npz,Fake,Real,0.03681121467379853,0.10379288345575333,0.048659250140190125,0.0005050934269092977,0.02207215130329132,0.009026695042848587
KRwnkBc5OJs_0_9_1de7f11ad15259491ed04febd0138ff0ecd842b34aeaab35200613adac90e1e04f1e0c7aa4f7ac6ae7bad16d6fb38313070f90b6c965e2469b0daed97af1a941_label_fake.npz,Fake,Real,0.04573452205072286,0.1274539679288864,0.0020163992885500193,5.530431579359174e-08,0.022618288174271584,0.07658389955759048
Du1SKO_ri4w_70_17_33b83807-b656-4801-9f84-b5f4a4d772d4_label_fake.npz,Fake,Real,0.33889555316418407,0.4452630579471588,0.11707720905542374,0.015235445462167263,0.6372455954551697,0.479656457901001
gz-PPJGb0Fw_8_1_d647b73602a3a0c1b06f282a612c29eefc6a7e372bc8af212a41f481843c23a975b41ca402f06ecb7dc660d4dd22a814f7659b48da7dfd28c02a319032394da1_label_fake.npz,Fake,Deepfake,0.49312355220317844,0.25524404644966125,0.06103737652301788,0.999994158744812,0.6487696170806885,0.5005725622177124
7HZ7W3C41hA_33_1_8c97d3aa6dc2d33e24439b51d48b04e2685f87806f718453e0382720d114a3daa2c6b40c676281eac17e752e2e869390e0b02b736b3f85727bde15dce6286fdc_label_fake.npz,Fake,Real,0.059800047858152544,0.06758459657430649,0.16169801354408264,0.0003008267958648503,0.03619826212525368,0.033218540251255035
qHO_Dn73ZRY_14_1_25b48eff-41bb-4ee5-9583-31d78953c782_label_fake.npz,Fake,Deepfake,0.41444938331842424,0.7733107805252075,0.3664224445819855,0.7298827767372131,0.10040072351694107,0.10223019123077393
7eUMXPSjWNI_12_8_dd20b229-400e-48c3-aa3a-a7a8b7aae596_label_fake.npz,Fake,Real,0.23526122160255908,0.13205178081989288,0.24835649132728577,0.5748061537742615,0.2075061947107315,0.013585487380623817
j1VeIEcNIbY_72_1_2c6006a0-c464-413d-b592-5dd8808413f0_label_fake.npz,Fake,Real,0.3321545822545886,0.2058679312467575,0.4996110200881958,0.9285176396369934,0.01608177274465561,0.010694547556340694
03GPqk22j-w_233_1_30ba9bab-a647-43d6-a250-a6004d736d55_label_fake.npz,Fake,Real,0.3254828030243516,0.17039528489112854,0.4288886785507202,0.99998939037323,0.0190714243799448,0.009069236926734447
ntGTvYmCcHE_16_1_3fbe5bd221633ba4fd33019608c2ec18971dcd598787508c5493a957e76effd1e8d3dd452997b10d41fea9a9f5109f322639fb58fe46d18a5315361320ab8b29_label_fake.npz,Fake,Real,0.08588773172357379,0.1244683563709259,0.14546427130699158,7.716943173363688e-07,0.024754103273153305,0.13475115597248077
MATJqR93d5I_21_2_faa0ecc626e80638016d6295b5018372b8567f5f3177f68039e8049b12b555163027f6ebdeb13fd1771de64bb828ff4ff7c28d3258976a05da6b8baad061aae1_label_fake.npz,Fake,Real,0.2439447718206793,0.06662039458751678,0.12082578986883163,0.9987006187438965,0.029771316796541214,0.0038057391066104174
u-X671JqQWA_62_200_35c70f50-82ca-4156-a58a-bc7361d00cc2_label_fake.npz,Fake,Deepfake,0.7084811866283417,0.5245479941368103,0.43423178791999817,0.9820766448974609,0.8900846242904663,0.7114648818969727
gz-PPJGb0Fw_11_1_c79c7db7ab70179acb0449da4da23f91a90c866a6838fe86c1e3044a354d161c6e83ef0acf18ea7381eebaa766f124f83b17e7bd11ea00e17eb3c89ce3cda6cb_label_fake.npz,Fake,Real,0.11589786135408817,0.07626886665821075,0.18646584451198578,1.5016662757716404e-07,0.13392339646816254,0.1828310489654541
d3HzrFRMQ-s_65_1_783931abcb303ee16358ff4ae350c72cc3504c31a3b011b8f2469f1b586ba73f92e9da756385c2a60398b9943f826fefc3202f036bf7d22d8fe9645aff697192_label_fake.npz,Fake,Deepfake,0.4493489413689531,0.6532710790634155,0.17660704255104065,3.4913038689410314e-05,0.8671442866325378,0.549687385559082
c8faf9ac-0fde-11f1-857c-ac1f6b8d2e48_label_fake.npz,Fake,Deepfake,0.6377070128917695,0.5623474717140198,0.1506403386592865,0.9999979734420776,0.8382068276405334,0.6373424530029297
b27d98d6-0fe0-11f1-857c-ac1f6b8d2e48_label_fake.npz,Fake,Deepfake,0.4522062461823225,0.26772579550743103,0.7219007015228271,0.9999978542327881,0.030520787462592125,0.24088609218597412
97c7f58c-0fdf-11f1-857c-ac1f6b8d2e48_label_fake.npz,Fake,Real,0.2578305148519576,0.07047763466835022,0.8406464457511902,0.3642689883708954,0.007897904142737389,0.005861601326614618
f6b61948-0fdf-11f1-857c-ac1f6b8d2e48_label_fake.npz,Fake,Deepfake,0.47198221236467364,0.7279991507530212,0.12434788793325424,0.4364841878414154,0.13699720799922943,0.9340826272964478
3af3ba3e-0fe0-11f1-857c-ac1f6b8d2e48_label_fake.npz,Fake,Deepfake,0.7206172853708268,0.6340808272361755,0.843687891960144,0.9999957084655762,0.21293164789676666,0.9123903512954712
0df43f4a-0fe0-11f1-857c-ac1f6b8d2e48_label_fake.npz,Fake,Deepfake,0.6231520265340806,0.41667118668556213,0.14723636209964752,0.9999998807907104,0.7932695150375366,0.7585831880569458
344fb148-0fdf-11f1-857c-ac1f6b8d2e48_label_fake.npz,Fake,Real,0.3344139538705349,0.07690946757793427,0.6080434918403625,0.9565762877464294,0.015399198979139328,0.015141323208808899
Je9hLZKYTz4_72_21_755fe992-3641-40d7-b679-ea63dce7f3e7_label_fake.npz,Fake,Real,0.33568157702684404,0.3966172933578491,0.21757115423679352,0.5989814400672913,0.045502834022045135,0.4197351634502411
E7lIbmnQqgU_429_1_7bb7354f-ebe8-46e9-8f03-7a78b6a5497b_label_fake.npz,Fake,Real,0.24373828321695332,0.10379066318273544,0.11057420819997787,0.9305675029754639,0.020713839679956436,0.05304520204663277
q__LT1Js9gE_1080p_93_8_4b5ae5b5-7420-44a2-8042-02f22e8d2b0a_label_fake.npz,Fake,Real,0.14113950855098667,0.2946881055831909,0.07363733649253845,0.00018774601630866528,0.06992976367473602,0.2672545909881592
cMueCZNhQW4_125_1_d7d7722d-0815-4b6d-b78f-4246bc4fdc64_label_fake.npz,Fake,Real,0.2806423142552376,0.1381089836359024,0.45227906107902527,0.6416308879852295,0.10348231345415115,0.06771032512187958
84a4879e-0fe0-11f1-857c-ac1f6b8d2e48_label_fake.npz,Fake,Deepfake,0.5490488169714809,0.6887405514717102,0.41043758392333984,0.005228935740888119,0.6567291021347046,0.9841079115867615
62c711be-0fe0-11f1-857c-ac1f6b8d2e48_label_fake.npz,Fake,Real,0.1828069595620036,0.06761299073696136,0.6923757791519165,0.12091895192861557,0.02005286142230034,0.013074214570224285
WYP2eizW7gY_226_2_8cbc9f84-b2a0-4259-8d25-75bc3fe46032_label_fake.npz,Fake,Deepfake,0.41190603673458104,0.0998997613787651,0.9214634299278259,0.9999920129776001,0.021764535456895828,0.01641044393181801
u24egzL00g0_671_4_20995a78-b8e8-4d52-87d1-7a88d8054046_label_fake.npz,Fake,Deepfake,0.5336447417736054,0.36982765793800354,0.5904249548912048,1.0,0.4242323338985443,0.28373876214027405
Je9hLZKYTz4_93_8_0355b3bf-1012-438f-ad94-38febe47e89c_label_fake.npz,Fake,Deepfake,0.38875285238027574,0.3876688480377197,0.06119189411401749,0.9999785423278809,0.215067520737648,0.27985745668411255
85d52844-0fe0-11f1-857c-ac1f6b8d2e48_label_fake.npz,Fake,Real,0.26157064717262984,0.07020529359579086,0.21693354845046997,0.9942576885223389,0.013700705021619797,0.012756000272929668
SY_xV-Raq3A_1080p_114_1_9ae6ec58-1283-4ceb-8218-36be07c7daf7_label_fake.npz,Fake,Deepfake,0.48553771153092395,0.4198145568370819,0.48840534687042236,0.9997723698616028,0.05441688373684883,0.46527940034866333
f1e3cdac-0fdf-11f1-857c-ac1f6b8d2e48_label_fake.npz,Fake,Deepfake,0.46208057478070264,0.08142486959695816,0.9675713777542114,0.9734958410263062,0.24798434972763062,0.0399264357984066
FGAyYl3ZICw_79_1_7964fe14-4905-46cf-9c67-16c7083e579c_label_fake.npz,Fake,Deepfake,0.394474108889699,0.3765048682689667,0.07387913763523102,0.8949674963951111,0.5985895991325378,0.028429443016648293
H1ajK1qLRWc_1080p_75_1_0162a1ad-b693-40d4-87f1-a59ebcb339e7_label_fake.npz,Fake,Real,0.25616250541061164,0.48859643936157227,0.43212342262268066,0.0083950599655509,0.033247631043195724,0.3184499740600586
OpitcLEYak8_1080p_48_6_0355b3bf-1012-438f-ad94-38febe47e89c_label_fake.npz,Fake,Real,0.21185781620442867,0.17621658742427826,0.023438898846507072,0.07712429761886597,0.5241507291793823,0.25835856795310974
e332b688-0fdf-11f1-857c-ac1f6b8d2e48_label_fake.npz,Fake,Real,0.2696645932272077,0.06602989137172699,0.21845687925815582,0.9987840056419373,0.057189784944057465,0.00786240492016077
UzfVjgZKjro_1080p_97_13_bbd3c409-edb2-49b2-a105-a1abc7ec067a_label_fake.npz,Fake,Real,0.22847931943833827,0.10172557830810547,0.019257722422480583,0.9054722189903259,0.03243332356214523,0.08350775390863419
cMueCZNhQW4_138_1_292977ba-de5b-48ca-91c6-cc93e179a4ba_label_fake.npz,Fake,Real,0.23634403301402926,0.07334166765213013,0.09253042191267014,0.9959447979927063,0.014534041285514832,0.005369236227124929
aa21f49e-0fdf-11f1-857c-ac1f6b8d2e48_label_fake.npz,Fake,Deepfake,0.4187901372089982,0.08207400888204575,0.9933761954307556,0.9999985694885254,0.011255964636802673,0.007245947606861591
ba7edd76-0fde-11f1-857c-ac1f6b8d2e48_label_fake.npz,Fake,Deepfake,0.6599651634693147,0.42872267961502075,0.7438153624534607,0.9999985694885254,0.1997549831867218,0.9275342226028442
apnde-Dpq8E_1080p_114_1_ea88bd1e-ce84-4f21-a9d6-eb913cb10b5b_label_fake.npz,Fake,Real,0.2659149467945099,0.4718320965766907,0.0652923434972763,0.0733451098203659,0.3649284541606903,0.35417672991752625
a1952c3c-0fe0-11f1-857c-ac1f6b8d2e48_label_fake.npz,Fake,Real,0.07394900768995286,0.10097825527191162,0.15918952226638794,0.09368042647838593,0.011305580846965313,0.004591253586113453
7be0a610-0fe0-11f1-857c-ac1f6b8d2e48_label_fake.npz,Fake,Real,0.26605550274252887,0.11145944893360138,0.15597207844257355,0.9705576300621033,0.05389842763543129,0.03838992863893509
3c302f22-0fe0-11f1-857c-ac1f6b8d2e48_label_fake.npz,Fake,Deepfake,0.43004085570573813,0.3660650849342346,0.5642146468162537,0.9998513460159302,0.13781064748764038,0.0822625532746315
i56Klb7z3Pw_731_1_2e362171-60dc-40f5-b348-8b5acb7d8a4b_label_fake.npz,Fake,Real,0.1679784908890724,0.07513435184955597,0.5659488439559937,0.17309413850307465,0.014863202348351479,0.010851917788386345
441bd084-0fdf-11f1-857c-ac1f6b8d2e48_label_fake.npz,Fake,Deepfake,0.3980419039726258,0.09929332882165909,0.870201826095581,0.9891125559806824,0.012992186471819878,0.01860962249338627
7b89f082-0fdf-11f1-857c-ac1f6b8d2e48_label_fake.npz,Fake,Real,0.14436525274068118,0.11302273720502853,0.4587850868701935,0.1299411505460739,0.014251697808504105,0.0058255912736058235
hR6MLH3vp80_1080p_292_1_e6215410-78fa-416b-9dd0-491564554f80_label_fake.npz,Fake,Real,0.20922864684835077,0.6363881826400757,0.00958196260035038,0.003909251186996698,0.03217020630836487,0.3640936315059662
7950fe40-0fe0-11f1-857c-ac1f6b8d2e48_label_fake.npz,Fake,Real,0.24971015490591528,0.08314039558172226,0.1472042351961136,1.0,0.011455381289124489,0.006750762462615967
6dcc0830-0fe0-11f1-857c-ac1f6b8d2e48_label_fake.npz,Fake,Deepfake,0.42811075821518896,0.24592116475105286,0.8361372351646423,1.0,0.028470318764448166,0.030025072395801544
499cb7e4-0fdf-11f1-857c-ac1f6b8d2e48_label_fake.npz,Fake,Real,0.32290585665032273,0.05811947584152222,0.5608069896697998,0.97740238904953,0.011683067306876183,0.006517361383885145
H1ajK1qLRWc_1080p_53_1_bcb94566-1c37-4edb-ad61-c01dac172a76_label_fake.npz,Fake,Deepfake,0.395088654011488,0.33683133125305176,0.2116551399230957,0.9779412746429443,0.04265030845999718,0.40636521577835083
333aefb6-0fdf-11f1-857c-ac1f6b8d2e48_label_fake.npz,Fake,Deepfake,0.4252344757318497,0.16825275123119354,0.9221764802932739,0.984093189239502,0.010396331548690796,0.041253626346588135
16b2cd14-0fdf-11f1-857c-ac1f6b8d2e48_label_fake.npz,Fake,Real,0.2608628129586577,0.07093129307031631,0.20990142226219177,0.9991040825843811,0.015467075631022453,0.008910191245377064
baf95c70-0fe0-11f1-857c-ac1f6b8d2e48_label_fake.npz,Fake,Real,0.3118205631151796,0.07246760278940201,0.8635668158531189,0.5990694761276245,0.013179687783122063,0.010819233022630215
b91138b2-0fde-11f1-857c-ac1f6b8d2e48_label_fake.npz,Fake,Real,0.28360308706760406,0.07226170599460602,0.6047996282577515,0.2109181433916092,0.036151573061943054,0.4938843846321106
e1ede09a-0fdf-11f1-857c-ac1f6b8d2e48_label_fake.npz,Fake,Real,0.2236947188153863,0.06483868509531021,0.103953517973423,0.9362554550170898,0.010438099503517151,0.0029878364875912666
6adc37d0-0fe0-11f1-857c-ac1f6b8d2e48_label_fake.npz,Fake,Real,0.3317271213978529,0.6812196969985962,0.4467984139919281,0.02186155878007412,0.10092006623744965,0.40783587098121643
2f554774-0fe0-11f1-857c-ac1f6b8d2e48_label_fake.npz,Fake,Real,0.32069592261686924,0.06619551032781601,0.7354902625083923,0.7854519486427307,0.011528297327458858,0.004813594277948141
390fc5fa-0fe0-11f1-857c-ac1f6b8d2e48_label_fake.npz,Fake,Deepfake,0.40919686779379844,0.4125880300998688,0.29613354802131653,0.8650674223899841,0.0524471215903759,0.4197482168674469
2e52d954-0fe0-11f1-857c-ac1f6b8d2e48_label_fake.npz,Fake,Deepfake,0.46586222499609,0.4201182425022125,0.6220586895942688,0.9115936756134033,0.04162170737981796,0.33391880989074707
d3625f52-0fe3-11f1-857c-ac1f6b8d2e48_label_fake.npz,Fake,Deepfake,0.37562863379716876,0.07019954919815063,0.8556082248687744,0.9429811239242554,0.0069996751844882965,0.002354595810174942
6302bd1a-0fe3-11f1-857c-ac1f6b8d2e48_label_fake.npz,Fake,Deepfake,0.6522211775183678,0.4415707290172577,0.9859271049499512,0.9999990463256836,0.05700584501028061,0.7766031622886658
0f33d952-0fe4-11f1-857c-ac1f6b8d2e48_label_fake.npz,Fake,Real,0.3292104216758162,0.05784391611814499,0.5661903619766235,0.9714381098747253,0.04676971212029457,0.0038100082892924547
836d6b88-0fe1-11f1-857c-ac1f6b8d2e48_label_fake.npz,Fake,Real,0.34664424657900744,0.4168677031993866,0.0832051932811737,3.954335990596913e-12,0.8623475432395935,0.37080079317092896
fc02da50-0fe2-11f1-857c-ac1f6b8d2e48_label_fake.npz,Fake,Real,0.08038544268347325,0.06684620678424835,0.3164629340171814,0.0007977129425853491,0.01075712125748396,0.00706323841586709
0e0805b2-0fe4-11f1-857c-ac1f6b8d2e48_label_fake.npz,Fake,Real,0.04030874823220074,0.06781870871782303,0.046694859862327576,0.0697932094335556,0.014451717957854271,0.0027852451894432306
1c8bc7d2-0fe3-11f1-857c-ac1f6b8d2e48_label_fake.npz,Fake,Real,0.030902399960905318,0.05348245054483414,0.07840312272310257,0.007606322877109051,0.009634534828364849,0.005385568831115961
9ee0b170-0fe3-11f1-857c-ac1f6b8d2e48_label_fake.npz,Fake,Deepfake,0.8185930013656617,0.6767264604568481,0.9462985992431641,0.9988904595375061,0.9396711587905884,0.5313783288002014
d48a4746-0fe3-11f1-857c-ac1f6b8d2e48_label_fake.npz,Fake,Real,0.29030085883568973,0.5137301087379456,0.2839488685131073,0.0011948089813813567,0.26560792326927185,0.38702258467674255
c90bf226-0fe2-11f1-857c-ac1f6b8d2e48_label_fake.npz,Fake,Deepfake,0.41964347623288634,0.32350602746009827,0.39350733160972595,0.9981344938278198,0.02724037878215313,0.3558291494846344
e5bf5184-0fe1-11f1-857c-ac1f6b8d2e48_label_fake.npz,Fake,Real,0.34327324926853175,0.06918454170227051,0.6216076612472534,0.9999798536300659,0.015272676944732666,0.010321512818336487
ede18314-0fe1-11f1-857c-ac1f6b8d2e48_label_fake.npz,Fake,Real,0.2155151406652294,0.08153718709945679,0.9491178393363953,0.0005169670912437141,0.02089706063270569,0.025506649166345596
248aa7d6-0fe4-11f1-857c-ac1f6b8d2e48_label_fake.npz,Fake,Real,0.2634722117334604,0.07923682034015656,0.1283467561006546,0.9999963045120239,0.02131837047636509,0.08846280723810196
86346d70-0fe2-11f1-857c-ac1f6b8d2e48_label_fake.npz,Fake,Real,0.33077925783582035,0.06965342909097672,0.5694547891616821,0.9999738931655884,0.012123105116188526,0.0026910726446658373
cec2f720-0fe0-11f1-857c-ac1f6b8d2e48_label_fake.npz,Fake,Real,0.22510169274173675,0.06589328497648239,0.056666091084480286,0.9904077649116516,0.009169371798634529,0.003371950937435031
e045fcc0-0fe2-11f1-857c-ac1f6b8d2e48_label_fake.npz,Fake,Deepfake,0.4202087491750718,0.11656296253204346,0.49227187037467957,0.9999997615814209,0.19888783991336823,0.29332131147384644
68d3e446-0fe1-11f1-857c-ac1f6b8d2e48_label_fake.npz,Fake,Deepfake,0.5064247310161591,0.8578557372093201,0.09903183579444885,0.9323049783706665,0.10085916519165039,0.5420719385147095
2ad9bf20-0fe2-11f1-857c-ac1f6b8d2e48_label_fake.npz,Fake,Real,0.19873783960938454,0.07125061750411987,0.7305883169174194,0.17398174107074738,0.009755694307386875,0.008112828247249126
8f29624a-0fe3-11f1-857c-ac1f6b8d2e48_label_fake.npz,Fake,Real,0.02255738659842308,0.07214013487100601,0.01924571581184864,7.594302076086024e-09,0.008388307876884937,0.01301276683807373
9c883534-0fe2-11f1-857c-ac1f6b8d2e48_label_fake.npz,Fake,Real,0.1673750818707049,0.05735884979367256,0.145536407828331,0.6171282529830933,0.01286727748811245,0.00398462126031518
b65a909c-0fe2-11f1-857c-ac1f6b8d2e48_label_fake.npz,Fake,Deepfake,0.3585544301196933,0.06752445548772812,0.7051125764846802,0.999841570854187,0.011955047026276588,0.008338500745594501
6e3718f8-0fe2-11f1-857c-ac1f6b8d2e48_label_fake.npz,Fake,Deepfake,0.7012432366609573,0.18138335645198822,0.9983559250831604,0.9946415424346924,0.9258415699005127,0.405993789434433
84afef78-0fe3-11f1-857c-ac1f6b8d2e48_label_fake.npz,Fake,Real,0.2939168274402618,0.092477947473526,0.2750225067138672,0.9927137494087219,0.016144730150699615,0.09322520345449448
0643d208-0fe3-11f1-857c-ac1f6b8d2e48_label_fake.npz,Fake,Deepfake,0.4533725559711457,0.6369671821594238,0.2841413617134094,0.34728315472602844,0.15107405185699463,0.8473970293998718
a11c6042-0fe3-11f1-857c-ac1f6b8d2e48_label_fake.npz,Fake,Real,0.2605120504274964,0.07852859050035477,0.1796824038028717,1.0,0.03529825806617737,0.009050999768078327
1ce81524-0fe2-11f1-857c-ac1f6b8d2e48_label_fake.npz,Fake,Real,0.3096363028511405,0.07994206994771957,0.4466286599636078,0.9999819993972778,0.014836031012237072,0.0067927539348602295
abcf18d8-0fe1-11f1-857c-ac1f6b8d2e48_label_fake.npz,Fake,Real,0.2247228678315878,0.07798436284065247,0.8557640910148621,0.046694230288267136,0.11288755387067795,0.030284101143479347
aa42b172-0fe2-11f1-857c-ac1f6b8d2e48_label_fake.npz,Fake,Real,0.24918106906116008,0.08020172268152237,0.10838687419891357,0.9905913472175598,0.0462898313999176,0.020435569807887077
ce56f898-0fe2-11f1-857c-ac1f6b8d2e48_label_fake.npz,Fake,Deepfake,0.40819184938445685,0.05293445661664009,0.9681861996650696,1.0,0.013422993943095207,0.0064155966974794865
f8607ab0-0fe2-11f1-857c-ac1f6b8d2e48_label_fake.npz,Fake,Deepfake,0.44784048795700077,0.2884235680103302,0.4590758681297302,0.9995239973068237,0.423785001039505,0.0683940052986145
d23a45fc-0fe0-11f1-857c-ac1f6b8d2e48_label_fake.npz,Fake,Deepfake,0.6725456476211549,0.8785337805747986,0.3535560667514801,0.915234386920929,0.3259386718273163,0.88946533203125
6b1f1854-0fe3-11f1-857c-ac1f6b8d2e48_label_fake.npz,Fake,Deepfake,0.35857433201745154,0.06686405092477798,0.7090464234352112,0.9999986886978149,0.013005650602281094,0.003956846427172422
d9e81856-0fe0-11f1-857c-ac1f6b8d2e48_label_fake.npz,Fake,Deepfake,0.363634861074388,0.06471481919288635,0.7287482619285583,1.0,0.016435500234365463,0.00827572401612997
820c65a8-0fe3-11f1-857c-ac1f6b8d2e48_label_fake.npz,Fake,Deepfake,0.40445647304877635,0.07162370532751083,0.933274507522583,0.999998927116394,0.011954879388213158,0.005430345889180899
1610cc3a-0fe4-11f1-857c-ac1f6b8d2e48_label_fake.npz,Fake,Real,0.22628212785348298,0.26396870613098145,0.772224485874176,0.0028946618549525738,0.026974324136972427,0.06534846127033234
cfabdfb6-0fe1-11f1-857c-ac1f6b8d2e48_label_fake.npz,Fake,Real,0.3349433120340109,0.6525896191596985,0.5396589040756226,0.019267527386546135,0.026269465684890747,0.4369310438632965
cdad5376-0fe0-11f1-857c-ac1f6b8d2e48_label_fake.npz,Fake,Deepfake,0.4053647939115763,0.06808995455503464,0.8992148637771606,0.9999643564224243,0.014898950234055519,0.04465584456920624
a91640ee-0fe1-11f1-857c-ac1f6b8d2e48_label_fake.npz,Fake,Deepfake,0.3856701582670212,0.4354676306247711,0.22225415706634521,0.9999998807907104,0.12960359454154968,0.14102552831172943
c38764bc-0fe1-11f1-857c-ac1f6b8d2e48_label_fake.npz,Fake,Deepfake,0.3986874794587493,0.06617994606494904,0.9108986854553223,0.9999998807907104,0.010285568423569202,0.0060733165591955185
72e02fd8-0fe3-11f1-857c-ac1f6b8d2e48_label_fake.npz,Fake,Deepfake,0.690346622467041,0.6944095492362976,0.8995353579521179,0.9999998807907104,0.1137283444404602,0.7440599799156189
3b840b10-0fe1-11f1-857c-ac1f6b8d2e48_label_fake.npz,Fake,Real,0.1981905296444893,0.06719460338354111,0.8177908062934875,0.0830300822854042,0.013900384306907654,0.009036771953105927
dd6c5ab4-0fe0-11f1-857c-ac1f6b8d2e48_label_fake.npz,Fake,Real,0.09490908426523674,0.07092320919036865,0.3784887492656708,8.65359470481053e-05,0.019731152802705765,0.005315774120390415
e293fe52-0fe0-11f1-857c-ac1f6b8d2e48_label_fake.npz,Fake,Real,0.2934662611689419,0.05992596223950386,0.5487448573112488,0.8393669128417969,0.01600825972855091,0.0032853137236088514
faada542-0fe0-11f1-857c-ac1f6b8d2e48_label_fake.npz,Fake,Deepfake,0.5917508572340012,0.13343457877635956,0.6536734104156494,0.9771744608879089,0.5802040696144104,0.6142677664756775
dba8a25e-0fe1-11f1-857c-ac1f6b8d2e48_label_fake.npz,Fake,Real,0.3307250760495663,0.0611652210354805,0.5746654868125916,0.999422550201416,0.011914297007024288,0.006457825191318989
4515ecd8-0fe2-11f1-857c-ac1f6b8d2e48_label_fake.npz,Fake,Deepfake,0.8186546325683595,0.6607217192649841,0.971668541431427,0.985988199710846,0.9166985750198364,0.5581961274147034
1b3e92fc-0fe2-11f1-857c-ac1f6b8d2e48_label_fake.npz,Fake,Real,0.30558087751269347,0.07110254466533661,0.43415215611457825,1.0,0.01742004230618477,0.005229644477367401
b94910fc-0fe3-11f1-857c-ac1f6b8d2e48_label_fake.npz,Fake,Real,0.29765952453017236,0.09496617317199707,0.3773837089538574,0.9580309391021729,0.01579975336790085,0.04211704805493355
2e0a449a-0fe6-11f1-857c-ac1f6b8d2e48_label_fake.npz,Fake,Real,0.2912885227706284,0.06662553548812866,0.7843732237815857,0.5932061672210693,0.009830663911998272,0.002407023450359702
5845a230-0fe7-11f1-857c-ac1f6b8d2e48_label_fake.npz,Fake,Deepfake,0.6746728360652924,0.6471560001373291,0.6554646492004395,0.9999961853027344,0.4566202461719513,0.6141270995140076
54ce579c-0fe6-11f1-857c-ac1f6b8d2e48_label_fake.npz,Fake,Deepfake,0.37214998714625835,0.07314322888851166,0.8205135464668274,0.9438080191612244,0.01403268612921238,0.009252455085515976
647fb4e4-0fe4-11f1-857c-ac1f6b8d2e48_label_fake.npz,Fake,Deepfake,0.44336942881345753,0.18683810532093048,0.7393966317176819,0.9941146969795227,0.0808698907494545,0.21562781929969788
de88c7a8-0fe4-11f1-857c-ac1f6b8d2e48_label_fake.npz,Fake,Deepfake,0.5705344460904598,0.8195337653160095,0.22376246750354767,1.0,0.029472466558218002,0.7799035310745239
4f11dafe-0fe6-11f1-857c-ac1f6b8d2e48_label_fake.npz,Fake,Deepfake,0.3805818180553615,0.07951688021421432,0.8046694397926331,0.9999619722366333,0.011939343065023422,0.006821454968303442
77094fb6-0fe5-11f1-857c-ac1f6b8d2e48_label_fake.npz,Fake,Real,0.2610406924039126,0.06901838630437851,0.2239486128091812,0.9999998807907104,0.009182876907289028,0.003053705208003521
8d357fa2-0fe6-11f1-857c-ac1f6b8d2e48_label_fake.npz,Fake,Deepfake,0.8289053440093994,0.7916883826255798,0.8865281939506531,0.999998927116394,0.7249270677566528,0.7413841485977173
a5b33a60-0fe6-11f1-857c-ac1f6b8d2e48_label_fake.npz,Fake,Real,0.3242135241627694,0.07021079957485199,0.22129817306995392,0.9938247203826904,0.06547719985246658,0.27025672793388367
4ef6ac9a-0fe4-11f1-857c-ac1f6b8d2e48_label_fake.npz,Fake,Deepfake,0.6117006763815881,0.07723300904035568,0.8831637501716614,0.9698163866996765,0.2745947241783142,0.8536955118179321
cecc62ac-0fe4-11f1-857c-ac1f6b8d2e48_label_fake.npz,Fake,Deepfake,0.536802314966917,0.5032568573951721,0.9743043184280396,0.9677618145942688,0.05089954659342766,0.18778903782367706
347e53c6-0fe5-11f1-857c-ac1f6b8d2e48_label_fake.npz,Fake,Real,0.22396876374259592,0.06527847051620483,0.044856611639261246,0.99189692735672,0.012820405885577202,0.004991403315216303
5b0ea136-0fe4-11f1-857c-ac1f6b8d2e48_label_fake.npz,Fake,Real,0.08598633287474514,0.06473994255065918,0.3320366442203522,0.010855860076844692,0.018684614449739456,0.0036146030761301517
2ccc7c2a-0fe5-11f1-857c-ac1f6b8d2e48_label_fake.npz,Fake,Real,0.2716281009837985,0.12468397617340088,0.13959477841854095,0.999556839466095,0.009567729197442532,0.08473718166351318
be0b0a7a-0fe6-11f1-857c-ac1f6b8d2e48_label_fake.npz,Fake,Deepfake,0.7500951886177063,0.8604398965835571,0.14856785535812378,0.9999940395355225,0.9372202754020691,0.804253876209259
9deba01c-0fe4-11f1-857c-ac1f6b8d2e48_label_fake.npz,Fake,Deepfake,0.3875976581126452,0.03919176384806633,0.9006527662277222,0.9776460528373718,0.013937250711023808,0.0065604569390416145
5243dec4-0fe7-11f1-857c-ac1f6b8d2e48_label_fake.npz,Fake,Deepfake,0.4065349681302906,0.07446173578500748,0.9377854466438293,0.9979833364486694,0.013264141976833344,0.009180179797112942
47eaf46c-0fe7-11f1-857c-ac1f6b8d2e48_label_fake.npz,Fake,Real,0.11397675759799314,0.12636162340641022,0.36277803778648376,9.785032307263464e-05,0.04348950460553169,0.03715677186846733
4511e964-0fe5-11f1-857c-ac1f6b8d2e48_label_fake.npz,Fake,Real,0.2552377223968506,0.12092037498950958,0.12836016714572906,1.0,0.015096713788807392,0.01181135606020689
888e9a26-0fe4-11f1-857c-ac1f6b8d2e48_label_fake.npz,Fake,Real,0.1980955943465233,0.08332628756761551,0.8680917024612427,0.019913194701075554,0.01063854992389679,0.008508237078785896
94adc0aa-0fe6-11f1-857c-ac1f6b8d2e48_label_fake.npz,Fake,Real,0.28536833859980104,0.07231839746236801,0.31386396288871765,0.9999992847442627,0.023692801594734192,0.016967246308922768
e091b550-0fe4-11f1-857c-ac1f6b8d2e48_label_fake.npz,Fake,Deepfake,0.3808129299432039,0.08491473644971848,0.7886833548545837,0.9996436834335327,0.01810053549706936,0.012722339481115341
c172c1a0-0fe4-11f1-857c-ac1f6b8d2e48_label_fake.npz,Fake,Deepfake,0.38996662497520446,0.6486082077026367,0.16276025772094727,0.11498197913169861,0.08756721019744873,0.935915470123291
e2232876-0fe5-11f1-857c-ac1f6b8d2e48_label_fake.npz,Fake,Real,0.0385189651278779,0.042071085423231125,0.12611304223537445,0.0018832091009244323,0.015940463170409203,0.006587025709450245
fb5e13e6-0fe5-11f1-857c-ac1f6b8d2e48_label_fake.npz,Fake,Deepfake,0.5357922047376633,0.6893814206123352,0.3381803333759308,1.0,0.17249973118305206,0.4788995385169983
d2d1150e-0fe5-11f1-857c-ac1f6b8d2e48_label_fake.npz,Fake,Deepfake,0.527635632455349,0.1296710968017578,0.9207228422164917,0.9923967719078064,0.06298433989286423,0.5324031114578247
4d651f04-0fe6-11f1-857c-ac1f6b8d2e48_label_fake.npz,Fake,Deepfake,0.38356040362268684,0.7749611735343933,0.9335864782333374,0.17575229704380035,0.011738619767129421,0.021763449534773827
3f1f16fe-0fe4-11f1-857c-ac1f6b8d2e48_label_fake.npz,Fake,Deepfake,0.6917911469936371,0.7091870307922363,0.4031558930873871,0.999997615814209,0.8068819642066956,0.5397332310676575
c2ba2e70-0fe6-11f1-857c-ac1f6b8d2e48_label_fake.npz,Fake,Deepfake,0.35292872115969665,0.06940092891454697,0.6769054532051086,0.9999363422393799,0.015870247036218643,0.0025306344032287598
bee9ee72-0fe4-11f1-857c-ac1f6b8d2e48_label_fake.npz,Fake,Real,0.30920371338725094,0.0911053940653801,0.4307713508605957,0.997832715511322,0.015651125460863113,0.010657981038093567
48f085c0-0fe7-11f1-857c-ac1f6b8d2e48_label_fake.npz,Fake,Deepfake,0.424393293261528,0.2560328543186188,0.777672529220581,0.9976896047592163,0.052107073366642,0.03846440464258194
5f68392a-0fe6-11f1-857c-ac1f6b8d2e48_label_fake.npz,Fake,Deepfake,0.3894741103053093,0.06711392849683762,0.860996425151825,0.9987372756004333,0.011726372875273228,0.008796549402177334
08b96c8a-0fe5-11f1-857c-ac1f6b8d2e48_label_fake.npz,Fake,Real,0.27668649237602955,0.06821215152740479,0.8511838316917419,0.443625271320343,0.01325333770364523,0.007157869637012482
0cbef4f2-0fe6-11f1-857c-ac1f6b8d2e48_label_fake.npz,Fake,Real,0.053644308960065244,0.08187735825777054,0.1659221351146698,0.001461574574932456,0.01432906836271286,0.004631408490240574
d377dc1e-0fe4-11f1-857c-ac1f6b8d2e48_label_fake.npz,Fake,Real,0.028995382972061636,0.07046756893396378,0.05414213240146637,0.0037146182730793953,0.012345917522907257,0.004306677728891373
43351714-0fe6-11f1-857c-ac1f6b8d2e48_label_fake.npz,Fake,Real,0.2916904108598829,0.18630382418632507,0.06873448193073273,0.9998538494110107,0.012865298427641392,0.19069460034370422
d488832c-0fe6-11f1-857c-ac1f6b8d2e48_label_fake.npz,Fake,Deepfake,0.6122825592756271,0.3205656111240387,0.8986573815345764,0.9999990463256836,0.10803873836994171,0.7341520190238953
a07c1050-0fe4-11f1-857c-ac1f6b8d2e48_label_fake.npz,Fake,Real,0.17631704211235047,0.07489857822656631,0.07959616184234619,0.6236933469772339,0.058668747544288635,0.04472837597131729
aa4e200e-0fe5-11f1-857c-ac1f6b8d2e48_label_fake.npz,Fake,Real,0.26201122375205166,0.06401844322681427,0.23208346962928772,1.0,0.009019858203828335,0.004934347700327635
8ae2e92a-0fe5-11f1-857c-ac1f6b8d2e48_label_fake.npz,Fake,Deepfake,0.5005917623639107,0.08891954272985458,0.7876648902893066,1.0,0.15179578959941864,0.4745785892009735
62619564-0fe5-11f1-857c-ac1f6b8d2e48_label_fake.npz,Fake,Real,0.33120073750615125,0.0738937184214592,0.5064131617546082,0.9997580647468567,0.038358140736818314,0.03758060187101364
73ff4baa-0fe4-11f1-857c-ac1f6b8d2e48_label_fake.npz,Fake,Deepfake,0.6312270760536194,0.43841585516929626,0.6890771985054016,0.9992450475692749,0.09403976798057556,0.9353575110435486
da4db340-0fe6-11f1-857c-ac1f6b8d2e48_label_fake.npz,Fake,Real,0.31669610552489763,0.13939863443374634,0.36826398968696594,0.9997099041938782,0.0515897236764431,0.024518275633454323
c2a72312-0fe5-11f1-857c-ac1f6b8d2e48_label_fake.npz,Fake,Deepfake,0.41291105225682256,0.12386055290699005,0.8579092025756836,0.9952552914619446,0.021649282425642014,0.06588093191385269
fb2e5544-0fe4-11f1-857c-ac1f6b8d2e48_label_fake.npz,Fake,Deepfake,0.5679307758808136,0.20213647186756134,0.8949305415153503,0.9999988079071045,0.13855983316898346,0.6040282249450684
b57f6bcc-0fe5-11f1-857c-ac1f6b8d2e48_label_fake.npz,Fake,Deepfake,0.5678183615207673,0.4244348704814911,0.8668577671051025,0.6777505278587341,0.3835221529006958,0.4865264892578125
5cf48dc4-0fe6-11f1-857c-ac1f6b8d2e48_label_fake.npz,Fake,Real,0.3316896308213473,0.49182796478271484,0.04299948364496231,0.9996368885040283,0.020391786471009254,0.10359203070402145
de0ac050-0fe5-11f1-857c-ac1f6b8d2e48_label_fake.npz,Fake,Real,0.24385280883871022,0.07118763774633408,0.5373684763908386,0.5975049138069153,0.010298681445419788,0.002904334804043174
d08ff7ca-0fe9-11f1-857c-ac1f6b8d2e48_label_fake.npz,Fake,Real,0.2083754220977426,0.07140836864709854,0.94713294506073,0.0070892381481826305,0.010512026026844978,0.005734532605856657
633e52d0-0fe8-11f1-857c-ac1f6b8d2e48_label_fake.npz,Fake,Real,0.19834995009005074,0.062098681926727295,0.014517858624458313,0.8877150416374207,0.013782097958028316,0.013636070303618908
9a0dbdc2-0fe9-11f1-857c-ac1f6b8d2e48_label_fake.npz,Fake,Deepfake,0.4013899262528867,0.06231032684445381,0.9184514284133911,0.9965335130691528,0.02593570202589035,0.0037186609115451574
6596295a-0fe7-11f1-857c-ac1f6b8d2e48_label_fake.npz,Fake,Deepfake,0.3610101040452719,0.2565922439098358,0.017047761008143425,0.722321093082428,0.0854496955871582,0.723639726638794
d21d94f4-0fe8-11f1-857c-ac1f6b8d2e48_label_fake.npz,Fake,Deepfake,0.37646950520575045,0.07888641208410263,0.7058961987495422,0.9999995231628418,0.029035845771431923,0.06852954626083374
09891f72-0fe8-11f1-857c-ac1f6b8d2e48_label_fake.npz,Fake,Real,0.14941503889858723,0.07405512779951096,0.4938478469848633,0.15631844103336334,0.012613043189048767,0.010240735486149788
4d7041b6-0fe8-11f1-857c-ac1f6b8d2e48_label_fake.npz,Fake,Real,0.3055865848436952,0.07555023580789566,0.42732706665992737,0.9984961748123169,0.0159479770809412,0.010611469857394695
abc634e6-0fe8-11f1-857c-ac1f6b8d2e48_label_fake.npz,Fake,Deepfake,0.5098656274378299,0.49187013506889343,0.645397961139679,0.9999904632568359,0.023437846451997757,0.3886317312717438
309af67e-0fea-11f1-857c-ac1f6b8d2e48_label_fake.npz,Fake,Deepfake,0.5437776483595372,0.559485673904419,0.7936705350875854,0.9932000041007996,0.31896042823791504,0.05357160046696663
ef8b067a-0fe8-11f1-857c-ac1f6b8d2e48_label_fake.npz,Fake,Deepfake,0.5133332893252374,0.0958060547709465,0.5769864320755005,0.990472674369812,0.1948418915271759,0.7085593938827515
c654922a-0fe9-11f1-857c-ac1f6b8d2e48_label_fake.npz,Fake,Real,0.2267299981787801,0.1262809932231903,0.14164195954799652,0.8446597456932068,0.011728743091225624,0.009338549338281155
2787214a-0fe8-11f1-857c-ac1f6b8d2e48_label_fake.npz,Fake,Real,0.024497034463763966,0.06481679528951645,0.02654879353940487,1.7122960827009592e-09,0.026432901620864868,0.004686680156737566
122aecf0-0fe8-11f1-857c-ac1f6b8d2e48_label_fake.npz,Fake,Deepfake,0.45724986493587494,0.2371145784854889,0.8581761121749878,0.9997093081474304,0.10177288204431534,0.08947644382715225
847ba4f8-0fe7-11f1-857c-ac1f6b8d2e48_label_fake.npz,Fake,Deepfake,0.6329052694141866,0.5504729747772217,0.8737262487411499,0.999924898147583,0.05590445175766945,0.6844977736473083
6a316028-0fe8-11f1-857c-ac1f6b8d2e48_label_fake.npz,Fake,Deepfake,0.7933988928794862,0.7586674690246582,0.8955705761909485,0.9991337656974792,0.6268582940101624,0.6867643594741821
ee8d2230-0fe8-11f1-857c-ac1f6b8d2e48_label_fake.npz,Fake,Real,0.11727230753749611,0.07034914195537567,0.2619467079639435,0.22897681593894958,0.019287610426545143,0.005801261402666569
b410dcd6-0fe9-11f1-857c-ac1f6b8d2e48_label_fake.npz,Fake,Deepfake,0.40296373385936024,0.194271057844162,0.8046627044677734,0.9577692747116089,0.013227005489170551,0.04488862678408623
7aa3505a-0fe9-11f1-857c-ac1f6b8d2e48_label_fake.npz,Fake,Deepfake,0.39296211628243327,0.0680995061993599,0.8794373273849487,0.9999946355819702,0.010856336914002895,0.006422775331884623
7b82fc3e-0fe7-11f1-857c-ac1f6b8d2e48_label_fake.npz,Fake,Deepfake,0.41550987316295507,0.06721075624227524,0.9890419840812683,1.0,0.016231972724199295,0.005064652767032385
d257d2aa-0fe7-11f1-857c-ac1f6b8d2e48_label_fake.npz,Fake,Real,0.14792189127765598,0.09546764940023422,0.5943620800971985,0.0012154902797192335,0.018443560227751732,0.03012067638337612
45c507d0-0fe8-11f1-857c-ac1f6b8d2e48_label_fake.npz,Fake,Deepfake,0.40807122699916365,0.07151852548122406,0.9878865480422974,0.9585040807723999,0.015312457457184792,0.007134523242712021
72f800aa-0fe7-11f1-857c-ac1f6b8d2e48_label_fake.npz,Fake,Real,0.2575198978185654,0.0927576795220375,0.1702355593442917,0.9964890480041504,0.020551322028040886,0.007565880194306374
3cc7df0c-0fea-11f1-857c-ac1f6b8d2e48_label_fake.npz,Fake,Deepfake,0.4145351132377982,0.0723472386598587,0.9732812643051147,0.9996911287307739,0.008189273066818714,0.01916666142642498
14e7be8c-0fe8-11f1-857c-ac1f6b8d2e48_label_fake.npz,Fake,Real,0.20204384671524167,0.06020794436335564,0.8360159993171692,0.09934276342391968,0.01022726483643055,0.0044252616353333
5ba10e8c-0fe8-11f1-857c-ac1f6b8d2e48_label_fake.npz,Fake,Deepfake,0.5079539950937033,0.06261329352855682,0.9288874864578247,0.9998683929443359,0.5405125021934509,0.007888300344347954
78f181e6-0fe9-11f1-857c-ac1f6b8d2e48_label_fake.npz,Fake,Real,0.31757359951734543,0.07021079957485199,0.18549203872680664,0.9964312314987183,0.06547719985246658,0.27025672793388367
32c0028e-0fe8-11f1-857c-ac1f6b8d2e48_label_fake.npz,Fake,Real,0.34855499397963285,0.20931191742420197,0.282401442527771,0.9987938404083252,0.012108630500733852,0.24015913903713226
8c14ac3c-0fe7-11f1-857c-ac1f6b8d2e48_label_fake.npz,Fake,Real,0.32007865272462366,0.08088057488203049,0.48044905066490173,0.9996981620788574,0.016383133828639984,0.022982342168688774
8f07e020-0fe8-11f1-857c-ac1f6b8d2e48_label_fake.npz,Fake,Deepfake,0.4714237995445728,0.4800827205181122,0.0450054369866848,0.9999994039535522,0.09950614720582962,0.7325252890586853
ba308fea-0fe8-11f1-857c-ac1f6b8d2e48_label_fake.npz,Fake,Real,0.07986445836722851,0.0629667192697525,0.13956643640995026,0.17877285182476044,0.014601783826947212,0.003414500504732132
2f073408-0fea-11f1-857c-ac1f6b8d2e48_label_fake.npz,Fake,Deepfake,0.6226855665445328,0.19333918392658234,0.9595097303390503,0.9604727029800415,0.2869252562522888,0.7131809592247009
70a97b10-0fe9-11f1-857c-ac1f6b8d2e48_label_fake.npz,Fake,Real,0.3225810825824738,0.24264304339885712,0.08434346318244934,0.9998971223831177,0.034488484263420105,0.25153329968452454
72ea7326-0fe8-11f1-857c-ac1f6b8d2e48_label_fake.npz,Fake,Deepfake,0.4142957545816898,0.07291530817747116,0.9513427019119263,1.0,0.02832946926355362,0.018891293555498123
774e7184-0fe7-11f1-857c-ac1f6b8d2e48_label_fake.npz,Fake,Deepfake,0.4344546323642135,0.2999618649482727,0.27996909618377686,0.015398445539176464,0.772661566734314,0.8042821884155273
ab250fe8-0fe9-11f1-857c-ac1f6b8d2e48_label_fake.npz,Fake,Real,0.268786883354187,0.10808034986257553,0.09423191845417023,0.995083749294281,0.11232433468103409,0.03421406447887421
56a1e730-0fe8-11f1-857c-ac1f6b8d2e48_label_fake.npz,Fake,Deepfake,0.7634994626045227,0.7107042670249939,0.84759920835495,0.4955451488494873,0.7796679139137268,0.9839807748794556
ca030110-0fe7-11f1-857c-ac1f6b8d2e48_label_fake.npz,Fake,Deepfake,0.7184216916561126,0.8655786514282227,0.37176772952079773,0.5287814736366272,0.8838209509849548,0.9421596527099609
5fef4cb0-0fe8-11f1-857c-ac1f6b8d2e48_label_fake.npz,Fake,Deepfake,0.43400193303823476,0.34216099977493286,0.11853256076574326,1.0,0.4726901650428772,0.23662593960762024
c2349bb4-0fe8-11f1-857c-ac1f6b8d2e48_label_fake.npz,Fake,Real,0.24746048636734486,0.0678030252456665,0.13459031283855438,0.9999984502792358,0.012112995609641075,0.02279764786362648
31c10978-0fe8-11f1-857c-ac1f6b8d2e48_label_fake.npz,Fake,Deepfake,0.4066862747073174,0.0666736364364624,0.9477960467338562,0.9999921321868896,0.00812291819602251,0.010846639983355999
d63227c2-0fe7-11f1-857c-ac1f6b8d2e48_label_fake.npz,Fake,Real,0.3016361519694329,0.11625637114048004,0.30125343799591064,0.9999971389770508,0.049210913479328156,0.04146289825439453
0756df00-0fe8-11f1-857c-ac1f6b8d2e48_label_fake.npz,Fake,Deepfake,0.4292339790612459,0.33072543144226074,0.6250988841056824,0.9998977184295654,0.019492322579026222,0.17095553874969482
d0b0a6ec-0fe8-11f1-857c-ac1f6b8d2e48_label_fake.npz,Fake,Real,0.1801958240568638,0.0873037800192833,0.7030891180038452,0.01762351393699646,0.043499905616045,0.049462802708148956
8d8faf3a-0fe7-11f1-857c-ac1f6b8d2e48_label_fake.npz,Fake,Real,0.2649602241814137,0.37693163752555847,0.8001508116722107,0.03576426953077316,0.020932447165250778,0.09102195501327515
843abdce-0fe9-11f1-857c-ac1f6b8d2e48_label_fake.npz,Fake,Deepfake,0.5205383569002152,0.29871588945388794,0.603467583656311,0.9978346228599548,0.067512646317482,0.6351610422134399
15e05fc2-0fea-11f1-857c-ac1f6b8d2e48_label_fake.npz,Fake,Deepfake,0.41022346355021005,0.41826972365379333,0.250850111246109,0.9999773502349854,0.02855481393635273,0.35346531867980957
ec74c240-0fe9-11f1-857c-ac1f6b8d2e48_label_fake.npz,Fake,Real,0.30721036288887266,0.09522276371717453,0.004021954722702503,0.9979684948921204,0.08240166306495667,0.35643693804740906
2470cbb2-0fea-11f1-857c-ac1f6b8d2e48_label_fake.npz,Fake,Real,0.30243542641401294,0.13223432004451752,0.25076162815093994,0.9984281063079834,0.023823082447052002,0.10692999511957169
20e1de52-10ab-11f1-b2c7-ac1f6b417054_label_fake.npz,Fake,Deepfake,0.5456146446987987,0.07887281477451324,0.9942492246627808,0.9998475313186646,0.6462159156799316,0.008887737058103085
45aef23a-10a9-11f1-b2c7-ac1f6b417054_label_fake.npz,Fake,Deepfake,0.41345618376508353,0.04748518764972687,0.9990806579589844,0.9994617104530334,0.016053911298513412,0.005199451465159655
7c916826-10ab-11f1-b2c7-ac1f6b417054_label_fake.npz,Fake,Deepfake,0.41708777844905853,0.06295501440763474,0.9995920062065125,1.0,0.014474648982286453,0.008417222648859024
e8218ee2-10a9-11f1-b2c7-ac1f6b417054_label_fake.npz,Fake,Deepfake,0.5158000491559506,0.36959919333457947,0.9990667700767517,1.0,0.032864268869161606,0.17747001349925995
7435c612-10ac-11f1-b2c7-ac1f6b417054_label_fake.npz,Fake,Deepfake,0.4132352315820754,0.052498288452625275,0.9923007488250732,1.0,0.016624581068754196,0.004752539563924074
c828ec8e-10a9-11f1-b2c7-ac1f6b417054_label_fake.npz,Fake,Deepfake,0.42965286783874035,0.07878493517637253,0.9999442100524902,1.0,0.049809884279966354,0.019725309684872627
b35603dc-10a9-11f1-b2c7-ac1f6b417054_label_fake.npz,Fake,Deepfake,0.41682975459843874,0.07472445070743561,0.9995085000991821,0.999994158744812,0.007627538871020079,0.0022941245697438717
ed207cf0-10a9-11f1-b2c7-ac1f6b417054_label_fake.npz,Fake,Deepfake,0.419592825928703,0.06631965190172195,0.9994285702705383,1.0,0.028645118698477745,0.003570788772776723
b96e1c98-10a7-11f1-b2c7-ac1f6b417054_label_fake.npz,Fake,Deepfake,0.41702520172111696,0.07255515456199646,0.9870833158493042,0.9999276399612427,0.022720785811543465,0.0028391124214977026
79f0cfc0-10a7-11f1-b2c7-ac1f6b417054_label_fake.npz,Fake,Deepfake,0.4463948074728251,0.11219821125268936,0.9999021291732788,1.0,0.011893490329384804,0.10798020660877228
35c81196-10ac-11f1-b2c7-ac1f6b417054_label_fake.npz,Fake,Deepfake,0.618909364938736,0.5685662627220154,0.9822825193405151,0.9999954700469971,0.10823780298233032,0.4354647696018219
5a3659b6-10ac-11f1-b2c7-ac1f6b417054_label_fake.npz,Fake,Deepfake,0.5505322925746441,0.574009358882904,0.9989745616912842,0.9999998807907104,0.029432978481054306,0.15024468302726746
e28e0ec6-10a7-11f1-b2c7-ac1f6b417054_label_fake.npz,Fake,Deepfake,0.4163833125494421,0.06141030788421631,0.9970002770423889,1.0,0.01916254498064518,0.00434343283995986
5f95c7b0-10a8-11f1-b2c7-ac1f6b417054_label_fake.npz,Fake,Deepfake,0.4943488854914904,0.2694644629955292,0.9986799359321594,1.0,0.1910420060157776,0.012558022513985634
2ceafe30-10a7-11f1-b2c7-ac1f6b417054_label_fake.npz,Fake,Deepfake,0.40751939583569774,0.07556891441345215,0.9377020001411438,0.9999998807907104,0.01897965371608734,0.005346530117094517
a3fafa14-10a9-11f1-b2c7-ac1f6b417054_label_fake.npz,Fake,Deepfake,0.4254126871004701,0.08429240435361862,0.9971157312393188,0.9999998807907104,0.033740535378456116,0.011914883740246296
5a46e280-10a8-11f1-b2c7-ac1f6b417054_label_fake.npz,Fake,Deepfake,0.42033002339303493,0.07139493525028229,0.9994103908538818,1.0,0.02038273587822914,0.01046205498278141
166a9558-10ac-11f1-b2c7-ac1f6b417054_label_fake.npz,Fake,Deepfake,0.4705061245709658,0.15125346183776855,0.9991022348403931,1.0,0.02960083819925785,0.17257408797740936
93048dfc-0fea-11f1-857c-ac1f6b8d2e48_label_fake.npz,Fake,Deepfake,0.46679259091615677,0.467754989862442,0.39268746972084045,0.9996845722198486,0.046958036720752716,0.4268778860569
55567f00-10a9-11f1-b2c7-ac1f6b417054_label_fake.npz,Fake,Deepfake,0.5042418785393238,0.43334484100341797,0.9883934855461121,1.0,0.07416736334562302,0.025303702801465988
0277dd0c-10a8-11f1-b2c7-ac1f6b417054_label_fake.npz,Fake,Deepfake,0.5156474560499191,0.36959919333457947,0.9983037710189819,1.0,0.03286430239677429,0.17747001349925995
448b63a8-0fea-11f1-857c-ac1f6b8d2e48_label_fake.npz,Fake,Deepfake,0.6233275949954986,0.38140252232551575,0.1759316325187683,0.9978176355361938,0.8875261545181274,0.6739600300788879
a50bb080-10a7-11f1-b2c7-ac1f6b417054_label_fake.npz,Fake,Deepfake,0.44121439754962927,0.0683923289179802,0.9988740086555481,1.0,0.0754106268286705,0.06339502334594727
4988bf56-10ab-11f1-b2c7-ac1f6b417054_label_fake.npz,Fake,Deepfake,0.6546114176511766,0.6652243733406067,0.9974032044410706,1.0,0.13616929948329926,0.47426021099090576
c6e0b918-10ab-11f1-b2c7-ac1f6b417054_label_fake.npz,Fake,Deepfake,0.41136960387229926,0.047555338591337204,0.9882377982139587,1.0,0.01681482419371605,0.004240058362483978
1456513c-10aa-11f1-b2c7-ac1f6b417054_label_fake.npz,Fake,Deepfake,0.5003398805856705,0.14304767549037933,0.9774526357650757,1.0,0.3638654351234436,0.017333656549453735
aa1e44e8-10a7-11f1-b2c7-ac1f6b417054_label_fake.npz,Fake,Deepfake,0.48204802740365266,0.3072410523891449,0.9964072108268738,1.0,0.013546326197683811,0.09304554760456085
7edab4aa-0fea-11f1-857c-ac1f6b8d2e48_label_fake.npz,Fake,Real,0.27334804721176625,0.0839633196592331,0.2643612027168274,0.9878950119018555,0.013621559366583824,0.016899142414331436
0c32f3c8-10ac-11f1-b2c7-ac1f6b417054_label_fake.npz,Fake,Deepfake,0.7161028027534485,0.4836244285106659,0.907924234867096,1.0,0.738105833530426,0.45085951685905457
c9f8702e-10aa-11f1-b2c7-ac1f6b417054_label_fake.npz,Fake,Deepfake,0.42204329865053297,0.06799628585577011,0.9887917041778564,1.0,0.045845866203308105,0.007582637015730143
69be3532-10a9-11f1-b2c7-ac1f6b417054_label_fake.npz,Fake,Deepfake,0.5453166410326958,0.3737545609474182,0.9839935302734375,1.0,0.07869987934827805,0.2901352345943451
833e7a76-10a9-11f1-b2c7-ac1f6b417054_label_fake.npz,Fake,Deepfake,0.4092431806959212,0.07135045528411865,0.9590890407562256,1.0,0.01095567550510168,0.004820731934159994
848d7e88-10a7-11f1-b2c7-ac1f6b417054_label_fake.npz,Fake,Deepfake,0.41302756909281013,0.06130043417215347,0.9733405709266663,1.0,0.02745511569082737,0.0030417246744036674
569079c6-10ad-11f1-b2c7-ac1f6b417054_label_fake.npz,Fake,Deepfake,0.41706792134791615,0.0760108157992363,0.969924807548523,1.0,0.02914075180888176,0.010263231582939625
c1ac9494-10ab-11f1-b2c7-ac1f6b417054_label_fake.npz,Fake,Deepfake,0.4089650211855769,0.044332534074783325,0.9781784415245056,0.9999998807907104,0.01755117066204548,0.00476307887583971
2d18fcb2-10ad-11f1-b2c7-ac1f6b417054_label_fake.npz,Fake,Deepfake,0.4193752065300942,0.07747458666563034,0.9948609471321106,1.0,0.010833675973117352,0.013706822879612446
e98d30dc-10aa-11f1-b2c7-ac1f6b417054_label_fake.npz,Fake,Deepfake,0.3959390111267568,0.07220274209976196,0.8772473931312561,1.0,0.02371598780155182,0.006528932601213455
22fd2384-10ad-11f1-b2c7-ac1f6b417054_label_fake.npz,Fake,Deepfake,0.507664267718792,0.2653014063835144,0.9961776733398438,1.0,0.07325167208909988,0.20359058678150177
6759e182-10aa-11f1-b2c7-ac1f6b417054_label_fake.npz,Fake,Deepfake,0.4404183045029641,0.11361449211835861,0.9898433685302734,0.9999998807907104,0.04636627435684204,0.05226750671863556
192b665e-10ad-11f1-b2c7-ac1f6b417054_label_fake.npz,Fake,Deepfake,0.4301326159387827,0.11020808666944504,0.9968589544296265,0.9986304044723511,0.026360737159848213,0.01860489696264267
c14bf9ca-10ad-11f1-b2c7-ac1f6b417054_label_fake.npz,Fake,Deepfake,0.4189096118323505,0.06441009789705276,0.999987006187439,1.0,0.025428999215364456,0.0047219558618962765
410e75c6-10a8-11f1-b2c7-ac1f6b417054_label_fake.npz,Fake,Deepfake,0.41833658171817656,0.07064496725797653,0.9982170462608337,1.0,0.017628265544772148,0.005192629527300596
969d1222-10a8-11f1-b2c7-ac1f6b417054_label_fake.npz,Fake,Deepfake,0.4152600823901594,0.06668126583099365,0.9961857199668884,0.9999760389328003,0.011019488796591759,0.002437898423522711
cc96ed8c-10ab-11f1-b2c7-ac1f6b417054_label_fake.npz,Fake,Deepfake,0.46726279314607383,0.30707740783691406,0.9997244477272034,1.0,0.01740264892578125,0.01210946124047041
6185d77c-0fea-11f1-857c-ac1f6b8d2e48_label_fake.npz,Fake,Deepfake,0.37173264315351845,0.035881150513887405,0.8070802688598633,0.9999884366989136,0.010695220902562141,0.005018138792365789
fcd30afc-10a7-11f1-b2c7-ac1f6b417054_label_fake.npz,Fake,Deepfake,0.42862236481159927,0.0970039963722229,0.994776725769043,1.0,0.03647833317518234,0.014852768741548061
5187b660-10ad-11f1-b2c7-ac1f6b417054_label_fake.npz,Fake,Deepfake,0.551508840918541,0.338280588388443,0.9927338361740112,0.9999783039093018,0.23564143478870392,0.19091004133224487
918c3ede-10a8-11f1-b2c7-ac1f6b417054_label_fake.npz,Fake,Deepfake,0.4180438817944378,0.06931247562170029,0.9952221512794495,0.9999994039535522,0.02221490815281868,0.0034704699646681547
89cc2e72-10b0-11f1-b2c7-ac1f6b417054_label_fake.npz,Fake,Deepfake,0.4094039780087769,0.035102132707834244,0.9971128702163696,0.9999997615814209,0.011941857635974884,0.0028632679022848606
1f40bfaa-10b0-11f1-b2c7-ac1f6b417054_label_fake.npz,Fake,Deepfake,0.4180969960056245,0.068776436150074,0.9975698590278625,1.0,0.018620530143380165,0.0055181547068059444
3a9a33ac-10b1-11f1-b2c7-ac1f6b417054_label_fake.npz,Fake,Deepfake,0.7177354395389558,0.5848567485809326,0.9332822561264038,1.0,0.7150577902793884,0.3554804027080536
5c141e1e-10af-11f1-b2c7-ac1f6b417054_label_fake.npz,Fake,Deepfake,0.47294966131448746,0.16002257168293,0.9988935589790344,1.0,0.10000056028366089,0.10583161562681198
a8be9b44-10b0-11f1-b2c7-ac1f6b417054_label_fake.npz,Fake,Deepfake,0.510096325725317,0.3899409770965576,0.974356472492218,1.0,0.05494433268904686,0.1312398463487625
2d87c0dc-10b4-11f1-b2c7-ac1f6b417054_label_fake.npz,Fake,Deepfake,0.4410883136093616,0.07442911714315414,0.9993888139724731,0.9999998807907104,0.10050085932016373,0.031122896820306778
9e1cfef0-10b1-11f1-b2c7-ac1f6b417054_label_fake.npz,Fake,Deepfake,0.5818636216223241,0.521737277507782,0.9562031626701355,0.9999426603317261,0.04469703510403633,0.38673797249794006
ae50a148-10af-11f1-b2c7-ac1f6b417054_label_fake.npz,Fake,Deepfake,0.41735734432004395,0.07388489693403244,0.9995488524436951,0.9998335838317871,0.011117975227534771,0.0024014131631702185
edb7c7f4-10ae-11f1-b2c7-ac1f6b417054_label_fake.npz,Fake,Deepfake,0.42316176630556585,0.07807160913944244,0.9998500347137451,1.0,0.02723030000925064,0.010656887665390968
fcf3997e-10ad-11f1-b2c7-ac1f6b417054_label_fake.npz,Fake,Deepfake,0.6443441793322564,0.5618271827697754,0.9998804330825806,0.9998528957366943,0.048492394387722015,0.6116679906845093
123869a4-10ae-11f1-b2c7-ac1f6b417054_label_fake.npz,Fake,Deepfake,0.4183936705812812,0.08880043029785156,0.9746639728546143,1.0,0.016805585473775864,0.011698364280164242
69f79022-10b1-11f1-b2c7-ac1f6b417054_label_fake.npz,Fake,Deepfake,0.4204658883623779,0.07123889774084091,0.9997830986976624,1.0,0.02566535212099552,0.005642093252390623
a38d949a-10b0-11f1-b2c7-ac1f6b417054_label_fake.npz,Fake,Deepfake,0.4188761814497412,0.07501095533370972,0.998788058757782,1.0,0.013568926602602005,0.007012966554611921
7ab07932-10b2-11f1-b2c7-ac1f6b417054_label_fake.npz,Fake,Deepfake,0.6863589242100715,0.6307252049446106,0.9827265739440918,1.0,0.09688446670770645,0.721458375453949
15725904-10b3-11f1-b2c7-ac1f6b417054_label_fake.npz,Fake,Deepfake,0.48382702078670264,0.36862239241600037,0.9999260902404785,1.0,0.03864976763725281,0.011936853639781475
c3029402-10af-11f1-b2c7-ac1f6b417054_label_fake.npz,Fake,Deepfake,0.6711869448423387,0.6196237802505493,0.7557490468025208,1.0,0.8371860384941101,0.14337585866451263
4451f1e4-10ae-11f1-b2c7-ac1f6b417054_label_fake.npz,Fake,Deepfake,0.5878839064389467,0.8359889984130859,0.9991902709007263,1.0,0.030384676530957222,0.07385558634996414
cbc706a6-10b2-11f1-b2c7-ac1f6b417054_label_fake.npz,Fake,Deepfake,0.5722223684191704,0.40067195892333984,0.9894983768463135,1.0,0.0850362703204155,0.3859052360057831
07553096-10b1-11f1-b2c7-ac1f6b417054_label_fake.npz,Fake,Deepfake,0.40823977114632726,0.07776208221912384,0.9991855025291443,0.9329917430877686,0.02681029587984085,0.004449232015758753
fe056f3a-10b3-11f1-b2c7-ac1f6b417054_label_fake.npz,Fake,Deepfake,0.5504000179469586,0.574009358882904,0.9983131885528564,0.9999998807907104,0.029432978481054306,0.15024468302726746
28083dca-10b5-11f1-b2c7-ac1f6b417054_label_fake.npz,Fake,Deepfake,0.6512276560068131,0.6380596160888672,0.9938117265701294,1.0,0.1392790824174881,0.48498785495758057
535ee0ca-10ae-11f1-b2c7-ac1f6b417054_label_fake.npz,Fake,Deepfake,0.4198129095137119,0.06939105689525604,0.9978189468383789,1.0,0.022489160299301147,0.00936538353562355
017bde4c-10af-11f1-b2c7-ac1f6b417054_label_fake.npz,Fake,Deepfake,0.4596300199627877,0.08605419844388962,0.9984619617462158,1.0,0.10140739381313324,0.11222654581069946
eba2273a-10b2-11f1-b2c7-ac1f6b417054_label_fake.npz,Fake,Deepfake,0.5610310204327107,0.3148019313812256,0.9999631643295288,1.0,0.03936055675148964,0.4510294497013092
822b8b5a-10b4-11f1-b2c7-ac1f6b417054_label_fake.npz,Fake,Deepfake,0.41637250063940884,0.07153906673192978,0.9960010647773743,1.0,0.009981714189052582,0.004340657498687506
1c1f5b26-10ae-11f1-b2c7-ac1f6b417054_label_fake.npz,Fake,Deepfake,0.426355385221541,0.10961461067199707,0.9995573163032532,0.9999961853027344,0.014203258790075779,0.008405555039644241
46525788-10b1-11f1-b2c7-ac1f6b417054_label_fake.npz,Fake,Deepfake,0.43023294741287826,0.0762021616101265,0.9847175478935242,0.9999998807907104,0.08439207822084427,0.005853068549185991
c7ed2280-10ae-11f1-b2c7-ac1f6b417054_label_fake.npz,Fake,Deepfake,0.42184065375477076,0.06829337030649185,0.999963641166687,0.9999953508377075,0.034410879015922546,0.006540027447044849
1a10ef14-10b0-11f1-b2c7-ac1f6b417054_label_fake.npz,Fake,Deepfake,0.4334950063377619,0.14458885788917542,0.9658750891685486,1.0,0.015611844137310982,0.041399240493774414
1e27de28-10b5-11f1-b2c7-ac1f6b417054_label_fake.npz,Fake,Deepfake,0.41777980448678137,0.07480284571647644,0.9914006590843201,1.0,0.016879016533493996,0.005816501099616289
4887023c-10b2-11f1-b2c7-ac1f6b417054_label_fake.npz,Fake,Deepfake,0.7242629885673524,0.4836244285106659,0.948725163936615,1.0,0.738105833530426,0.45085951685905457
0a02a6d0-10b5-11f1-b2c7-ac1f6b417054_label_fake.npz,Fake,Deepfake,0.41799368727952246,0.074785977602005,0.9905856251716614,1.0,0.016084345057606697,0.008512488566339016
339d23da-10b0-11f1-b2c7-ac1f6b417054_label_fake.npz,Fake,Deepfake,0.41805728101171563,0.07481353729963303,0.9972530007362366,1.0,0.014698108658194542,0.0035217583645135164
cb34b51c-10ad-11f1-b2c7-ac1f6b417054_label_fake.npz,Fake,Deepfake,0.4206108690239489,0.06721848249435425,0.99986732006073,0.9997778534889221,0.030715418979525566,0.0054752700962126255
d5840f34-10b4-11f1-b2c7-ac1f6b417054_label_fake.npz,Fake,Deepfake,0.4184477433096618,0.07429279386997223,0.9990296363830566,1.0,0.01598457805812359,0.002931708237156272
f0c7115e-10b1-11f1-b2c7-ac1f6b417054_label_fake.npz,Fake,Deepfake,0.41829172102734447,0.06987721472978592,0.9998219609260559,1.0,0.016929345205426216,0.004830084275454283
7779ee50-10ae-11f1-b2c7-ac1f6b417054_label_fake.npz,Fake,Deepfake,0.4750314310193062,0.26034677028656006,0.9972729086875916,0.9999485015869141,0.0846233069896698,0.03296566754579544
c63ea41e-10ad-11f1-b2c7-ac1f6b417054_label_fake.npz,Fake,Deepfake,0.4248218968510628,0.0752667635679245,0.9732398390769958,0.9999964237213135,0.05926741287112236,0.016339045017957687
a33d6ac8-10b1-11f1-b2c7-ac1f6b417054_label_fake.npz,Fake,Deepfake,0.46168003771454097,0.20006099343299866,0.9993278980255127,1.0,0.09528491646051407,0.013726380653679371
ffbf2afe-10af-11f1-b2c7-ac1f6b417054_label_fake.npz,Fake,Deepfake,0.41695464635267854,0.0715629905462265,0.9999865293502808,1.0,0.008530664257705212,0.004693047609180212
cb49156a-10b3-11f1-b2c7-ac1f6b417054_label_fake.npz,Fake,Deepfake,0.4184871833771467,0.06934710592031479,0.9997697472572327,1.0,0.010681661777198315,0.012637401930987835
81a395fc-10ae-11f1-b2c7-ac1f6b417054_label_fake.npz,Fake,Deepfake,0.4553160579875112,0.18758168816566467,0.9999744892120361,1.0,0.013401911593973637,0.07562220096588135
80ba8010-10b3-11f1-b2c7-ac1f6b417054_label_fake.npz,Fake,Deepfake,0.44033417366445066,0.06914708018302917,0.9995088577270508,1.0,0.1307404488325119,0.0022744815796613693
29406a78-10b0-11f1-b2c7-ac1f6b417054_label_fake.npz,Fake,Deepfake,0.4177346150390804,0.06901422888040543,0.9993933439254761,1.0,0.015159940347075462,0.005105562042444944
04c2bd90-10b0-11f1-b2c7-ac1f6b417054_label_fake.npz,Fake,Deepfake,0.41684951772913337,0.07809180021286011,0.9678484797477722,0.9999996423721313,0.03496786579489708,0.0033398005180060863
3ea74344-10b2-11f1-b2c7-ac1f6b417054_label_fake.npz,Fake,Deepfake,0.41236230377107863,0.07185108959674835,0.9649736881256104,1.0,0.01926412805914879,0.005722613073885441
faff1baa-10b4-11f1-b2c7-ac1f6b417054_label_fake.npz,Fake,Deepfake,0.4174324725754559,0.06759166717529297,0.9994346499443054,1.0,0.01313922181725502,0.006996823940426111
f605911c-10b2-11f1-b2c7-ac1f6b417054_label_fake.npz,Fake,Deepfake,0.4192372809164226,0.0710020661354065,0.998213529586792,1.0,0.02095792070031166,0.0060128881596028805
cfae0606-10b8-11f1-b2c7-ac1f6b417054_label_fake.npz,Fake,Deepfake,0.5855061937123537,0.4281017780303955,0.9988924860954285,1.0,0.02477448619902134,0.4757622182369232
50a4e728-10bb-11f1-b2c7-ac1f6b417054_label_fake.npz,Fake,Deepfake,0.46489164344966416,0.2710214853286743,0.9982900023460388,1.0,0.03566616773605347,0.019480561837553978
c69b8a5a-10b5-11f1-b2c7-ac1f6b417054_label_fake.npz,Fake,Deepfake,0.4244295780546964,0.08917296677827835,0.9989591836929321,1.0,0.026216808706521988,0.00779893109574914
e17d181c-10b9-11f1-b2c7-ac1f6b417054_label_fake.npz,Fake,Deepfake,0.41714039845392115,0.05796905979514122,0.9990348815917969,0.9999994039535522,0.023550236597657204,0.005148410331457853
f6455114-10ba-11f1-b2c7-ac1f6b417054_label_fake.npz,Fake,Deepfake,0.41315275053493683,0.0590965636074543,0.9930825233459473,1.0,0.010107528418302536,0.003477137302979827
73e70606-10b8-11f1-b2c7-ac1f6b417054_label_fake.npz,Fake,Deepfake,0.5941275436431169,0.367261677980423,0.9957612156867981,1.0,0.03106285072863102,0.5765519738197327
7ecbdb8c-10b8-11f1-b2c7-ac1f6b417054_label_fake.npz,Fake,Deepfake,0.418437384814024,0.044432517141103745,0.9997997879981995,0.9999972581863403,0.015960149466991425,0.031997211277484894
b896d2e4-10b9-11f1-b2c7-ac1f6b417054_label_fake.npz,Fake,Deepfake,0.42142188912257555,0.082407645881176,0.9993932247161865,1.0,0.020332181826233864,0.004976393189281225
d252a888-10ba-11f1-b2c7-ac1f6b417054_label_fake.npz,Fake,Deepfake,0.41682696593925356,0.06581711024045944,0.9907168745994568,0.9999655485153198,0.022579822689294815,0.005055473651736975
7aed9134-10b5-11f1-b2c7-ac1f6b417054_label_fake.npz,Fake,Deepfake,0.5708712577819823,0.501225471496582,0.9995864033699036,1.0,0.12418563663959503,0.22935877740383148
3c1c9de6-10bb-11f1-b2c7-ac1f6b417054_label_fake.npz,Fake,Deepfake,0.416070122178644,0.06632684916257858,0.9898117184638977,1.0,0.018857888877391815,0.005354154389351606
26e8713e-10bb-11f1-b2c7-ac1f6b417054_label_fake.npz,Fake,Deepfake,0.5235981095582247,0.3837738037109375,0.9876452088356018,1.0,0.025264808908104897,0.2213067263364792
c20f627c-10ba-11f1-b2c7-ac1f6b417054_label_fake.npz,Fake,Deepfake,0.4303746312856675,0.08127965778112411,0.9999183416366577,1.0,0.035723842680454254,0.03495131433010101
46f2e672-10b5-11f1-b2c7-ac1f6b417054_label_fake.npz,Fake,Deepfake,0.41860547792166475,0.07277128845453262,0.9991005659103394,0.9999997615814209,0.012943530455231667,0.00821224320679903
5a409bfc-10ba-11f1-b2c7-ac1f6b417054_label_fake.npz,Fake,Deepfake,0.42094458835199483,0.0863167867064476,0.9999903440475464,1.0,0.010656612925231457,0.00775919808074832
69f2a7cc-10b8-11f1-b2c7-ac1f6b417054_label_fake.npz,Fake,Deepfake,0.6935691297054292,0.6403002142906189,0.9928020238876343,1.0,0.245876282453537,0.5888671278953552
ec096532-10ba-11f1-b2c7-ac1f6b417054_label_fake.npz,Fake,Deepfake,0.41805730564519766,0.07184471935033798,0.9979616403579712,1.0,0.014607199467718601,0.005872969049960375
36ff6d62-10ba-11f1-b2c7-ac1f6b417054_label_fake.npz,Fake,Deepfake,0.43502945359796286,0.06853760778903961,0.9821779727935791,1.0,0.11253423243761063,0.011897454969584942
75f7c0c8-10b5-11f1-b2c7-ac1f6b417054_label_fake.npz,Fake,Deepfake,0.4141950082033873,0.04729369655251503,0.9999158382415771,1.0,0.01586993597447872,0.007895570248365402
8a141f44-10b9-11f1-b2c7-ac1f6b417054_label_fake.npz,Fake,Deepfake,0.42454027775675063,0.0718156024813652,0.9999490976333618,1.0,0.04096910357475281,0.00996758509427309
054d4be4-10b6-11f1-b2c7-ac1f6b417054_label_fake.npz,Fake,Deepfake,0.4253318343544379,0.07041861861944199,0.9996675252914429,1.0,0.05476018786430359,0.0018128399970009923
31811ef6-10b7-11f1-b2c7-ac1f6b417054_label_fake.npz,Fake,Deepfake,0.41790216602385044,0.0773811861872673,0.9981689453125,1.0,0.01067936047911644,0.0032813381403684616
f107ca56-10ba-11f1-b2c7-ac1f6b417054_label_fake.npz,Fake,Deepfake,0.41435304200276735,0.07277816534042358,0.9833319187164307,1.0,0.011406395584344864,0.00424873037263751
b2e0b67e-10b6-11f1-b2c7-ac1f6b417054_label_fake.npz,Fake,Deepfake,0.4202692046761513,0.07302255183458328,0.9998496770858765,1.0,0.01621219329535961,0.01226160116493702
a5df9372-10b7-11f1-b2c7-ac1f6b417054_label_fake.npz,Fake,Deepfake,0.419392072595656,0.07739885151386261,0.9953745007514954,0.9999998807907104,0.018320254981517792,0.0058668749406933784
927410ee-10ba-11f1-b2c7-ac1f6b417054_label_fake.npz,Fake,Deepfake,0.3979163885116577,0.13834215700626373,0.6445733308792114,1.0,0.14684611558914185,0.05982033908367157
5e7d7c3e-10b6-11f1-b2c7-ac1f6b417054_label_fake.npz,Fake,Deepfake,0.5887219786643982,0.3589823544025421,0.999358594417572,1.0,0.05047038197517395,0.5347985625267029
e1899afa-10ba-11f1-b2c7-ac1f6b417054_label_fake.npz,Fake,Deepfake,0.4195536657236517,0.06979961693286896,0.9995800852775574,1.0,0.024017738178372383,0.004370888229459524
8da244e0-10b6-11f1-b2c7-ac1f6b417054_label_fake.npz,Fake,Deepfake,0.4176339010708034,0.0728892907500267,0.9992508292198181,1.0,0.010702230036258698,0.005327155347913504
dc72a4c6-10ba-11f1-b2c7-ac1f6b417054_label_fake.npz,Fake,Deepfake,0.4193601343780756,0.06929260492324829,0.9962731599807739,0.9999997615814209,0.025441139936447144,0.0057940054684877396
4ba9c4dc-10bb-11f1-b2c7-ac1f6b417054_label_fake.npz,Fake,Deepfake,0.6187943279743195,0.5685662627220154,0.9817335605621338,0.9999692440032959,0.10823780298233032,0.4354647696018219
195bdb56-10ba-11f1-b2c7-ac1f6b417054_label_fake.npz,Fake,Deepfake,0.5542325101792812,0.64256352186203,0.9992068409919739,1.0,0.07611366361379623,0.05327852442860603
ef6a94ce-10b7-11f1-b2c7-ac1f6b417054_label_fake.npz,Fake,Deepfake,0.43879093639552597,0.1075911745429039,0.9938908815383911,1.0,0.028699202463030815,0.06377342343330383
500ff56c-10b8-11f1-b2c7-ac1f6b417054_label_fake.npz,Fake,Deepfake,0.417997523304075,0.07531359791755676,0.9986979961395264,0.99970942735672,0.011383234523236752,0.004883360583335161
6151901e-10b9-11f1-b2c7-ac1f6b417054_label_fake.npz,Fake,Deepfake,0.41677900431677706,0.07255065441131592,0.9960965514183044,0.9999970197677612,0.010216742753982544,0.005034053232520819
f994cc5c-10b8-11f1-b2c7-ac1f6b417054_label_fake.npz,Fake,Deepfake,0.4173844482749701,0.07562699913978577,0.982344388961792,0.9997753500938416,0.017224106937646866,0.011951396241784096
6884dbaa-10b6-11f1-b2c7-ac1f6b417054_label_fake.npz,Fake,Deepfake,0.5494062796235085,0.44798049330711365,0.9997273087501526,1.0,0.07711993902921677,0.22220365703105927
cd82bedc-10b6-11f1-b2c7-ac1f6b417054_label_fake.npz,Fake,Deepfake,0.4157807554583997,0.06112086772918701,0.999767005443573,1.0,0.014368188567459583,0.003647715551778674
ff38337c-10b5-11f1-b2c7-ac1f6b417054_label_fake.npz,Fake,Deepfake,0.42163757905364035,0.09491158276796341,0.9954264760017395,1.0,0.012794188223779202,0.005055648274719715
5e97f9fa-10b7-11f1-b2c7-ac1f6b417054_label_fake.npz,Fake,Deepfake,0.41858190912753346,0.060246873646974564,0.9998778104782104,1.0,0.029418734833598137,0.0033661266788840294
8ed869e4-10b5-11f1-b2c7-ac1f6b417054_label_fake.npz,Fake,Deepfake,0.4213571562431753,0.07076287269592285,0.9999254941940308,1.0,0.031440749764442444,0.004656664561480284
ed316eea-10b6-11f1-b2c7-ac1f6b417054_label_fake.npz,Fake,Deepfake,0.7610787481069565,0.886060357093811,0.9999626874923706,0.9999998807907104,0.13865284621715546,0.7807179689407349
88dbb0de-10b8-11f1-b2c7-ac1f6b417054_label_fake.npz,Fake,Deepfake,0.40556533765047786,0.06818007677793503,0.9259912967681885,0.999860405921936,0.0207503754645586,0.01304453331977129
ef6c9c94-10b5-11f1-b2c7-ac1f6b417054_label_fake.npz,Fake,Deepfake,0.41773959798738364,0.06901422888040543,0.9994182586669922,1.0,0.015159940347075462,0.005105562042444944
161fb4d4-10bb-11f1-b2c7-ac1f6b417054_label_fake.npz,Fake,Deepfake,0.532384218275547,0.29198750853538513,0.9956721067428589,1.0,0.031412072479724884,0.34284940361976624
104741ee-10b6-11f1-b2c7-ac1f6b417054_label_fake.npz,Fake,Deepfake,0.44497958421707157,0.08727356791496277,0.9985666871070862,1.0,0.08724801987409592,0.0518096461892128
3f418cfa-10b8-11f1-b2c7-ac1f6b417054_label_fake.npz,Fake,Deepfake,0.433469769731164,0.14222900569438934,0.9980534315109253,1.0,0.015392917208373547,0.01167349424213171
f449d61c-10b7-11f1-b2c7-ac1f6b417054_label_fake.npz,Fake,Deepfake,0.417519484134391,0.07125941663980484,0.9993758797645569,1.0,0.014062456786632538,0.0028996674809604883
cc80dffe-10bc-11f1-b2c7-ac1f6b417054_label_fake.npz,Fake,Deepfake,0.4163680302910507,0.06141030788421631,0.9969359636306763,1.0,0.019150447100400925,0.00434343283995986
1bc9282e-10c1-11f1-b2c7-ac1f6b417054_label_fake.npz,Fake,Deepfake,0.6957982122898102,0.49774473905563354,0.968759298324585,1.0,0.462004154920578,0.5504828691482544
cc19d488-10be-11f1-b2c7-ac1f6b417054_label_fake.npz,Fake,Deepfake,0.4472002379596234,0.08859559148550034,0.9990177154541016,0.9999998807907104,0.029394719749689102,0.11899328231811523
085b6886-10be-11f1-b2c7-ac1f6b417054_label_fake.npz,Fake,Deepfake,0.43705946803092965,0.12870851159095764,0.9994737505912781,1.0,0.019981827586889267,0.03713325038552284
f4472318-10bc-11f1-b2c7-ac1f6b417054_label_fake.npz,Fake,Deepfake,0.4192103874869645,0.07196789234876633,0.9997498393058777,1.0,0.020310433581471443,0.004023772198706865
7a532388-10bf-11f1-b2c7-ac1f6b417054_label_fake.npz,Fake,Deepfake,0.42587079480290413,0.0594727098941803,0.9993670582771301,1.0,0.0658697634935379,0.0046444423496723175
73daed7c-10bc-11f1-b2c7-ac1f6b417054_label_fake.npz,Fake,Deepfake,0.7096102446317674,0.24430106580257416,0.9921004176139832,1.0,0.7845998406410217,0.5270498991012573
69649b78-10bb-11f1-b2c7-ac1f6b417054_label_fake.npz,Fake,Deepfake,0.42961263470351696,0.07878493517637253,0.9997430443763733,1.0,0.049809884279966354,0.019725309684872627
6bbd0b8a-10c0-11f1-b2c7-ac1f6b417054_label_fake.npz,Fake,Deepfake,0.4230169923044741,0.08081463724374771,0.999864935874939,1.0,0.0301382876932621,0.004267100710421801
efa3f30c-10be-11f1-b2c7-ac1f6b417054_label_fake.npz,Fake,Deepfake,0.4158471751958132,0.06591381877660751,0.9976153373718262,0.9962236881256104,0.014749323949217796,0.004733707755804062
657a1faa-10c1-11f1-b2c7-ac1f6b417054_label_fake.npz,Fake,Deepfake,0.41722973249852663,0.07626756280660629,0.9810702800750732,1.0,0.012689664959907532,0.0161211546510458
1f5928dc-10c0-11f1-b2c7-ac1f6b417054_label_fake.npz,Fake,Deepfake,0.5154364943504334,0.36959919333457947,0.9972489476203918,1.0,0.032864317297935486,0.17747001349925995
4913e922-10bc-11f1-b2c7-ac1f6b417054_label_fake.npz,Fake,Deepfake,0.5095892772078514,0.2691325545310974,0.9999345541000366,1.0,0.049081675708293915,0.2297976016998291
dbbedbae-10be-11f1-b2c7-ac1f6b417054_label_fake.npz,Fake,Deepfake,0.47196537824347623,0.08257099241018295,0.998963475227356,1.0,0.27360302209854126,0.004689401481300592
db84176e-10bc-11f1-b2c7-ac1f6b417054_label_fake.npz,Fake,Deepfake,0.4122479664161801,0.027181297540664673,0.9995298385620117,0.9999982118606567,0.02459852024912834,0.009931963868439198
0321ea58-10c2-11f1-b2c7-ac1f6b417054_label_fake.npz,Fake,Deepfake,0.5330134689807892,0.2541804611682892,0.9996907711029053,1.0,0.30755162239074707,0.1036444902420044
2c15d396-10bf-11f1-b2c7-ac1f6b417054_label_fake.npz,Fake,Deepfake,0.47305421978235246,0.16002257168293,0.9994163513183594,1.0,0.10000056028366089,0.10583161562681198
a273a3ae-10bc-11f1-b2c7-ac1f6b417054_label_fake.npz,Fake,Deepfake,0.41911327801644804,0.08128180354833603,0.9893324375152588,1.0,0.01309653278440237,0.011855616234242916
ea597606-10be-11f1-b2c7-ac1f6b417054_label_fake.npz,Fake,Deepfake,0.49874910414218904,0.25683173537254333,0.999862790107727,1.0,0.1992262452840805,0.03782474994659424
7f0e4d30-10bf-11f1-b2c7-ac1f6b417054_label_fake.npz,Fake,Deepfake,0.41633894862607124,0.06549247354269028,0.9995052814483643,0.9999810457229614,0.012175308540463448,0.004540633875876665
658b8afe-10be-11f1-b2c7-ac1f6b417054_label_fake.npz,Fake,Deepfake,0.7282050788402558,0.688854992389679,0.9986910223960876,1.0,0.10622385144233704,0.847255527973175
97cb9af4-10be-11f1-b2c7-ac1f6b417054_label_fake.npz,Fake,Deepfake,0.4087360533419997,0.029285475611686707,0.9917728304862976,0.9999991655349731,0.02023407258093357,0.0023887224961072206
a5a731f0-10bf-11f1-b2c7-ac1f6b417054_label_fake.npz,Fake,Deepfake,0.4172557569108904,0.0705326572060585,0.9993755221366882,1.0,0.01137590128928423,0.00499470392242074
ef5843d2-10bc-11f1-b2c7-ac1f6b417054_label_fake.npz,Fake,Deepfake,0.5486460536718368,0.37717148661613464,0.9999631643295288,1.0,0.33300113677978516,0.03309448063373566
603a08a2-10c1-11f1-b2c7-ac1f6b417054_label_fake.npz,Fake,Deepfake,0.4218588599935174,0.0689258798956871,0.9960528612136841,1.0,0.0399857759475708,0.004329782910645008
a33b991e-10c0-11f1-b2c7-ac1f6b417054_label_fake.npz,Fake,Deepfake,0.5718561790883542,0.41812464594841003,0.9995675683021545,1.0,0.03263665363192558,0.4089520275592804
26663e74-10bd-11f1-b2c7-ac1f6b417054_label_fake.npz,Fake,Deepfake,0.5030077368021012,0.14304767549037933,0.990791916847229,1.0,0.3638654351234436,0.017333656549453735
e0b714e6-10be-11f1-b2c7-ac1f6b417054_label_fake.npz,Fake,Deepfake,0.5527367919683457,0.26241394877433777,0.9995512366294861,1.0,0.23584763705730438,0.2658711373806
d8ece1c4-10bd-11f1-b2c7-ac1f6b417054_label_fake.npz,Fake,Deepfake,0.41720700263977056,0.0628032311797142,0.999784529209137,0.9999998807907104,0.01551868487149477,0.007928687147796154
be741606-10c1-11f1-b2c7-ac1f6b417054_label_fake.npz,Fake,Deepfake,0.4769577629864217,0.1480240672826767,0.999984860420227,1.0,0.033706311136484146,0.20307357609272003
c64c7540-10c0-11f1-b2c7-ac1f6b417054_label_fake.npz,Fake,Deepfake,0.5778199046850204,0.33097365498542786,0.971085786819458,1.0,0.05023635923862457,0.5368037223815918
5170b74a-10c0-11f1-b2c7-ac1f6b417054_label_fake.npz,Fake,Deepfake,0.4820438016206026,0.3072410523891449,0.9963860511779785,1.0,0.013546356931328773,0.09304554760456085
21bbf1c8-10bf-11f1-b2c7-ac1f6b417054_label_fake.npz,Fake,Deepfake,0.7453088223934174,0.44373980164527893,0.9945663213729858,0.9999792575836182,0.9012511968612671,0.38700753450393677
925f87c8-10bf-11f1-b2c7-ac1f6b417054_label_fake.npz,Fake,Deepfake,0.6148542180657388,0.41413527727127075,0.999015212059021,0.9999995231628418,0.11024237424135208,0.5508787035942078
47b15d44-10c1-11f1-b2c7-ac1f6b417054_label_fake.npz,Fake,Deepfake,0.5285143621265889,0.38991570472717285,0.9999895095825195,1.0,0.05537133291363716,0.19729526340961456
373739a0-10be-11f1-b2c7-ac1f6b417054_label_fake.npz,Fake,Deepfake,0.8083565831184387,0.6776131391525269,0.9996252059936523,1.0,0.760035514831543,0.6045090556144714
8d80a1a6-10bf-11f1-b2c7-ac1f6b417054_label_fake.npz,Fake,Deepfake,0.42621647808700797,0.09795981645584106,0.9995328187942505,0.9999998807907104,0.01872953586280346,0.014860338531434536
97477980-10bf-11f1-b2c7-ac1f6b417054_label_fake.npz,Fake,Deepfake,0.4159255547448993,0.06901733577251434,0.9964566826820374,1.0,0.011049965396523476,0.003103789873421192
04e5bf0a-10bc-11f1-b2c7-ac1f6b417054_label_fake.npz,Fake,Deepfake,0.5178177006542682,0.37984561920166016,0.9994727969169617,0.9999998807907104,0.05625154450535774,0.1535186618566513
92e9cba0-10be-11f1-b2c7-ac1f6b417054_label_fake.npz,Fake,Deepfake,0.7859869837760927,0.6775147318840027,0.9979944229125977,0.9999980926513672,0.5963172912597656,0.6581103801727295
b94c414e-10c1-11f1-b2c7-ac1f6b417054_label_fake.npz,Fake,Deepfake,0.4184444754384458,0.058815110474824905,0.9990304708480835,1.0,0.029164152219891548,0.005212643649429083
fe2238aa-10bc-11f1-b2c7-ac1f6b417054_label_fake.npz,Fake,Deepfake,0.4169498779810965,0.0715629905462265,0.9999626874923706,1.0,0.008530664257705212,0.004693047609180212
208d4264-10c1-11f1-b2c7-ac1f6b417054_label_fake.npz,Fake,Deepfake,0.45332711581140755,0.30168455839157104,0.9343047142028809,0.9999511241912842,0.020236730575561523,0.010458451695740223
aaaf2f98-10c1-11f1-b2c7-ac1f6b417054_label_fake.npz,Fake,Deepfake,0.4186291333287954,0.07502012699842453,0.9925588369369507,1.0,0.016279058530926704,0.009287644177675247
b4c9dc8c-10bf-11f1-b2c7-ac1f6b417054_label_fake.npz,Fake,Deepfake,0.4224653415381909,0.07398339360952377,0.9993250370025635,1.0,0.014782823622226715,0.024235453456640244
122230cc-10c1-11f1-b2c7-ac1f6b417054_label_fake.npz,Fake,Deepfake,0.4153487503528595,0.07110428065061569,0.9817659854888916,1.0,0.01826985366642475,0.00560363195836544
ae015622-10bb-11f1-b2c7-ac1f6b417054_label_fake.npz,Fake,Deepfake,0.4181392036378384,0.07009561359882355,0.9999741315841675,0.9999998807907104,0.01781824417412281,0.002808148041367531
d5bc5202-10c0-11f1-b2c7-ac1f6b417054_label_fake.npz,Fake,Deepfake,0.5709251761436462,0.501225471496582,0.9998559951782227,1.0,0.12418563663959503,0.22935877740383148
5760c3da-10c4-11f1-b2c7-ac1f6b417054_label_fake.npz,Fake,Deepfake,0.4204315084032714,0.07123889774084091,0.9996111989021301,1.0,0.02566535212099552,0.005642093252390623
18947da4-10c4-11f1-b2c7-ac1f6b417054_label_fake.npz,Fake,Deepfake,0.5718597553670407,0.41812464594841003,0.9995855689048767,0.9999998807907104,0.03263665363192558,0.4089520275592804
cb902dce-10c7-11f1-b2c7-ac1f6b417054_label_fake.npz,Fake,Deepfake,0.6066487446427344,0.5024994611740112,0.9976639747619629,0.9999996423721313,0.08273638039827347,0.4503442645072937
d025a506-10c9-11f1-b2c7-ac1f6b417054_label_fake.npz,Fake,Deepfake,0.4193695340305567,0.08056667447090149,0.9984784722328186,1.0,0.01566733978688717,0.002135183662176132
868b2c3a-10c5-11f1-b2c7-ac1f6b417054_label_fake.npz,Fake,Deepfake,0.7642085134983063,0.801074206829071,0.9999924898147583,1.0,0.25429049134254456,0.7656853795051575
54447a08-10c8-11f1-b2c7-ac1f6b417054_label_fake.npz,Fake,Deepfake,0.42170972204767165,0.07622774690389633,0.9996381998062134,1.0,0.028952771797776222,0.0037298917304724455
6b115400-10c7-11f1-b2c7-ac1f6b417054_label_fake.npz,Fake,Deepfake,0.4280470928177238,0.08545716106891632,0.9970278143882751,1.0,0.047675978392362595,0.010074510239064693
325d94b4-10c4-11f1-b2c7-ac1f6b417054_label_fake.npz,Fake,Deepfake,0.4191084147430957,0.07482905685901642,0.9998360872268677,1.0,0.013548587448894978,0.00732834218069911
1774b7d2-10c8-11f1-b2c7-ac1f6b417054_label_fake.npz,Fake,Deepfake,0.4309212099760771,0.07877463102340698,0.9910857081413269,1.0,0.061645686626434326,0.023100024089217186
e419e316-10c8-11f1-b2c7-ac1f6b417054_label_fake.npz,Fake,Deepfake,0.719802099466324,0.79831463098526,0.9869933128356934,1.0,0.3633200526237488,0.4503825008869171
67df9c9a-10c9-11f1-b2c7-ac1f6b417054_label_fake.npz,Fake,Deepfake,0.41745427986606964,0.06185448169708252,0.9993600249290466,1.0,0.019848648458719254,0.0062082442454993725
915db4e4-10c9-11f1-b2c7-ac1f6b417054_label_fake.npz,Fake,Deepfake,0.41583087849430744,0.07357220351696014,0.9912741780281067,1.0,0.010949254967272282,0.003358755959197879
5ca38d14-10c4-11f1-b2c7-ac1f6b417054_label_fake.npz,Fake,Deepfake,0.41626042500138283,0.07359310239553452,0.9843204021453857,1.0,0.0134663050994277,0.009922315366566181
cc2dd952-10c2-11f1-b2c7-ac1f6b417054_label_fake.npz,Fake,Deepfake,0.43844277737662196,0.07651412487030029,0.9990454316139221,0.999987006187439,0.11097148060798645,0.005695843603461981
c29fd6ba-10c2-11f1-b2c7-ac1f6b417054_label_fake.npz,Fake,Deepfake,0.4204569141380489,0.07776518911123276,0.9996768236160278,1.0,0.021020373329520226,0.003822184633463621
f178fe16-10c3-11f1-b2c7-ac1f6b417054_label_fake.npz,Fake,Deepfake,0.4166809775866568,0.06482359021902084,0.9994756579399109,1.0,0.01497513335198164,0.004130506422370672
0ddbdb3c-10c9-11f1-b2c7-ac1f6b417054_label_fake.npz,Fake,Deepfake,0.6501619547605515,0.45344534516334534,0.9999978542327881,0.9999998807907104,0.2452295571565628,0.5521371364593506
2aa2e68c-10c6-11f1-b2c7-ac1f6b417054_label_fake.npz,Fake,Deepfake,0.7282081425189972,0.688854992389679,0.9987064599990845,0.9999998807907104,0.10622385144233704,0.847255527973175
2c116000-10c8-11f1-b2c7-ac1f6b417054_label_fake.npz,Fake,Deepfake,0.4205039404332638,0.0704060047864914,0.9979708790779114,1.0,0.025065109133720398,0.009077709168195724
4dcfb364-10c2-11f1-b2c7-ac1f6b417054_label_fake.npz,Fake,Deepfake,0.41855508973822003,0.058815110474824905,0.9995835423469543,1.0,0.029164152219891548,0.005212643649429083
0d798938-10c8-11f1-b2c7-ac1f6b417054_label_fake.npz,Fake,Deepfake,0.5635806299746037,0.37768012285232544,0.9998623132705688,1.0,0.036076802760362625,0.40428391098976135
dd820272-10c3-11f1-b2c7-ac1f6b417054_label_fake.npz,Fake,Deepfake,0.4171941820532084,0.07666973769664764,0.9863487482070923,0.9999943971633911,0.014618904329836369,0.008339122869074345
ef0f60ba-10c4-11f1-b2c7-ac1f6b417054_label_fake.npz,Fake,Deepfake,0.42188858939334756,0.07812800258398056,0.9986006617546082,1.0,0.0276488084346056,0.005065474193543196
630c2892-10c8-11f1-b2c7-ac1f6b417054_label_fake.npz,Fake,Deepfake,0.41911419741809364,0.0741983950138092,0.9995681643486023,0.9999998807907104,0.01095393393188715,0.010850613005459309
70d6ad54-10c2-11f1-b2c7-ac1f6b417054_label_fake.npz,Fake,Deepfake,0.4130898050032556,0.07277816534042358,0.9770157337188721,1.0,0.011406395584344864,0.00424873037263751
6cfd6f90-10c9-11f1-b2c7-ac1f6b417054_label_fake.npz,Fake,Deepfake,0.728339046239853,0.688854992389679,0.9993608593940735,1.0,0.10622385144233704,0.847255527973175
345f67b6-10c3-11f1-b2c7-ac1f6b417054_label_fake.npz,Fake,Deepfake,0.545678074657917,0.5635360479354858,0.9982317090034485,1.0,0.07503686845302582,0.09158574789762497
bc93905c-10c4-11f1-b2c7-ac1f6b417054_label_fake.npz,Fake,Deepfake,0.41547714732587343,0.05568896606564522,0.9993390440940857,1.0,0.017891360446810722,0.004466366022825241
8ea35ff6-10c4-11f1-b2c7-ac1f6b417054_label_fake.npz,Fake,Deepfake,0.41894162939861423,0.07172229140996933,0.9983129501342773,1.0,0.0182645283639431,0.006408377084881067
43bccb78-10c2-11f1-b2c7-ac1f6b417054_label_fake.npz,Fake,Deepfake,0.4211300013586879,0.0726083442568779,0.9993157386779785,1.0,0.02464846335351467,0.009077460505068302
5d4a0d8e-10c3-11f1-b2c7-ac1f6b417054_label_fake.npz,Fake,Deepfake,0.4626452654600144,0.08076893538236618,0.9996230602264404,1.0,0.22247743606567383,0.010356895625591278
8f71a08e-10c2-11f1-b2c7-ac1f6b417054_label_fake.npz,Fake,Deepfake,0.4580460513010622,0.30168455839157104,0.9581483602523804,0.9997021555900574,0.020236730575561523,0.010458451695740223
70bb4fec-10c6-11f1-b2c7-ac1f6b417054_label_fake.npz,Fake,Deepfake,0.5966982010751962,0.5777012705802917,0.9998173117637634,1.0,0.020016999915242195,0.38595542311668396
d05d4fe6-10c5-11f1-b2c7-ac1f6b417054_label_fake.npz,Fake,Deepfake,0.4245841448195279,0.08071338385343552,0.9996069073677063,1.0,0.036888957023620605,0.005711475852876902
58edb540-10c5-11f1-b2c7-ac1f6b417054_label_fake.npz,Fake,Deepfake,0.4536993764340878,0.15993516147136688,0.999826967716217,1.0,0.026699159294366837,0.082035593688488
52713814-10c4-11f1-b2c7-ac1f6b417054_label_fake.npz,Fake,Deepfake,0.7197715818881989,0.79831463098526,0.986841082572937,1.0,0.3633196949958801,0.4503825008869171
0d6fd04e-10c5-11f1-b2c7-ac1f6b417054_label_fake.npz,Fake,Deepfake,0.5136189259588719,0.28776815533638,0.9988200068473816,1.0,0.047363776713609695,0.23414269089698792
ac5a96ec-10c2-11f1-b2c7-ac1f6b417054_label_fake.npz,Fake,Deepfake,0.7629113987088204,0.934326171875,0.9808743596076965,1.0,0.10786906629800797,0.7914873957633972
267c6ce2-10c9-11f1-b2c7-ac1f6b417054_label_fake.npz,Fake,Deepfake,0.4374513806775212,0.13647426664829254,0.9983147382736206,1.0,0.04439646378159523,0.008071434684097767
99f64604-10c7-11f1-b2c7-ac1f6b417054_label_fake.npz,Fake,Deepfake,0.4177290435880423,0.0650196298956871,0.9995558857917786,1.0,0.01433349959552288,0.009736202657222748
9e7cca76-10c3-11f1-b2c7-ac1f6b417054_label_fake.npz,Fake,Deepfake,0.43109165504574776,0.10644785314798355,0.9986690282821655,1.0,0.017659299075603485,0.03268209472298622
66b23918-10c4-11f1-b2c7-ac1f6b417054_label_fake.npz,Fake,Deepfake,0.42423122785985473,0.06880883127450943,0.9995310306549072,1.0,0.041417136788368225,0.01139914058148861
67dcc7be-10c8-11f1-b2c7-ac1f6b417054_label_fake.npz,Fake,Deepfake,0.4051983456127346,0.07025146484375,0.9281624555587769,1.0,0.022441809996962547,0.005135997664183378
eb171d74-10c7-11f1-b2c7-ac1f6b417054_label_fake.npz,Fake,Deepfake,0.4232922660186887,0.07637783139944077,0.9999876022338867,1.0,0.030517878010869026,0.009578018449246883
2c6fdb4a-10c7-11f1-b2c7-ac1f6b417054_label_fake.npz,Fake,Deepfake,0.4172217171639205,0.07155250012874603,0.9999061822891235,1.0,0.010649501346051693,0.004000402055680752
539ce322-10c5-11f1-b2c7-ac1f6b417054_label_fake.npz,Fake,Deepfake,0.43253386551514267,0.0762021616101265,0.9962220191955566,1.0,0.08439207822084427,0.005853068549185991
34fdc7a0-10c6-11f1-b2c7-ac1f6b417054_label_fake.npz,Fake,Deepfake,0.4156680759973824,0.07402689754962921,0.9842582941055298,0.9999998807907104,0.015884127467870712,0.004171180073171854
84cf19ee-10c8-11f1-b2c7-ac1f6b417054_label_fake.npz,Fake,Deepfake,0.8524254798889161,0.7054185271263123,0.9999932050704956,1.0,0.8796036839485168,0.6771119832992554
e97f6270-10ca-11f1-b2c7-ac1f6b417054_label_fake.npz,Fake,Deepfake,0.4166191728319973,0.06795783340930939,0.9975862503051758,1.0,0.01522420346736908,0.0023275769781321287
4d41b804-10cf-11f1-b2c7-ac1f6b417054_label_fake.npz,Fake,Deepfake,0.6271434456110001,0.4831838607788086,0.9965919256210327,1.0,0.1273573786020279,0.5285840630531311
d9b36c5e-10cc-11f1-b2c7-ac1f6b417054_label_fake.npz,Fake,Deepfake,0.4177515937015414,0.06897229701280594,0.9986283779144287,1.0,0.01819469965994358,0.0029625939205288887
4c844b7a-10ca-11f1-b2c7-ac1f6b417054_label_fake.npz,Fake,Deepfake,0.8524248361587525,0.7054185271263123,0.9999899864196777,1.0,0.8796036839485168,0.6771119832992554
9f1c6210-10ce-11f1-b2c7-ac1f6b417054_label_fake.npz,Fake,Deepfake,0.408479345869273,0.07250143587589264,0.9357348084449768,1.0,0.02917655184864998,0.004983933176845312
ce260e5e-10cd-11f1-b2c7-ac1f6b417054_label_fake.npz,Fake,Deepfake,0.42163304761052134,0.06454990059137344,0.9983407258987427,1.0,0.02783822827041149,0.017436383292078972
c78bf05c-10cf-11f1-b2c7-ac1f6b417054_label_fake.npz,Fake,Deepfake,0.4137353562749922,0.07975852489471436,0.9664502143859863,0.9999996423721313,0.016514800488948822,0.0059535992331802845
1b959c52-10d0-11f1-b2c7-ac1f6b417054_label_fake.npz,Fake,Deepfake,0.4976974606513977,0.3021933436393738,0.9999967813491821,1.0,0.10109226405620575,0.08520491421222687
777758c2-10ca-11f1-b2c7-ac1f6b417054_label_fake.npz,Fake,Deepfake,0.4179382619448006,0.07012534886598587,0.9992688298225403,1.0,0.012826104648411274,0.007471026387065649
e13048c4-10ce-11f1-b2c7-ac1f6b417054_label_fake.npz,Fake,Deepfake,0.42480203649029136,0.10505370795726776,0.9996979236602783,1.0,0.012165924534201622,0.007092626299709082
c69fd464-10cb-11f1-b2c7-ac1f6b417054_label_fake.npz,Fake,Deepfake,0.6292881175875664,0.5839954018592834,0.9998248219490051,1.0,0.09731694310903549,0.4653034210205078
a2ee6892-10ca-11f1-b2c7-ac1f6b417054_label_fake.npz,Fake,Deepfake,0.42178918942809107,0.06952409446239471,0.9985687732696533,1.0,0.03050825372338295,0.010344825685024261
700f47c4-10d0-11f1-b2c7-ac1f6b417054_label_fake.npz,Fake,Deepfake,0.4361833471804857,0.08518145233392715,0.9998488426208496,1.0,0.030838409438729286,0.06504803150892258
84e5ea74-10ce-11f1-b2c7-ac1f6b417054_label_fake.npz,Fake,Deepfake,0.42142176274210214,0.06886748224496841,0.9922439455986023,0.9999880790710449,0.03966573253273964,0.00634357426315546
1a318f26-10ce-11f1-b2c7-ac1f6b417054_label_fake.npz,Fake,Deepfake,0.4379595022648573,0.08421972393989563,0.9976680874824524,0.9999994039535522,0.08842320740222931,0.019487088546156883
8ccbc068-10cb-11f1-b2c7-ac1f6b417054_label_fake.npz,Fake,Deepfake,0.4203819994814694,0.08526275306940079,0.9995361566543579,1.0,0.012725644744932652,0.004385442938655615
5fd6c5f2-10cc-11f1-b2c7-ac1f6b417054_label_fake.npz,Fake,Deepfake,0.43068122006952764,0.06839952617883682,0.9991926550865173,1.0,0.01602943427860737,0.0697844848036766
0bb68e8c-10cf-11f1-b2c7-ac1f6b417054_label_fake.npz,Fake,Deepfake,0.4705536771565676,0.15125346183776855,0.9993399977684021,1.0,0.02960083819925785,0.17257408797740936
377f5d64-10ca-11f1-b2c7-ac1f6b417054_label_fake.npz,Fake,Deepfake,0.4198697827756405,0.06856150180101395,0.9998043179512024,1.0,0.02636689692735672,0.004616197198629379
620d1c74-10cf-11f1-b2c7-ac1f6b417054_label_fake.npz,Fake,Deepfake,0.4200489628128708,0.0755714401602745,0.9990741014480591,1.0,0.018715670332312584,0.006883602123707533
a0290cc8-10cc-11f1-b2c7-ac1f6b417054_label_fake.npz,Fake,Deepfake,0.7077639520168304,0.7568103075027466,0.9984594583511353,1.0,0.0671522319316864,0.716397762298584
2a886b86-10d0-11f1-b2c7-ac1f6b417054_label_fake.npz,Fake,Deepfake,0.4122321903705597,0.047555338591337204,0.9925507307052612,1.0,0.01681482419371605,0.004240058362483978
f47c12f4-10cf-11f1-b2c7-ac1f6b417054_label_fake.npz,Fake,Deepfake,0.5708918929100036,0.501225471496582,0.9996895790100098,1.0,0.12418563663959503,0.22935877740383148
2fba8e7c-10d0-11f1-b2c7-ac1f6b417054_label_fake.npz,Fake,Deepfake,0.44379413668066264,0.06810121238231659,0.9933795928955078,1.0,0.14294025301933289,0.014549625106155872
978e949e-10cb-11f1-b2c7-ac1f6b417054_label_fake.npz,Fake,Deepfake,0.4019077232107521,0.07927059382200241,0.9226800203323364,0.9821770191192627,0.02134784497320652,0.004063137806952
011ef248-10cf-11f1-b2c7-ac1f6b417054_label_fake.npz,Fake,Deepfake,0.4479289144277573,0.08968360722064972,0.9896182417869568,0.9999998807907104,0.06912244111299515,0.09122040122747421
e923361e-10cd-11f1-b2c7-ac1f6b417054_label_fake.npz,Fake,Real,0.3206935873255134,0.07511164247989655,0.9504505395889282,0.5436518788337708,0.020118989050388336,0.014134886674582958
1f4c36a0-10ce-11f1-b2c7-ac1f6b417054_label_fake.npz,Fake,Deepfake,0.4190980367362499,0.07081317901611328,0.9992406368255615,1.0,0.01825554296374321,0.007180824875831604
387ecb0a-10cf-11f1-b2c7-ac1f6b417054_label_fake.npz,Fake,Deepfake,0.41725572198629385,0.07159692049026489,0.9961960315704346,1.0,0.012473327107727528,0.006012330763041973
303816bc-10cb-11f1-b2c7-ac1f6b417054_label_fake.npz,Fake,Deepfake,0.4106093214824796,0.06392810493707657,0.9903590083122253,0.9781602025032043,0.015057041309773922,0.005542250350117683
86d7a010-10cf-11f1-b2c7-ac1f6b417054_label_fake.npz,Fake,Deepfake,0.6040464725345374,0.5133106112480164,0.9991388320922852,1.0,0.02502123825252056,0.4827616810798645
1693f0e2-10ca-11f1-b2c7-ac1f6b417054_label_fake.npz,Fake,Deepfake,0.5464042320847512,0.5089700818061829,0.9987936019897461,0.9999790191650391,0.020758040249347687,0.20352041721343994
d642264c-10cb-11f1-b2c7-ac1f6b417054_label_fake.npz,Fake,Deepfake,0.4249643236398697,0.0672597885131836,0.9971438050270081,1.0,0.03593386709690094,0.02448415756225586
200e02fa-10cc-11f1-b2c7-ac1f6b417054_label_fake.npz,Fake,Deepfake,0.4201747356913984,0.06809834390878677,0.9993269443511963,1.0,0.026726191863417625,0.006722198333591223
1c5e79f2-10cf-11f1-b2c7-ac1f6b417054_label_fake.npz,Fake,Deepfake,0.5285057075321675,0.38991570472717285,0.9999462366104126,1.0,0.05537133291363716,0.19729526340961456
736ab4ba-10cd-11f1-b2c7-ac1f6b417054_label_fake.npz,Fake,Deepfake,0.6773227408528328,0.6850027441978455,0.9999350309371948,0.9999963045120239,0.09255842119455338,0.6091212034225464
058588f4-10cc-11f1-b2c7-ac1f6b417054_label_fake.npz,Fake,Deepfake,0.5793120451271534,0.38640207052230835,0.9998494386672974,0.9999997615814209,0.03292519226670265,0.4773837625980377
c2af5b00-10cf-11f1-b2c7-ac1f6b417054_label_fake.npz,Fake,Deepfake,0.4204588550142944,0.07123889774084091,0.9997479319572449,1.0,0.02566535212099552,0.005642093252390623
2590d35c-10d0-11f1-b2c7-ac1f6b417054_label_fake.npz,Fake,Deepfake,0.41866296119987967,0.07354118674993515,0.9992676377296448,0.9999977350234985,0.012898696586489677,0.007609549909830093
e6552d88-10ce-11f1-b2c7-ac1f6b417054_label_fake.npz,Fake,Deepfake,0.4166808329056948,0.06918978691101074,0.9997507929801941,1.0,0.011988572776317596,0.0024750118609517813
deca6dd6-10cd-11f1-b2c7-ac1f6b417054_label_fake.npz,Fake,Deepfake,0.42637451570481066,0.10961461067199707,0.9996494054794312,0.9999997615814209,0.014203245751559734,0.008405555039644241
95791fea-10cf-11f1-b2c7-ac1f6b417054_label_fake.npz,Fake,Deepfake,0.419782947935164,0.07739885151386261,0.9973287582397461,1.0,0.018320254981517792,0.0058668749406933784
83824a34-10cd-11f1-b2c7-ac1f6b417054_label_fake.npz,Fake,Deepfake,0.5730884045362473,0.46356865763664246,0.9951304197311401,1.0,0.03972350060939789,0.3670194447040558
6cd477a6-10ca-11f1-b2c7-ac1f6b417054_label_fake.npz,Fake,Deepfake,0.5250566415488721,0.4103538393974304,0.996656060218811,0.9999997615814209,0.1647956669330597,0.053477879613637924
7bdc2342-10cb-11f1-b2c7-ac1f6b417054_label_fake.npz,Fake,Deepfake,0.437657624669373,0.13647426664829254,0.9993459582328796,1.0,0.04439646378159523,0.008071434684097767
f6542c7a-10c9-11f1-b2c7-ac1f6b417054_label_fake.npz,Fake,Deepfake,0.4995652943849564,0.3633546233177185,0.9991735816001892,1.0,0.06417285650968552,0.07112541049718857
bc26b28c-10cb-11f1-b2c7-ac1f6b417054_label_fake.npz,Fake,Deepfake,0.41770929750055075,0.07514204829931259,0.9961901903152466,0.999990701675415,0.014095346443355083,0.0031282007694244385
2a7d9a70-10cc-11f1-b2c7-ac1f6b417054_label_fake.npz,Fake,Deepfake,0.3763018548488617,0.12008567899465561,0.7370073199272156,1.0,0.010156860575079918,0.014259414747357368
905f1340-10d7-11f1-b2c7-ac1f6b417054_label_fake.npz,Fake,Deepfake,0.41727876155637206,0.07388489693403244,0.9995885491371155,0.9994009733200073,0.011117975227534771,0.0024014131631702185
503cd058-10d3-11f1-b2c7-ac1f6b417054_label_fake.npz,Fake,Deepfake,0.4180922778323293,0.07344517111778259,0.9961876273155212,0.9999059438705444,0.010331546887755394,0.010591099970042706
44a317c4-10d4-11f1-b2c7-ac1f6b417054_label_fake.npz,Fake,Deepfake,0.44224202912300825,0.10380768775939941,0.9994981288909912,1.0,0.014886847697198391,0.09301748126745224
d466c47c-10d5-11f1-b2c7-ac1f6b417054_label_fake.npz,Fake,Deepfake,0.5230895839631557,0.26569104194641113,0.9995443224906921,1.0,0.049294065684080124,0.30091848969459534
591decb0-10d4-11f1-b2c7-ac1f6b417054_label_fake.npz,Fake,Deepfake,0.41437184186652304,0.06798878312110901,0.98236083984375,0.9995750784873962,0.014651450328528881,0.007283057551831007
6e871128-10d7-11f1-b2c7-ac1f6b417054_label_fake.npz,Fake,Deepfake,0.5364144496619702,0.31181955337524414,0.9985212683677673,1.0,0.05074134096503258,0.32099008560180664
b0031d58-10d8-11f1-b2c7-ac1f6b417054_label_fake.npz,Fake,Deepfake,0.5292418457567691,0.3647167682647705,0.9990646243095398,1.0,0.01421283558011055,0.26821500062942505
ce64b46c-10d0-11f1-b2c7-ac1f6b417054_label_fake.npz,Fake,Deepfake,0.5329998135566711,0.2541804611682892,0.9995211362838745,1.0,0.3076529800891876,0.1036444902420044
9462da3a-10d2-11f1-b2c7-ac1f6b417054_label_fake.npz,Fake,Deepfake,0.6841199457645417,0.5089131593704224,0.9888975024223328,1.0,0.4814262092113495,0.4413628578186035
af98d1e8-10d1-11f1-b2c7-ac1f6b417054_label_fake.npz,Fake,Deepfake,0.5040788915008307,0.06870923191308975,0.9978922009468079,1.0,0.44815322756767273,0.005639797076582909
c9a6dcd4-10d0-11f1-b2c7-ac1f6b417054_label_fake.npz,Fake,Deepfake,0.4444894768297673,0.13916775584220886,0.9989211559295654,0.9999995231628418,0.04780404642224312,0.03655490279197693
fd41a0d2-10d1-11f1-b2c7-ac1f6b417054_label_fake.npz,Fake,Deepfake,0.45561185460537673,0.1215740218758583,0.9977460503578186,1.0,0.1454959213733673,0.013243279419839382
5633265e-10d5-11f1-b2c7-ac1f6b417054_label_fake.npz,Fake,Deepfake,0.41946300119161606,0.07605116814374924,0.999774158000946,1.0,0.01853436417877674,0.0029553156346082687
5e8aac2c-10d6-11f1-b2c7-ac1f6b417054_label_fake.npz,Fake,Deepfake,0.6149157777428627,0.41413527727127075,0.9993225336074829,1.0,0.11024237424135208,0.5508787035942078
81cef206-10d6-11f1-b2c7-ac1f6b417054_label_fake.npz,Fake,Deepfake,0.42445433847606184,0.09502939879894257,0.9986938834190369,0.999998927116394,0.01924511045217514,0.00930437259376049
4f53435e-10d1-11f1-b2c7-ac1f6b417054_label_fake.npz,Fake,Deepfake,0.4211405818350613,0.08099690079689026,0.9967594742774963,1.0,0.02259470708668232,0.005351827014237642
a5d7be62-10d6-11f1-b2c7-ac1f6b417054_label_fake.npz,Fake,Deepfake,0.42589655574411156,0.0892147570848465,0.9961434602737427,1.0,0.029727837070822716,0.014396724291145802
a7ba6424-10d5-11f1-b2c7-ac1f6b417054_label_fake.npz,Fake,Deepfake,0.41697322088293737,0.07157442718744278,0.9990178346633911,0.9999997615814209,0.01208345778286457,0.0021906231995671988
3c0ad6a4-10d6-11f1-b2c7-ac1f6b417054_label_fake.npz,Fake,Deepfake,0.603983136638999,0.5133106112480164,0.9988227486610413,0.9999994039535522,0.02502123825252056,0.4827616810798645
f3407e78-10d1-11f1-b2c7-ac1f6b417054_label_fake.npz,Fake,Deepfake,0.42094092387706045,0.07308328151702881,0.9985836744308472,1.0,0.023436831310391426,0.009600832127034664
87f19614-10d8-11f1-b2c7-ac1f6b417054_label_fake.npz,Fake,Deepfake,0.6921834968030454,0.5880677103996277,0.9963898062705994,1.0,0.8258686661720276,0.050591301172971725
afcdfb7a-10d6-11f1-b2c7-ac1f6b417054_label_fake.npz,Fake,Deepfake,0.48925052694976334,0.22029192745685577,0.9995704293251038,1.0,0.025573885068297386,0.20081639289855957
5991d57e-10d6-11f1-b2c7-ac1f6b417054_label_fake.npz,Fake,Deepfake,0.4186108672991395,0.07277128845453262,0.9991231560707092,1.0,0.012947648763656616,0.00821224320679903
3b380620-10d1-11f1-b2c7-ac1f6b417054_label_fake.npz,Fake,Deepfake,0.8416893124580385,0.5625760555267334,0.9767877459526062,0.9999997615814209,0.9038711190223694,0.7652118802070618
2b62ccec-10d3-11f1-b2c7-ac1f6b417054_label_fake.npz,Fake,Deepfake,0.8850438356399537,0.7574235796928406,0.9999991655349731,0.9999997615814209,0.7988141775131226,0.8689824938774109
788f3e6a-10d8-11f1-b2c7-ac1f6b417054_label_fake.npz,Fake,Deepfake,0.4209452797658742,0.0863167867064476,0.9999938011169434,1.0,0.010656612925231457,0.00775919808074832
137c2aaa-10d9-11f1-b2c7-ac1f6b417054_label_fake.npz,Fake,Deepfake,0.41865996830165386,0.07375609874725342,0.998451828956604,1.0,0.010829497128725052,0.010262416675686836
dec90652-10d3-11f1-b2c7-ac1f6b417054_label_fake.npz,Fake,Deepfake,0.44648572281002996,0.12608107924461365,0.9925179481506348,1.0,0.04310931637883186,0.07072027027606964
98762110-10d0-11f1-b2c7-ac1f6b417054_label_fake.npz,Fake,Deepfake,0.41754551846534016,0.07186392694711685,0.9983312487602234,0.9999418258666992,0.012754052877426147,0.004836537875235081
76d2f780-10d1-11f1-b2c7-ac1f6b417054_label_fake.npz,Fake,Deepfake,0.4258850934915245,0.07617955654859543,0.9999760389328003,1.0,0.04715950787067413,0.006110364105552435
9670db8e-10d6-11f1-b2c7-ac1f6b417054_label_fake.npz,Fake,Deepfake,0.4223891345784068,0.07748278975486755,0.9998868703842163,1.0,0.02122494764626026,0.01335106510668993
72c82446-10d4-11f1-b2c7-ac1f6b417054_label_fake.npz,Fake,Deepfake,0.4189411487430334,0.08103593438863754,0.9888800382614136,1.0,0.014489336870610714,0.010300434194505215
ee024bd4-10d2-11f1-b2c7-ac1f6b417054_label_fake.npz,Fake,Deepfake,0.40855863275937737,0.03171507269144058,0.9987249970436096,1.0,0.009861615486443043,0.0024914785753935575
d94621e4-10d6-11f1-b2c7-ac1f6b417054_label_fake.npz,Fake,Real,0.23960577463731172,0.0717291608452797,0.9983524084091187,0.11010829359292984,0.013578803278505802,0.004260207060724497
e8bffa4a-10d2-11f1-b2c7-ac1f6b417054_label_fake.npz,Fake,Deepfake,0.4192473512142897,0.07375996559858322,0.9985900521278381,0.999554455280304,0.01587143912911415,0.008460843935608864
c929f326-10d6-11f1-b2c7-ac1f6b417054_label_fake.npz,Fake,Deepfake,0.700898277759552,0.8653295636177063,0.9997484087944031,1.0,0.06597936153411865,0.573434054851532
e41d81c2-10d4-11f1-b2c7-ac1f6b417054_label_fake.npz,Fake,Deepfake,0.424825854972005,0.103148452937603,0.9998188614845276,0.9998656511306763,0.010873647406697273,0.010422661900520325
8f777fc6-10d2-11f1-b2c7-ac1f6b417054_label_fake.npz,Fake,Deepfake,0.42068833410739903,0.0726819559931755,0.9993719458580017,1.0,0.024753056466579437,0.006634712219238281
ee558a0e-10d4-11f1-b2c7-ac1f6b417054_label_fake.npz,Fake,Deepfake,0.41709659388288867,0.07158197462558746,0.9966369867324829,0.9999997615814209,0.013563253916800022,0.0037009925581514835
92305b64-10d4-11f1-b2c7-ac1f6b417054_label_fake.npz,Fake,Deepfake,0.517017337679863,0.21050985157489777,0.9970638155937195,1.0,0.04880079627037048,0.32871222496032715
60c18eb2-10d5-11f1-b2c7-ac1f6b417054_label_fake.npz,Fake,Deepfake,0.6149024859070777,0.41413527727127075,0.9992560744285583,1.0,0.11024237424135208,0.5508787035942078
56b299dc-10d2-11f1-b2c7-ac1f6b417054_label_fake.npz,Fake,Deepfake,0.6105964690446855,0.4479650557041168,0.9851922988891602,1.0,0.17064954340457916,0.4491754472255707
4ae08e26-10d6-11f1-b2c7-ac1f6b417054_label_fake.npz,Fake,Deepfake,0.41722178910858937,0.07408715784549713,0.9987517595291138,0.9999830722808838,0.009695314802229404,0.0035916410852223635
3fb54598-10d4-11f1-b2c7-ac1f6b417054_label_fake.npz,Fake,Deepfake,0.41501834243536,0.06435171514749527,0.9873608350753784,0.9999995231628418,0.010365143418312073,0.013014495372772217
70c69352-10d5-11f1-b2c7-ac1f6b417054_label_fake.npz,Fake,Deepfake,0.4556041656062007,0.1215740218758583,0.9977076053619385,1.0,0.1454959213733673,0.013243279419839382
69871542-10d7-11f1-b2c7-ac1f6b417054_label_fake.npz,Fake,Deepfake,0.6311281874775887,0.5296535491943359,0.9796526432037354,1.0,0.040627576410770416,0.6057071685791016
d35e5018-10d0-11f1-b2c7-ac1f6b417054_label_fake.npz,Fake,Deepfake,0.41950251962989576,0.06331212818622589,0.9959151148796082,1.0,0.028805702924728394,0.009479652158915997
6f551fae-10d3-11f1-b2c7-ac1f6b417054_label_fake.npz,Fake,Deepfake,0.4380539488047362,0.1075911745429039,0.9902059435844421,1.0,0.028699202463030815,0.06377342343330383
