clip,path,label,generator,language,identity,source_video,open_set_model,open_set_language
63727_maerchen_001_f000090_label_fake.npz,german/memo/63727_maerchen_001_f000090.mp4,fake,memo,german,63727,63727_maerchen_001_f000090,False,True
27995_maerchen_001_f000018_label_fake.npz,german/memo/27995_maerchen_001_f000018.mp4,fake,memo,german,27995,27995_maerchen_001_f000018,False,True
38499_grune_haus_02_f000079_label_fake.npz,german/memo/38499_grune_haus_02_f000079.mp4,fake,memo,german,38499,38499_grune_haus_02_f000079,False,True
65157_tom_sawyer_01_f000169_label_fake.npz,german/memo/65157_tom_sawyer_01_f000169.mp4,fake,memo,german,65157,65157_tom_sawyer_01_f000169,False,True
28180_grune_haus_06_f000057_label_fake.npz,german/memo/28180_grune_haus_06_f000057.mp4,fake,memo,german,28180,28180_grune_haus_06_f000057,False,True
69714_Die_Kanzlerin_direkt_04_08_f000002_label_fake.npz,german/memo/69714_Die_Kanzlerin_direkt_04_08_f000002.mp4,fake,memo,german,69714,69714_Die_Kanzlerin_direkt_04_08_f000002,False,True
30041_altehaus_001_f000013_label_fake.npz,german/memo/30041_altehaus_001_f000013.mp4,fake,memo,german,30041,30041_altehaus_001_f000013,False,True
25732_tom_sawyer_01_f000097_label_fake.npz,german/memo/25732_tom_sawyer_01_f000097.mp4,fake,memo,german,25732,25732_tom_sawyer_01_f000097,False,True
39616_grune_haus_02_f000064_label_fake.npz,german/memo/39616_grune_haus_02_f000064.mp4,fake,memo,german,39616,39616_grune_haus_02_f000064,False,True
03307_Die_Kanzlerin_direkt_10_13_f000012_label_fake.npz,german/memo/03307_Die_Kanzlerin_direkt_10_13_f000012.mp4,fake,memo,german,03307,03307_Die_Kanzlerin_direkt_10_13_f000012,False,True
48133_grune_haus_06_f000034_label_fake.npz,german/memo/48133_grune_haus_06_f000034.mp4,fake,memo,german,48133,48133_grune_haus_06_f000034,False,True
55049_napoleonenchamartin_02_perezgaldos_f000007_label_fake.npz,spanish/memo/55049_napoleonenchamartin_02_perezgaldos_f000007.mp4,fake,memo,spanish,55049,55049_napoleonenchamartin_02_perezgaldos_f000007,False,False
45077_corte_de_carlos_iv_01_perezgaldos_f000086_label_fake.npz,spanish/memo/45077_corte_de_carlos_iv_01_perezgaldos_f000086.mp4,fake,memo,spanish,45077,45077_corte_de_carlos_iv_01_perezgaldos_f000086,False,False
19_common_voice_ro_21375852_label_fake.npz,romanian/memo/19_common_voice_ro_21375852.mp4,fake,memo,romanian,19,19_common_voice_ro_21375852,False,False
55875_common_voice_en_25162864_label_fake.npz,english/memo/55875_common_voice_en_25162864.mp4,fake,memo,english,55875,55875_common_voice_en_25162864,False,False
02188_napoleonenchamartin_01_perezgaldos_f000056_label_fake.npz,spanish/memo/02188_napoleonenchamartin_01_perezgaldos_f000056.mp4,fake,memo,spanish,02188,02188_napoleonenchamartin_01_perezgaldos_f000056,False,False
55740_20090401-0900-PLENARY-14-ro_20090401-19_34_15_6_label_fake.npz,romanian/memo/55740_20090401-0900-PLENARY-14-ro_20090401-19_34_15_6.mp4,fake,memo,romanian,55740,55740_20090401-0900-PLENARY-14-ro_20090401-19_34_15_6,False,False
45440_trafalgar_02_perezgaldos_f000020_label_fake.npz,spanish/memo/45440_trafalgar_02_perezgaldos_f000020.mp4,fake,memo,spanish,45440,45440_trafalgar_02_perezgaldos_f000020,False,False
07729_common_voice_en_194207_label_fake.npz,english/memo/07729_common_voice_en_194207.mp4,fake,memo,english,07729,07729_common_voice_en_194207,False,False
50535_corte_de_carlos_iv_01_perezgaldos_f000011_label_fake.npz,spanish/memo/50535_corte_de_carlos_iv_01_perezgaldos_f000011.mp4,fake,memo,spanish,50535,50535_corte_de_carlos_iv_01_perezgaldos_f000011,False,False
01693_common_voice_en_27391104_label_fake.npz,english/memo/01693_common_voice_en_27391104.mp4,fake,memo,english,01693,01693_common_voice_en_27391104,False,False
51047_common_voice_en_21884994_label_fake.npz,english/memo/51047_common_voice_en_21884994.mp4,fake,memo,english,51047,51047_common_voice_en_21884994,False,False
64951_eneida_02_virgilio_f000036_label_fake.npz,spanish/memo/64951_eneida_02_virgilio_f000036.mp4,fake,memo,spanish,64951,64951_eneida_02_virgilio_f000036,False,False
51555_angelina_05_delgado_f000014_label_fake.npz,spanish/memo/51555_angelina_05_delgado_f000014.mp4,fake,memo,spanish,51555,51555_angelina_05_delgado_f000014,False,False
59775_common_voice_en_19181726_label_fake.npz,english/memo/59775_common_voice_en_19181726.mp4,fake,memo,english,59775,59775_common_voice_en_19181726,False,False
42303_cuentosclasicosprimera_02_poe_f000260_label_fake.npz,spanish/memo/42303_cuentosclasicosprimera_02_poe_f000260.mp4,fake,memo,spanish,42303,42303_cuentosclasicosprimera_02_poe_f000260,False,False
28090_common_voice_en_17275334_label_fake.npz,english/memo/28090_common_voice_en_17275334.mp4,fake,memo,english,28090,28090_common_voice_en_17275334,False,False
50901_6Z85idbdV4g_33_label_fake.npz,arabic/memo/50901_6Z85idbdV4g_33.mp4,fake,memo,arabic,50901,50901_6Z85idbdV4g_33,False,False
40209_common_voice_en_21927584_label_fake.npz,english/memo/40209_common_voice_en_21927584.mp4,fake,memo,english,40209,40209_common_voice_en_21927584,False,False
68822_common_voice_en_692477_label_fake.npz,english/memo/68822_common_voice_en_692477.mp4,fake,memo,english,68822,68822_common_voice_en_692477,False,False
67719_4wAB59TPj9o_23_label_fake.npz,arabic/memo/67719_4wAB59TPj9o_23.mp4,fake,memo,arabic,67719,67719_4wAB59TPj9o_23,False,False
44527_eneida_01_virgilio_f000083_label_fake.npz,spanish/memo/44527_eneida_01_virgilio_f000083.mp4,fake,memo,spanish,44527,44527_eneida_01_virgilio_f000083,False,False
07919_common_voice_ru_30893143_label_fake.npz,russian/memo/07919_common_voice_ru_30893143.mp4,fake,memo,russian,07919,07919_common_voice_ru_30893143,False,False
01918_common_voice_ro_25871068_label_fake.npz,romanian/memo/01918_common_voice_ro_25871068.mp4,fake,memo,romanian,01918,01918_common_voice_ro_25871068,False,False
455_common_voice_ru_19224207_label_fake.npz,russian/memo/455_common_voice_ru_19224207.mp4,fake,memo,russian,455,455_common_voice_ru_19224207,False,False
01058_common_voice_ru_21383279_label_fake.npz,russian/memo/01058_common_voice_ru_21383279.mp4,fake,memo,russian,01058,01058_common_voice_ru_21383279,False,False
52725_grune_haus_06_f000006_label_fake.npz,german/memo/52725_grune_haus_06_f000006.mp4,fake,memo,german,52725,52725_grune_haus_06_f000006,False,True
218_common_voice_ro_20795709_label_fake.npz,romanian/memo/218_common_voice_ro_20795709.mp4,fake,memo,romanian,218,218_common_voice_ro_20795709,False,False
380_common_voice_ru_18928082_label_fake.npz,russian/memo/380_common_voice_ru_18928082.mp4,fake,memo,russian,380,380_common_voice_ru_18928082,False,False
63221_common_voice_zh-CN_24189773_label_fake.npz,mandarin/memo/63221_common_voice_zh-CN_24189773.mp4,fake,memo,mandarin,63221,63221_common_voice_zh-CN_24189773,False,False
16616_common_voice_ru_18911050_label_fake.npz,russian/memo/16616_common_voice_ru_18911050.mp4,fake,memo,russian,16616,16616_common_voice_ru_18911050,False,False
08909_common_voice_zh-CN_33572552_label_fake.npz,mandarin/memo/08909_common_voice_zh-CN_33572552.mp4,fake,memo,mandarin,08909,08909_common_voice_zh-CN_33572552,False,False
229_common_voice_zh-CN_20924551_label_fake.npz,mandarin/memo/229_common_voice_zh-CN_20924551.mp4,fake,memo,mandarin,229,229_common_voice_zh-CN_20924551,False,False
01710_common_voice_zh-CN_18772227_label_fake.npz,mandarin/memo/01710_common_voice_zh-CN_18772227.mp4,fake,memo,mandarin,01710,01710_common_voice_zh-CN_18772227,False,False
42888_common_voice_zh-CN_21162638_label_fake.npz,mandarin/memo/42888_common_voice_zh-CN_21162638.mp4,fake,memo,mandarin,42888,42888_common_voice_zh-CN_21162638,False,False
42469_eneida_01_virgilio_f000125_label_fake.npz,spanish/memo/42469_eneida_01_virgilio_f000125.mp4,fake,memo,spanish,42469,42469_eneida_01_virgilio_f000125,False,False
11398_common_voice_ru_19563811_label_fake.npz,russian/memo/11398_common_voice_ru_19563811.mp4,fake,memo,russian,11398,11398_common_voice_ru_19563811,False,False
48752_common_voice_ru_20215548_label_fake.npz,russian/memo/48752_common_voice_ru_20215548.mp4,fake,memo,russian,48752,48752_common_voice_ru_20215548,False,False
41133_common_voice_en_23705069_label_fake.npz,english/memo/41133_common_voice_en_23705069.mp4,fake,memo,english,41133,41133_common_voice_en_23705069,False,False
40142_common_voice_zh-CN_22182533_label_fake.npz,mandarin/memo/40142_common_voice_zh-CN_22182533.mp4,fake,memo,mandarin,40142,40142_common_voice_zh-CN_22182533,False,False
28378_common_voice_en_617035_label_fake.npz,english/memo/28378_common_voice_en_617035.mp4,fake,memo,english,28378,28378_common_voice_en_617035,False,False
268_common_voice_zh-CN_22214492_label_fake.npz,mandarin/memo/268_common_voice_zh-CN_22214492.mp4,fake,memo,mandarin,268,268_common_voice_zh-CN_22214492,False,False
55777_common_voice_zh-CN_28529274_label_fake.npz,mandarin/memo/55777_common_voice_zh-CN_28529274.mp4,fake,memo,mandarin,55777,55777_common_voice_zh-CN_28529274,False,False
23140_common_voice_zh-CN_22108033_label_fake.npz,mandarin/memo/23140_common_voice_zh-CN_22108033.mp4,fake,memo,mandarin,23140,23140_common_voice_zh-CN_22108033,False,False
41610_napoleonenchamartin_01_perezgaldos_f000039_label_fake.npz,spanish/memo/41610_napoleonenchamartin_01_perezgaldos_f000039.mp4,fake,memo,spanish,41610,41610_napoleonenchamartin_01_perezgaldos_f000039,False,False
58693_napoleonenchamartin_01_perezgaldos_f000001_label_fake.npz,spanish/memo/58693_napoleonenchamartin_01_perezgaldos_f000001.mp4,fake,memo,spanish,58693,58693_napoleonenchamartin_01_perezgaldos_f000001,False,False
64799_eneida_01_virgilio_f000099_label_fake.npz,spanish/memo/64799_eneida_01_virgilio_f000099.mp4,fake,memo,spanish,64799,64799_eneida_01_virgilio_f000099,False,False
65873_common_voice_ru_31912470_label_fake.npz,russian/memo/65873_common_voice_ru_31912470.mp4,fake,memo,russian,65873,65873_common_voice_ru_31912470,False,False
04286_common_voice_en_9347172_label_fake.npz,english/memo/04286_common_voice_en_9347172.mp4,fake,memo,english,04286,04286_common_voice_en_9347172,False,False
48582_common_voice_en_22021327_label_fake.npz,english/memo/48582_common_voice_en_22021327.mp4,fake,memo,english,48582,48582_common_voice_en_22021327,False,False
62670_common_voice_zh-CN_22182531_label_fake.npz,mandarin/memo/62670_common_voice_zh-CN_22182531.mp4,fake,memo,mandarin,62670,62670_common_voice_zh-CN_22182531,False,False
35542_common_voice_en_657717_label_fake.npz,english/memo/35542_common_voice_en_657717.mp4,fake,memo,english,35542,35542_common_voice_en_657717,False,False
64368_cuentosclasicosprimera_02_poe_f000311_label_fake.npz,spanish/memo/64368_cuentosclasicosprimera_02_poe_f000311.mp4,fake,memo,spanish,64368,64368_cuentosclasicosprimera_02_poe_f000311,False,False
363_common_voice_zh-CN_22430473_label_fake.npz,mandarin/memo/363_common_voice_zh-CN_22430473.mp4,fake,memo,mandarin,363,363_common_voice_zh-CN_22430473,False,False
41301_common_voice_zh-CN_27175443_label_fake.npz,mandarin/memo/41301_common_voice_zh-CN_27175443.mp4,fake,memo,mandarin,41301,41301_common_voice_zh-CN_27175443,False,False
03814_common_voice_ru_31379530_label_fake.npz,russian/memo/03814_common_voice_ru_31379530.mp4,fake,memo,russian,03814,03814_common_voice_ru_31379530,False,False
00763_common_voice_ru_19644651_label_fake.npz,russian/memo/00763_common_voice_ru_19644651.mp4,fake,memo,russian,00763,00763_common_voice_ru_19644651,False,False
19345_common_voice_en_36887059_label_fake.npz,english/memo/19345_common_voice_en_36887059.mp4,fake,memo,english,19345,19345_common_voice_en_36887059,False,False
60_common_voice_zh-CN_33289763_label_fake.npz,mandarin/memo/60_common_voice_zh-CN_33289763.mp4,fake,memo,mandarin,60,60_common_voice_zh-CN_33289763,False,False
21878_common_voice_zh-CN_18848652_label_fake.npz,mandarin/memo/21878_common_voice_zh-CN_18848652.mp4,fake,memo,mandarin,21878,21878_common_voice_zh-CN_18848652,False,False
52599_cuentosclasicosprimera_00_poe_f000092_label_fake.npz,spanish/memo/52599_cuentosclasicosprimera_00_poe_f000092.mp4,fake,memo,spanish,52599,52599_cuentosclasicosprimera_00_poe_f000092,False,False
02220_common_voice_zh-CN_22058050_label_fake.npz,mandarin/memo/02220_common_voice_zh-CN_22058050.mp4,fake,memo,mandarin,02220,02220_common_voice_zh-CN_22058050,False,False
15283_common_voice_ru_39980170_label_fake.npz,russian/memo/15283_common_voice_ru_39980170.mp4,fake,memo,russian,15283,15283_common_voice_ru_39980170,False,False
05205_common_voice_en_35160780_label_fake.npz,english/memo/05205_common_voice_en_35160780.mp4,fake,memo,english,05205,05205_common_voice_en_35160780,False,False
00732_common_voice_ru_30612462_label_fake.npz,russian/memo/00732_common_voice_ru_30612462.mp4,fake,memo,russian,00732,00732_common_voice_ru_30612462,False,False
26649_cuentosclasicosprimera_02_poe_f000293_label_fake.npz,spanish/memo/26649_cuentosclasicosprimera_02_poe_f000293.mp4,fake,memo,spanish,26649,26649_cuentosclasicosprimera_02_poe_f000293,False,False
02241_common_voice_ru_20423210_label_fake.npz,russian/memo/02241_common_voice_ru_20423210.mp4,fake,memo,russian,02241,02241_common_voice_ru_20423210,False,False
30575_common_voice_zh-CN_22148405_label_fake.npz,mandarin/memo/30575_common_voice_zh-CN_22148405.mp4,fake,memo,mandarin,30575,30575_common_voice_zh-CN_22148405,False,False
180_common_voice_ru_22459380_label_fake.npz,russian/memo/180_common_voice_ru_22459380.mp4,fake,memo,russian,180,180_common_voice_ru_22459380,False,False
472_common_voice_zh-CN_20987268_label_fake.npz,mandarin/memo/472_common_voice_zh-CN_20987268.mp4,fake,memo,mandarin,472,472_common_voice_zh-CN_20987268,False,False
56599_common_voice_ru_19091488_label_fake.npz,russian/memo/56599_common_voice_ru_19091488.mp4,fake,memo,russian,56599,56599_common_voice_ru_19091488,False,False
20111_common_voice_en_25549545_label_fake.npz,english/memo/20111_common_voice_en_25549545.mp4,fake,memo,english,20111,20111_common_voice_en_25549545,False,False
00008_eneida_01_virgilio_f000082_label_fake.npz,spanish/memo/00008_eneida_01_virgilio_f000082.mp4,fake,memo,spanish,00008,00008_eneida_01_virgilio_f000082,False,False
69071_altehaus_001_f000129_label_fake.npz,german/memo/69071_altehaus_001_f000129.mp4,fake,memo,german,69071,69071_altehaus_001_f000129,False,True
00906_YcyrVvEc7tg_4_label_fake.npz,arabic/memo/00906_YcyrVvEc7tg_4.mp4,fake,memo,arabic,00906,00906_YcyrVvEc7tg_4,False,False
47739_common_voice_ru_19535263_label_fake.npz,russian/memo/47739_common_voice_ru_19535263.mp4,fake,memo,russian,47739,47739_common_voice_ru_19535263,False,False
24236_20191217-0900-PLENARY-ro_20191217-21_02_31_4_label_fake.npz,romanian/memo/24236_20191217-0900-PLENARY-ro_20191217-21_02_31_4.mp4,fake,memo,romanian,24236,24236_20191217-0900-PLENARY-ro_20191217-21_02_31_4,False,False
104_common_voice_zh-CN_22106031_label_fake.npz,mandarin/memo/104_common_voice_zh-CN_22106031.mp4,fake,memo,mandarin,104,104_common_voice_zh-CN_22106031,False,False
42949_common_voice_ru_32987179_label_fake.npz,russian/memo/42949_common_voice_ru_32987179.mp4,fake,memo,russian,42949,42949_common_voice_ru_32987179,False,False
01391_common_voice_ru_19787771_label_fake.npz,russian/memo/01391_common_voice_ru_19787771.mp4,fake,memo,russian,01391,01391_common_voice_ru_19787771,False,False
42446_20100907-0900-PLENARY-8-ro_20100907-15_52_49_6_label_fake.npz,romanian/memo/42446_20100907-0900-PLENARY-8-ro_20100907-15_52_49_6.mp4,fake,memo,romanian,42446,42446_20100907-0900-PLENARY-8-ro_20100907-15_52_49_6,False,False
02606_common_voice_ru_23683855_label_fake.npz,russian/memo/02606_common_voice_ru_23683855.mp4,fake,memo,russian,02606,02606_common_voice_ru_23683855,False,False
16041_corte_de_carlos_iv_01_perezgaldos_f000096_label_fake.npz,spanish/memo/16041_corte_de_carlos_iv_01_perezgaldos_f000096.mp4,fake,memo,spanish,16041,16041_corte_de_carlos_iv_01_perezgaldos_f000096,False,False
36479_common_voice_es_21938830_label_fake.npz,spanish/memo/36479_common_voice_es_21938830.mp4,fake,memo,spanish,36479,36479_common_voice_es_21938830,False,False
370_common_voice_ru_18903357_label_fake.npz,russian/memo/370_common_voice_ru_18903357.mp4,fake,memo,russian,370,370_common_voice_ru_18903357,False,False
03252_common_voice_zh-CN_22045349_label_fake.npz,mandarin/memo/03252_common_voice_zh-CN_22045349.mp4,fake,memo,mandarin,03252,03252_common_voice_zh-CN_22045349,False,False
46552_common_voice_en_35168941_label_fake.npz,english/memo/46552_common_voice_en_35168941.mp4,fake,memo,english,46552,46552_common_voice_en_35168941,False,False
47735_common_voice_zh-CN_22208681_label_fake.npz,mandarin/memo/47735_common_voice_zh-CN_22208681.mp4,fake,memo,mandarin,47735,47735_common_voice_zh-CN_22208681,False,False
48026_common_voice_zh-CN_33650304_label_fake.npz,mandarin/memo/48026_common_voice_zh-CN_33650304.mp4,fake,memo,mandarin,48026,48026_common_voice_zh-CN_33650304,False,False
20628_common_voice_en_622919_label_fake.npz,english/memo/20628_common_voice_en_622919.mp4,fake,memo,english,20628,20628_common_voice_en_622919,False,False
14222_common_voice_en_27570930_label_fake.npz,english/memo/14222_common_voice_en_27570930.mp4,fake,memo,english,14222,14222_common_voice_en_27570930,False,False
75_common_voice_zh-CN_33289582_label_fake.npz,mandarin/memo/75_common_voice_zh-CN_33289582.mp4,fake,memo,mandarin,75,75_common_voice_zh-CN_33289582,False,False
16380_common_voice_zh-CN_33120856_label_fake.npz,mandarin/memo/16380_common_voice_zh-CN_33120856.mp4,fake,memo,mandarin,16380,16380_common_voice_zh-CN_33120856,False,False
06784_corte_de_carlos_iv_02_perezgaldos_f000037_label_fake.npz,spanish/memo/06784_corte_de_carlos_iv_02_perezgaldos_f000037.mp4,fake,memo,spanish,06784,06784_corte_de_carlos_iv_02_perezgaldos_f000037,False,False
08833_corte_de_carlos_iv_01_perezgaldos_f000091_label_fake.npz,spanish/memo/08833_corte_de_carlos_iv_01_perezgaldos_f000091.mp4,fake,memo,spanish,08833,08833_corte_de_carlos_iv_01_perezgaldos_f000091,False,False
71_common_voice_ru_21632430_label_fake.npz,russian/memo/71_common_voice_ru_21632430.mp4,fake,memo,russian,71,71_common_voice_ru_21632430,False,False
28132_common_voice_ru_23718532_label_fake.npz,russian/memo/28132_common_voice_ru_23718532.mp4,fake,memo,russian,28132,28132_common_voice_ru_23718532,False,False
02636_common_voice_ro_21398533_label_fake.npz,romanian/memo/02636_common_voice_ro_21398533.mp4,fake,memo,romanian,02636,02636_common_voice_ro_21398533,False,False
31550_angelina_01_delgado_f000055_label_fake.npz,spanish/memo/31550_angelina_01_delgado_f000055.mp4,fake,memo,spanish,31550,31550_angelina_01_delgado_f000055,False,False
01677_common_voice_ru_25114540_label_fake.npz,russian/memo/01677_common_voice_ru_25114540.mp4,fake,memo,russian,01677,01677_common_voice_ru_25114540,False,False
52896_common_voice_ru_20474938_label_fake.npz,russian/memo/52896_common_voice_ru_20474938.mp4,fake,memo,russian,52896,52896_common_voice_ru_20474938,False,False
20477_common_voice_zh-CN_22185632_label_fake.npz,mandarin/memo/20477_common_voice_zh-CN_22185632.mp4,fake,memo,mandarin,20477,20477_common_voice_zh-CN_22185632,False,False
50175_common_voice_ru_21813270_label_fake.npz,russian/memo/50175_common_voice_ru_21813270.mp4,fake,memo,russian,50175,50175_common_voice_ru_21813270,False,False
04145_common_voice_ru_19245841_label_fake.npz,russian/memo/04145_common_voice_ru_19245841.mp4,fake,memo,russian,04145,04145_common_voice_ru_19245841,False,False
38871__IJo8qTTOmc_24_label_fake.npz,arabic/memo/38871__IJo8qTTOmc_24.mp4,fake,memo,arabic,38871,38871__IJo8qTTOmc_24,False,False
51434_common_voice_zh-CN_33367559_label_fake.npz,mandarin/memo/51434_common_voice_zh-CN_33367559.mp4,fake,memo,mandarin,51434,51434_common_voice_zh-CN_33367559,False,False
225_common_voice_zh-CN_33384764_label_fake.npz,mandarin/memo/225_common_voice_zh-CN_33384764.mp4,fake,memo,mandarin,225,225_common_voice_zh-CN_33384764,False,False
00742_common_voice_en_619651_label_fake.npz,english/memo/00742_common_voice_en_619651.mp4,fake,memo,english,00742,00742_common_voice_en_619651,False,False
03333_common_voice_zh-CN_19153231_label_fake.npz,mandarin/memo/03333_common_voice_zh-CN_19153231.mp4,fake,memo,mandarin,03333,03333_common_voice_zh-CN_19153231,False,False
03695_common_voice_ru_20441774_label_fake.npz,russian/memo/03695_common_voice_ru_20441774.mp4,fake,memo,russian,03695,03695_common_voice_ru_20441774,False,False
55550_20100706-0900-PLENARY-13-ro_20100706-21_12_41_0_label_fake.npz,romanian/memo/55550_20100706-0900-PLENARY-13-ro_20100706-21_12_41_0.mp4,fake,memo,romanian,55550,55550_20100706-0900-PLENARY-13-ro_20100706-21_12_41_0,False,False
16919_common_voice_en_692178_label_fake.npz,english/memo/16919_common_voice_en_692178.mp4,fake,memo,english,16919,16919_common_voice_en_692178,False,False
03909_common_voice_ru_19775676_label_fake.npz,russian/memo/03909_common_voice_ru_19775676.mp4,fake,memo,russian,03909,03909_common_voice_ru_19775676,False,False
49014_common_voice_en_21932725_label_fake.npz,english/memo/49014_common_voice_en_21932725.mp4,fake,memo,english,49014,49014_common_voice_en_21932725,False,False
47767_common_voice_zh-CN_22971010_label_fake.npz,mandarin/memo/47767_common_voice_zh-CN_22971010.mp4,fake,memo,mandarin,47767,47767_common_voice_zh-CN_22971010,False,False
08494_common_voice_zh-CN_18670824_label_fake.npz,mandarin/memo/08494_common_voice_zh-CN_18670824.mp4,fake,memo,mandarin,08494,08494_common_voice_zh-CN_18670824,False,False
common_voice_es_22789207_52_label_fake.npz,spanish/sonic/common_voice_es_22789207_52.mp4,fake,sonic,spanish,common,common_voice_es_22789207_52,True,False
common_voice_es_34574606_83_label_fake.npz,spanish/sonic/common_voice_es_34574606_83.mp4,fake,sonic,spanish,common,common_voice_es_34574606_83,True,False
common_voice_es_20573827_80_label_fake.npz,spanish/sonic/common_voice_es_20573827_80.mp4,fake,sonic,spanish,common,common_voice_es_20573827_80,True,False
common_voice_es_20573962_49_label_fake.npz,spanish/sonic/common_voice_es_20573962_49.mp4,fake,sonic,spanish,common,common_voice_es_20573962_49,True,False
common_voice_es_18849612_32_label_fake.npz,spanish/sonic/common_voice_es_18849612_32.mp4,fake,sonic,spanish,common,common_voice_es_18849612_32,True,False
common_voice_es_22464455_87_label_fake.npz,spanish/sonic/common_voice_es_22464455_87.mp4,fake,sonic,spanish,common,common_voice_es_22464455_87,True,False
common_voice_es_19463699_60_label_fake.npz,spanish/sonic/common_voice_es_19463699_60.mp4,fake,sonic,spanish,common,common_voice_es_19463699_60,True,False
common_voice_es_19489690_1_label_fake.npz,spanish/sonic/common_voice_es_19489690_1.mp4,fake,sonic,spanish,common,common_voice_es_19489690_1,True,False
common_voice_es_34408824_67_label_fake.npz,spanish/sonic/common_voice_es_34408824_67.mp4,fake,sonic,spanish,common,common_voice_es_34408824_67,True,False
common_voice_es_33934431_38_label_fake.npz,spanish/sonic/common_voice_es_33934431_38.mp4,fake,sonic,spanish,common,common_voice_es_33934431_38,True,False
northandsouth_35_f000069_91_label_fake.npz,english/sonic/northandsouth_35_f000069_91.mp4,fake,sonic,english,northandsouth,northandsouth_35_f000069_91,True,False
the_sea_fairies_21_f000011_31_label_fake.npz,english/sonic/the_sea_fairies_21_f000011_31.mp4,fake,sonic,english,the,the_sea_fairies_21_f000011_31,True,False
the_sea_fairies_06_f000022_10_label_fake.npz,english/sonic/the_sea_fairies_06_f000022_10.mp4,fake,sonic,english,the,the_sea_fairies_06_f000022_10,True,False
midnight_passenger_04_f000106_34_label_fake.npz,english/sonic/midnight_passenger_04_f000106_34.mp4,fake,sonic,english,midnight,midnight_passenger_04_f000106_34,True,False
the_sea_fairies_20_f000133_18_label_fake.npz,english/sonic/the_sea_fairies_20_f000133_18.mp4,fake,sonic,english,the,the_sea_fairies_20_f000133_18,True,False
skyisland_08_baum_64kb_f000043_7_label_fake.npz,english/sonic/skyisland_08_baum_64kb_f000043_7.mp4,fake,sonic,english,skyisland,skyisland_08_baum_64kb_f000043_7,True,False
the_sea_fairies_06_f000024_98_label_fake.npz,english/sonic/the_sea_fairies_06_f000024_98.mp4,fake,sonic,english,the,the_sea_fairies_06_f000024_98,True,False
poisoned_pen_03_f000103_30_label_fake.npz,english/sonic/poisoned_pen_03_f000103_30.mp4,fake,sonic,english,poisoned,poisoned_pen_03_f000103_30,True,False
20101110-0900-PLENARY-15-ro_20101110-22_33_56_0_95_label_fake.npz,romanian/sonic/20101110-0900-PLENARY-15-ro_20101110-22_33_56_0_95.mp4,fake,sonic,romanian,20101110-0900-PLENARY-15-ro,20101110-0900-PLENARY-15-ro_20101110-22_33_56_0_95,True,False
common_voice_ru_18922028_66_label_fake.npz,russian/sonic/common_voice_ru_18922028_66.mp4,fake,sonic,russian,common,common_voice_ru_18922028_66,True,False
common_voice_ru_23768082_22_label_fake.npz,russian/sonic/common_voice_ru_23768082_22.mp4,fake,sonic,russian,common,common_voice_ru_23768082_22,True,False
common_voice_ru_20410166_53_label_fake.npz,russian/sonic/common_voice_ru_20410166_53.mp4,fake,sonic,russian,common,common_voice_ru_20410166_53,True,False
common_voice_ru_22917784_98_label_fake.npz,russian/sonic/common_voice_ru_22917784_98.mp4,fake,sonic,russian,common,common_voice_ru_22917784_98,True,False
common_voice_ru_18920227_87_label_fake.npz,russian/sonic/common_voice_ru_18920227_87.mp4,fake,sonic,russian,common,common_voice_ru_18920227_87,True,False
common_voice_ru_25236840_84_label_fake.npz,russian/sonic/common_voice_ru_25236840_84.mp4,fake,sonic,russian,common,common_voice_ru_25236840_84,True,False
common_voice_ru_31471414_81_label_fake.npz,russian/sonic/common_voice_ru_31471414_81.mp4,fake,sonic,russian,common,common_voice_ru_31471414_81,True,False
common_voice_ru_18905000_2_label_fake.npz,russian/sonic/common_voice_ru_18905000_2.mp4,fake,sonic,russian,common,common_voice_ru_18905000_2,True,False
common_voice_ru_19085433_38_label_fake.npz,russian/sonic/common_voice_ru_19085433_38.mp4,fake,sonic,russian,common,common_voice_ru_19085433_38,True,False
common_voice_ru_20553786_94_label_fake.npz,russian/sonic/common_voice_ru_20553786_94.mp4,fake,sonic,russian,common,common_voice_ru_20553786_94,True,False
common_voice_ru_18904862_14_label_fake.npz,russian/sonic/common_voice_ru_18904862_14.mp4,fake,sonic,russian,common,common_voice_ru_18904862_14,True,False
common_voice_ru_19843010_12_label_fake.npz,russian/sonic/common_voice_ru_19843010_12.mp4,fake,sonic,russian,common,common_voice_ru_19843010_12,True,False
JPYvFW_zMqE_4_38_label_fake.npz,arabic/sonic/JPYvFW_zMqE_4_38.mp4,fake,sonic,arabic,JPYvFW_zMqE,JPYvFW_zMqE,True,False
3HtQi-i9WoY_45_95_label_fake.npz,arabic/sonic/3HtQi-i9WoY_45_95.mp4,fake,sonic,arabic,3HtQi-i9WoY,3HtQi-i9WoY,True,False
y5Ya3RMsmAE_5_33_label_fake.npz,arabic/sonic/y5Ya3RMsmAE_5_33.mp4,fake,sonic,arabic,y5Ya3RMsmAE,y5Ya3RMsmAE,True,False
isvcQMD04ag_12_48_label_fake.npz,arabic/sonic/isvcQMD04ag_12_48.mp4,fake,sonic,arabic,isvcQMD04ag,isvcQMD04ag,True,False
common_voice_zh-CN_22151783_29_label_fake.npz,mandarin/sonic/common_voice_zh-CN_22151783_29.mp4,fake,sonic,mandarin,common,common_voice_zh-CN_22151783_29,True,False
common_voice_zh-CN_19000976_57_label_fake.npz,mandarin/sonic/common_voice_zh-CN_19000976_57.mp4,fake,sonic,mandarin,common,common_voice_zh-CN_19000976_57,True,False
common_voice_zh-CN_22937367_101_label_fake.npz,mandarin/sonic/common_voice_zh-CN_22937367_101.mp4,fake,sonic,mandarin,common,common_voice_zh-CN_22937367_101,True,False
common_voice_zh-CN_32318631_7_label_fake.npz,mandarin/sonic/common_voice_zh-CN_32318631_7.mp4,fake,sonic,mandarin,common,common_voice_zh-CN_32318631_7,True,False
common_voice_zh-CN_18978530_92_label_fake.npz,mandarin/sonic/common_voice_zh-CN_18978530_92.mp4,fake,sonic,mandarin,common,common_voice_zh-CN_18978530_92,True,False
common_voice_zh-CN_32597571_12_label_fake.npz,mandarin/sonic/common_voice_zh-CN_32597571_12.mp4,fake,sonic,mandarin,common,common_voice_zh-CN_32597571_12,True,False
common_voice_zh-CN_23787279_42_label_fake.npz,mandarin/sonic/common_voice_zh-CN_23787279_42.mp4,fake,sonic,mandarin,common,common_voice_zh-CN_23787279_42,True,False
common_voice_zh-CN_19011112_88_label_fake.npz,mandarin/sonic/common_voice_zh-CN_19011112_88.mp4,fake,sonic,mandarin,common,common_voice_zh-CN_19011112_88,True,False
common_voice_zh-CN_18997270_54_label_fake.npz,mandarin/sonic/common_voice_zh-CN_18997270_54.mp4,fake,sonic,mandarin,common,common_voice_zh-CN_18997270_54,True,False
common_voice_zh-CN_32970362_9_label_fake.npz,mandarin/sonic/common_voice_zh-CN_32970362_9.mp4,fake,sonic,mandarin,common,common_voice_zh-CN_32970362_9,True,False
common_voice_zh-CN_33378847_45_label_fake.npz,mandarin/sonic/common_voice_zh-CN_33378847_45.mp4,fake,sonic,mandarin,common,common_voice_zh-CN_33378847_45,True,False
common_voice_zh-CN_18670823_53_label_fake.npz,mandarin/sonic/common_voice_zh-CN_18670823_53.mp4,fake,sonic,mandarin,common,common_voice_zh-CN_18670823_53,True,False
common_voice_zh-CN_19877960_52_label_fake.npz,mandarin/sonic/common_voice_zh-CN_19877960_52.mp4,fake,sonic,mandarin,common,common_voice_zh-CN_19877960_52,True,False
common_voice_zh-CN_22108415_22_label_fake.npz,mandarin/sonic/common_voice_zh-CN_22108415_22.mp4,fake,sonic,mandarin,common,common_voice_zh-CN_22108415_22,True,False
common_voice_zh-CN_22196235_71_label_fake.npz,mandarin/sonic/common_voice_zh-CN_22196235_71.mp4,fake,sonic,mandarin,common,common_voice_zh-CN_22196235_71,True,False
common_voice_zh-CN_33125923_59_label_fake.npz,mandarin/sonic/common_voice_zh-CN_33125923_59.mp4,fake,sonic,mandarin,common,common_voice_zh-CN_33125923_59,True,False
common_voice_zh-CN_20052896_64_label_fake.npz,mandarin/sonic/common_voice_zh-CN_20052896_64.mp4,fake,sonic,mandarin,common,common_voice_zh-CN_20052896_64,True,False
common_voice_zh-CN_32518525_32_label_fake.npz,mandarin/sonic/common_voice_zh-CN_32518525_32.mp4,fake,sonic,mandarin,common,common_voice_zh-CN_32518525_32,True,False
common_voice_zh-CN_18688663_77_label_fake.npz,mandarin/sonic/common_voice_zh-CN_18688663_77.mp4,fake,sonic,mandarin,common,common_voice_zh-CN_18688663_77,True,False
common_voice_zh-CN_22236141_14_label_fake.npz,mandarin/sonic/common_voice_zh-CN_22236141_14.mp4,fake,sonic,mandarin,common,common_voice_zh-CN_22236141_14,True,False
common_voice_zh-CN_18772048_17_label_fake.npz,mandarin/sonic/common_voice_zh-CN_18772048_17.mp4,fake,sonic,mandarin,common,common_voice_zh-CN_18772048_17,True,False
common_voice_zh-CN_18977922_1_label_fake.npz,mandarin/sonic/common_voice_zh-CN_18977922_1.mp4,fake,sonic,mandarin,common,common_voice_zh-CN_18977922_1,True,False
common_voice_zh-CN_33120809_30_label_fake.npz,mandarin/sonic/common_voice_zh-CN_33120809_30.mp4,fake,sonic,mandarin,common,common_voice_zh-CN_33120809_30,True,False
common_voice_zh-CN_18659747_31_label_fake.npz,mandarin/sonic/common_voice_zh-CN_18659747_31.mp4,fake,sonic,mandarin,common,common_voice_zh-CN_18659747_31,True,False
SY_xV-Raq3A_1080p_13_1_label_fake.npz,german/knnvc/SY_xV-Raq3A_1080p_13_1.mp4,fake,real,german,SY,SY_xV-Raq3A_1080p_13_1,True,True
ZWWpghA1SJc_42_4_label_fake.npz,mandarin/knnvc/ZWWpghA1SJc_42_4.mp4,fake,real,mandarin,ZWWpghA1SJc,ZWWpghA1SJc,True,False
U-npOf3jGt8_53_9_label_fake.npz,arabic/knnvc/U-npOf3jGt8_53_9.mp4,fake,real,arabic,U-npOf3jGt8,U-npOf3jGt8,True,False
OpitcLEYak8_1080p_46_1_label_fake.npz,german/freevc/OpitcLEYak8_1080p_46_1.mp4,fake,real,german,OpitcLEYak8,OpitcLEYak8_1080p_46_1,False,True
lSCTGJbObOg_287_1_label_fake.npz,russian/knnvc/lSCTGJbObOg_287_1.mp4,fake,real,russian,lSCTGJbObOg,lSCTGJbObOg,True,False
U509hHthip8_16_2_label_fake.npz,english/knnvc/U509hHthip8_16_2.mp4,fake,real,english,U509hHthip8,U509hHthip8,True,False
pNogULi28gs_84_2_label_fake.npz,russian/knnvc/pNogULi28gs_84_2.mp4,fake,real,russian,pNogULi28gs,pNogULi28gs,True,False
zpEUWKUUxdY_48_1_label_fake.npz,arabic/knnvc/zpEUWKUUxdY_48_1.mp4,fake,real,arabic,zpEUWKUUxdY,zpEUWKUUxdY,True,False
PXdPmUJN6k0_74_47_label_fake.npz,arabic/knnvc/PXdPmUJN6k0_74_47.mp4,fake,real,arabic,PXdPmUJN6k0,PXdPmUJN6k0,True,False
hNA8I-JU3eg_50_8_label_fake.npz,spanish/knnvc/hNA8I-JU3eg_50_8.mp4,fake,real,spanish,hNA8I-JU3eg,hNA8I-JU3eg,True,False
zv3uM90m5Rg_31_3_label_fake.npz,spanish/knnvc/zv3uM90m5Rg_31_3.mp4,fake,real,spanish,zv3uM90m5Rg,zv3uM90m5Rg,True,False
XsQT0DygbJg_14_1_label_fake.npz,spanish/knnvc/XsQT0DygbJg_14_1.mp4,fake,real,spanish,XsQT0DygbJg,XsQT0DygbJg,True,False
_aOpII6y4cQ_14_1_label_fake.npz,arabic/knnvc/_aOpII6y4cQ_14_1.mp4,fake,real,arabic,_aOpII6y4cQ,_aOpII6y4cQ,True,False
62ywI44YAxQ_78_28_label_fake.npz,romanian/knnvc/62ywI44YAxQ_78_28.mp4,fake,real,romanian,62ywI44YAxQ,62ywI44YAxQ,True,False
wdNhtZOGxBw_220_11_label_fake.npz,german/freevc/wdNhtZOGxBw_220_11.mp4,fake,real,german,wdNhtZOGxBw,wdNhtZOGxBw,False,True
62ywI44YAxQ_32_5_label_fake.npz,romanian/knnvc/62ywI44YAxQ_32_5.mp4,fake,real,romanian,62ywI44YAxQ,62ywI44YAxQ,True,False
OhaNsbMOHak_0_2_label_fake.npz,mandarin/knnvc/OhaNsbMOHak_0_2.mp4,fake,real,mandarin,OhaNsbMOHak,OhaNsbMOHak,True,False
qwx4khg5myc_104_2_label_fake.npz,spanish/knnvc/qwx4khg5myc_104_2.mp4,fake,real,spanish,qwx4khg5myc,qwx4khg5myc,True,False
xGCuF-h-XVc_2_1_label_fake.npz,russian/knnvc/xGCuF-h-XVc_2_1.mp4,fake,real,russian,xGCuF-h-XVc,xGCuF-h-XVc,True,False
8tD-YwT4oAg_297_4_label_fake.npz,arabic/knnvc/8tD-YwT4oAg_297_4.mp4,fake,real,arabic,8tD-YwT4oAg,8tD-YwT4oAg,True,False
Uk6sPnRL0WQ_129_2_label_fake.npz,mandarin/knnvc/Uk6sPnRL0WQ_129_2.mp4,fake,real,mandarin,Uk6sPnRL0WQ,Uk6sPnRL0WQ,True,False
d2om_PGtwWY_36_1_label_fake.npz,english/knnvc/d2om_PGtwWY_36_1.mp4,fake,real,english,d2om_PGtwWY,d2om_PGtwWY,True,False
4ZO2_2nHaIk_36_1_label_fake.npz,spanish/knnvc/4ZO2_2nHaIk_36_1.mp4,fake,real,spanish,4ZO2_2nHaIk,4ZO2_2nHaIk,True,False
_-nNx99qK4A_96_1_label_fake.npz,spanish/knnvc/_-nNx99qK4A_96_1.mp4,fake,real,spanish,_-nNx99qK4A,_-nNx99qK4A,True,False
jXf9d1xHO34_1080p_30_8_label_fake.npz,german/knnvc/jXf9d1xHO34_1080p_30_8.mp4,fake,real,german,jXf9d1xHO34,jXf9d1xHO34_1080p_30_8,True,True
6naugGonRkE_1080p_71_5_label_fake.npz,german/freevc/6naugGonRkE_1080p_71_5.mp4,fake,real,german,6naugGonRkE,6naugGonRkE_1080p_71_5,False,True
u6akTRg2ecw_55_1_label_fake.npz,russian/knnvc/u6akTRg2ecw_55_1.mp4,fake,real,russian,u6akTRg2ecw,u6akTRg2ecw,True,False
PHMafVnjks8_8_1_label_fake.npz,german/freevc/PHMafVnjks8_8_1.mp4,fake,real,german,PHMafVnjks8,PHMafVnjks8,False,True
mRNCLRo9JAM_31_4_label_fake.npz,russian/knnvc/mRNCLRo9JAM_31_4.mp4,fake,real,russian,mRNCLRo9JAM,mRNCLRo9JAM,True,False
I-B_Oa6_eNU_228_2_label_fake.npz,english/knnvc/I-B_Oa6_eNU_228_2.mp4,fake,real,english,I-B_Oa6_eNU,I-B_Oa6_eNU,True,False
cWmSTuFjb4o_169_1_label_fake.npz,spanish/knnvc/cWmSTuFjb4o_169_1.mp4,fake,real,spanish,cWmSTuFjb4o,cWmSTuFjb4o,True,False
RGRP2qovk30_4_1_label_fake.npz,romanian/knnvc/RGRP2qovk30_4_1.mp4,fake,real,romanian,RGRP2qovk30,RGRP2qovk30,True,False
Tdgb6NvUjhk_162_2_label_fake.npz,german/knnvc/Tdgb6NvUjhk_162_2.mp4,fake,real,german,Tdgb6NvUjhk,Tdgb6NvUjhk,True,True
JRcV-A7r470_25_1_label_fake.npz,russian/knnvc/JRcV-A7r470_25_1.mp4,fake,real,russian,JRcV-A7r470,JRcV-A7r470,True,False
Vbm1Z9Qjy0Q_4_1_label_fake.npz,spanish/knnvc/Vbm1Z9Qjy0Q_4_1.mp4,fake,real,spanish,Vbm1Z9Qjy0Q,Vbm1Z9Qjy0Q,True,False
8tD-YwT4oAg_141_1_label_fake.npz,arabic/knnvc/8tD-YwT4oAg_141_1.mp4,fake,real,arabic,8tD-YwT4oAg,8tD-YwT4oAg,True,False
u5Ks53-THVE_22_2_label_fake.npz,russian/knnvc/u5Ks53-THVE_22_2.mp4,fake,real,russian,u5Ks53-THVE,u5Ks53-THVE,True,False
WowrvQ9h9ao_22_1_label_fake.npz,mandarin/knnvc/WowrvQ9h9ao_22_1.mp4,fake,real,mandarin,WowrvQ9h9ao,WowrvQ9h9ao,True,False
vxvcZVCOMuc_1_6_label_fake.npz,arabic/knnvc/vxvcZVCOMuc_1_6.mp4,fake,real,arabic,vxvcZVCOMuc,vxvcZVCOMuc,True,False
jyXGeTx0ttw_320_2_label_fake.npz,arabic/knnvc/jyXGeTx0ttw_320_2.mp4,fake,real,arabic,jyXGeTx0ttw,jyXGeTx0ttw,True,False
ezja7-YQ72g_63_6_label_fake.npz,russian/knnvc/ezja7-YQ72g_63_6.mp4,fake,real,russian,ezja7-YQ72g,ezja7-YQ72g,True,False
3C3zslsslRs_33_2_label_fake.npz,mandarin/knnvc/3C3zslsslRs_33_2.mp4,fake,real,mandarin,3C3zslsslRs,3C3zslsslRs,True,False
TDDNxuR1zs8_95_4_label_fake.npz,mandarin/knnvc/TDDNxuR1zs8_95_4.mp4,fake,real,mandarin,TDDNxuR1zs8,TDDNxuR1zs8,True,False
QwWcO0-ne8c_6_2_label_fake.npz,spanish/knnvc/QwWcO0-ne8c_6_2.mp4,fake,real,spanish,QwWcO0-ne8c,QwWcO0-ne8c,True,False
FGAyYl3ZICw_91_2_label_fake.npz,german/knnvc/FGAyYl3ZICw_91_2.mp4,fake,real,german,FGAyYl3ZICw,FGAyYl3ZICw,True,True
O0nL5vRlcfk_1004_5_label_fake.npz,romanian/knnvc/O0nL5vRlcfk_1004_5.mp4,fake,real,romanian,O0nL5vRlcfk,O0nL5vRlcfk,True,False
85VgNDfQZwE_110_2_label_fake.npz,mandarin/knnvc/85VgNDfQZwE_110_2.mp4,fake,real,mandarin,85VgNDfQZwE,85VgNDfQZwE,True,False
NHVXgWJiIcs_10_1_label_fake.npz,arabic/knnvc/NHVXgWJiIcs_10_1.mp4,fake,real,arabic,NHVXgWJiIcs,NHVXgWJiIcs,True,False
awNrju1X3zc_21_2_label_fake.npz,mandarin/knnvc/awNrju1X3zc_21_2.mp4,fake,real,mandarin,awNrju1X3zc,awNrju1X3zc,True,False
awNrju1X3zc_58_1_label_fake.npz,mandarin/knnvc/awNrju1X3zc_58_1.mp4,fake,real,mandarin,awNrju1X3zc,awNrju1X3zc,True,False
lXXCH-gBGzI_79_3_label_fake.npz,german/freevc/lXXCH-gBGzI_79_3.mp4,fake,real,german,lXXCH-gBGzI,lXXCH-gBGzI,False,True
Lv39BhZJ2mg_14_2_label_fake.npz,russian/knnvc/Lv39BhZJ2mg_14_2.mp4,fake,real,russian,Lv39BhZJ2mg,Lv39BhZJ2mg,True,False
9DTxDmLwFb8_1126_12_label_fake.npz,romanian/knnvc/9DTxDmLwFb8_1126_12.mp4,fake,real,romanian,9DTxDmLwFb8,9DTxDmLwFb8,True,False
9X-SE-3CPw4_3448_6_label_fake.npz,romanian/knnvc/9X-SE-3CPw4_3448_6.mp4,fake,real,romanian,9X-SE-3CPw4,9X-SE-3CPw4,True,False
P7slA-LkA3s_30_3_label_fake.npz,english/freevc/P7slA-LkA3s_30_3.mp4,fake,real,english,P7slA-LkA3s,P7slA-LkA3s,False,False
M-3HEJpdx2I_103_3_label_fake.npz,russian/knnvc/M-3HEJpdx2I_103_3.mp4,fake,real,russian,M-3HEJpdx2I,M-3HEJpdx2I,True,False
6IXtQx8SwBE_54_3_label_fake.npz,russian/knnvc/6IXtQx8SwBE_54_3.mp4,fake,real,russian,6IXtQx8SwBE,6IXtQx8SwBE,True,False
Lqg5fiwIQso_45_1_label_fake.npz,mandarin/knnvc/Lqg5fiwIQso_45_1.mp4,fake,real,mandarin,Lqg5fiwIQso,Lqg5fiwIQso,True,False
nBVWOmPTk-4_97_1_label_fake.npz,arabic/freevc/nBVWOmPTk-4_97_1.mp4,fake,real,arabic,nBVWOmPTk-4,nBVWOmPTk-4,False,False
7Fe7jdI2WIA_44_1_label_fake.npz,spanish/knnvc/7Fe7jdI2WIA_44_1.mp4,fake,real,spanish,7Fe7jdI2WIA,7Fe7jdI2WIA,True,False
Vbm1Z9Qjy0Q_24_1_label_fake.npz,spanish/freevc/Vbm1Z9Qjy0Q_24_1.mp4,fake,real,spanish,Vbm1Z9Qjy0Q,Vbm1Z9Qjy0Q,False,False
QTau-xHsz80_69_1_label_fake.npz,english/freevc/QTau-xHsz80_69_1.mp4,fake,real,english,QTau-xHsz80,QTau-xHsz80,False,False
1_Jasoml4DM_2_3_label_fake.npz,arabic/freevc/1_Jasoml4DM_2_3.mp4,fake,real,arabic,1_Jasoml4DM,1_Jasoml4DM,False,False
x92AnU6MUr0_112_2_label_fake.npz,english/freevc/x92AnU6MUr0_112_2.mp4,fake,real,english,x92AnU6MUr0,x92AnU6MUr0,False,False
8tD-YwT4oAg_389_2_label_fake.npz,arabic/freevc/8tD-YwT4oAg_389_2.mp4,fake,real,arabic,8tD-YwT4oAg,8tD-YwT4oAg,False,False
VifDzyPgBNg_342_17_label_fake.npz,romanian/freevc/VifDzyPgBNg_342_17.mp4,fake,real,romanian,VifDzyPgBNg,VifDzyPgBNg,False,False
dMfH7JbxZdY_36_1_label_fake.npz,spanish/knnvc/dMfH7JbxZdY_36_1.mp4,fake,real,spanish,dMfH7JbxZdY,dMfH7JbxZdY,True,False
jV2pjBg0srU_802_7_label_fake.npz,romanian/knnvc/jV2pjBg0srU_802_7.mp4,fake,real,romanian,jV2pjBg0srU,jV2pjBg0srU,True,False
jyXGeTx0ttw_581_21_label_fake.npz,arabic/knnvc/jyXGeTx0ttw_581_21.mp4,fake,real,arabic,jyXGeTx0ttw,jyXGeTx0ttw,True,False
wtCogf-htV0_71_1_label_fake.npz,english/freevc/wtCogf-htV0_71_1.mp4,fake,real,english,wtCogf-htV0,wtCogf-htV0,False,False
awNrju1X3zc_21_2_label_fake.npz,mandarin/freevc/awNrju1X3zc_21_2.mp4,fake,real,mandarin,awNrju1X3zc,awNrju1X3zc,False,False
MzXkiK4ROhQ_55_3_label_fake.npz,russian/freevc/MzXkiK4ROhQ_55_3.mp4,fake,real,russian,MzXkiK4ROhQ,MzXkiK4ROhQ,False,False
WxdaDqICMP8_288_1_label_fake.npz,romanian/freevc/WxdaDqICMP8_288_1.mp4,fake,real,romanian,WxdaDqICMP8,WxdaDqICMP8,False,False
QCAqiTH6B4U_1080p_108_9_label_fake.npz,german/freevc/QCAqiTH6B4U_1080p_108_9.mp4,fake,real,german,QCAqiTH6B4U,QCAqiTH6B4U_1080p_108_9,False,True
RljjbDv06SE_81_1_label_fake.npz,romanian/knnvc/RljjbDv06SE_81_1.mp4,fake,real,romanian,RljjbDv06SE,RljjbDv06SE,True,False
U7V-30eueTw_0_1_label_fake.npz,mandarin/knnvc/U7V-30eueTw_0_1.mp4,fake,real,mandarin,U7V-30eueTw,U7V-30eueTw,True,False
56kjnBhGy8Y_1080p_87_3_label_fake.npz,german/knnvc/56kjnBhGy8Y_1080p_87_3.mp4,fake,real,german,56kjnBhGy8Y,56kjnBhGy8Y_1080p_87_3,True,True
VifDzyPgBNg_210_9_label_fake.npz,romanian/freevc/VifDzyPgBNg_210_9.mp4,fake,real,romanian,VifDzyPgBNg,VifDzyPgBNg,False,False
Z9_kN3rGJfE_54_1_label_fake.npz,spanish/knnvc/Z9_kN3rGJfE_54_1.mp4,fake,real,spanish,Z9_kN3rGJfE,Z9_kN3rGJfE,True,False
0-BD5WJ_hBk_101_1_label_fake.npz,russian/freevc/0-BD5WJ_hBk_101_1.mp4,fake,real,russian,0-BD5WJ_hBk,0-BD5WJ_hBk,False,False
u5Ks53-THVE_56_1_label_fake.npz,russian/freevc/u5Ks53-THVE_56_1.mp4,fake,real,russian,u5Ks53-THVE,u5Ks53-THVE,False,False
6GqonOcxCQQ_214_1_label_fake.npz,russian/knnvc/6GqonOcxCQQ_214_1.mp4,fake,real,russian,6GqonOcxCQQ,6GqonOcxCQQ,True,False
VALyeyRDH1Q_37_9_label_fake.npz,arabic/knnvc/VALyeyRDH1Q_37_9.mp4,fake,real,arabic,VALyeyRDH1Q,VALyeyRDH1Q,True,False
dv4vM3Dbvxw_21_2_label_fake.npz,arabic/knnvc/dv4vM3Dbvxw_21_2.mp4,fake,real,arabic,dv4vM3Dbvxw,dv4vM3Dbvxw,True,False
U-npOf3jGt8_29_1_345_label_fake.npz,arabic/sonic/U-npOf3jGt8_29_1_345.mp4,fake,sonic,arabic,U-npOf3jGt8,U-npOf3jGt8_29_1_345,True,False
33490.png_rGW7sZQ9AYY_822_2_label_fake.npz,hindi/hififace/33490.png_rGW7sZQ9AYY_822_2.mp4.mp4,fake,hififace,hindi,33490.png,rGW7sZQ9AYY,True,True
NEEN8fSBuWI_370_1_45_label_fake.npz,german/sonic/NEEN8fSBuWI_370_1_45.mp4,fake,sonic,german,NEEN8fSBuWI,NEEN8fSBuWI_370_1_45,True,True
60_Jmtasx4JReE_audio_1_512x512_1_1026_withaudio_label_fake.npz,hindi/echomimic/60_Jmtasx4JReE_audio_1_512x512_1_1026_withaudio.mp4,fake,echomimic,hindi,60,60_Jmtasx4JReE_audio_1_512x512_1_1026_withaudio,False,True
18393-xrvwv7kdiXk_0_1_label_fake.npz,mandarin/hififace/18393-xrvwv7kdiXk_0_1.mp4,fake,hififace,mandarin,18393-xrvwv7kdiXk,18393-xrvwv7kdiXk_0_1,True,False
uaUeoNnxmco_232_5_label_real.npz,hindi/real/uaUeoNnxmco_232_5.mp4,real,real,hindi,uaUeoNnxmco,uaUeoNnxmco,False,True
15906-1xWUAi4M_Dw_81_1_label_fake.npz,mandarin/hififace/15906-1xWUAi4M_Dw_81_1.mp4,fake,hififace,mandarin,15906-1xWUAi4M,15906-1xWUAi4M_Dw_81_1,True,False
2NlEdgEI_mc_11_1_32_label_fake.npz,romanian/sonic/2NlEdgEI_mc_11_1_32.mp4,fake,sonic,romanian,2NlEdgEI,2NlEdgEI_mc_11_1_32,True,False
43935-7AldV8ATrJc_117_4_label_fake.npz,german/roop/43935-7AldV8ATrJc_117_4.mp4,fake,roop,german,43935-7AldV8ATrJc,43935-7AldV8ATrJc_117_4,True,True
9CECkqcLjp4_1804_3_303_label_fake.npz,arabic/sonic/9CECkqcLjp4_1804_3_303.mp4,fake,sonic,arabic,9CECkqcLjp4,9CECkqcLjp4_1804_3_303,True,False
J_ComKnl1hk_7_1_573_label_fake.npz,arabic/sonic/J_ComKnl1hk_7_1_573.mp4,fake,sonic,arabic,J,J_ComKnl1hk_7_1_573,True,False
328_hGvKKIo4tKQ_1080p_19_2_512x512_1_1803_withaudio_label_fake.npz,german/echomimic/328_hGvKKIo4tKQ_1080p_19_2_512x512_1_1803_withaudio.mp4,fake,echomimic,german,328,328_hGvKKIo4tKQ_1080p_19_2_512x512_1_1803_withaudio,False,True
437_q__LT1Js9gE_1080p_11_1_512x512_1_1803_withaudio_label_fake.npz,german/echomimic/437_q__LT1Js9gE_1080p_11_1_512x512_1_1803_withaudio.mp4,fake,echomimic,german,437,437_q__LT1Js9gE_1080p_11_1_512x512_1_1803_withaudio,False,True
069_591ac4fc-eBcoBBAa-zY_399_3_label_fake.npz,german/roop/069_591ac4fc-eBcoBBAa-zY_399_3.mp4,fake,roop,german,069,069_591ac4fc-eBcoBBAa-zY_399_3,True,True
hR6MLH3vp80_1080p_114_1_711_label_fake.npz,german/sonic/hR6MLH3vp80_1080p_114_1_711.mp4,fake,sonic,german,hR6MLH3vp80,hR6MLH3vp80_1080p_114_1_711,True,True
27829-zv3uM90m5Rg_0_2_label_fake.npz,spanish/roop/27829-zv3uM90m5Rg_0_2.mp4,fake,roop,spanish,27829-zv3uM90m5Rg,27829-zv3uM90m5Rg_0_2,True,False
00483.png_vebjQP6GXm0_306_1_label_fake.npz,arabic/hififace/00483.png_vebjQP6GXm0_306_1.mp4.mp4,fake,hififace,arabic,00483.png,vebjQP6GXm0,True,False
PjGZ8ORHZc8_39_3_25fps--11755_56kjnBhGy8Y_1080p_40_1_25fps_label_fake.npz,german/liveportrait/PjGZ8ORHZc8_39_3_25fps--11755_56kjnBhGy8Y_1080p_40_1_25fps.mp4,fake,liveportrait,german,PjGZ8ORHZc8,PjGZ8ORHZc8_39_3_25fps--11755_56kjnBhGy8Y_1080p_40_1_25fps,False,True
024_036921f7-inQaPF2YoNw_262_2_label_fake.npz,arabic/roop/024_036921f7-inQaPF2YoNw_262_2.mp4,fake,roop,arabic,024,024_036921f7-inQaPF2YoNw_262_2,True,False
127-y0m5woySQhM_391_2_label_fake.npz,german/roop/127-y0m5woySQhM_391_2.mp4,fake,roop,german,127-y0m5woySQhM,127-y0m5woySQhM_391_2,True,True
15715-QwWcO0-ne8c_46_1_label_fake.npz,spanish/hififace/15715-QwWcO0-ne8c_46_1.mp4,fake,hififace,spanish,15715-QwWcO0-ne8c,15715-QwWcO0-ne8c_46_1,True,False
14206-WXosPmTQq4o_197_1_label_fake.npz,english/roop/14206-WXosPmTQq4o_197_1.mp4,fake,roop,english,14206-WXosPmTQq4o,14206-WXosPmTQq4o_197_1,True,False
25116-53GIoeOAam4_6_2_label_fake.npz,russian/hififace/25116-53GIoeOAam4_6_2.mp4,fake,hififace,russian,25116-53GIoeOAam4,25116-53GIoeOAam4_6_2,True,False
10478-2WGnDrVPG8A_30_1_label_fake.npz,spanish/hififace/10478-2WGnDrVPG8A_30_1.mp4,fake,hififace,spanish,10478-2WGnDrVPG8A,10478-2WGnDrVPG8A_30_1,True,False
27g6HX_U3ns_6_3_521_label_fake.npz,arabic/sonic/27g6HX_U3ns_6_3_521.mp4,fake,sonic,arabic,27g6HX,27g6HX_U3ns_6_3_521,True,False
073_f39658d0.jpg_KyeC6d6MTSU_172_13_label_fake.npz,hindi/inswapper/073_f39658d0.jpg_KyeC6d6MTSU_172_13.mp4.mp4,fake,inswapper,hindi,073_f39658d0.jpg,KyeC6d6MTSU,False,True
15353-wCZJ8go4Q9A_7_12_label_fake.npz,romanian/roop/15353-wCZJ8go4Q9A_7_12.mp4,fake,roop,romanian,15353-wCZJ8go4Q9A,15353-wCZJ8go4Q9A_7_12,True,False
278_HQILxqS831E_audio_2_98_label_fake.npz,hindi/sonic/278_HQILxqS831E_audio_2_98.mp4,fake,sonic,hindi,278,278_HQILxqS831E_audio_2_98,True,True
343.png_Je9hLZKYTz4_122_42_label_fake.npz,german/hififace/343.png_Je9hLZKYTz4_122_42.mp4.mp4,fake,hififace,german,343.png,Je9hLZKYTz4,True,True
21007-O4A-dk60Njg_143_3_label_fake.npz,spanish/roop/21007-O4A-dk60Njg_143_3.mp4,fake,roop,spanish,21007-O4A-dk60Njg,21007-O4A-dk60Njg_143_3,True,False
201-D7nFQYc20k8_236_1_label_fake.npz,hindi/roop/201-D7nFQYc20k8_236_1.mp4,fake,roop,hindi,201-D7nFQYc20k8,201-D7nFQYc20k8_236_1,True,True
02162_EoZRPfVRY7I_audio_2_label_fake.npz,hindi/memo/02162_EoZRPfVRY7I_audio_2.mp4,fake,memo,hindi,02162,02162_EoZRPfVRY7I_audio_2,False,True
1661-M-3HEJpdx2I_32_1_label_fake.npz,russian/hififace/1661-M-3HEJpdx2I_32_1.mp4,fake,hififace,russian,1661-M-3HEJpdx2I,1661-M-3HEJpdx2I_32_1,True,False
20509-DCeJZTSFTXs_19_1_label_fake.npz,mandarin/hififace/20509-DCeJZTSFTXs_19_1.mp4,fake,hififace,mandarin,20509-DCeJZTSFTXs,20509-DCeJZTSFTXs_19_1,True,False
18335-8pBbbHNytDg_73_4_label_fake.npz,spanish/hififace/18335-8pBbbHNytDg_73_4.mp4,fake,hififace,spanish,18335-8pBbbHNytDg,18335-8pBbbHNytDg_73_4,True,False
GtBnj3Z3eO4_17_1_51_label_fake.npz,german/sonic/GtBnj3Z3eO4_17_1_51.mp4,fake,sonic,german,GtBnj3Z3eO4,GtBnj3Z3eO4_17_1_51,True,True
51_wdNhtZOGxBw_229_7_label_fake.npz,german/memo/51_wdNhtZOGxBw_229_7.mp4,fake,memo,german,51,51_wdNhtZOGxBw_229_7,False,True
098_f0bc37c7.jpg_u-X671JqQWA_48_86_label_fake.npz,german/inswapper/098_f0bc37c7.jpg_u-X671JqQWA_48_86.mp4.mp4,fake,inswapper,german,098_f0bc37c7.jpg,u-X671JqQWA,False,True
6842-ADTwFvHACE4_90_1_label_fake.npz,russian/roop/6842-ADTwFvHACE4_90_1.mp4,fake,roop,russian,6842-ADTwFvHACE4,6842-ADTwFvHACE4_90_1,True,False
GiRZf3AUfW0_18_1_25fps--199_dwyz8kUPW2M_audio_2_56_label_fake.npz,hindi/liveportrait/GiRZf3AUfW0_18_1_25fps--199_dwyz8kUPW2M_audio_2_56.mp4,fake,liveportrait,hindi,GiRZf3AUfW0,GiRZf3AUfW0_18_1_25fps--199_dwyz8kUPW2M_audio_2_56,False,True
1689-ADTwFvHACE4_67_1_label_fake.npz,russian/roop/1689-ADTwFvHACE4_67_1.mp4,fake,roop,russian,1689-ADTwFvHACE4,1689-ADTwFvHACE4_67_1,True,False
Du1SKO_ri4w_48_139_60_label_fake.npz,german/sonic/Du1SKO_ri4w_48_139_60.mp4,fake,sonic,german,Du1SKO,Du1SKO_ri4w_48_139_60,True,True
20709-O1JxQ9OyJRQ_40_2_label_fake.npz,russian/roop/20709-O1JxQ9OyJRQ_40_2.mp4,fake,roop,russian,20709-O1JxQ9OyJRQ,20709-O1JxQ9OyJRQ_40_2,True,False
037_cff9f22d.jpg_Du1SKO_ri4w_83_12_label_fake.npz,german/inswapper/037_cff9f22d.jpg_Du1SKO_ri4w_83_12.mp4.mp4,fake,inswapper,german,037_cff9f22d.jpg,Du1SKO_ri4w,False,True
7783-lSCTGJbObOg_347_1_label_fake.npz,russian/sonic/7783-lSCTGJbObOg_347_1.mp4,fake,sonic,russian,7783-lSCTGJbObOg,7783-lSCTGJbObOg_347_1,True,False
4jEjuJX169k_342_1_442_label_fake.npz,german/sonic/4jEjuJX169k_342_1_442.mp4,fake,sonic,german,4jEjuJX169k,4jEjuJX169k_342_1_442,True,True
20505-b4UXfBoC22A_53_1_label_fake.npz,mandarin/hififace/20505-b4UXfBoC22A_53_1.mp4,fake,hififace,mandarin,20505-b4UXfBoC22A,20505-b4UXfBoC22A_53_1,True,False
27209.png_zBJP1v24Llk_71_1_label_fake.npz,german/inswapper/27209.png_zBJP1v24Llk_71_1.mp4.mp4,fake,inswapper,german,27209.png,zBJP1v24Llk,False,True
50266.png_oDO5ZDLTpaw_0_1_label_fake.npz,arabic/hififace/50266.png_oDO5ZDLTpaw_0_1.mp4.mp4,fake,hififace,arabic,50266.png,oDO5ZDLTpaw,True,False
D56tKWtAMbw_495_1_25fps--234_l0x-olnBLLg_330_5_25fps_label_fake.npz,german/liveportrait/D56tKWtAMbw_495_1_25fps--234_l0x-olnBLLg_330_5_25fps.mp4,fake,liveportrait,german,D56tKWtAMbw,D56tKWtAMbw_495_1_25fps--234_l0x-olnBLLg_330_5_25fps,False,True
15982_8-iiYu7NESU_532_3_label_fake.npz,german/memo/15982_8-iiYu7NESU_532_3.mp4,fake,memo,german,15982,15982_8-iiYu7NESU_532_3,False,True
29164-b4UXfBoC22A_38_3_label_fake.npz,mandarin/roop/29164-b4UXfBoC22A_38_3.mp4,fake,roop,mandarin,29164-b4UXfBoC22A,29164-b4UXfBoC22A_38_3,True,False
_NxbN7iCl3w_9_1_label_real.npz,german/real/_NxbN7iCl3w_9_1.mp4,real,real,german,_NxbN7iCl3w,_NxbN7iCl3w,False,True
266_o4qerM8M37s_audio_3_512x512_1_1026_withaudio_label_fake.npz,hindi/echomimic/266_o4qerM8M37s_audio_3_512x512_1_1026_withaudio.mp4,fake,echomimic,hindi,266,266_o4qerM8M37s_audio_3_512x512_1_1026_withaudio,False,True
74_NEEN8fSBuWI_302_1_label_fake.npz,german/memo/74_NEEN8fSBuWI_302_1.mp4,fake,memo,german,74,74_NEEN8fSBuWI_302_1,False,True
5722-cbtkoZUOR1A_19_3_label_fake.npz,english/roop/5722-cbtkoZUOR1A_19_3.mp4,fake,roop,english,5722-cbtkoZUOR1A,5722-cbtkoZUOR1A_19_3,True,False
18428-a5bLHLqaNDg_153_5_label_fake.npz,russian/hififace/18428-a5bLHLqaNDg_153_5.mp4,fake,hififace,russian,18428-a5bLHLqaNDg,18428-a5bLHLqaNDg_153_5,True,False
12627-pNogULi28gs_120_2_label_fake.npz,russian/roop/12627-pNogULi28gs_120_2.mp4,fake,roop,russian,12627-pNogULi28gs,12627-pNogULi28gs_120_2,True,False
1.png_UzfVjgZKjro_1080p_102_2_label_fake.npz,german/inswapper/1.png_UzfVjgZKjro_1080p_102_2.mp4.mp4,fake,inswapper,german,1.png,1.png_UzfVjgZKjro_1080p_102_2.mp4,False,True
18008-3NYH-zyIfZY_11_1_label_fake.npz,russian/roop/18008-3NYH-zyIfZY_11_1.mp4,fake,roop,russian,18008-3NYH-zyIfZY,18008-3NYH-zyIfZY_11_1,True,False
077_e589a0e2_XblD1mtXBWY_4_1-batch-2025-02-06-13-00-20-332_label_fake.npz,romanian/hififace/077_e589a0e2_XblD1mtXBWY_4_1-batch-2025-02-06-13-00-20-332.mp4,fake,hififace,romanian,077,077_e589a0e2_XblD1mtXBWY_4_1-batch-2025-02-06-13-00-20-332,True,False
PHMafVnjks8_535_1_25fps--06843_Je9hLZKYTz4_93_15_25fps_label_fake.npz,german/liveportrait/PHMafVnjks8_535_1_25fps--06843_Je9hLZKYTz4_93_15_25fps.mp4,fake,liveportrait,german,PHMafVnjks8,PHMafVnjks8_535_1_25fps--06843_Je9hLZKYTz4_93_15_25fps,False,True
15300-NZ7pKLrujBc_8_1_label_fake.npz,spanish/hififace/15300-NZ7pKLrujBc_8_1.mp4,fake,hififace,spanish,15300-NZ7pKLrujBc,15300-NZ7pKLrujBc_8_1,True,False
270_7AldV8ATrJc_205_1_label_fake.npz,german/memo/270_7AldV8ATrJc_205_1.mp4,fake,memo,german,270,270_7AldV8ATrJc_205_1,False,True
8636-NkFOqfFDb1c_48_1_label_fake.npz,mandarin/hififace/8636-NkFOqfFDb1c_48_1.mp4,fake,hififace,mandarin,8636-NkFOqfFDb1c,8636-NkFOqfFDb1c_48_1,True,False
340_uaUeoNnxmco_audio_1_163_label_fake.npz,hindi/sonic/340_uaUeoNnxmco_audio_1_163.mp4,fake,sonic,hindi,340,340_uaUeoNnxmco_audio_1_163,True,True
193-ldI1peHBLa0_67_1_label_fake.npz,hindi/roop/193-ldI1peHBLa0_67_1.mp4,fake,roop,hindi,193-ldI1peHBLa0,193-ldI1peHBLa0_67_1,True,True
461_itmL4UpC5eQ_audio_short_label_fake.npz,hindi/memo/461_itmL4UpC5eQ_audio_short.mp4,fake,memo,hindi,461,461_itmL4UpC5eQ_audio_short,False,True
072_c887ec5c.jpg_WYP2eizW7gY_157_1_label_fake.npz,german/hififace/072_c887ec5c.jpg_WYP2eizW7gY_157_1.mp4.mp4,fake,hififace,german,072_c887ec5c.jpg,WYP2eizW7gY,True,True
286_7AldV8ATrJc_239_1_512x512_1_1803_withaudio_label_fake.npz,german/echomimic/286_7AldV8ATrJc_239_1_512x512_1_1803_withaudio.mp4,fake,echomimic,german,286,286_7AldV8ATrJc_239_1_512x512_1_1803_withaudio,False,True
20856-I5oeY5O5oJI_42_1_label_fake.npz,english/roop/20856-I5oeY5O5oJI_42_1.mp4,fake,roop,english,20856-I5oeY5O5oJI,20856-I5oeY5O5oJI_42_1,True,False
12814-itFwx1CZM9I_99_2_label_fake.npz,russian/sonic/12814-itFwx1CZM9I_99_2.mp4,fake,sonic,russian,12814-itFwx1CZM9I,12814-itFwx1CZM9I_99_2,True,False
192_Je9hLZKYTz4_117_7_512x512_1_1803_withaudio_label_fake.npz,german/echomimic/192_Je9hLZKYTz4_117_7_512x512_1_1803_withaudio.mp4,fake,echomimic,german,192,192_Je9hLZKYTz4_117_7_512x512_1_1803_withaudio,False,True
UzfVjgZKjro_1080p_97_4_180_label_fake.npz,german/sonic/UzfVjgZKjro_1080p_97_4_180.mp4,fake,sonic,german,UzfVjgZKjro,UzfVjgZKjro_1080p_97_4_180,True,True
15069.png_zr6OpxBh5DA_383_2_label_fake.npz,hindi/hififace/15069.png_zr6OpxBh5DA_383_2.mp4.mp4,fake,hififace,hindi,15069.png,zr6OpxBh5DA,True,True
029_2f4ca9e5_GK9gq8WEHA0_790_1-batch-2025-02-06-13-00-20-210_label_fake.npz,romanian/hififace/029_2f4ca9e5_GK9gq8WEHA0_790_1-batch-2025-02-06-13-00-20-210.mp4,fake,hififace,romanian,029,029_2f4ca9e5_GK9gq8WEHA0_790_1-batch-2025-02-06-13-00-20-210,True,False
D56tKWtAMbw_1235_1_29_label_fake.npz,german/sonic/D56tKWtAMbw_1235_1_29.mp4,fake,sonic,german,D56tKWtAMbw,D56tKWtAMbw_1235_1_29,True,True
356-UzfVjgZKjro_1080p_48_8_label_fake.npz,german/roop/356-UzfVjgZKjro_1080p_48_8.mp4,fake,roop,german,356-UzfVjgZKjro,356-UzfVjgZKjro_1080p_48_8,True,True
cyyeokhRDgI_300_24_label_real.npz,hindi/real/cyyeokhRDgI_300_24.mp4,real,real,hindi,cyyeokhRDgI,cyyeokhRDgI,False,True
35910-O_6kW3Mrkm8_151_2_label_fake.npz,hindi/roop/35910-O_6kW3Mrkm8_151_2.mp4,fake,roop,hindi,35910-O,35910-O_6kW3Mrkm8_151_2,True,True
7oLtKHmwyRw_886_3_label_real.npz,hindi/real/7oLtKHmwyRw_886_3.mp4,real,real,hindi,7oLtKHmwyRw,7oLtKHmwyRw,False,True
497_1WuFbrHbnW8_94_5-batch-2025-02-06-13-00-20-201_label_fake.npz,romanian/hififace/497_1WuFbrHbnW8_94_5-batch-2025-02-06-13-00-20-201.mp4,fake,hififace,romanian,497,497_1WuFbrHbnW8_94_5-batch-2025-02-06-13-00-20-201,True,False
36_7ua-Uet5y28_audio_3_label_fake.npz,hindi/memo/36_7ua-Uet5y28_audio_3.mp4,fake,memo,hindi,36,36_7ua-Uet5y28_audio_3,False,True
26389.png_1aIMkhQHGO0_28_12_label_fake.npz,hindi/hififace/26389.png_1aIMkhQHGO0_28_12.mp4.mp4,fake,hififace,hindi,26389.png,1aIMkhQHGO0,True,True
293_keEKlr2dG-I_7_1_512x512_1_1803_withaudio_label_fake.npz,german/echomimic/293_keEKlr2dG-I_7_1_512x512_1_1803_withaudio.mp4,fake,echomimic,german,293,293_keEKlr2dG-I_7_1_512x512_1_1803_withaudio,False,True
21575-GgCnpDg0jwc_60_2_label_fake.npz,russian/sonic/21575-GgCnpDg0jwc_60_2.mp4,fake,sonic,russian,21575-GgCnpDg0jwc,21575-GgCnpDg0jwc_60_2,True,False
44803.png_wf32v1liDSQ_235_1_label_fake.npz,hindi/hififace/44803.png_wf32v1liDSQ_235_1.mp4.mp4,fake,hififace,hindi,44803.png,wf32v1liDSQ,True,True
148_UzfVjgZKjro_1080p_102_2_512x512_1_1803_withaudio_label_fake.npz,german/echomimic/148_UzfVjgZKjro_1080p_102_2_512x512_1_1803_withaudio.mp4,fake,echomimic,german,148,148_UzfVjgZKjro_1080p_102_2_512x512_1_1803_withaudio,False,True
19566-uHOEHOoQCWA_4_1_label_fake.npz,spanish/hififace/19566-uHOEHOoQCWA_4_1.mp4,fake,hififace,spanish,19566-uHOEHOoQCWA,19566-uHOEHOoQCWA_4_1,True,False
027_7c6c360c.jpg_Lc0n7WuOwDs_1080p_159_5_label_fake.npz,german/hififace/027_7c6c360c.jpg_Lc0n7WuOwDs_1080p_159_5.mp4.mp4,fake,hififace,german,027,027_7c6c360c.jpg_Lc0n7WuOwDs_1080p_159_5.mp4,True,True
wdNhtZOGxBw_229_6_25fps--04749_OpitcLEYak8_1080p_70_10_25fps_label_fake.npz,german/liveportrait/wdNhtZOGxBw_229_6_25fps--04749_OpitcLEYak8_1080p_70_10_25fps.mp4,fake,liveportrait,german,wdNhtZOGxBw,wdNhtZOGxBw_229_6_25fps--04749_OpitcLEYak8_1080p_70_10_25fps,False,True
keEKlr2dG-I_47_2_label_real.npz,german/real/keEKlr2dG-I_47_2.mp4,real,real,german,keEKlr2dG-I,keEKlr2dG-I,False,True
18830-9_O7qXqrMfE_94_1_label_fake.npz,english/hififace/18830-9_O7qXqrMfE_94_1.mp4,fake,hififace,english,18830-9,18830-9_O7qXqrMfE_94_1,True,False
18849_vD3nsZApevw_204_1_label_fake.npz,german/memo/18849_vD3nsZApevw_204_1.mp4,fake,memo,german,18849,18849_vD3nsZApevw_204_1,False,True
21807-3NYH-zyIfZY_25_1_label_fake.npz,russian/roop/21807-3NYH-zyIfZY_25_1.mp4,fake,roop,russian,21807-3NYH-zyIfZY,21807-3NYH-zyIfZY_25_1,True,False
34_0m3uQApRWVY_audio_3_label_fake.npz,hindi/memo/34_0m3uQApRWVY_audio_3.mp4,fake,memo,hindi,34,34_0m3uQApRWVY_audio_3,False,True
063_1fb10bab.jpg_1aIMkhQHGO0_23_4_label_fake.npz,hindi/inswapper/063_1fb10bab.jpg_1aIMkhQHGO0_23_4.mp4.mp4,fake,inswapper,hindi,063_1fb10bab.jpg,1aIMkhQHGO0,False,True
15212-LUn8IjZKBPg_51_1_label_fake.npz,english/sonic/15212-LUn8IjZKBPg_51_1.mp4,fake,sonic,english,15212-LUn8IjZKBPg,15212-LUn8IjZKBPg_51_1,True,False
18161-J-vYXU4vqcY_1_1_label_fake.npz,mandarin/hififace/18161-J-vYXU4vqcY_1_1.mp4,fake,hififace,mandarin,18161-J-vYXU4vqcY,18161-J-vYXU4vqcY_1_1,True,False
497_A0COLvfTyjc_audio_3_66_label_fake.npz,hindi/sonic/497_A0COLvfTyjc_audio_3_66.mp4,fake,sonic,hindi,497,497_A0COLvfTyjc_audio_3_66,True,True
086_9b7a99a3.jpg_wdNhtZOGxBw_126_1_label_fake.npz,german/inswapper/086_9b7a99a3.jpg_wdNhtZOGxBw_126_1.mp4.mp4,fake,inswapper,german,086_9b7a99a3.jpg,wdNhtZOGxBw,False,True
14050-trevouDeEyo_2_1_label_fake.npz,spanish/hififace/14050-trevouDeEyo_2_1.mp4,fake,hififace,spanish,14050-trevouDeEyo,14050-trevouDeEyo_2_1,True,False
5447-nlrjxL_frmk_100_1_label_fake.npz,russian/hififace/5447-nlrjxL_frmk_100_1.mp4,fake,hififace,russian,5447-nlrjxL,5447-nlrjxL_frmk_100_1,True,False
16004.png_De5FGogMWzQ_121_1_label_fake.npz,german/inswapper/16004.png_De5FGogMWzQ_121_1.mp4.mp4,fake,inswapper,german,16004.png,De5FGogMWzQ,False,True
29944-d2om_PGtwWY_33_2_label_fake.npz,english/roop/29944-d2om_PGtwWY_33_2.mp4,fake,roop,english,29944-d2om,29944-d2om_PGtwWY_33_2,True,False
095_fc25a60b.jpg_JFBVpNgehIg_1080p_102_7_label_fake.npz,german/hififace/095_fc25a60b.jpg_JFBVpNgehIg_1080p_102_7.mp4.mp4,fake,hififace,german,095,095_fc25a60b.jpg_JFBVpNgehIg_1080p_102_7.mp4,True,True
00505.png_rGW7sZQ9AYY_605_1_label_fake.npz,hindi/hififace/00505.png_rGW7sZQ9AYY_605_1.mp4.mp4,fake,hififace,hindi,00505.png,rGW7sZQ9AYY,True,True
083_16b5e7ab_78p4J0EEepU_6_2-batch-2025-02-06-13-00-20-12_label_fake.npz,romanian/hififace/083_16b5e7ab_78p4J0EEepU_6_2-batch-2025-02-06-13-00-20-12.mp4,fake,hififace,romanian,083,083_16b5e7ab_78p4J0EEepU_6_2-batch-2025-02-06-13-00-20-12,True,False
42092.png_qxiG3Ycr0oM_32_1_label_fake.npz,arabic/hififace/42092.png_qxiG3Ycr0oM_32_1.mp4.mp4,fake,hififace,arabic,42092.png,qxiG3Ycr0oM,True,False
22674-_-nNx99qK4A_58_4_label_fake.npz,spanish/roop/22674-_-nNx99qK4A_58_4.mp4,fake,roop,spanish,22674-,22674-_-nNx99qK4A_58_4,True,False
cyyeokhRDgI_889_1_label_real.npz,hindi/real/cyyeokhRDgI_889_1.mp4,real,real,hindi,cyyeokhRDgI,cyyeokhRDgI,False,True
316_PjGZ8ORHZc8_65_1_512x512_1_1803_withaudio_label_fake.npz,german/echomimic/316_PjGZ8ORHZc8_65_1_512x512_1_1803_withaudio.mp4,fake,echomimic,german,316,316_PjGZ8ORHZc8_65_1_512x512_1_1803_withaudio,False,True
9cwqheSOIkc_4_label_fake.npz,arabic/sonic/9cwqheSOIkc_4.mp4,fake,sonic,arabic,9cwqheSOIkc,9cwqheSOIkc,True,False
PHMafVnjks8_35_1_183_label_fake.npz,german/sonic/PHMafVnjks8_35_1_183.mp4,fake,sonic,german,PHMafVnjks8,PHMafVnjks8_35_1_183,True,True
107_dwyz8kUPW2M_audio_2_label_fake.npz,hindi/memo/107_dwyz8kUPW2M_audio_2.mp4,fake,memo,hindi,107,107_dwyz8kUPW2M_audio_2,False,True
14661-pNogULi28gs_0_1_label_fake.npz,russian/roop/14661-pNogULi28gs_0_1.mp4,fake,roop,russian,14661-pNogULi28gs,14661-pNogULi28gs_0_1,True,False
77_2N2yMoz-y6I_audio_3_label_fake.npz,hindi/memo/77_2N2yMoz-y6I_audio_3.mp4,fake,memo,hindi,77,77_2N2yMoz-y6I_audio_3,False,True
020_c1a8bc2c_4DXBHgW9NlI_280_12-batch-2025-02-06-13-00-20-416_label_fake.npz,romanian/hififace/020_c1a8bc2c_4DXBHgW9NlI_280_12-batch-2025-02-06-13-00-20-416.mp4,fake,hififace,romanian,020,020_c1a8bc2c_4DXBHgW9NlI_280_12-batch-2025-02-06-13-00-20-416,True,False
lXXCH-gBGzI_89_60_243_label_fake.npz,german/sonic/lXXCH-gBGzI_89_60_243.mp4,fake,sonic,german,lXXCH-gBGzI,lXXCH-gBGzI_89_60_243,True,True
2901-QwWcO0-ne8c_36_2_label_fake.npz,spanish/roop/2901-QwWcO0-ne8c_36_2.mp4,fake,roop,spanish,2901-QwWcO0-ne8c,2901-QwWcO0-ne8c_36_2,True,False
24555-3C3zslsslRs_3_1_label_fake.npz,mandarin/hififace/24555-3C3zslsslRs_3_1.mp4,fake,hififace,mandarin,24555-3C3zslsslRs,24555-3C3zslsslRs_3_1,True,False
14882-fcYeXCacyrk_144_1_label_fake.npz,spanish/roop/14882-fcYeXCacyrk_144_1.mp4,fake,roop,spanish,14882-fcYeXCacyrk,14882-fcYeXCacyrk_144_1,True,False
6682-DZPR3UVoHCU_25_1_label_fake.npz,russian/hififace/6682-DZPR3UVoHCU_25_1.mp4,fake,hififace,russian,6682-DZPR3UVoHCU,6682-DZPR3UVoHCU_25_1,True,False
419_d2nQ564jMOw_audio_3_92_label_fake.npz,hindi/sonic/419_d2nQ564jMOw_audio_3_92.mp4,fake,sonic,hindi,419,419_d2nQ564jMOw_audio_3_92,True,True
066_50092138.jpg_gIrpCS5CRYU_635_1_label_fake.npz,hindi/inswapper/066_50092138.jpg_gIrpCS5CRYU_635_1.mp4.mp4,fake,inswapper,hindi,066_50092138.jpg,gIrpCS5CRYU,False,True
47156-eWj2-6q2ybk_248_2_label_fake.npz,arabic/roop/47156-eWj2-6q2ybk_248_2.mp4,fake,roop,arabic,47156-eWj2-6q2ybk,47156-eWj2-6q2ybk_248_2,True,False
5346-sUv353ua7E8_40_2_label_fake.npz,english/hififace/5346-sUv353ua7E8_40_2.mp4,fake,hififace,english,5346-sUv353ua7E8,5346-sUv353ua7E8_40_2,True,False
3497-Ne-1bg2Ifn4_74_1_label_fake.npz,english/hififace/3497-Ne-1bg2Ifn4_74_1.mp4,fake,hififace,english,3497-Ne-1bg2Ifn4,3497-Ne-1bg2Ifn4_74_1,True,False
6.png_JFBVpNgehIg_1080p_116_1_label_fake.npz,german/hififace/6.png_JFBVpNgehIg_1080p_116_1.mp4.mp4,fake,hififace,german,6.png,6.png_JFBVpNgehIg_1080p_116_1.mp4,True,True
077_e589a0e2_msJFD79STuU_321_5-batch-2025-02-06-13-00-20-348_label_fake.npz,romanian/hififace/077_e589a0e2_msJFD79STuU_321_5-batch-2025-02-06-13-00-20-348.mp4,fake,hififace,romanian,077,077_e589a0e2_msJFD79STuU_321_5-batch-2025-02-06-13-00-20-348,True,False
001_08212dcd.jpg_cyyeokhRDgI_927_2_label_fake.npz,hindi/inswapper/001_08212dcd.jpg_cyyeokhRDgI_927_2.mp4.mp4,fake,inswapper,hindi,001_08212dcd.jpg,cyyeokhRDgI,False,True
063_61a5b737-zr6OpxBh5DA_202_1_label_fake.npz,hindi/roop/063_61a5b737-zr6OpxBh5DA_202_1.mp4,fake,roop,hindi,063,063_61a5b737-zr6OpxBh5DA_202_1,True,True
28970-fAh51cqF86I_36_1_label_fake.npz,mandarin/roop/28970-fAh51cqF86I_36_1.mp4,fake,roop,mandarin,28970-fAh51cqF86I,28970-fAh51cqF86I_36_1,True,False
28539-6w9ikJPzTOA_30_1_label_fake.npz,spanish/sonic/28539-6w9ikJPzTOA_30_1.mp4,fake,sonic,spanish,28539-6w9ikJPzTOA,28539-6w9ikJPzTOA_30_1,True,False
14_4sbIYImHx3U_audio_3_label_fake.npz,hindi/memo/14_4sbIYImHx3U_audio_3.mp4,fake,memo,hindi,14,14_4sbIYImHx3U_audio_3,False,True
19_ziKLnr38F-A_audio_short_512x512_1_1026_withaudio_label_fake.npz,hindi/echomimic/19_ziKLnr38F-A_audio_short_512x512_1_1026_withaudio.mp4,fake,echomimic,hindi,19,19_ziKLnr38F-A_audio_short_512x512_1_1026_withaudio,False,True
35385.png_GtBnj3Z3eO4_17_1_label_fake.npz,german/inswapper/35385.png_GtBnj3Z3eO4_17_1.mp4.mp4,fake,inswapper,german,35385.png,GtBnj3Z3eO4,False,True
19_y3AWF-TNUqE_audio_3_4_label_fake.npz,hindi/sonic/19_y3AWF-TNUqE_audio_3_4.mp4,fake,sonic,hindi,19,19_y3AWF-TNUqE_audio_3_4,True,True
28_Y7ZKnBkWoHM_audio_1_label_fake.npz,hindi/memo/28_Y7ZKnBkWoHM_audio_1.mp4,fake,memo,hindi,28,28_Y7ZKnBkWoHM_audio_1,False,True
496_1WuFbrHbnW8_94_5-batch-2025-02-06-13-00-20-321_label_fake.npz,romanian/hififace/496_1WuFbrHbnW8_94_5-batch-2025-02-06-13-00-20-321.mp4,fake,hififace,romanian,496,496_1WuFbrHbnW8_94_5-batch-2025-02-06-13-00-20-321,True,False
28736-bOshKjz0WsQ_11_6_label_fake.npz,spanish/hififace/28736-bOshKjz0WsQ_11_6.mp4,fake,hififace,spanish,28736-bOshKjz0WsQ,28736-bOshKjz0WsQ_11_6,True,False
275-lZ3gDXlLRfA_4_1_label_fake.npz,arabic/roop/275-lZ3gDXlLRfA_4_1.mp4,fake,roop,arabic,275-lZ3gDXlLRfA,275-lZ3gDXlLRfA_4_1,True,False
Du1SKO_ri4w_48_139_label_real.npz,german/real/Du1SKO_ri4w_48_139.mp4,real,real,german,Du1SKO_ri4w,Du1SKO_ri4w,False,True
29780-vYG3_0iwY6Q_29_1_label_fake.npz,mandarin/roop/29780-vYG3_0iwY6Q_29_1.mp4,fake,roop,mandarin,29780-vYG3,29780-vYG3_0iwY6Q_29_1,True,False
38756-IK5BZdnqMDU_315_3_label_fake.npz,german/roop/38756-IK5BZdnqMDU_315_3.mp4,fake,roop,german,38756-IK5BZdnqMDU,38756-IK5BZdnqMDU_315_3,True,True
9536-E1R1P_NyvF8_100_1_label_fake.npz,spanish/hififace/9536-E1R1P_NyvF8_100_1.mp4,fake,hififace,spanish,9536-E1R1P,9536-E1R1P_NyvF8_100_1,True,False
Je9hLZKYTz4_86_8_25fps--300_-NMs56pQ9EE_52_3_25fps_label_fake.npz,german/liveportrait/Je9hLZKYTz4_86_8_25fps--300_-NMs56pQ9EE_52_3_25fps.mp4,fake,liveportrait,german,Je9hLZKYTz4,Je9hLZKYTz4_86_8_25fps--300_-NMs56pQ9EE_52_3_25fps,False,True
37046_t86T9sem8EM_116_1_label_fake.npz,german/memo/37046_t86T9sem8EM_116_1.mp4,fake,memo,german,37046,37046_t86T9sem8EM_116_1,False,True
39363_-Cg7IYe6Avw_audio_1_12_label_fake.npz,hindi/sonic/39363_-Cg7IYe6Avw_audio_1_12.mp4,fake,sonic,hindi,39363,39363_-Cg7IYe6Avw_audio_1_12,True,True
cZ_DoJj9PXQ_12_4_50_label_fake.npz,romanian/sonic/cZ_DoJj9PXQ_12_4_50.mp4,fake,sonic,romanian,cZ,cZ_DoJj9PXQ_12_4_50,True,False
139_1xkOIPjOIGo_audio_2_label_fake.npz,hindi/memo/139_1xkOIPjOIGo_audio_2.mp4,fake,memo,hindi,139,139_1xkOIPjOIGo_audio_2,False,True
46944.png_KyeC6d6MTSU_190_1_label_fake.npz,hindi/inswapper/46944.png_KyeC6d6MTSU_190_1.mp4.mp4,fake,inswapper,hindi,46944.png,KyeC6d6MTSU,False,True
12884-KEz7EZcfVts_0_1_label_fake.npz,english/hififace/12884-KEz7EZcfVts_0_1.mp4,fake,hififace,english,12884-KEz7EZcfVts,12884-KEz7EZcfVts_0_1,True,False
167_b2390a04-WxdaDqICMP8_155_1_label_fake.npz,romanian/roop/167_b2390a04-WxdaDqICMP8_155_1.mp4,fake,roop,romanian,167,167_b2390a04-WxdaDqICMP8_155_1,True,False
D56tKWtAMbw_863_1_label_real.npz,german/real/D56tKWtAMbw_863_1.mp4,real,real,german,D56tKWtAMbw,D56tKWtAMbw,False,True
497_sba-i5-e3WY_3816_1-batch-2025-02-06-13-00-20-200_label_fake.npz,romanian/hififace/497_sba-i5-e3WY_3816_1-batch-2025-02-06-13-00-20-200.mp4,fake,hififace,romanian,497,497_sba-i5-e3WY_3816_1-batch-2025-02-06-13-00-20-200,True,False
326-TkkHKU_lLqU_121_1_label_fake.npz,german/roop/326-TkkHKU_lLqU_121_1.mp4,fake,roop,german,326-TkkHKU,326-TkkHKU_lLqU_121_1,True,True
21391-6xWbT6xIeaM_67_1_label_fake.npz,german/roop/21391-6xWbT6xIeaM_67_1.mp4,fake,roop,german,21391-6xWbT6xIeaM,21391-6xWbT6xIeaM_67_1,True,True
039_3daa67cf_1WuFbrHbnW8_94_5-batch-2025-02-06-13-00-20-171_label_fake.npz,romanian/hififace/039_3daa67cf_1WuFbrHbnW8_94_5-batch-2025-02-06-13-00-20-171.mp4,fake,hififace,romanian,039,039_3daa67cf_1WuFbrHbnW8_94_5-batch-2025-02-06-13-00-20-171,True,False
4424-VpELBj01GWo_119_4_label_fake.npz,mandarin/roop/4424-VpELBj01GWo_119_4.mp4,fake,roop,mandarin,4424-VpELBj01GWo,4424-VpELBj01GWo_119_4,True,False
191_o6kL4Ik6rVE_audio_1_512x512_1_1026_withaudio_label_fake.npz,hindi/echomimic/191_o6kL4Ik6rVE_audio_1_512x512_1_1026_withaudio.mp4,fake,echomimic,hindi,191,191_o6kL4Ik6rVE_audio_1_512x512_1_1026_withaudio,False,True
21921-awYvLQ53n3M_0_1_label_fake.npz,russian/hififace/21921-awYvLQ53n3M_0_1.mp4,fake,hififace,russian,21921-awYvLQ53n3M,21921-awYvLQ53n3M_0_1,True,False
43659.png_GNkwgfQFj60_208_4_label_fake.npz,arabic/hififace/43659.png_GNkwgfQFj60_208_4.mp4.mp4,fake,hififace,arabic,43659.png,GNkwgfQFj60,True,False
068_712660e4--19DTZ6_d6U_1244_1_label_fake.npz,romanian/roop/068_712660e4--19DTZ6_d6U_1244_1.mp4,fake,roop,romanian,068,068_712660e4--19DTZ6_d6U_1244_1,True,False
28029-6cKTSj4a8bQ_138_4_label_fake.npz,russian/roop/28029-6cKTSj4a8bQ_138_4.mp4,fake,roop,russian,28029-6cKTSj4a8bQ,28029-6cKTSj4a8bQ_138_4,True,False
198.png_Vz-kJATn87E_1080p_161_1_label_fake.npz,german/hififace/198.png_Vz-kJATn87E_1080p_161_1.mp4.mp4,fake,hififace,german,198.png,198.png_Vz-kJATn87E_1080p_161_1.mp4,True,True
J_ComKnl1hk_7_9_578_label_fake.npz,arabic/sonic/J_ComKnl1hk_7_9_578.mp4,fake,sonic,arabic,J,J_ComKnl1hk_7_9_578,True,False
146.png_f4S7SIVAHuw_9_10_label_fake.npz,arabic/hififace/146.png_f4S7SIVAHuw_9_10.mp4.mp4,fake,hififace,arabic,146.png,f4S7SIVAHuw,True,False
033_34c27ce3.jpg_E7lIbmnQqgU_322_2_label_fake.npz,german/inswapper/033_34c27ce3.jpg_E7lIbmnQqgU_322_2.mp4.mp4,fake,inswapper,german,033_34c27ce3.jpg,E7lIbmnQqgU,False,True
1889-x92AnU6MUr0_96_4_label_fake.npz,english/hififace/1889-x92AnU6MUr0_96_4.mp4,fake,hififace,english,1889-x92AnU6MUr0,1889-x92AnU6MUr0_96_4,True,False
27651-K6rSVoAakQ8_50_1_label_fake.npz,english/sonic/27651-K6rSVoAakQ8_50_1.mp4,fake,sonic,english,27651-K6rSVoAakQ8,27651-K6rSVoAakQ8_50_1,True,False
414_Lc0n7WuOwDs_1080p_0_1_512x512_1_1803_withaudio_label_fake.npz,german/echomimic/414_Lc0n7WuOwDs_1080p_0_1_512x512_1_1803_withaudio.mp4,fake,echomimic,german,414,414_Lc0n7WuOwDs_1080p_0_1_512x512_1_1803_withaudio,False,True
_QCP7kiW44E_118_3_308_label_fake.npz,romanian/sonic/_QCP7kiW44E_118_3_308.mp4,fake,sonic,romanian,,_QCP7kiW44E_118_3_308,True,False
9072-A-BRu8z7ztk_24_1_label_fake.npz,mandarin/hififace/9072-A-BRu8z7ztk_24_1.mp4,fake,hififace,mandarin,9072-A-BRu8z7ztk,9072-A-BRu8z7ztk_24_1,True,False
0mnBxMvTbts_5_1_label_real.npz,hindi/real/0mnBxMvTbts_5_1.mp4,real,real,hindi,0mnBxMvTbts,0mnBxMvTbts,False,True
022_b60724f6-u-X671JqQWA_62_200_label_fake.npz,german/roop/022_b60724f6-u-X671JqQWA_62_200.mp4,fake,roop,german,022,022_b60724f6-u-X671JqQWA_62_200,True,True
41-dTeNSc1Sp28_161_189_label_fake.npz,hindi/roop/41-dTeNSc1Sp28_161_189.mp4,fake,roop,hindi,41-dTeNSc1Sp28,41-dTeNSc1Sp28_161_189,True,True
018_2974b20a-62ywI44YAxQ_33_2_label_fake.npz,romanian/roop/018_2974b20a-62ywI44YAxQ_33_2.mp4,fake,roop,romanian,018,018_2974b20a-62ywI44YAxQ_33_2,True,False
fnYlmAS2w3Y_65_label_fake.npz,arabic/sonic/fnYlmAS2w3Y_65.mp4,fake,sonic,arabic,fnYlmAS2w3Y,fnYlmAS2w3Y,True,False
kQPvtHeUUfU_92_9_25fps--35025_q__LT1Js9gE_1080p_102_1_25fps_label_fake.npz,german/liveportrait/kQPvtHeUUfU_92_9_25fps--35025_q__LT1Js9gE_1080p_102_1_25fps.mp4,fake,liveportrait,german,kQPvtHeUUfU,kQPvtHeUUfU_92_9_25fps--35025_q__LT1Js9gE_1080p_102_1_25fps,False,True
25971_OpitcLEYak8_1080p_11_3_label_fake.npz,german/memo/25971_OpitcLEYak8_1080p_11_3.mp4,fake,memo,german,25971,25971_OpitcLEYak8_1080p_11_3,False,True
029_2f4ca9e5_DR5IQXWY_uA_73_1-batch-2025-02-06-13-00-20-223_label_fake.npz,romanian/hififace/029_2f4ca9e5_DR5IQXWY_uA_73_1-batch-2025-02-06-13-00-20-223.mp4,fake,hififace,romanian,029,029_2f4ca9e5_DR5IQXWY_uA_73_1-batch-2025-02-06-13-00-20-223,True,False
ldI1peHBLa0_67_7_label_real.npz,hindi/real/ldI1peHBLa0_67_7.mp4,real,real,hindi,ldI1peHBLa0,ldI1peHBLa0,False,True
259_7F45HwAkc1A_1080p_112_1_512x512_1_1803_withaudio_label_fake.npz,german/echomimic/259_7F45HwAkc1A_1080p_112_1_512x512_1_1803_withaudio.mp4,fake,echomimic,german,259,259_7F45HwAkc1A_1080p_112_1_512x512_1_1803_withaudio,False,True
33_TXszVudcarI_audio_2_label_fake.npz,hindi/memo/33_TXszVudcarI_audio_2.mp4,fake,memo,hindi,33,33_TXszVudcarI_audio_2,False,True
487.png_D92_Zhlb0qE_1080p_87_30_label_fake.npz,german/inswapper/487.png_D92_Zhlb0qE_1080p_87_30.mp4.mp4,fake,inswapper,german,487.png,487.png_D92_Zhlb0qE_1080p_87_30.mp4,False,True
18036_eEBMUm3hNj8_audio_2_157_label_fake.npz,hindi/sonic/18036_eEBMUm3hNj8_audio_2_157.mp4,fake,sonic,hindi,18036,18036_eEBMUm3hNj8_audio_2_157,True,True
36576.png_O_6kW3Mrkm8_66_1_label_fake.npz,hindi/inswapper/36576.png_O_6kW3Mrkm8_66_1.mp4.mp4,fake,inswapper,hindi,36576.png,O_6kW3Mrkm8,False,True
VO2JJnSLtas_7_2_292_label_fake.npz,romanian/sonic/VO2JJnSLtas_7_2_292.mp4,fake,sonic,romanian,VO2JJnSLtas,VO2JJnSLtas_7_2_292,True,False
uaUeoNnxmco_219_1_label_real.npz,hindi/real/uaUeoNnxmco_219_1.mp4,real,real,hindi,uaUeoNnxmco,uaUeoNnxmco,False,True
3652-O1JxQ9OyJRQ_131_1_label_fake.npz,russian/hififace/3652-O1JxQ9OyJRQ_131_1.mp4,fake,hififace,russian,3652-O1JxQ9OyJRQ,3652-O1JxQ9OyJRQ_131_1,True,False
25585-Z9_kN3rGJfE_20_2_label_fake.npz,spanish/roop/25585-Z9_kN3rGJfE_20_2.mp4,fake,roop,spanish,25585-Z9,25585-Z9_kN3rGJfE_20_2,True,False
9RZI_ZKQwRc_45_4_474_label_fake.npz,german/sonic/9RZI_ZKQwRc_45_4_474.mp4,fake,sonic,german,9RZI,9RZI_ZKQwRc_45_4_474,True,True
3782-SWHweN9WlkU_72_2_label_fake.npz,spanish/roop/3782-SWHweN9WlkU_72_2.mp4,fake,roop,spanish,3782-SWHweN9WlkU,3782-SWHweN9WlkU_72_2,True,False
21795-H_c_crxV9O8_106_1_label_fake.npz,russian/roop/21795-H_c_crxV9O8_106_1.mp4,fake,roop,russian,21795-H,21795-H_c_crxV9O8_106_1,True,False
20937.png_sd9dr0qq7cg_162_1_label_fake.npz,hindi/hififace/20937.png_sd9dr0qq7cg_162_1.mp4.mp4,fake,hififace,hindi,20937.png,sd9dr0qq7cg,True,True
4ztEkclvJjY_90_6_507_label_fake.npz,arabic/sonic/4ztEkclvJjY_90_6_507.mp4,fake,sonic,arabic,4ztEkclvJjY,4ztEkclvJjY_90_6_507,True,False
eWj2-6q2ybk_83_1_363_label_fake.npz,arabic/sonic/eWj2-6q2ybk_83_1_363.mp4,fake,sonic,arabic,eWj2-6q2ybk,eWj2-6q2ybk_83_1_363,True,False
487_aXCflwBNft4_audio_2_label_fake.npz,hindi/memo/487_aXCflwBNft4_audio_2.mp4,fake,memo,hindi,487,487_aXCflwBNft4_audio_2,False,True
H1ajK1qLRWc_1080p_71_1_label_real.npz,german/real/H1ajK1qLRWc_1080p_71_1.mp4,real,real,german,H1ajK1qLRWc,H1ajK1qLRWc_1080p_71_1,False,True
25585-1t8tfCELNck_23_1_label_fake.npz,mandarin/roop/25585-1t8tfCELNck_23_1.mp4,fake,roop,mandarin,25585-1t8tfCELNck,25585-1t8tfCELNck_23_1,True,False
057_7f34f0f4.jpg_ldI1peHBLa0_67_7_label_fake.npz,hindi/inswapper/057_7f34f0f4.jpg_ldI1peHBLa0_67_7.mp4.mp4,fake,inswapper,hindi,057_7f34f0f4.jpg,ldI1peHBLa0,False,True
97_0JoQSGXmReo_audio_2_label_fake.npz,hindi/memo/97_0JoQSGXmReo_audio_2.mp4,fake,memo,hindi,97,97_0JoQSGXmReo_audio_2,False,True
T47iIAEaLmY_1080p_28_8_25fps--07009_7AldV8ATrJc_115_1_25fps_label_fake.npz,german/liveportrait/T47iIAEaLmY_1080p_28_8_25fps--07009_7AldV8ATrJc_115_1_25fps.mp4,fake,liveportrait,german,T47iIAEaLmY,T47iIAEaLmY_1080p_28_8_25fps--07009_7AldV8ATrJc_115_1_25fps,False,True
7712-ezja7-YQ72g_1_4_label_fake.npz,russian/hififace/7712-ezja7-YQ72g_1_4.mp4,fake,hififace,russian,7712-ezja7-YQ72g,7712-ezja7-YQ72g_1_4,True,False
12627-53GIoeOAam4_9_1_label_fake.npz,russian/hififace/12627-53GIoeOAam4_9_1.mp4,fake,hififace,russian,12627-53GIoeOAam4,12627-53GIoeOAam4_9_1,True,False
03916_nBhxjAQzAg4_audio_1_label_fake.npz,hindi/memo/03916_nBhxjAQzAg4_audio_1.mp4,fake,memo,hindi,03916,03916_nBhxjAQzAg4_audio_1,False,True
85_mNUVrrrSzIM_audio_2_label_fake.npz,hindi/memo/85_mNUVrrrSzIM_audio_2.mp4,fake,memo,hindi,85,85_mNUVrrrSzIM_audio_2,False,True
061_4544a552.jpg_Lc0n7WuOwDs_1080p_236_2_label_fake.npz,german/hififace/061_4544a552.jpg_Lc0n7WuOwDs_1080p_236_2.mp4.mp4,fake,hififace,german,061,061_4544a552.jpg_Lc0n7WuOwDs_1080p_236_2.mp4,True,True
25124-KFOvtqspEZk_74_1_label_fake.npz,mandarin/hififace/25124-KFOvtqspEZk_74_1.mp4,fake,hififace,mandarin,25124-KFOvtqspEZk,25124-KFOvtqspEZk_74_1,True,False
ldI1peHBLa0_67_10_label_real.npz,hindi/real/ldI1peHBLa0_67_10.mp4,real,real,hindi,ldI1peHBLa0,ldI1peHBLa0,False,True
4638-2gOvQIMWbCY_10_1_label_fake.npz,english/roop/4638-2gOvQIMWbCY_10_1.mp4,fake,roop,english,4638-2gOvQIMWbCY,4638-2gOvQIMWbCY_10_1,True,False
428__fWyWcZB7VA_audio_2_512x512_1_1026_withaudio_label_fake.npz,hindi/echomimic/428__fWyWcZB7VA_audio_2_512x512_1_1026_withaudio.mp4,fake,echomimic,hindi,428,428__fWyWcZB7VA_audio_2_512x512_1_1026_withaudio,False,True
wdNhtZOGxBw_266_1_25fps--38992_9RZI_ZKQwRc_28_4_25fps_label_fake.npz,german/liveportrait/wdNhtZOGxBw_266_1_25fps--38992_9RZI_ZKQwRc_28_4_25fps.mp4,fake,liveportrait,german,wdNhtZOGxBw,wdNhtZOGxBw_266_1_25fps--38992_9RZI_ZKQwRc_28_4_25fps,False,True
7775-AbpNlshqtJc_153_1_label_fake.npz,english/roop/7775-AbpNlshqtJc_153_1.mp4,fake,roop,english,7775-AbpNlshqtJc,7775-AbpNlshqtJc_153_1,True,False
2NlEdgEI_mc_116_10_60_label_fake.npz,romanian/sonic/2NlEdgEI_mc_116_10_60.mp4,fake,sonic,romanian,2NlEdgEI,2NlEdgEI_mc_116_10_60,True,False
28190-ADTwFvHACE4_90_1_label_fake.npz,russian/sonic/28190-ADTwFvHACE4_90_1.mp4,fake,sonic,russian,28190-ADTwFvHACE4,28190-ADTwFvHACE4_90_1,True,False
SN_ezyaGtjs_29_1_label_fake.npz,romanian/sonic/SN_ezyaGtjs_29_1.mp4,fake,sonic,romanian,SN_ezyaGtjs,SN_ezyaGtjs,True,False
259-5xBpkc7-w3A_76_1_label_fake.npz,english/hififace/259-5xBpkc7-w3A_76_1.mp4,fake,hififace,english,259-5xBpkc7-w3A,259-5xBpkc7-w3A_76_1,True,False
u-X671JqQWA_105_70_25fps--51835_BWQSACpMBOY_audio_3_147_label_fake.npz,hindi/liveportrait/u-X671JqQWA_105_70_25fps--51835_BWQSACpMBOY_audio_3_147.mp4,fake,liveportrait,hindi,u-X671JqQWA,u-X671JqQWA_105_70_25fps--51835_BWQSACpMBOY_audio_3_147,False,True
36_U229xdnLKAg_audio_3_512x512_1_1026_withaudio_label_fake.npz,hindi/echomimic/36_U229xdnLKAg_audio_3_512x512_1_1026_withaudio.mp4,fake,echomimic,hindi,36,36_U229xdnLKAg_audio_3_512x512_1_1026_withaudio,False,True
10451-MOBGaVJH54A_16_1_label_fake.npz,russian/hififace/10451-MOBGaVJH54A_16_1.mp4,fake,hififace,russian,10451-MOBGaVJH54A,10451-MOBGaVJH54A_16_1,True,False
UzfVjgZKjro_1080p_102_1_25fps--24676_q__LT1Js9gE_1080p_0_9_25fps_label_fake.npz,german/liveportrait/UzfVjgZKjro_1080p_102_1_25fps--24676_q__LT1Js9gE_1080p_0_9_25fps.mp4,fake,liveportrait,german,UzfVjgZKjro,UzfVjgZKjro_1080p_102_1_25fps--24676_q__LT1Js9gE_1080p_0_9_25fps,False,True
03GPqk22j-w_213_1_label_real.npz,german/real/03GPqk22j-w_213_1.mp4,real,real,german,03GPqk22j-w,03GPqk22j-w,False,True
03GPqk22j-w_237_1_548_label_fake.npz,german/sonic/03GPqk22j-w_237_1_548.mp4,fake,sonic,german,03GPqk22j-w,03GPqk22j-w_237_1_548,True,True
56kjnBhGy8Y_1080p_82_4_label_real.npz,german/real/56kjnBhGy8Y_1080p_82_4.mp4,real,real,german,56kjnBhGy8Y,56kjnBhGy8Y_1080p_82_4,False,True
12078-O4A-dk60Njg_183_1_label_fake.npz,spanish/roop/12078-O4A-dk60Njg_183_1.mp4,fake,roop,spanish,12078-O4A-dk60Njg,12078-O4A-dk60Njg_183_1,True,False
031_a92db443-WxdaDqICMP8_458_1_label_fake.npz,romanian/roop/031_a92db443-WxdaDqICMP8_458_1.mp4,fake,roop,romanian,031,031_a92db443-WxdaDqICMP8_458_1,True,False
29167-xGCuF-h-XVc_125_1_label_fake.npz,russian/hififace/29167-xGCuF-h-XVc_125_1.mp4,fake,hififace,russian,29167-xGCuF-h-XVc,29167-xGCuF-h-XVc_125_1,True,False
29526-lSCTGJbObOg_17_4_label_fake.npz,russian/sonic/29526-lSCTGJbObOg_17_4.mp4,fake,sonic,russian,29526-lSCTGJbObOg,29526-lSCTGJbObOg_17_4,True,False
63166_qYHsNiHJpDU_audio_1_20_label_fake.npz,hindi/sonic/63166_qYHsNiHJpDU_audio_1_20.mp4,fake,sonic,hindi,63166,63166_qYHsNiHJpDU_audio_1_20,True,True
10554-LUn8IjZKBPg_37_2_label_fake.npz,english/sonic/10554-LUn8IjZKBPg_37_2.mp4,fake,sonic,english,10554-LUn8IjZKBPg,10554-LUn8IjZKBPg_37_2,True,False
53854.png_bSVCG7iOG5I_63_1_label_fake.npz,german/hififace/53854.png_bSVCG7iOG5I_63_1.mp4.mp4,fake,hififace,german,53854.png,bSVCG7iOG5I,True,True
WYP2eizW7gY_123_1_120_label_fake.npz,german/sonic/WYP2eizW7gY_123_1_120.mp4,fake,sonic,german,WYP2eizW7gY,WYP2eizW7gY_123_1_120,True,True
060_78fae615.jpg_GiRZf3AUfW0_0_23_label_fake.npz,german/inswapper/060_78fae615.jpg_GiRZf3AUfW0_0_23.mp4.mp4,fake,inswapper,german,060_78fae615.jpg,GiRZf3AUfW0,False,True
5oEJ6HpCC1c_25_1_label_real.npz,hindi/real/5oEJ6HpCC1c_25_1.mp4,real,real,hindi,5oEJ6HpCC1c,5oEJ6HpCC1c,False,True
499_GK9gq8WEHA0_790_1-batch-2025-02-06-13-00-20-360_label_fake.npz,romanian/hififace/499_GK9gq8WEHA0_790_1-batch-2025-02-06-13-00-20-360.mp4,fake,hififace,romanian,499,499_GK9gq8WEHA0_790_1-batch-2025-02-06-13-00-20-360,True,False
080_38c2109a.jpg_H1ajK1qLRWc_1080p_25_1_label_fake.npz,german/inswapper/080_38c2109a.jpg_H1ajK1qLRWc_1080p_25_1.mp4.mp4,fake,inswapper,german,080,080_38c2109a.jpg_H1ajK1qLRWc_1080p_25_1.mp4,False,True
21347.png_GtBnj3Z3eO4_63_3_label_fake.npz,german/hififace/21347.png_GtBnj3Z3eO4_63_3.mp4.mp4,fake,hififace,german,21347.png,GtBnj3Z3eO4,True,True
fzFCxS8Az2g_139_4_48_label_fake.npz,romanian/sonic/fzFCxS8Az2g_139_4_48.mp4,fake,sonic,romanian,fzFCxS8Az2g,fzFCxS8Az2g_139_4_48,True,False
039_3daa67cf_4DXBHgW9NlI_280_12-batch-2025-02-06-13-00-20-176_label_fake.npz,romanian/hififace/039_3daa67cf_4DXBHgW9NlI_280_12-batch-2025-02-06-13-00-20-176.mp4,fake,hififace,romanian,039,039_3daa67cf_4DXBHgW9NlI_280_12-batch-2025-02-06-13-00-20-176,True,False
7014-awNrju1X3zc_21_2_label_fake.npz,mandarin/hififace/7014-awNrju1X3zc_21_2.mp4,fake,hififace,mandarin,7014-awNrju1X3zc,7014-awNrju1X3zc_21_2,True,False
076_d4ee20ae.jpg__sAbvloLTNQ_1568_1_label_fake.npz,hindi/hififace/076_d4ee20ae.jpg__sAbvloLTNQ_1568_1.mp4.mp4,fake,hififace,hindi,076_d4ee20ae.jpg,_sAbvloLTNQ,True,True
y3AWF-TNUqE_725_1_label_real.npz,hindi/real/y3AWF-TNUqE_725_1.mp4,real,real,hindi,y3AWF-TNUqE,y3AWF-TNUqE,False,True
23620-QTau-xHsz80_123_1_label_fake.npz,english/hififace/23620-QTau-xHsz80_123_1.mp4,fake,hififace,english,23620-QTau-xHsz80,23620-QTau-xHsz80_123_1,True,False
060_003a8f0c.jpg_K3O_-Mjls_Q_1080p_105_1_label_fake.npz,german/inswapper/060_003a8f0c.jpg_K3O_-Mjls_Q_1080p_105_1.mp4.mp4,fake,inswapper,german,060,060_003a8f0c.jpg_K3O_-Mjls_Q_1080p_105_1.mp4,False,True
075_b5f2a9e5-JO4zM3x9SIg_69_1_label_fake.npz,hindi/roop/075_b5f2a9e5-JO4zM3x9SIg_69_1.mp4,fake,roop,hindi,075,075_b5f2a9e5-JO4zM3x9SIg_69_1,True,True
11520-mRNCLRo9JAM_31_10_label_fake.npz,russian/hififace/11520-mRNCLRo9JAM_31_10.mp4,fake,hififace,russian,11520-mRNCLRo9JAM,11520-mRNCLRo9JAM_31_10,True,False
lBApoKf5KAQ_25_1_103_label_fake.npz,arabic/sonic/lBApoKf5KAQ_25_1_103.mp4,fake,sonic,arabic,lBApoKf5KAQ,lBApoKf5KAQ_25_1_103,True,False
056_ccaa5638.jpg_1P9nl9tBK38_498_1_label_fake.npz,arabic/hififace/056_ccaa5638.jpg_1P9nl9tBK38_498_1.mp4.mp4,fake,hififace,arabic,056_ccaa5638.jpg,1P9nl9tBK38,True,False
051_12956682.jpg_lXXCH-gBGzI_65_60_label_fake.npz,german/inswapper/051_12956682.jpg_lXXCH-gBGzI_65_60.mp4.mp4,fake,inswapper,german,051_12956682.jpg,lXXCH-gBGzI,False,True
19742-LUn8IjZKBPg_53_1_label_fake.npz,english/sonic/19742-LUn8IjZKBPg_53_1.mp4,fake,sonic,english,19742-LUn8IjZKBPg,19742-LUn8IjZKBPg_53_1,True,False
446.png_dTeNSc1Sp28_531_53_label_fake.npz,hindi/inswapper/446.png_dTeNSc1Sp28_531_53.mp4.mp4,fake,inswapper,hindi,446.png,dTeNSc1Sp28,False,True
005_9574c208--G4vMYK4mHY_986_3_label_fake.npz,hindi/roop/005_9574c208--G4vMYK4mHY_986_3.mp4,fake,roop,hindi,005,005_9574c208--G4vMYK4mHY_986_3,True,True
14155-0Mi0miIN6tA_131_1_label_fake.npz,english/roop/14155-0Mi0miIN6tA_131_1.mp4,fake,roop,english,14155-0Mi0miIN6tA,14155-0Mi0miIN6tA_131_1,True,False
042_2ccd070f.jpg_K92gto9SW2U_445_22_label_fake.npz,hindi/hififace/042_2ccd070f.jpg_K92gto9SW2U_445_22.mp4.mp4,fake,hififace,hindi,042_2ccd070f.jpg,K92gto9SW2U,True,True
p1bOOYSCzxs_20_3_label_real.npz,hindi/real/p1bOOYSCzxs_20_3.mp4,real,real,hindi,p1bOOYSCzxs,p1bOOYSCzxs,False,True
07506_-VbyZhzAZUA_audio_1_80_label_fake.npz,hindi/sonic/07506_-VbyZhzAZUA_audio_1_80.mp4,fake,sonic,hindi,07506,07506_-VbyZhzAZUA_audio_1_80,True,True
19282-NSWcdPWXZQI_8_1_label_fake.npz,spanish/sonic/19282-NSWcdPWXZQI_8_1.mp4,fake,sonic,spanish,19282-NSWcdPWXZQI,19282-NSWcdPWXZQI_8_1,True,False
63663_t8HrZTLRCeU_audio_2_217_label_fake.npz,hindi/sonic/63663_t8HrZTLRCeU_audio_2_217.mp4,fake,sonic,hindi,63663,63663_t8HrZTLRCeU_audio_2_217,True,True
6180-Ip7cs1D5tTQ_90_1_label_fake.npz,spanish/sonic/6180-Ip7cs1D5tTQ_90_1.mp4,fake,sonic,spanish,6180-Ip7cs1D5tTQ,6180-Ip7cs1D5tTQ_90_1,True,False
2NlEdgEI_mc_50_3_147_label_fake.npz,romanian/sonic/2NlEdgEI_mc_50_3_147.mp4,fake,sonic,romanian,2NlEdgEI,2NlEdgEI_mc_50_3_147,True,False
7474-AxxMiihvKgg_34_4_label_fake.npz,english/roop/7474-AxxMiihvKgg_34_4.mp4,fake,roop,english,7474-AxxMiihvKgg,7474-AxxMiihvKgg_34_4,True,False
hNOjkqrz-H8_592_1_label_real.npz,german/real/hNOjkqrz-H8_592_1.mp4,real,real,german,hNOjkqrz-H8,hNOjkqrz-H8,False,True
140__7KzTzpF6Ng_audio_2_512x512_1_1026_withaudio_label_fake.npz,hindi/echomimic/140__7KzTzpF6Ng_audio_2_512x512_1_1026_withaudio.mp4,fake,echomimic,hindi,140,140__7KzTzpF6Ng_audio_2_512x512_1_1026_withaudio,False,True
14906-u5Ks53-THVE_69_1_label_fake.npz,russian/hififace/14906-u5Ks53-THVE_69_1.mp4,fake,hififace,russian,14906-u5Ks53-THVE,14906-u5Ks53-THVE_69_1,True,False
16981-6xWbT6xIeaM_76_1_label_fake.npz,german/roop/16981-6xWbT6xIeaM_76_1.mp4,fake,roop,german,16981-6xWbT6xIeaM,16981-6xWbT6xIeaM_76_1,True,True
952-hKx4HGfNgCg_5_3_label_fake.npz,english/roop/952-hKx4HGfNgCg_5_3.mp4,fake,roop,english,952-hKx4HGfNgCg,952-hKx4HGfNgCg_5_3,True,False
UzfVjgZKjro_1080p_102_3_25fps--429_1nnKydcqmDI_24_1_25fps_label_fake.npz,german/liveportrait/UzfVjgZKjro_1080p_102_3_25fps--429_1nnKydcqmDI_24_1_25fps.mp4,fake,liveportrait,german,UzfVjgZKjro,UzfVjgZKjro_1080p_102_3_25fps--429_1nnKydcqmDI_24_1_25fps,False,True
250.png_apnde-Dpq8E_1080p_195_1_label_fake.npz,german/inswapper/250.png_apnde-Dpq8E_1080p_195_1.mp4.mp4,fake,inswapper,german,250.png,250.png_apnde-Dpq8E_1080p_195_1.mp4,False,True
37_tf_pzTBKuFY_audio_1_512x512_1_1026_withaudio_label_fake.npz,hindi/echomimic/37_tf_pzTBKuFY_audio_1_512x512_1_1026_withaudio.mp4,fake,echomimic,hindi,37,37_tf_pzTBKuFY_audio_1_512x512_1_1026_withaudio,False,True
18623-M-3HEJpdx2I_13_1_label_fake.npz,russian/hififace/18623-M-3HEJpdx2I_13_1.mp4,fake,hififace,russian,18623-M-3HEJpdx2I,18623-M-3HEJpdx2I_13_1,True,False
8378-DwbAW8G-57A_30_1_label_fake.npz,spanish/hififace/8378-DwbAW8G-57A_30_1.mp4,fake,hififace,spanish,8378-DwbAW8G-57A,8378-DwbAW8G-57A_30_1,True,False
22948_X05-4iCBHC8_audio_2_1_label_fake.npz,hindi/sonic/22948_X05-4iCBHC8_audio_2_1.mp4,fake,sonic,hindi,22948,22948_X05-4iCBHC8_audio_2_1,True,True
lXXCH-gBGzI_102_4_25fps--292_aEM1s9Saa-g_87_1_25fps_label_fake.npz,german/liveportrait/lXXCH-gBGzI_102_4_25fps--292_aEM1s9Saa-g_87_1_25fps.mp4,fake,liveportrait,german,lXXCH-gBGzI,lXXCH-gBGzI_102_4_25fps--292_aEM1s9Saa-g_87_1_25fps,False,True
4135-vVsakoqLuu8_22_4_label_fake.npz,spanish/roop/4135-vVsakoqLuu8_22_4.mp4,fake,roop,spanish,4135-vVsakoqLuu8,4135-vVsakoqLuu8_22_4,True,False
48964-t8HrZTLRCeU_118_1_label_fake.npz,hindi/roop/48964-t8HrZTLRCeU_118_1.mp4,fake,roop,hindi,48964-t8HrZTLRCeU,48964-t8HrZTLRCeU_118_1,True,True
36224-PXdPmUJN6k0_74_52_label_fake.npz,arabic/roop/36224-PXdPmUJN6k0_74_52.mp4,fake,roop,arabic,36224-PXdPmUJN6k0,36224-PXdPmUJN6k0_74_52,True,False
03032_KrxDbtakbyc_audio_3_label_fake.npz,hindi/memo/03032_KrxDbtakbyc_audio_3.mp4,fake,memo,hindi,03032,03032_KrxDbtakbyc_audio_3,False,True
rMrG-WhVhow_204_1_188_label_fake.npz,german/sonic/rMrG-WhVhow_204_1_188.mp4,fake,sonic,german,rMrG-WhVhow,rMrG-WhVhow_204_1_188,True,True
15969-pnuHjaJClto_41_1_label_fake.npz,mandarin/hififace/15969-pnuHjaJClto_41_1.mp4,fake,hififace,mandarin,15969-pnuHjaJClto,15969-pnuHjaJClto_41_1,True,False
17586-lSCTGJbObOg_277_3_label_fake.npz,russian/sonic/17586-lSCTGJbObOg_277_3.mp4,fake,sonic,russian,17586-lSCTGJbObOg,17586-lSCTGJbObOg_277_3,True,False
072_4a17b7fb-Lc0n7WuOwDs_1080p_254_7_label_fake.npz,german/roop/072_4a17b7fb-Lc0n7WuOwDs_1080p_254_7.mp4,fake,roop,german,072,072_4a17b7fb-Lc0n7WuOwDs_1080p_254_7,True,True
fnYlmAS2w3Y_66_label_fake.npz,arabic/sonic/fnYlmAS2w3Y_66.mp4,fake,sonic,arabic,fnYlmAS2w3Y,fnYlmAS2w3Y,True,False
29509-KvSxhLryGP0_138_6_label_fake.npz,spanish/roop/29509-KvSxhLryGP0_138_6.mp4,fake,roop,spanish,29509-KvSxhLryGP0,29509-KvSxhLryGP0_138_6,True,False
29309-PYRFxrLt30A_43_3_label_fake.npz,english/sonic/29309-PYRFxrLt30A_43_3.mp4,fake,sonic,english,29309-PYRFxrLt30A,29309-PYRFxrLt30A_43_3,True,False
6944-E7hwoDHfU28_49_3_label_fake.npz,english/hififace/6944-E7hwoDHfU28_49_3.mp4,fake,hififace,english,6944-E7hwoDHfU28,6944-E7hwoDHfU28_49_3,True,False
256_sc8g9_1WLD4_audio_3_512x512_1_1026_withaudio_label_fake.npz,hindi/echomimic/256_sc8g9_1WLD4_audio_3_512x512_1_1026_withaudio.mp4,fake,echomimic,hindi,256,256_sc8g9_1WLD4_audio_3_512x512_1_1026_withaudio,False,True
058_a5eb69fb-3b5w2DhtcIM_9_2_label_fake.npz,romanian/roop/058_a5eb69fb-3b5w2DhtcIM_9_2.mp4,fake,roop,romanian,058,058_a5eb69fb-3b5w2DhtcIM_9_2,True,False
008_31e90c6b-fZNe3xAY9Zw_1080p_37_6_label_fake.npz,german/roop/008_31e90c6b-fZNe3xAY9Zw_1080p_37_6.mp4,fake,roop,german,008,008_31e90c6b-fZNe3xAY9Zw_1080p_37_6,True,True
03479-iamTFe6mi2Y_129_1_label_fake.npz,arabic/roop/03479-iamTFe6mi2Y_129_1.mp4,fake,roop,arabic,03479-iamTFe6mi2Y,03479-iamTFe6mi2Y_129_1,True,False
35262.png_PHMafVnjks8_536_1_label_fake.npz,german/inswapper/35262.png_PHMafVnjks8_536_1.mp4.mp4,fake,inswapper,german,35262.png,PHMafVnjks8,False,True
20856-bkCpQk_K_jg_73_1_label_fake.npz,english/roop/20856-bkCpQk_K_jg_73_1.mp4,fake,roop,english,20856-bkCpQk,20856-bkCpQk_K_jg_73_1,True,False
03GPqk22j-w_0_1_125_label_fake.npz,german/sonic/03GPqk22j-w_0_1_125.mp4,fake,sonic,german,03GPqk22j-w,03GPqk22j-w_0_1_125,True,True
34425.png_Du1SKO_ri4w_48_139_label_fake.npz,german/inswapper/34425.png_Du1SKO_ri4w_48_139.mp4.mp4,fake,inswapper,german,34425.png,Du1SKO_ri4w,False,True
111.png_Du1SKO_ri4w_80_92_label_fake.npz,german/inswapper/111.png_Du1SKO_ri4w_80_92.mp4.mp4,fake,inswapper,german,111.png,Du1SKO_ri4w,False,True
04105.png_KyeC6d6MTSU_240_2_label_fake.npz,hindi/hififace/04105.png_KyeC6d6MTSU_240_2.mp4.mp4,fake,hififace,hindi,04105.png,KyeC6d6MTSU,True,True
11632.png_KyeC6d6MTSU_236_11_label_fake.npz,hindi/hififace/11632.png_KyeC6d6MTSU_236_11.mp4.mp4,fake,hififace,hindi,11632.png,KyeC6d6MTSU,True,True
7571-TalBZ9_fmQk_66_2_label_fake.npz,mandarin/hififace/7571-TalBZ9_fmQk_66_2.mp4,fake,hififace,mandarin,7571-TalBZ9,7571-TalBZ9_fmQk_66_2,True,False
148-apnde-Dpq8E_1080p_217_2_label_fake.npz,german/roop/148-apnde-Dpq8E_1080p_217_2.mp4,fake,roop,german,148-apnde-Dpq8E,148-apnde-Dpq8E_1080p_217_2,True,True
18739-pnuHjaJClto_15_1_label_fake.npz,mandarin/roop/18739-pnuHjaJClto_15_1.mp4,fake,roop,mandarin,18739-pnuHjaJClto,18739-pnuHjaJClto_15_1,True,False
39509_3JZWZFab1IU_audio_1_24_label_fake.npz,hindi/sonic/39509_3JZWZFab1IU_audio_1_24.mp4,fake,sonic,hindi,39509,39509_3JZWZFab1IU_audio_1_24,True,True
aEM1s9Saa-g_71_6_602_label_fake.npz,german/sonic/aEM1s9Saa-g_71_6_602.mp4,fake,sonic,german,aEM1s9Saa-g,aEM1s9Saa-g_71_6_602,True,True
hNOjkqrz-H8_636_1_label_real.npz,german/real/hNOjkqrz-H8_636_1.mp4,real,real,german,hNOjkqrz-H8,hNOjkqrz-H8,False,True
12754-hpsgQkD27BA_136_1_label_fake.npz,spanish/hififace/12754-hpsgQkD27BA_136_1.mp4,fake,hififace,spanish,12754-hpsgQkD27BA,12754-hpsgQkD27BA_136_1,True,False
De5FGogMWzQ_82_1_label_real.npz,german/real/De5FGogMWzQ_82_1.mp4,real,real,german,De5FGogMWzQ,De5FGogMWzQ,False,True
32521-dZV2TjhBthE_16_11_label_fake.npz,german/roop/32521-dZV2TjhBthE_16_11.mp4,fake,roop,german,32521-dZV2TjhBthE,32521-dZV2TjhBthE_16_11,True,True
041_bcfa1766.jpg_eWj2-6q2ybk_84_2_label_fake.npz,arabic/hififace/041_bcfa1766.jpg_eWj2-6q2ybk_84_2.mp4.mp4,fake,hififace,arabic,041_bcfa1766.jpg,eWj2-6q2ybk,True,False
18998-y_wqp9PJHYo_38_1_label_fake.npz,mandarin/roop/18998-y_wqp9PJHYo_38_1.mp4,fake,roop,mandarin,18998-y,18998-y_wqp9PJHYo_38_1,True,False
068_45cbb6a4-fZNe3xAY9Zw_1080p_117_6_label_fake.npz,german/roop/068_45cbb6a4-fZNe3xAY9Zw_1080p_117_6.mp4,fake,roop,german,068,068_45cbb6a4-fZNe3xAY9Zw_1080p_117_6,True,True
7AldV8ATrJc_168_1_21_label_fake.npz,german/sonic/7AldV8ATrJc_168_1_21.mp4,fake,sonic,german,7AldV8ATrJc,7AldV8ATrJc_168_1_21,True,True
XblD1mtXBWY_296_18_278_label_fake.npz,romanian/sonic/XblD1mtXBWY_296_18_278.mp4,fake,sonic,romanian,XblD1mtXBWY,XblD1mtXBWY_296_18_278,True,False
042_2ccd070f_Nz7QfvnRkuE_555_1-batch-2025-02-06-13-00-20-142_label_fake.npz,romanian/hififace/042_2ccd070f_Nz7QfvnRkuE_555_1-batch-2025-02-06-13-00-20-142.mp4,fake,hififace,romanian,042,042_2ccd070f_Nz7QfvnRkuE_555_1-batch-2025-02-06-13-00-20-142,True,False
25714-PYRFxrLt30A_72_2_label_fake.npz,english/sonic/25714-PYRFxrLt30A_72_2.mp4,fake,sonic,english,25714-PYRFxrLt30A,25714-PYRFxrLt30A_72_2,True,False
2010-DCeJZTSFTXs_9_1_label_fake.npz,mandarin/roop/2010-DCeJZTSFTXs_9_1.mp4,fake,roop,mandarin,2010-DCeJZTSFTXs,2010-DCeJZTSFTXs_9_1,True,False
bSVCG7iOG5I_2064_1_label_real.npz,german/real/bSVCG7iOG5I_2064_1.mp4,real,real,german,bSVCG7iOG5I,bSVCG7iOG5I,False,True
5351-I5oeY5O5oJI_31_14_label_fake.npz,english/sonic/5351-I5oeY5O5oJI_31_14.mp4,fake,sonic,english,5351-I5oeY5O5oJI,5351-I5oeY5O5oJI_31_14,True,False
48956_-mMaHBtQ-DU_audio_2_25_label_fake.npz,hindi/sonic/48956_-mMaHBtQ-DU_audio_2_25.mp4,fake,sonic,hindi,48956,48956_-mMaHBtQ-DU_audio_2_25,True,True
8528-mRNCLRo9JAM_31_1_label_fake.npz,russian/roop/8528-mRNCLRo9JAM_31_1.mp4,fake,roop,russian,8528-mRNCLRo9JAM,8528-mRNCLRo9JAM_31_1,True,False
086_f052c533-SDMFBIhN9fw_795_3_label_fake.npz,arabic/roop/086_f052c533-SDMFBIhN9fw_795_3.mp4,fake,roop,arabic,086,086_f052c533-SDMFBIhN9fw_795_3,True,False
85_QRehETrB3qU_audio_2_32_label_fake.npz,hindi/sonic/85_QRehETrB3qU_audio_2_32.mp4,fake,sonic,hindi,85,85_QRehETrB3qU_audio_2_32,True,True
21316.png_bpyUlL59qEw_137_1_label_fake.npz,hindi/inswapper/21316.png_bpyUlL59qEw_137_1.mp4.mp4,fake,inswapper,hindi,21316.png,bpyUlL59qEw,False,True
29540-2Ny5UJLpoxg_1_1_label_fake.npz,spanish/hififace/29540-2Ny5UJLpoxg_1_1.mp4,fake,hififace,spanish,29540-2Ny5UJLpoxg,29540-2Ny5UJLpoxg_1_1,True,False
16621-QvTs7W732ZQ_37_1_label_fake.npz,mandarin/roop/16621-QvTs7W732ZQ_37_1.mp4,fake,roop,mandarin,16621-QvTs7W732ZQ,16621-QvTs7W732ZQ_37_1,True,False
17053-mJy_wVSKwwA_50_1_label_fake.npz,english/roop/17053-mJy_wVSKwwA_50_1.mp4,fake,roop,english,17053-mJy,17053-mJy_wVSKwwA_50_1,True,False
253_q__LT1Js9gE_1080p_6_6_label_fake.npz,german/memo/253_q__LT1Js9gE_1080p_6_6.mp4,fake,memo,german,253,253_q__LT1Js9gE_1080p_6_6,False,True
030_92cca8fa-bSVCG7iOG5I_63_1_label_fake.npz,german/roop/030_92cca8fa-bSVCG7iOG5I_63_1.mp4,fake,roop,german,030,030_92cca8fa-bSVCG7iOG5I_63_1,True,True
30CXCDECyG4_1080p_134_4_25fps--202_Je9hLZKYTz4_60_11_25fps_label_fake.npz,german/liveportrait/30CXCDECyG4_1080p_134_4_25fps--202_Je9hLZKYTz4_60_11_25fps.mp4,fake,liveportrait,german,30CXCDECyG4,30CXCDECyG4_1080p_134_4_25fps--202_Je9hLZKYTz4_60_11_25fps,False,True
193_56kjnBhGy8Y_1080p_40_1_512x512_1_1803_withaudio_label_fake.npz,german/echomimic/193_56kjnBhGy8Y_1080p_40_1_512x512_1_1803_withaudio.mp4,fake,echomimic,german,193,193_56kjnBhGy8Y_1080p_40_1_512x512_1_1803_withaudio,False,True
00010_nBhxjAQzAg4_audio_3_label_fake.npz,hindi/memo/00010_nBhxjAQzAg4_audio_3.mp4,fake,memo,hindi,00010,00010_nBhxjAQzAg4_audio_3,False,True
zBJP1v24Llk_36_1_25fps--276_aEM1s9Saa-g_16_1_25fps_label_fake.npz,german/liveportrait/zBJP1v24Llk_36_1_25fps--276_aEM1s9Saa-g_16_1_25fps.mp4,fake,liveportrait,german,zBJP1v24Llk,zBJP1v24Llk_36_1_25fps--276_aEM1s9Saa-g_16_1_25fps,False,True
069_1b7a9cf8-YGIhb_a29d0_1080p_1410_1_label_fake.npz,german/roop/069_1b7a9cf8-YGIhb_a29d0_1080p_1410_1.mp4,fake,roop,german,069,069_1b7a9cf8-YGIhb_a29d0_1080p_1410_1,True,True
41-D56tKWtAMbw_1235_1_label_fake.npz,german/roop/41-D56tKWtAMbw_1235_1.mp4,fake,roop,german,41-D56tKWtAMbw,41-D56tKWtAMbw_1235_1,True,True
348_tAAGUDcS7XM_audio_short_512x512_1_1026_withaudio_label_fake.npz,hindi/echomimic/348_tAAGUDcS7XM_audio_short_512x512_1_1026_withaudio.mp4,fake,echomimic,hindi,348,348_tAAGUDcS7XM_audio_short_512x512_1_1026_withaudio,False,True
y9BVPefouIs_2777_1_label_real.npz,hindi/real/y9BVPefouIs_2777_1.mp4,real,real,hindi,y9BVPefouIs,y9BVPefouIs,False,True
25134-IU0Zy67ZLpU_114_1_label_fake.npz,russian/roop/25134-IU0Zy67ZLpU_114_1.mp4,fake,roop,russian,25134-IU0Zy67ZLpU,25134-IU0Zy67ZLpU_114_1,True,False
18208-ndJhwVupwVQ_8_3_label_fake.npz,spanish/sonic/18208-ndJhwVupwVQ_8_3.mp4,fake,sonic,spanish,18208-ndJhwVupwVQ,18208-ndJhwVupwVQ_8_3,True,False
052_244a9729-_NxbN7iCl3w_705_1_label_fake.npz,german/roop/052_244a9729-_NxbN7iCl3w_705_1.mp4,fake,roop,german,052,052_244a9729-_NxbN7iCl3w_705_1,True,True
36784_PHMafVnjks8_8_1_label_fake.npz,german/memo/36784_PHMafVnjks8_8_1.mp4,fake,memo,german,36784,36784_PHMafVnjks8_8_1,False,True
-v7rBbYKdQE_37_5_297_label_fake.npz,romanian/sonic/-v7rBbYKdQE_37_5_297.mp4,fake,sonic,romanian,-v7rBbYKdQE,-v7rBbYKdQE_37_5_297,True,False
14690-3U4D77IB-j8_120_1_label_fake.npz,russian/roop/14690-3U4D77IB-j8_120_1.mp4,fake,roop,russian,14690-3U4D77IB-j8,14690-3U4D77IB-j8_120_1,True,False
099_82722976-3Cv3vJa9UoI_1080p_244_1_label_fake.npz,german/roop/099_82722976-3Cv3vJa9UoI_1080p_244_1.mp4,fake,roop,german,099,099_82722976-3Cv3vJa9UoI_1080p_244_1,True,True
063_55002ecd-YkHUDTtGzvk_62_1_label_fake.npz,hindi/roop/063_55002ecd-YkHUDTtGzvk_62_1.mp4,fake,roop,hindi,063,063_55002ecd-YkHUDTtGzvk_62_1,True,True
126_27b87531-eWj2-6q2ybk_137_1_label_fake.npz,arabic/roop/126_27b87531-eWj2-6q2ybk_137_1.mp4,fake,roop,arabic,126,126_27b87531-eWj2-6q2ybk_137_1,True,False
21341-pzdnuEa8a20_16_1_label_fake.npz,mandarin/sonic/21341-pzdnuEa8a20_16_1.mp4,fake,sonic,mandarin,21341-pzdnuEa8a20,21341-pzdnuEa8a20_16_1,True,False
22514-v9f6twy70iM_2_7_label_fake.npz,english/hififace/22514-v9f6twy70iM_2_7.mp4,fake,hififace,english,22514-v9f6twy70iM,22514-v9f6twy70iM_2_7,True,False
16931-I5oeY5O5oJI_46_3_label_fake.npz,english/sonic/16931-I5oeY5O5oJI_46_3.mp4,fake,sonic,english,16931-I5oeY5O5oJI,16931-I5oeY5O5oJI_46_3,True,False
21366-fmc0Pk8A0T0_150_1_label_fake.npz,english/hififace/21366-fmc0Pk8A0T0_150_1.mp4,fake,hififace,english,21366-fmc0Pk8A0T0,21366-fmc0Pk8A0T0_150_1,True,False
UzfVjgZKjro_1080p_102_2_25fps--304_NEEN8fSBuWI_50_1_25fps_label_fake.npz,german/liveportrait/UzfVjgZKjro_1080p_102_2_25fps--304_NEEN8fSBuWI_50_1_25fps.mp4,fake,liveportrait,german,UzfVjgZKjro,UzfVjgZKjro_1080p_102_2_25fps--304_NEEN8fSBuWI_50_1_25fps,False,True
26804.png_rLrUc0SdDYY_9_2_label_fake.npz,arabic/hififace/26804.png_rLrUc0SdDYY_9_2.mp4.mp4,fake,hififace,arabic,26804.png,rLrUc0SdDYY,True,False
059_aef6a0a8.jpg_KLyiFfWtoPI_162_7_label_fake.npz,hindi/inswapper/059_aef6a0a8.jpg_KLyiFfWtoPI_162_7.mp4.mp4,fake,inswapper,hindi,059_aef6a0a8.jpg,KLyiFfWtoPI,False,True
082_4bbff9c3.jpg_K3O_-Mjls_Q_1080p_24_1_label_fake.npz,german/hififace/082_4bbff9c3.jpg_K3O_-Mjls_Q_1080p_24_1.mp4.mp4,fake,hififace,german,082,082_4bbff9c3.jpg_K3O_-Mjls_Q_1080p_24_1.mp4,True,True
23261.png_7ua-Uet5y28_87_1_label_fake.npz,hindi/inswapper/23261.png_7ua-Uet5y28_87_1.mp4.mp4,fake,inswapper,hindi,23261.png,7ua-Uet5y28,False,True
27893-GgCnpDg0jwc_60_2_label_fake.npz,russian/sonic/27893-GgCnpDg0jwc_60_2.mp4,fake,sonic,russian,27893-GgCnpDg0jwc,27893-GgCnpDg0jwc_60_2,True,False
45496-9rjQ5sfeUTg_out_169_5_label_fake.npz,romanian/roop/45496-9rjQ5sfeUTg_out_169_5.mp4,fake,roop,romanian,45496-9rjQ5sfeUTg,45496-9rjQ5sfeUTg_out_169_5,True,False
51111.png_Jmtasx4JReE_314_2_label_fake.npz,hindi/inswapper/51111.png_Jmtasx4JReE_314_2.mp4.mp4,fake,inswapper,hindi,51111.png,Jmtasx4JReE,False,True
498_iveoZu36Fzw_11_22-batch-2025-02-06-13-00-20-448_label_fake.npz,romanian/hififace/498_iveoZu36Fzw_11_22-batch-2025-02-06-13-00-20-448.mp4,fake,hififace,romanian,498,498_iveoZu36Fzw_11_22-batch-2025-02-06-13-00-20-448,True,False
470_DMdGj-tquJY_audio_3_label_fake.npz,hindi/memo/470_DMdGj-tquJY_audio_3.mp4,fake,memo,hindi,470,470_DMdGj-tquJY_audio_3,False,True
Vz-kJATn87E_1080p_178_2_label_real.npz,german/real/Vz-kJATn87E_1080p_178_2.mp4,real,real,german,Vz-kJATn87E,Vz-kJATn87E_1080p_178_2,False,True
D56tKWtAMbw_526_1_label_real.npz,german/real/D56tKWtAMbw_526_1.mp4,real,real,german,D56tKWtAMbw,D56tKWtAMbw,False,True
i56Klb7z3Pw_157_1_25fps--96_dc7eS_JHLEw_460_3_25fps_label_fake.npz,german/liveportrait/i56Klb7z3Pw_157_1_25fps--96_dc7eS_JHLEw_460_3_25fps.mp4,fake,liveportrait,german,i56Klb7z3Pw,i56Klb7z3Pw_157_1_25fps--96_dc7eS_JHLEw_460_3_25fps,False,True
_pWENLj5I-8_1080p_74_3_label_real.npz,german/real/_pWENLj5I-8_1080p_74_3.mp4,real,real,german,,_pWENLj5I-8_1080p_74_3,False,True
00357_6XJ3OW1Y2zU_audio_2_label_fake.npz,hindi/memo/00357_6XJ3OW1Y2zU_audio_2.mp4,fake,memo,hindi,00357,00357_6XJ3OW1Y2zU_audio_2,False,True
27130-J-vYXU4vqcY_3_1_label_fake.npz,mandarin/sonic/27130-J-vYXU4vqcY_3_1.mp4,fake,sonic,mandarin,27130-J-vYXU4vqcY,27130-J-vYXU4vqcY_3_1,True,False
088_b1977c95-gc8LE2PP3hM_353_6_label_fake.npz,arabic/roop/088_b1977c95-gc8LE2PP3hM_353_6.mp4,fake,roop,arabic,088,088_b1977c95-gc8LE2PP3hM_353_6,True,False
067_fb02357d.jpg_KyeC6d6MTSU_236_13_label_fake.npz,hindi/inswapper/067_fb02357d.jpg_KyeC6d6MTSU_236_13.mp4.mp4,fake,inswapper,hindi,067_fb02357d.jpg,KyeC6d6MTSU,False,True
083_16b5e7ab_MxlocFNdoXg_797_2-batch-2025-02-06-13-00-20-1_label_fake.npz,romanian/hififace/083_16b5e7ab_MxlocFNdoXg_797_2-batch-2025-02-06-13-00-20-1.mp4,fake,hififace,romanian,083,083_16b5e7ab_MxlocFNdoXg_797_2-batch-2025-02-06-13-00-20-1,True,False
29420.png_0fpc2LXBvUo_63_1_label_fake.npz,arabic/hififace/29420.png_0fpc2LXBvUo_63_1.mp4.mp4,fake,hififace,arabic,29420.png,0fpc2LXBvUo,True,False
22341-hpsgQkD27BA_1_4_label_fake.npz,spanish/roop/22341-hpsgQkD27BA_1_4.mp4,fake,roop,spanish,22341-hpsgQkD27BA,22341-hpsgQkD27BA_1_4,True,False
10584-hHYe3O7_TUA_304_3_label_fake.npz,english/roop/10584-hHYe3O7_TUA_304_3.mp4,fake,roop,english,10584-hHYe3O7,10584-hHYe3O7_TUA_304_3,True,False
FGAyYl3ZICw_46_1_91_label_fake.npz,german/sonic/FGAyYl3ZICw_46_1_91.mp4,fake,sonic,german,FGAyYl3ZICw,FGAyYl3ZICw_46_1_91,True,True
u-X671JqQWA_83_138_25fps--51298_Tdgb6NvUjhk_193_1_25fps_label_fake.npz,german/liveportrait/u-X671JqQWA_83_138_25fps--51298_Tdgb6NvUjhk_193_1_25fps.mp4,fake,liveportrait,german,u-X671JqQWA,u-X671JqQWA_83_138_25fps--51298_Tdgb6NvUjhk_193_1_25fps,False,True
039_defb8d63-SY_xV-Raq3A_1080p_98_1_label_fake.npz,german/roop/039_defb8d63-SY_xV-Raq3A_1080p_98_1.mp4,fake,roop,german,039,039_defb8d63-SY_xV-Raq3A_1080p_98_1,True,True
12523-cbtkoZUOR1A_26_6_label_fake.npz,english/hififace/12523-cbtkoZUOR1A_26_6.mp4,fake,hififace,english,12523-cbtkoZUOR1A,12523-cbtkoZUOR1A_26_6,True,False
47392.png_inQaPF2YoNw_481_2_label_fake.npz,arabic/hififace/47392.png_inQaPF2YoNw_481_2.mp4.mp4,fake,hififace,arabic,47392.png,inQaPF2YoNw,True,False
20404-CoIL9IsJXiA_83_1_label_fake.npz,spanish/roop/20404-CoIL9IsJXiA_83_1.mp4,fake,roop,spanish,20404-CoIL9IsJXiA,20404-CoIL9IsJXiA_83_1,True,False
25502-6w9ikJPzTOA_40_1_label_fake.npz,spanish/sonic/25502-6w9ikJPzTOA_40_1.mp4,fake,sonic,spanish,25502-6w9ikJPzTOA,25502-6w9ikJPzTOA_40_1,True,False
D92_Zhlb0qE_1080p_37_8_25fps--224_WimhDf8VpTA_audio_2_51_label_fake.npz,hindi/liveportrait/D92_Zhlb0qE_1080p_37_8_25fps--224_WimhDf8VpTA_audio_2_51.mp4,fake,liveportrait,hindi,D92,D92_Zhlb0qE_1080p_37_8_25fps--224_WimhDf8VpTA_audio_2_51,False,True
037_62d00a09.jpg_lBApoKf5KAQ_16_1_label_fake.npz,arabic/hififace/037_62d00a09.jpg_lBApoKf5KAQ_16_1.mp4.mp4,fake,hififace,arabic,037_62d00a09.jpg,lBApoKf5KAQ,True,False
2CTT98xML9c_213_1_538_label_fake.npz,arabic/sonic/2CTT98xML9c_213_1_538.mp4,fake,sonic,arabic,2CTT98xML9c,2CTT98xML9c_213_1_538,True,False
14602-itFwx1CZM9I_99_2_label_fake.npz,russian/sonic/14602-itFwx1CZM9I_99_2.mp4,fake,sonic,russian,14602-itFwx1CZM9I,14602-itFwx1CZM9I_99_2,True,False
25638-qsnbJZQAD-k_0_2_label_fake.npz,english/roop/25638-qsnbJZQAD-k_0_2.mp4,fake,roop,english,25638-qsnbJZQAD-k,25638-qsnbJZQAD-k_0_2,True,False
21420-squ9XOfBKaY_0_1_label_fake.npz,russian/hififace/21420-squ9XOfBKaY_0_1.mp4,fake,hififace,russian,21420-squ9XOfBKaY,21420-squ9XOfBKaY_0_1,True,False
316_zBJP1v24Llk_69_1_512x512_1_1803_withaudio_label_fake.npz,german/echomimic/316_zBJP1v24Llk_69_1_512x512_1_1803_withaudio.mp4,fake,echomimic,german,316,316_zBJP1v24Llk_69_1_512x512_1_1803_withaudio,False,True
5436-ADTwFvHACE4_36_1_label_fake.npz,russian/sonic/5436-ADTwFvHACE4_36_1.mp4,fake,sonic,russian,5436-ADTwFvHACE4,5436-ADTwFvHACE4_36_1,True,False
11445-OEIstw-nzes_68_3_label_fake.npz,spanish/hififace/11445-OEIstw-nzes_68_3.mp4,fake,hififace,spanish,11445-OEIstw-nzes,11445-OEIstw-nzes_68_3,True,False
21366-BCcA0inbcBk_34_2_label_fake.npz,mandarin/roop/21366-BCcA0inbcBk_34_2.mp4,fake,roop,mandarin,21366-BCcA0inbcBk,21366-BCcA0inbcBk_34_2,True,False
YgGJIXxku2s_104_1_426_label_fake.npz,romanian/sonic/YgGJIXxku2s_104_1_426.mp4,fake,sonic,romanian,YgGJIXxku2s,YgGJIXxku2s_104_1_426,True,False
090_f67e981f.jpg_6Hh5ba8gpfw_139_1_label_fake.npz,hindi/inswapper/090_f67e981f.jpg_6Hh5ba8gpfw_139_1.mp4.mp4,fake,inswapper,hindi,090_f67e981f.jpg,6Hh5ba8gpfw,False,True
15399.png_q__LT1Js9gE_1080p_7_1_label_fake.npz,german/hififace/15399.png_q__LT1Js9gE_1080p_7_1.mp4.mp4,fake,hififace,german,15399.png,15399.png_q__LT1Js9gE_1080p_7_1.mp4,True,True
27493-awNrju1X3zc_57_2_label_fake.npz,mandarin/sonic/27493-awNrju1X3zc_57_2.mp4,fake,sonic,mandarin,27493-awNrju1X3zc,27493-awNrju1X3zc_57_2,True,False
497_4DXBHgW9NlI_280_12-batch-2025-02-06-13-00-20-206_label_fake.npz,romanian/hififace/497_4DXBHgW9NlI_280_12-batch-2025-02-06-13-00-20-206.mp4,fake,hififace,romanian,497,497_4DXBHgW9NlI_280_12-batch-2025-02-06-13-00-20-206,True,False
W9C4OBc6El4_38_7_264_label_fake.npz,romanian/sonic/W9C4OBc6El4_38_7_264.mp4,fake,sonic,romanian,W9C4OBc6El4,W9C4OBc6El4_38_7_264,True,False
4jEjuJX169k_1130_1_label_real.npz,german/real/4jEjuJX169k_1130_1.mp4,real,real,german,4jEjuJX169k,4jEjuJX169k,False,True
70_uxKH0XMINcI_audio_3_512x512_1_1026_withaudio_label_fake.npz,hindi/echomimic/70_uxKH0XMINcI_audio_3_512x512_1_1026_withaudio.mp4,fake,echomimic,hindi,70,70_uxKH0XMINcI_audio_3_512x512_1_1026_withaudio,False,True
21731-I5oeY5O5oJI_34_1_label_fake.npz,english/sonic/21731-I5oeY5O5oJI_34_1.mp4,fake,sonic,english,21731-I5oeY5O5oJI,21731-I5oeY5O5oJI_34_1,True,False
060_8bb5cac3-y0AEpnS6CNo_15_7_label_fake.npz,arabic/roop/060_8bb5cac3-y0AEpnS6CNo_15_7.mp4,fake,roop,arabic,060,060_8bb5cac3-y0AEpnS6CNo_15_7,True,False
119_3hvjxHnt9SA_audio_1_512x512_1_1026_withaudio_label_fake.npz,hindi/echomimic/119_3hvjxHnt9SA_audio_1_512x512_1_1026_withaudio.mp4,fake,echomimic,hindi,119,119_3hvjxHnt9SA_audio_1_512x512_1_1026_withaudio,False,True
22843-SM1o5azPdoo_92_1_label_fake.npz,mandarin/sonic/22843-SM1o5azPdoo_92_1.mp4,fake,sonic,mandarin,22843-SM1o5azPdoo,22843-SM1o5azPdoo_92_1,True,False
024_2a9dc3ca--G4vMYK4mHY_986_4_label_fake.npz,hindi/roop/024_2a9dc3ca--G4vMYK4mHY_986_4.mp4,fake,roop,hindi,024,024_2a9dc3ca--G4vMYK4mHY_986_4,True,True
Lc0n7WuOwDs_1080p_215_1_587_label_fake.npz,german/sonic/Lc0n7WuOwDs_1080p_215_1_587.mp4,fake,sonic,german,Lc0n7WuOwDs,Lc0n7WuOwDs_1080p_215_1_587,True,True
05915.png_Vz-kJATn87E_1080p_27_1_label_fake.npz,german/hififace/05915.png_Vz-kJATn87E_1080p_27_1.mp4.mp4,fake,hififace,german,05915.png,05915.png_Vz-kJATn87E_1080p_27_1.mp4,True,True
491_XblD1mtXBWY_4_1-batch-2025-02-06-13-00-20-242_label_fake.npz,romanian/hififace/491_XblD1mtXBWY_4_1-batch-2025-02-06-13-00-20-242.mp4,fake,hififace,romanian,491,491_XblD1mtXBWY_4_1-batch-2025-02-06-13-00-20-242,True,False
085_e9f6ea07.jpg_Tdgb6NvUjhk_73_1_label_fake.npz,german/hififace/085_e9f6ea07.jpg_Tdgb6NvUjhk_73_1.mp4.mp4,fake,hififace,german,085_e9f6ea07.jpg,Tdgb6NvUjhk,True,True
6513-vNCVrtwrAWg_35_2_label_fake.npz,english/roop/6513-vNCVrtwrAWg_35_2.mp4,fake,roop,english,6513-vNCVrtwrAWg,6513-vNCVrtwrAWg_35_2,True,False
1889-D1m1SQIdMkk_5_2_label_fake.npz,english/hififace/1889-D1m1SQIdMkk_5_2.mp4,fake,hififace,english,1889-D1m1SQIdMkk,1889-D1m1SQIdMkk_5_2,True,False
195_dc745cfd.jpg_BlgjnJ9y3oE_429_1_label_fake.npz,german/inswapper/195_dc745cfd.jpg_BlgjnJ9y3oE_429_1.mp4.mp4,fake,inswapper,german,195_dc745cfd.jpg,BlgjnJ9y3oE,False,True
349_s9lzNGoKAPI_audio_1_label_fake.npz,hindi/memo/349_s9lzNGoKAPI_audio_1.mp4,fake,memo,hindi,349,349_s9lzNGoKAPI_audio_1,False,True
1797-SWHweN9WlkU_46_1_label_fake.npz,spanish/hififace/1797-SWHweN9WlkU_46_1.mp4,fake,hififace,spanish,1797-SWHweN9WlkU,1797-SWHweN9WlkU_46_1,True,False
Ll8xGtwvH84_353_4_324_label_fake.npz,arabic/sonic/Ll8xGtwvH84_353_4_324.mp4,fake,sonic,arabic,Ll8xGtwvH84,Ll8xGtwvH84_353_4_324,True,False
41290.png_aEM1s9Saa-g_107_12_label_fake.npz,german/hififace/41290.png_aEM1s9Saa-g_107_12.mp4.mp4,fake,hififace,german,41290.png,aEM1s9Saa-g,True,True
13066-aE-eKPb6vhM_23_2_label_fake.npz,mandarin/hififace/13066-aE-eKPb6vhM_23_2.mp4,fake,hififace,mandarin,13066-aE-eKPb6vhM,13066-aE-eKPb6vhM_23_2,True,False
3493-A-BRu8z7ztk_34_2_label_fake.npz,mandarin/roop/3493-A-BRu8z7ztk_34_2.mp4,fake,roop,mandarin,3493-A-BRu8z7ztk,3493-A-BRu8z7ztk_34_2,True,False
9024-Uk6sPnRL0WQ_116_1_label_fake.npz,mandarin/sonic/9024-Uk6sPnRL0WQ_116_1.mp4,fake,sonic,mandarin,9024-Uk6sPnRL0WQ,9024-Uk6sPnRL0WQ_116_1,True,False
094_664a03cd.jpg_oGo0qpktVW0_1080p_209_3_label_fake.npz,german/inswapper/094_664a03cd.jpg_oGo0qpktVW0_1080p_209_3.mp4.mp4,fake,inswapper,german,094,094_664a03cd.jpg_oGo0qpktVW0_1080p_209_3.mp4,False,True
142_rMrG-WhVhow_204_1_512x512_1_1803_withaudio_label_fake.npz,german/echomimic/142_rMrG-WhVhow_204_1_512x512_1_1803_withaudio.mp4,fake,echomimic,german,142,142_rMrG-WhVhow_204_1_512x512_1_1803_withaudio,False,True
34367.png_ldI1peHBLa0_138_1_label_fake.npz,hindi/inswapper/34367.png_ldI1peHBLa0_138_1.mp4.mp4,fake,inswapper,hindi,34367.png,ldI1peHBLa0,False,True
029_2f4ca9e5_XblD1mtXBWY_4_1-batch-2025-02-06-13-00-20-212_label_fake.npz,romanian/hififace/029_2f4ca9e5_XblD1mtXBWY_4_1-batch-2025-02-06-13-00-20-212.mp4,fake,hififace,romanian,029,029_2f4ca9e5_XblD1mtXBWY_4_1-batch-2025-02-06-13-00-20-212,True,False
O_6kW3Mrkm8_282_14_label_real.npz,hindi/real/O_6kW3Mrkm8_282_14.mp4,real,real,hindi,O_6kW3Mrkm8,O_6kW3Mrkm8,False,True
pxQ7cGj7TqE_41_6_label_real.npz,hindi/real/pxQ7cGj7TqE_41_6.mp4,real,real,hindi,pxQ7cGj7TqE,pxQ7cGj7TqE,False,True
vAQM3cPJxSg_56_1_label_real.npz,hindi/real/vAQM3cPJxSg_56_1.mp4,real,real,hindi,vAQM3cPJxSg,vAQM3cPJxSg,False,True
yGSbJCsyO0M_245_1_label_real.npz,hindi/real/yGSbJCsyO0M_245_1.mp4,real,real,hindi,yGSbJCsyO0M,yGSbJCsyO0M,False,True
083_b9c10851.jpg_JFBVpNgehIg_1080p_160_12_label_fake.npz,german/hififace/083_b9c10851.jpg_JFBVpNgehIg_1080p_160_12.mp4.mp4,fake,hififace,german,083,083_b9c10851.jpg_JFBVpNgehIg_1080p_160_12.mp4,True,True
025_d5418b1e.jpg_OpitcLEYak8_1080p_38_8_label_fake.npz,german/hififace/025_d5418b1e.jpg_OpitcLEYak8_1080p_38_8.mp4.mp4,fake,hififace,german,025,025_d5418b1e.jpg_OpitcLEYak8_1080p_38_8.mp4,True,True
wrsQH0CXaic_0_1_169_label_fake.npz,arabic/sonic/wrsQH0CXaic_0_1_169.mp4,fake,sonic,arabic,wrsQH0CXaic,wrsQH0CXaic_0_1_169,True,False
17410-d2om_PGtwWY_36_1_label_fake.npz,english/sonic/17410-d2om_PGtwWY_36_1.mp4,fake,sonic,english,17410-d2om,17410-d2om_PGtwWY_36_1,True,False
mOPffKIq18w_445_1_label_real.npz,hindi/real/mOPffKIq18w_445_1.mp4,real,real,hindi,mOPffKIq18w,mOPffKIq18w,False,True
42271_CSvzXtX9zQ4_audio_1_195_label_fake.npz,hindi/sonic/42271_CSvzXtX9zQ4_audio_1_195.mp4,fake,sonic,hindi,42271,42271_CSvzXtX9zQ4_audio_1_195,True,True
24381-GgCnpDg0jwc_22_1_label_fake.npz,russian/sonic/24381-GgCnpDg0jwc_22_1.mp4,fake,sonic,russian,24381-GgCnpDg0jwc,24381-GgCnpDg0jwc_22_1,True,False
04285_NnNZBZa1Duc_audio_3_label_fake.npz,hindi/memo/04285_NnNZBZa1Duc_audio_3.mp4,fake,memo,hindi,04285,04285_NnNZBZa1Duc_audio_3,False,True
P_stI11n2Sc_9_1_197_label_fake.npz,romanian/sonic/P_stI11n2Sc_9_1_197.mp4,fake,sonic,romanian,P,P_stI11n2Sc_9_1_197,True,False
057_7f34f0f4.jpg_KyeC6d6MTSU_236_2_label_fake.npz,hindi/inswapper/057_7f34f0f4.jpg_KyeC6d6MTSU_236_2.mp4.mp4,fake,inswapper,hindi,057_7f34f0f4.jpg,KyeC6d6MTSU,False,True
6342-p3XJSlgo1_M_78_2_label_fake.npz,spanish/roop/6342-p3XJSlgo1_M_78_2.mp4,fake,roop,spanish,6342-p3XJSlgo1,6342-p3XJSlgo1_M_78_2,True,False
20140-MATJqR93d5I_42_1_label_fake.npz,mandarin/roop/20140-MATJqR93d5I_42_1.mp4,fake,roop,mandarin,20140-MATJqR93d5I,20140-MATJqR93d5I_42_1,True,False
8946-lSCTGJbObOg_347_1_label_fake.npz,russian/sonic/8946-lSCTGJbObOg_347_1.mp4,fake,sonic,russian,8946-lSCTGJbObOg,8946-lSCTGJbObOg_347_1,True,False
060_a274185c.jpg_Du1SKO_ri4w_55_28_label_fake.npz,german/inswapper/060_a274185c.jpg_Du1SKO_ri4w_55_28.mp4.mp4,fake,inswapper,german,060_a274185c.jpg,Du1SKO_ri4w,False,True
40641.png_ldI1peHBLa0_101_5_label_fake.npz,hindi/inswapper/40641.png_ldI1peHBLa0_101_5.mp4.mp4,fake,inswapper,hindi,40641.png,ldI1peHBLa0,False,True
Je9hLZKYTz4_148_27_label_real.npz,german/real/Je9hLZKYTz4_148_27.mp4,real,real,german,Je9hLZKYTz4,Je9hLZKYTz4,False,True
WimhDf8VpTA_46_1_label_real.npz,hindi/real/WimhDf8VpTA_46_1.mp4,real,real,hindi,WimhDf8VpTA,WimhDf8VpTA,False,True
13391.png_GtBnj3Z3eO4_374_4_label_fake.npz,german/inswapper/13391.png_GtBnj3Z3eO4_374_4.mp4.mp4,fake,inswapper,german,13391.png,GtBnj3Z3eO4,False,True
053_62909c7b.jpg_nskOU3iewEg_145_1_label_fake.npz,hindi/hififace/053_62909c7b.jpg_nskOU3iewEg_145_1.mp4.mp4,fake,hififace,hindi,053_62909c7b.jpg,nskOU3iewEg,True,True
24741-Uk6sPnRL0WQ_81_2_label_fake.npz,mandarin/sonic/24741-Uk6sPnRL0WQ_81_2.mp4,fake,sonic,mandarin,24741-Uk6sPnRL0WQ,24741-Uk6sPnRL0WQ_81_2,True,False
35156.png_CSvzXtX9zQ4_255_1_label_fake.npz,hindi/inswapper/35156.png_CSvzXtX9zQ4_255_1.mp4.mp4,fake,inswapper,hindi,35156.png,CSvzXtX9zQ4,False,True
Du1SKO_ri4w_70_17_25fps--15569_hGvKKIo4tKQ_1080p_72_1_25fps_label_fake.npz,german/liveportrait/Du1SKO_ri4w_70_17_25fps--15569_hGvKKIo4tKQ_1080p_72_1_25fps.mp4,fake,liveportrait,german,Du1SKO,Du1SKO_ri4w_70_17_25fps--15569_hGvKKIo4tKQ_1080p_72_1_25fps,False,True
02712__x3xzKilzPg_audio_1_label_fake.npz,hindi/memo/02712__x3xzKilzPg_audio_1.mp4,fake,memo,hindi,02712,02712__x3xzKilzPg_audio_1,False,True
y0m5woySQhM_346_1_25fps--198_kHgF6z3Paos_839_1_25fps_label_fake.npz,german/liveportrait/y0m5woySQhM_346_1_25fps--198_kHgF6z3Paos_839_1_25fps.mp4,fake,liveportrait,german,y0m5woySQhM,y0m5woySQhM_346_1_25fps--198_kHgF6z3Paos_839_1_25fps,False,True
GiRZf3AUfW0_18_31_919_label_fake.npz,german/sonic/GiRZf3AUfW0_18_31_919.mp4,fake,sonic,german,GiRZf3AUfW0,GiRZf3AUfW0_18_31_919,True,True
_T2oSi7iMrY_25_1_label_real.npz,hindi/real/_T2oSi7iMrY_25_1.mp4,real,real,hindi,_T2oSi7iMrY,_T2oSi7iMrY,False,True
26938-b0Z9IpTVfUg_50_1_label_fake.npz,english/roop/26938-b0Z9IpTVfUg_50_1.mp4,fake,roop,english,26938-b0Z9IpTVfUg,26938-b0Z9IpTVfUg_50_1,True,False
084_6b81d36b-jV2pjBg0srU_1132_14_label_fake.npz,romanian/roop/084_6b81d36b-jV2pjBg0srU_1132_14.mp4,fake,roop,romanian,084,084_6b81d36b-jV2pjBg0srU_1132_14,True,False
8933-NUHHj6bWXTs_109_1_label_fake.npz,spanish/roop/8933-NUHHj6bWXTs_109_1.mp4,fake,roop,spanish,8933-NUHHj6bWXTs,8933-NUHHj6bWXTs_109_1,True,False
1442-I5oeY5O5oJI_64_5_label_fake.npz,english/sonic/1442-I5oeY5O5oJI_64_5.mp4,fake,sonic,english,1442-I5oeY5O5oJI,1442-I5oeY5O5oJI_64_5,True,False
i56Klb7z3Pw_578_2_25fps--45672_WYP2eizW7gY_127_2_25fps_label_fake.npz,german/liveportrait/i56Klb7z3Pw_578_2_25fps--45672_WYP2eizW7gY_127_2_25fps.mp4,fake,liveportrait,german,i56Klb7z3Pw,i56Klb7z3Pw_578_2_25fps--45672_WYP2eizW7gY_127_2_25fps,False,True
21704-2ECheTEbkhQ_31_3_label_fake.npz,spanish/sonic/21704-2ECheTEbkhQ_31_3.mp4,fake,sonic,spanish,21704-2ECheTEbkhQ,21704-2ECheTEbkhQ_31_3,True,False
u-X671JqQWA_71_216_25fps--46426_De5FGogMWzQ_121_1_25fps_label_fake.npz,german/liveportrait/u-X671JqQWA_71_216_25fps--46426_De5FGogMWzQ_121_1_25fps.mp4,fake,liveportrait,german,u-X671JqQWA,u-X671JqQWA_71_216_25fps--46426_De5FGogMWzQ_121_1_25fps,False,True
21575-O1JxQ9OyJRQ_131_1_label_fake.npz,russian/sonic/21575-O1JxQ9OyJRQ_131_1.mp4,fake,sonic,russian,21575-O1JxQ9OyJRQ,21575-O1JxQ9OyJRQ_131_1,True,False
42965.png_eEBMUm3hNj8_126_1_label_fake.npz,hindi/inswapper/42965.png_eEBMUm3hNj8_126_1.mp4.mp4,fake,inswapper,hindi,42965.png,eEBMUm3hNj8,False,True
050_9269f010-4GJoAnMi6Mo_500_1_label_fake.npz,hindi/roop/050_9269f010-4GJoAnMi6Mo_500_1.mp4,fake,roop,hindi,050,050_9269f010-4GJoAnMi6Mo_500_1,True,True
CQSa-AudDro_92_1_162_label_fake.npz,german/sonic/CQSa-AudDro_92_1_162.mp4,fake,sonic,german,CQSa-AudDro,CQSa-AudDro_92_1_162,True,True
237-lXXCH-gBGzI_0_35_label_fake.npz,german/roop/237-lXXCH-gBGzI_0_35.mp4,fake,roop,german,237-lXXCH-gBGzI,237-lXXCH-gBGzI_0_35,True,True
491_VifDzyPgBNg_0_3-batch-2025-02-06-13-00-20-248_label_fake.npz,romanian/hififace/491_VifDzyPgBNg_0_3-batch-2025-02-06-13-00-20-248.mp4,fake,hififace,romanian,491,491_VifDzyPgBNg_0_3-batch-2025-02-06-13-00-20-248,True,False
247_nBhxjAQzAg4_audio_3_512x512_1_1026_withaudio_label_fake.npz,hindi/echomimic/247_nBhxjAQzAg4_audio_3_512x512_1_1026_withaudio.mp4,fake,echomimic,hindi,247,247_nBhxjAQzAg4_audio_3_512x512_1_1026_withaudio,False,True
27718-NduDs59WZqU_72_3_label_fake.npz,russian/sonic/27718-NduDs59WZqU_72_3.mp4,fake,sonic,russian,27718-NduDs59WZqU,27718-NduDs59WZqU_72_3,True,False
2NlEdgEI_mc_57_2_322_label_fake.npz,romanian/sonic/2NlEdgEI_mc_57_2_322.mp4,fake,sonic,romanian,2NlEdgEI,2NlEdgEI_mc_57_2_322,True,False
393_PHMafVnjks8_231_3_label_fake.npz,german/memo/393_PHMafVnjks8_231_3.mp4,fake,memo,german,393,393_PHMafVnjks8_231_3,False,True
28757-NSWcdPWXZQI_2_1_label_fake.npz,spanish/hififace/28757-NSWcdPWXZQI_2_1.mp4,fake,hififace,spanish,28757-NSWcdPWXZQI,28757-NSWcdPWXZQI_2_1,True,False
908-UWnFJdu3BOA_15_1_label_fake.npz,mandarin/roop/908-UWnFJdu3BOA_15_1.mp4,fake,roop,mandarin,908-UWnFJdu3BOA,908-UWnFJdu3BOA_15_1,True,False
1249-I66kXy4rvME_63_3_label_fake.npz,mandarin/roop/1249-I66kXy4rvME_63_3.mp4,fake,roop,mandarin,1249-I66kXy4rvME,1249-I66kXy4rvME_63_3,True,False
31511.png_dcvbo-RdeWw_4_2_label_fake.npz,arabic/hififace/31511.png_dcvbo-RdeWw_4_2.mp4.mp4,fake,hififace,arabic,31511.png,dcvbo-RdeWw,True,False
17798-d2om_PGtwWY_58_1_label_fake.npz,english/sonic/17798-d2om_PGtwWY_58_1.mp4,fake,sonic,english,17798-d2om,17798-d2om_PGtwWY_58_1,True,False
25399_hg6PbuiRHeg_audio_2_151_label_fake.npz,hindi/sonic/25399_hg6PbuiRHeg_audio_2_151.mp4,fake,sonic,hindi,25399,25399_hg6PbuiRHeg_audio_2_151,True,True
29808.png_Lc0n7WuOwDs_1080p_112_2_label_fake.npz,german/hififace/29808.png_Lc0n7WuOwDs_1080p_112_2.mp4.mp4,fake,hififace,german,29808.png,29808.png_Lc0n7WuOwDs_1080p_112_2.mp4,True,True
26476-A-BRu8z7ztk_21_1_label_fake.npz,mandarin/hififace/26476-A-BRu8z7ztk_21_1.mp4,fake,hififace,mandarin,26476-A-BRu8z7ztk,26476-A-BRu8z7ztk_21_1,True,False
2342-BTijw7PINU4_85_1_label_fake.npz,mandarin/roop/2342-BTijw7PINU4_85_1.mp4,fake,roop,mandarin,2342-BTijw7PINU4,2342-BTijw7PINU4_85_1,True,False
23885-eHJnEHyyN1Y_2_3_label_fake.npz,english/hififace/23885-eHJnEHyyN1Y_2_3.mp4,fake,hififace,english,23885-eHJnEHyyN1Y,23885-eHJnEHyyN1Y_2_3,True,False
22605-BhwnAYvzhm4_6_3_label_fake.npz,spanish/sonic/22605-BhwnAYvzhm4_6_3.mp4,fake,sonic,spanish,22605-BhwnAYvzhm4,22605-BhwnAYvzhm4_6_3,True,False
keEKlr2dG-I_76_1_25fps--23_gEpZTuQhcuA_audio_2_204_label_fake.npz,hindi/liveportrait/keEKlr2dG-I_76_1_25fps--23_gEpZTuQhcuA_audio_2_204.mp4,fake,liveportrait,hindi,keEKlr2dG-I,keEKlr2dG-I_76_1_25fps--23_gEpZTuQhcuA_audio_2_204,False,True
326_Y7FIRwYsAMo_audio_1_512x512_1_1026_withaudio_label_fake.npz,hindi/echomimic/326_Y7FIRwYsAMo_audio_1_512x512_1_1026_withaudio.mp4,fake,echomimic,hindi,326,326_Y7FIRwYsAMo_audio_1_512x512_1_1026_withaudio,False,True
029_cb46b2bb.jpg_dTeNSc1Sp28_324_4_label_fake.npz,hindi/inswapper/029_cb46b2bb.jpg_dTeNSc1Sp28_324_4.mp4.mp4,fake,inswapper,hindi,029_cb46b2bb.jpg,dTeNSc1Sp28,False,True
026_bb842452-eWj2-6q2ybk_259_2_label_fake.npz,arabic/roop/026_bb842452-eWj2-6q2ybk_259_2.mp4,fake,roop,arabic,026,026_bb842452-eWj2-6q2ybk_259_2,True,False
780-Lv7ZArjcOJo_66_1_label_fake.npz,mandarin/roop/780-Lv7ZArjcOJo_66_1.mp4,fake,roop,mandarin,780-Lv7ZArjcOJo,780-Lv7ZArjcOJo_66_1,True,False
pdcV3UkZtks_1_39_label_real.npz,hindi/real/pdcV3UkZtks_1_39.mp4,real,real,hindi,pdcV3UkZtks,pdcV3UkZtks,False,True
msbqwoV6PHM_1080p_159_4_29_label_fake.npz,german/sonic/msbqwoV6PHM_1080p_159_4_29.mp4,fake,sonic,german,msbqwoV6PHM,msbqwoV6PHM_1080p_159_4_29,True,True
MFusQ6Jv5cE_89_4--414_KyeC6d6MTSU_audio_3_17_label_fake.npz,hindi/liveportrait/MFusQ6Jv5cE_89_4--414_KyeC6d6MTSU_audio_3_17.mp4,fake,liveportrait,hindi,MFusQ6Jv5cE,MFusQ6Jv5cE_89_4--414_KyeC6d6MTSU_audio_3_17,False,True
21235-vYG3_0iwY6Q_133_1_label_fake.npz,mandarin/roop/21235-vYG3_0iwY6Q_133_1.mp4,fake,roop,mandarin,21235-vYG3,21235-vYG3_0iwY6Q_133_1,True,False
03251_qv45xE78kx0_audio_1_label_fake.npz,hindi/memo/03251_qv45xE78kx0_audio_1.mp4,fake,memo,hindi,03251,03251_qv45xE78kx0_audio_1,False,True
20149-NZ7pKLrujBc_1_2_label_fake.npz,spanish/hififace/20149-NZ7pKLrujBc_1_2.mp4,fake,hififace,spanish,20149-NZ7pKLrujBc,20149-NZ7pKLrujBc_1_2,True,False
00355_YkHUDTtGzvk_audio_1_label_fake.npz,hindi/memo/00355_YkHUDTtGzvk_audio_1.mp4,fake,memo,hindi,00355,00355_YkHUDTtGzvk_audio_1,False,True
093_fda0f117.jpg_PNyFdGKIjzY_2_2_label_fake.npz,arabic/hififace/093_fda0f117.jpg_PNyFdGKIjzY_2_2.mp4.mp4,fake,hififace,arabic,093_fda0f117.jpg,PNyFdGKIjzY,True,False
006_bbb6978e-vxvcZVCOMuc_1_6_label_fake.npz,arabic/roop/006_bbb6978e-vxvcZVCOMuc_1_6.mp4,fake,roop,arabic,006,006_bbb6978e-vxvcZVCOMuc_1_6,True,False
98_GiRZf3AUfW0_43_2_label_fake.npz,german/memo/98_GiRZf3AUfW0_43_2.mp4,fake,memo,german,98,98_GiRZf3AUfW0_43_2,False,True
wdNhtZOGxBw_229_7_25fps--488_8DtgmPl6mjY_audio_3_177_label_fake.npz,hindi/liveportrait/wdNhtZOGxBw_229_7_25fps--488_8DtgmPl6mjY_audio_3_177.mp4,fake,liveportrait,hindi,wdNhtZOGxBw,wdNhtZOGxBw_229_7_25fps--488_8DtgmPl6mjY_audio_3_177,False,True
023_2029f686.jpg_1nnKydcqmDI_252_1_label_fake.npz,german/inswapper/023_2029f686.jpg_1nnKydcqmDI_252_1.mp4.mp4,fake,inswapper,german,023_2029f686.jpg,1nnKydcqmDI,False,True
488_03GPqk22j-w_15_2_512x512_1_1803_withaudio_label_fake.npz,german/echomimic/488_03GPqk22j-w_15_2_512x512_1_1803_withaudio.mp4,fake,echomimic,german,488,488_03GPqk22j-w_15_2_512x512_1_1803_withaudio,False,True
952-Lqg5fiwIQso_45_1_label_fake.npz,mandarin/roop/952-Lqg5fiwIQso_45_1.mp4,fake,roop,mandarin,952-Lqg5fiwIQso,952-Lqg5fiwIQso_45_1,True,False
32776.png_i28DmpsZUz8_370_2_label_fake.npz,hindi/inswapper/32776.png_i28DmpsZUz8_370_2.mp4.mp4,fake,inswapper,hindi,32776.png,i28DmpsZUz8,False,True
53709.png_apnde-Dpq8E_1080p_121_7_label_fake.npz,german/hififace/53709.png_apnde-Dpq8E_1080p_121_7.mp4.mp4,fake,hififace,german,53709.png,53709.png_apnde-Dpq8E_1080p_121_7.mp4,True,True
079_f5cc99a5.jpg_gc8LE2PP3hM_68_13_label_fake.npz,arabic/hififace/079_f5cc99a5.jpg_gc8LE2PP3hM_68_13.mp4.mp4,fake,hififace,arabic,079_f5cc99a5.jpg,gc8LE2PP3hM,True,False
029_cb46b2bb.jpg_KLyiFfWtoPI_1009_3_label_fake.npz,hindi/hififace/029_cb46b2bb.jpg_KLyiFfWtoPI_1009_3.mp4.mp4,fake,hififace,hindi,029_cb46b2bb.jpg,KLyiFfWtoPI,True,True
4315-ZWWpghA1SJc_6_4_label_fake.npz,mandarin/roop/4315-ZWWpghA1SJc_6_4.mp4,fake,roop,mandarin,4315-ZWWpghA1SJc,4315-ZWWpghA1SJc_6_4,True,False
125_b66015af.jpg__pWENLj5I-8_1080p_74_3_label_fake.npz,german/hififace/125_b66015af.jpg__pWENLj5I-8_1080p_74_3.mp4.mp4,fake,hififace,german,125,125_b66015af.jpg__pWENLj5I-8_1080p_74_3.mp4,True,True
12868-o3KMJLxjdoM_34_2_label_fake.npz,spanish/hififace/12868-o3KMJLxjdoM_34_2.mp4,fake,hififace,spanish,12868-o3KMJLxjdoM,12868-o3KMJLxjdoM_34_2,True,False
04832-rLrUc0SdDYY_5_1_label_fake.npz,arabic/roop/04832-rLrUc0SdDYY_5_1.mp4,fake,roop,arabic,04832-rLrUc0SdDYY,04832-rLrUc0SdDYY_5_1,True,False
11849-3U4D77IB-j8_0_2_label_fake.npz,russian/hififace/11849-3U4D77IB-j8_0_2.mp4,fake,hififace,russian,11849-3U4D77IB-j8,11849-3U4D77IB-j8_0_2,True,False
18755-4RSM7dOkM3k_22_2_label_fake.npz,hindi/roop/18755-4RSM7dOkM3k_22_2.mp4,fake,roop,hindi,18755-4RSM7dOkM3k,18755-4RSM7dOkM3k_22_2,True,True
100_e1433988.jpg_dZV2TjhBthE_17_2_label_fake.npz,german/inswapper/100_e1433988.jpg_dZV2TjhBthE_17_2.mp4.mp4,fake,inswapper,german,100_e1433988.jpg,dZV2TjhBthE,False,True
16433.png_oGo0qpktVW0_1080p_76_14_label_fake.npz,german/hififace/16433.png_oGo0qpktVW0_1080p_76_14.mp4.mp4,fake,hififace,german,16433.png,16433.png_oGo0qpktVW0_1080p_76_14.mp4,True,True
GiRZf3AUfW0_67_12_label_real.npz,german/real/GiRZf3AUfW0_67_12.mp4,real,real,german,GiRZf3AUfW0,GiRZf3AUfW0,False,True
D56tKWtAMbw_717_1_label_real.npz,german/real/D56tKWtAMbw_717_1.mp4,real,real,german,D56tKWtAMbw,D56tKWtAMbw,False,True
47361.png_JFBVpNgehIg_1080p_71_1_label_fake.npz,german/hififace/47361.png_JFBVpNgehIg_1080p_71_1.mp4.mp4,fake,hififace,german,47361.png,47361.png_JFBVpNgehIg_1080p_71_1.mp4,True,True
24527-ADTwFvHACE4_46_4_label_fake.npz,russian/roop/24527-ADTwFvHACE4_46_4.mp4,fake,roop,russian,24527-ADTwFvHACE4,24527-ADTwFvHACE4_46_4,True,False
062_f1f905e2-Qql31j-w90s_18_2_label_fake.npz,hindi/roop/062_f1f905e2-Qql31j-w90s_18_2.mp4,fake,roop,hindi,062,062_f1f905e2-Qql31j-w90s_18_2,True,True
-aDPCjQeWQs_330_2--99_TXszVudcarI_audio_3_38_label_fake.npz,hindi/liveportrait/-aDPCjQeWQs_330_2--99_TXszVudcarI_audio_3_38.mp4,fake,liveportrait,hindi,-aDPCjQeWQs,-aDPCjQeWQs_330_2--99_TXszVudcarI_audio_3_38,False,True
24182-PYRFxrLt30A_35_2_label_fake.npz,english/sonic/24182-PYRFxrLt30A_35_2.mp4,fake,sonic,english,24182-PYRFxrLt30A,24182-PYRFxrLt30A_35_2,True,False
KGJZkMXqvcI_9_1_label_real.npz,hindi/real/KGJZkMXqvcI_9_1.mp4,real,real,hindi,KGJZkMXqvcI,KGJZkMXqvcI,False,True
3557-nAeQagx49OM_57_1_label_fake.npz,mandarin/roop/3557-nAeQagx49OM_57_1.mp4,fake,roop,mandarin,3557-nAeQagx49OM,3557-nAeQagx49OM_57_1,True,False
62-3Cv3vJa9UoI_1080p_7_5_label_fake.npz,german/roop/62-3Cv3vJa9UoI_1080p_7_5.mp4,fake,roop,german,62-3Cv3vJa9UoI,62-3Cv3vJa9UoI_1080p_7_5,True,True
52190_DOpN7bVauzY_audio_2_189_label_fake.npz,hindi/sonic/52190_DOpN7bVauzY_audio_2_189.mp4,fake,sonic,hindi,52190,52190_DOpN7bVauzY_audio_2_189,True,True
D56tKWtAMbw_61_1_695_label_fake.npz,german/sonic/D56tKWtAMbw_61_1_695.mp4,fake,sonic,german,D56tKWtAMbw,D56tKWtAMbw_61_1_695,True,True
229_SabGmKoEfYk_audio_3_512x512_1_1026_withaudio_label_fake.npz,hindi/echomimic/229_SabGmKoEfYk_audio_3_512x512_1_1026_withaudio.mp4,fake,echomimic,hindi,229,229_SabGmKoEfYk_audio_3_512x512_1_1026_withaudio,False,True
25340-xGCuF-h-XVc_157_1_label_fake.npz,russian/hififace/25340-xGCuF-h-XVc_157_1.mp4,fake,hififace,russian,25340-xGCuF-h-XVc,25340-xGCuF-h-XVc_157_1,True,False
443_6naugGonRkE_1080p_102_3_512x512_1_1803_withaudio_label_fake.npz,german/echomimic/443_6naugGonRkE_1080p_102_3_512x512_1_1803_withaudio.mp4,fake,echomimic,german,443,443_6naugGonRkE_1080p_102_3_512x512_1_1803_withaudio,False,True
27463.png_7oLtKHmwyRw_306_1_label_fake.npz,hindi/inswapper/27463.png_7oLtKHmwyRw_306_1.mp4.mp4,fake,inswapper,hindi,27463.png,7oLtKHmwyRw,False,True
209_It5DLkCxwl0_audio_3_512x512_1_1026_withaudio_label_fake.npz,hindi/echomimic/209_It5DLkCxwl0_audio_3_512x512_1_1026_withaudio.mp4,fake,echomimic,hindi,209,209_It5DLkCxwl0_audio_3_512x512_1_1026_withaudio,False,True
79_o4qerM8M37s_audio_2_512x512_1_1026_withaudio_label_fake.npz,hindi/echomimic/79_o4qerM8M37s_audio_2_512x512_1_1026_withaudio.mp4,fake,echomimic,hindi,79,79_o4qerM8M37s_audio_2_512x512_1_1026_withaudio,False,True
e0GahnJx-Sc_500_1_135_label_fake.npz,romanian/sonic/e0GahnJx-Sc_500_1_135.mp4,fake,sonic,romanian,e0GahnJx-Sc,e0GahnJx-Sc_500_1_135,True,False
4246-ADTwFvHACE4_55_1_label_fake.npz,russian/roop/4246-ADTwFvHACE4_55_1.mp4,fake,roop,russian,4246-ADTwFvHACE4,4246-ADTwFvHACE4_55_1,True,False
11929-3NYH-zyIfZY_12_1_label_fake.npz,russian/roop/11929-3NYH-zyIfZY_12_1.mp4,fake,roop,russian,11929-3NYH-zyIfZY,11929-3NYH-zyIfZY_12_1,True,False
088_29b6bf25-9X-SE-3CPw4_2144_3_label_fake.npz,romanian/roop/088_29b6bf25-9X-SE-3CPw4_2144_3.mp4,fake,roop,romanian,088,088_29b6bf25-9X-SE-3CPw4_2144_3,True,False
13927-d2om_PGtwWY_15_1_label_fake.npz,english/sonic/13927-d2om_PGtwWY_15_1.mp4,fake,sonic,english,13927-d2om,13927-d2om_PGtwWY_15_1,True,False
300_--wjKL2y9gE_375_1_512x512_1_1803_withaudio_label_fake.npz,german/echomimic/300_--wjKL2y9gE_375_1_512x512_1_1803_withaudio.mp4,fake,echomimic,german,300,300_--wjKL2y9gE_375_1_512x512_1_1803_withaudio,False,True
25038-awYvLQ53n3M_36_1_label_fake.npz,russian/roop/25038-awYvLQ53n3M_36_1.mp4,fake,roop,russian,25038-awYvLQ53n3M,25038-awYvLQ53n3M_36_1,True,False
29758-squ9XOfBKaY_120_1_label_fake.npz,russian/hififace/29758-squ9XOfBKaY_120_1.mp4,fake,hififace,russian,29758-squ9XOfBKaY,29758-squ9XOfBKaY_120_1,True,False
048_453e6cb3.jpg_56kjnBhGy8Y_1080p_82_1_label_fake.npz,german/inswapper/048_453e6cb3.jpg_56kjnBhGy8Y_1080p_82_1.mp4.mp4,fake,inswapper,german,048,048_453e6cb3.jpg_56kjnBhGy8Y_1080p_82_1.mp4,False,True
D56tKWtAMbw_189_1_25fps--11510_xdtIUNNyO1w_audio_2_230_label_fake.npz,hindi/liveportrait/D56tKWtAMbw_189_1_25fps--11510_xdtIUNNyO1w_audio_2_230.mp4,fake,liveportrait,hindi,D56tKWtAMbw,D56tKWtAMbw_189_1_25fps--11510_xdtIUNNyO1w_audio_2_230,False,True
18548-AbpNlshqtJc_155_1_label_fake.npz,english/roop/18548-AbpNlshqtJc_155_1.mp4,fake,roop,english,18548-AbpNlshqtJc,18548-AbpNlshqtJc_155_1,True,False
563-3NYH-zyIfZY_1_1_label_fake.npz,russian/roop/563-3NYH-zyIfZY_1_1.mp4,fake,roop,russian,563-3NYH-zyIfZY,563-3NYH-zyIfZY_1_1,True,False
15332_SY_xV-Raq3A_1080p_16_2_label_fake.npz,german/memo/15332_SY_xV-Raq3A_1080p_16_2.mp4,fake,memo,german,15332,15332_SY_xV-Raq3A_1080p_16_2,False,True
17037-_hZseWeLSFY_16_1_label_fake.npz,english/roop/17037-_hZseWeLSFY_16_1.mp4,fake,roop,english,17037-,17037-_hZseWeLSFY_16_1,True,False
04351_Mv3FKFpTe4c_audio_3_label_fake.npz,hindi/memo/04351_Mv3FKFpTe4c_audio_3.mp4,fake,memo,hindi,04351,04351_Mv3FKFpTe4c_audio_3,False,True
26657-SoI9-PP5Tmk_22_1_label_fake.npz,english/roop/26657-SoI9-PP5Tmk_22_1.mp4,fake,roop,english,26657-SoI9-PP5Tmk,26657-SoI9-PP5Tmk_22_1,True,False
79__Er-wOsgxWQ_audio_3_234_label_fake.npz,hindi/sonic/79__Er-wOsgxWQ_audio_3_234.mp4,fake,sonic,hindi,79,79__Er-wOsgxWQ_audio_3_234,True,True
u24egzL00g0_660_1_label_real.npz,german/real/u24egzL00g0_660_1.mp4,real,real,german,u24egzL00g0,u24egzL00g0,False,True
DuggBTqO2sc_301_5_245_label_fake.npz,arabic/sonic/DuggBTqO2sc_301_5_245.mp4,fake,sonic,arabic,DuggBTqO2sc,DuggBTqO2sc_301_5_245,True,False
14255-_T2oSi7iMrY_44_2_label_fake.npz,hindi/roop/14255-_T2oSi7iMrY_44_2.mp4,fake,roop,hindi,14255-,14255-_T2oSi7iMrY_44_2,True,True
6234-2ECheTEbkhQ_29_4_label_fake.npz,spanish/sonic/6234-2ECheTEbkhQ_29_4.mp4,fake,sonic,spanish,6234-2ECheTEbkhQ,6234-2ECheTEbkhQ_29_4,True,False
W8ndzcz359Q_143_5_244_label_fake.npz,romanian/sonic/W8ndzcz359Q_143_5_244.mp4,fake,sonic,romanian,W8ndzcz359Q,W8ndzcz359Q_143_5_244,True,False
20773-85VgNDfQZwE_110_2_label_fake.npz,mandarin/hififace/20773-85VgNDfQZwE_110_2.mp4,fake,hififace,mandarin,20773-85VgNDfQZwE,20773-85VgNDfQZwE_110_2,True,False
490_78p4J0EEepU_6_2-batch-2025-02-06-13-00-20-462_label_fake.npz,romanian/hififace/490_78p4J0EEepU_6_2-batch-2025-02-06-13-00-20-462.mp4,fake,hififace,romanian,490,490_78p4J0EEepU_6_2-batch-2025-02-06-13-00-20-462,True,False
BlgjnJ9y3oE_163_2_25fps--304_2o5u159w_uI_audio_3_37_label_fake.npz,hindi/liveportrait/BlgjnJ9y3oE_163_2_25fps--304_2o5u159w_uI_audio_3_37.mp4,fake,liveportrait,hindi,BlgjnJ9y3oE,BlgjnJ9y3oE_163_2_25fps--304_2o5u159w_uI_audio_3_37,False,True
18038-lmBYMs2ysnY_3_2_label_fake.npz,mandarin/roop/18038-lmBYMs2ysnY_3_2.mp4,fake,roop,mandarin,18038-lmBYMs2ysnY,18038-lmBYMs2ysnY_3_2,True,False
043_9bfd94a4-mHii80xikXs_793_1_label_fake.npz,romanian/roop/043_9bfd94a4-mHii80xikXs_793_1.mp4,fake,roop,romanian,043,043_9bfd94a4-mHii80xikXs_793_1,True,False
12625.png_u-X671JqQWA_48_232_label_fake.npz,german/hififace/12625.png_u-X671JqQWA_48_232.mp4.mp4,fake,hififace,german,12625.png,u-X671JqQWA,True,True
11832-pNogULi28gs_90_2_label_fake.npz,russian/hififace/11832-pNogULi28gs_90_2.mp4,fake,hififace,russian,11832-pNogULi28gs,11832-pNogULi28gs_90_2,True,False
470--mMaHBtQ-DU_29_1_label_fake.npz,hindi/roop/470--mMaHBtQ-DU_29_1.mp4,fake,roop,hindi,470--mMaHBtQ-DU,470--mMaHBtQ-DU_29_1,True,True
22767-yMK0bMaGZYI_42_2_label_fake.npz,mandarin/roop/22767-yMK0bMaGZYI_42_2.mp4,fake,roop,mandarin,22767-yMK0bMaGZYI,22767-yMK0bMaGZYI_42_2,True,False
970-ndJhwVupwVQ_7_1_label_fake.npz,spanish/hififace/970-ndJhwVupwVQ_7_1.mp4,fake,hififace,spanish,970-ndJhwVupwVQ,970-ndJhwVupwVQ_7_1,True,False
2793-I5oeY5O5oJI_38_2_label_fake.npz,english/hififace/2793-I5oeY5O5oJI_38_2.mp4,fake,hififace,english,2793-I5oeY5O5oJI,2793-I5oeY5O5oJI_38_2,True,False
11161-ADTwFvHACE4_89_2_label_fake.npz,russian/roop/11161-ADTwFvHACE4_89_2.mp4,fake,roop,russian,11161-ADTwFvHACE4,11161-ADTwFvHACE4_89_2,True,False
Upf3zJKUiVI_30_1_182_label_fake.npz,arabic/sonic/Upf3zJKUiVI_30_1_182.mp4,fake,sonic,arabic,Upf3zJKUiVI,Upf3zJKUiVI_30_1_182,True,False
040_9b4bfe5b.jpg_OpitcLEYak8_1080p_7_5_label_fake.npz,german/inswapper/040_9b4bfe5b.jpg_OpitcLEYak8_1080p_7_5.mp4.mp4,fake,inswapper,german,040,040_9b4bfe5b.jpg_OpitcLEYak8_1080p_7_5.mp4,False,True
7967-TsQZOTSteK8_75_1_label_fake.npz,english/hififace/7967-TsQZOTSteK8_75_1.mp4,fake,hififace,english,7967-TsQZOTSteK8,7967-TsQZOTSteK8_75_1,True,False
28251-J-vYXU4vqcY_3_1_label_fake.npz,mandarin/hififace/28251-J-vYXU4vqcY_3_1.mp4,fake,hififace,mandarin,28251-J-vYXU4vqcY,28251-J-vYXU4vqcY_3_1,True,False
14063-ADTwFvHACE4_74_1_label_fake.npz,russian/sonic/14063-ADTwFvHACE4_74_1.mp4,fake,sonic,russian,14063-ADTwFvHACE4,14063-ADTwFvHACE4_74_1,True,False
7058-IDnknJIymfg_26_2_label_fake.npz,spanish/roop/7058-IDnknJIymfg_26_2.mp4,fake,roop,spanish,7058-IDnknJIymfg,7058-IDnknJIymfg_26_2,True,False
490.png_Vz-kJATn87E_1080p_123_4_label_fake.npz,german/inswapper/490.png_Vz-kJATn87E_1080p_123_4.mp4.mp4,fake,inswapper,german,490.png,490.png_Vz-kJATn87E_1080p_123_4.mp4,False,True
233_uaUeoNnxmco_audio_3_label_fake.npz,hindi/memo/233_uaUeoNnxmco_audio_3.mp4,fake,memo,hindi,233,233_uaUeoNnxmco_audio_3,False,True
243-0IH3CEZFDTs_10_1_label_fake.npz,arabic/roop/243-0IH3CEZFDTs_10_1.mp4,fake,roop,arabic,243-0IH3CEZFDTs,243-0IH3CEZFDTs_10_1,True,False
49417_ePNdJNJTDl8_audio_2_197_label_fake.npz,hindi/sonic/49417_ePNdJNJTDl8_audio_2_197.mp4,fake,sonic,hindi,49417,49417_ePNdJNJTDl8_audio_2_197,True,True
LGd_iDH5tU4_5_106_label_real.npz,hindi/real/LGd_iDH5tU4_5_106.mp4,real,real,hindi,LGd_iDH5tU4,LGd_iDH5tU4,False,True
23754-ON_A6hcriWc_47_1_label_fake.npz,spanish/hififace/23754-ON_A6hcriWc_47_1.mp4,fake,hififace,spanish,23754-ON,23754-ON_A6hcriWc_47_1,True,False
1152-2WGnDrVPG8A_72_2_label_fake.npz,spanish/roop/1152-2WGnDrVPG8A_72_2.mp4,fake,roop,spanish,1152-2WGnDrVPG8A,1152-2WGnDrVPG8A_72_2,True,False
021_8295d645-NEEN8fSBuWI_302_1_label_fake.npz,german/roop/021_8295d645-NEEN8fSBuWI_302_1.mp4,fake,roop,german,021,021_8295d645-NEEN8fSBuWI_302_1,True,True
023_2029f686.jpg_fIshKSAbvuA_1009_2_label_fake.npz,hindi/inswapper/023_2029f686.jpg_fIshKSAbvuA_1009_2.mp4.mp4,fake,inswapper,hindi,023_2029f686.jpg,fIshKSAbvuA,False,True
091_d4af6789-6l6NFBuOYjk_27_1_label_fake.npz,hindi/roop/091_d4af6789-6l6NFBuOYjk_27_1.mp4,fake,roop,hindi,091,091_d4af6789-6l6NFBuOYjk_27_1,True,True
5940-a0MIIwPGYB4_30_1_label_fake.npz,spanish/sonic/5940-a0MIIwPGYB4_30_1.mp4,fake,sonic,spanish,5940-a0MIIwPGYB4,5940-a0MIIwPGYB4_30_1,True,False
45962_WYP2eizW7gY_147_1_label_fake.npz,german/memo/45962_WYP2eizW7gY_147_1.mp4,fake,memo,german,45962,45962_WYP2eizW7gY_147_1,False,True
418_C_Z1mo51fhU_audio_2_label_fake.npz,hindi/memo/418_C_Z1mo51fhU_audio_2.mp4,fake,memo,hindi,418,418_C_Z1mo51fhU_audio_2,False,True
040_9b4bfe5b.jpg_aEM1s9Saa-g_36_2_label_fake.npz,german/hififace/040_9b4bfe5b.jpg_aEM1s9Saa-g_36_2.mp4.mp4,fake,hififace,german,040_9b4bfe5b.jpg,aEM1s9Saa-g,True,True
082_6883328f-yubEaBr4X24_163_1_label_fake.npz,romanian/roop/082_6883328f-yubEaBr4X24_163_1.mp4,fake,roop,romanian,082,082_6883328f-yubEaBr4X24_163_1,True,False
fZNe3xAY9Zw_1080p_0_1_label_real.npz,german/real/fZNe3xAY9Zw_1080p_0_1.mp4,real,real,german,fZNe3xAY9Zw,fZNe3xAY9Zw_1080p_0_1,False,True
52_TP27NdZ6GDo_audio_3_label_fake.npz,hindi/memo/52_TP27NdZ6GDo_audio_3.mp4,fake,memo,hindi,52,52_TP27NdZ6GDo_audio_3,False,True
11028-GRgqbsP_-uw_93_2_label_fake.npz,english/hififace/11028-GRgqbsP_-uw_93_2.mp4,fake,hififace,english,11028-GRgqbsP,11028-GRgqbsP_-uw_93_2,True,False
18613-PYRFxrLt30A_2_2_label_fake.npz,english/sonic/18613-PYRFxrLt30A_2_2.mp4,fake,sonic,english,18613-PYRFxrLt30A,18613-PYRFxrLt30A_2_2,True,False
u-X671JqQWA_144_17_label_real.npz,german/real/u-X671JqQWA_144_17.mp4,real,real,german,u-X671JqQWA,u-X671JqQWA,False,True
16320-EzSdf3VK9qc_45_2_label_fake.npz,english/hififace/16320-EzSdf3VK9qc_45_2.mp4,fake,hififace,english,16320-EzSdf3VK9qc,16320-EzSdf3VK9qc_45_2,True,False
351_iK7XDpR-1IQ_audio_2_512x512_1_1026_withaudio_label_fake.npz,hindi/echomimic/351_iK7XDpR-1IQ_audio_2_512x512_1_1026_withaudio.mp4,fake,echomimic,hindi,351,351_iK7XDpR-1IQ_audio_2_512x512_1_1026_withaudio,False,True
3070-QwWcO0-ne8c_64_2_label_fake.npz,spanish/hififace/3070-QwWcO0-ne8c_64_2.mp4,fake,hififace,spanish,3070-QwWcO0-ne8c,3070-QwWcO0-ne8c_64_2,True,False
25168-aE-eKPb6vhM_6_1_label_fake.npz,mandarin/roop/25168-aE-eKPb6vhM_6_1.mp4,fake,roop,mandarin,25168-aE-eKPb6vhM,25168-aE-eKPb6vhM_6_1,True,False
24742.png_ldI1peHBLa0_189_2_label_fake.npz,hindi/hififace/24742.png_ldI1peHBLa0_189_2.mp4.mp4,fake,hififace,hindi,24742.png,ldI1peHBLa0,True,True
11355-I5oeY5O5oJI_46_2_label_fake.npz,english/sonic/11355-I5oeY5O5oJI_46_2.mp4,fake,sonic,english,11355-I5oeY5O5oJI,11355-I5oeY5O5oJI_46_2,True,False
057_ee633567-yubEaBr4X24_1118_2_label_fake.npz,romanian/roop/057_ee633567-yubEaBr4X24_1118_2.mp4,fake,roop,romanian,057,057_ee633567-yubEaBr4X24_1118_2,True,False
13135-JtLypQpGruo_50_1_label_fake.npz,spanish/roop/13135-JtLypQpGruo_50_1.mp4,fake,roop,spanish,13135-JtLypQpGruo,13135-JtLypQpGruo_50_1,True,False
7oLtKHmwyRw_393_2_label_real.npz,hindi/real/7oLtKHmwyRw_393_2.mp4,real,real,hindi,7oLtKHmwyRw,7oLtKHmwyRw,False,True
QBUcSnMKSVg_369_27_label_real.npz,hindi/real/QBUcSnMKSVg_369_27.mp4,real,real,hindi,QBUcSnMKSVg,QBUcSnMKSVg,False,True
6-Jy-bPwwFxhk_108_2_label_fake.npz,arabic/roop/6-Jy-bPwwFxhk_108_2.mp4,fake,roop,arabic,6-Jy-bPwwFxhk,6-Jy-bPwwFxhk_108_2,True,False
22909-GrQO5stiREI_130_1_label_fake.npz,mandarin/hififace/22909-GrQO5stiREI_130_1.mp4,fake,hififace,mandarin,22909-GrQO5stiREI,22909-GrQO5stiREI_130_1,True,False
O_6kW3Mrkm8_227_1_label_real.npz,hindi/real/O_6kW3Mrkm8_227_1.mp4,real,real,hindi,O_6kW3Mrkm8,O_6kW3Mrkm8,False,True
190_Lc0n7WuOwDs_1080p_220_3_label_fake.npz,german/memo/190_Lc0n7WuOwDs_1080p_220_3.mp4,fake,memo,german,190,190_Lc0n7WuOwDs_1080p_220_3,False,True
21896-aPDX-414xdM_0_1_label_fake.npz,mandarin/sonic/21896-aPDX-414xdM_0_1.mp4,fake,sonic,mandarin,21896-aPDX-414xdM,21896-aPDX-414xdM_0_1,True,False
TkkHKU_lLqU_86_1_label_real.npz,german/real/TkkHKU_lLqU_86_1.mp4,real,real,german,TkkHKU_lLqU,TkkHKU_lLqU,False,True
oGo0qpktVW0_1080p_82_3_25fps--66018_hlgbJ-9GE6k_audio_1_159_label_fake.npz,hindi/liveportrait/oGo0qpktVW0_1080p_82_3_25fps--66018_hlgbJ-9GE6k_audio_1_159.mp4,fake,liveportrait,hindi,oGo0qpktVW0,oGo0qpktVW0_1080p_82_3_25fps--66018_hlgbJ-9GE6k_audio_1_159,False,True
6268-mRNCLRo9JAM_31_16_label_fake.npz,russian/hififace/6268-mRNCLRo9JAM_31_16.mp4,fake,hififace,russian,6268-mRNCLRo9JAM,6268-mRNCLRo9JAM_31_16,True,False
30430_56kjnBhGy8Y_1080p_100_11_label_fake.npz,german/memo/30430_56kjnBhGy8Y_1080p_100_11.mp4,fake,memo,german,30430,30430_56kjnBhGy8Y_1080p_100_11,False,True
28959-G37VO1yeVEo_46_1_label_fake.npz,english/sonic/28959-G37VO1yeVEo_46_1.mp4,fake,sonic,english,28959-G37VO1yeVEo,28959-G37VO1yeVEo_46_1,True,False
rLrUc0SdDYY_20_3_140_label_fake.npz,arabic/sonic/rLrUc0SdDYY_20_3_140.mp4,fake,sonic,arabic,rLrUc0SdDYY,rLrUc0SdDYY_20_3_140,True,False
010_610eea60.jpg_DOpN7bVauzY_2060_3_label_fake.npz,hindi/inswapper/010_610eea60.jpg_DOpN7bVauzY_2060_3.mp4.mp4,fake,inswapper,hindi,010_610eea60.jpg,DOpN7bVauzY,False,True
063_67d7dfda.jpg_KyeC6d6MTSU_136_5_label_fake.npz,hindi/hififace/063_67d7dfda.jpg_KyeC6d6MTSU_136_5.mp4.mp4,fake,hififace,hindi,063_67d7dfda.jpg,KyeC6d6MTSU,True,True
31495-Du1SKO_ri4w_71_187_label_fake.npz,german/roop/31495-Du1SKO_ri4w_71_187.mp4,fake,roop,german,31495-Du1SKO,31495-Du1SKO_ri4w_71_187,True,True
1P9nl9tBK38_3_1_99_label_fake.npz,arabic/sonic/1P9nl9tBK38_3_1_99.mp4,fake,sonic,arabic,1P9nl9tBK38,1P9nl9tBK38_3_1_99,True,False
024_cc39b61d.jpg_E7lIbmnQqgU_52_1_label_fake.npz,german/hififace/024_cc39b61d.jpg_E7lIbmnQqgU_52_1.mp4.mp4,fake,hififace,german,024_cc39b61d.jpg,E7lIbmnQqgU,True,True
316_JFBVpNgehIg_1080p_167_6_label_fake.npz,german/memo/316_JFBVpNgehIg_1080p_167_6.mp4,fake,memo,german,316,316_JFBVpNgehIg_1080p_167_6,False,True
25124-pMgqSJP9dN8_24_2_label_fake.npz,english/roop/25124-pMgqSJP9dN8_24_2.mp4,fake,roop,english,25124-pMgqSJP9dN8,25124-pMgqSJP9dN8_24_2,True,False
26778-fmc0Pk8A0T0_144_1_label_fake.npz,english/hififace/26778-fmc0Pk8A0T0_144_1.mp4,fake,hififace,english,26778-fmc0Pk8A0T0,26778-fmc0Pk8A0T0_144_1,True,False
58_lNVlA04cudE_49_3_512x512_1_1803_withaudio_label_fake.npz,german/echomimic/58_lNVlA04cudE_49_3_512x512_1_1803_withaudio.mp4,fake,echomimic,german,58,58_lNVlA04cudE_49_3_512x512_1_1803_withaudio,False,True
27076-JJPfmH5r99k_31_1_label_fake.npz,english/sonic/27076-JJPfmH5r99k_31_1.mp4,fake,sonic,english,27076-JJPfmH5r99k,27076-JJPfmH5r99k_31_1,True,False
18396-9rjQ5sfeUTg_out_359_11_label_fake.npz,romanian/roop/18396-9rjQ5sfeUTg_out_359_11.mp4,fake,roop,romanian,18396-9rjQ5sfeUTg,18396-9rjQ5sfeUTg_out_359_11,True,False
3652-lSCTGJbObOg_287_1_label_fake.npz,russian/hififace/3652-lSCTGJbObOg_287_1.mp4,fake,hififace,russian,3652-lSCTGJbObOg,3652-lSCTGJbObOg_287_1,True,False
_v4eDWAjkag_252_3_25fps--126_p-OdFWMl0Ys_audio_2_140_label_fake.npz,hindi/liveportrait/_v4eDWAjkag_252_3_25fps--126_p-OdFWMl0Ys_audio_2_140.mp4,fake,liveportrait,hindi,,_v4eDWAjkag_252_3_25fps--126_p-OdFWMl0Ys_audio_2_140,False,True
25519-O4A-dk60Njg_94_1_label_fake.npz,spanish/roop/25519-O4A-dk60Njg_94_1.mp4,fake,roop,spanish,25519-O4A-dk60Njg,25519-O4A-dk60Njg_94_1,True,False
FGAyYl3ZICw_58_2_53_label_fake.npz,german/sonic/FGAyYl3ZICw_58_2_53.mp4,fake,sonic,german,FGAyYl3ZICw,FGAyYl3ZICw_58_2_53,True,True
kHgF6z3Paos_0_3_label_real.npz,german/real/kHgF6z3Paos_0_3.mp4,real,real,german,kHgF6z3Paos,kHgF6z3Paos,False,True
092_53648816-_57vq0PQEig_92_1_label_fake.npz,german/roop/092_53648816-_57vq0PQEig_92_1.mp4,fake,roop,german,092,092_53648816-_57vq0PQEig_92_1,True,True
18754-bOshKjz0WsQ_11_6_label_fake.npz,spanish/hififace/18754-bOshKjz0WsQ_11_6.mp4,fake,hififace,spanish,18754-bOshKjz0WsQ,18754-bOshKjz0WsQ_11_6,True,False
22615-V56A6SHbI1Q_1_1_label_fake.npz,english/roop/22615-V56A6SHbI1Q_1_1.mp4,fake,roop,english,22615-V56A6SHbI1Q,22615-V56A6SHbI1Q_1_1,True,False
067_296269c3-PqumaD82tcI_152_12_label_fake.npz,romanian/roop/067_296269c3-PqumaD82tcI_152_12.mp4,fake,roop,romanian,067,067_296269c3-PqumaD82tcI_152_12,True,False
279_dTeNSc1Sp28_audio_3_512x512_1_1026_withaudio_label_fake.npz,hindi/echomimic/279_dTeNSc1Sp28_audio_3_512x512_1_1026_withaudio.mp4,fake,echomimic,hindi,279,279_dTeNSc1Sp28_audio_3_512x512_1_1026_withaudio,False,True
20348-ADTwFvHACE4_116_2_label_fake.npz,russian/hififace/20348-ADTwFvHACE4_116_2.mp4,fake,hififace,russian,20348-ADTwFvHACE4,20348-ADTwFvHACE4_116_2,True,False
055_ba4ace00--19DTZ6_d6U_154_3_label_fake.npz,romanian/roop/055_ba4ace00--19DTZ6_d6U_154_3.mp4,fake,roop,romanian,055,055_ba4ace00--19DTZ6_d6U_154_3,True,False
17207-Lqg5fiwIQso_35_1_label_fake.npz,mandarin/hififace/17207-Lqg5fiwIQso_35_1.mp4,fake,hififace,mandarin,17207-Lqg5fiwIQso,17207-Lqg5fiwIQso_35_1,True,False
189_PHMafVnjks8_35_2_label_fake.npz,german/memo/189_PHMafVnjks8_35_2.mp4,fake,memo,german,189,189_PHMafVnjks8_35_2,False,True
39936_u-X671JqQWA_154_2_label_fake.npz,german/memo/39936_u-X671JqQWA_154_2.mp4,fake,memo,german,39936,39936_u-X671JqQWA_154_2,False,True
876-ndJhwVupwVQ_11_1_label_fake.npz,spanish/sonic/876-ndJhwVupwVQ_11_1.mp4,fake,sonic,spanish,876-ndJhwVupwVQ,876-ndJhwVupwVQ_11_1,True,False
180-e3Y_kHSRpao_69_1_label_fake.npz,german/roop/180-e3Y_kHSRpao_69_1.mp4,fake,roop,german,180-e3Y,180-e3Y_kHSRpao_69_1,True,True
071_0ebe70f4.jpg_D56tKWtAMbw_197_1_label_fake.npz,german/hififace/071_0ebe70f4.jpg_D56tKWtAMbw_197_1.mp4.mp4,fake,hififace,german,071_0ebe70f4.jpg,D56tKWtAMbw,True,True
17599-YHiV0rUyg0U_40_2_label_fake.npz,spanish/sonic/17599-YHiV0rUyg0U_40_2.mp4,fake,sonic,spanish,17599-YHiV0rUyg0U,17599-YHiV0rUyg0U_40_2,True,False
87_3744E1AMAR0_audio_2_label_fake.npz,hindi/memo/87_3744E1AMAR0_audio_2.mp4,fake,memo,hindi,87,87_3744E1AMAR0_audio_2,False,True
114_2N2yMoz-y6I_audio_1_7_label_fake.npz,hindi/sonic/114_2N2yMoz-y6I_audio_1_7.mp4,fake,sonic,hindi,114,114_2N2yMoz-y6I_audio_1_7,True,True
7431-LmGz2Hp34l0_2_2_label_fake.npz,spanish/roop/7431-LmGz2Hp34l0_2_2.mp4,fake,roop,spanish,7431-LmGz2Hp34l0,7431-LmGz2Hp34l0_2_2,True,False
114.png_NEEN8fSBuWI_290_1_label_fake.npz,german/inswapper/114.png_NEEN8fSBuWI_290_1.mp4.mp4,fake,inswapper,german,114.png,NEEN8fSBuWI,False,True
2NlEdgEI_mc_112_6_3_label_fake.npz,romanian/sonic/2NlEdgEI_mc_112_6_3.mp4,fake,sonic,romanian,2NlEdgEI,2NlEdgEI_mc_112_6_3,True,False
19912.png_LGd_iDH5tU4_5_179_label_fake.npz,hindi/hififace/19912.png_LGd_iDH5tU4_5_179.mp4.mp4,fake,hififace,hindi,19912.png,LGd_iDH5tU4,True,True
keEKlr2dG-I_59_4_25fps--114_2N2yMoz-y6I_audio_1_7_label_fake.npz,hindi/liveportrait/keEKlr2dG-I_59_4_25fps--114_2N2yMoz-y6I_audio_1_7.mp4,fake,liveportrait,hindi,keEKlr2dG-I,keEKlr2dG-I_59_4_25fps--114_2N2yMoz-y6I_audio_1_7,False,True
7AldV8ATrJc_336_1_166_label_fake.npz,german/sonic/7AldV8ATrJc_336_1_166.mp4,fake,sonic,german,7AldV8ATrJc,7AldV8ATrJc_336_1_166,True,True
13022-KFOvtqspEZk_94_1_label_fake.npz,mandarin/roop/13022-KFOvtqspEZk_94_1.mp4,fake,roop,mandarin,13022-KFOvtqspEZk,13022-KFOvtqspEZk_94_1,True,False
10300-I7bHX9Wkr0E_47_1_label_fake.npz,spanish/hififace/10300-I7bHX9Wkr0E_47_1.mp4,fake,hififace,spanish,10300-I7bHX9Wkr0E,10300-I7bHX9Wkr0E_47_1,True,False
6668-9IbpGupPrtc_47_1_label_fake.npz,spanish/roop/6668-9IbpGupPrtc_47_1.mp4,fake,roop,spanish,6668-9IbpGupPrtc,6668-9IbpGupPrtc_47_1,True,False
8-iiYu7NESU_532_3_25fps--26933_OpitcLEYak8_1080p_70_10_25fps_label_fake.npz,german/liveportrait/8-iiYu7NESU_532_3_25fps--26933_OpitcLEYak8_1080p_70_10_25fps.mp4,fake,liveportrait,german,8-iiYu7NESU,8-iiYu7NESU_532_3_25fps--26933_OpitcLEYak8_1080p_70_10_25fps,False,True
10310-0xfJy96HJqo_57_1_label_fake.npz,english/sonic/10310-0xfJy96HJqo_57_1.mp4,fake,sonic,english,10310-0xfJy96HJqo,10310-0xfJy96HJqo_57_1,True,False
50577_02xKoH4b4Cs_audio_1_161_label_fake.npz,hindi/sonic/50577_02xKoH4b4Cs_audio_1_161.mp4,fake,sonic,hindi,50577,50577_02xKoH4b4Cs_audio_1_161,True,True
25904-VvyPZwhivKQ_19_1_label_fake.npz,spanish/roop/25904-VvyPZwhivKQ_19_1.mp4,fake,roop,spanish,25904-VvyPZwhivKQ,25904-VvyPZwhivKQ_19_1,True,False
381_K3O_-Mjls_Q_1080p_101_22_512x512_1_1803_withaudio_label_fake.npz,german/echomimic/381_K3O_-Mjls_Q_1080p_101_22_512x512_1_1803_withaudio.mp4,fake,echomimic,german,381,381_K3O_-Mjls_Q_1080p_101_22_512x512_1_1803_withaudio,False,True
29653_jXf9d1xHO34_1080p_119_1_label_fake.npz,german/memo/29653_jXf9d1xHO34_1080p_119_1.mp4,fake,memo,german,29653,29653_jXf9d1xHO34_1080p_119_1,False,True
5534-TalBZ9_fmQk_1_4_label_fake.npz,mandarin/roop/5534-TalBZ9_fmQk_1_4.mp4,fake,roop,mandarin,5534-TalBZ9,5534-TalBZ9_fmQk_1_4,True,False
042_2ccd070f_1WuFbrHbnW8_94_5-batch-2025-02-06-13-00-20-141_label_fake.npz,romanian/hififace/042_2ccd070f_1WuFbrHbnW8_94_5-batch-2025-02-06-13-00-20-141.mp4,fake,hififace,romanian,042,042_2ccd070f_1WuFbrHbnW8_94_5-batch-2025-02-06-13-00-20-141,True,False
rMrG-WhVhow_598_1_12_label_fake.npz,german/sonic/rMrG-WhVhow_598_1_12.mp4,fake,sonic,german,rMrG-WhVhow,rMrG-WhVhow_598_1_12,True,True
4jEjuJX169k_590_1_25fps--394_ISRQ7djT3uw_audio_3_97_label_fake.npz,hindi/liveportrait/4jEjuJX169k_590_1_25fps--394_ISRQ7djT3uw_audio_3_97.mp4,fake,liveportrait,hindi,4jEjuJX169k,4jEjuJX169k_590_1_25fps--394_ISRQ7djT3uw_audio_3_97,False,True
3517-tt0HOe7gf7I_0_1_label_fake.npz,english/roop/3517-tt0HOe7gf7I_0_1.mp4,fake,roop,english,3517-tt0HOe7gf7I,3517-tt0HOe7gf7I_0_1,True,False
033_8bed6926-jIPtRm3pnfs_14_7_label_fake.npz,romanian/roop/033_8bed6926-jIPtRm3pnfs_14_7.mp4,fake,roop,romanian,033,033_8bed6926-jIPtRm3pnfs_14_7,True,False
OprPPstAfSg_59_9_214_label_fake.npz,romanian/sonic/OprPPstAfSg_59_9_214.mp4,fake,sonic,romanian,OprPPstAfSg,OprPPstAfSg_59_9_214,True,False
14496.png_GtBnj3Z3eO4_260_3_label_fake.npz,german/inswapper/14496.png_GtBnj3Z3eO4_260_3.mp4.mp4,fake,inswapper,german,14496.png,GtBnj3Z3eO4,False,True
041_b77c7671.jpg_SY_xV-Raq3A_1080p_92_5_label_fake.npz,german/inswapper/041_b77c7671.jpg_SY_xV-Raq3A_1080p_92_5.mp4.mp4,fake,inswapper,german,041,041_b77c7671.jpg_SY_xV-Raq3A_1080p_92_5.mp4,False,True
23676-WxdaDqICMP8_540_6_label_fake.npz,romanian/roop/23676-WxdaDqICMP8_540_6.mp4,fake,roop,romanian,23676-WxdaDqICMP8,23676-WxdaDqICMP8_540_6,True,False
18841-ndJhwVupwVQ_10_2_label_fake.npz,spanish/roop/18841-ndJhwVupwVQ_10_2.mp4,fake,roop,spanish,18841-ndJhwVupwVQ,18841-ndJhwVupwVQ_10_2,True,False
Vz-kJATn87E_1080p_125_12_25fps--198_y_H9JEbn-XU_62_1_25fps_label_fake.npz,german/liveportrait/Vz-kJATn87E_1080p_125_12_25fps--198_y_H9JEbn-XU_62_1_25fps.mp4,fake,liveportrait,german,Vz-kJATn87E,Vz-kJATn87E_1080p_125_12_25fps--198_y_H9JEbn-XU_62_1_25fps,False,True
7032-WLXiu-qp8Lw_157_1_label_fake.npz,spanish/roop/7032-WLXiu-qp8Lw_157_1.mp4,fake,roop,spanish,7032-WLXiu-qp8Lw,7032-WLXiu-qp8Lw_157_1,True,False
25962-YHiV0rUyg0U_0_1_label_fake.npz,spanish/hififace/25962-YHiV0rUyg0U_0_1.mp4,fake,hififace,spanish,25962-YHiV0rUyg0U,25962-YHiV0rUyg0U_0_1,True,False
7-4GJoAnMi6Mo_509_1_label_fake.npz,hindi/roop/7-4GJoAnMi6Mo_509_1.mp4,fake,roop,hindi,7-4GJoAnMi6Mo,7-4GJoAnMi6Mo_509_1,True,True
490_4DXBHgW9NlI_280_12-batch-2025-02-06-13-00-20-476_label_fake.npz,romanian/hififace/490_4DXBHgW9NlI_280_12-batch-2025-02-06-13-00-20-476.mp4,fake,hififace,romanian,490,490_4DXBHgW9NlI_280_12-batch-2025-02-06-13-00-20-476,True,False
038_081386a5.jpg_dFiwhwAHNMw_63_6_label_fake.npz,arabic/hififace/038_081386a5.jpg_dFiwhwAHNMw_63_6.mp4.mp4,fake,hififace,arabic,038_081386a5.jpg,dFiwhwAHNMw,True,False
15511.png_KLyiFfWtoPI_836_3_label_fake.npz,hindi/inswapper/15511.png_KLyiFfWtoPI_836_3.mp4.mp4,fake,inswapper,hindi,15511.png,KLyiFfWtoPI,False,True
GtBnj3Z3eO4_139_2_25fps--30017_msbqwoV6PHM_1080p_7_2_25fps_label_fake.npz,german/liveportrait/GtBnj3Z3eO4_139_2_25fps--30017_msbqwoV6PHM_1080p_7_2_25fps.mp4,fake,liveportrait,german,GtBnj3Z3eO4,GtBnj3Z3eO4_139_2_25fps--30017_msbqwoV6PHM_1080p_7_2_25fps,False,True
1289-qjGmzBp2fFk_53_1_label_fake.npz,english/hififace/1289-qjGmzBp2fFk_53_1.mp4,fake,hififace,english,1289-qjGmzBp2fFk,1289-qjGmzBp2fFk_53_1,True,False
21478.png_bpyUlL59qEw_80_1_label_fake.npz,hindi/hififace/21478.png_bpyUlL59qEw_80_1.mp4.mp4,fake,hififace,hindi,21478.png,bpyUlL59qEw,True,True
6668-wnwjcJfC-1U_72_1_label_fake.npz,spanish/roop/6668-wnwjcJfC-1U_72_1.mp4,fake,roop,spanish,6668-wnwjcJfC-1U,6668-wnwjcJfC-1U_72_1,True,False
2781-lSCTGJbObOg_109_1_label_fake.npz,russian/hififace/2781-lSCTGJbObOg_109_1.mp4,fake,hififace,russian,2781-lSCTGJbObOg,2781-lSCTGJbObOg_109_1,True,False
062_99dd69cb-VifDzyPgBNg_210_9_label_fake.npz,romanian/roop/062_99dd69cb-VifDzyPgBNg_210_9.mp4,fake,roop,romanian,062,062_99dd69cb-VifDzyPgBNg_210_9,True,False
4090-UWnFJdu3BOA_49_2_label_fake.npz,mandarin/hififace/4090-UWnFJdu3BOA_49_2.mp4,fake,hififace,mandarin,4090-UWnFJdu3BOA,4090-UWnFJdu3BOA_49_2,True,False
010_08c44431-kHgF6z3Paos_457_1_label_fake.npz,german/roop/010_08c44431-kHgF6z3Paos_457_1.mp4,fake,roop,german,010,010_08c44431-kHgF6z3Paos_457_1,True,True
055_fbbcb3c7-dTeNSc1Sp28_202_1_label_fake.npz,hindi/roop/055_fbbcb3c7-dTeNSc1Sp28_202_1.mp4,fake,roop,hindi,055,055_fbbcb3c7-dTeNSc1Sp28_202_1,True,True
27595-awYvLQ53n3M_85_3_label_fake.npz,russian/hififace/27595-awYvLQ53n3M_85_3.mp4,fake,hififace,russian,27595-awYvLQ53n3M,27595-awYvLQ53n3M_85_3,True,False
vD3nsZApevw_199_1_25fps--16554_Du1SKO_ri4w_55_45_25fps_label_fake.npz,german/liveportrait/vD3nsZApevw_199_1_25fps--16554_Du1SKO_ri4w_55_45_25fps.mp4,fake,liveportrait,german,vD3nsZApevw,vD3nsZApevw_199_1_25fps--16554_Du1SKO_ri4w_55_45_25fps,False,True
34532.png_13ReaYK2Pt4_4_4_label_fake.npz,arabic/hififace/34532.png_13ReaYK2Pt4_4_4.mp4.mp4,fake,hififace,arabic,34532.png,13ReaYK2Pt4,True,False
03657_CvC5eWCRYi4_audio_short_198_label_fake.npz,hindi/sonic/03657_CvC5eWCRYi4_audio_short_198.mp4,fake,sonic,hindi,03657,03657_CvC5eWCRYi4_audio_short_198,True,True
020_b12140b8-TAg_vPRplr8_1135_5_label_fake.npz,romanian/roop/020_b12140b8-TAg_vPRplr8_1135_5.mp4,fake,roop,romanian,020,020_b12140b8-TAg_vPRplr8_1135_5,True,False
6704-ZWWpghA1SJc_0_1_label_fake.npz,mandarin/hififace/6704-ZWWpghA1SJc_0_1.mp4,fake,hififace,mandarin,6704-ZWWpghA1SJc,6704-ZWWpghA1SJc_0_1,True,False
004_29776ffe-7AldV8ATrJc_313_1_label_fake.npz,german/roop/004_29776ffe-7AldV8ATrJc_313_1.mp4,fake,roop,german,004,004_29776ffe-7AldV8ATrJc_313_1,True,True
092_aebdc10e-27g6HX_U3ns_4_1_label_fake.npz,arabic/roop/092_aebdc10e-27g6HX_U3ns_4_1.mp4,fake,roop,arabic,092,092_aebdc10e-27g6HX_U3ns_4_1,True,False
5436-zv3uM90m5Rg_34_1_label_fake.npz,spanish/roop/5436-zv3uM90m5Rg_34_1.mp4,fake,roop,spanish,5436-zv3uM90m5Rg,5436-zv3uM90m5Rg_34_1,True,False
146.png_7oLtKHmwyRw_827_1_label_fake.npz,hindi/inswapper/146.png_7oLtKHmwyRw_827_1.mp4.mp4,fake,inswapper,hindi,146.png,7oLtKHmwyRw,False,True
25497-btWyxQbkYAs_101_1_label_fake.npz,mandarin/hififace/25497-btWyxQbkYAs_101_1.mp4,fake,hififace,mandarin,25497-btWyxQbkYAs,25497-btWyxQbkYAs_101_1,True,False
29554-LPW5Zx3ntZo_29_1_label_fake.npz,english/roop/29554-LPW5Zx3ntZo_29_1.mp4,fake,roop,english,29554-LPW5Zx3ntZo,29554-LPW5Zx3ntZo_29_1,True,False
21366-alnYtPmX8hE_0_1_label_fake.npz,mandarin/roop/21366-alnYtPmX8hE_0_1.mp4,fake,roop,mandarin,21366-alnYtPmX8hE,21366-alnYtPmX8hE_0_1,True,False
011_c2d9c2a1-C4hNyd9eJy4_0_47_label_fake.npz,arabic/roop/011_c2d9c2a1-C4hNyd9eJy4_0_47.mp4,fake,roop,arabic,011,011_c2d9c2a1-C4hNyd9eJy4_0_47,True,False
PXdPmUJN6k0_70_2_96_label_fake.npz,arabic/sonic/PXdPmUJN6k0_70_2_96.mp4,fake,sonic,arabic,PXdPmUJN6k0,PXdPmUJN6k0_70_2_96,True,False
12566-BJr-6o-eYLc_50_1_label_fake.npz,spanish/sonic/12566-BJr-6o-eYLc_50_1.mp4,fake,sonic,spanish,12566-BJr-6o-eYLc,12566-BJr-6o-eYLc_50_1,True,False
_Er-wOsgxWQ_3_3_label_real.npz,hindi/real/_Er-wOsgxWQ_3_3.mp4,real,real,hindi,_Er-wOsgxWQ,_Er-wOsgxWQ,False,True
jXf9d1xHO34_1080p_119_7_25fps--42883_30CXCDECyG4_1080p_91_13_25fps_label_fake.npz,german/liveportrait/jXf9d1xHO34_1080p_119_7_25fps--42883_30CXCDECyG4_1080p_91_13_25fps.mp4,fake,liveportrait,german,jXf9d1xHO34,jXf9d1xHO34_1080p_119_7_25fps--42883_30CXCDECyG4_1080p_91_13_25fps,False,True
13208-I5oeY5O5oJI_53_2_label_fake.npz,english/sonic/13208-I5oeY5O5oJI_53_2.mp4,fake,sonic,english,13208-I5oeY5O5oJI,13208-I5oeY5O5oJI_53_2,True,False
21099-bM1LXa68oxc_125_1_label_fake.npz,english/roop/21099-bM1LXa68oxc_125_1.mp4,fake,roop,english,21099-bM1LXa68oxc,21099-bM1LXa68oxc_125_1,True,False
054_5a9566eb.jpg_ha96Xj9FAT0_344_31_label_fake.npz,hindi/inswapper/054_5a9566eb.jpg_ha96Xj9FAT0_344_31.mp4.mp4,fake,inswapper,hindi,054_5a9566eb.jpg,ha96Xj9FAT0,False,True
45784.png_gEpZTuQhcuA_44_1_label_fake.npz,hindi/inswapper/45784.png_gEpZTuQhcuA_44_1.mp4.mp4,fake,inswapper,hindi,45784.png,gEpZTuQhcuA,False,True
004_6aede3d3.jpg_ldI1peHBLa0_57_5_label_fake.npz,hindi/hififace/004_6aede3d3.jpg_ldI1peHBLa0_57_5.mp4.mp4,fake,hififace,hindi,004_6aede3d3.jpg,ldI1peHBLa0,True,True
488_8DtgmPl6mjY_audio_3_177_label_fake.npz,hindi/sonic/488_8DtgmPl6mjY_audio_3_177.mp4,fake,sonic,hindi,488,488_8DtgmPl6mjY_audio_3_177,True,True
De5FGogMWzQ_15_1_label_real.npz,german/real/De5FGogMWzQ_15_1.mp4,real,real,german,De5FGogMWzQ,De5FGogMWzQ,False,True
Du1SKO_ri4w_85_234_224_label_fake.npz,german/sonic/Du1SKO_ri4w_85_234_224.mp4,fake,sonic,german,Du1SKO,Du1SKO_ri4w_85_234_224,True,True
398_KLyiFfWtoPI_audio_3_512x512_1_1026_withaudio_label_fake.npz,hindi/echomimic/398_KLyiFfWtoPI_audio_3_512x512_1_1026_withaudio.mp4,fake,echomimic,hindi,398,398_KLyiFfWtoPI_audio_3_512x512_1_1026_withaudio,False,True
22337-EODY_p1TQr8_97_2_label_fake.npz,mandarin/roop/22337-EODY_p1TQr8_97_2.mp4,fake,roop,mandarin,22337-EODY,22337-EODY_p1TQr8_97_2,True,False
28712-IDnknJIymfg_26_2_label_fake.npz,spanish/hififace/28712-IDnknJIymfg_26_2.mp4,fake,hififace,spanish,28712-IDnknJIymfg,28712-IDnknJIymfg_26_2,True,False
20426-0xfJy96HJqo_47_2_label_fake.npz,english/sonic/20426-0xfJy96HJqo_47_2.mp4,fake,sonic,english,20426-0xfJy96HJqo,20426-0xfJy96HJqo_47_2,True,False
94_EK1LL1rvK38_audio_short_2_label_fake.npz,hindi/sonic/94_EK1LL1rvK38_audio_short_2.mp4,fake,sonic,hindi,94,94_EK1LL1rvK38_audio_short_2,True,True
399_kHgF6z3Paos_906_1_label_fake.npz,german/memo/399_kHgF6z3Paos_906_1.mp4,fake,memo,german,399,399_kHgF6z3Paos_906_1,False,True
16074-6QjWo7-Mn3o_34_2_label_fake.npz,mandarin/hififace/16074-6QjWo7-Mn3o_34_2.mp4,fake,hififace,mandarin,16074-6QjWo7-Mn3o,16074-6QjWo7-Mn3o_34_2,True,False
12105-ADTwFvHACE4_31_1_label_fake.npz,russian/sonic/12105-ADTwFvHACE4_31_1.mp4,fake,sonic,russian,12105-ADTwFvHACE4,12105-ADTwFvHACE4_31_1,True,False
4697-Lv39BhZJ2mg_1_10_label_fake.npz,russian/hififace/4697-Lv39BhZJ2mg_1_10.mp4,fake,hififace,russian,4697-Lv39BhZJ2mg,4697-Lv39BhZJ2mg_1_10,True,False
481_O_6kW3Mrkm8_audio_2_label_fake.npz,hindi/memo/481_O_6kW3Mrkm8_audio_2.mp4,fake,memo,hindi,481,481_O_6kW3Mrkm8_audio_2,False,True
20691-2gOvQIMWbCY_5_1_label_fake.npz,english/roop/20691-2gOvQIMWbCY_5_1.mp4,fake,roop,english,20691-2gOvQIMWbCY,20691-2gOvQIMWbCY_5_1,True,False
8455-IIT29JDuMXs_59_2_label_fake.npz,english/hififace/8455-IIT29JDuMXs_59_2.mp4,fake,hififace,english,8455-IIT29JDuMXs,8455-IIT29JDuMXs_59_2,True,False
473_NEEN8fSBuWI_444_1_512x512_1_1803_withaudio_label_fake.npz,german/echomimic/473_NEEN8fSBuWI_444_1_512x512_1_1803_withaudio.mp4,fake,echomimic,german,473,473_NEEN8fSBuWI_444_1_512x512_1_1803_withaudio,False,True
040_e534b74f-GtBnj3Z3eO4_104_1_label_fake.npz,german/roop/040_e534b74f-GtBnj3Z3eO4_104_1.mp4,fake,roop,german,040,040_e534b74f-GtBnj3Z3eO4_104_1,True,True
56287_4RSM7dOkM3k_audio_3_53_label_fake.npz,hindi/sonic/56287_4RSM7dOkM3k_audio_3_53.mp4,fake,sonic,hindi,56287,56287_4RSM7dOkM3k_audio_3_53,True,True
160-GA2Z7m_-WHI_119_1_label_fake.npz,romanian/roop/160-GA2Z7m_-WHI_119_1.mp4,fake,roop,romanian,160-GA2Z7m,160-GA2Z7m_-WHI_119_1,True,False
06432.png_5oEJ6HpCC1c_68_1_label_fake.npz,hindi/inswapper/06432.png_5oEJ6HpCC1c_68_1.mp4.mp4,fake,inswapper,hindi,06432.png,5oEJ6HpCC1c,False,True
19632-852WCRqSgFA_0_1_label_fake.npz,mandarin/roop/19632-852WCRqSgFA_0_1.mp4,fake,roop,mandarin,19632-852WCRqSgFA,19632-852WCRqSgFA_0_1,True,False
25497-NduDs59WZqU_0_1_label_fake.npz,russian/hififace/25497-NduDs59WZqU_0_1.mp4,fake,hififace,russian,25497-NduDs59WZqU,25497-NduDs59WZqU_0_1,True,False
KyeC6d6MTSU_216_1_label_real.npz,hindi/real/KyeC6d6MTSU_216_1.mp4,real,real,hindi,KyeC6d6MTSU,KyeC6d6MTSU,False,True
208_eTCqkkzlyjs_audio_3_512x512_1_1026_withaudio_label_fake.npz,hindi/echomimic/208_eTCqkkzlyjs_audio_3_512x512_1_1026_withaudio.mp4,fake,echomimic,hindi,208,208_eTCqkkzlyjs_audio_3_512x512_1_1026_withaudio,False,True
25099-BhwnAYvzhm4_50_1_label_fake.npz,spanish/sonic/25099-BhwnAYvzhm4_50_1.mp4,fake,sonic,spanish,25099-BhwnAYvzhm4,25099-BhwnAYvzhm4_50_1,True,False
15750-V56A6SHbI1Q_49_2_label_fake.npz,english/roop/15750-V56A6SHbI1Q_49_2.mp4,fake,roop,english,15750-V56A6SHbI1Q,15750-V56A6SHbI1Q_49_2,True,False
226.png_O_6kW3Mrkm8_237_7_label_fake.npz,hindi/inswapper/226.png_O_6kW3Mrkm8_237_7.mp4.mp4,fake,inswapper,hindi,226.png,O_6kW3Mrkm8,False,True
28199-awYvLQ53n3M_61_3_label_fake.npz,russian/hififace/28199-awYvLQ53n3M_61_3.mp4,fake,hififace,russian,28199-awYvLQ53n3M,28199-awYvLQ53n3M_61_3,True,False
105_0e19a5e1-j-SnQH4ewHU_81_9_label_fake.npz,arabic/roop/105_0e19a5e1-j-SnQH4ewHU_81_9.mp4,fake,roop,arabic,105,105_0e19a5e1-j-SnQH4ewHU_81_9,True,False
10-lqKZS1uYfro_110_7_label_fake.npz,arabic/roop/10-lqKZS1uYfro_110_7.mp4,fake,roop,arabic,10-lqKZS1uYfro,10-lqKZS1uYfro_110_7,True,False
32782.png_B4LwKKKbAuI_4_2_label_fake.npz,arabic/hififace/32782.png_B4LwKKKbAuI_4_2.mp4.mp4,fake,hififace,arabic,32782.png,B4LwKKKbAuI,True,False
wdNhtZOGxBw_229_1_94_label_fake.npz,german/sonic/wdNhtZOGxBw_229_1_94.mp4,fake,sonic,german,wdNhtZOGxBw,wdNhtZOGxBw_229_1_94,True,True
38930.png_KLyiFfWtoPI_381_9_label_fake.npz,hindi/inswapper/38930.png_KLyiFfWtoPI_381_9.mp4.mp4,fake,inswapper,hindi,38930.png,KLyiFfWtoPI,False,True
16211-pzdnuEa8a20_1_2_label_fake.npz,mandarin/hififace/16211-pzdnuEa8a20_1_2.mp4,fake,hififace,mandarin,16211-pzdnuEa8a20,16211-pzdnuEa8a20_1_2,True,False
_OpXjs-PM8M_2_84_128_label_fake.npz,romanian/sonic/_OpXjs-PM8M_2_84_128.mp4,fake,sonic,romanian,,_OpXjs-PM8M_2_84_128,True,False
15953.png_-mMaHBtQ-DU_60_1_label_fake.npz,hindi/inswapper/15953.png_-mMaHBtQ-DU_60_1.mp4.mp4,fake,inswapper,hindi,15953.png,-mMaHBtQ-DU,False,True
321_XJmuXrN2cQA_167_6_512x512_1_0112_withaudio_label_fake.npz,romanian/echomimic/321_XJmuXrN2cQA_167_6_512x512_1_0112_withaudio.mp4,fake,echomimic,romanian,321,321_XJmuXrN2cQA_167_6_512x512_1_0112_withaudio,False,False
EzSdf3VK9qc_3_1--13208-LmGz2Hp34l0_11_1_label_fake.npz,spanish/liveportrait/EzSdf3VK9qc_3_1--13208-LmGz2Hp34l0_11_1.mp4,fake,liveportrait,spanish,EzSdf3VK9qc,EzSdf3VK9qc_3_1--13208-LmGz2Hp34l0_11_1,False,False
1_fZNe3xAY9Zw_1080p_55_1_512x512_1_1803_withaudio_label_fake.npz,german/echomimic/1_fZNe3xAY9Zw_1080p_55_1_512x512_1_1803_withaudio.mp4,fake,echomimic,german,1,1_fZNe3xAY9Zw_1080p_55_1_512x512_1_1803_withaudio,False,True
vNgfHfdSke0_31_1_label_real.npz,arabic/real/vNgfHfdSke0_31_1.mp4,real,real,arabic,vNgfHfdSke0,vNgfHfdSke0,False,False
25983-AbpNlshqtJc_155_1_label_fake.npz,english/hififace/25983-AbpNlshqtJc_155_1.mp4,fake,hififace,english,25983-AbpNlshqtJc,25983-AbpNlshqtJc_155_1,True,False
jV2pjBg0srU_1273_2_label_real.npz,romanian/real/jV2pjBg0srU_1273_2.mp4,real,real,romanian,jV2pjBg0srU,jV2pjBg0srU,False,False
CeUoS2T2hhc_4_1--602-TXf3uH5YqM4_0_4_label_fake.npz,spanish/liveportrait/CeUoS2T2hhc_4_1--602-TXf3uH5YqM4_0_4.mp4,fake,liveportrait,spanish,CeUoS2T2hhc,CeUoS2T2hhc_4_1--602-TXf3uH5YqM4_0_4,False,False
aEM1s9Saa-g_91_1_25fps--61361__T2oSi7iMrY_audio_1_223_label_fake.npz,hindi/liveportrait/aEM1s9Saa-g_91_1_25fps--61361__T2oSi7iMrY_audio_1_223.mp4,fake,liveportrait,hindi,aEM1s9Saa-g,aEM1s9Saa-g_91_1_25fps--61361__T2oSi7iMrY_audio_1_223,False,True
5z_krRwSyt8_12_1_label_real.npz,english/real/5z_krRwSyt8_12_1.mp4,real,real,english,5z_krRwSyt8,5z_krRwSyt8,False,False
16160-Az7KlMuorpM_115_1_label_fake.npz,spanish/roop/16160-Az7KlMuorpM_115_1.mp4,fake,roop,spanish,16160-Az7KlMuorpM,16160-Az7KlMuorpM_115_1,True,False
trimmed_KKeGv-ny-kY_719_1--bcOtGw3A74c_221_4_W8ndzcz359Q_39_5_25fps_25fps_label_fake.npz,romanian/liveportrait/trimmed_KKeGv-ny-kY_719_1--bcOtGw3A74c_221_4_W8ndzcz359Q_39_5_25fps_25fps.mp4,fake,liveportrait,romanian,trimmed,trimmed_KKeGv-ny-kY_719_1--bcOtGw3A74c_221_4_W8ndzcz359Q_39_5_25fps_25fps,False,False
12700-6w9ikJPzTOA_85_1_label_fake.npz,spanish/inswapper/12700-6w9ikJPzTOA_85_1.mp4,fake,inswapper,spanish,12700-6w9ikJPzTOA,12700-6w9ikJPzTOA_85_1,False,False
wdNhtZOGxBw_38_1_728_label_fake.npz,german/sonic/wdNhtZOGxBw_38_1_728.mp4,fake,sonic,german,wdNhtZOGxBw,wdNhtZOGxBw_38_1_728,True,True
014_9742cf0f_oTElQFuLr7o_0_13_label_fake.npz,romanian/memo/014_9742cf0f_oTElQFuLr7o_0_13.mp4,fake,memo,romanian,014,014_9742cf0f_oTElQFuLr7o_0_13,False,False
28732.png_7ua-Uet5y28_332_1_label_fake.npz,hindi/inswapper/28732.png_7ua-Uet5y28_332_1.mp4.mp4,fake,inswapper,hindi,28732.png,7ua-Uet5y28,False,True
009_49237aa0.jpg_KyeC6d6MTSU_240_3_label_fake.npz,hindi/hififace/009_49237aa0.jpg_KyeC6d6MTSU_240_3.mp4.mp4,fake,hififace,hindi,009_49237aa0.jpg,KyeC6d6MTSU,True,True
8378-alnYtPmX8hE_4_6_label_fake.npz,mandarin/inswapper/8378-alnYtPmX8hE_4_6.mp4,fake,inswapper,mandarin,8378-alnYtPmX8hE,8378-alnYtPmX8hE_4_6,False,False
1POFF5RQjyM_121_1_label_real.npz,arabic/real/1POFF5RQjyM_121_1.mp4,real,real,arabic,1POFF5RQjyM,1POFF5RQjyM,False,False
24808-30a4OlkenNU_72_1_label_fake.npz,english/inswapper/24808-30a4OlkenNU_72_1.mp4,fake,inswapper,english,24808-30a4OlkenNU,24808-30a4OlkenNU_72_1,False,False
PgfPJgJz7Pg_81_1_label_real.npz,arabic/real/PgfPJgJz7Pg_81_1.mp4,real,real,arabic,PgfPJgJz7Pg,PgfPJgJz7Pg,False,False
47492_VGCRcRs-jkE_0_1_label_fake.npz,arabic/memo/47492_VGCRcRs-jkE_0_1.mp4,fake,memo,arabic,47492,47492_VGCRcRs-jkE_0_1,False,False
286.png_rwnnXFpqN5I_177_1_label_fake.npz,german/hififace/286.png_rwnnXFpqN5I_177_1.mp4.mp4,fake,hififace,german,286.png,rwnnXFpqN5I,True,True
sgFq4ty8wSI_49_1--27952-ADTwFvHACE4_7_2_label_fake.npz,russian/liveportrait/sgFq4ty8wSI_49_1--27952-ADTwFvHACE4_7_2.mp4,fake,liveportrait,russian,sgFq4ty8wSI,sgFq4ty8wSI_49_1--27952-ADTwFvHACE4_7_2,False,False
48722.png_TkkHKU_lLqU_134_1_label_fake.npz,german/inswapper/48722.png_TkkHKU_lLqU_134_1.mp4.mp4,fake,inswapper,german,48722.png,TkkHKU_lLqU,False,True
19365_pNogULi28gs_84_2_audio_short_512x512_1_1655_withaudio_label_fake.npz,russian/echomimic/19365_pNogULi28gs_84_2_audio_short_512x512_1_1655_withaudio.mp4,fake,echomimic,russian,19365,19365_pNogULi28gs_84_2_audio_short_512x512_1_1655_withaudio,False,False
lmBYMs2ysnY_22_3--19493-NSWcdPWXZQI_106_1_label_fake.npz,spanish/liveportrait/lmBYMs2ysnY_22_3--19493-NSWcdPWXZQI_106_1.mp4,fake,liveportrait,spanish,lmBYMs2ysnY,lmBYMs2ysnY_22_3--19493-NSWcdPWXZQI_106_1,False,False
045_d074e61c.jpg_fsxz7T3qTCg_35_1_label_fake.npz,hindi/inswapper/045_d074e61c.jpg_fsxz7T3qTCg_35_1.mp4.mp4,fake,inswapper,hindi,045_d074e61c.jpg,fsxz7T3qTCg,False,True
059_1027f3c2-ldI1peHBLa0_26_1_label_fake.npz,hindi/roop/059_1027f3c2-ldI1peHBLa0_26_1.mp4,fake,roop,hindi,059,059_1027f3c2-ldI1peHBLa0_26_1,True,True
CeUoS2T2hhc_95_2_label_real.npz,english/real/CeUoS2T2hhc_95_2.mp4,real,real,english,CeUoS2T2hhc,CeUoS2T2hhc,False,False
143.png_zr6OpxBh5DA_349_2_label_fake.npz,hindi/hififace/143.png_zr6OpxBh5DA_349_2.mp4.mp4,fake,hififace,hindi,143.png,zr6OpxBh5DA,True,True
72_lXXCH-gBGzI_104_78_label_fake.npz,german/memo/72_lXXCH-gBGzI_104_78.mp4,fake,memo,german,72,72_lXXCH-gBGzI_104_78,False,True
25904-PnBMdJ5KeHk_18_2_label_fake.npz,english/inswapper/25904-PnBMdJ5KeHk_18_2.mp4,fake,inswapper,english,25904-PnBMdJ5KeHk,25904-PnBMdJ5KeHk_18_2,False,False
11_rwnnXFpqN5I_188_1_label_fake.npz,german/memo/11_rwnnXFpqN5I_188_1.mp4,fake,memo,german,11,11_rwnnXFpqN5I_188_1,False,True
52887.png_aCWTsma-Cng_22_1_label_fake.npz,arabic/inswapper/52887.png_aCWTsma-Cng_22_1.mp4.mp4,fake,inswapper,arabic,52887.png,aCWTsma-Cng,False,False
iEd6mSVWLr4_510_4_label_real.npz,romanian/real/iEd6mSVWLr4_510_4.mp4,real,real,romanian,iEd6mSVWLr4,iEd6mSVWLr4,False,False
19871-dIYmzf21d1g_53_3_label_fake.npz,english/roop/19871-dIYmzf21d1g_53_3.mp4,fake,roop,english,19871-dIYmzf21d1g,19871-dIYmzf21d1g_53_3,True,False
22714-9rjQ5sfeUTg_out_107_4_label_fake.npz,romanian/roop/22714-9rjQ5sfeUTg_out_107_4.mp4,fake,roop,romanian,22714-9rjQ5sfeUTg,22714-9rjQ5sfeUTg_out_107_4,True,False
v9f6twy70iM_2_6--6228-lSCTGJbObOg_109_2_label_fake.npz,russian/liveportrait/v9f6twy70iM_2_6--6228-lSCTGJbObOg_109_2.mp4,fake,liveportrait,russian,v9f6twy70iM,v9f6twy70iM_2_6--6228-lSCTGJbObOg_109_2,False,False
27003-xZT8cNQCq2s_111_1_label_fake.npz,english/inswapper/27003-xZT8cNQCq2s_111_1.mp4,fake,inswapper,english,27003-xZT8cNQCq2s,27003-xZT8cNQCq2s_111_1,False,False
19767-2WGnDrVPG8A_158_3_label_fake.npz,spanish/inswapper/19767-2WGnDrVPG8A_158_3.mp4,fake,inswapper,spanish,19767-2WGnDrVPG8A,19767-2WGnDrVPG8A_158_3,False,False
YP-iH-7WRLI_472_1--9685-0xfJy96HJqo_19_1_label_fake.npz,english/liveportrait/YP-iH-7WRLI_472_1--9685-0xfJy96HJqo_19_1.mp4,fake,liveportrait,english,YP-iH-7WRLI,YP-iH-7WRLI_472_1--9685-0xfJy96HJqo_19_1,False,False
5346-Ft9uf9w3QVA_42_2_label_fake.npz,spanish/inswapper/5346-Ft9uf9w3QVA_42_2.mp4,fake,inswapper,spanish,5346-Ft9uf9w3QVA,5346-Ft9uf9w3QVA_42_2,False,False
ISBxZXSDgWE_85_2_label_real.npz,spanish/real/ISBxZXSDgWE_85_2.mp4,real,real,spanish,ISBxZXSDgWE,ISBxZXSDgWE,False,False
-qs_Rh-rAbI_1_1_label_real.npz,arabic/real/-qs_Rh-rAbI_1_1.mp4,real,real,arabic,-qs_Rh-rAbI,-qs_Rh-rAbI,False,False
23078_2ECheTEbkhQ_23_6_label_fake.npz,spanish/memo/23078_2ECheTEbkhQ_23_6.mp4,fake,memo,spanish,23078,23078_2ECheTEbkhQ_23_6,False,False
24741-Lqg5fiwIQso_16_3_label_fake.npz,mandarin/inswapper/24741-Lqg5fiwIQso_16_3.mp4,fake,inswapper,mandarin,24741-Lqg5fiwIQso,24741-Lqg5fiwIQso_16_3,False,False
347_SzhK7Q-pY0U_1_104_label_fake.npz,arabic/memo/347_SzhK7Q-pY0U_1_104.mp4,fake,memo,arabic,347,347_SzhK7Q-pY0U_1_104,False,False
12702-awNrju1X3zc_21_1_label_fake.npz,mandarin/inswapper/12702-awNrju1X3zc_21_1.mp4,fake,inswapper,mandarin,12702-awNrju1X3zc,12702-awNrju1X3zc_21_1,False,False
19840-A-BRu8z7ztk_0_1_label_fake.npz,mandarin/roop/19840-A-BRu8z7ztk_0_1.mp4,fake,roop,mandarin,19840-A-BRu8z7ztk,19840-A-BRu8z7ztk_0_1,True,False
nBVWOmPTk-4_86_1--nBVWOmPTk-4_97_1_416_label_fake.npz,arabic/liveportrait/nBVWOmPTk-4_86_1--nBVWOmPTk-4_97_1_416.mp4,fake,liveportrait,arabic,nBVWOmPTk-4,nBVWOmPTk-4_86_1--nBVWOmPTk-4_97_1_416,False,False
0-WxdaDqICMP8_542_6_label_fake.npz,romanian/roop/0-WxdaDqICMP8_542_6.mp4,fake,roop,romanian,0-WxdaDqICMP8,0-WxdaDqICMP8_542_6,True,False
55788_Fjkw9vYDukg_59_1_audio_short_512x512_1_1655_withaudio_label_fake.npz,russian/echomimic/55788_Fjkw9vYDukg_59_1_audio_short_512x512_1_1655_withaudio.mp4,fake,echomimic,russian,55788,55788_Fjkw9vYDukg_59_1_audio_short_512x512_1_1655_withaudio,False,False
12697_NSWcdPWXZQI_74_1_label_fake.npz,spanish/memo/12697_NSWcdPWXZQI_74_1.mp4,fake,memo,spanish,12697,12697_NSWcdPWXZQI_74_1,False,False
490_1WuFbrHbnW8_94_5-batch-2025-02-05-13-35-36-37_label_fake.npz,romanian/inswapper/490_1WuFbrHbnW8_94_5-batch-2025-02-05-13-35-36-37.mp4,fake,inswapper,romanian,490,490_1WuFbrHbnW8_94_5-batch-2025-02-05-13-35-36-37,False,False
025_61e2c5e5-SzhK7Q-pY0U_0_2_label_fake.npz,arabic/roop/025_61e2c5e5-SzhK7Q-pY0U_0_2.mp4,fake,roop,arabic,025,025_61e2c5e5-SzhK7Q-pY0U_0_2,True,False
_-nNx99qK4A_0_2_label_real.npz,spanish/real/_-nNx99qK4A_0_2.mp4,real,real,spanish,_-nNx99qK4A,_-nNx99qK4A,False,False
P7slA-LkA3s_64_1--18577-awNrju1X3zc_10_1_label_fake.npz,mandarin/liveportrait/P7slA-LkA3s_64_1--18577-awNrju1X3zc_10_1.mp4,fake,liveportrait,mandarin,P7slA-LkA3s,P7slA-LkA3s_64_1--18577-awNrju1X3zc_10_1,False,False
eWj2-6q2ybk_248_1_label_real.npz,arabic/real/eWj2-6q2ybk_248_1.mp4,real,real,arabic,eWj2-6q2ybk,eWj2-6q2ybk,False,False
IK5BZdnqMDU_564_4_label_real.npz,german/real/IK5BZdnqMDU_564_4.mp4,real,real,german,IK5BZdnqMDU,IK5BZdnqMDU,False,True
14837-XTlDS7ju_28_34_1_label_fake.npz,english/inswapper/14837-XTlDS7ju_28_34_1.mp4,fake,inswapper,english,14837-XTlDS7ju,14837-XTlDS7ju_28_34_1,False,False
26349-D1m1SQIdMkk_33_1_label_fake.npz,english/inswapper/26349-D1m1SQIdMkk_33_1.mp4,fake,inswapper,english,26349-D1m1SQIdMkk,26349-D1m1SQIdMkk_33_1,False,False
SFpCQRZOxVE_43_2_label_real.npz,english/real/SFpCQRZOxVE_43_2.mp4,real,real,english,SFpCQRZOxVE,SFpCQRZOxVE,False,False
ldI1peHBLa0_175_12_label_real.npz,hindi/real/ldI1peHBLa0_175_12.mp4,real,real,hindi,ldI1peHBLa0,ldI1peHBLa0,False,True
16282-qjGmzBp2fFk_13_1_label_fake.npz,english/hififace/16282-qjGmzBp2fFk_13_1.mp4,fake,hififace,english,16282-qjGmzBp2fFk,16282-qjGmzBp2fFk_13_1,True,False
Hnjr7o-HNx8_112_4--5626-53GIoeOAam4_6_2_label_fake.npz,russian/liveportrait/Hnjr7o-HNx8_112_4--5626-53GIoeOAam4_6_2.mp4,fake,liveportrait,russian,Hnjr7o-HNx8,Hnjr7o-HNx8_112_4--5626-53GIoeOAam4_6_2,False,False
9DTxDmLwFb8_706_7_label_real.npz,romanian/real/9DTxDmLwFb8_706_7.mp4,real,real,romanian,9DTxDmLwFb8,9DTxDmLwFb8,False,False
184_2137d05c-mHii80xikXs_4196_1_label_fake.npz,romanian/roop/184_2137d05c-mHii80xikXs_4196_1.mp4,fake,roop,romanian,184,184_2137d05c-mHii80xikXs_4196_1,True,False
17505-MzXkiK4ROhQ_174_3_label_fake.npz,russian/inswapper/17505-MzXkiK4ROhQ_174_3.mp4,fake,inswapper,russian,17505-MzXkiK4ROhQ,17505-MzXkiK4ROhQ_174_3,False,False
29212-7ftkLTDgJzo_1_2_label_fake.npz,spanish/inswapper/29212-7ftkLTDgJzo_1_2.mp4,fake,inswapper,spanish,29212-7ftkLTDgJzo,29212-7ftkLTDgJzo_1_2,False,False
GNkwgfQFj60_37_5--TAaMKX4tbx8_5_11_142_label_fake.npz,arabic/liveportrait/GNkwgfQFj60_37_5--TAaMKX4tbx8_5_11_142.mp4,fake,liveportrait,arabic,GNkwgfQFj60,GNkwgfQFj60_37_5--TAaMKX4tbx8_5_11_142,False,False
490_LcG3blUixo0_34_1_label_fake.npz,arabic/memo/490_LcG3blUixo0_34_1.mp4,fake,memo,arabic,490,490_LcG3blUixo0_34_1,False,False
417_9X-SE-3CPw4_2745_1-batch-2025-02-04-10-00-57-140_label_fake.npz,romanian/inswapper/417_9X-SE-3CPw4_2745_1-batch-2025-02-04-10-00-57-140.mp4,fake,inswapper,romanian,417,417_9X-SE-3CPw4_2745_1-batch-2025-02-04-10-00-57-140,False,False
irlH4e-dbYc_171_1_label_real.npz,spanish/real/irlH4e-dbYc_171_1.mp4,real,real,spanish,irlH4e-dbYc,irlH4e-dbYc,False,False
4FT5RYuifwE_45_2--28165-I5oeY5O5oJI_31_13_label_fake.npz,english/liveportrait/4FT5RYuifwE_45_2--28165-I5oeY5O5oJI_31_13.mp4,fake,liveportrait,english,4FT5RYuifwE,4FT5RYuifwE_45_2--28165-I5oeY5O5oJI_31_13,False,False
3455-Lv39BhZJ2mg_1_10_label_fake.npz,russian/inswapper/3455-Lv39BhZJ2mg_1_10.mp4,fake,inswapper,russian,3455-Lv39BhZJ2mg,3455-Lv39BhZJ2mg_1_10,False,False
Ft9uf9w3QVA_56_1--7852-6IXtQx8SwBE_54_3_label_fake.npz,russian/liveportrait/Ft9uf9w3QVA_56_1--7852-6IXtQx8SwBE_54_3.mp4,fake,liveportrait,russian,Ft9uf9w3QVA,Ft9uf9w3QVA_56_1--7852-6IXtQx8SwBE_54_3,False,False
028_669aab36_VM4P9yV4rTA_214_2_label_fake.npz,romanian/memo/028_669aab36_VM4P9yV4rTA_214_2.mp4,fake,memo,romanian,028,028_669aab36_VM4P9yV4rTA_214_2,False,False
448.png_zpEUWKUUxdY_47_14_label_fake.npz,arabic/inswapper/448.png_zpEUWKUUxdY_47_14.mp4.mp4,fake,inswapper,arabic,448.png,zpEUWKUUxdY,False,False
SCWFVd_FiAU_32_1--21762-I5oeY5O5oJI_31_6_label_fake.npz,english/liveportrait/SCWFVd_FiAU_32_1--21762-I5oeY5O5oJI_31_6.mp4,fake,liveportrait,english,SCWFVd,SCWFVd_FiAU_32_1--21762-I5oeY5O5oJI_31_6,False,False
28003_d2om_PGtwWY_28_2_label_fake.npz,english/memo/28003_d2om_PGtwWY_28_2.mp4,fake,memo,english,28003,28003_d2om_PGtwWY_28_2,False,False
33539.png_dcvbo-RdeWw_2_2_label_fake.npz,arabic/inswapper/33539.png_dcvbo-RdeWw_2_2.mp4.mp4,fake,inswapper,arabic,33539.png,dcvbo-RdeWw,False,False
19354-nlrjxL_frmk_98_2_label_fake.npz,russian/inswapper/19354-nlrjxL_frmk_98_2.mp4,fake,inswapper,russian,19354-nlrjxL,19354-nlrjxL_frmk_98_2,False,False
497_78p4J0EEepU_6_2-batch-2025-02-10-11-34-42-7_label_fake.npz,romanian/inswapper/497_78p4J0EEepU_6_2-batch-2025-02-10-11-34-42-7.mp4,fake,inswapper,romanian,497,497_78p4J0EEepU_6_2-batch-2025-02-10-11-34-42-7,False,False
01305_p1bOOYSCzxs_audio_2_label_fake.npz,hindi/memo/01305_p1bOOYSCzxs_audio_2.mp4,fake,memo,hindi,01305,01305_p1bOOYSCzxs_audio_2,False,True
07937_b0Z9IpTVfUg_49_1_audio_short_512x512_1_0732_withaudio_label_fake.npz,english/echomimic/07937_b0Z9IpTVfUg_49_1_audio_short_512x512_1_0732_withaudio.mp4,fake,echomimic,english,07937,07937_b0Z9IpTVfUg_49_1_audio_short_512x512_1_0732_withaudio,False,False
PrBxDq17nfM_0_247_131_label_fake.npz,romanian/sonic/PrBxDq17nfM_0_247_131.mp4,fake,sonic,romanian,PrBxDq17nfM,PrBxDq17nfM_0_247_131,True,False
067_ff52c2fe.jpg_5oEJ6HpCC1c_3_1_label_fake.npz,hindi/inswapper/067_ff52c2fe.jpg_5oEJ6HpCC1c_3_1.mp4.mp4,fake,inswapper,hindi,067_ff52c2fe.jpg,5oEJ6HpCC1c,False,True
154_42de3f25.jpg_Ez67FTZPvkQ_1_1_label_fake.npz,arabic/inswapper/154_42de3f25.jpg_Ez67FTZPvkQ_1_1.mp4.mp4,fake,inswapper,arabic,154_42de3f25.jpg,Ez67FTZPvkQ,False,False
dMfH7JbxZdY_20_2_label_real.npz,spanish/real/dMfH7JbxZdY_20_2.mp4,real,real,spanish,dMfH7JbxZdY,dMfH7JbxZdY,False,False
23548-G37VO1yeVEo_40_1_label_fake.npz,english/sonic/23548-G37VO1yeVEo_40_1.mp4,fake,sonic,english,23548-G37VO1yeVEo,23548-G37VO1yeVEo_40_1,True,False
27043_GgCnpDg0jwc_40_1_label_fake.npz,russian/memo/27043_GgCnpDg0jwc_40_1.mp4,fake,memo,russian,27043,27043_GgCnpDg0jwc_40_1,False,False
492_DR5IQXWY_uA_73_1-batch-2025-02-05-13-35-36-47_label_fake.npz,romanian/inswapper/492_DR5IQXWY_uA_73_1-batch-2025-02-05-13-35-36-47.mp4,fake,inswapper,romanian,492,492_DR5IQXWY_uA_73_1-batch-2025-02-05-13-35-36-47,False,False
147_MATJqR93d5I_21_1_audio_short_512x512_1_0557_withaudio_label_fake.npz,mandarin/echomimic/147_MATJqR93d5I_21_1_audio_short_512x512_1_0557_withaudio.mp4,fake,echomimic,mandarin,147,147_MATJqR93d5I_21_1_audio_short_512x512_1_0557_withaudio,False,False
034_418fbbdb__OpXjs-PM8M_2_79_label_fake.npz,romanian/memo/034_418fbbdb__OpXjs-PM8M_2_79.mp4,fake,memo,romanian,034,034_418fbbdb__OpXjs-PM8M_2_79,False,False
250_KKeGv-ny-kY_719_1-batch-2025-02-04-10-00-57-174_label_fake.npz,romanian/inswapper/250_KKeGv-ny-kY_719_1-batch-2025-02-04-10-00-57-174.mp4,fake,inswapper,romanian,250,250_KKeGv-ny-kY_719_1-batch-2025-02-04-10-00-57-174,False,False
28644-O4A-dk60Njg_186_1_label_fake.npz,spanish/inswapper/28644-O4A-dk60Njg_186_1.mp4,fake,inswapper,spanish,28644-O4A-dk60Njg,28644-O4A-dk60Njg_186_1,False,False
16806-pNogULi28gs_153_1_label_fake.npz,russian/inswapper/16806-pNogULi28gs_153_1.mp4,fake,inswapper,russian,16806-pNogULi28gs,16806-pNogULi28gs_153_1,False,False
WxdaDqICMP8_707_1_label_real.npz,romanian/real/WxdaDqICMP8_707_1.mp4,real,real,romanian,WxdaDqICMP8,WxdaDqICMP8,False,False
27082-I5oeY5O5oJI_49_1_label_fake.npz,english/sonic/27082-I5oeY5O5oJI_49_1.mp4,fake,sonic,english,27082-I5oeY5O5oJI,27082-I5oeY5O5oJI_49_1,True,False
Tdgb6NvUjhk_39_4_25fps--67557_fM_gdHo5hL0_audio_2_89_label_fake.npz,hindi/liveportrait/Tdgb6NvUjhk_39_4_25fps--67557_fM_gdHo5hL0_audio_2_89.mp4,fake,liveportrait,hindi,Tdgb6NvUjhk,Tdgb6NvUjhk_39_4_25fps--67557_fM_gdHo5hL0_audio_2_89,False,True
14421_K6rSVoAakQ8_3_1_label_fake.npz,english/memo/14421_K6rSVoAakQ8_3_1.mp4,fake,memo,english,14421,14421_K6rSVoAakQ8_3_1,False,False
266_PmI4qnTpL0E_1_1_label_fake.npz,arabic/memo/266_PmI4qnTpL0E_1_1.mp4,fake,memo,arabic,266,266_PmI4qnTpL0E_1_1,False,False
138_W9C4OBc6El4_111_8_512x512_1_0112_withaudio_label_fake.npz,romanian/echomimic/138_W9C4OBc6El4_111_8_512x512_1_0112_withaudio.mp4,fake,echomimic,romanian,138,138_W9C4OBc6El4_111_8_512x512_1_0112_withaudio,False,False
375_W9C4OBc6El4_31_2_label_fake.npz,romanian/memo/375_W9C4OBc6El4_31_2.mp4,fake,memo,romanian,375,375_W9C4OBc6El4_31_2,False,False
295_C2yEID0wrvs_1_2_audio_short_512x512_1_1652_withaudio_label_fake.npz,spanish/echomimic/295_C2yEID0wrvs_1_2_audio_short_512x512_1_1652_withaudio.mp4,fake,echomimic,spanish,295,295_C2yEID0wrvs_1_2_audio_short_512x512_1_1652_withaudio,False,False
458-HyGk0mScA-Q_317_1_label_fake.npz,german/roop/458-HyGk0mScA-Q_317_1.mp4,fake,roop,german,458-HyGk0mScA-Q,458-HyGk0mScA-Q_317_1,True,True
120_8wx4wssZgfo_50_1_512x512_1_0112_withaudio_label_fake.npz,romanian/echomimic/120_8wx4wssZgfo_50_1_512x512_1_0112_withaudio.mp4,fake,echomimic,romanian,120,120_8wx4wssZgfo_50_1_512x512_1_0112_withaudio,False,False
050_7c5b026c.jpg_AS9R2A7bKc0_16_1_label_fake.npz,arabic/hififace/050_7c5b026c.jpg_AS9R2A7bKc0_16_1.mp4.mp4,fake,hififace,arabic,050_7c5b026c.jpg,AS9R2A7bKc0,True,False
19850-CWEWBgVwFc8_79_3_label_fake.npz,english/inswapper/19850-CWEWBgVwFc8_79_3.mp4,fake,inswapper,english,19850-CWEWBgVwFc8,19850-CWEWBgVwFc8_79_3,False,False
17059_lSCTGJbObOg_17_4_label_fake.npz,mandarin/memo/17059_lSCTGJbObOg_17_4.mp4,fake,memo,mandarin,17059,17059_lSCTGJbObOg_17_4,False,False
10108-nlrjxL_frmk_109_1_label_fake.npz,russian/inswapper/10108-nlrjxL_frmk_109_1.mp4,fake,inswapper,russian,10108-nlrjxL,10108-nlrjxL_frmk_109_1,False,False
25810-orD3vsEyGdA_71_3_label_fake.npz,english/inswapper/25810-orD3vsEyGdA_71_3.mp4,fake,inswapper,english,25810-orD3vsEyGdA,25810-orD3vsEyGdA_71_3,False,False
U7V-30eueTw_0_1--15616-I5oeY5O5oJI_25_4_label_fake.npz,english/liveportrait/U7V-30eueTw_0_1--15616-I5oeY5O5oJI_25_4.mp4,fake,liveportrait,english,U7V-30eueTw,U7V-30eueTw_0_1--15616-I5oeY5O5oJI_25_4,False,False
230.png_SSK5FwoCwyU_0_67_label_fake.npz,arabic/inswapper/230.png_SSK5FwoCwyU_0_67.mp4.mp4,fake,inswapper,arabic,230.png,SSK5FwoCwyU,False,False
13328_lSCTGJbObOg_277_3_label_fake.npz,mandarin/memo/13328_lSCTGJbObOg_277_3.mp4,fake,memo,mandarin,13328,13328_lSCTGJbObOg_277_3,False,False
13446_TAaMKX4tbx8_label_fake.npz,arabic/memo/13446_TAaMKX4tbx8.mp4,fake,memo,arabic,13446,13446_TAaMKX4tbx8,False,False
024_b222784a.jpg_9ztkB7gr8po_2_13_label_fake.npz,arabic/inswapper/024_b222784a.jpg_9ztkB7gr8po_2_13.mp4.mp4,fake,inswapper,arabic,024_b222784a.jpg,9ztkB7gr8po,False,False
22901-lSCTGJbObOg_189_3_label_fake.npz,russian/roop/22901-lSCTGJbObOg_189_3.mp4,fake,roop,russian,22901-lSCTGJbObOg,22901-lSCTGJbObOg_189_3,True,False
ebR3yPqTODk_95_1_label_real.npz,spanish/real/ebR3yPqTODk_95_1.mp4,real,real,spanish,ebR3yPqTODk,ebR3yPqTODk,False,False
aEM1s9Saa-g_51_6_25fps--275_Mv3FKFpTe4c_audio_1_95_label_fake.npz,hindi/liveportrait/aEM1s9Saa-g_51_6_25fps--275_Mv3FKFpTe4c_audio_1_95.mp4,fake,liveportrait,hindi,aEM1s9Saa-g,aEM1s9Saa-g_51_6_25fps--275_Mv3FKFpTe4c_audio_1_95,False,True
btSL5MQfYjA_13_4_label_real.npz,hindi/real/btSL5MQfYjA_13_4.mp4,real,real,hindi,btSL5MQfYjA,btSL5MQfYjA,False,True
16207-MHZMQLDr-OA_50_1_label_fake.npz,english/inswapper/16207-MHZMQLDr-OA_50_1.mp4,fake,inswapper,english,16207-MHZMQLDr-OA,16207-MHZMQLDr-OA_50_1,False,False
6887-F-lGvJJiTMk_98_1_label_fake.npz,mandarin/inswapper/6887-F-lGvJJiTMk_98_1.mp4,fake,inswapper,mandarin,6887-F-lGvJJiTMk,6887-F-lGvJJiTMk_98_1,False,False
44496.png_1P9nl9tBK38_639_1_label_fake.npz,arabic/inswapper/44496.png_1P9nl9tBK38_639_1.mp4.mp4,fake,inswapper,arabic,44496.png,1P9nl9tBK38,False,False
07049_u5Ks53-THVE_56_1_audio_short_512x512_1_1655_withaudio_label_fake.npz,russian/echomimic/07049_u5Ks53-THVE_56_1_audio_short_512x512_1_1655_withaudio.mp4,fake,echomimic,russian,07049,07049_u5Ks53-THVE_56_1_audio_short_512x512_1_1655_withaudio,False,False
7519-BsVhgta2WAo_13_1_label_fake.npz,english/inswapper/7519-BsVhgta2WAo_13_1.mp4,fake,inswapper,english,7519-BsVhgta2WAo,7519-BsVhgta2WAo_13_1,False,False
025_61e2c5e5_MxlocFNdoXg_797_2-batch-2025-02-09-14-48-38-4_label_fake.npz,romanian/inswapper/025_61e2c5e5_MxlocFNdoXg_797_2-batch-2025-02-09-14-48-38-4.mp4,fake,inswapper,romanian,025,025_61e2c5e5_MxlocFNdoXg_797_2-batch-2025-02-09-14-48-38-4,False,False
3517-J_U3D_QAw7c_77_1_label_fake.npz,spanish/roop/3517-J_U3D_QAw7c_77_1.mp4,fake,roop,spanish,3517-J,3517-J_U3D_QAw7c_77_1,True,False
242_oDO5ZDLTpaw_24_1_512x512_1_0533_withaudio_label_fake.npz,arabic/echomimic/242_oDO5ZDLTpaw_24_1_512x512_1_0533_withaudio.mp4,fake,echomimic,arabic,242,242_oDO5ZDLTpaw_24_1_512x512_1_0533_withaudio,False,False
kFDaG9pAA1w_17_3--23548-NSWcdPWXZQI_27_3_label_fake.npz,spanish/liveportrait/kFDaG9pAA1w_17_3--23548-NSWcdPWXZQI_27_3.mp4,fake,liveportrait,spanish,kFDaG9pAA1w,kFDaG9pAA1w_17_3--23548-NSWcdPWXZQI_27_3,False,False
17397.png_PXdPmUJN6k0_77_9_label_fake.npz,arabic/hififace/17397.png_PXdPmUJN6k0_77_9.mp4.mp4,fake,hififace,arabic,17397.png,PXdPmUJN6k0,True,False
62_zpEUWKUUxdY_2_2_512x512_1_0533_withaudio_label_fake.npz,arabic/echomimic/62_zpEUWKUUxdY_2_2_512x512_1_0533_withaudio.mp4,fake,echomimic,arabic,62,62_zpEUWKUUxdY_2_2_512x512_1_0533_withaudio,False,False
231_9RZI_ZKQwRc_287_1_label_fake.npz,german/memo/231_9RZI_ZKQwRc_287_1.mp4,fake,memo,german,231,231_9RZI_ZKQwRc_287_1,False,True
13897-J-vYXU4vqcY_11_1_label_fake.npz,mandarin/inswapper/13897-J-vYXU4vqcY_11_1.mp4,fake,inswapper,mandarin,13897-J-vYXU4vqcY,13897-J-vYXU4vqcY_11_1,False,False
119_1POFF5RQjyM_123_1_512x512_1_0533_withaudio_label_fake.npz,arabic/echomimic/119_1POFF5RQjyM_123_1_512x512_1_0533_withaudio.mp4,fake,echomimic,arabic,119,119_1POFF5RQjyM_123_1_512x512_1_0533_withaudio,False,False
OAzp-7yY0FQ_61_2--13208-I5oeY5O5oJI_34_3_label_fake.npz,english/liveportrait/OAzp-7yY0FQ_61_2--13208-I5oeY5O5oJI_34_3.mp4,fake,liveportrait,english,OAzp-7yY0FQ,OAzp-7yY0FQ_61_2--13208-I5oeY5O5oJI_34_3,False,False
033_c27883e5.jpg_dFiwhwAHNMw_63_2_label_fake.npz,arabic/inswapper/033_c27883e5.jpg_dFiwhwAHNMw_63_2.mp4.mp4,fake,inswapper,arabic,033_c27883e5.jpg,dFiwhwAHNMw,False,False
23756-X0CrmKqnFVI_25_3_label_fake.npz,mandarin/inswapper/23756-X0CrmKqnFVI_25_3.mp4,fake,inswapper,mandarin,23756-X0CrmKqnFVI,23756-X0CrmKqnFVI_25_3,False,False
sgHHRVH0NFo_47_5--12669-6miKDMtYrVI_28_2_label_fake.npz,spanish/liveportrait/sgHHRVH0NFo_47_5--12669-6miKDMtYrVI_28_2.mp4,fake,liveportrait,spanish,sgHHRVH0NFo,sgHHRVH0NFo_47_5--12669-6miKDMtYrVI_28_2,False,False
50378_C4hNyd9eJy4_0_39_label_fake.npz,arabic/memo/50378_C4hNyd9eJy4_0_39.mp4,fake,memo,arabic,50378,50378_C4hNyd9eJy4_0_39,False,False
498_3NYH-zyIfZY_38_1_audio_short_512x512_1_0933_withaudio_label_fake.npz,russian/echomimic/498_3NYH-zyIfZY_38_1_audio_short_512x512_1_0933_withaudio.mp4,fake,echomimic,russian,498,498_3NYH-zyIfZY_38_1_audio_short_512x512_1_0933_withaudio,False,False
6820-MzXkiK4ROhQ_128_1_label_fake.npz,russian/roop/6820-MzXkiK4ROhQ_128_1.mp4,fake,roop,russian,6820-MzXkiK4ROhQ,6820-MzXkiK4ROhQ_128_1,True,False
31079.png_p1bOOYSCzxs_42_6_label_fake.npz,hindi/hififace/31079.png_p1bOOYSCzxs_42_6.mp4.mp4,fake,hififace,hindi,31079.png,p1bOOYSCzxs,True,True
PqumaD82tcI_408_8_label_real.npz,romanian/real/PqumaD82tcI_408_8.mp4,real,real,romanian,PqumaD82tcI,PqumaD82tcI,False,False
020_c1a8bc2c_MxlocFNdoXg_720_1-batch-2025-02-06-00-06-46-40_label_fake.npz,romanian/inswapper/020_c1a8bc2c_MxlocFNdoXg_720_1-batch-2025-02-06-00-06-46-40.mp4,fake,inswapper,romanian,020,020_c1a8bc2c_MxlocFNdoXg_720_1-batch-2025-02-06-00-06-46-40,False,False
1t8tfCELNck_37_1--29309-PYRFxrLt30A_43_3_label_fake.npz,english/liveportrait/1t8tfCELNck_37_1--29309-PYRFxrLt30A_43_3.mp4,fake,liveportrait,english,1t8tfCELNck,1t8tfCELNck_37_1--29309-PYRFxrLt30A_43_3,False,False
6145_d2om_PGtwWY_6_4_label_fake.npz,english/memo/6145_d2om_PGtwWY_6_4.mp4,fake,memo,english,6145,6145_d2om_PGtwWY_6_4,False,False
079_fd41500f_dNCH3eXEwB4_670_2-batch-2025-02-10-11-34-42-53_label_fake.npz,romanian/inswapper/079_fd41500f_dNCH3eXEwB4_670_2-batch-2025-02-10-11-34-42-53.mp4,fake,inswapper,romanian,079,079_fd41500f_dNCH3eXEwB4_670_2-batch-2025-02-10-11-34-42-53,False,False
d5GTYm01vqA_38_1_label_real.npz,arabic/real/d5GTYm01vqA_38_1.mp4,real,real,arabic,d5GTYm01vqA,d5GTYm01vqA,False,False
25602-awNrju1X3zc_31_1_label_fake.npz,mandarin/sonic/25602-awNrju1X3zc_31_1.mp4,fake,sonic,mandarin,25602-awNrju1X3zc,25602-awNrju1X3zc_31_1,True,False
mXDi_C0yb6A_8_1--25952-LmGz2Hp34l0_0_1_label_fake.npz,spanish/liveportrait/mXDi_C0yb6A_8_1--25952-LmGz2Hp34l0_0_1.mp4,fake,liveportrait,spanish,mXDi,mXDi_C0yb6A_8_1--25952-LmGz2Hp34l0_0_1,False,False
117_WXGfdzE7hhI_30_1-batch-2025-02-04-10-00-57-67_label_fake.npz,romanian/inswapper/117_WXGfdzE7hhI_30_1-batch-2025-02-04-10-00-57-67.mp4,fake,inswapper,romanian,117,117_WXGfdzE7hhI_30_1-batch-2025-02-04-10-00-57-67,False,False
6577-ADTwFvHACE4_10_3_label_fake.npz,russian/inswapper/6577-ADTwFvHACE4_10_3.mp4,fake,inswapper,russian,6577-ADTwFvHACE4,6577-ADTwFvHACE4_10_3,False,False
17545-iURkmV7cfBc_31_2_label_fake.npz,mandarin/hififace/17545-iURkmV7cfBc_31_2.mp4,fake,hififace,mandarin,17545-iURkmV7cfBc,17545-iURkmV7cfBc_31_2,True,False
J-vYXU4vqcY_12_1_label_real.npz,mandarin/real/J-vYXU4vqcY_12_1.mp4,real,real,mandarin,J-vYXU4vqcY,J-vYXU4vqcY,False,False
lqKZS1uYfro_42_4_label_real.npz,arabic/real/lqKZS1uYfro_42_4.mp4,real,real,arabic,lqKZS1uYfro,lqKZS1uYfro,False,False
mHii80xikXs_1708_1--IkRNLBHex6w_87_1_label_fake.npz,romanian/liveportrait/mHii80xikXs_1708_1--IkRNLBHex6w_87_1.mp4,fake,liveportrait,romanian,mHii80xikXs,mHii80xikXs_1708_1--IkRNLBHex6w_87_1,False,False
128_VifDzyPgBNg_0_5-batch-2025-02-04-10-00-57-124_label_fake.npz,romanian/inswapper/128_VifDzyPgBNg_0_5-batch-2025-02-04-10-00-57-124.mp4,fake,inswapper,romanian,128,128_VifDzyPgBNg_0_5-batch-2025-02-04-10-00-57-124,False,False
8343-D1m1SQIdMkk_4_5_label_fake.npz,english/inswapper/8343-D1m1SQIdMkk_4_5.mp4,fake,inswapper,english,8343-D1m1SQIdMkk,8343-D1m1SQIdMkk_4_5,False,False
KKeGv-ny-kY_77_3_label_real.npz,romanian/real/KKeGv-ny-kY_77_3.mp4,real,real,romanian,KKeGv-ny-kY,KKeGv-ny-kY,False,False
6871-GDq1isgt718_0_13_label_fake.npz,spanish/sonic/6871-GDq1isgt718_0_13.mp4,fake,sonic,spanish,6871-GDq1isgt718,6871-GDq1isgt718_0_13,True,False
322_8L3KpV8zS4Y_1_24_audio_short_512x512_1_1652_withaudio_label_fake.npz,spanish/echomimic/322_8L3KpV8zS4Y_1_24_audio_short_512x512_1_1652_withaudio.mp4,fake,echomimic,spanish,322,322_8L3KpV8zS4Y_1_24_audio_short_512x512_1_1652_withaudio,False,False
50658.png_keEKlr2dG-I_82_8_label_fake.npz,german/inswapper/50658.png_keEKlr2dG-I_82_8.mp4.mp4,fake,inswapper,german,50658.png,keEKlr2dG-I,False,True
066_08ec842b.jpg_fZNe3xAY9Zw_1080p_55_3_label_fake.npz,german/inswapper/066_08ec842b.jpg_fZNe3xAY9Zw_1080p_55_3.mp4.mp4,fake,inswapper,german,066,066_08ec842b.jpg_fZNe3xAY9Zw_1080p_55_3.mp4,False,True
017_4748675b_cZ_DoJj9PXQ_81_3_label_fake.npz,romanian/memo/017_4748675b_cZ_DoJj9PXQ_81_3.mp4,fake,memo,romanian,017,017_4748675b_cZ_DoJj9PXQ_81_3,False,False
22236_lSCTGJbObOg_287_1_label_fake.npz,russian/memo/22236_lSCTGJbObOg_287_1.mp4,fake,memo,russian,22236,22236_lSCTGJbObOg_287_1,False,False
23884-8KovXKo3DL4_90_1_label_fake.npz,mandarin/sonic/23884-8KovXKo3DL4_90_1.mp4,fake,sonic,mandarin,23884-8KovXKo3DL4,23884-8KovXKo3DL4_90_1,True,False
25758-BhwnAYvzhm4_33_1_label_fake.npz,spanish/hififace/25758-BhwnAYvzhm4_33_1.mp4,fake,hififace,spanish,25758-BhwnAYvzhm4,25758-BhwnAYvzhm4_33_1,True,False
56224_Lv39BhZJ2mg_82_2_audio_short_512x512_1_0933_withaudio_label_fake.npz,russian/echomimic/56224_Lv39BhZJ2mg_82_2_audio_short_512x512_1_0933_withaudio.mp4,fake,echomimic,russian,56224,56224_Lv39BhZJ2mg_82_2_audio_short_512x512_1_0933_withaudio,False,False
02395_B4LwKKKbAuI_88_28_label_fake.npz,arabic/memo/02395_B4LwKKKbAuI_88_28.mp4,fake,memo,arabic,02395,02395_B4LwKKKbAuI_88_28,False,False
19012-O1JxQ9OyJRQ_115_1_label_fake.npz,russian/sonic/19012-O1JxQ9OyJRQ_115_1.mp4,fake,sonic,russian,19012-O1JxQ9OyJRQ,19012-O1JxQ9OyJRQ_115_1,True,False
17798-MzXkiK4ROhQ_128_1_label_fake.npz,russian/inswapper/17798-MzXkiK4ROhQ_128_1.mp4,fake,inswapper,russian,17798-MzXkiK4ROhQ,17798-MzXkiK4ROhQ_128_1,False,False
15833-6w9ikJPzTOA_76_1_label_fake.npz,spanish/inswapper/15833-6w9ikJPzTOA_76_1.mp4,fake,inswapper,spanish,15833-6w9ikJPzTOA,15833-6w9ikJPzTOA_76_1,False,False
nv9WwHpOKEg_117_1--21075-2ECheTEbkhQ_23_6_label_fake.npz,spanish/liveportrait/nv9WwHpOKEg_117_1--21075-2ECheTEbkhQ_23_6.mp4,fake,liveportrait,spanish,nv9WwHpOKEg,nv9WwHpOKEg_117_1--21075-2ECheTEbkhQ_23_6,False,False
9cdh5Xebf2w_3_1_label_real.npz,romanian/real/9cdh5Xebf2w_3_1.mp4,real,real,romanian,9cdh5Xebf2w,9cdh5Xebf2w,False,False
20791-6miKDMtYrVI_39_2_label_fake.npz,spanish/sonic/20791-6miKDMtYrVI_39_2.mp4,fake,sonic,spanish,20791-6miKDMtYrVI,20791-6miKDMtYrVI_39_2,True,False
zpEUWKUUxdY_7_2--t58wNtkkXkw_0_1_422_label_fake.npz,arabic/liveportrait/zpEUWKUUxdY_7_2--t58wNtkkXkw_0_1_422.mp4,fake,liveportrait,arabic,zpEUWKUUxdY,zpEUWKUUxdY_7_2--t58wNtkkXkw_0_1_422,False,False
14504_jkj3wCN-SW0_label_fake.npz,arabic/memo/14504_jkj3wCN-SW0.mp4,fake,memo,arabic,14504,14504_jkj3wCN-SW0,False,False
UqO0E4rcI5k_40_2_label_real.npz,mandarin/real/UqO0E4rcI5k_40_2.mp4,real,real,mandarin,UqO0E4rcI5k,UqO0E4rcI5k,False,False
079_fd41500f_sba-i5-e3WY_3816_1-batch-2025-02-10-11-34-42-51_label_fake.npz,romanian/inswapper/079_fd41500f_sba-i5-e3WY_3816_1-batch-2025-02-10-11-34-42-51.mp4,fake,inswapper,romanian,079,079_fd41500f_sba-i5-e3WY_3816_1-batch-2025-02-10-11-34-42-51,False,False
19010_C4hNyd9eJy4_0_56_label_fake.npz,arabic/memo/19010_C4hNyd9eJy4_0_56.mp4,fake,memo,arabic,19010,19010_C4hNyd9eJy4_0_56,False,False
033_bc82f2a9--19DTZ6_d6U_481_5_label_fake.npz,romanian/roop/033_bc82f2a9--19DTZ6_d6U_481_5.mp4,fake,roop,romanian,033,033_bc82f2a9--19DTZ6_d6U_481_5,True,False
344_0Mi0miIN6tA_34_1_audio_short_512x512_1_0732_withaudio_label_fake.npz,english/echomimic/344_0Mi0miIN6tA_34_1_audio_short_512x512_1_0732_withaudio.mp4,fake,echomimic,english,344,344_0Mi0miIN6tA_34_1_audio_short_512x512_1_0732_withaudio,False,False
235_KDujlRUGYho_10_1_512x512_1_0533_withaudio_label_fake.npz,arabic/echomimic/235_KDujlRUGYho_10_1_512x512_1_0533_withaudio.mp4,fake,echomimic,arabic,235,235_KDujlRUGYho_10_1_512x512_1_0533_withaudio,False,False
368-6w9ikJPzTOA_18_2_label_fake.npz,spanish/sonic/368-6w9ikJPzTOA_18_2.mp4,fake,sonic,spanish,368-6w9ikJPzTOA,368-6w9ikJPzTOA_18_2,True,False
tgWpcB36m-Q_2_5_label_real.npz,romanian/real/tgWpcB36m-Q_2_5.mp4,real,real,romanian,tgWpcB36m-Q,tgWpcB36m-Q,False,False
237_UzfVjgZKjro_1080p_97_5_label_fake.npz,german/memo/237_UzfVjgZKjro_1080p_97_5.mp4,fake,memo,german,237,237_UzfVjgZKjro_1080p_97_5,False,True
19679-Lqg5fiwIQso_32_1_label_fake.npz,mandarin/inswapper/19679-Lqg5fiwIQso_32_1.mp4,fake,inswapper,mandarin,19679-Lqg5fiwIQso,19679-Lqg5fiwIQso_32_1,False,False
25916-ZWWpghA1SJc_31_1_label_fake.npz,mandarin/hififace/25916-ZWWpghA1SJc_31_1.mp4,fake,hififace,mandarin,25916-ZWWpghA1SJc,25916-ZWWpghA1SJc_31_1,True,False
YoLGXK9L1S4_0_11_label_real.npz,arabic/real/YoLGXK9L1S4_0_11.mp4,real,real,arabic,YoLGXK9L1S4,YoLGXK9L1S4,False,False
Sni015rJ4Fk_78_1--5940-a0MIIwPGYB4_30_1_label_fake.npz,spanish/liveportrait/Sni015rJ4Fk_78_1--5940-a0MIIwPGYB4_30_1.mp4,fake,liveportrait,spanish,Sni015rJ4Fk,Sni015rJ4Fk_78_1--5940-a0MIIwPGYB4_30_1,False,False
ZMs-gVbhNIY_68_1_label_real.npz,english/real/ZMs-gVbhNIY_68_1.mp4,real,real,english,ZMs-gVbhNIY,ZMs-gVbhNIY,False,False
WTT4zMFXkO4_2_1_label_real.npz,arabic/real/WTT4zMFXkO4_2_1.mp4,real,real,arabic,WTT4zMFXkO4,WTT4zMFXkO4,False,False
483_Slqo8SHnFaU_audio_1_512x512_1_1026_withaudio_label_fake.npz,hindi/echomimic/483_Slqo8SHnFaU_audio_1_512x512_1_1026_withaudio.mp4,fake,echomimic,hindi,483,483_Slqo8SHnFaU_audio_1_512x512_1_1026_withaudio,False,True
058_1b5b5422.jpg_K3O_-Mjls_Q_1080p_80_4_label_fake.npz,german/hififace/058_1b5b5422.jpg_K3O_-Mjls_Q_1080p_80_4.mp4.mp4,fake,hififace,german,058,058_1b5b5422.jpg_K3O_-Mjls_Q_1080p_80_4.mp4,True,True
039_3daa67cf_78p4J0EEepU_6_2-batch-2025-02-06-00-06-46-116_label_fake.npz,romanian/inswapper/039_3daa67cf_78p4J0EEepU_6_2-batch-2025-02-06-00-06-46-116.mp4,fake,inswapper,romanian,039,039_3daa67cf_78p4J0EEepU_6_2-batch-2025-02-06-00-06-46-116,False,False
orD3vsEyGdA_67_1_label_real.npz,english/real/orD3vsEyGdA_67_1.mp4,real,real,english,orD3vsEyGdA,orD3vsEyGdA,False,False
J0OjSB0ZF2Q_54_1_label_real.npz,hindi/real/J0OjSB0ZF2Q_54_1.mp4,real,real,hindi,J0OjSB0ZF2Q,J0OjSB0ZF2Q,False,True
28145_I5oeY5O5oJI_10_11_label_fake.npz,english/memo/28145_I5oeY5O5oJI_10_11.mp4,fake,memo,english,28145,28145_I5oeY5O5oJI_10_11,False,False
19054-ADTwFvHACE4_86_4_label_fake.npz,russian/roop/19054-ADTwFvHACE4_86_4.mp4,fake,roop,russian,19054-ADTwFvHACE4,19054-ADTwFvHACE4_86_4,True,False
133_5GcHInADAHY_31_4_audio_short_512x512_1_1652_withaudio_label_fake.npz,spanish/echomimic/133_5GcHInADAHY_31_4_audio_short_512x512_1_1652_withaudio.mp4,fake,echomimic,spanish,133,133_5GcHInADAHY_31_4_audio_short_512x512_1_1652_withaudio,False,False
zpEUWKUUxdY_6_6--bC8BMMmwO8U_34_label_fake.npz,arabic/liveportrait/zpEUWKUUxdY_6_6--bC8BMMmwO8U_34.mp4,fake,liveportrait,arabic,zpEUWKUUxdY,zpEUWKUUxdY_6_6--bC8BMMmwO8U_34,False,False
04545_GNkwgfQFj60_53_3_label_fake.npz,arabic/memo/04545_GNkwgfQFj60_53_3.mp4,fake,memo,arabic,04545,04545_GNkwgfQFj60_53_3,False,False
ILR3cxYpjUk_29_11_label_real.npz,romanian/real/ILR3cxYpjUk_29_11.mp4,real,real,romanian,ILR3cxYpjUk,ILR3cxYpjUk,False,False
275_IU0Zy67ZLpU_79_1_audio_short_512x512_1_0933_withaudio_label_fake.npz,russian/echomimic/275_IU0Zy67ZLpU_79_1_audio_short_512x512_1_0933_withaudio.mp4,fake,echomimic,russian,275,275_IU0Zy67ZLpU_79_1_audio_short_512x512_1_0933_withaudio,False,False
23916-QvTs7W732ZQ_37_2_label_fake.npz,mandarin/inswapper/23916-QvTs7W732ZQ_37_2.mp4,fake,inswapper,mandarin,23916-QvTs7W732ZQ,23916-QvTs7W732ZQ_37_2,False,False
261_dqFjx2I4KXg_17_6_512x512_1_0112_withaudio_label_fake.npz,romanian/echomimic/261_dqFjx2I4KXg_17_6_512x512_1_0112_withaudio.mp4,fake,echomimic,romanian,261,261_dqFjx2I4KXg_17_6_512x512_1_0112_withaudio,False,False
075_e0b91ee3-62ywI44YAxQ_26_1_label_fake.npz,romanian/roop/075_e0b91ee3-62ywI44YAxQ_26_1.mp4,fake,roop,romanian,075,075_e0b91ee3-62ywI44YAxQ_26_1,True,False
029_c6e0a7f3_XblD1mtXBWY_249_3_label_fake.npz,romanian/memo/029_c6e0a7f3_XblD1mtXBWY_249_3.mp4,fake,memo,romanian,029,029_c6e0a7f3_XblD1mtXBWY_249_3,False,False
413_Qql31j-w90s_audio_3_512x512_1_1026_withaudio_label_fake.npz,hindi/echomimic/413_Qql31j-w90s_audio_3_512x512_1_1026_withaudio.mp4,fake,echomimic,hindi,413,413_Qql31j-w90s_audio_3_512x512_1_1026_withaudio,False,True
6As3T1vBft0_47_1--cZ_DoJj9PXQ_12_4_50_label_fake.npz,romanian/liveportrait/6As3T1vBft0_47_1--cZ_DoJj9PXQ_12_4_50.mp4,fake,liveportrait,romanian,6As3T1vBft0,6As3T1vBft0_47_1--cZ_DoJj9PXQ_12_4_50,False,False
IkRNLBHex6w_343_2--1stTPtXYjuM_255_37_364_label_fake.npz,romanian/liveportrait/IkRNLBHex6w_343_2--1stTPtXYjuM_255_37_364.mp4,fake,liveportrait,romanian,IkRNLBHex6w,IkRNLBHex6w_343_2--1stTPtXYjuM_255_37_364,False,False
4962_Ip7cs1D5tTQ_1_7_label_fake.npz,spanish/memo/4962_Ip7cs1D5tTQ_1_7.mp4,fake,memo,spanish,4962,4962_Ip7cs1D5tTQ_1_7,False,False
WicBE2Uwz0A_70_1--22137-pzdnuEa8a20_115_1_label_fake.npz,mandarin/liveportrait/WicBE2Uwz0A_70_1--22137-pzdnuEa8a20_115_1.mp4,fake,liveportrait,mandarin,WicBE2Uwz0A,WicBE2Uwz0A_70_1--22137-pzdnuEa8a20_115_1,False,False
VifDzyPgBNg_233_18_label_real.npz,romanian/real/VifDzyPgBNg_233_18.mp4,real,real,romanian,VifDzyPgBNg,VifDzyPgBNg,False,False
9221-MATJqR93d5I_47_8_label_fake.npz,mandarin/inswapper/9221-MATJqR93d5I_47_8.mp4,fake,inswapper,mandarin,9221-MATJqR93d5I,9221-MATJqR93d5I_47_8,False,False
23449-TXf3uH5YqM4_0_2_label_fake.npz,spanish/hififace/23449-TXf3uH5YqM4_0_2.mp4,fake,hififace,spanish,23449-TXf3uH5YqM4,23449-TXf3uH5YqM4_0_2,True,False
17625-_cPj3b9BDPI_21_4_label_fake.npz,english/roop/17625-_cPj3b9BDPI_21_4.mp4,fake,roop,english,17625-,17625-_cPj3b9BDPI_21_4,True,False
010_34d63b53_XblD1mtXBWY_4_1-batch-2025-02-05-13-35-36-167_label_fake.npz,romanian/inswapper/010_34d63b53_XblD1mtXBWY_4_1-batch-2025-02-05-13-35-36-167.mp4,fake,inswapper,romanian,010,010_34d63b53_XblD1mtXBWY_4_1-batch-2025-02-05-13-35-36-167,False,False
36.png_J_ComKnl1hk_4_2_label_fake.npz,arabic/inswapper/36.png_J_ComKnl1hk_4_2.mp4.mp4,fake,inswapper,arabic,36.png,J_ComKnl1hk,False,False
020_c1a8bc2c__LL3BSLGscY_0_1-batch-2025-02-06-13-00-20-397_label_fake.npz,romanian/hififace/020_c1a8bc2c__LL3BSLGscY_0_1-batch-2025-02-06-13-00-20-397.mp4,fake,hififace,romanian,020,020_c1a8bc2c__LL3BSLGscY_0_1-batch-2025-02-06-13-00-20-397,True,False
5xBpkc7-w3A_52_1--17410-d2om_PGtwWY_36_1_label_fake.npz,english/liveportrait/5xBpkc7-w3A_52_1--17410-d2om_PGtwWY_36_1.mp4,fake,liveportrait,english,5xBpkc7-w3A,5xBpkc7-w3A_52_1--17410-d2om_PGtwWY_36_1,False,False
27897-M-3HEJpdx2I_3_1_label_fake.npz,russian/roop/27897-M-3HEJpdx2I_3_1.mp4,fake,roop,russian,27897-M-3HEJpdx2I,27897-M-3HEJpdx2I_3_1,True,False
442_NEEN8fSBuWI_361_1_label_fake.npz,german/memo/442_NEEN8fSBuWI_361_1.mp4,fake,memo,german,442,442_NEEN8fSBuWI_361_1,False,True
4475-q48w51isHHc_19_2_label_fake.npz,spanish/hififace/4475-q48w51isHHc_19_2.mp4,fake,hififace,spanish,4475-q48w51isHHc,4475-q48w51isHHc_19_2,True,False
045_6895fe7e_W9C4OBc6El4_86_14_label_fake.npz,romanian/memo/045_6895fe7e_W9C4OBc6El4_86_14.mp4,fake,memo,romanian,045,045_6895fe7e_W9C4OBc6El4_86_14,False,False
8Bec4j7WZ6I_53_1_label_real.npz,german/real/8Bec4j7WZ6I_53_1.mp4,real,real,german,8Bec4j7WZ6I,8Bec4j7WZ6I,False,True
AbpNlshqtJc_122_1--17560-G37VO1yeVEo_36_1_label_fake.npz,english/liveportrait/AbpNlshqtJc_122_1--17560-G37VO1yeVEo_36_1.mp4,fake,liveportrait,english,AbpNlshqtJc,AbpNlshqtJc_122_1--17560-G37VO1yeVEo_36_1,False,False
22_VifDzyPgBNg_0_5-batch-2025-02-03-22-17-41-43_label_fake.npz,romanian/inswapper/22_VifDzyPgBNg_0_5-batch-2025-02-03-22-17-41-43.mp4,fake,inswapper,romanian,22,22_VifDzyPgBNg_0_5-batch-2025-02-03-22-17-41-43,False,False
18018_PYRFxrLt30A_72_2_label_fake.npz,english/memo/18018_PYRFxrLt30A_72_2.mp4,fake,memo,english,18018,18018_PYRFxrLt30A_72_2,False,False
494_IkRNLBHex6w_343_1-batch-2025-02-09-18-31-56-3_label_fake.npz,romanian/inswapper/494_IkRNLBHex6w_343_1-batch-2025-02-09-18-31-56-3.mp4,fake,inswapper,romanian,494,494_IkRNLBHex6w_343_1-batch-2025-02-09-18-31-56-3,False,False
068_474081ea.jpg_P4o9TZ36Xj8_16_1_label_fake.npz,arabic/inswapper/068_474081ea.jpg_P4o9TZ36Xj8_16_1.mp4.mp4,fake,inswapper,arabic,068_474081ea.jpg,P4o9TZ36Xj8,False,False
24365-3U4D77IB-j8_102_1_label_fake.npz,russian/inswapper/24365-3U4D77IB-j8_102_1.mp4,fake,inswapper,russian,24365-3U4D77IB-j8,24365-3U4D77IB-j8_102_1,False,False
dMXx0GIUmVQ_48_2--1658-ndJhwVupwVQ_13_4_label_fake.npz,spanish/liveportrait/dMXx0GIUmVQ_48_2--1658-ndJhwVupwVQ_13_4.mp4,fake,liveportrait,spanish,dMXx0GIUmVQ,dMXx0GIUmVQ_48_2--1658-ndJhwVupwVQ_13_4,False,False
reaup7qkEfk_40_1_label_real.npz,mandarin/real/reaup7qkEfk_40_1.mp4,real,real,mandarin,reaup7qkEfk,reaup7qkEfk,False,False
6019-JtLypQpGruo_65_3_label_fake.npz,spanish/inswapper/6019-JtLypQpGruo_65_3.mp4,fake,inswapper,spanish,6019-JtLypQpGruo,6019-JtLypQpGruo_65_3,False,False
425_FLfyjfbThfA_113_2_512x512_1_0533_withaudio_label_fake.npz,arabic/echomimic/425_FLfyjfbThfA_113_2_512x512_1_0533_withaudio.mp4,fake,echomimic,arabic,425,425_FLfyjfbThfA_113_2_512x512_1_0533_withaudio,False,False
29131_ADTwFvHACE4_116_1_label_fake.npz,mandarin/memo/29131_ADTwFvHACE4_116_1.mp4,fake,memo,mandarin,29131,29131_ADTwFvHACE4_116_1,False,False
14011-a0MIIwPGYB4_65_1_label_fake.npz,spanish/inswapper/14011-a0MIIwPGYB4_65_1.mp4,fake,inswapper,spanish,14011-a0MIIwPGYB4,14011-a0MIIwPGYB4_65_1,False,False
zpEUWKUUxdY_11_6--J_ComKnl1hk_10_label_fake.npz,arabic/liveportrait/zpEUWKUUxdY_11_6--J_ComKnl1hk_10.mp4,fake,liveportrait,arabic,zpEUWKUUxdY,zpEUWKUUxdY_11_6--J_ComKnl1hk_10,False,False
zmquFlJxnyM_37_2--3400-BhwnAYvzhm4_56_1_label_fake.npz,spanish/liveportrait/zmquFlJxnyM_37_2--3400-BhwnAYvzhm4_56_1.mp4,fake,liveportrait,spanish,zmquFlJxnyM,zmquFlJxnyM_37_2--3400-BhwnAYvzhm4_56_1,False,False
49972.png_hdS30nnhNZo_4_28_label_fake.npz,arabic/inswapper/49972.png_hdS30nnhNZo_4_28.mp4.mp4,fake,inswapper,arabic,49972.png,hdS30nnhNZo,False,False
25217_I5oeY5O5oJI_34_2_label_fake.npz,english/memo/25217_I5oeY5O5oJI_34_2.mp4,fake,memo,english,25217,25217_I5oeY5O5oJI_34_2,False,False
2480-j9vRrhheCUM_20_1_label_fake.npz,spanish/sonic/2480-j9vRrhheCUM_20_1.mp4,fake,sonic,spanish,2480-j9vRrhheCUM,2480-j9vRrhheCUM_20_1,True,False
308_852WCRqSgFA_0_1_audio_short_512x512_1_0557_withaudio_label_fake.npz,mandarin/echomimic/308_852WCRqSgFA_0_1_audio_short_512x512_1_0557_withaudio.mp4,fake,echomimic,mandarin,308,308_852WCRqSgFA_0_1_audio_short_512x512_1_0557_withaudio,False,False
35-OuVqGrko56s_113_1_label_fake.npz,english/hififace/35-OuVqGrko56s_113_1.mp4,fake,hififace,english,35-OuVqGrko56s,35-OuVqGrko56s_113_1,True,False
RmXrwKydM9k_380_1_label_real.npz,english/real/RmXrwKydM9k_380_1.mp4,real,real,english,RmXrwKydM9k,RmXrwKydM9k,False,False
23390-pNogULi28gs_87_2_label_fake.npz,russian/roop/23390-pNogULi28gs_87_2.mp4,fake,roop,russian,23390-pNogULi28gs,23390-pNogULi28gs_87_2,True,False
5287-sUv353ua7E8_37_1_label_fake.npz,english/hififace/5287-sUv353ua7E8_37_1.mp4,fake,hififace,english,5287-sUv353ua7E8,5287-sUv353ua7E8_37_1,True,False
QwWcO0-ne8c_17_1--5792-lXv73xCGh8E_91_2_label_fake.npz,mandarin/liveportrait/QwWcO0-ne8c_17_1--5792-lXv73xCGh8E_91_2.mp4,fake,liveportrait,mandarin,QwWcO0-ne8c,QwWcO0-ne8c_17_1--5792-lXv73xCGh8E_91_2,False,False
022_b497b92e.jpg_T47iIAEaLmY_1080p_28_8_label_fake.npz,german/inswapper/022_b497b92e.jpg_T47iIAEaLmY_1080p_28_8.mp4.mp4,fake,inswapper,german,022,022_b497b92e.jpg_T47iIAEaLmY_1080p_28_8.mp4,False,True
2822-s9OwwTPanvw_46_1_label_fake.npz,mandarin/hififace/2822-s9OwwTPanvw_46_1.mp4,fake,hififace,mandarin,2822-s9OwwTPanvw,2822-s9OwwTPanvw_46_1,True,False
VvyPZwhivKQ_20_1--1289-ADTwFvHACE4_116_2_label_fake.npz,russian/liveportrait/VvyPZwhivKQ_20_1--1289-ADTwFvHACE4_116_2.mp4,fake,liveportrait,russian,VvyPZwhivKQ,VvyPZwhivKQ_20_1--1289-ADTwFvHACE4_116_2,False,False
62ywI44YAxQ_82_10_label_real.npz,romanian/real/62ywI44YAxQ_82_10.mp4,real,real,romanian,62ywI44YAxQ,62ywI44YAxQ,False,False
fAh51cqF86I_14_1--13117-I5oeY5O5oJI_53_8_label_fake.npz,english/liveportrait/fAh51cqF86I_14_1--13117-I5oeY5O5oJI_53_8.mp4,fake,liveportrait,english,fAh51cqF86I,fAh51cqF86I_14_1--13117-I5oeY5O5oJI_53_8,False,False
CoIL9IsJXiA_33_1--24132-I5oeY5O5oJI_46_7_label_fake.npz,english/liveportrait/CoIL9IsJXiA_33_1--24132-I5oeY5O5oJI_46_7.mp4,fake,liveportrait,english,CoIL9IsJXiA,CoIL9IsJXiA_33_1--24132-I5oeY5O5oJI_46_7,False,False
02679_IcZtHIN331g_6_1_label_fake.npz,arabic/memo/02679_IcZtHIN331g_6_1.mp4,fake,memo,arabic,02679,02679_IcZtHIN331g_6_1,False,False
2188-KopQglRZUFA_0_1_label_fake.npz,russian/inswapper/2188-KopQglRZUFA_0_1.mp4,fake,inswapper,russian,2188-KopQglRZUFA,2188-KopQglRZUFA_0_1,False,False
21807-pnuHjaJClto_24_1_label_fake.npz,mandarin/roop/21807-pnuHjaJClto_24_1.mp4,fake,roop,mandarin,21807-pnuHjaJClto,21807-pnuHjaJClto_24_1,True,False
10000_OiZOiaG4gWM_26_1_label_fake.npz,spanish/memo/10000_OiZOiaG4gWM_26_1.mp4,fake,memo,spanish,10000,10000_OiZOiaG4gWM_26_1,False,False
46879_nlrjxL_frmk_110_1_audio_short_512x512_1_0933_withaudio_label_fake.npz,russian/echomimic/46879_nlrjxL_frmk_110_1_audio_short_512x512_1_0933_withaudio.mp4,fake,echomimic,russian,46879,46879_nlrjxL_frmk_110_1_audio_short_512x512_1_0933_withaudio,False,False
133_6wKR9igYrS8_audio_2_512x512_1_1026_withaudio_label_fake.npz,hindi/echomimic/133_6wKR9igYrS8_audio_2_512x512_1_1026_withaudio.mp4,fake,echomimic,hindi,133,133_6wKR9igYrS8_audio_2_512x512_1_1026_withaudio,False,True
7761-mkfaM6Psv8c_42_1_label_fake.npz,spanish/inswapper/7761-mkfaM6Psv8c_42_1.mp4,fake,inswapper,spanish,7761-mkfaM6Psv8c,7761-mkfaM6Psv8c_42_1,False,False
19313-A-BRu8z7ztk_34_2_label_fake.npz,mandarin/inswapper/19313-A-BRu8z7ztk_34_2.mp4,fake,inswapper,mandarin,19313-A-BRu8z7ztk,19313-A-BRu8z7ztk_34_2,False,False
8tD-YwT4oAg_144_1_519_label_fake.npz,arabic/sonic/8tD-YwT4oAg_144_1_519.mp4,fake,sonic,arabic,8tD-YwT4oAg,8tD-YwT4oAg_144_1_519,True,False
KKeGv-ny-kY_596_1_label_real.npz,romanian/real/KKeGv-ny-kY_596_1.mp4,real,real,romanian,KKeGv-ny-kY,KKeGv-ny-kY,False,False
25_xLpZZScqgKo_audio_2_512x512_1_1026_withaudio_label_fake.npz,hindi/echomimic/25_xLpZZScqgKo_audio_2_512x512_1_1026_withaudio.mp4,fake,echomimic,hindi,25,25_xLpZZScqgKo_audio_2_512x512_1_1026_withaudio,False,True
5l1PmijHT5o_12_1_label_real.npz,arabic/real/5l1PmijHT5o_12_1.mp4,real,real,arabic,5l1PmijHT5o,5l1PmijHT5o,False,False
23414-E7hwoDHfU28_30_1_label_fake.npz,english/roop/23414-E7hwoDHfU28_30_1.mp4,fake,roop,english,23414-E7hwoDHfU28,23414-E7hwoDHfU28_30_1,True,False
33046.png_SzhK7Q-pY0U_1_37_label_fake.npz,arabic/hififace/33046.png_SzhK7Q-pY0U_1_37.mp4.mp4,fake,hififace,arabic,33046.png,SzhK7Q-pY0U,True,False
14869-Z6bxX3mcfJg_19_1_label_fake.npz,english/hififace/14869-Z6bxX3mcfJg_19_1.mp4,fake,hififace,english,14869-Z6bxX3mcfJg,14869-Z6bxX3mcfJg_19_1,True,False
21488.png_egeQtsE3hfg_83_2_label_fake.npz,german/inswapper/21488.png_egeQtsE3hfg_83_2.mp4.mp4,fake,inswapper,german,21488.png,egeQtsE3hfg,False,True
8Bec4j7WZ6I_242_7_label_real.npz,german/real/8Bec4j7WZ6I_242_7.mp4,real,real,german,8Bec4j7WZ6I,8Bec4j7WZ6I,False,True
4147-pLDX3CuGiWU_9_2_label_fake.npz,spanish/hififace/4147-pLDX3CuGiWU_9_2.mp4,fake,hififace,spanish,4147-pLDX3CuGiWU,4147-pLDX3CuGiWU_9_2,True,False
367_XJmuXrN2cQA_14_17_512x512_1_1647_withaudio_label_fake.npz,romanian/echomimic/367_XJmuXrN2cQA_14_17_512x512_1_1647_withaudio.mp4,fake,echomimic,romanian,367,367_XJmuXrN2cQA_14_17_512x512_1_1647_withaudio,False,False
60_5FYGP2Jd1XA_154_1_audio_short_512x512_1_0944_withaudio_label_fake.npz,spanish/echomimic/60_5FYGP2Jd1XA_154_1_audio_short_512x512_1_0944_withaudio.mp4,fake,echomimic,spanish,60,60_5FYGP2Jd1XA_154_1_audio_short_512x512_1_0944_withaudio,False,False
090_3c8ed08d.jpg_J_ComKnl1hk_2_17_label_fake.npz,arabic/hififace/090_3c8ed08d.jpg_J_ComKnl1hk_2_17.mp4.mp4,fake,hififace,arabic,090_3c8ed08d.jpg,J_ComKnl1hk,True,False
JtLypQpGruo_65_7_label_real.npz,spanish/real/JtLypQpGruo_65_7.mp4,real,real,spanish,JtLypQpGruo,JtLypQpGruo,False,False
10464_O1JxQ9OyJRQ_1_3_label_fake.npz,mandarin/memo/10464_O1JxQ9OyJRQ_1_3.mp4,fake,memo,mandarin,10464,10464_O1JxQ9OyJRQ_1_3,False,False
492_DR5IQXWY_uA_193_1-batch-2025-02-06-13-00-20-503_label_fake.npz,romanian/hififace/492_DR5IQXWY_uA_193_1-batch-2025-02-06-13-00-20-503.mp4,fake,hififace,romanian,492,492_DR5IQXWY_uA_193_1-batch-2025-02-06-13-00-20-503,True,False
2232_ADTwFvHACE4_29_1_label_fake.npz,russian/memo/2232_ADTwFvHACE4_29_1.mp4,fake,memo,russian,2232,2232_ADTwFvHACE4_29_1,False,False
270_fcYeXCacyrk_173_1_audio_short_512x512_1_1652_withaudio_label_fake.npz,spanish/echomimic/270_fcYeXCacyrk_173_1_audio_short_512x512_1_1652_withaudio.mp4,fake,echomimic,spanish,270,270_fcYeXCacyrk_173_1_audio_short_512x512_1_1652_withaudio,False,False
01742_xJYFbkRZzek_audio_2_label_fake.npz,hindi/memo/01742_xJYFbkRZzek_audio_2.mp4,fake,memo,hindi,01742,01742_xJYFbkRZzek_audio_2,False,True
23321-I7bHX9Wkr0E_98_2_label_fake.npz,spanish/roop/23321-I7bHX9Wkr0E_98_2.mp4,fake,roop,spanish,23321-I7bHX9Wkr0E,23321-I7bHX9Wkr0E_98_2,True,False
15491_itFwx1CZM9I_104_3_label_fake.npz,russian/memo/15491_itFwx1CZM9I_104_3.mp4,fake,memo,russian,15491,15491_itFwx1CZM9I_104_3,False,False
122-6As3T1vBft0_133_7_label_fake.npz,romanian/roop/122-6As3T1vBft0_133_7.mp4,fake,roop,romanian,122-6As3T1vBft0,122-6As3T1vBft0_133_7,True,False
053_05c78fa1.jpg_1P9nl9tBK38_343_3_label_fake.npz,arabic/inswapper/053_05c78fa1.jpg_1P9nl9tBK38_343_3.mp4.mp4,fake,inswapper,arabic,053_05c78fa1.jpg,1P9nl9tBK38,False,False
12601-QTau-xHsz80_8_1_label_fake.npz,english/hififace/12601-QTau-xHsz80_8_1.mp4,fake,hififace,english,12601-QTau-xHsz80,12601-QTau-xHsz80_8_1,True,False
096_b096ebfe_OprPPstAfSg_0_1_label_fake.npz,romanian/memo/096_b096ebfe_OprPPstAfSg_0_1.mp4,fake,memo,romanian,096,096_b096ebfe_OprPPstAfSg_0_1,False,False
vZqDx1pvSZQ_1_2--oTElQFuLr7o_89_47_117_label_fake.npz,romanian/liveportrait/vZqDx1pvSZQ_1_2--oTElQFuLr7o_89_47_117.mp4,fake,liveportrait,romanian,vZqDx1pvSZQ,vZqDx1pvSZQ_1_2--oTElQFuLr7o_89_47_117,False,False
10783-lmBYMs2ysnY_39_2_label_fake.npz,mandarin/inswapper/10783-lmBYMs2ysnY_39_2.mp4,fake,inswapper,mandarin,10783-lmBYMs2ysnY,10783-lmBYMs2ysnY_39_2,False,False
jV2pjBg0srU_974_2_label_real.npz,romanian/real/jV2pjBg0srU_974_2.mp4,real,real,romanian,jV2pjBg0srU,jV2pjBg0srU,False,False
354_dqFjx2I4KXg_17_6_label_fake.npz,romanian/memo/354_dqFjx2I4KXg_17_6.mp4,fake,memo,romanian,354,354_dqFjx2I4KXg_17_6,False,False
050_4bdc1f8a-6As3T1vBft0_292_1_label_fake.npz,romanian/roop/050_4bdc1f8a-6As3T1vBft0_292_1.mp4,fake,roop,romanian,050,050_4bdc1f8a-6As3T1vBft0_292_1,True,False
5775-0-BD5WJ_hBk_0_1_label_fake.npz,russian/inswapper/5775-0-BD5WJ_hBk_0_1.mp4,fake,inswapper,russian,5775-0-BD5WJ,5775-0-BD5WJ_hBk_0_1,False,False
7046_LUn8IjZKBPg_84_2_label_fake.npz,english/memo/7046_LUn8IjZKBPg_84_2.mp4,fake,memo,english,7046,7046_LUn8IjZKBPg_84_2,False,False
vRuTW4hapTE_76_3_295_label_fake.npz,romanian/sonic/vRuTW4hapTE_76_3_295.mp4,fake,sonic,romanian,vRuTW4hapTE,vRuTW4hapTE_76_3_295,True,False
27130_6w9ikJPzTOA_64_1_label_fake.npz,spanish/memo/27130_6w9ikJPzTOA_64_1.mp4,fake,memo,spanish,27130,27130_6w9ikJPzTOA_64_1,False,False
DR5IQXWY_uA_243_3_label_real.npz,romanian/real/DR5IQXWY_uA_243_3.mp4,real,real,romanian,DR5IQXWY_uA,DR5IQXWY_uA,False,False
44636_btWyxQbkYAs_123_6_audio_short_512x512_1_0557_withaudio_label_fake.npz,mandarin/echomimic/44636_btWyxQbkYAs_123_6_audio_short_512x512_1_0557_withaudio.mp4,fake,echomimic,mandarin,44636,44636_btWyxQbkYAs_123_6_audio_short_512x512_1_0557_withaudio,False,False
WxdaDqICMP8_398_1_label_real.npz,romanian/real/WxdaDqICMP8_398_1.mp4,real,real,romanian,WxdaDqICMP8,WxdaDqICMP8,False,False
15616-I5oeY5O5oJI_25_4_label_fake.npz,english/sonic/15616-I5oeY5O5oJI_25_4.mp4,fake,sonic,english,15616-I5oeY5O5oJI,15616-I5oeY5O5oJI_25_4,True,False
17264-0-kY_RQxuc0_118_1_label_fake.npz,spanish/roop/17264-0-kY_RQxuc0_118_1.mp4,fake,roop,spanish,17264-0-kY,17264-0-kY_RQxuc0_118_1,True,False
26288-ezja7-YQ72g_63_6_label_fake.npz,russian/hififace/26288-ezja7-YQ72g_63_6.mp4,fake,hififace,russian,26288-ezja7-YQ72g,26288-ezja7-YQ72g_63_6,True,False
300_IfZd7tsXHP8_41_1_audio_short_512x512_1_0944_withaudio_label_fake.npz,spanish/echomimic/300_IfZd7tsXHP8_41_1_audio_short_512x512_1_0944_withaudio.mp4,fake,echomimic,spanish,300,300_IfZd7tsXHP8_41_1_audio_short_512x512_1_0944_withaudio,False,False
031_df3204d3.jpg_PmI4qnTpL0E_1_1_label_fake.npz,arabic/inswapper/031_df3204d3.jpg_PmI4qnTpL0E_1_1.mp4.mp4,fake,inswapper,arabic,031_df3204d3.jpg,PmI4qnTpL0E,False,False
sr3AvToIzJo_114_1_label_real.npz,spanish/real/sr3AvToIzJo_114_1.mp4,real,real,spanish,sr3AvToIzJo,sr3AvToIzJo,False,False
00364_tf_pzTBKuFY_audio_1_150_label_fake.npz,hindi/sonic/00364_tf_pzTBKuFY_audio_1_150.mp4,fake,sonic,hindi,00364,00364_tf_pzTBKuFY_audio_1_150,True,True
14158-yPuOZaNDtL8_60_1_label_fake.npz,spanish/inswapper/14158-yPuOZaNDtL8_60_1.mp4,fake,inswapper,spanish,14158-yPuOZaNDtL8,14158-yPuOZaNDtL8_60_1,False,False
SNHUu7YkNjA_60_8_label_real.npz,english/real/SNHUu7YkNjA_60_8.mp4,real,real,english,SNHUu7YkNjA,SNHUu7YkNjA,False,False
ldI1peHBLa0_52_13_label_real.npz,hindi/real/ldI1peHBLa0_52_13.mp4,real,real,hindi,ldI1peHBLa0,ldI1peHBLa0,False,True
27437-UFNRxEmoMaw_129_1_label_fake.npz,english/inswapper/27437-UFNRxEmoMaw_129_1.mp4,fake,inswapper,english,27437-UFNRxEmoMaw,27437-UFNRxEmoMaw_129_1,False,False
oEg4GH93aCY_73_1--25877-BJr-6o-eYLc_29_1_label_fake.npz,spanish/liveportrait/oEg4GH93aCY_73_1--25877-BJr-6o-eYLc_29_1.mp4,fake,liveportrait,spanish,oEg4GH93aCY,oEg4GH93aCY_73_1--25877-BJr-6o-eYLc_29_1,False,False
1878_vfDO6CnL7j8_40_1_label_fake.npz,spanish/memo/1878_vfDO6CnL7j8_40_1.mp4,fake,memo,spanish,1878,1878_vfDO6CnL7j8_40_1,False,False
035_0902e9ca_P_stI11n2Sc_16_2_label_fake.npz,romanian/memo/035_0902e9ca_P_stI11n2Sc_16_2.mp4,fake,memo,romanian,035,035_0902e9ca_P_stI11n2Sc_16_2,False,False
FgEqZxtEUUk_2_1--qxiG3Ycr0oM_11_label_fake.npz,arabic/liveportrait/FgEqZxtEUUk_2_1--qxiG3Ycr0oM_11.mp4,fake,liveportrait,arabic,FgEqZxtEUUk,FgEqZxtEUUk_2_1--qxiG3Ycr0oM_11,False,False
65891_awYvLQ53n3M_1_1_audio_short_512x512_1_0933_withaudio_label_fake.npz,russian/echomimic/65891_awYvLQ53n3M_1_1_audio_short_512x512_1_0933_withaudio.mp4,fake,echomimic,russian,65891,65891_awYvLQ53n3M_1_1_audio_short_512x512_1_0933_withaudio,False,False
16806-hUDTBHvQuAc_28_5_label_fake.npz,spanish/inswapper/16806-hUDTBHvQuAc_28_5.mp4,fake,inswapper,spanish,16806-hUDTBHvQuAc,16806-hUDTBHvQuAc_28_5,False,False
17941-KNEGWrD08f8_4_1_label_fake.npz,english/inswapper/17941-KNEGWrD08f8_4_1.mp4,fake,inswapper,english,17941-KNEGWrD08f8,17941-KNEGWrD08f8_4_1,False,False
PjGZ8ORHZc8_12_6_25fps--67_DYtC9k3oOJY_audio_3_132_label_fake.npz,hindi/liveportrait/PjGZ8ORHZc8_12_6_25fps--67_DYtC9k3oOJY_audio_3_132.mp4,fake,liveportrait,hindi,PjGZ8ORHZc8,PjGZ8ORHZc8_12_6_25fps--67_DYtC9k3oOJY_audio_3_132,False,True
346_8gqupeY6HmM_0_302_512x512_1_1647_withaudio_label_fake.npz,romanian/echomimic/346_8gqupeY6HmM_0_302_512x512_1_1647_withaudio.mp4,fake,echomimic,romanian,346,346_8gqupeY6HmM_0_302_512x512_1_1647_withaudio,False,False
128_jbx2IjXBmWA_0_1-batch-2025-02-04-10-00-57-123_label_fake.npz,romanian/inswapper/128_jbx2IjXBmWA_0_1-batch-2025-02-04-10-00-57-123.mp4,fake,inswapper,romanian,128,128_jbx2IjXBmWA_0_1-batch-2025-02-04-10-00-57-123,False,False
kHgF6z3Paos_299_1_25fps--29991_1nnKydcqmDI_223_1_25fps_label_fake.npz,german/liveportrait/kHgF6z3Paos_299_1_25fps--29991_1nnKydcqmDI_223_1_25fps.mp4,fake,liveportrait,german,kHgF6z3Paos,kHgF6z3Paos_299_1_25fps--29991_1nnKydcqmDI_223_1_25fps,False,True
05790_MOBGaVJH54A_171_2_audio_short_512x512_1_1655_withaudio_label_fake.npz,russian/echomimic/05790_MOBGaVJH54A_171_2_audio_short_512x512_1_1655_withaudio.mp4,fake,echomimic,russian,05790,05790_MOBGaVJH54A_171_2_audio_short_512x512_1_1655_withaudio,False,False
13656-Lv39BhZJ2mg_1_3_label_fake.npz,russian/inswapper/13656-Lv39BhZJ2mg_1_3.mp4,fake,inswapper,russian,13656-Lv39BhZJ2mg,13656-Lv39BhZJ2mg_1_3,False,False
18420-ADTwFvHACE4_112_2_label_fake.npz,russian/sonic/18420-ADTwFvHACE4_112_2.mp4,fake,sonic,russian,18420-ADTwFvHACE4,18420-ADTwFvHACE4_112_2,True,False
8529-cHjvhDTfItA_16_3_label_fake.npz,mandarin/inswapper/8529-cHjvhDTfItA_16_3.mp4,fake,inswapper,mandarin,8529-cHjvhDTfItA,8529-cHjvhDTfItA_16_3,False,False
39471.png_DuggBTqO2sc_300_1_label_fake.npz,arabic/inswapper/39471.png_DuggBTqO2sc_300_1.mp4.mp4,fake,inswapper,arabic,39471.png,DuggBTqO2sc,False,False
26062-E7hwoDHfU28_52_2_label_fake.npz,english/inswapper/26062-E7hwoDHfU28_52_2.mp4,fake,inswapper,english,26062-E7hwoDHfU28,26062-E7hwoDHfU28_52_2,False,False
071_a9b71352_XJmuXrN2cQA_300_4_label_fake.npz,romanian/memo/071_a9b71352_XJmuXrN2cQA_300_4.mp4,fake,memo,romanian,071,071_a9b71352_XJmuXrN2cQA_300_4,False,False
14993.png_KLyiFfWtoPI_381_2_label_fake.npz,hindi/inswapper/14993.png_KLyiFfWtoPI_381_2.mp4.mp4,fake,inswapper,hindi,14993.png,KLyiFfWtoPI,False,True
26334-7Fe7jdI2WIA_39_1_label_fake.npz,spanish/inswapper/26334-7Fe7jdI2WIA_39_1.mp4,fake,inswapper,spanish,26334-7Fe7jdI2WIA,26334-7Fe7jdI2WIA_39_1,False,False
0_M_syPuFos_64_2--3070-I5oeY5O5oJI_42_10_label_fake.npz,english/liveportrait/0_M_syPuFos_64_2--3070-I5oeY5O5oJI_42_10.mp4,fake,liveportrait,english,0,0_M_syPuFos_64_2--3070-I5oeY5O5oJI_42_10,False,False
11939-cbtkoZUOR1A_44_23_label_fake.npz,english/hififace/11939-cbtkoZUOR1A_44_23.mp4,fake,hififace,english,11939-cbtkoZUOR1A,11939-cbtkoZUOR1A_44_23,True,False
c-3fX59C_BU_0_6_242_label_fake.npz,romanian/sonic/c-3fX59C_BU_0_6_242.mp4,fake,sonic,romanian,c-3fX59C,c-3fX59C_BU_0_6_242,True,False
E7lIbmnQqgU_571_1_label_real.npz,german/real/E7lIbmnQqgU_571_1.mp4,real,real,german,E7lIbmnQqgU,E7lIbmnQqgU,False,True
07491-iuWDrafnyio_60_1_label_fake.npz,arabic/roop/07491-iuWDrafnyio_60_1.mp4,fake,roop,arabic,07491-iuWDrafnyio,07491-iuWDrafnyio_60_1,True,False
26295-mHii80xikXs_1043_1_label_fake.npz,romanian/roop/26295-mHii80xikXs_1043_1.mp4,fake,roop,romanian,26295-mHii80xikXs,26295-mHii80xikXs_1043_1,True,False
055_7e5055b5.jpg_-qs_Rh-rAbI_79_1_label_fake.npz,arabic/hififace/055_7e5055b5.jpg_-qs_Rh-rAbI_79_1.mp4.mp4,fake,hififace,arabic,055_7e5055b5.jpg,-qs_Rh-rAbI,True,False
02115.png_T1cTlK8k_6g_116_1_label_fake.npz,arabic/inswapper/02115.png_T1cTlK8k_6g_116_1.mp4.mp4,fake,inswapper,arabic,02115.png,T1cTlK8k_6g,False,False
Iy1E-yjDyFA_58_1--C3BJ-Ho09EU_71_label_fake.npz,arabic/liveportrait/Iy1E-yjDyFA_58_1--C3BJ-Ho09EU_71.mp4,fake,liveportrait,arabic,Iy1E-yjDyFA,Iy1E-yjDyFA_58_1--C3BJ-Ho09EU_71,False,False
388_Aw0sYFVWyWw_audio_3_512x512_1_1026_withaudio_label_fake.npz,hindi/echomimic/388_Aw0sYFVWyWw_audio_3_512x512_1_1026_withaudio.mp4,fake,echomimic,hindi,388,388_Aw0sYFVWyWw_audio_3_512x512_1_1026_withaudio,False,True
9cdh5Xebf2w_4_1_label_real.npz,romanian/real/9cdh5Xebf2w_4_1.mp4,real,real,romanian,9cdh5Xebf2w,9cdh5Xebf2w,False,False
14177-SWHweN9WlkU_72_2_label_fake.npz,spanish/sonic/14177-SWHweN9WlkU_72_2.mp4,fake,sonic,spanish,14177-SWHweN9WlkU,14177-SWHweN9WlkU_72_2,True,False
FLfyjfbThfA_94_1_label_real.npz,arabic/real/FLfyjfbThfA_94_1.mp4,real,real,arabic,FLfyjfbThfA,FLfyjfbThfA,False,False
002_f6b26479.jpg_-aDPCjQeWQs_327_1_label_fake.npz,arabic/inswapper/002_f6b26479.jpg_-aDPCjQeWQs_327_1.mp4.mp4,fake,inswapper,arabic,002_f6b26479.jpg,-aDPCjQeWQs,False,False
25677-cbtkoZUOR1A_109_11_label_fake.npz,english/inswapper/25677-cbtkoZUOR1A_109_11.mp4,fake,inswapper,english,25677-cbtkoZUOR1A,25677-cbtkoZUOR1A_109_11,False,False
23212-PYRFxrLt30A_42_2_label_fake.npz,english/sonic/23212-PYRFxrLt30A_42_2.mp4,fake,sonic,english,23212-PYRFxrLt30A,23212-PYRFxrLt30A_42_2,True,False
2CTT98xML9c_205_1--2nuDMfLoWGY_27_label_fake.npz,arabic/liveportrait/2CTT98xML9c_205_1--2nuDMfLoWGY_27.mp4,fake,liveportrait,arabic,2CTT98xML9c,2CTT98xML9c_205_1--2nuDMfLoWGY_27,False,False
020_c1a8bc2c_oeyLwy8sJhA_2_1-batch-2025-02-10-11-34-42-167_label_fake.npz,romanian/inswapper/020_c1a8bc2c_oeyLwy8sJhA_2_1-batch-2025-02-10-11-34-42-167.mp4,fake,inswapper,romanian,020,020_c1a8bc2c_oeyLwy8sJhA_2_1-batch-2025-02-10-11-34-42-167,False,False
588-GrQO5stiREI_130_1_label_fake.npz,mandarin/roop/588-GrQO5stiREI_130_1.mp4,fake,roop,mandarin,588-GrQO5stiREI,588-GrQO5stiREI_130_1,True,False
5xBpkc7-w3A_75_2_label_real.npz,english/real/5xBpkc7-w3A_75_2.mp4,real,real,english,5xBpkc7-w3A,5xBpkc7-w3A,False,False
111_BlgjnJ9y3oE_426_1_512x512_1_1803_withaudio_label_fake.npz,german/echomimic/111_BlgjnJ9y3oE_426_1_512x512_1_1803_withaudio.mp4,fake,echomimic,german,111,111_BlgjnJ9y3oE_426_1_512x512_1_1803_withaudio,False,True
j-SnQH4ewHU_99_2_label_real.npz,arabic/real/j-SnQH4ewHU_99_2.mp4,real,real,arabic,j-SnQH4ewHU,j-SnQH4ewHU,False,False
2070-pNogULi28gs_87_2_label_fake.npz,russian/inswapper/2070-pNogULi28gs_87_2.mp4,fake,inswapper,russian,2070-pNogULi28gs,2070-pNogULi28gs_87_2,False,False
19789-gUGPeMAFZtA_79_1_label_fake.npz,spanish/inswapper/19789-gUGPeMAFZtA_79_1.mp4,fake,inswapper,spanish,19789-gUGPeMAFZtA,19789-gUGPeMAFZtA_79_1,False,False
14934-Fjkw9vYDukg_146_1_label_fake.npz,russian/inswapper/14934-Fjkw9vYDukg_146_1.mp4,fake,inswapper,russian,14934-Fjkw9vYDukg,14934-Fjkw9vYDukg_146_1,False,False
294_XJmuXrN2cQA_336_12_512x512_1_0112_withaudio_label_fake.npz,romanian/echomimic/294_XJmuXrN2cQA_336_12_512x512_1_0112_withaudio.mp4,fake,echomimic,romanian,294,294_XJmuXrN2cQA_336_12_512x512_1_0112_withaudio,False,False
VvyPZwhivKQ_57_1--29316-LUn8IjZKBPg_77_2_label_fake.npz,english/liveportrait/VvyPZwhivKQ_57_1--29316-LUn8IjZKBPg_77_2.mp4,fake,liveportrait,english,VvyPZwhivKQ,VvyPZwhivKQ_57_1--29316-LUn8IjZKBPg_77_2,False,False
218_hPxlN7oW-UU_audio_3_512x512_1_1026_withaudio_label_fake.npz,hindi/echomimic/218_hPxlN7oW-UU_audio_3_512x512_1_1026_withaudio.mp4,fake,echomimic,hindi,218,218_hPxlN7oW-UU_audio_3_512x512_1_1026_withaudio,False,True
29898_LUn8IjZKBPg_96_2_label_fake.npz,english/memo/29898_LUn8IjZKBPg_96_2.mp4,fake,memo,english,29898,29898_LUn8IjZKBPg_96_2,False,False
VifDzyPgBNg_216_4_label_real.npz,romanian/real/VifDzyPgBNg_216_4.mp4,real,real,romanian,VifDzyPgBNg,VifDzyPgBNg,False,False
27825.png_Jy-bPwwFxhk_61_1_label_fake.npz,arabic/inswapper/27825.png_Jy-bPwwFxhk_61_1.mp4.mp4,fake,inswapper,arabic,27825.png,Jy-bPwwFxhk,False,False
2679-I5oeY5O5oJI_19_3_label_fake.npz,english/roop/2679-I5oeY5O5oJI_19_3.mp4,fake,roop,english,2679-I5oeY5O5oJI,2679-I5oeY5O5oJI_19_3,True,False
7071-DCeJZTSFTXs_7_1_label_fake.npz,mandarin/roop/7071-DCeJZTSFTXs_7_1.mp4,fake,roop,mandarin,7071-DCeJZTSFTXs,7071-DCeJZTSFTXs_7_1,True,False
21945-BJr-6o-eYLc_80_2_label_fake.npz,spanish/sonic/21945-BJr-6o-eYLc_80_2.mp4,fake,sonic,spanish,21945-BJr-6o-eYLc,21945-BJr-6o-eYLc_80_2,True,False
02756_qxiG3Ycr0oM_label_fake.npz,arabic/memo/02756_qxiG3Ycr0oM.mp4,fake,memo,arabic,02756,02756_qxiG3Ycr0oM,False,False
9CECkqcLjp4_1919_10_label_real.npz,arabic/real/9CECkqcLjp4_1919_10.mp4,real,real,arabic,9CECkqcLjp4,9CECkqcLjp4,False,False
KLyiFfWtoPI_516_3_label_real.npz,hindi/real/KLyiFfWtoPI_516_3.mp4,real,real,hindi,KLyiFfWtoPI,KLyiFfWtoPI,False,True
350_NEEN8fSBuWI_56_1_512x512_1_1803_withaudio_label_fake.npz,german/echomimic/350_NEEN8fSBuWI_56_1_512x512_1_1803_withaudio.mp4,fake,echomimic,german,350,350_NEEN8fSBuWI_56_1_512x512_1_1803_withaudio,False,True
020_c1a8bc2c_DR5IQXWY_uA_193_1-batch-2025-02-06-13-00-20-413_label_fake.npz,romanian/hififace/020_c1a8bc2c_DR5IQXWY_uA_193_1-batch-2025-02-06-13-00-20-413.mp4,fake,hififace,romanian,020,020_c1a8bc2c_DR5IQXWY_uA_193_1-batch-2025-02-06-13-00-20-413,True,False
26600-WowrvQ9h9ao_43_2_label_fake.npz,mandarin/inswapper/26600-WowrvQ9h9ao_43_2.mp4,fake,inswapper,mandarin,26600-WowrvQ9h9ao,26600-WowrvQ9h9ao_43_2,False,False
14030-o3KMJLxjdoM_59_3_label_fake.npz,spanish/sonic/14030-o3KMJLxjdoM_59_3.mp4,fake,sonic,spanish,14030-o3KMJLxjdoM,14030-o3KMJLxjdoM_59_3,True,False
8202-PEKF-vrTi9Q_23_4_label_fake.npz,mandarin/inswapper/8202-PEKF-vrTi9Q_23_4.mp4,fake,inswapper,mandarin,8202-PEKF-vrTi9Q,8202-PEKF-vrTi9Q_23_4,False,False
02510_bv70OtX10G0_2_1_label_fake.npz,arabic/memo/02510_bv70OtX10G0_2_1.mp4,fake,memo,arabic,02510,02510_bv70OtX10G0_2_1,False,False
077_e589a0e2_1WuFbrHbnW8_94_5-batch-2025-02-06-13-00-20-351_label_fake.npz,romanian/hififace/077_e589a0e2_1WuFbrHbnW8_94_5-batch-2025-02-06-13-00-20-351.mp4,fake,hififace,romanian,077,077_e589a0e2_1WuFbrHbnW8_94_5-batch-2025-02-06-13-00-20-351,True,False
zpEUWKUUxdY_12_5--XpSaYhEhjD0_57_label_fake.npz,arabic/liveportrait/zpEUWKUUxdY_12_5--XpSaYhEhjD0_57.mp4,fake,liveportrait,arabic,zpEUWKUUxdY,zpEUWKUUxdY_12_5--XpSaYhEhjD0_57,False,False
j-SnQH4ewHU_90_1--zpEUWKUUxdY_41_4_5_label_fake.npz,arabic/liveportrait/j-SnQH4ewHU_90_1--zpEUWKUUxdY_41_4_5.mp4,fake,liveportrait,arabic,j-SnQH4ewHU,j-SnQH4ewHU_90_1--zpEUWKUUxdY_41_4_5,False,False
W3xHmerC4wM_5_1--MFusQ6Jv5cE_89_2_59_label_fake.npz,arabic/liveportrait/W3xHmerC4wM_5_1--MFusQ6Jv5cE_89_2_59.mp4,fake,liveportrait,arabic,W3xHmerC4wM,W3xHmerC4wM_5_1--MFusQ6Jv5cE_89_2_59,False,False
470_8Kr-holll-Y_audio_2_label_fake.npz,hindi/memo/470_8Kr-holll-Y_audio_2.mp4,fake,memo,hindi,470,470_8Kr-holll-Y_audio_2,False,True
083_16b5e7ab_MxlocFNdoXg_797_2-batch-2025-02-05-13-35-36-78_label_fake.npz,romanian/inswapper/083_16b5e7ab_MxlocFNdoXg_797_2-batch-2025-02-05-13-35-36-78.mp4,fake,inswapper,romanian,083,083_16b5e7ab_MxlocFNdoXg_797_2-batch-2025-02-05-13-35-36-78,False,False
3557-wGcqFV_alDk_84_1_label_fake.npz,russian/roop/3557-wGcqFV_alDk_84_1.mp4,fake,roop,russian,3557-wGcqFV,3557-wGcqFV_alDk_84_1,True,False
238_5xBpkc7-w3A_52_1_audio_short_512x512_1_0732_withaudio_label_fake.npz,english/echomimic/238_5xBpkc7-w3A_52_1_audio_short_512x512_1_0732_withaudio.mp4,fake,echomimic,english,238,238_5xBpkc7-w3A_52_1_audio_short_512x512_1_0732_withaudio,False,False
147_8wx4wssZgfo_73_6_label_fake.npz,romanian/memo/147_8wx4wssZgfo_73_6.mp4,fake,memo,romanian,147,147_8wx4wssZgfo_73_6,False,False
29948.png_28Z-aq2wk60_82_2_label_fake.npz,hindi/inswapper/29948.png_28Z-aq2wk60_82_2.mp4.mp4,fake,inswapper,hindi,29948.png,28Z-aq2wk60,False,True
dTeNSc1Sp28_0_46_label_real.npz,hindi/real/dTeNSc1Sp28_0_46.mp4,real,real,hindi,dTeNSc1Sp28,dTeNSc1Sp28,False,True
rxLBonV9-4Y_43_3--25493-a0MIIwPGYB4_48_1_label_fake.npz,spanish/liveportrait/rxLBonV9-4Y_43_3--25493-a0MIIwPGYB4_48_1.mp4,fake,liveportrait,spanish,rxLBonV9-4Y,rxLBonV9-4Y_43_3--25493-a0MIIwPGYB4_48_1,False,False
u-X671JqQWA_71_204_label_real.npz,german/real/u-X671JqQWA_71_204.mp4,real,real,german,u-X671JqQWA,u-X671JqQWA,False,True
21235-BJr-6o-eYLc_76_1_label_fake.npz,spanish/hififace/21235-BJr-6o-eYLc_76_1.mp4,fake,hififace,spanish,21235-BJr-6o-eYLc,21235-BJr-6o-eYLc_76_1,True,False
01937_VwGAwKPTk3I_audio_3_label_fake.npz,hindi/memo/01937_VwGAwKPTk3I_audio_3.mp4,fake,memo,hindi,01937,01937_VwGAwKPTk3I_audio_3,False,True
mHii80xikXs_5817_1_label_real.npz,romanian/real/mHii80xikXs_5817_1.mp4,real,real,romanian,mHii80xikXs,mHii80xikXs,False,False
145_PmI4qnTpL0E_246_6_512x512_1_0533_withaudio_label_fake.npz,arabic/echomimic/145_PmI4qnTpL0E_246_6_512x512_1_0533_withaudio.mp4,fake,echomimic,arabic,145,145_PmI4qnTpL0E_246_6_512x512_1_0533_withaudio,False,False
12722.png_SzhK7Q-pY0U_1_103_label_fake.npz,arabic/hififace/12722.png_SzhK7Q-pY0U_1_103.mp4.mp4,fake,hififace,arabic,12722.png,SzhK7Q-pY0U,True,False
2463-_W4Em_fHubY_78_1_label_fake.npz,mandarin/roop/2463-_W4Em_fHubY_78_1.mp4,fake,roop,mandarin,2463-,2463-_W4Em_fHubY_78_1,True,False
29554_BhwnAYvzhm4_33_1_label_fake.npz,spanish/memo/29554_BhwnAYvzhm4_33_1.mp4,fake,memo,spanish,29554,29554_BhwnAYvzhm4_33_1,False,False
104_beITuzgzIbo_audio_3_512x512_1_1026_withaudio_label_fake.npz,hindi/echomimic/104_beITuzgzIbo_audio_3_512x512_1_1026_withaudio.mp4,fake,echomimic,hindi,104,104_beITuzgzIbo_audio_3_512x512_1_1026_withaudio,False,True
zpEUWKUUxdY_12_9_label_real.npz,arabic/real/zpEUWKUUxdY_12_9.mp4,real,real,arabic,zpEUWKUUxdY,zpEUWKUUxdY,False,False
49586_6cKTSj4a8bQ_138_5_audio_short_512x512_1_1655_withaudio_label_fake.npz,russian/echomimic/49586_6cKTSj4a8bQ_138_5_audio_short_512x512_1_1655_withaudio.mp4,fake,echomimic,russian,49586,49586_6cKTSj4a8bQ_138_5_audio_short_512x512_1_1655_withaudio,False,False
063_fe99146b.jpg_eWj2-6q2ybk_267_1_label_fake.npz,arabic/inswapper/063_fe99146b.jpg_eWj2-6q2ybk_267_1.mp4.mp4,fake,inswapper,arabic,063_fe99146b.jpg,eWj2-6q2ybk,False,False
14182-fmc0Pk8A0T0_7_1_label_fake.npz,english/hififace/14182-fmc0Pk8A0T0_7_1.mp4,fake,hififace,english,14182-fmc0Pk8A0T0,14182-fmc0Pk8A0T0_7_1,True,False
zpEUWKUUxdY_9_11_label_real.npz,arabic/real/zpEUWKUUxdY_9_11.mp4,real,real,arabic,zpEUWKUUxdY,zpEUWKUUxdY,False,False
kQPvtHeUUfU_91_1_label_real.npz,german/real/kQPvtHeUUfU_91_1.mp4,real,real,german,kQPvtHeUUfU,kQPvtHeUUfU,False,True
VGCRcRs-jkE_67_1--2nuDMfLoWGY_26_label_fake.npz,arabic/liveportrait/VGCRcRs-jkE_67_1--2nuDMfLoWGY_26.mp4,fake,liveportrait,arabic,VGCRcRs-jkE,VGCRcRs-jkE_67_1--2nuDMfLoWGY_26,False,False
40_oGo0qpktVW0_1080p_153_1_512x512_1_1803_withaudio_label_fake.npz,german/echomimic/40_oGo0qpktVW0_1080p_153_1_512x512_1_1803_withaudio.mp4,fake,echomimic,german,40,40_oGo0qpktVW0_1080p_153_1_512x512_1_1803_withaudio,False,True
021_2d9dd3a2_dqFjx2I4KXg_26_1_label_fake.npz,romanian/memo/021_2d9dd3a2_dqFjx2I4KXg_26_1.mp4,fake,memo,romanian,021,021_2d9dd3a2_dqFjx2I4KXg_26_1,False,False
307_hPxlN7oW-UU_audio_2_62_label_fake.npz,hindi/sonic/307_hPxlN7oW-UU_audio_2_62.mp4,fake,sonic,hindi,307,307_hPxlN7oW-UU_audio_2_62,True,True
q1vwJHBVQSk_35_4--3222-itFwx1CZM9I_104_3_label_fake.npz,russian/liveportrait/q1vwJHBVQSk_35_4--3222-itFwx1CZM9I_104_3.mp4,fake,liveportrait,russian,q1vwJHBVQSk,q1vwJHBVQSk_35_4--3222-itFwx1CZM9I_104_3,False,False
A-BRu8z7ztk_33_1--16069-d2om_PGtwWY_7_2_label_fake.npz,english/liveportrait/A-BRu8z7ztk_33_1--16069-d2om_PGtwWY_7_2.mp4,fake,liveportrait,english,A-BRu8z7ztk,A-BRu8z7ztk_33_1--16069-d2om_PGtwWY_7_2,False,False
494_4DXBHgW9NlI_280_12-batch-2025-02-06-13-00-20-296_label_fake.npz,romanian/hififace/494_4DXBHgW9NlI_280_12-batch-2025-02-06-13-00-20-296.mp4,fake,hififace,romanian,494,494_4DXBHgW9NlI_280_12-batch-2025-02-06-13-00-20-296,True,False
wtCogf-htV0_156_2_label_real.npz,english/real/wtCogf-htV0_156_2.mp4,real,real,english,wtCogf-htV0,wtCogf-htV0,False,False
18008_ADTwFvHACE4_15_3_label_fake.npz,mandarin/memo/18008_ADTwFvHACE4_15_3.mp4,fake,memo,mandarin,18008,18008_ADTwFvHACE4_15_3,False,False
52752_GiRZf3AUfW0_2_42_label_fake.npz,german/memo/52752_GiRZf3AUfW0_2_42.mp4,fake,memo,german,52752,52752_GiRZf3AUfW0_2_42,False,True
097_d6f6f9cf.jpg_2CTT98xML9c_181_1_label_fake.npz,arabic/inswapper/097_d6f6f9cf.jpg_2CTT98xML9c_181_1.mp4.mp4,fake,inswapper,arabic,097_d6f6f9cf.jpg,2CTT98xML9c,False,False
21496-0juLRi90kRg_54_1_label_fake.npz,english/inswapper/21496-0juLRi90kRg_54_1.mp4,fake,inswapper,english,21496-0juLRi90kRg,21496-0juLRi90kRg_54_1,False,False
21687-ADTwFvHACE4_55_1_label_fake.npz,russian/inswapper/21687-ADTwFvHACE4_55_1.mp4,fake,inswapper,russian,21687-ADTwFvHACE4,21687-ADTwFvHACE4_55_1,False,False
11887-Lcbr99pQZOU_80_1_label_fake.npz,spanish/hififace/11887-Lcbr99pQZOU_80_1.mp4,fake,hififace,spanish,11887-Lcbr99pQZOU,11887-Lcbr99pQZOU_80_1,True,False
q1vwJHBVQSk_27_3--8183-pzdnuEa8a20_149_2_label_fake.npz,mandarin/liveportrait/q1vwJHBVQSk_27_3--8183-pzdnuEa8a20_149_2.mp4,fake,liveportrait,mandarin,q1vwJHBVQSk,q1vwJHBVQSk_27_3--8183-pzdnuEa8a20_149_2,False,False
197_WXGfdzE7hhI_57_2_512x512_1_0112_withaudio_label_fake.npz,romanian/echomimic/197_WXGfdzE7hhI_57_2_512x512_1_0112_withaudio.mp4,fake,echomimic,romanian,197,197_WXGfdzE7hhI_57_2_512x512_1_0112_withaudio,False,False
21795_I5oeY5O5oJI_53_9_label_fake.npz,english/memo/21795_I5oeY5O5oJI_53_9.mp4,fake,memo,english,21795,21795_I5oeY5O5oJI_53_9,False,False
10469_WowrvQ9h9ao_90_2_audio_short_512x512_1_0557_withaudio_label_fake.npz,mandarin/echomimic/10469_WowrvQ9h9ao_90_2_audio_short_512x512_1_0557_withaudio.mp4,fake,echomimic,mandarin,10469,10469_WowrvQ9h9ao_90_2_audio_short_512x512_1_0557_withaudio,False,False
20032.png_vwmz_YhDYtc_0_1_label_fake.npz,arabic/inswapper/20032.png_vwmz_YhDYtc_0_1.mp4.mp4,fake,inswapper,arabic,20032.png,vwmz_YhDYtc,False,False
16763-z7wk53Pt_0E_76_1_label_fake.npz,english/roop/16763-z7wk53Pt_0E_76_1.mp4,fake,roop,english,16763-z7wk53Pt,16763-z7wk53Pt_0E_76_1,True,False
94_XblD1mtXBWY_84_1_512x512_1_1647_withaudio_label_fake.npz,romanian/echomimic/94_XblD1mtXBWY_84_1_512x512_1_1647_withaudio.mp4,fake,echomimic,romanian,94,94_XblD1mtXBWY_84_1_512x512_1_1647_withaudio,False,False
257_W9C4OBc6El4_182_1_label_fake.npz,romanian/memo/257_W9C4OBc6El4_182_1.mp4,fake,memo,romanian,257,257_W9C4OBc6El4_182_1,False,False
4109-u6akTRg2ecw_99_2_label_fake.npz,russian/roop/4109-u6akTRg2ecw_99_2.mp4,fake,roop,russian,4109-u6akTRg2ecw,4109-u6akTRg2ecw_99_2,True,False
25315-I2s4msDXNgw_32_1_label_fake.npz,english/hififace/25315-I2s4msDXNgw_32_1.mp4,fake,hififace,english,25315-I2s4msDXNgw,25315-I2s4msDXNgw_32_1,True,False
12450-DCeJZTSFTXs_8_7_label_fake.npz,mandarin/inswapper/12450-DCeJZTSFTXs_8_7.mp4,fake,inswapper,mandarin,12450-DCeJZTSFTXs,12450-DCeJZTSFTXs_8_7,False,False
wdNhtZOGxBw_256_1_25fps--25464_TkkHKU_lLqU_37_5_25fps_label_fake.npz,german/liveportrait/wdNhtZOGxBw_256_1_25fps--25464_TkkHKU_lLqU_37_5_25fps.mp4,fake,liveportrait,german,wdNhtZOGxBw,wdNhtZOGxBw_256_1_25fps--25464_TkkHKU_lLqU_37_5_25fps,False,True
127_e0GahnJx-Sc_102_1_512x512_1_0112_withaudio_label_fake.npz,romanian/echomimic/127_e0GahnJx-Sc_102_1_512x512_1_0112_withaudio.mp4,fake,echomimic,romanian,127,127_e0GahnJx-Sc_102_1_512x512_1_0112_withaudio,False,False
04966.png_dFiwhwAHNMw_26_1_label_fake.npz,arabic/inswapper/04966.png_dFiwhwAHNMw_26_1.mp4.mp4,fake,inswapper,arabic,04966.png,dFiwhwAHNMw,False,False
00064_Y7ZKnBkWoHM_audio_2_label_fake.npz,hindi/memo/00064_Y7ZKnBkWoHM_audio_2.mp4,fake,memo,hindi,00064,00064_Y7ZKnBkWoHM_audio_2,False,True
19846-mRNCLRo9JAM_13_1_label_fake.npz,russian/inswapper/19846-mRNCLRo9JAM_13_1.mp4,fake,inswapper,russian,19846-mRNCLRo9JAM,19846-mRNCLRo9JAM_13_1,False,False
388_oTElQFuLr7o_70_1_512x512_1_0112_withaudio_label_fake.npz,romanian/echomimic/388_oTElQFuLr7o_70_1_512x512_1_0112_withaudio.mp4,fake,echomimic,romanian,388,388_oTElQFuLr7o_70_1_512x512_1_0112_withaudio,False,False
490_XblD1mtXBWY_4_1-batch-2025-02-06-13-00-20-452_label_fake.npz,romanian/hififace/490_XblD1mtXBWY_4_1-batch-2025-02-06-13-00-20-452.mp4,fake,hififace,romanian,490,490_XblD1mtXBWY_4_1-batch-2025-02-06-13-00-20-452,True,False
417_2Y7VppSRztU_0_2-batch-2025-02-04-10-00-57-137_label_fake.npz,romanian/inswapper/417_2Y7VppSRztU_0_2-batch-2025-02-04-10-00-57-137.mp4,fake,inswapper,romanian,417,417_2Y7VppSRztU_0_2-batch-2025-02-04-10-00-57-137,False,False
099_d22b8b8b.jpg_dTeNSc1Sp28_16_1_label_fake.npz,hindi/hififace/099_d22b8b8b.jpg_dTeNSc1Sp28_16_1.mp4.mp4,fake,hififace,hindi,099_d22b8b8b.jpg,dTeNSc1Sp28,True,True
421_p549xMw_urc_24_1_512x512_1_0112_withaudio_label_fake.npz,romanian/echomimic/421_p549xMw_urc_24_1_512x512_1_0112_withaudio.mp4,fake,echomimic,romanian,421,421_p549xMw_urc_24_1_512x512_1_0112_withaudio,False,False
18370-UPHmXouXHdM_1_4_label_fake.npz,spanish/roop/18370-UPHmXouXHdM_1_4.mp4,fake,roop,spanish,18370-UPHmXouXHdM,18370-UPHmXouXHdM_1_4,True,False
29400-squ9XOfBKaY_17_3_label_fake.npz,russian/inswapper/29400-squ9XOfBKaY_17_3.mp4,fake,inswapper,russian,29400-squ9XOfBKaY,29400-squ9XOfBKaY_17_3,False,False
3785-3NYH-zyIfZY_62_1_label_fake.npz,russian/hififace/3785-3NYH-zyIfZY_62_1.mp4,fake,hififace,russian,3785-3NYH-zyIfZY,3785-3NYH-zyIfZY_62_1,True,False
ybfyLfI5Ml0_74_1_label_real.npz,spanish/real/ybfyLfI5Ml0_74_1.mp4,real,real,spanish,ybfyLfI5Ml0,ybfyLfI5Ml0,False,False
02277_EoZRPfVRY7I_audio_3_label_fake.npz,hindi/memo/02277_EoZRPfVRY7I_audio_3.mp4,fake,memo,hindi,02277,02277_EoZRPfVRY7I_audio_3,False,True
22176-H_c_crxV9O8_19_1_label_fake.npz,russian/inswapper/22176-H_c_crxV9O8_19_1.mp4,fake,inswapper,russian,22176-H,22176-H_c_crxV9O8_19_1,False,False
079_fd41500f_MxlocFNdoXg_797_2-batch-2025-02-09-17-27-49-1_label_fake.npz,romanian/inswapper/079_fd41500f_MxlocFNdoXg_797_2-batch-2025-02-09-17-27-49-1.mp4,fake,inswapper,romanian,079,079_fd41500f_MxlocFNdoXg_797_2-batch-2025-02-09-17-27-49-1,False,False
PqumaD82tcI_153_17_label_real.npz,romanian/real/PqumaD82tcI_153_17.mp4,real,real,romanian,PqumaD82tcI,PqumaD82tcI,False,False
25525-xGCuF-h-XVc_75_1_label_fake.npz,russian/inswapper/25525-xGCuF-h-XVc_75_1.mp4,fake,inswapper,russian,25525-xGCuF-h-XVc,25525-xGCuF-h-XVc_75_1,False,False
498_78p4J0EEepU_6_2-batch-2025-02-06-13-00-20-432_label_fake.npz,romanian/hififace/498_78p4J0EEepU_6_2-batch-2025-02-06-13-00-20-432.mp4,fake,hififace,romanian,498,498_78p4J0EEepU_6_2-batch-2025-02-06-13-00-20-432,True,False
5195-ZMs-gVbhNIY_28_1_label_fake.npz,english/inswapper/5195-ZMs-gVbhNIY_28_1.mp4,fake,inswapper,english,5195-ZMs-gVbhNIY,5195-ZMs-gVbhNIY_28_1,False,False
077_d8ba3326_MHvzDoRT2EQ_48_1_label_fake.npz,romanian/memo/077_d8ba3326_MHvzDoRT2EQ_48_1.mp4,fake,memo,romanian,077,077_d8ba3326_MHvzDoRT2EQ_48_1,False,False
24413_647itg-A_aw_44_1_audio_short_512x512_1_0732_withaudio_label_fake.npz,english/echomimic/24413_647itg-A_aw_44_1_audio_short_512x512_1_0732_withaudio.mp4,fake,echomimic,english,24413,24413_647itg-A_aw_44_1_audio_short_512x512_1_0732_withaudio,False,False
496_SSK5FwoCwyU_label_fake.npz,arabic/memo/496_SSK5FwoCwyU.mp4,fake,memo,arabic,496,496_SSK5FwoCwyU,False,False
329_aEjFTuGdxKo_1_1_audio_short_512x512_1_1652_withaudio_label_fake.npz,spanish/echomimic/329_aEjFTuGdxKo_1_1_audio_short_512x512_1_1652_withaudio.mp4,fake,echomimic,spanish,329,329_aEjFTuGdxKo_1_1_audio_short_512x512_1_1652_withaudio,False,False
037_c035b16e-AsrSRZTj2Tk_109_19_label_fake.npz,hindi/roop/037_c035b16e-AsrSRZTj2Tk_109_19.mp4,fake,roop,hindi,037,037_c035b16e-AsrSRZTj2Tk_109_19,True,True
22486-cbtkoZUOR1A_109_12_label_fake.npz,english/inswapper/22486-cbtkoZUOR1A_109_12.mp4,fake,inswapper,english,22486-cbtkoZUOR1A,22486-cbtkoZUOR1A_109_12,False,False
28123-6w9ikJPzTOA_40_1_label_fake.npz,spanish/inswapper/28123-6w9ikJPzTOA_40_1.mp4,fake,inswapper,spanish,28123-6w9ikJPzTOA,28123-6w9ikJPzTOA_40_1,False,False
15893-cHjvhDTfItA_19_4_label_fake.npz,mandarin/inswapper/15893-cHjvhDTfItA_19_4.mp4,fake,inswapper,mandarin,15893-cHjvhDTfItA,15893-cHjvhDTfItA_19_4,False,False
7032-z7wk53Pt_0E_14_1_label_fake.npz,english/hififace/7032-z7wk53Pt_0E_14_1.mp4,fake,hififace,english,7032-z7wk53Pt,7032-z7wk53Pt_0E_14_1,True,False
T1cTlK8k_6g_108_1_label_real.npz,arabic/real/T1cTlK8k_6g_108_1.mp4,real,real,arabic,T1cTlK8k_6g,T1cTlK8k_6g,False,False
9DTxDmLwFb8_154_28_label_real.npz,romanian/real/9DTxDmLwFb8_154_28.mp4,real,real,romanian,9DTxDmLwFb8,9DTxDmLwFb8,False,False
9C7jAAxWnqA_245_3--20568-awNrju1X3zc_58_1_label_fake.npz,mandarin/liveportrait/9C7jAAxWnqA_245_3--20568-awNrju1X3zc_58_1.mp4,fake,liveportrait,mandarin,9C7jAAxWnqA,9C7jAAxWnqA_245_3--20568-awNrju1X3zc_58_1,False,False
33475_DbQjrA9VPjY_34_1_audio_short_512x512_1_0732_withaudio_label_fake.npz,english/echomimic/33475_DbQjrA9VPjY_34_1_audio_short_512x512_1_0732_withaudio.mp4,fake,echomimic,english,33475,33475_DbQjrA9VPjY_34_1_audio_short_512x512_1_0732_withaudio,False,False
c-3fX59C_BU_0_257--OprPPstAfSg_58_10_33_label_fake.npz,romanian/liveportrait/c-3fX59C_BU_0_257--OprPPstAfSg_58_10_33.mp4,fake,liveportrait,romanian,c-3fX59C,c-3fX59C_BU_0_257--OprPPstAfSg_58_10_33,False,False
399_EKwa4XXZdPE_69_1_512x512_1_0112_withaudio_label_fake.npz,romanian/echomimic/399_EKwa4XXZdPE_69_1_512x512_1_0112_withaudio.mp4,fake,echomimic,romanian,399,399_EKwa4XXZdPE_69_1_512x512_1_0112_withaudio,False,False
14781-4DNuopwIbbU_110_1_label_fake.npz,spanish/roop/14781-4DNuopwIbbU_110_1.mp4,fake,roop,spanish,14781-4DNuopwIbbU,14781-4DNuopwIbbU_110_1,True,False
12983-C95B9sgbmOc_19_7_label_fake.npz,mandarin/roop/12983-C95B9sgbmOc_19_7.mp4,fake,roop,mandarin,12983-C95B9sgbmOc,12983-C95B9sgbmOc_19_7,True,False
-19DTZ6_d6U_510_2--2NlEdgEI_mc_65_5_394_label_fake.npz,romanian/liveportrait/-19DTZ6_d6U_510_2--2NlEdgEI_mc_65_5_394.mp4,fake,liveportrait,romanian,-19DTZ6,-19DTZ6_d6U_510_2--2NlEdgEI_mc_65_5_394,False,False
15895-I-B_Oa6_eNU_113_1_label_fake.npz,english/inswapper/15895-I-B_Oa6_eNU_113_1.mp4,fake,inswapper,english,15895-I-B,15895-I-B_Oa6_eNU_113_1,False,False
mCwiflF4BmE_190_3_label_real.npz,hindi/real/mCwiflF4BmE_190_3.mp4,real,real,hindi,mCwiflF4BmE,mCwiflF4BmE,False,True
DaRstA12CeI_596_1_label_real.npz,hindi/real/DaRstA12CeI_596_1.mp4,real,real,hindi,DaRstA12CeI,DaRstA12CeI,False,True
GrQO5stiREI_130_1_label_real.npz,mandarin/real/GrQO5stiREI_130_1.mp4,real,real,mandarin,GrQO5stiREI,GrQO5stiREI,False,False
008_d1f87068_O6WbFpXUI0E_84_1_label_fake.npz,romanian/memo/008_d1f87068_O6WbFpXUI0E_84_1.mp4,fake,memo,romanian,008,008_d1f87068_O6WbFpXUI0E_84_1,False,False
27651_53GIoeOAam4_40_5_label_fake.npz,russian/memo/27651_53GIoeOAam4_40_5.mp4,fake,memo,russian,27651,27651_53GIoeOAam4_40_5,False,False
21292-CWEWBgVwFc8_40_1_label_fake.npz,english/inswapper/21292-CWEWBgVwFc8_40_1.mp4,fake,inswapper,english,21292-CWEWBgVwFc8,21292-CWEWBgVwFc8_40_1,False,False
SDMFBIhN9fw_525_1_label_real.npz,arabic/real/SDMFBIhN9fw_525_1.mp4,real,real,arabic,SDMFBIhN9fw,SDMFBIhN9fw,False,False
09704_u6akTRg2ecw_104_1_audio_short_512x512_1_1655_withaudio_label_fake.npz,russian/echomimic/09704_u6akTRg2ecw_104_1_audio_short_512x512_1_1655_withaudio.mp4,fake,echomimic,russian,09704,09704_u6akTRg2ecw_104_1_audio_short_512x512_1_1655_withaudio,False,False
17599-mRNCLRo9JAM_31_16_label_fake.npz,russian/inswapper/17599-mRNCLRo9JAM_31_16.mp4,fake,inswapper,russian,17599-mRNCLRo9JAM,17599-mRNCLRo9JAM_31_16,False,False
177_KNktDoYajMk_192_1_label_fake.npz,arabic/memo/177_KNktDoYajMk_192_1.mp4,fake,memo,arabic,177,177_KNktDoYajMk_192_1,False,False
79_HBavab-BVJ8_3_1_512x512_1_0112_withaudio_label_fake.npz,romanian/echomimic/79_HBavab-BVJ8_3_1_512x512_1_0112_withaudio.mp4,fake,echomimic,romanian,79,79_HBavab-BVJ8_3_1_512x512_1_0112_withaudio,False,False
064_84cdff70_XblD1mtXBWY_55_5_label_fake.npz,romanian/memo/064_84cdff70_XblD1mtXBWY_55_5.mp4,fake,memo,romanian,064,064_84cdff70_XblD1mtXBWY_55_5,False,False
03955_6Hh5ba8gpfw_audio_2_label_fake.npz,hindi/memo/03955_6Hh5ba8gpfw_audio_2.mp4,fake,memo,hindi,03955,03955_6Hh5ba8gpfw_audio_2,False,True
180_WXGfdzE7hhI_30_1-batch-2025-02-03-22-17-41-25_label_fake.npz,romanian/inswapper/180_WXGfdzE7hhI_30_1-batch-2025-02-03-22-17-41-25.mp4,fake,inswapper,romanian,180,180_WXGfdzE7hhI_30_1-batch-2025-02-03-22-17-41-25,False,False
14002.png_eWj2-6q2ybk_258_2_label_fake.npz,arabic/inswapper/14002.png_eWj2-6q2ybk_258_2.mp4.mp4,fake,inswapper,arabic,14002.png,eWj2-6q2ybk,False,False
2096-Uk6sPnRL0WQ_10_1_label_fake.npz,mandarin/sonic/2096-Uk6sPnRL0WQ_10_1.mp4,fake,sonic,mandarin,2096-Uk6sPnRL0WQ,2096-Uk6sPnRL0WQ_10_1,True,False
496__LL3BSLGscY_0_1-batch-2025-02-06-13-00-20-307_label_fake.npz,romanian/hififace/496__LL3BSLGscY_0_1-batch-2025-02-06-13-00-20-307.mp4,fake,hififace,romanian,496,496__LL3BSLGscY_0_1-batch-2025-02-06-13-00-20-307,True,False
494_ktHQEAF3mEM_85_2-batch-2025-02-09-17-16-07-1_label_fake.npz,romanian/inswapper/494_ktHQEAF3mEM_85_2-batch-2025-02-09-17-16-07-1.mp4,fake,inswapper,romanian,494,494_ktHQEAF3mEM_85_2-batch-2025-02-09-17-16-07-1,False,False
14930-JJPfmH5r99k_28_1_label_fake.npz,english/sonic/14930-JJPfmH5r99k_28_1.mp4,fake,sonic,english,14930-JJPfmH5r99k,14930-JJPfmH5r99k_28_1,True,False
19354-YHiV0rUyg0U_3_1_label_fake.npz,spanish/sonic/19354-YHiV0rUyg0U_3_1.mp4,fake,sonic,spanish,19354-YHiV0rUyg0U,19354-YHiV0rUyg0U_3_1,True,False
271_PXdPmUJN6k0_74_16_label_fake.npz,arabic/memo/271_PXdPmUJN6k0_74_16.mp4,fake,memo,arabic,271,271_PXdPmUJN6k0_74_16,False,False
1889-sw2V54gc-iQ_77_2_label_fake.npz,russian/inswapper/1889-sw2V54gc-iQ_77_2.mp4,fake,inswapper,russian,1889-sw2V54gc-iQ,1889-sw2V54gc-iQ_77_2,False,False
11549_HUqaEI0dweE_23_2_label_fake.npz,spanish/memo/11549_HUqaEI0dweE_23_2.mp4,fake,memo,spanish,11549,11549_HUqaEI0dweE_23_2,False,False
26435-wnwjcJfC-1U_81_1_label_fake.npz,spanish/roop/26435-wnwjcJfC-1U_81_1.mp4,fake,roop,spanish,26435-wnwjcJfC-1U,26435-wnwjcJfC-1U_81_1,True,False
11395.png_9CECkqcLjp4_1524_1_label_fake.npz,arabic/hififace/11395.png_9CECkqcLjp4_1524_1.mp4.mp4,fake,hififace,arabic,11395.png,9CECkqcLjp4,True,False
19645-2Ny5UJLpoxg_22_1_label_fake.npz,spanish/inswapper/19645-2Ny5UJLpoxg_22_1.mp4,fake,inswapper,spanish,19645-2Ny5UJLpoxg,19645-2Ny5UJLpoxg_22_1,False,False
13924-cbtkoZUOR1A_109_11_label_fake.npz,english/hififace/13924-cbtkoZUOR1A_109_11.mp4,fake,hififace,english,13924-cbtkoZUOR1A,13924-cbtkoZUOR1A_109_11,True,False
_-nNx99qK4A_94_1_label_real.npz,spanish/real/_-nNx99qK4A_94_1.mp4,real,real,spanish,_-nNx99qK4A,_-nNx99qK4A,False,False
59376_Mb-ynUI4Me4_65_2_audio_short_512x512_1_0933_withaudio_label_fake.npz,russian/echomimic/59376_Mb-ynUI4Me4_65_2_audio_short_512x512_1_0933_withaudio.mp4,fake,echomimic,russian,59376,59376_Mb-ynUI4Me4_65_2_audio_short_512x512_1_0933_withaudio,False,False
8624_d2om_PGtwWY_35_1_label_fake.npz,english/memo/8624_d2om_PGtwWY_35_1.mp4,fake,memo,english,8624,8624_d2om_PGtwWY_35_1,False,False
OAzp-7yY0FQ_61_2--22236-I5oeY5O5oJI_37_8_label_fake.npz,english/liveportrait/OAzp-7yY0FQ_61_2--22236-I5oeY5O5oJI_37_8.mp4,fake,liveportrait,english,OAzp-7yY0FQ,OAzp-7yY0FQ_61_2--22236-I5oeY5O5oJI_37_8,False,False
90_dcvbo-RdeWw_1_33_label_fake.npz,arabic/memo/90_dcvbo-RdeWw_1_33.mp4,fake,memo,arabic,90,90_dcvbo-RdeWw_1_33,False,False
VuJbzKpbIVk_9_2--28697-lSCTGJbObOg_189_3_label_fake.npz,russian/liveportrait/VuJbzKpbIVk_9_2--28697-lSCTGJbObOg_189_3.mp4,fake,liveportrait,russian,VuJbzKpbIVk,VuJbzKpbIVk_9_2--28697-lSCTGJbObOg_189_3,False,False
24288-Vv8CRc5L1kM_59_1_label_fake.npz,mandarin/hififace/24288-Vv8CRc5L1kM_59_1.mp4,fake,hififace,mandarin,24288-Vv8CRc5L1kM,24288-Vv8CRc5L1kM_59_1,True,False
20404-dMfH7JbxZdY_61_1_label_fake.npz,spanish/inswapper/20404-dMfH7JbxZdY_61_1.mp4,fake,inswapper,spanish,20404-dMfH7JbxZdY,20404-dMfH7JbxZdY_61_1,False,False
26760_647itg-A_aw_39_2_audio_short_512x512_1_0732_withaudio_label_fake.npz,english/echomimic/26760_647itg-A_aw_39_2_audio_short_512x512_1_0732_withaudio.mp4,fake,echomimic,english,26760,26760_647itg-A_aw_39_2_audio_short_512x512_1_0732_withaudio,False,False
28366_I5oeY5O5oJI_59_5_label_fake.npz,english/memo/28366_I5oeY5O5oJI_59_5.mp4,fake,memo,english,28366,28366_I5oeY5O5oJI_59_5,False,False
25241.png_jyXGeTx0ttw_461_4_label_fake.npz,arabic/hififace/25241.png_jyXGeTx0ttw_461_4.mp4.mp4,fake,hififace,arabic,25241.png,jyXGeTx0ttw,True,False
11633-6w9ikJPzTOA_30_1_label_fake.npz,spanish/hififace/11633-6w9ikJPzTOA_30_1.mp4,fake,hififace,spanish,11633-6w9ikJPzTOA,11633-6w9ikJPzTOA_30_1,True,False
-19DTZ6_d6U_596_1_label_real.npz,romanian/real/-19DTZ6_d6U_596_1.mp4,real,real,romanian,-19DTZ6_d6U,-19DTZ6_d6U,False,False
3845-A-BRu8z7ztk_0_1_label_fake.npz,mandarin/inswapper/3845-A-BRu8z7ztk_0_1.mp4,fake,inswapper,mandarin,3845-A-BRu8z7ztk,3845-A-BRu8z7ztk_0_1,False,False
438_2gOvQIMWbCY_41_3_audio_short_512x512_1_0732_withaudio_label_fake.npz,english/echomimic/438_2gOvQIMWbCY_41_3_audio_short_512x512_1_0732_withaudio.mp4,fake,echomimic,english,438,438_2gOvQIMWbCY_41_3_audio_short_512x512_1_0732_withaudio,False,False
025_61e2c5e5_c-3fX59C_BU_0_242-batch-2025-02-06-00-06-46-77_label_fake.npz,romanian/inswapper/025_61e2c5e5_c-3fX59C_BU_0_242-batch-2025-02-06-00-06-46-77.mp4,fake,inswapper,romanian,025,025_61e2c5e5_c-3fX59C_BU_0_242-batch-2025-02-06-00-06-46-77,False,False
3357-O1JxQ9OyJRQ_107_4_label_fake.npz,russian/inswapper/3357-O1JxQ9OyJRQ_107_4.mp4,fake,inswapper,russian,3357-O1JxQ9OyJRQ,3357-O1JxQ9OyJRQ_107_4,False,False
1P9nl9tBK38_362_1_545_label_fake.npz,arabic/sonic/1P9nl9tBK38_362_1_545.mp4,fake,sonic,arabic,1P9nl9tBK38,1P9nl9tBK38_362_1_545,True,False
23321_lSCTGJbObOg_188_5_label_fake.npz,mandarin/memo/23321_lSCTGJbObOg_188_5.mp4,fake,memo,mandarin,23321,23321_lSCTGJbObOg_188_5,False,False
d2om_PGtwWY_14_1_label_real.npz,english/real/d2om_PGtwWY_14_1.mp4,real,real,english,d2om_PGtwWY,d2om_PGtwWY,False,False
10996-fAh51cqF86I_14_1_label_fake.npz,mandarin/inswapper/10996-fAh51cqF86I_14_1.mp4,fake,inswapper,mandarin,10996-fAh51cqF86I,10996-fAh51cqF86I_14_1,False,False
28737_HUqaEI0dweE_14_1_label_fake.npz,spanish/memo/28737_HUqaEI0dweE_14_1.mp4,fake,memo,spanish,28737,28737_HUqaEI0dweE_14_1,False,False
090_8252f095-y9BVPefouIs_2540_5_label_fake.npz,hindi/roop/090_8252f095-y9BVPefouIs_2540_5.mp4,fake,roop,hindi,090,090_8252f095-y9BVPefouIs_2540_5,True,True
I-B_Oa6_eNU_37_2--12105-ADTwFvHACE4_31_1_label_fake.npz,russian/liveportrait/I-B_Oa6_eNU_37_2--12105-ADTwFvHACE4_31_1.mp4,fake,liveportrait,russian,I-B,I-B_Oa6_eNU_37_2--12105-ADTwFvHACE4_31_1,False,False
Lqg5fiwIQso_54_4--624-53GIoeOAam4_40_5_label_fake.npz,russian/liveportrait/Lqg5fiwIQso_54_4--624-53GIoeOAam4_40_5.mp4,fake,liveportrait,russian,Lqg5fiwIQso,Lqg5fiwIQso_54_4--624-53GIoeOAam4_40_5,False,False
27268.png_30CXCDECyG4_1080p_82_1_label_fake.npz,german/inswapper/27268.png_30CXCDECyG4_1080p_82_1.mp4.mp4,fake,inswapper,german,27268.png,27268.png_30CXCDECyG4_1080p_82_1.mp4,False,True
trimmed_sba-i5-e3WY_928_3--103_62ywI44YAxQ_30_7_25fps_25fps_label_fake.npz,romanian/liveportrait/trimmed_sba-i5-e3WY_928_3--103_62ywI44YAxQ_30_7_25fps_25fps.mp4,fake,liveportrait,romanian,trimmed,trimmed_sba-i5-e3WY_928_3--103_62ywI44YAxQ_30_7_25fps_25fps,False,False
_OpXjs-PM8M_2_202_18_label_fake.npz,romanian/sonic/_OpXjs-PM8M_2_202_18.mp4,fake,sonic,romanian,,_OpXjs-PM8M_2_202_18,True,False
15759-3NYH-zyIfZY_11_1_label_fake.npz,russian/inswapper/15759-3NYH-zyIfZY_11_1.mp4,fake,inswapper,russian,15759-3NYH-zyIfZY,15759-3NYH-zyIfZY_11_1,False,False
16840-1Ws3w_ZOmhI_54_1_label_fake.npz,english/hififace/16840-1Ws3w_ZOmhI_54_1.mp4,fake,hififace,english,16840-1Ws3w,16840-1Ws3w_ZOmhI_54_1,True,False
V7xSEBur89E_6_837_321_label_fake.npz,romanian/sonic/V7xSEBur89E_6_837_321.mp4,fake,sonic,romanian,V7xSEBur89E,V7xSEBur89E_6_837_321,True,False
18726-lSCTGJbObOg_100_3_label_fake.npz,russian/sonic/18726-lSCTGJbObOg_100_3.mp4,fake,sonic,russian,18726-lSCTGJbObOg,18726-lSCTGJbObOg_100_3,True,False
7594-ADTwFvHACE4_29_2_label_fake.npz,russian/sonic/7594-ADTwFvHACE4_29_2.mp4,fake,sonic,russian,7594-ADTwFvHACE4,7594-ADTwFvHACE4_29_2,True,False
7424_ADTwFvHACE4_116_2_label_fake.npz,russian/memo/7424_ADTwFvHACE4_116_2.mp4,fake,memo,russian,7424,7424_ADTwFvHACE4_116_2,False,False
7893-pOdIn86ZM1E_59_1_label_fake.npz,english/roop/7893-pOdIn86ZM1E_59_1.mp4,fake,roop,english,7893-pOdIn86ZM1E,7893-pOdIn86ZM1E_59_1,True,False
010_18d7b27c-KKeGv-ny-kY_375_1_label_fake.npz,romanian/roop/010_18d7b27c-KKeGv-ny-kY_375_1.mp4,fake,roop,romanian,010,010_18d7b27c-KKeGv-ny-kY_375_1,True,False
-19DTZ6_d6U_833_24_label_real.npz,romanian/real/-19DTZ6_d6U_833_24.mp4,real,real,romanian,-19DTZ6_d6U,-19DTZ6_d6U,False,False
irlH4e-dbYc_76_2_label_real.npz,spanish/real/irlH4e-dbYc_76_2.mp4,real,real,spanish,irlH4e-dbYc,irlH4e-dbYc,False,False
28305-A-BRu8z7ztk_24_1_label_fake.npz,mandarin/inswapper/28305-A-BRu8z7ztk_24_1.mp4,fake,inswapper,mandarin,28305-A-BRu8z7ztk,28305-A-BRu8z7ztk_24_1,False,False
QCAqiTH6B4U_1080p_96_4_25fps--50450_UzfVjgZKjro_1080p_61_1_25fps_label_fake.npz,german/liveportrait/QCAqiTH6B4U_1080p_96_4_25fps--50450_UzfVjgZKjro_1080p_61_1_25fps.mp4,fake,liveportrait,german,QCAqiTH6B4U,QCAqiTH6B4U_1080p_96_4_25fps--50450_UzfVjgZKjro_1080p_61_1_25fps,False,True
27379-Ft9uf9w3QVA_115_1_label_fake.npz,spanish/hififace/27379-Ft9uf9w3QVA_115_1.mp4,fake,hififace,spanish,27379-Ft9uf9w3QVA,27379-Ft9uf9w3QVA_115_1,True,False
c-3fX59C_BU_0_257--p6na9crjELc_73_8_43_label_fake.npz,romanian/liveportrait/c-3fX59C_BU_0_257--p6na9crjELc_73_8_43.mp4,fake,liveportrait,romanian,c-3fX59C,c-3fX59C_BU_0_257--p6na9crjELc_73_8_43,False,False
912-uRSmuuXg7hI_115_4_label_fake.npz,russian/roop/912-uRSmuuXg7hI_115_4.mp4,fake,roop,russian,912-uRSmuuXg7hI,912-uRSmuuXg7hI_115_4,True,False
21980-I5oeY5O5oJI_56_7_label_fake.npz,english/inswapper/21980-I5oeY5O5oJI_56_7.mp4,fake,inswapper,english,21980-I5oeY5O5oJI,21980-I5oeY5O5oJI_56_7,False,False
wdNhtZOGxBw_17_1_25fps--203_28Z-aq2wk60_audio_2_19_label_fake.npz,hindi/liveportrait/wdNhtZOGxBw_17_1_25fps--203_28Z-aq2wk60_audio_2_19.mp4,fake,liveportrait,hindi,wdNhtZOGxBw,wdNhtZOGxBw_17_1_25fps--203_28Z-aq2wk60_audio_2_19,False,True
KNktDoYajMk_154_1_label_real.npz,arabic/real/KNktDoYajMk_154_1.mp4,real,real,arabic,KNktDoYajMk,KNktDoYajMk,False,False
77_H_c_crxV9O8_21_1_audio_short_512x512_1_0933_withaudio_label_fake.npz,russian/echomimic/77_H_c_crxV9O8_21_1_audio_short_512x512_1_0933_withaudio.mp4,fake,echomimic,russian,77,77_H_c_crxV9O8_21_1_audio_short_512x512_1_0933_withaudio,False,False
PXdPmUJN6k0_79_5_label_real.npz,arabic/real/PXdPmUJN6k0_79_5.mp4,real,real,arabic,PXdPmUJN6k0,PXdPmUJN6k0,False,False
064_898b4b7e-9ztkB7gr8po_2_15_label_fake.npz,arabic/roop/064_898b4b7e-9ztkB7gr8po_2_15.mp4,fake,roop,arabic,064,064_898b4b7e-9ztkB7gr8po_2_15,True,False
65613_30a4OlkenNU_4_1_audio_short_512x512_1_0732_withaudio_label_fake.npz,english/echomimic/65613_30a4OlkenNU_4_1_audio_short_512x512_1_0732_withaudio.mp4,fake,echomimic,english,65613,65613_30a4OlkenNU_4_1_audio_short_512x512_1_0732_withaudio,False,False
19954-Lcbr99pQZOU_61_2_label_fake.npz,spanish/inswapper/19954-Lcbr99pQZOU_61_2.mp4,fake,inswapper,spanish,19954-Lcbr99pQZOU,19954-Lcbr99pQZOU_61_2,False,False
068_a703f85f.jpg_xQvhp_EZ8CE_88_1_label_fake.npz,arabic/inswapper/068_a703f85f.jpg_xQvhp_EZ8CE_88_1.mp4.mp4,fake,inswapper,arabic,068_a703f85f.jpg,xQvhp_EZ8CE,False,False
mHii80xikXs_3931_1_label_real.npz,romanian/real/mHii80xikXs_3931_1.mp4,real,real,romanian,mHii80xikXs,mHii80xikXs,False,False
068_b778f382.jpg_1P9nl9tBK38_595_2_label_fake.npz,arabic/inswapper/068_b778f382.jpg_1P9nl9tBK38_595_2.mp4.mp4,fake,inswapper,arabic,068_b778f382.jpg,1P9nl9tBK38,False,False
_pWENLj5I-8_1080p_77_2_label_real.npz,german/real/_pWENLj5I-8_1080p_77_2.mp4,real,real,german,,_pWENLj5I-8_1080p_77_2,False,True
18013_MATJqR93d5I_47_8_audio_short_512x512_1_0557_withaudio_label_fake.npz,mandarin/echomimic/18013_MATJqR93d5I_47_8_audio_short_512x512_1_0557_withaudio.mp4,fake,echomimic,mandarin,18013,18013_MATJqR93d5I_47_8_audio_short_512x512_1_0557_withaudio,False,False
459__7KzTzpF6Ng_audio_3_65_label_fake.npz,hindi/sonic/459__7KzTzpF6Ng_audio_3_65.mp4,fake,sonic,hindi,459,459__7KzTzpF6Ng_audio_3_65,True,True
45077_NHVXgWJiIcs_26_2_label_fake.npz,arabic/memo/45077_NHVXgWJiIcs_26_2.mp4,fake,memo,arabic,45077,45077_NHVXgWJiIcs_26_2,False,False
PgfPJgJz7Pg_3_1_label_real.npz,arabic/real/PgfPJgJz7Pg_3_1.mp4,real,real,arabic,PgfPJgJz7Pg,PgfPJgJz7Pg,False,False
t58wNtkkXkw_0_1_label_real.npz,arabic/real/t58wNtkkXkw_0_1.mp4,real,real,arabic,t58wNtkkXkw,t58wNtkkXkw,False,False
IuETaGhSEbE_57_1_label_real.npz,spanish/real/IuETaGhSEbE_57_1.mp4,real,real,spanish,IuETaGhSEbE,IuETaGhSEbE,False,False
01412_X05-4iCBHC8_audio_3_label_fake.npz,hindi/memo/01412_X05-4iCBHC8_audio_3.mp4,fake,memo,hindi,01412,01412_X05-4iCBHC8_audio_3,False,True
AbpNlshqtJc_58_3_label_real.npz,english/real/AbpNlshqtJc_58_3.mp4,real,real,english,AbpNlshqtJc,AbpNlshqtJc,False,False
11748-I5oeY5O5oJI_31_3_label_fake.npz,english/sonic/11748-I5oeY5O5oJI_31_3.mp4,fake,sonic,english,11748-I5oeY5O5oJI,11748-I5oeY5O5oJI_31_3,True,False
PqumaD82tcI_300_5_label_real.npz,romanian/real/PqumaD82tcI_300_5.mp4,real,real,romanian,PqumaD82tcI,PqumaD82tcI,False,False
mHii80xikXs_4067_1_label_real.npz,romanian/real/mHii80xikXs_4067_1.mp4,real,real,romanian,mHii80xikXs,mHii80xikXs,False,False
3772-I2s4msDXNgw_61_1_label_fake.npz,english/hififace/3772-I2s4msDXNgw_61_1.mp4,fake,hififace,english,3772-I2s4msDXNgw,3772-I2s4msDXNgw_61_1,True,False
J_ComKnl1hk_2_40_label_real.npz,arabic/real/J_ComKnl1hk_2_40.mp4,real,real,arabic,J_ComKnl1hk,J_ComKnl1hk,False,False
9ztkB7gr8po_2_9_label_real.npz,arabic/real/9ztkB7gr8po_2_9.mp4,real,real,arabic,9ztkB7gr8po,9ztkB7gr8po,False,False
083_16b5e7ab_62ywI44YAxQ_72_1-batch-2025-02-06-00-06-46-11_label_fake.npz,romanian/inswapper/083_16b5e7ab_62ywI44YAxQ_72_1-batch-2025-02-06-00-06-46-11.mp4,fake,inswapper,romanian,083,083_16b5e7ab_62ywI44YAxQ_72_1-batch-2025-02-06-00-06-46-11,False,False
160_GNkwgfQFj60_1_17_512x512_1_0533_withaudio_label_fake.npz,arabic/echomimic/160_GNkwgfQFj60_1_17_512x512_1_0533_withaudio.mp4,fake,echomimic,arabic,160,160_GNkwgfQFj60_1_17_512x512_1_0533_withaudio,False,False
27813_TXf3uH5YqM4_86_7_label_fake.npz,spanish/memo/27813_TXf3uH5YqM4_86_7.mp4,fake,memo,spanish,27813,27813_TXf3uH5YqM4_86_7,False,False
434_XblD1mtXBWY_139_7_512x512_1_1647_withaudio_label_fake.npz,romanian/echomimic/434_XblD1mtXBWY_139_7_512x512_1_1647_withaudio.mp4,fake,echomimic,romanian,434,434_XblD1mtXBWY_139_7_512x512_1_1647_withaudio,False,False
20207-K6rSVoAakQ8_25_1_label_fake.npz,english/inswapper/20207-K6rSVoAakQ8_25_1.mp4,fake,inswapper,english,20207-K6rSVoAakQ8,20207-K6rSVoAakQ8_25_1,False,False
38114.png_DOpN7bVauzY_3696_1_label_fake.npz,hindi/hififace/38114.png_DOpN7bVauzY_3696_1.mp4.mp4,fake,hififace,hindi,38114.png,DOpN7bVauzY,True,True
cZ_DoJj9PXQ_27_2--oTElQFuLr7o_89_47_117_label_fake.npz,romanian/liveportrait/cZ_DoJj9PXQ_27_2--oTElQFuLr7o_89_47_117.mp4,fake,liveportrait,romanian,cZ,cZ_DoJj9PXQ_27_2--oTElQFuLr7o_89_47_117,False,False
6417-6QjWo7-Mn3o_53_2_label_fake.npz,mandarin/inswapper/6417-6QjWo7-Mn3o_53_2.mp4,fake,inswapper,mandarin,6417-6QjWo7-Mn3o,6417-6QjWo7-Mn3o_53_2,False,False
145_e968cdd5.jpg_eWj2-6q2ybk_224_1_label_fake.npz,arabic/inswapper/145_e968cdd5.jpg_eWj2-6q2ybk_224_1.mp4.mp4,fake,inswapper,arabic,145_e968cdd5.jpg,eWj2-6q2ybk,False,False
084_4876da64-1aIMkhQHGO0_25_2_label_fake.npz,hindi/roop/084_4876da64-1aIMkhQHGO0_25_2.mp4,fake,roop,hindi,084,084_4876da64-1aIMkhQHGO0_25_2,True,True
SNHUu7YkNjA_131_1--18871-d2om_PGtwWY_0_1_label_fake.npz,english/liveportrait/SNHUu7YkNjA_131_1--18871-d2om_PGtwWY_0_1.mp4,fake,liveportrait,english,SNHUu7YkNjA,SNHUu7YkNjA_131_1--18871-d2om_PGtwWY_0_1,False,False
47742.png_f_0r2adEZfw_0_3_label_fake.npz,arabic/inswapper/47742.png_f_0r2adEZfw_0_3.mp4.mp4,fake,inswapper,arabic,47742.png,f_0r2adEZfw,False,False
16263-M-3HEJpdx2I_1_4_label_fake.npz,russian/inswapper/16263-M-3HEJpdx2I_1_4.mp4,fake,inswapper,russian,16263-M-3HEJpdx2I,16263-M-3HEJpdx2I_1_4,False,False
lkMV6SxilXc_94_11--14602-itFwx1CZM9I_99_2_label_fake.npz,russian/liveportrait/lkMV6SxilXc_94_11--14602-itFwx1CZM9I_99_2.mp4,fake,liveportrait,russian,lkMV6SxilXc,lkMV6SxilXc_94_11--14602-itFwx1CZM9I_99_2,False,False
1253-3U4D77IB-j8_105_2_label_fake.npz,russian/roop/1253-3U4D77IB-j8_105_2.mp4,fake,roop,russian,1253-3U4D77IB-j8,1253-3U4D77IB-j8_105_2,True,False
018_a532251b.jpg_0bjXpiZCdUQ_36_1_label_fake.npz,hindi/inswapper/018_a532251b.jpg_0bjXpiZCdUQ_36_1.mp4.mp4,fake,inswapper,hindi,018_a532251b.jpg,0bjXpiZCdUQ,False,True
498_DR5IQXWY_uA_193_1-batch-2025-02-05-13-35-36-124_label_fake.npz,romanian/inswapper/498_DR5IQXWY_uA_193_1-batch-2025-02-05-13-35-36-124.mp4,fake,inswapper,romanian,498,498_DR5IQXWY_uA_193_1-batch-2025-02-05-13-35-36-124,False,False
ILR3cxYpjUk_1342_1_label_real.npz,romanian/real/ILR3cxYpjUk_1342_1.mp4,real,real,romanian,ILR3cxYpjUk,ILR3cxYpjUk,False,False
496_sba-i5-e3WY_3816_1-batch-2025-02-06-13-00-20-320_label_fake.npz,romanian/hififace/496_sba-i5-e3WY_3816_1-batch-2025-02-06-13-00-20-320.mp4,fake,hififace,romanian,496,496_sba-i5-e3WY_3816_1-batch-2025-02-06-13-00-20-320,True,False
077_08ff1da6_8gqupeY6HmM_0_191_label_fake.npz,romanian/memo/077_08ff1da6_8gqupeY6HmM_0_191.mp4,fake,memo,romanian,077,077_08ff1da6_8gqupeY6HmM_0_191,False,False
3392-Uk6sPnRL0WQ_100_2_label_fake.npz,mandarin/sonic/3392-Uk6sPnRL0WQ_100_2.mp4,fake,sonic,mandarin,3392-Uk6sPnRL0WQ,3392-Uk6sPnRL0WQ_100_2,True,False
27492-TXf3uH5YqM4_86_7_label_fake.npz,spanish/inswapper/27492-TXf3uH5YqM4_86_7.mp4,fake,inswapper,spanish,27492-TXf3uH5YqM4,27492-TXf3uH5YqM4_86_7,False,False
12838_NduDs59WZqU_136_1_label_fake.npz,russian/memo/12838_NduDs59WZqU_136_1.mp4,fake,memo,russian,12838,12838_NduDs59WZqU_136_1,False,False
292.png_J_ComKnl1hk_7_27_label_fake.npz,arabic/inswapper/292.png_J_ComKnl1hk_7_27.mp4.mp4,fake,inswapper,arabic,292.png,J_ComKnl1hk,False,False
491_oeyLwy8sJhA_2_1-batch-2025-02-06-13-00-20-244_label_fake.npz,romanian/hififace/491_oeyLwy8sJhA_2_1-batch-2025-02-06-13-00-20-244.mp4,fake,hififace,romanian,491,491_oeyLwy8sJhA_2_1-batch-2025-02-06-13-00-20-244,True,False
24256-2CnzI8vny3c_136_3_label_fake.npz,spanish/inswapper/24256-2CnzI8vny3c_136_3.mp4,fake,inswapper,spanish,24256-2CnzI8vny3c,24256-2CnzI8vny3c_136_3,False,False
396_pNogULi28gs_87_3_audio_short_512x512_1_1655_withaudio_label_fake.npz,russian/echomimic/396_pNogULi28gs_87_3_audio_short_512x512_1_1655_withaudio.mp4,fake,echomimic,russian,396,396_pNogULi28gs_87_3_audio_short_512x512_1_1655_withaudio,False,False
18072_lSCTGJbObOg_0_1_label_fake.npz,mandarin/memo/18072_lSCTGJbObOg_0_1.mp4,fake,memo,mandarin,18072,18072_lSCTGJbObOg_0_1,False,False
4445-wGcqFV_alDk_84_1_label_fake.npz,russian/inswapper/4445-wGcqFV_alDk_84_1.mp4,fake,inswapper,russian,4445-wGcqFV,4445-wGcqFV_alDk_84_1,False,False
054_5a9566eb-PHMafVnjks8_228_1_label_fake.npz,german/roop/054_5a9566eb-PHMafVnjks8_228_1.mp4,fake,roop,german,054,054_5a9566eb-PHMafVnjks8_228_1,True,True
7ZVu5N4gOgY_63_2--29317-TXf3uH5YqM4_76_1_label_fake.npz,spanish/liveportrait/7ZVu5N4gOgY_63_2--29317-TXf3uH5YqM4_76_1.mp4,fake,liveportrait,spanish,7ZVu5N4gOgY,7ZVu5N4gOgY_63_2--29317-TXf3uH5YqM4_76_1,False,False
0__OpXjs-PM8M_2_89_512x512_1_0112_withaudio_label_fake.npz,romanian/echomimic/0__OpXjs-PM8M_2_89_512x512_1_0112_withaudio.mp4,fake,echomimic,romanian,0,0__OpXjs-PM8M_2_89_512x512_1_0112_withaudio,False,False
24951-TalBZ9_fmQk_11_1_label_fake.npz,mandarin/inswapper/24951-TalBZ9_fmQk_11_1.mp4,fake,inswapper,mandarin,24951-TalBZ9,24951-TalBZ9_fmQk_11_1,False,False
04925.png_Du1SKO_ri4w_85_86_label_fake.npz,german/hififace/04925.png_Du1SKO_ri4w_85_86.mp4.mp4,fake,hififace,german,04925.png,Du1SKO_ri4w,True,True
O0nL5vRlcfk_149_3_label_real.npz,romanian/real/O0nL5vRlcfk_149_3.mp4,real,real,romanian,O0nL5vRlcfk,O0nL5vRlcfk,False,False
17588_O1JxQ9OyJRQ_105_2_label_fake.npz,russian/memo/17588_O1JxQ9OyJRQ_105_2.mp4,fake,memo,russian,17588,17588_O1JxQ9OyJRQ_105_2,False,False
23038-sr3AvToIzJo_40_2_label_fake.npz,spanish/inswapper/23038-sr3AvToIzJo_40_2.mp4,fake,inswapper,spanish,23038-sr3AvToIzJo,23038-sr3AvToIzJo_40_2,False,False
311_IcZtHIN331g_label_fake.npz,arabic/memo/311_IcZtHIN331g.mp4,fake,memo,arabic,311,311_IcZtHIN331g,False,False
Nz7QfvnRkuE_53_8--2NlEdgEI_mc_50_3_147_label_fake.npz,romanian/liveportrait/Nz7QfvnRkuE_53_8--2NlEdgEI_mc_50_3_147.mp4,fake,liveportrait,romanian,Nz7QfvnRkuE,Nz7QfvnRkuE_53_8--2NlEdgEI_mc_50_3_147,False,False
trimmed_X8GFKxOk7Jg_13_1--j3QtlhvoeEU_890_2_62ywI44YAxQ_26_2_25fps_25fps_label_fake.npz,romanian/liveportrait/trimmed_X8GFKxOk7Jg_13_1--j3QtlhvoeEU_890_2_62ywI44YAxQ_26_2_25fps_25fps.mp4,fake,liveportrait,romanian,trimmed,trimmed_X8GFKxOk7Jg_13_1--j3QtlhvoeEU_890_2_62ywI44YAxQ_26_2_25fps_25fps,False,False
15488-ezja7-YQ72g_63_6_label_fake.npz,russian/roop/15488-ezja7-YQ72g_63_6.mp4,fake,roop,russian,15488-ezja7-YQ72g,15488-ezja7-YQ72g_63_6,True,False
81-_sAbvloLTNQ_1511_1_label_fake.npz,hindi/roop/81-_sAbvloLTNQ_1511_1.mp4,fake,roop,hindi,81-,81-_sAbvloLTNQ_1511_1,True,True
02357_lqKZS1uYfro_89_11_label_fake.npz,arabic/memo/02357_lqKZS1uYfro_89_11.mp4,fake,memo,arabic,02357,02357_lqKZS1uYfro_89_11,False,False
HxK1gx2jKVU_1080p_69_13_424_label_fake.npz,german/sonic/HxK1gx2jKVU_1080p_69_13_424.mp4,fake,sonic,german,HxK1gx2jKVU,HxK1gx2jKVU_1080p_69_13_424,True,True
043_77e393de_EKwa4XXZdPE_49_1_label_fake.npz,romanian/memo/043_77e393de_EKwa4XXZdPE_49_1.mp4,fake,memo,romanian,043,043_77e393de_EKwa4XXZdPE_49_1,False,False
wnwjcJfC-1U_72_5--27367-awNrju1X3zc_49_1_label_fake.npz,mandarin/liveportrait/wnwjcJfC-1U_72_5--27367-awNrju1X3zc_49_1.mp4,fake,liveportrait,mandarin,wnwjcJfC-1U,wnwjcJfC-1U_72_5--27367-awNrju1X3zc_49_1,False,False
317-cHjvhDTfItA_17_2_label_fake.npz,mandarin/inswapper/317-cHjvhDTfItA_17_2.mp4,fake,inswapper,mandarin,317-cHjvhDTfItA,317-cHjvhDTfItA_17_2,False,False
jk5auOLLvks_469_2_576_label_fake.npz,arabic/sonic/jk5auOLLvks_469_2_576.mp4,fake,sonic,arabic,jk5auOLLvks,jk5auOLLvks_469_2_576,True,False
415.png_1P9nl9tBK38_688_1_label_fake.npz,arabic/inswapper/415.png_1P9nl9tBK38_688_1.mp4.mp4,fake,inswapper,arabic,415.png,1P9nl9tBK38,False,False
29046-jud_SnwcvFc_10_2_label_fake.npz,spanish/inswapper/29046-jud_SnwcvFc_10_2.mp4,fake,inswapper,spanish,29046-jud,29046-jud_SnwcvFc_10_2,False,False
24245_CV1yPkkUFOw_35_1_audio_short_512x512_1_0732_withaudio_label_fake.npz,english/echomimic/24245_CV1yPkkUFOw_35_1_audio_short_512x512_1_0732_withaudio.mp4,fake,echomimic,english,24245,24245_CV1yPkkUFOw_35_1_audio_short_512x512_1_0732_withaudio,False,False
112_710c6176.jpg_dTeNSc1Sp28_2_6_label_fake.npz,hindi/hififace/112_710c6176.jpg_dTeNSc1Sp28_2_6.mp4.mp4,fake,hififace,hindi,112_710c6176.jpg,dTeNSc1Sp28,True,True
knT_9_p8480_4_4_label_real.npz,arabic/real/knT_9_p8480_4_4.mp4,real,real,arabic,knT_9_p8480,knT_9_p8480,False,False
jXf9d1xHO34_1080p_119_7_label_real.npz,german/real/jXf9d1xHO34_1080p_119_7.mp4,real,real,german,jXf9d1xHO34,jXf9d1xHO34_1080p_119_7,False,True
084_96ce3be4-XwfJa1b4KOk_67_1_label_fake.npz,hindi/roop/084_96ce3be4-XwfJa1b4KOk_67_1.mp4,fake,roop,hindi,084,084_96ce3be4-XwfJa1b4KOk_67_1,True,True
hNA8I-JU3eg_22_4--19742-Uk6sPnRL0WQ_163_6_label_fake.npz,mandarin/liveportrait/hNA8I-JU3eg_22_4--19742-Uk6sPnRL0WQ_163_6.mp4,fake,liveportrait,mandarin,hNA8I-JU3eg,hNA8I-JU3eg_22_4--19742-Uk6sPnRL0WQ_163_6,False,False
4276-0-kY_RQxuc0_119_1_label_fake.npz,spanish/inswapper/4276-0-kY_RQxuc0_119_1.mp4,fake,inswapper,spanish,4276-0-kY,4276-0-kY_RQxuc0_119_1,False,False
363_ypMVswItFWI_10_1_512x512_1_0533_withaudio_label_fake.npz,arabic/echomimic/363_ypMVswItFWI_10_1_512x512_1_0533_withaudio.mp4,fake,echomimic,arabic,363,363_ypMVswItFWI_10_1_512x512_1_0533_withaudio,False,False
Jy-bPwwFxhk_33_2--gc8LE2PP3hM_98_1_499_label_fake.npz,arabic/liveportrait/Jy-bPwwFxhk_33_2--gc8LE2PP3hM_98_1_499.mp4,fake,liveportrait,arabic,Jy-bPwwFxhk,Jy-bPwwFxhk_33_2--gc8LE2PP3hM_98_1_499,False,False
076_d4ee20ae.jpg_6l6NFBuOYjk_159_1_label_fake.npz,hindi/inswapper/076_d4ee20ae.jpg_6l6NFBuOYjk_159_1.mp4.mp4,fake,inswapper,hindi,076_d4ee20ae.jpg,6l6NFBuOYjk,False,True
6185-3U4D77IB-j8_125_1_label_fake.npz,russian/inswapper/6185-3U4D77IB-j8_125_1.mp4,fake,inswapper,russian,6185-3U4D77IB-j8,6185-3U4D77IB-j8_125_1,False,False
058_02860eff.jpg_inQaPF2YoNw_200_1_label_fake.npz,arabic/hififace/058_02860eff.jpg_inQaPF2YoNw_200_1.mp4.mp4,fake,hififace,arabic,058_02860eff.jpg,inQaPF2YoNw,True,False
030_642eaf93.jpg_DuggBTqO2sc_300_1_label_fake.npz,arabic/hififace/030_642eaf93.jpg_DuggBTqO2sc_300_1.mp4.mp4,fake,hififace,arabic,030_642eaf93.jpg,DuggBTqO2sc,True,False
19285_MqXRaJQsvxY_71_2_label_fake.npz,spanish/memo/19285_MqXRaJQsvxY_71_2.mp4,fake,memo,spanish,19285,19285_MqXRaJQsvxY_71_2,False,False
089_152cf5f6_jbx2IjXBmWA_14_3_label_fake.npz,romanian/memo/089_152cf5f6_jbx2IjXBmWA_14_3.mp4,fake,memo,romanian,089,089_152cf5f6_jbx2IjXBmWA_14_3,False,False
03732.png_UzfVjgZKjro_1080p_89_5_label_fake.npz,german/hififace/03732.png_UzfVjgZKjro_1080p_89_5.mp4.mp4,fake,hififace,german,03732.png,03732.png_UzfVjgZKjro_1080p_89_5.mp4,True,True
47_xIUOSE2Nnqw_51_3_audio_short_512x512_1_0557_withaudio_label_fake.npz,mandarin/echomimic/47_xIUOSE2Nnqw_51_3_audio_short_512x512_1_0557_withaudio.mp4,fake,echomimic,mandarin,47,47_xIUOSE2Nnqw_51_3_audio_short_512x512_1_0557_withaudio,False,False
t86T9sem8EM_417_1_label_real.npz,german/real/t86T9sem8EM_417_1.mp4,real,real,german,t86T9sem8EM,t86T9sem8EM,False,True
zpEUWKUUxdY_46_5--J_ComKnl1hk_6_29_424_label_fake.npz,arabic/liveportrait/zpEUWKUUxdY_46_5--J_ComKnl1hk_6_29_424.mp4,fake,liveportrait,arabic,zpEUWKUUxdY,zpEUWKUUxdY_46_5--J_ComKnl1hk_6_29_424,False,False
20150-hHYe3O7_TUA_276_1_label_fake.npz,english/hififace/20150-hHYe3O7_TUA_276_1.mp4,fake,hififace,english,20150-hHYe3O7,20150-hHYe3O7_TUA_276_1,True,False
094_6aec42c7.jpg_P4o9TZ36Xj8_0_1_label_fake.npz,arabic/inswapper/094_6aec42c7.jpg_P4o9TZ36Xj8_0_1.mp4.mp4,fake,inswapper,arabic,094_6aec42c7.jpg,P4o9TZ36Xj8,False,False
005_582c121a-oDO5ZDLTpaw_32_1_label_fake.npz,arabic/roop/005_582c121a-oDO5ZDLTpaw_32_1.mp4,fake,roop,arabic,005,005_582c121a-oDO5ZDLTpaw_32_1,True,False
01650_ha96Xj9FAT0_audio_3_label_fake.npz,hindi/memo/01650_ha96Xj9FAT0_audio_3.mp4,fake,memo,hindi,01650,01650_ha96Xj9FAT0_audio_3,False,True
21260-TDDNxuR1zs8_104_4_label_fake.npz,mandarin/roop/21260-TDDNxuR1zs8_104_4.mp4,fake,roop,mandarin,21260-TDDNxuR1zs8,21260-TDDNxuR1zs8_104_4,True,False
051_2aace444-PXdPmUJN6k0_74_47_label_fake.npz,arabic/roop/051_2aace444-PXdPmUJN6k0_74_47.mp4,fake,roop,arabic,051,051_2aace444-PXdPmUJN6k0_74_47,True,False
15284-E1R1P_NyvF8_47_1_label_fake.npz,spanish/inswapper/15284-E1R1P_NyvF8_47_1.mp4,fake,inswapper,spanish,15284-E1R1P,15284-E1R1P_NyvF8_47_1,False,False
273_Ft9uf9w3QVA_61_1_audio_short_512x512_1_0944_withaudio_label_fake.npz,spanish/echomimic/273_Ft9uf9w3QVA_61_1_audio_short_512x512_1_0944_withaudio.mp4,fake,echomimic,spanish,273,273_Ft9uf9w3QVA_61_1_audio_short_512x512_1_0944_withaudio,False,False
J_ComKnl1hk_4_101_label_real.npz,arabic/real/J_ComKnl1hk_4_101.mp4,real,real,arabic,J_ComKnl1hk,J_ComKnl1hk,False,False
yD5Beb8GcQw_11_1--yml5GgOFz1I_38_1_539_label_fake.npz,arabic/liveportrait/yD5Beb8GcQw_11_1--yml5GgOFz1I_38_1_539.mp4,fake,liveportrait,arabic,yD5Beb8GcQw,yD5Beb8GcQw_11_1--yml5GgOFz1I_38_1_539,False,False
27251-0-BD5WJ_hBk_112_1_label_fake.npz,russian/inswapper/27251-0-BD5WJ_hBk_112_1.mp4,fake,inswapper,russian,27251-0-BD5WJ,27251-0-BD5WJ_hBk_112_1,False,False
uHOEHOoQCWA_48_1_label_real.npz,spanish/real/uHOEHOoQCWA_48_1.mp4,real,real,spanish,uHOEHOoQCWA,uHOEHOoQCWA,False,False
2463-LPW5Zx3ntZo_83_2_label_fake.npz,english/inswapper/2463-LPW5Zx3ntZo_83_2.mp4,fake,inswapper,english,2463-LPW5Zx3ntZo,2463-LPW5Zx3ntZo_83_2,False,False
9543-0-BD5WJ_hBk_162_1_label_fake.npz,russian/inswapper/9543-0-BD5WJ_hBk_162_1.mp4,fake,inswapper,russian,9543-0-BD5WJ,9543-0-BD5WJ_hBk_162_1,False,False
29307-Uk6sPnRL0WQ_77_3_label_fake.npz,mandarin/sonic/29307-Uk6sPnRL0WQ_77_3.mp4,fake,sonic,mandarin,29307-Uk6sPnRL0WQ,29307-Uk6sPnRL0WQ_77_3,True,False
8tD-YwT4oAg_664_5_label_real.npz,arabic/real/8tD-YwT4oAg_664_5.mp4,real,real,arabic,8tD-YwT4oAg,8tD-YwT4oAg,False,False
29745-3U4D77IB-j8_58_1_label_fake.npz,russian/inswapper/29745-3U4D77IB-j8_58_1.mp4,fake,inswapper,russian,29745-3U4D77IB-j8,29745-3U4D77IB-j8_58_1,False,False
111_Du1SKO_ri4w_48_179_512x512_1_1803_withaudio_label_fake.npz,german/echomimic/111_Du1SKO_ri4w_48_179_512x512_1_1803_withaudio.mp4,fake,echomimic,german,111,111_Du1SKO_ri4w_48_179_512x512_1_1803_withaudio,False,True
398_p6na9crjELc_141_6-batch-2025-02-04-10-00-57-153_label_fake.npz,romanian/inswapper/398_p6na9crjELc_141_6-batch-2025-02-04-10-00-57-153.mp4,fake,inswapper,romanian,398,398_p6na9crjELc_141_6-batch-2025-02-04-10-00-57-153,False,False
u6akTRg2ecw_52_1--28660-6w9ikJPzTOA_9_1_label_fake.npz,spanish/liveportrait/u6akTRg2ecw_52_1--28660-6w9ikJPzTOA_9_1.mp4,fake,liveportrait,spanish,u6akTRg2ecw,u6akTRg2ecw_52_1--28660-6w9ikJPzTOA_9_1,False,False
131_8HCQWjytx_I_199_12_512x512_1_0112_withaudio_label_fake.npz,romanian/echomimic/131_8HCQWjytx_I_199_12_512x512_1_0112_withaudio.mp4,fake,echomimic,romanian,131,131_8HCQWjytx_I_199_12_512x512_1_0112_withaudio,False,False
14660_Ip7cs1D5tTQ_90_1_label_fake.npz,spanish/memo/14660_Ip7cs1D5tTQ_90_1.mp4,fake,memo,spanish,14660,14660_Ip7cs1D5tTQ_90_1,False,False
12997-dcdBqR1XoCA_64_1_label_fake.npz,spanish/inswapper/12997-dcdBqR1XoCA_64_1.mp4,fake,inswapper,spanish,12997-dcdBqR1XoCA,12997-dcdBqR1XoCA_64_1,False,False
kCudFI4tcpg_23_1--10278-ADTwFvHACE4_15_3_label_fake.npz,russian/liveportrait/kCudFI4tcpg_23_1--10278-ADTwFvHACE4_15_3.mp4,fake,liveportrait,russian,kCudFI4tcpg,kCudFI4tcpg_23_1--10278-ADTwFvHACE4_15_3,False,False
227_p6na9crjELc_141_6-batch-2025-02-04-10-00-57-87_label_fake.npz,romanian/inswapper/227_p6na9crjELc_141_6-batch-2025-02-04-10-00-57-87.mp4,fake,inswapper,romanian,227,227_p6na9crjELc_141_6-batch-2025-02-04-10-00-57-87,False,False
144_5z_krRwSyt8_15_3_audio_short_512x512_1_0732_withaudio_label_fake.npz,english/echomimic/144_5z_krRwSyt8_15_3_audio_short_512x512_1_0732_withaudio.mp4,fake,echomimic,english,144,144_5z_krRwSyt8_15_3_audio_short_512x512_1_0732_withaudio,False,False
18600_zpEUWKUUxdY_39_8_label_fake.npz,arabic/memo/18600_zpEUWKUUxdY_39_8.mp4,fake,memo,arabic,18600,18600_zpEUWKUUxdY_39_8,False,False
OprPPstAfSg_6_5_70_label_fake.npz,romanian/sonic/OprPPstAfSg_6_5_70.mp4,fake,sonic,romanian,OprPPstAfSg,OprPPstAfSg_6_5_70,True,False
7272-IU0Zy67ZLpU_79_1_label_fake.npz,russian/roop/7272-IU0Zy67ZLpU_79_1.mp4,fake,roop,russian,7272-IU0Zy67ZLpU,7272-IU0Zy67ZLpU_79_1,True,False
SzhK7Q-pY0U_1_43_label_real.npz,arabic/real/SzhK7Q-pY0U_1_43.mp4,real,real,arabic,SzhK7Q-pY0U,SzhK7Q-pY0U,False,False
NEEN8fSBuWI_302_1_467_label_fake.npz,german/sonic/NEEN8fSBuWI_302_1_467.mp4,fake,sonic,german,NEEN8fSBuWI,NEEN8fSBuWI_302_1_467,True,True
J_ComKnl1hk_6_30_label_real.npz,arabic/real/J_ComKnl1hk_6_30.mp4,real,real,arabic,J_ComKnl1hk,J_ComKnl1hk,False,False
16478-9pQuS1hCm04_5_33_label_fake.npz,spanish/roop/16478-9pQuS1hCm04_5_33.mp4,fake,roop,spanish,16478-9pQuS1hCm04,16478-9pQuS1hCm04_5_33,True,False
1040-Uk6sPnRL0WQ_116_2_label_fake.npz,mandarin/inswapper/1040-Uk6sPnRL0WQ_116_2.mp4,fake,inswapper,mandarin,1040-Uk6sPnRL0WQ,1040-Uk6sPnRL0WQ_116_2,False,False
14297-I1ouTj1BQec_128_2_label_fake.npz,english/inswapper/14297-I1ouTj1BQec_128_2.mp4,fake,inswapper,english,14297-I1ouTj1BQec,14297-I1ouTj1BQec_128_2,False,False
29317-ybfyLfI5Ml0_52_1_label_fake.npz,spanish/inswapper/29317-ybfyLfI5Ml0_52_1.mp4,fake,inswapper,spanish,29317-ybfyLfI5Ml0,29317-ybfyLfI5Ml0_52_1,False,False
13264-rMLfEL02QeY_0_2_label_fake.npz,spanish/hififace/13264-rMLfEL02QeY_0_2.mp4,fake,hififace,spanish,13264-rMLfEL02QeY,13264-rMLfEL02QeY_0_2,True,False
44804_HUqaEI0dweE_42_3_audio_short_512x512_1_0944_withaudio_label_fake.npz,spanish/echomimic/44804_HUqaEI0dweE_42_3_audio_short_512x512_1_0944_withaudio.mp4,fake,echomimic,spanish,44804,44804_HUqaEI0dweE_42_3_audio_short_512x512_1_0944_withaudio,False,False
14661-Lcbr99pQZOU_131_4_label_fake.npz,spanish/inswapper/14661-Lcbr99pQZOU_131_4.mp4,fake,inswapper,spanish,14661-Lcbr99pQZOU,14661-Lcbr99pQZOU_131_4,False,False
O0nL5vRlcfk_478_1--XblD1mtXBWY_160_1_231_label_fake.npz,romanian/liveportrait/O0nL5vRlcfk_478_1--XblD1mtXBWY_160_1_231.mp4,fake,liveportrait,romanian,O0nL5vRlcfk,O0nL5vRlcfk_478_1--XblD1mtXBWY_160_1_231,False,False
sr3AvToIzJo_85_3_label_real.npz,spanish/real/sr3AvToIzJo_85_3.mp4,real,real,spanish,sr3AvToIzJo,sr3AvToIzJo,False,False
N-1-cKLUvjg_82_3_25fps--27530_PHMafVnjks8_0_2_25fps_label_fake.npz,german/liveportrait/N-1-cKLUvjg_82_3_25fps--27530_PHMafVnjks8_0_2_25fps.mp4,fake,liveportrait,german,N-1-cKLUvjg,N-1-cKLUvjg_82_3_25fps--27530_PHMafVnjks8_0_2_25fps,False,True
07621.png_tVY44gQSFOA_4_2_label_fake.npz,arabic/inswapper/07621.png_tVY44gQSFOA_4_2.mp4.mp4,fake,inswapper,arabic,07621.png,tVY44gQSFOA,False,False
168_J-vYXU4vqcY_12_1_audio_short_512x512_1_0557_withaudio_label_fake.npz,mandarin/echomimic/168_J-vYXU4vqcY_12_1_audio_short_512x512_1_0557_withaudio.mp4,fake,echomimic,mandarin,168,168_J-vYXU4vqcY_12_1_audio_short_512x512_1_0557_withaudio,False,False
8933-LmGz2Hp34l0_12_3_label_fake.npz,spanish/roop/8933-LmGz2Hp34l0_12_3.mp4,fake,roop,spanish,8933-LmGz2Hp34l0,8933-LmGz2Hp34l0_12_3,True,False
14661-6cKTSj4a8bQ_138_4_label_fake.npz,russian/hififace/14661-6cKTSj4a8bQ_138_4.mp4,fake,hififace,russian,14661-6cKTSj4a8bQ,14661-6cKTSj4a8bQ_138_4,True,False
9DTxDmLwFb8_828_1--cZ_DoJj9PXQ_86_1_6_label_fake.npz,romanian/liveportrait/9DTxDmLwFb8_828_1--cZ_DoJj9PXQ_86_1_6.mp4,fake,liveportrait,romanian,9DTxDmLwFb8,9DTxDmLwFb8_828_1--cZ_DoJj9PXQ_86_1_6,False,False
nBVWOmPTk-4_82_1--JocHmkWdf3A_46_1_198_label_fake.npz,arabic/liveportrait/nBVWOmPTk-4_82_1--JocHmkWdf3A_46_1_198.mp4,fake,liveportrait,arabic,nBVWOmPTk-4,nBVWOmPTk-4_82_1--JocHmkWdf3A_46_1_198,False,False
21573-1xWUAi4M_Dw_87_1_label_fake.npz,mandarin/inswapper/21573-1xWUAi4M_Dw_87_1.mp4,fake,inswapper,mandarin,21573-1xWUAi4M,21573-1xWUAi4M_Dw_87_1,False,False
27298-mXDi_C0yb6A_97_1_label_fake.npz,english/inswapper/27298-mXDi_C0yb6A_97_1.mp4,fake,inswapper,english,27298-mXDi,27298-mXDi_C0yb6A_97_1,False,False
Im_ghczQEPw_52_1--14019-GgCnpDg0jwc_73_1_label_fake.npz,russian/liveportrait/Im_ghczQEPw_52_1--14019-GgCnpDg0jwc_73_1.mp4,fake,liveportrait,russian,Im,Im_ghczQEPw_52_1--14019-GgCnpDg0jwc_73_1,False,False
17515_53GIoeOAam4_1_4_label_fake.npz,mandarin/memo/17515_53GIoeOAam4_1_4.mp4,fake,memo,mandarin,17515,17515_53GIoeOAam4_1_4,False,False
03523_1POFF5RQjyM_label_fake.npz,arabic/memo/03523_1POFF5RQjyM.mp4,fake,memo,arabic,03523,03523_1POFF5RQjyM,False,False
15736-UI6IKlHh-pQ_20_2_label_fake.npz,english/inswapper/15736-UI6IKlHh-pQ_20_2.mp4,fake,inswapper,english,15736-UI6IKlHh-pQ,15736-UI6IKlHh-pQ_20_2,False,False
OprPPstAfSg_15_46--O6WbFpXUI0E_376_1_252_label_fake.npz,romanian/liveportrait/OprPPstAfSg_15_46--O6WbFpXUI0E_376_1_252.mp4,fake,liveportrait,romanian,OprPPstAfSg,OprPPstAfSg_15_46--O6WbFpXUI0E_376_1_252,False,False
21071-J-vYXU4vqcY_1_1_label_fake.npz,mandarin/inswapper/21071-J-vYXU4vqcY_1_1.mp4,fake,inswapper,mandarin,21071-J-vYXU4vqcY,21071-J-vYXU4vqcY_1_1,False,False
TkkHKU_lLqU_37_1_737_label_fake.npz,german/sonic/TkkHKU_lLqU_37_1_737.mp4,fake,sonic,german,TkkHKU,TkkHKU_lLqU_37_1_737,True,True
041_abf5c9cb-tPn6xxmCPxw_30_1_label_fake.npz,arabic/roop/041_abf5c9cb-tPn6xxmCPxw_30_1.mp4,fake,roop,arabic,041,041_abf5c9cb-tPn6xxmCPxw_30_1,True,False
14463_ADTwFvHACE4_18_1_label_fake.npz,mandarin/memo/14463_ADTwFvHACE4_18_1.mp4,fake,memo,mandarin,14463,14463_ADTwFvHACE4_18_1,False,False
rwnnXFpqN5I_357_6_label_real.npz,german/real/rwnnXFpqN5I_357_6.mp4,real,real,german,rwnnXFpqN5I,rwnnXFpqN5I,False,True
29891-K6rSVoAakQ8_20_1_label_fake.npz,english/roop/29891-K6rSVoAakQ8_20_1.mp4,fake,roop,english,29891-K6rSVoAakQ8,29891-K6rSVoAakQ8_20_1,True,False
065_db7b31f5-HxK1gx2jKVU_1080p_18_1_label_fake.npz,german/roop/065_db7b31f5-HxK1gx2jKVU_1080p_18_1.mp4,fake,roop,german,065,065_db7b31f5-HxK1gx2jKVU_1080p_18_1,True,True
445_XJmuXrN2cQA_336_12_512x512_1_1647_withaudio_label_fake.npz,romanian/echomimic/445_XJmuXrN2cQA_336_12_512x512_1_1647_withaudio.mp4,fake,echomimic,romanian,445,445_XJmuXrN2cQA_336_12_512x512_1_1647_withaudio,False,False
6xWbT6xIeaM_646_1_label_real.npz,german/real/6xWbT6xIeaM_646_1.mp4,real,real,german,6xWbT6xIeaM,6xWbT6xIeaM,False,True
49434_bM1LXa68oxc_122_2_audio_short_512x512_1_0732_withaudio_label_fake.npz,english/echomimic/49434_bM1LXa68oxc_122_2_audio_short_512x512_1_0732_withaudio.mp4,fake,echomimic,english,49434,49434_bM1LXa68oxc_122_2_audio_short_512x512_1_0732_withaudio,False,False
52189.png_SzhK7Q-pY0U_1_6_label_fake.npz,arabic/inswapper/52189.png_SzhK7Q-pY0U_1_6.mp4.mp4,fake,inswapper,arabic,52189.png,SzhK7Q-pY0U,False,False
24987-3U4D77IB-j8_78_1_label_fake.npz,russian/inswapper/24987-3U4D77IB-j8_78_1.mp4,fake,inswapper,russian,24987-3U4D77IB-j8,24987-3U4D77IB-j8_78_1,False,False
8-iiYu7NESU_16_1_25fps--40244_qv45xE78kx0_audio_3_226_label_fake.npz,hindi/liveportrait/8-iiYu7NESU_16_1_25fps--40244_qv45xE78kx0_audio_3_226.mp4,fake,liveportrait,hindi,8-iiYu7NESU,8-iiYu7NESU_16_1_25fps--40244_qv45xE78kx0_audio_3_226,False,True
025_61e2c5e5_oeyLwy8sJhA_2_1-batch-2025-02-06-00-06-46-75_label_fake.npz,romanian/inswapper/025_61e2c5e5_oeyLwy8sJhA_2_1-batch-2025-02-06-00-06-46-75.mp4,fake,inswapper,romanian,025,025_61e2c5e5_oeyLwy8sJhA_2_1-batch-2025-02-06-00-06-46-75,False,False
12306-cbtkoZUOR1A_62_1_label_fake.npz,english/inswapper/12306-cbtkoZUOR1A_62_1.mp4,fake,inswapper,english,12306-cbtkoZUOR1A,12306-cbtkoZUOR1A_62_1,False,False
4094-VDP27kIe7-s_62_2_label_fake.npz,english/inswapper/4094-VDP27kIe7-s_62_2.mp4,fake,inswapper,english,4094-VDP27kIe7-s,4094-VDP27kIe7-s_62_2,False,False
20666-u6akTRg2ecw_0_2_label_fake.npz,russian/inswapper/20666-u6akTRg2ecw_0_2.mp4,fake,inswapper,russian,20666-u6akTRg2ecw,20666-u6akTRg2ecw_0_2,False,False
468_aEM1s9Saa-g_41_4_512x512_1_1803_withaudio_label_fake.npz,german/echomimic/468_aEM1s9Saa-g_41_4_512x512_1_1803_withaudio.mp4,fake,echomimic,german,468,468_aEM1s9Saa-g_41_4_512x512_1_1803_withaudio,False,True
23126-MOBGaVJH54A_86_1_label_fake.npz,russian/inswapper/23126-MOBGaVJH54A_86_1.mp4,fake,inswapper,russian,23126-MOBGaVJH54A,23126-MOBGaVJH54A_86_1,False,False
15852-Fjbz-Rzmzxw_57_2_label_fake.npz,english/roop/15852-Fjbz-Rzmzxw_57_2.mp4,fake,roop,english,15852-Fjbz-Rzmzxw,15852-Fjbz-Rzmzxw_57_2,True,False
W8ndzcz359Q_14_22_label_fake.npz,romanian/sonic/W8ndzcz359Q_14_22.mp4,fake,sonic,romanian,W8ndzcz359Q,W8ndzcz359Q,True,False
jyXGeTx0ttw_16_24_label_real.npz,arabic/real/jyXGeTx0ttw_16_24.mp4,real,real,arabic,jyXGeTx0ttw,jyXGeTx0ttw,False,False
O0nL5vRlcfk_149_10_label_real.npz,romanian/real/O0nL5vRlcfk_149_10.mp4,real,real,romanian,O0nL5vRlcfk,O0nL5vRlcfk,False,False
020_45c8d790_8HCQWjytx_I_177_3_label_fake.npz,romanian/memo/020_45c8d790_8HCQWjytx_I_177_3.mp4,fake,memo,romanian,020,020_45c8d790_8HCQWjytx_I_177_3,False,False
p-OdFWMl0Ys_58_1_label_real.npz,hindi/real/p-OdFWMl0Ys_58_1.mp4,real,real,hindi,p-OdFWMl0Ys,p-OdFWMl0Ys,False,True
SoI9-PP5Tmk_113_1_label_real.npz,english/real/SoI9-PP5Tmk_113_1.mp4,real,real,english,SoI9-PP5Tmk,SoI9-PP5Tmk,False,False
d2om_PGtwWY_38_1--6180-O1JxQ9OyJRQ_1_3_label_fake.npz,russian/liveportrait/d2om_PGtwWY_38_1--6180-O1JxQ9OyJRQ_1_3.mp4,fake,liveportrait,russian,d2om,d2om_PGtwWY_38_1--6180-O1JxQ9OyJRQ_1_3,False,False
25714-awNrju1X3zc_21_2_label_fake.npz,mandarin/inswapper/25714-awNrju1X3zc_21_2.mp4,fake,inswapper,mandarin,25714-awNrju1X3zc,25714-awNrju1X3zc_21_2,False,False
PqumaD82tcI_384_3_label_real.npz,romanian/real/PqumaD82tcI_384_3.mp4,real,real,romanian,PqumaD82tcI,PqumaD82tcI,False,False
kvAP1FcVvBs_0_1--UyNb2ArI768_0_1_37_label_fake.npz,romanian/liveportrait/kvAP1FcVvBs_0_1--UyNb2ArI768_0_1_37.mp4,fake,liveportrait,romanian,kvAP1FcVvBs,kvAP1FcVvBs_0_1--UyNb2ArI768_0_1_37,False,False
12267-tBI3e4--8Kk_65_1_label_fake.npz,spanish/inswapper/12267-tBI3e4--8Kk_65_1.mp4,fake,inswapper,spanish,12267-tBI3e4--8Kk,12267-tBI3e4--8Kk_65_1,False,False
20263-XgpdInYDs-U_59_5_label_fake.npz,english/hififace/20263-XgpdInYDs-U_59_5.mp4,fake,hififace,english,20263-XgpdInYDs-U,20263-XgpdInYDs-U_59_5,True,False
055_14a5e7bc.jpg_E7lIbmnQqgU_23_1_label_fake.npz,german/inswapper/055_14a5e7bc.jpg_E7lIbmnQqgU_23_1.mp4.mp4,fake,inswapper,german,055_14a5e7bc.jpg,E7lIbmnQqgU,False,True
DwbAW8G-57A_32_1_label_real.npz,spanish/real/DwbAW8G-57A_32_1.mp4,real,real,spanish,DwbAW8G-57A,DwbAW8G-57A,False,False
409_E1R1P_NyvF8_47_1_audio_short_512x512_1_1652_withaudio_label_fake.npz,spanish/echomimic/409_E1R1P_NyvF8_47_1_audio_short_512x512_1_1652_withaudio.mp4,fake,echomimic,spanish,409,409_E1R1P_NyvF8_47_1_audio_short_512x512_1_1652_withaudio,False,False
13782-F1D_L94WDJk_38_2_label_fake.npz,spanish/inswapper/13782-F1D_L94WDJk_38_2.mp4,fake,inswapper,spanish,13782-F1D,13782-F1D_L94WDJk_38_2,False,False
18500_6IXtQx8SwBE_44_1_label_fake.npz,russian/memo/18500_6IXtQx8SwBE_44_1.mp4,fake,memo,russian,18500,18500_6IXtQx8SwBE_44_1,False,False
u-X671JqQWA_118_38_label_real.npz,german/real/u-X671JqQWA_118_38.mp4,real,real,german,u-X671JqQWA,u-X671JqQWA,False,True
21410-94hlY3KiRjs_91_1_label_fake.npz,mandarin/inswapper/21410-94hlY3KiRjs_91_1.mp4,fake,inswapper,mandarin,21410-94hlY3KiRjs,21410-94hlY3KiRjs_91_1,False,False
uF_iBsuUjrg_8_14_label_real.npz,hindi/real/uF_iBsuUjrg_8_14.mp4,real,real,hindi,uF_iBsuUjrg,uF_iBsuUjrg,False,True
8566-IIT29JDuMXs_66_1_label_fake.npz,english/inswapper/8566-IIT29JDuMXs_66_1.mp4,fake,inswapper,english,8566-IIT29JDuMXs,8566-IIT29JDuMXs_66_1,False,False
012_12d61e14-1P9nl9tBK38_47_2_label_fake.npz,arabic/roop/012_12d61e14-1P9nl9tBK38_47_2.mp4,fake,roop,arabic,012,012_12d61e14-1P9nl9tBK38_47_2,True,False
9DTxDmLwFb8_1077_4_label_real.npz,romanian/real/9DTxDmLwFb8_1077_4.mp4,real,real,romanian,9DTxDmLwFb8,9DTxDmLwFb8,False,False
27241-J-vYXU4vqcY_5_6_label_fake.npz,mandarin/inswapper/27241-J-vYXU4vqcY_5_6.mp4,fake,inswapper,mandarin,27241-J-vYXU4vqcY,27241-J-vYXU4vqcY_5_6,False,False
11862_I5oeY5O5oJI_53_8_label_fake.npz,english/memo/11862_I5oeY5O5oJI_53_8.mp4,fake,memo,english,11862,11862_I5oeY5O5oJI_53_8,False,False
180_9X-SE-3CPw4_2745_1-batch-2025-02-03-22-17-41-30_label_fake.npz,romanian/inswapper/180_9X-SE-3CPw4_2745_1-batch-2025-02-03-22-17-41-30.mp4,fake,inswapper,romanian,180,180_9X-SE-3CPw4_2745_1-batch-2025-02-03-22-17-41-30,False,False
wf32v1liDSQ_120_1_label_real.npz,hindi/real/wf32v1liDSQ_120_1.mp4,real,real,hindi,wf32v1liDSQ,wf32v1liDSQ,False,True
zBJP1v24Llk_69_1_label_real.npz,german/real/zBJP1v24Llk_69_1.mp4,real,real,german,zBJP1v24Llk,zBJP1v24Llk,False,True
WtkgtlyruWE_16_1--J_ComKnl1hk_9_1_510_label_fake.npz,arabic/liveportrait/WtkgtlyruWE_16_1--J_ComKnl1hk_9_1_510.mp4,fake,liveportrait,arabic,WtkgtlyruWE,WtkgtlyruWE_16_1--J_ComKnl1hk_9_1_510,False,False
11155-O1JxQ9OyJRQ_115_1_label_fake.npz,russian/inswapper/11155-O1JxQ9OyJRQ_115_1.mp4,fake,inswapper,russian,11155-O1JxQ9OyJRQ,11155-O1JxQ9OyJRQ_115_1,False,False
03736.png_6aNWSCTS284_6_1_label_fake.npz,arabic/inswapper/03736.png_6aNWSCTS284_6_1.mp4.mp4,fake,inswapper,arabic,03736.png,6aNWSCTS284,False,False
Ip7cs1D5tTQ_1_7_label_real.npz,spanish/real/Ip7cs1D5tTQ_1_7.mp4,real,real,spanish,Ip7cs1D5tTQ,Ip7cs1D5tTQ,False,False
26557-cHjvhDTfItA_127_4_label_fake.npz,mandarin/inswapper/26557-cHjvhDTfItA_127_4.mp4,fake,inswapper,mandarin,26557-cHjvhDTfItA,26557-cHjvhDTfItA_127_4,False,False
9238-2Ny5UJLpoxg_22_2_label_fake.npz,spanish/inswapper/9238-2Ny5UJLpoxg_22_2.mp4,fake,inswapper,spanish,9238-2Ny5UJLpoxg,9238-2Ny5UJLpoxg_22_2,False,False
343_MxlocFNdoXg_720_1-batch-2025-02-03-22-17-41-13_label_fake.npz,romanian/inswapper/343_MxlocFNdoXg_720_1-batch-2025-02-03-22-17-41-13.mp4,fake,inswapper,romanian,343,343_MxlocFNdoXg_720_1-batch-2025-02-03-22-17-41-13,False,False
5324-o3KMJLxjdoM_9_4_label_fake.npz,spanish/sonic/5324-o3KMJLxjdoM_9_4.mp4,fake,sonic,spanish,5324-o3KMJLxjdoM,5324-o3KMJLxjdoM_9_4,True,False
aEM1s9Saa-g_80_1_label_real.npz,german/real/aEM1s9Saa-g_80_1.mp4,real,real,german,aEM1s9Saa-g,aEM1s9Saa-g,False,True
13208-LmGz2Hp34l0_11_1_label_fake.npz,spanish/sonic/13208-LmGz2Hp34l0_11_1.mp4,fake,sonic,spanish,13208-LmGz2Hp34l0,13208-LmGz2Hp34l0_11_1,True,False
HUqaEI0dweE_57_4_label_real.npz,spanish/real/HUqaEI0dweE_57_4.mp4,real,real,spanish,HUqaEI0dweE,HUqaEI0dweE,False,False
067_ee6435dc.jpg_PHMafVnjks8_53_1_label_fake.npz,german/inswapper/067_ee6435dc.jpg_PHMafVnjks8_53_1.mp4.mp4,fake,inswapper,german,067_ee6435dc.jpg,PHMafVnjks8,False,True
17588-AbpNlshqtJc_160_1_label_fake.npz,english/roop/17588-AbpNlshqtJc_160_1.mp4,fake,roop,english,17588-AbpNlshqtJc,17588-AbpNlshqtJc_160_1,True,False
trimmed_dNCH3eXEwB4_670_2--365_OprPPstAfSg_43_8_25fps_25fps_label_fake.npz,romanian/liveportrait/trimmed_dNCH3eXEwB4_670_2--365_OprPPstAfSg_43_8_25fps_25fps.mp4,fake,liveportrait,romanian,trimmed,trimmed_dNCH3eXEwB4_670_2--365_OprPPstAfSg_43_8_25fps_25fps,False,False
62116_DwbAW8G-57A_90_1_audio_short_512x512_1_0944_withaudio_label_fake.npz,spanish/echomimic/62116_DwbAW8G-57A_90_1_audio_short_512x512_1_0944_withaudio.mp4,fake,echomimic,spanish,62116,62116_DwbAW8G-57A_90_1_audio_short_512x512_1_0944_withaudio,False,False
50005.png_QBFIR4ehjNk_6_2_label_fake.npz,arabic/hififace/50005.png_QBFIR4ehjNk_6_2.mp4.mp4,fake,hififace,arabic,50005.png,QBFIR4ehjNk,True,False
mXDi_C0yb6A_8_2--22832-J-vYXU4vqcY_5_6_label_fake.npz,mandarin/liveportrait/mXDi_C0yb6A_8_2--22832-J-vYXU4vqcY_5_6.mp4,fake,liveportrait,mandarin,mXDi,mXDi_C0yb6A_8_2--22832-J-vYXU4vqcY_5_6,False,False
29578-_cPj3b9BDPI_6_1_label_fake.npz,english/inswapper/29578-_cPj3b9BDPI_6_1.mp4,fake,inswapper,english,29578-,29578-_cPj3b9BDPI_6_1,False,False
055_9508128d_e0GahnJx-Sc_153_1_label_fake.npz,romanian/memo/055_9508128d_e0GahnJx-Sc_153_1.mp4,fake,memo,romanian,055,055_9508128d_e0GahnJx-Sc_153_1,False,False
20788-WowrvQ9h9ao_41_1_label_fake.npz,mandarin/inswapper/20788-WowrvQ9h9ao_41_1.mp4,fake,inswapper,mandarin,20788-WowrvQ9h9ao,20788-WowrvQ9h9ao_41_1,False,False
MOBGaVJH54A_162_7--13849-lSCTGJbObOg_342_2_label_fake.npz,russian/liveportrait/MOBGaVJH54A_162_7--13849-lSCTGJbObOg_342_2.mp4,fake,liveportrait,russian,MOBGaVJH54A,MOBGaVJH54A_162_7--13849-lSCTGJbObOg_342_2,False,False
A0COLvfTyjc_69_1_label_real.npz,hindi/real/A0COLvfTyjc_69_1.mp4,real,real,hindi,A0COLvfTyjc,A0COLvfTyjc,False,True
8529_d2om_PGtwWY_30_1_label_fake.npz,english/memo/8529_d2om_PGtwWY_30_1.mp4,fake,memo,english,8529,8529_d2om_PGtwWY_30_1,False,False
088_1229c0dd_p6na9crjELc_146_1_label_fake.npz,romanian/memo/088_1229c0dd_p6na9crjELc_146_1.mp4,fake,memo,romanian,088,088_1229c0dd_p6na9crjELc_146_1,False,False
278_pNogULi28gs_118_1_audio_short_512x512_1_0933_withaudio_label_fake.npz,russian/echomimic/278_pNogULi28gs_118_1_audio_short_512x512_1_0933_withaudio.mp4,fake,echomimic,russian,278,278_pNogULi28gs_118_1_audio_short_512x512_1_0933_withaudio,False,False
28623_eWj2-6q2ybk_32_1_label_fake.npz,arabic/memo/28623_eWj2-6q2ybk_32_1.mp4,fake,memo,arabic,28623,28623_eWj2-6q2ybk_32_1,False,False
014_bbe9116e.jpg_hR6MLH3vp80_1080p_140_1_label_fake.npz,german/inswapper/014_bbe9116e.jpg_hR6MLH3vp80_1080p_140_1.mp4.mp4,fake,inswapper,german,014,014_bbe9116e.jpg_hR6MLH3vp80_1080p_140_1.mp4,False,True
24430-M-3HEJpdx2I_103_3_label_fake.npz,russian/inswapper/24430-M-3HEJpdx2I_103_3.mp4,fake,inswapper,russian,24430-M-3HEJpdx2I,24430-M-3HEJpdx2I_103_3,False,False
302_VifDzyPgBNg_0_5-batch-2025-02-04-10-00-57-113_label_fake.npz,romanian/inswapper/302_VifDzyPgBNg_0_5-batch-2025-02-04-10-00-57-113.mp4,fake,inswapper,romanian,302,302_VifDzyPgBNg_0_5-batch-2025-02-04-10-00-57-113,False,False
24715-fAh51cqF86I_14_1_label_fake.npz,mandarin/roop/24715-fAh51cqF86I_14_1.mp4,fake,roop,mandarin,24715-fAh51cqF86I,24715-fAh51cqF86I_14_1,True,False
39_ISBxZXSDgWE_85_2_audio_short_512x512_1_1652_withaudio_label_fake.npz,spanish/echomimic/39_ISBxZXSDgWE_85_2_audio_short_512x512_1_1652_withaudio.mp4,fake,echomimic,spanish,39,39_ISBxZXSDgWE_85_2_audio_short_512x512_1_1652_withaudio,False,False
28043.png_hdS30nnhNZo_3_5_label_fake.npz,arabic/inswapper/28043.png_hdS30nnhNZo_3_5.mp4.mp4,fake,inswapper,arabic,28043.png,hdS30nnhNZo,False,False
35491-BGVI996xDLY_208_1_label_fake.npz,arabic/roop/35491-BGVI996xDLY_208_1.mp4,fake,roop,arabic,35491-BGVI996xDLY,35491-BGVI996xDLY_208_1,True,False
411_VM4P9yV4rTA_218_14_512x512_1_0112_withaudio_label_fake.npz,romanian/echomimic/411_VM4P9yV4rTA_218_14_512x512_1_0112_withaudio.mp4,fake,echomimic,romanian,411,411_VM4P9yV4rTA_218_14_512x512_1_0112_withaudio,False,False
14826-p3XJSlgo1_M_103_1_label_fake.npz,spanish/inswapper/14826-p3XJSlgo1_M_103_1.mp4,fake,inswapper,spanish,14826-p3XJSlgo1,14826-p3XJSlgo1_M_103_1,False,False
19493-Uk6sPnRL0WQ_77_3_label_fake.npz,mandarin/hififace/19493-Uk6sPnRL0WQ_77_3.mp4,fake,hififace,mandarin,19493-Uk6sPnRL0WQ,19493-Uk6sPnRL0WQ_77_3,True,False
15693_O1JxQ9OyJRQ_1_2_label_fake.npz,mandarin/memo/15693_O1JxQ9OyJRQ_1_2.mp4,fake,memo,mandarin,15693,15693_O1JxQ9OyJRQ_1_2,False,False
488_KDujlRUGYho_9_1_label_fake.npz,arabic/memo/488_KDujlRUGYho_9_1.mp4,fake,memo,arabic,488,488_KDujlRUGYho_9_1,False,False
mu11jOqHkrQ_1_1_label_real.npz,romanian/real/mu11jOqHkrQ_1_1.mp4,real,real,romanian,mu11jOqHkrQ,mu11jOqHkrQ,False,False
MxlocFNdoXg_166_5_label_real.npz,romanian/real/MxlocFNdoXg_166_5.mp4,real,real,romanian,MxlocFNdoXg,MxlocFNdoXg,False,False
094_664a03cd.jpg_zr6OpxBh5DA_92_2_label_fake.npz,hindi/hififace/094_664a03cd.jpg_zr6OpxBh5DA_92_2.mp4.mp4,fake,hififace,hindi,094_664a03cd.jpg,zr6OpxBh5DA,True,True
152_nBVWOmPTk-4_96_2_512x512_1_0533_withaudio_label_fake.npz,arabic/echomimic/152_nBVWOmPTk-4_96_2_512x512_1_0533_withaudio.mp4,fake,echomimic,arabic,152,152_nBVWOmPTk-4_96_2_512x512_1_0533_withaudio,False,False
11947-Fjkw9vYDukg_16_1_label_fake.npz,russian/inswapper/11947-Fjkw9vYDukg_16_1.mp4,fake,inswapper,russian,11947-Fjkw9vYDukg,11947-Fjkw9vYDukg_16_1,False,False
075_4c504eec_e0GahnJx-Sc_147_1_label_fake.npz,romanian/memo/075_4c504eec_e0GahnJx-Sc_147_1.mp4,fake,memo,romanian,075,075_4c504eec_e0GahnJx-Sc_147_1,False,False
u-X671JqQWA_142_11_label_real.npz,german/real/u-X671JqQWA_142_11.mp4,real,real,german,u-X671JqQWA,u-X671JqQWA,False,True
492_78p4J0EEepU_6_2-batch-2025-02-05-13-35-36-54_label_fake.npz,romanian/inswapper/492_78p4J0EEepU_6_2-batch-2025-02-05-13-35-36-54.mp4,fake,inswapper,romanian,492,492_78p4J0EEepU_6_2-batch-2025-02-05-13-35-36-54,False,False
282_fD2q4CcqU0w_37_1_label_fake.npz,romanian/memo/282_fD2q4CcqU0w_37_1.mp4,fake,memo,romanian,282,282_fD2q4CcqU0w_37_1,False,False
093_dc555290-D56tKWtAMbw_815_1_label_fake.npz,german/roop/093_dc555290-D56tKWtAMbw_815_1.mp4,fake,roop,german,093,093_dc555290-D56tKWtAMbw_815_1,True,True
02859_IQ5UpoJDSzU_audio_1_label_fake.npz,hindi/memo/02859_IQ5UpoJDSzU_audio_1.mp4,fake,memo,hindi,02859,02859_IQ5UpoJDSzU_audio_1,False,True
CeUoS2T2hhc_145_1--4775-y_wqp9PJHYo_87_1_label_fake.npz,mandarin/liveportrait/CeUoS2T2hhc_145_1--4775-y_wqp9PJHYo_87_1.mp4,fake,liveportrait,mandarin,CeUoS2T2hhc,CeUoS2T2hhc_145_1--4775-y_wqp9PJHYo_87_1,False,False
13_nBVWOmPTk-4_44_4_512x512_1_0533_withaudio_label_fake.npz,arabic/echomimic/13_nBVWOmPTk-4_44_4_512x512_1_0533_withaudio.mp4,fake,echomimic,arabic,13,13_nBVWOmPTk-4_44_4_512x512_1_0533_withaudio,False,False
wtCogf-htV0_59_1_label_real.npz,english/real/wtCogf-htV0_59_1.mp4,real,real,english,wtCogf-htV0,wtCogf-htV0,False,False
sba-i5-e3WY_928_3--I5SwIyy5pMk_48_1_39_label_fake.npz,romanian/liveportrait/sba-i5-e3WY_928_3--I5SwIyy5pMk_48_1_39.mp4,fake,liveportrait,romanian,sba-i5-e3WY,sba-i5-e3WY_928_3--I5SwIyy5pMk_48_1_39,False,False
19645-T-vVO3nRFzI_92_3_label_fake.npz,english/inswapper/19645-T-vVO3nRFzI_92_3.mp4,fake,inswapper,english,19645-T-vVO3nRFzI,19645-T-vVO3nRFzI_92_3,False,False
191_6b48d25b.jpg_Vz-kJATn87E_1080p_88_9_label_fake.npz,german/inswapper/191_6b48d25b.jpg_Vz-kJATn87E_1080p_88_9.mp4.mp4,fake,inswapper,german,191,191_6b48d25b.jpg_Vz-kJATn87E_1080p_88_9.mp4,False,True
14458-Lqg5fiwIQso_15_1_label_fake.npz,mandarin/inswapper/14458-Lqg5fiwIQso_15_1.mp4,fake,inswapper,mandarin,14458-Lqg5fiwIQso,14458-Lqg5fiwIQso_15_1,False,False
qtUvdylaUoY_3_1_217_label_fake.npz,romanian/sonic/qtUvdylaUoY_3_1_217.mp4,fake,sonic,romanian,qtUvdylaUoY,qtUvdylaUoY_3_1_217,True,False
411_De5FGogMWzQ_110_3_512x512_1_1803_withaudio_label_fake.npz,german/echomimic/411_De5FGogMWzQ_110_3_512x512_1_1803_withaudio.mp4,fake,echomimic,german,411,411_De5FGogMWzQ_110_3_512x512_1_1803_withaudio,False,True
13208-I5oeY5O5oJI_34_3_label_fake.npz,english/sonic/13208-I5oeY5O5oJI_34_3.mp4,fake,sonic,english,13208-I5oeY5O5oJI,13208-I5oeY5O5oJI_34_3,True,False
28736-EcjY1r34cBE_57_2_label_fake.npz,spanish/hififace/28736-EcjY1r34cBE_57_2.mp4,fake,hififace,spanish,28736-EcjY1r34cBE,28736-EcjY1r34cBE_57_2,True,False
19734-nlrjxL_frmk_100_1_label_fake.npz,russian/inswapper/19734-nlrjxL_frmk_100_1.mp4,fake,inswapper,russian,19734-nlrjxL,19734-nlrjxL_frmk_100_1,False,False
06888_5xBpkc7-w3A_30_2_audio_short_512x512_1_0732_withaudio_label_fake.npz,english/echomimic/06888_5xBpkc7-w3A_30_2_audio_short_512x512_1_0732_withaudio.mp4,fake,echomimic,english,06888,06888_5xBpkc7-w3A_30_2_audio_short_512x512_1_0732_withaudio,False,False
04PmEJaYKd0_24_1--12865-GgCnpDg0jwc_40_1_label_fake.npz,russian/liveportrait/04PmEJaYKd0_24_1--12865-GgCnpDg0jwc_40_1.mp4,fake,liveportrait,russian,04PmEJaYKd0,04PmEJaYKd0_24_1--12865-GgCnpDg0jwc_40_1,False,False
16720-KNEGWrD08f8_138_1_label_fake.npz,english/inswapper/16720-KNEGWrD08f8_138_1.mp4,fake,inswapper,english,16720-KNEGWrD08f8,16720-KNEGWrD08f8_138_1,False,False
_uUskajC1Ps_66_1--22236-ADTwFvHACE4_18_1_label_fake.npz,russian/liveportrait/_uUskajC1Ps_66_1--22236-ADTwFvHACE4_18_1.mp4,fake,liveportrait,russian,,_uUskajC1Ps_66_1--22236-ADTwFvHACE4_18_1,False,False
25264_9pQuS1hCm04_4_25_audio_short_512x512_1_1652_withaudio_label_fake.npz,spanish/echomimic/25264_9pQuS1hCm04_4_25_audio_short_512x512_1_1652_withaudio.mp4,fake,echomimic,spanish,25264,25264_9pQuS1hCm04_4_25_audio_short_512x512_1_1652_withaudio,False,False
mHii80xikXs_2463_2_label_real.npz,romanian/real/mHii80xikXs_2463_2.mp4,real,real,romanian,mHii80xikXs,mHii80xikXs,False,False
12627-Lv39BhZJ2mg_73_7_label_fake.npz,russian/roop/12627-Lv39BhZJ2mg_73_7.mp4,fake,roop,russian,12627-Lv39BhZJ2mg,12627-Lv39BhZJ2mg_73_7,True,False
19294_UEjGEXAndzY_42_2_label_fake.npz,spanish/memo/19294_UEjGEXAndzY_42_2.mp4,fake,memo,spanish,19294,19294_UEjGEXAndzY_42_2,False,False
543mYKKh1EE_44_1--24311-BJr-6o-eYLc_76_1_label_fake.npz,spanish/liveportrait/543mYKKh1EE_44_1--24311-BJr-6o-eYLc_76_1.mp4,fake,liveportrait,spanish,543mYKKh1EE,543mYKKh1EE_44_1--24311-BJr-6o-eYLc_76_1,False,False
5287-euQ1VaiXRoQ_60_2_label_fake.npz,spanish/roop/5287-euQ1VaiXRoQ_60_2.mp4,fake,roop,spanish,5287-euQ1VaiXRoQ,5287-euQ1VaiXRoQ_60_2,True,False
8tD-YwT4oAg_106_4_label_real.npz,arabic/real/8tD-YwT4oAg_106_4.mp4,real,real,arabic,8tD-YwT4oAg,8tD-YwT4oAg,False,False
24744-C95B9sgbmOc_16_1_label_fake.npz,mandarin/inswapper/24744-C95B9sgbmOc_16_1.mp4,fake,inswapper,mandarin,24744-C95B9sgbmOc,24744-C95B9sgbmOc_16_1,False,False
279_YGIhb_a29d0_1080p_777_1_512x512_1_1803_withaudio_label_fake.npz,german/echomimic/279_YGIhb_a29d0_1080p_777_1_512x512_1_1803_withaudio.mp4,fake,echomimic,german,279,279_YGIhb_a29d0_1080p_777_1_512x512_1_1803_withaudio,False,True
28970-3U4D77IB-j8_105_2_label_fake.npz,russian/inswapper/28970-3U4D77IB-j8_105_2.mp4,fake,inswapper,russian,28970-3U4D77IB-j8,28970-3U4D77IB-j8_105_2,False,False
13328-Fjkw9vYDukg_15_2_label_fake.npz,russian/roop/13328-Fjkw9vYDukg_15_2.mp4,fake,roop,russian,13328-Fjkw9vYDukg,13328-Fjkw9vYDukg_15_2,True,False
15511-TalBZ9_fmQk_41_2_label_fake.npz,mandarin/inswapper/15511-TalBZ9_fmQk_41_2.mp4,fake,inswapper,mandarin,15511-TalBZ9,15511-TalBZ9_fmQk_41_2,False,False
GwFRoh3zBYs_39_1--18057-o3KMJLxjdoM_60_4_label_fake.npz,spanish/liveportrait/GwFRoh3zBYs_39_1--18057-o3KMJLxjdoM_60_4.mp4,fake,liveportrait,spanish,GwFRoh3zBYs,GwFRoh3zBYs_39_1--18057-o3KMJLxjdoM_60_4,False,False
054_5e6a651d-rMrG-WhVhow_153_5_label_fake.npz,german/roop/054_5e6a651d-rMrG-WhVhow_153_5.mp4,fake,roop,german,054,054_5e6a651d-rMrG-WhVhow_153_5,True,True
26056-BJr-6o-eYLc_0_2_label_fake.npz,spanish/sonic/26056-BJr-6o-eYLc_0_2.mp4,fake,sonic,spanish,26056-BJr-6o-eYLc,26056-BJr-6o-eYLc_0_2,True,False
238_j-SnQH4ewHU_106_5_512x512_1_0533_withaudio_label_fake.npz,arabic/echomimic/238_j-SnQH4ewHU_106_5_512x512_1_0533_withaudio.mp4,fake,echomimic,arabic,238,238_j-SnQH4ewHU_106_5_512x512_1_0533_withaudio,False,False
26802-SWHweN9WlkU_76_4_label_fake.npz,spanish/sonic/26802-SWHweN9WlkU_76_4.mp4,fake,sonic,spanish,26802-SWHweN9WlkU,26802-SWHweN9WlkU_76_4,True,False
9DTxDmLwFb8_1260_17_label_real.npz,romanian/real/9DTxDmLwFb8_1260_17.mp4,real,real,romanian,9DTxDmLwFb8,9DTxDmLwFb8,False,False
20149_0-kY_RQxuc0_147_1_label_fake.npz,spanish/memo/20149_0-kY_RQxuc0_147_1.mp4,fake,memo,spanish,20149,20149_0-kY_RQxuc0_147_1,False,False
12754-mXDi_C0yb6A_72_1_label_fake.npz,english/inswapper/12754-mXDi_C0yb6A_72_1.mp4,fake,inswapper,english,12754-mXDi,12754-mXDi_C0yb6A_72_1,False,False
13801-aE-eKPb6vhM_21_1_label_fake.npz,mandarin/inswapper/13801-aE-eKPb6vhM_21_1.mp4,fake,inswapper,mandarin,13801-aE-eKPb6vhM,13801-aE-eKPb6vhM_21_1,False,False
985_d2om_PGtwWY_10_1_label_fake.npz,english/memo/985_d2om_PGtwWY_10_1.mp4,fake,memo,english,985,985_d2om_PGtwWY_10_1,False,False
076_66977623_Yhp6bu6frjU_271_24_label_fake.npz,romanian/memo/076_66977623_Yhp6bu6frjU_271_24.mp4,fake,memo,romanian,076,076_66977623_Yhp6bu6frjU_271_24,False,False
VALyeyRDH1Q_64_6_label_real.npz,arabic/real/VALyeyRDH1Q_64_6.mp4,real,real,arabic,VALyeyRDH1Q,VALyeyRDH1Q,False,False
093_8cb84a89.jpg_3yaIqVnHrv8_19_2_label_fake.npz,arabic/hififace/093_8cb84a89.jpg_3yaIqVnHrv8_19_2.mp4.mp4,fake,hififace,arabic,093_8cb84a89.jpg,3yaIqVnHrv8,True,False
498_tStxmy972vw_9_5-batch-2025-02-05-13-35-36-120_label_fake.npz,romanian/inswapper/498_tStxmy972vw_9_5-batch-2025-02-05-13-35-36-120.mp4,fake,inswapper,romanian,498,498_tStxmy972vw_9_5-batch-2025-02-05-13-35-36-120,False,False
00909_SzhK7Q-pY0U_1_7_label_fake.npz,arabic/memo/00909_SzhK7Q-pY0U_1_7.mp4,fake,memo,arabic,00909,00909_SzhK7Q-pY0U_1_7,False,False
rxLBonV9-4Y_77_1--18004-o3KMJLxjdoM_42_1_label_fake.npz,spanish/liveportrait/rxLBonV9-4Y_77_1--18004-o3KMJLxjdoM_42_1.mp4,fake,liveportrait,spanish,rxLBonV9-4Y,rxLBonV9-4Y_77_1--18004-o3KMJLxjdoM_42_1,False,False
SzhK7Q-pY0U_1_113--9ztkB7gr8po_6_9_253_label_fake.npz,arabic/liveportrait/SzhK7Q-pY0U_1_113--9ztkB7gr8po_6_9_253.mp4,fake,liveportrait,arabic,SzhK7Q-pY0U,SzhK7Q-pY0U_1_113--9ztkB7gr8po_6_9_253,False,False
22184_lSCTGJbObOg_0_1_label_fake.npz,russian/memo/22184_lSCTGJbObOg_0_1.mp4,fake,memo,russian,22184,22184_lSCTGJbObOg_0_1,False,False
31978_gUGPeMAFZtA_8_1_audio_short_512x512_1_0944_withaudio_label_fake.npz,spanish/echomimic/31978_gUGPeMAFZtA_8_1_audio_short_512x512_1_0944_withaudio.mp4,fake,echomimic,spanish,31978,31978_gUGPeMAFZtA_8_1_audio_short_512x512_1_0944_withaudio,False,False
tVY44gQSFOA_0_4_label_real.npz,arabic/real/tVY44gQSFOA_0_4.mp4,real,real,arabic,tVY44gQSFOA,tVY44gQSFOA,False,False
182_8tD-YwT4oAg_322_2_label_fake.npz,arabic/memo/182_8tD-YwT4oAg_322_2.mp4,fake,memo,arabic,182,182_8tD-YwT4oAg_322_2,False,False
lXXCH-gBGzI_104_21_25fps--394_E7lIbmnQqgU_250_2_25fps_label_fake.npz,german/liveportrait/lXXCH-gBGzI_104_21_25fps--394_E7lIbmnQqgU_250_2_25fps.mp4,fake,liveportrait,german,lXXCH-gBGzI,lXXCH-gBGzI_104_21_25fps--394_E7lIbmnQqgU_250_2_25fps,False,True
401_Ll8xGtwvH84_375_2_512x512_1_0533_withaudio_label_fake.npz,arabic/echomimic/401_Ll8xGtwvH84_375_2_512x512_1_0533_withaudio.mp4,fake,echomimic,arabic,401,401_Ll8xGtwvH84_375_2_512x512_1_0533_withaudio,False,False
MFusQ6Jv5cE_209_1--gc8LE2PP3hM_243_14_284_label_fake.npz,arabic/liveportrait/MFusQ6Jv5cE_209_1--gc8LE2PP3hM_243_14_284.mp4,fake,liveportrait,arabic,MFusQ6Jv5cE,MFusQ6Jv5cE_209_1--gc8LE2PP3hM_243_14_284,False,False
087_155f1f74.jpg_J_ComKnl1hk_6_28_label_fake.npz,arabic/inswapper/087_155f1f74.jpg_J_ComKnl1hk_6_28.mp4.mp4,fake,inswapper,arabic,087_155f1f74.jpg,J_ComKnl1hk,False,False
jV2pjBg0srU_123_12_label_real.npz,romanian/real/jV2pjBg0srU_123_12.mp4,real,real,romanian,jV2pjBg0srU,jV2pjBg0srU,False,False
455_reaup7qkEfk_41_4_audio_short_512x512_1_0557_withaudio_label_fake.npz,mandarin/echomimic/455_reaup7qkEfk_41_4_audio_short_512x512_1_0557_withaudio.mp4,fake,echomimic,mandarin,455,455_reaup7qkEfk_41_4_audio_short_512x512_1_0557_withaudio,False,False
23868-YL5mJAGGsjY_71_1_label_fake.npz,english/inswapper/23868-YL5mJAGGsjY_71_1.mp4,fake,inswapper,english,23868-YL5mJAGGsjY,23868-YL5mJAGGsjY_71_1,False,False
21292_NduDs59WZqU_72_3_label_fake.npz,russian/memo/21292_NduDs59WZqU_72_3.mp4,fake,memo,russian,21292,21292_NduDs59WZqU_72_3,False,False
eWj2-6q2ybk_254_2_label_real.npz,arabic/real/eWj2-6q2ybk_254_2.mp4,real,real,arabic,eWj2-6q2ybk,eWj2-6q2ybk,False,False
47_VifDzyPgBNg_0_5-batch-2025-02-04-10-00-57-157_label_fake.npz,romanian/inswapper/47_VifDzyPgBNg_0_5-batch-2025-02-04-10-00-57-157.mp4,fake,inswapper,romanian,47,47_VifDzyPgBNg_0_5-batch-2025-02-04-10-00-57-157,False,False
dMfH7JbxZdY_1_1_label_real.npz,spanish/real/dMfH7JbxZdY_1_1.mp4,real,real,spanish,dMfH7JbxZdY,dMfH7JbxZdY,False,False
39827_BJr-6o-eYLc_29_1_audio_short_512x512_1_0944_withaudio_label_fake.npz,spanish/echomimic/39827_BJr-6o-eYLc_29_1_audio_short_512x512_1_0944_withaudio.mp4,fake,echomimic,spanish,39827,39827_BJr-6o-eYLc_29_1_audio_short_512x512_1_0944_withaudio,False,False
25171_I5oeY5O5oJI_31_13_label_fake.npz,english/memo/25171_I5oeY5O5oJI_31_13.mp4,fake,memo,english,25171,25171_I5oeY5O5oJI_31_13,False,False
083_16b5e7ab_MxlocFNdoXg_720_1-batch-2025-02-10-11-34-42-65_label_fake.npz,romanian/inswapper/083_16b5e7ab_MxlocFNdoXg_720_1-batch-2025-02-10-11-34-42-65.mp4,fake,inswapper,romanian,083,083_16b5e7ab_MxlocFNdoXg_720_1-batch-2025-02-10-11-34-42-65,False,False
34_3NYH-zyIfZY_1_1_audio_short_512x512_1_0933_withaudio_label_fake.npz,russian/echomimic/34_3NYH-zyIfZY_1_1_audio_short_512x512_1_0933_withaudio.mp4,fake,echomimic,russian,34,34_3NYH-zyIfZY_1_1_audio_short_512x512_1_0933_withaudio,False,False
389_u-X671JqQWA_105_78_512x512_1_1803_withaudio_label_fake.npz,german/echomimic/389_u-X671JqQWA_105_78_512x512_1_1803_withaudio.mp4,fake,echomimic,german,389,389_u-X671JqQWA_105_78_512x512_1_1803_withaudio,False,True
020_cce4e0e0-28Z-aq2wk60_125_6_label_fake.npz,hindi/roop/020_cce4e0e0-28Z-aq2wk60_125_6.mp4,fake,roop,hindi,020,020_cce4e0e0-28Z-aq2wk60_125_6,True,True
422_QoCpSP81vns_audio_3_label_fake.npz,hindi/memo/422_QoCpSP81vns_audio_3.mp4,fake,memo,hindi,422,422_QoCpSP81vns_audio_3,False,True
PmI4qnTpL0E_241_44--04230_vBYZtQTbLBo_audio_3_182_label_fake.npz,hindi/liveportrait/PmI4qnTpL0E_241_44--04230_vBYZtQTbLBo_audio_3_182.mp4,fake,liveportrait,hindi,PmI4qnTpL0E,PmI4qnTpL0E_241_44--04230_vBYZtQTbLBo_audio_3_182,False,True
24623-pSdCFzplNME_79_1_label_fake.npz,spanish/inswapper/24623-pSdCFzplNME_79_1.mp4,fake,inswapper,spanish,24623-pSdCFzplNME,24623-pSdCFzplNME_79_1,False,False
sgHHRVH0NFo_24_5--23884-8KovXKo3DL4_90_1_label_fake.npz,mandarin/liveportrait/sgHHRVH0NFo_24_5--23884-8KovXKo3DL4_90_1.mp4,fake,liveportrait,mandarin,sgHHRVH0NFo,sgHHRVH0NFo_24_5--23884-8KovXKo3DL4_90_1,False,False
29714-QvTs7W732ZQ_15_2_label_fake.npz,mandarin/inswapper/29714-QvTs7W732ZQ_15_2.mp4,fake,inswapper,mandarin,29714-QvTs7W732ZQ,29714-QvTs7W732ZQ_15_2,False,False
12682-cbtkoZUOR1A_112_7_label_fake.npz,english/roop/12682-cbtkoZUOR1A_112_7.mp4,fake,roop,english,12682-cbtkoZUOR1A,12682-cbtkoZUOR1A_112_7,True,False
073_2880f59c_gSXvXgjlnnw_50_1_label_fake.npz,romanian/memo/073_2880f59c_gSXvXgjlnnw_50_1.mp4,fake,memo,romanian,073,073_2880f59c_gSXvXgjlnnw_50_1,False,False
19544-WBMbPMPKaBM_1_2_label_fake.npz,spanish/inswapper/19544-WBMbPMPKaBM_1_2.mp4,fake,inswapper,spanish,19544-WBMbPMPKaBM,19544-WBMbPMPKaBM_1_2,False,False
SNHUu7YkNjA_1_5--13208-LmGz2Hp34l0_29_1_label_fake.npz,spanish/liveportrait/SNHUu7YkNjA_1_5--13208-LmGz2Hp34l0_29_1.mp4,fake,liveportrait,spanish,SNHUu7YkNjA,SNHUu7YkNjA_1_5--13208-LmGz2Hp34l0_29_1,False,False
422_5l1PmijHT5o_21_1_512x512_1_0533_withaudio_label_fake.npz,arabic/echomimic/422_5l1PmijHT5o_21_1_512x512_1_0533_withaudio.mp4,fake,echomimic,arabic,422,422_5l1PmijHT5o_21_1_512x512_1_0533_withaudio,False,False
760-yMK0bMaGZYI_32_1_label_fake.npz,mandarin/roop/760-yMK0bMaGZYI_32_1.mp4,fake,roop,mandarin,760-yMK0bMaGZYI,760-yMK0bMaGZYI_32_1,True,False
KKeGv-ny-kY_28_6_label_real.npz,romanian/real/KKeGv-ny-kY_28_6.mp4,real,real,romanian,KKeGv-ny-kY,KKeGv-ny-kY,False,False
026_e5342024.jpg_eItLUO9eyno_2_1_label_fake.npz,arabic/hififace/026_e5342024.jpg_eItLUO9eyno_2_1.mp4.mp4,fake,hififace,arabic,026_e5342024.jpg,eItLUO9eyno,True,False
X-xPVn_ISwo_32_label_fake.npz,arabic/sonic/X-xPVn_ISwo_32.mp4,fake,sonic,arabic,X-xPVn_ISwo,X-xPVn_ISwo,True,False
23266-vpMM4zCwksk_0_2_label_fake.npz,mandarin/hififace/23266-vpMM4zCwksk_0_2.mp4,fake,hififace,mandarin,23266-vpMM4zCwksk,23266-vpMM4zCwksk_0_2,True,False
NEEN8fSBuWI_283_1_label_real.npz,german/real/NEEN8fSBuWI_283_1.mp4,real,real,german,NEEN8fSBuWI,NEEN8fSBuWI,False,True
088_29b6bf25.jpg_RQVdbZQrl2E_3_1_label_fake.npz,arabic/inswapper/088_29b6bf25.jpg_RQVdbZQrl2E_3_1.mp4.mp4,fake,inswapper,arabic,088_29b6bf25.jpg,RQVdbZQrl2E,False,False
175_jXf9d1xHO34_1080p_30_20_512x512_1_1803_withaudio_label_fake.npz,german/echomimic/175_jXf9d1xHO34_1080p_30_20_512x512_1_1803_withaudio.mp4,fake,echomimic,german,175,175_jXf9d1xHO34_1080p_30_20_512x512_1_1803_withaudio,False,True
198-Du1SKO_ri4w_85_41_label_fake.npz,german/roop/198-Du1SKO_ri4w_85_41.mp4,fake,roop,german,198-Du1SKO,198-Du1SKO_ri4w_85_41,True,True
51381.png_MFusQ6Jv5cE_192_1_label_fake.npz,arabic/hififace/51381.png_MFusQ6Jv5cE_192_1.mp4.mp4,fake,hififace,arabic,51381.png,MFusQ6Jv5cE,True,False
152_E9ikzQWCZm0_7_1_label_fake.npz,arabic/memo/152_E9ikzQWCZm0_7_1.mp4,fake,memo,arabic,152,152_E9ikzQWCZm0_7_1,False,False
1725-M-3HEJpdx2I_99_1_label_fake.npz,russian/hififace/1725-M-3HEJpdx2I_99_1.mp4,fake,hififace,russian,1725-M-3HEJpdx2I,1725-M-3HEJpdx2I_99_1,True,False
T-vVO3nRFzI_100_2--3025-ADTwFvHACE4_18_1_label_fake.npz,russian/liveportrait/T-vVO3nRFzI_100_2--3025-ADTwFvHACE4_18_1.mp4,fake,liveportrait,russian,T-vVO3nRFzI,T-vVO3nRFzI_100_2--3025-ADTwFvHACE4_18_1,False,False
28165_I5oeY5O5oJI_56_7_label_fake.npz,english/memo/28165_I5oeY5O5oJI_56_7.mp4,fake,memo,english,28165,28165_I5oeY5O5oJI_56_7,False,False
1280-bM1LXa68oxc_247_1_label_fake.npz,english/inswapper/1280-bM1LXa68oxc_247_1.mp4,fake,inswapper,english,1280-bM1LXa68oxc,1280-bM1LXa68oxc_247_1,False,False
iEd6mSVWLr4_52_26_label_real.npz,romanian/real/iEd6mSVWLr4_52_26.mp4,real,real,romanian,iEd6mSVWLr4,iEd6mSVWLr4,False,False
8202-pzdnuEa8a20_88_1_label_fake.npz,mandarin/sonic/8202-pzdnuEa8a20_88_1.mp4,fake,sonic,mandarin,8202-pzdnuEa8a20,8202-pzdnuEa8a20_88_1,True,False
79_Iy1E-yjDyFA_49_2_512x512_1_0533_withaudio_label_fake.npz,arabic/echomimic/79_Iy1E-yjDyFA_49_2_512x512_1_0533_withaudio.mp4,fake,echomimic,arabic,79,79_Iy1E-yjDyFA_49_2_512x512_1_0533_withaudio,False,False
22639-v4Y0FzwVMR8_17_1_label_fake.npz,english/inswapper/22639-v4Y0FzwVMR8_17_1.mp4,fake,inswapper,english,22639-v4Y0FzwVMR8,22639-v4Y0FzwVMR8_17_1,False,False
109.png_PXdPmUJN6k0_74_47_label_fake.npz,arabic/hififace/109.png_PXdPmUJN6k0_74_47.mp4.mp4,fake,hififace,arabic,109.png,PXdPmUJN6k0,True,False
20816-I5oeY5O5oJI_0_1_label_fake.npz,english/sonic/20816-I5oeY5O5oJI_0_1.mp4,fake,sonic,english,20816-I5oeY5O5oJI,20816-I5oeY5O5oJI_0_1,True,False
10265-6cKTSj4a8bQ_196_1_label_fake.npz,russian/inswapper/10265-6cKTSj4a8bQ_196_1.mp4,fake,inswapper,russian,10265-6cKTSj4a8bQ,10265-6cKTSj4a8bQ_196_1,False,False
t86T9sem8EM_140_1_25fps--44_UzfVjgZKjro_1080p_82_1_25fps_label_fake.npz,german/liveportrait/t86T9sem8EM_140_1_25fps--44_UzfVjgZKjro_1080p_82_1_25fps.mp4,fake,liveportrait,german,t86T9sem8EM,t86T9sem8EM_140_1_25fps--44_UzfVjgZKjro_1080p_82_1_25fps,False,True
8919-J-vYXU4vqcY_9_6_label_fake.npz,mandarin/roop/8919-J-vYXU4vqcY_9_6.mp4,fake,roop,mandarin,8919-J-vYXU4vqcY,8919-J-vYXU4vqcY_9_6,True,False
3DdSiJB8Bo0_8_1--23067-PYRFxrLt30A_18_4_label_fake.npz,english/liveportrait/3DdSiJB8Bo0_8_1--23067-PYRFxrLt30A_18_4.mp4,fake,liveportrait,english,3DdSiJB8Bo0,3DdSiJB8Bo0_8_1--23067-PYRFxrLt30A_18_4,False,False
VifDzyPgBNg_599_3_label_real.npz,romanian/real/VifDzyPgBNg_599_3.mp4,real,real,romanian,VifDzyPgBNg,VifDzyPgBNg,False,False
020_3af33d4e.jpg_vebjQP6GXm0_219_1_label_fake.npz,arabic/hififace/020_3af33d4e.jpg_vebjQP6GXm0_219_1.mp4.mp4,fake,hififace,arabic,020_3af33d4e.jpg,vebjQP6GXm0,True,False
26544-mRNCLRo9JAM_31_5_label_fake.npz,russian/inswapper/26544-mRNCLRo9JAM_31_5.mp4,fake,inswapper,russian,26544-mRNCLRo9JAM,26544-mRNCLRo9JAM_31_5,False,False
23429-SoI9-PP5Tmk_358_1_label_fake.npz,english/roop/23429-SoI9-PP5Tmk_358_1.mp4,fake,roop,english,23429-SoI9-PP5Tmk,23429-SoI9-PP5Tmk_358_1,True,False
9ztkB7gr8po_2_31--B4LwKKKbAuI_14_1_67_label_fake.npz,arabic/liveportrait/9ztkB7gr8po_2_31--B4LwKKKbAuI_14_1_67.mp4,fake,liveportrait,arabic,9ztkB7gr8po,9ztkB7gr8po_2_31--B4LwKKKbAuI_14_1_67,False,False
KKNCiRWd_j0_471_1--24192-GgCnpDg0jwc_55_4_label_fake.npz,russian/liveportrait/KKNCiRWd_j0_471_1--24192-GgCnpDg0jwc_55_4.mp4,fake,liveportrait,russian,KKNCiRWd,KKNCiRWd_j0_471_1--24192-GgCnpDg0jwc_55_4,False,False
22444-PEKF-vrTi9Q_42_1_label_fake.npz,mandarin/inswapper/22444-PEKF-vrTi9Q_42_1.mp4,fake,inswapper,mandarin,22444-PEKF-vrTi9Q,22444-PEKF-vrTi9Q_42_1,False,False
8308-4DNuopwIbbU_60_4_label_fake.npz,spanish/inswapper/8308-4DNuopwIbbU_60_4.mp4,fake,inswapper,spanish,8308-4DNuopwIbbU,8308-4DNuopwIbbU_60_4,False,False
025_61e2c5e5_MxlocFNdoXg_720_1-batch-2025-02-10-11-34-42-96_label_fake.npz,romanian/inswapper/025_61e2c5e5_MxlocFNdoXg_720_1-batch-2025-02-10-11-34-42-96.mp4,fake,inswapper,romanian,025,025_61e2c5e5_MxlocFNdoXg_720_1-batch-2025-02-10-11-34-42-96,False,False
009_23c94f29_P_stI11n2Sc_20_8_label_fake.npz,romanian/memo/009_23c94f29_P_stI11n2Sc_20_8.mp4,fake,memo,romanian,009,009_23c94f29_P_stI11n2Sc_20_8,False,False
1249-y_wqp9PJHYo_0_2_label_fake.npz,mandarin/inswapper/1249-y_wqp9PJHYo_0_2.mp4,fake,inswapper,mandarin,1249-y,1249-y_wqp9PJHYo_0_2,False,False
254_1P9nl9tBK38_325_8_label_fake.npz,arabic/memo/254_1P9nl9tBK38_325_8.mp4,fake,memo,arabic,254,254_1P9nl9tBK38_325_8,False,False
TsQZOTSteK8_86_1--19418-ADTwFvHACE4_10_3_label_fake.npz,russian/liveportrait/TsQZOTSteK8_86_1--19418-ADTwFvHACE4_10_3.mp4,fake,liveportrait,russian,TsQZOTSteK8,TsQZOTSteK8_86_1--19418-ADTwFvHACE4_10_3,False,False
478_d5GTYm01vqA_312_4_512x512_1_0533_withaudio_label_fake.npz,arabic/echomimic/478_d5GTYm01vqA_312_4_512x512_1_0533_withaudio.mp4,fake,echomimic,arabic,478,478_d5GTYm01vqA_312_4_512x512_1_0533_withaudio,False,False
1WuFbrHbnW8_94_5--1stTPtXYjuM_255_37_364_label_fake.npz,romanian/liveportrait/1WuFbrHbnW8_94_5--1stTPtXYjuM_255_37_364.mp4,fake,liveportrait,romanian,1WuFbrHbnW8,1WuFbrHbnW8_94_5--1stTPtXYjuM_255_37_364,False,False
010_2f9c83bc_OprPPstAfSg_74_13_label_fake.npz,romanian/memo/010_2f9c83bc_OprPPstAfSg_74_13.mp4,fake,memo,romanian,010,010_2f9c83bc_OprPPstAfSg_74_13,False,False
262_8tD-YwT4oAg_399_1_label_fake.npz,arabic/memo/262_8tD-YwT4oAg_399_1.mp4,fake,memo,arabic,262,262_8tD-YwT4oAg_399_1,False,False
KENbRqWDpYM_16_2_label_real.npz,arabic/real/KENbRqWDpYM_16_2.mp4,real,real,arabic,KENbRqWDpYM,KENbRqWDpYM,False,False
24619-JsGQizTuPSo_75_1_label_fake.npz,spanish/hififace/24619-JsGQizTuPSo_75_1.mp4,fake,hififace,spanish,24619-JsGQizTuPSo,24619-JsGQizTuPSo_75_1,True,False
20967-0xfJy96HJqo_19_1_label_fake.npz,english/inswapper/20967-0xfJy96HJqo_19_1.mp4,fake,inswapper,english,20967-0xfJy96HJqo,20967-0xfJy96HJqo_19_1,False,False
053_5b42d9d9.jpg_Jy-bPwwFxhk_37_1_label_fake.npz,arabic/inswapper/053_5b42d9d9.jpg_Jy-bPwwFxhk_37_1.mp4.mp4,fake,inswapper,arabic,053_5b42d9d9.jpg,Jy-bPwwFxhk,False,False
12598-J_U3D_QAw7c_120_1_label_fake.npz,spanish/inswapper/12598-J_U3D_QAw7c_120_1.mp4,fake,inswapper,spanish,12598-J,12598-J_U3D_QAw7c_120_1,False,False
281-bM1LXa68oxc_212_3_label_fake.npz,english/inswapper/281-bM1LXa68oxc_212_3.mp4,fake,inswapper,english,281-bM1LXa68oxc,281-bM1LXa68oxc_212_3,False,False
12645-ISBxZXSDgWE_46_4_label_fake.npz,spanish/inswapper/12645-ISBxZXSDgWE_46_4.mp4,fake,inswapper,spanish,12645-ISBxZXSDgWE,12645-ISBxZXSDgWE_46_4,False,False
325_aOJ4HdjvrMI_120_1_label_fake.npz,romanian/memo/325_aOJ4HdjvrMI_120_1.mp4,fake,memo,romanian,325,325_aOJ4HdjvrMI_120_1,False,False
hdS30nnhNZo_6_9_label_real.npz,arabic/real/hdS30nnhNZo_6_9.mp4,real,real,arabic,hdS30nnhNZo,hdS30nnhNZo,False,False
apnde-Dpq8E_1080p_102_4_808_label_fake.npz,german/sonic/apnde-Dpq8E_1080p_102_4_808.mp4,fake,sonic,german,apnde-Dpq8E,apnde-Dpq8E_1080p_102_4_808,True,True
411_VGCRcRs-jkE_35_6_label_fake.npz,arabic/memo/411_VGCRcRs-jkE_35_6.mp4,fake,memo,arabic,411,411_VGCRcRs-jkE_35_6,False,False
5722-53GIoeOAam4_11_1_label_fake.npz,russian/sonic/5722-53GIoeOAam4_11_1.mp4,fake,sonic,russian,5722-53GIoeOAam4,5722-53GIoeOAam4_11_1,True,False
18261_wR86bUBzCqU_label_fake.npz,arabic/memo/18261_wR86bUBzCqU.mp4,fake,memo,arabic,18261,18261_wR86bUBzCqU,False,False
801_NduDs59WZqU_72_3_label_fake.npz,mandarin/memo/801_NduDs59WZqU_72_3.mp4,fake,memo,mandarin,801,801_NduDs59WZqU_72_3,False,False
484_nTEv62rENMA_label_fake.npz,arabic/memo/484_nTEv62rENMA.mp4,fake,memo,arabic,484,484_nTEv62rENMA,False,False
6983-QlwtGFJHSYc_281_2_label_fake.npz,spanish/hififace/6983-QlwtGFJHSYc_281_2.mp4,fake,hififace,spanish,6983-QlwtGFJHSYc,6983-QlwtGFJHSYc_281_2,True,False
CeUoS2T2hhc_106_5--18613-NSWcdPWXZQI_129_1_label_fake.npz,spanish/liveportrait/CeUoS2T2hhc_106_5--18613-NSWcdPWXZQI_129_1.mp4,fake,liveportrait,spanish,CeUoS2T2hhc,CeUoS2T2hhc_106_5--18613-NSWcdPWXZQI_129_1,False,False
24062-sUv353ua7E8_17_1_label_fake.npz,english/hififace/24062-sUv353ua7E8_17_1.mp4,fake,hififace,english,24062-sUv353ua7E8,24062-sUv353ua7E8_17_1,True,False
29636-KFOvtqspEZk_178_1_label_fake.npz,mandarin/hififace/29636-KFOvtqspEZk_178_1.mp4,fake,hififace,mandarin,29636-KFOvtqspEZk,29636-KFOvtqspEZk_178_1,True,False
cbtkoZUOR1A_101_16_label_real.npz,english/real/cbtkoZUOR1A_101_16.mp4,real,real,english,cbtkoZUOR1A,cbtkoZUOR1A,False,False
B4LwKKKbAuI_88_21--zpEUWKUUxdY_0_16_601_label_fake.npz,arabic/liveportrait/B4LwKKKbAuI_88_21--zpEUWKUUxdY_0_16_601.mp4,fake,liveportrait,arabic,B4LwKKKbAuI,B4LwKKKbAuI_88_21--zpEUWKUUxdY_0_16_601,False,False
5056-NSWcdPWXZQI_106_1_label_fake.npz,spanish/roop/5056-NSWcdPWXZQI_106_1.mp4,fake,roop,spanish,5056-NSWcdPWXZQI,5056-NSWcdPWXZQI_106_1,True,False
1POFF5RQjyM_116_1_label_real.npz,arabic/real/1POFF5RQjyM_116_1.mp4,real,real,arabic,1POFF5RQjyM,1POFF5RQjyM,False,False
12865-GwFRoh3zBYs_44_4_label_fake.npz,spanish/inswapper/12865-GwFRoh3zBYs_44_4.mp4,fake,inswapper,spanish,12865-GwFRoh3zBYs,12865-GwFRoh3zBYs_44_4,False,False
02479-W3xHmerC4wM_2_1_label_fake.npz,arabic/roop/02479-W3xHmerC4wM_2_1.mp4,fake,roop,arabic,02479-W3xHmerC4wM,02479-W3xHmerC4wM_2_1,True,False
149.png_B4LwKKKbAuI_88_16_label_fake.npz,arabic/inswapper/149.png_B4LwKKKbAuI_88_16.mp4.mp4,fake,inswapper,arabic,149.png,B4LwKKKbAuI,False,False
24808-3NYH-zyIfZY_57_1_label_fake.npz,russian/roop/24808-3NYH-zyIfZY_57_1.mp4,fake,roop,russian,24808-3NYH-zyIfZY,24808-3NYH-zyIfZY_57_1,True,False
22956-4ZO2_2nHaIk_36_1_label_fake.npz,spanish/inswapper/22956-4ZO2_2nHaIk_36_1.mp4,fake,inswapper,spanish,22956-4ZO2,22956-4ZO2_2nHaIk_36_1,False,False
083_16b5e7ab_Nz7QfvnRkuE_555_1-batch-2025-02-10-11-34-42-77_label_fake.npz,romanian/inswapper/083_16b5e7ab_Nz7QfvnRkuE_555_1-batch-2025-02-10-11-34-42-77.mp4,fake,inswapper,romanian,083,083_16b5e7ab_Nz7QfvnRkuE_555_1-batch-2025-02-10-11-34-42-77,False,False
65699_bkCpQk_K_jg_158_1_audio_short_512x512_1_0732_withaudio_label_fake.npz,english/echomimic/65699_bkCpQk_K_jg_158_1_audio_short_512x512_1_0732_withaudio.mp4,fake,echomimic,english,65699,65699_bkCpQk_K_jg_158_1_audio_short_512x512_1_0732_withaudio,False,False
17898_jE5wxTgovZs_0_1_label_fake.npz,arabic/memo/17898_jE5wxTgovZs_0_1.mp4,fake,memo,arabic,17898,17898_jE5wxTgovZs_0_1,False,False
15604-NkFOqfFDb1c_62_1_label_fake.npz,mandarin/inswapper/15604-NkFOqfFDb1c_62_1.mp4,fake,inswapper,mandarin,15604-NkFOqfFDb1c,15604-NkFOqfFDb1c_62_1,False,False
13032_WLXiu-qp8Lw_183_1_label_fake.npz,spanish/memo/13032_WLXiu-qp8Lw_183_1.mp4,fake,memo,spanish,13032,13032_WLXiu-qp8Lw_183_1,False,False
07977.png_7AldV8ATrJc_240_1_label_fake.npz,german/inswapper/07977.png_7AldV8ATrJc_240_1.mp4.mp4,fake,inswapper,german,07977.png,7AldV8ATrJc,False,True
14710_DCeJZTSFTXs_16_1_audio_short_512x512_1_0557_withaudio_label_fake.npz,mandarin/echomimic/14710_DCeJZTSFTXs_16_1_audio_short_512x512_1_0557_withaudio.mp4,fake,echomimic,mandarin,14710,14710_DCeJZTSFTXs_16_1_audio_short_512x512_1_0557_withaudio,False,False
21235_O1JxQ9OyJRQ_97_2_label_fake.npz,russian/memo/21235_O1JxQ9OyJRQ_97_2.mp4,fake,memo,russian,21235,21235_O1JxQ9OyJRQ_97_2,False,False
25_ZWWpghA1SJc_39_1_audio_short_512x512_1_0557_withaudio_label_fake.npz,mandarin/echomimic/25_ZWWpghA1SJc_39_1_audio_short_512x512_1_0557_withaudio.mp4,fake,echomimic,mandarin,25,25_ZWWpghA1SJc_39_1_audio_short_512x512_1_0557_withaudio,False,False
MzXkiK4ROhQ_105_1--24623-53GIoeOAam4_16_5_label_fake.npz,russian/liveportrait/MzXkiK4ROhQ_105_1--24623-53GIoeOAam4_16_5.mp4,fake,liveportrait,russian,MzXkiK4ROhQ,MzXkiK4ROhQ_105_1--24623-53GIoeOAam4_16_5,False,False
9540-Y8tqH6MnJUU_14_1_label_fake.npz,english/inswapper/9540-Y8tqH6MnJUU_14_1.mp4,fake,inswapper,english,9540-Y8tqH6MnJUU,9540-Y8tqH6MnJUU_14_1,False,False
27613_PYRFxrLt30A_42_2_label_fake.npz,english/memo/27613_PYRFxrLt30A_42_2.mp4,fake,memo,english,27613,27613_PYRFxrLt30A_42_2,False,False
22093-ADTwFvHACE4_31_1_label_fake.npz,russian/sonic/22093-ADTwFvHACE4_31_1.mp4,fake,sonic,russian,22093-ADTwFvHACE4,22093-ADTwFvHACE4_31_1,True,False
hdS30nnhNZo_7_4_label_real.npz,arabic/real/hdS30nnhNZo_7_4.mp4,real,real,arabic,hdS30nnhNZo,hdS30nnhNZo,False,False
183__NxbN7iCl3w_594_1_label_fake.npz,german/memo/183__NxbN7iCl3w_594_1.mp4,fake,memo,german,183,183__NxbN7iCl3w_594_1,False,True
021_0b9bd77d--19DTZ6_d6U_651_3_label_fake.npz,romanian/roop/021_0b9bd77d--19DTZ6_d6U_651_3.mp4,fake,roop,romanian,021,021_0b9bd77d--19DTZ6_d6U_651_3,True,False
015_3a0f9ec8.jpg_GNkwgfQFj60_69_6_label_fake.npz,arabic/inswapper/015_3a0f9ec8.jpg_GNkwgfQFj60_69_6.mp4.mp4,fake,inswapper,arabic,015_3a0f9ec8.jpg,GNkwgfQFj60,False,False
Tq6_7XyCyyI_32_1--6185-lXv73xCGh8E_0_1_label_fake.npz,mandarin/liveportrait/Tq6_7XyCyyI_32_1--6185-lXv73xCGh8E_0_1.mp4,fake,liveportrait,mandarin,Tq6,Tq6_7XyCyyI_32_1--6185-lXv73xCGh8E_0_1,False,False
0fpc2LXBvUo_54_1--00364_tf_pzTBKuFY_audio_1_150_label_fake.npz,hindi/liveportrait/0fpc2LXBvUo_54_1--00364_tf_pzTBKuFY_audio_1_150.mp4,fake,liveportrait,hindi,0fpc2LXBvUo,0fpc2LXBvUo_54_1--00364_tf_pzTBKuFY_audio_1_150,False,True
12423-itFwx1CZM9I_99_2_label_fake.npz,russian/inswapper/12423-itFwx1CZM9I_99_2.mp4,fake,inswapper,russian,12423-itFwx1CZM9I,12423-itFwx1CZM9I_99_2,False,False
O_6kW3Mrkm8_187_7_label_real.npz,hindi/real/O_6kW3Mrkm8_187_7.mp4,real,real,hindi,O_6kW3Mrkm8,O_6kW3Mrkm8,False,True
26349-ezja7-YQ72g_27_1_label_fake.npz,russian/inswapper/26349-ezja7-YQ72g_27_1.mp4,fake,inswapper,russian,26349-ezja7-YQ72g,26349-ezja7-YQ72g_27_1,False,False
9290_HUqaEI0dweE_23_3_label_fake.npz,spanish/memo/9290_HUqaEI0dweE_23_3.mp4,fake,memo,spanish,9290,9290_HUqaEI0dweE_23_3,False,False
496_GK9gq8WEHA0_790_1-batch-2025-02-05-13-35-36-0_label_fake.npz,romanian/inswapper/496_GK9gq8WEHA0_790_1-batch-2025-02-05-13-35-36-0.mp4,fake,inswapper,romanian,496,496_GK9gq8WEHA0_790_1-batch-2025-02-05-13-35-36-0,False,False
46252.png_8tD-YwT4oAg_222_1_label_fake.npz,arabic/inswapper/46252.png_8tD-YwT4oAg_222_1.mp4.mp4,fake,inswapper,arabic,46252.png,8tD-YwT4oAg,False,False
081_4d677d83.jpg_1POFF5RQjyM_82_1_label_fake.npz,arabic/inswapper/081_4d677d83.jpg_1POFF5RQjyM_82_1.mp4.mp4,fake,inswapper,arabic,081_4d677d83.jpg,1POFF5RQjyM,False,False
030_df8c8fad.jpg_vdLn_BXY7E8_251_1_label_fake.npz,german/hififace/030_df8c8fad.jpg_vdLn_BXY7E8_251_1.mp4.mp4,fake,hififace,german,030_df8c8fad.jpg,vdLn_BXY7E8,True,True
lXXCH-gBGzI_50_11_25fps--47398_NEEN8fSBuWI_364_1_25fps_label_fake.npz,german/liveportrait/lXXCH-gBGzI_50_11_25fps--47398_NEEN8fSBuWI_364_1_25fps.mp4,fake,liveportrait,german,lXXCH-gBGzI,lXXCH-gBGzI_50_11_25fps--47398_NEEN8fSBuWI_364_1_25fps,False,True
26131-cbtkoZUOR1A_65_3_label_fake.npz,english/hififace/26131-cbtkoZUOR1A_65_3.mp4,fake,hififace,english,26131-cbtkoZUOR1A,26131-cbtkoZUOR1A_65_3,True,False
251_SzhK7Q-pY0U_1_33_label_fake.npz,arabic/memo/251_SzhK7Q-pY0U_1_33.mp4,fake,memo,arabic,251,251_SzhK7Q-pY0U_1_33,False,False
0juLRi90kRg_39_5_label_real.npz,english/real/0juLRi90kRg_39_5.mp4,real,real,english,0juLRi90kRg,0juLRi90kRg,False,False
4219-J-vYXU4vqcY_10_3_label_fake.npz,mandarin/sonic/4219-J-vYXU4vqcY_10_3.mp4,fake,sonic,mandarin,4219-J-vYXU4vqcY,4219-J-vYXU4vqcY_10_3,True,False
051_2505e244_8wx4wssZgfo_68_1_label_fake.npz,romanian/memo/051_2505e244_8wx4wssZgfo_68_1.mp4,fake,memo,romanian,051,051_2505e244_8wx4wssZgfo_68_1,False,False
ypMVswItFWI_6_1_label_real.npz,arabic/real/ypMVswItFWI_6_1.mp4,real,real,arabic,ypMVswItFWI,ypMVswItFWI,False,False
11011-ADTwFvHACE4_117_1_label_fake.npz,russian/sonic/11011-ADTwFvHACE4_117_1.mp4,fake,sonic,russian,11011-ADTwFvHACE4,11011-ADTwFvHACE4_117_1,True,False
22779_BhwnAYvzhm4_32_1_label_fake.npz,spanish/memo/22779_BhwnAYvzhm4_32_1.mp4,fake,memo,spanish,22779,22779_BhwnAYvzhm4_32_1,False,False
094_c255b703.jpg_6l6NFBuOYjk_74_1_label_fake.npz,hindi/inswapper/094_c255b703.jpg_6l6NFBuOYjk_74_1.mp4.mp4,fake,inswapper,hindi,094_c255b703.jpg,6l6NFBuOYjk,False,True
8efxcrjdffg_0_6_label_real.npz,english/real/8efxcrjdffg_0_6.mp4,real,real,english,8efxcrjdffg,8efxcrjdffg,False,False
134_736d1702-PqumaD82tcI_103_1_label_fake.npz,romanian/roop/134_736d1702-PqumaD82tcI_103_1.mp4,fake,roop,romanian,134,134_736d1702-PqumaD82tcI_103_1,True,False
398_MxlocFNdoXg_720_1-batch-2025-02-04-10-00-57-143_label_fake.npz,romanian/inswapper/398_MxlocFNdoXg_720_1-batch-2025-02-04-10-00-57-143.mp4,fake,inswapper,romanian,398,398_MxlocFNdoXg_720_1-batch-2025-02-04-10-00-57-143,False,False
73_9uoW1hsVTvw_audio_1_82_label_fake.npz,hindi/sonic/73_9uoW1hsVTvw_audio_1_82.mp4,fake,sonic,hindi,73,73_9uoW1hsVTvw_audio_1_82,True,True
GySD76yMiAA_2_3_label_real.npz,romanian/real/GySD76yMiAA_2_3.mp4,real,real,romanian,GySD76yMiAA,GySD76yMiAA,False,False
056_3a21c6af.jpg_-qs_Rh-rAbI_73_1_label_fake.npz,arabic/hififace/056_3a21c6af.jpg_-qs_Rh-rAbI_73_1.mp4.mp4,fake,hififace,arabic,056_3a21c6af.jpg,-qs_Rh-rAbI,True,False
10530-dxA6D4dJWn8_79_1_label_fake.npz,english/inswapper/10530-dxA6D4dJWn8_79_1.mp4,fake,inswapper,english,10530-dxA6D4dJWn8,10530-dxA6D4dJWn8_79_1,False,False
16651-6GqonOcxCQQ_131_1_label_fake.npz,russian/roop/16651-6GqonOcxCQQ_131_1.mp4,fake,roop,russian,16651-6GqonOcxCQQ,16651-6GqonOcxCQQ_131_1,True,False
023_4e454f96_QVr1PThaCJ4_72_1_label_fake.npz,romanian/memo/023_4e454f96_QVr1PThaCJ4_72_1.mp4,fake,memo,romanian,023,023_4e454f96_QVr1PThaCJ4_72_1,False,False
5287-DeB8-H3L04c_14_2_label_fake.npz,mandarin/inswapper/5287-DeB8-H3L04c_14_2.mp4,fake,inswapper,mandarin,5287-DeB8-H3L04c,5287-DeB8-H3L04c_14_2,False,False
010_34d63b53_tStxmy972vw_9_5-batch-2025-02-05-13-35-36-158_label_fake.npz,romanian/inswapper/010_34d63b53_tStxmy972vw_9_5-batch-2025-02-05-13-35-36-158.mp4,fake,inswapper,romanian,010,010_34d63b53_tStxmy972vw_9_5-batch-2025-02-05-13-35-36-158,False,False
14772-lkMV6SxilXc_52_1_label_fake.npz,english/inswapper/14772-lkMV6SxilXc_52_1.mp4,fake,inswapper,english,14772-lkMV6SxilXc,14772-lkMV6SxilXc_52_1,False,False
2442-2WGnDrVPG8A_72_2_label_fake.npz,spanish/inswapper/2442-2WGnDrVPG8A_72_2.mp4,fake,inswapper,spanish,2442-2WGnDrVPG8A,2442-2WGnDrVPG8A_72_2,False,False
27437-o3KMJLxjdoM_61_3_label_fake.npz,spanish/inswapper/27437-o3KMJLxjdoM_61_3.mp4,fake,inswapper,spanish,27437-o3KMJLxjdoM,27437-o3KMJLxjdoM_61_3,False,False
jT0Uw6EwOyQ_35_1--2NlEdgEI_mc_107_21_211_label_fake.npz,romanian/liveportrait/jT0Uw6EwOyQ_35_1--2NlEdgEI_mc_107_21_211.mp4,fake,liveportrait,romanian,jT0Uw6EwOyQ,jT0Uw6EwOyQ_35_1--2NlEdgEI_mc_107_21_211,False,False
17986-Mb-ynUI4Me4_35_1_label_fake.npz,russian/hififace/17986-Mb-ynUI4Me4_35_1.mp4,fake,hififace,russian,17986-Mb-ynUI4Me4,17986-Mb-ynUI4Me4_35_1,True,False
J_ComKnl1hk_6_20_label_real.npz,arabic/real/J_ComKnl1hk_6_20.mp4,real,real,arabic,J_ComKnl1hk,J_ComKnl1hk,False,False
17990_2ECheTEbkhQ_23_3_label_fake.npz,spanish/memo/17990_2ECheTEbkhQ_23_3.mp4,fake,memo,spanish,17990,17990_2ECheTEbkhQ_23_3,False,False
V3Cav6WhwZc_24_3--5618-J-vYXU4vqcY_11_1_label_fake.npz,mandarin/liveportrait/V3Cav6WhwZc_24_3--5618-J-vYXU4vqcY_11_1.mp4,fake,liveportrait,mandarin,V3Cav6WhwZc,V3Cav6WhwZc_24_3--5618-J-vYXU4vqcY_11_1,False,False
03157_-qs_Rh-rAbI_91_2_label_fake.npz,arabic/memo/03157_-qs_Rh-rAbI_91_2.mp4,fake,memo,arabic,03157,03157_-qs_Rh-rAbI_91_2,False,False
14529-ndJhwVupwVQ_1_1_label_fake.npz,spanish/sonic/14529-ndJhwVupwVQ_1_1.mp4,fake,sonic,spanish,14529-ndJhwVupwVQ,14529-ndJhwVupwVQ_1_1,True,False
257_KNktDoYajMk_95_1_label_fake.npz,arabic/memo/257_KNktDoYajMk_95_1.mp4,fake,memo,arabic,257,257_KNktDoYajMk_95_1,False,False
62ywI44YAxQ_78_21_label_real.npz,romanian/real/62ywI44YAxQ_78_21.mp4,real,real,romanian,62ywI44YAxQ,62ywI44YAxQ,False,False
9902-I5oeY5O5oJI_46_3_label_fake.npz,english/hififace/9902-I5oeY5O5oJI_46_3.mp4,fake,hififace,english,9902-I5oeY5O5oJI,9902-I5oeY5O5oJI_46_3,True,False
14602-ybfyLfI5Ml0_104_1_label_fake.npz,spanish/hififace/14602-ybfyLfI5Ml0_104_1.mp4,fake,hififace,spanish,14602-ybfyLfI5Ml0,14602-ybfyLfI5Ml0_104_1,True,False
GiWHOpvWo38_331_1_label_real.npz,arabic/real/GiWHOpvWo38_331_1.mp4,real,real,arabic,GiWHOpvWo38,GiWHOpvWo38,False,False
14635-snplq3D9n68_30_1_label_fake.npz,spanish/inswapper/14635-snplq3D9n68_30_1.mp4,fake,inswapper,spanish,14635-snplq3D9n68,14635-snplq3D9n68_30_1,False,False
18986_d2om_PGtwWY_33_2_label_fake.npz,english/memo/18986_d2om_PGtwWY_33_2.mp4,fake,memo,english,18986,18986_d2om_PGtwWY_33_2,False,False
38747-zr6OpxBh5DA_7_1_label_fake.npz,hindi/roop/38747-zr6OpxBh5DA_7_1.mp4,fake,roop,hindi,38747-zr6OpxBh5DA,38747-zr6OpxBh5DA_7_1,True,True
29515-fAh51cqF86I_28_2_label_fake.npz,mandarin/inswapper/29515-fAh51cqF86I_28_2.mp4,fake,inswapper,mandarin,29515-fAh51cqF86I,29515-fAh51cqF86I_28_2,False,False
zpEUWKUUxdY_50_1--NHVXgWJiIcs_9_1_281_label_fake.npz,arabic/liveportrait/zpEUWKUUxdY_50_1--NHVXgWJiIcs_9_1_281.mp4,fake,liveportrait,arabic,zpEUWKUUxdY,zpEUWKUUxdY_50_1--NHVXgWJiIcs_9_1_281,False,False
23091-TsQZOTSteK8_30_1_label_fake.npz,english/roop/23091-TsQZOTSteK8_30_1.mp4,fake,roop,english,23091-TsQZOTSteK8,23091-TsQZOTSteK8_30_1,True,False
uDQs1pf8-9s_6_2--SzhK7Q-pY0U_1_8_106_label_fake.npz,arabic/liveportrait/uDQs1pf8-9s_6_2--SzhK7Q-pY0U_1_8_106.mp4,fake,liveportrait,arabic,uDQs1pf8-9s,uDQs1pf8-9s_6_2--SzhK7Q-pY0U_1_8_106,False,False
TXf3uH5YqM4_0_2--7162-I5oeY5O5oJI_56_4_label_fake.npz,english/liveportrait/TXf3uH5YqM4_0_2--7162-I5oeY5O5oJI_56_4.mp4,fake,liveportrait,english,TXf3uH5YqM4,TXf3uH5YqM4_0_2--7162-I5oeY5O5oJI_56_4,False,False
16425.png_KyeC6d6MTSU_134_3_label_fake.npz,hindi/hififace/16425.png_KyeC6d6MTSU_134_3.mp4.mp4,fake,hififace,hindi,16425.png,KyeC6d6MTSU,True,True
MM_bPbjR8CI_22_1_label_real.npz,english/real/MM_bPbjR8CI_22_1.mp4,real,real,english,MM_bPbjR8CI,MM_bPbjR8CI,True,False
mk3ebu5ue3U_66_6_label_real.npz,english/real/mk3ebu5ue3U_66_6.mp4,real,real,english,mk3ebu5ue3U,mk3ebu5ue3U,True,False
I5nY1qKef8M_49_1_label_real.npz,russian/real/I5nY1qKef8M_49_1.mp4,real,real,russian,I5nY1qKef8M,I5nY1qKef8M,True,False
cKuQhjDMxYI_15_1_label_real.npz,english/real/cKuQhjDMxYI_15_1.mp4,real,real,english,cKuQhjDMxYI,cKuQhjDMxYI,True,False
9qs2erQgEzs_71_1_label_real.npz,russian/real/9qs2erQgEzs_71_1.mp4,real,real,russian,9qs2erQgEzs,9qs2erQgEzs,True,False
nnQNH-sotI8_40_1_label_real.npz,mandarin/real/nnQNH-sotI8_40_1.mp4,real,real,mandarin,nnQNH-sotI8,nnQNH-sotI8,True,False
durJUb8_oZE_22_1_label_real.npz,mandarin/real/durJUb8_oZE_22_1.mp4,real,real,mandarin,durJUb8_oZE,durJUb8_oZE,True,False
ZzfsQF3ig2k_243_7_label_real.npz,mandarin/real/ZzfsQF3ig2k_243_7.mp4,real,real,mandarin,ZzfsQF3ig2k,ZzfsQF3ig2k,True,False
elNx36q2vLM_28_1_label_real.npz,spanish/real/elNx36q2vLM_28_1.mp4,real,real,spanish,elNx36q2vLM,elNx36q2vLM,True,False
PyLbdkRVKh0_7_1_label_real.npz,mandarin/real/PyLbdkRVKh0_7_1.mp4,real,real,mandarin,PyLbdkRVKh0,PyLbdkRVKh0,True,False
V7g7ZFObO7Y_1503_2_label_real.npz,russian/real/V7g7ZFObO7Y_1503_2.mp4,real,real,russian,V7g7ZFObO7Y,V7g7ZFObO7Y,True,False
0Wey_XfRWvY_128_7_label_real.npz,spanish/real/0Wey_XfRWvY_128_7.mp4,real,real,spanish,0Wey_XfRWvY,0Wey_XfRWvY,True,False
6noIJpqRyvk_41_6_label_real.npz,russian/real/6noIJpqRyvk_41_6.mp4,real,real,russian,6noIJpqRyvk,6noIJpqRyvk,True,False
7_9hY06BZQc_45_1_label_real.npz,spanish/real/7_9hY06BZQc_45_1.mp4,real,real,spanish,7_9hY06BZQc,7_9hY06BZQc,True,False
fRvu1JgiRiU_55_1_label_real.npz,russian/real/fRvu1JgiRiU_55_1.mp4,real,real,russian,fRvu1JgiRiU,fRvu1JgiRiU,True,False
6OMxEdnXmQY_294_2_label_real.npz,russian/real/6OMxEdnXmQY_294_2.mp4,real,real,russian,6OMxEdnXmQY,6OMxEdnXmQY,True,False
8GpRabFxLWk_798_8_label_real.npz,russian/real/8GpRabFxLWk_798_8.mp4,real,real,russian,8GpRabFxLWk,8GpRabFxLWk,True,False
xIMS_-reEco_367_1_label_real.npz,mandarin/real/xIMS_-reEco_367_1.mp4,real,real,mandarin,xIMS_-reEco,xIMS_-reEco,True,False
zR7WQ_h0bxM_49_1_label_real.npz,mandarin/real/zR7WQ_h0bxM_49_1.mp4,real,real,mandarin,zR7WQ_h0bxM,zR7WQ_h0bxM,True,False
CNzIwKKH7JE_79_2_label_real.npz,russian/real/CNzIwKKH7JE_79_2.mp4,real,real,russian,CNzIwKKH7JE,CNzIwKKH7JE,True,False
JIhXrwnD-EU_124_1_label_real.npz,english/real/JIhXrwnD-EU_124_1.mp4,real,real,english,JIhXrwnD-EU,JIhXrwnD-EU,True,False
_KUYDD5enPo_33_2_label_real.npz,russian/real/_KUYDD5enPo_33_2.mp4,real,real,russian,_KUYDD5enPo,_KUYDD5enPo,True,False
B6OdZAgORxc_14_1_label_real.npz,mandarin/real/B6OdZAgORxc_14_1.mp4,real,real,mandarin,B6OdZAgORxc,B6OdZAgORxc,True,False
BFTUrrBGBao_68_2_label_real.npz,russian/real/BFTUrrBGBao_68_2.mp4,real,real,russian,BFTUrrBGBao,BFTUrrBGBao,True,False
kvYaojOQhX4_13_1_label_real.npz,english/real/kvYaojOQhX4_13_1.mp4,real,real,english,kvYaojOQhX4,kvYaojOQhX4,True,False
UHWeR0ChEZQ_71_2_label_real.npz,spanish/real/UHWeR0ChEZQ_71_2.mp4,real,real,spanish,UHWeR0ChEZQ,UHWeR0ChEZQ,True,False
eyb0_CHPvE0_77_1_label_real.npz,english/real/eyb0_CHPvE0_77_1.mp4,real,real,english,eyb0_CHPvE0,eyb0_CHPvE0,True,False
TeY1kBZCRNc_135_1_label_real.npz,russian/real/TeY1kBZCRNc_135_1.mp4,real,real,russian,TeY1kBZCRNc,TeY1kBZCRNc,True,False
0GFpYNkwulE_165_2_label_real.npz,russian/real/0GFpYNkwulE_165_2.mp4,real,real,russian,0GFpYNkwulE,0GFpYNkwulE,True,False
oWEF_g9IpLE_0_2_label_real.npz,russian/real/oWEF_g9IpLE_0_2.mp4,real,real,russian,oWEF_g9IpLE,oWEF_g9IpLE,True,False
BFTUrrBGBao_69_1_label_real.npz,russian/real/BFTUrrBGBao_69_1.mp4,real,real,russian,BFTUrrBGBao,BFTUrrBGBao,True,False
qF8dChL_5lM_17_1_label_real.npz,spanish/real/qF8dChL_5lM_17_1.mp4,real,real,spanish,qF8dChL_5lM,qF8dChL_5lM,True,False
zijmkxLNeK0_5_1_label_real.npz,russian/real/zijmkxLNeK0_5_1.mp4,real,real,russian,zijmkxLNeK0,zijmkxLNeK0,True,False
eUOLg70FT2M_562_1_label_real.npz,mandarin/real/eUOLg70FT2M_562_1.mp4,real,real,mandarin,eUOLg70FT2M,eUOLg70FT2M,True,False
LNn1IW-5-rI_419_2_label_real.npz,russian/real/LNn1IW-5-rI_419_2.mp4,real,real,russian,LNn1IW-5-rI,LNn1IW-5-rI,True,False
elNx36q2vLM_15_1_label_real.npz,spanish/real/elNx36q2vLM_15_1.mp4,real,real,spanish,elNx36q2vLM,elNx36q2vLM,True,False
_aJauu82Ctw_147_1_label_real.npz,english/real/_aJauu82Ctw_147_1.mp4,real,real,english,_aJauu82Ctw,_aJauu82Ctw,True,False
sJai0cem3jQ_31_1_label_real.npz,russian/real/sJai0cem3jQ_31_1.mp4,real,real,russian,sJai0cem3jQ,sJai0cem3jQ,True,False
e_M_h01yhPQ_6_1_label_real.npz,spanish/real/e_M_h01yhPQ_6_1.mp4,real,real,spanish,e_M_h01yhPQ,e_M_h01yhPQ,True,False
V4ky5dwCLUg_426_1_label_real.npz,mandarin/real/V4ky5dwCLUg_426_1.mp4,real,real,mandarin,V4ky5dwCLUg,V4ky5dwCLUg,True,False
mJERjWcYYVI_349_1_label_real.npz,english/real/mJERjWcYYVI_349_1.mp4,real,real,english,mJERjWcYYVI,mJERjWcYYVI,True,False
GaKL6i3ISPc_110_2_label_real.npz,russian/real/GaKL6i3ISPc_110_2.mp4,real,real,russian,GaKL6i3ISPc,GaKL6i3ISPc,True,False
xYvie7f9Dq4_81_2_label_real.npz,mandarin/real/xYvie7f9Dq4_81_2.mp4,real,real,mandarin,xYvie7f9Dq4,xYvie7f9Dq4,True,False
xIMS_-reEco_305_1_label_real.npz,mandarin/real/xIMS_-reEco_305_1.mp4,real,real,mandarin,xIMS_-reEco,xIMS_-reEco,True,False
z-G3N7bVKTU_40_1_label_real.npz,mandarin/real/z-G3N7bVKTU_40_1.mp4,real,real,mandarin,z-G3N7bVKTU,z-G3N7bVKTU,True,False
-r8gDmbKYbU_2_14_label_real.npz,russian/real/-r8gDmbKYbU_2_14.mp4,real,real,russian,-r8gDmbKYbU,-r8gDmbKYbU,True,False
f5utLluNHNs_92_4_label_real.npz,russian/real/f5utLluNHNs_92_4.mp4,real,real,russian,f5utLluNHNs,f5utLluNHNs,True,False
Tq_yH1zEyaI_43_1_label_real.npz,spanish/real/Tq_yH1zEyaI_43_1.mp4,real,real,spanish,Tq_yH1zEyaI,Tq_yH1zEyaI,True,False
kvYaojOQhX4_10_1_label_real.npz,english/real/kvYaojOQhX4_10_1.mp4,real,real,english,kvYaojOQhX4,kvYaojOQhX4,True,False
mWNwWonVpcE_15_2_label_real.npz,spanish/real/mWNwWonVpcE_15_2.mp4,real,real,spanish,mWNwWonVpcE,mWNwWonVpcE,True,False
lp8KBXdMlU8_3_1_label_real.npz,english/real/lp8KBXdMlU8_3_1.mp4,real,real,english,lp8KBXdMlU8,lp8KBXdMlU8,True,False
-nIguiavWKY_80_1_label_real.npz,mandarin/real/-nIguiavWKY_80_1.mp4,real,real,mandarin,-nIguiavWKY,-nIguiavWKY,True,False
0XK4xCZZxFc_6_1_label_real.npz,spanish/real/0XK4xCZZxFc_6_1.mp4,real,real,spanish,0XK4xCZZxFc,0XK4xCZZxFc,True,False
QpbPUAQ9GxM_75_2_label_real.npz,mandarin/real/QpbPUAQ9GxM_75_2.mp4,real,real,mandarin,QpbPUAQ9GxM,QpbPUAQ9GxM,True,False
P9rEtDiot-w_4_3_label_real.npz,english/real/P9rEtDiot-w_4_3.mp4,real,real,english,P9rEtDiot-w,P9rEtDiot-w,True,False
LRzd_fO6eX0_30_2_label_real.npz,russian/real/LRzd_fO6eX0_30_2.mp4,real,real,russian,LRzd_fO6eX0,LRzd_fO6eX0,True,False
vgyLaiYwqsY_0_1_label_real.npz,mandarin/real/vgyLaiYwqsY_0_1.mp4,real,real,mandarin,vgyLaiYwqsY,vgyLaiYwqsY,True,False
xYvie7f9Dq4_91_2_label_real.npz,mandarin/real/xYvie7f9Dq4_91_2.mp4,real,real,mandarin,xYvie7f9Dq4,xYvie7f9Dq4,True,False
P9rEtDiot-w_69_4_label_real.npz,english/real/P9rEtDiot-w_69_4.mp4,real,real,english,P9rEtDiot-w,P9rEtDiot-w,True,False
bVR4pSn7Hhc_13_1_label_real.npz,english/real/bVR4pSn7Hhc_13_1.mp4,real,real,english,bVR4pSn7Hhc,bVR4pSn7Hhc,True,False
-Wc4JH2UbKk_82_1_label_real.npz,russian/real/-Wc4JH2UbKk_82_1.mp4,real,real,russian,-Wc4JH2UbKk,-Wc4JH2UbKk,True,False
mjWMUvZ3NUs_49_1_label_real.npz,mandarin/real/mjWMUvZ3NUs_49_1.mp4,real,real,mandarin,mjWMUvZ3NUs,mjWMUvZ3NUs,True,False
K5nAHKJjWMY_73_1_label_real.npz,spanish/real/K5nAHKJjWMY_73_1.mp4,real,real,spanish,K5nAHKJjWMY,K5nAHKJjWMY,True,False
RAg2mHKGcGA_12_1_label_real.npz,mandarin/real/RAg2mHKGcGA_12_1.mp4,real,real,mandarin,RAg2mHKGcGA,RAg2mHKGcGA,True,False
zUN3XwU0SuA_167_1_label_real.npz,spanish/real/zUN3XwU0SuA_167_1.mp4,real,real,spanish,zUN3XwU0SuA,zUN3XwU0SuA,True,False
qF8dChL_5lM_11_1_label_real.npz,spanish/real/qF8dChL_5lM_11_1.mp4,real,real,spanish,qF8dChL_5lM,qF8dChL_5lM,True,False
3OqtJBxxbgM_55_3_label_real.npz,russian/real/3OqtJBxxbgM_55_3.mp4,real,real,russian,3OqtJBxxbgM,3OqtJBxxbgM,True,False
x5-94NxSnz4_0_5_label_real.npz,russian/real/x5-94NxSnz4_0_5.mp4,real,real,russian,x5-94NxSnz4,x5-94NxSnz4,True,False
vVZGGl7ivy8_292_1_label_real.npz,mandarin/real/vVZGGl7ivy8_292_1.mp4,real,real,mandarin,vVZGGl7ivy8,vVZGGl7ivy8,True,False
yLuJcWWMDFk_14_4_label_real.npz,russian/real/yLuJcWWMDFk_14_4.mp4,real,real,russian,yLuJcWWMDFk,yLuJcWWMDFk,True,False
fJt__f-MHWo_367_1_label_real.npz,english/real/fJt__f-MHWo_367_1.mp4,real,real,english,fJt__f-MHWo,fJt__f-MHWo,True,False
i6fE1x3P2kY_6_1_label_real.npz,spanish/real/i6fE1x3P2kY_6_1.mp4,real,real,spanish,i6fE1x3P2kY,i6fE1x3P2kY,True,False
8GpRabFxLWk_132_1_label_real.npz,russian/real/8GpRabFxLWk_132_1.mp4,real,real,russian,8GpRabFxLWk,8GpRabFxLWk,True,False
lITf2yPH_HI_23_1_label_real.npz,english/real/lITf2yPH_HI_23_1.mp4,real,real,english,lITf2yPH_HI,lITf2yPH_HI,True,False
Kkbnm5P2waQ_481_1_label_real.npz,russian/real/Kkbnm5P2waQ_481_1.mp4,real,real,russian,Kkbnm5P2waQ,Kkbnm5P2waQ,True,False
CNzIwKKH7JE_36_2_label_real.npz,russian/real/CNzIwKKH7JE_36_2.mp4,real,real,russian,CNzIwKKH7JE,CNzIwKKH7JE,True,False
mk3ebu5ue3U_46_6_label_real.npz,english/real/mk3ebu5ue3U_46_6.mp4,real,real,english,mk3ebu5ue3U,mk3ebu5ue3U,True,False
0Wey_XfRWvY_123_2_label_real.npz,spanish/real/0Wey_XfRWvY_123_2.mp4,real,real,spanish,0Wey_XfRWvY,0Wey_XfRWvY,True,False
fPsZRRKC8Xk_6_1_label_real.npz,mandarin/real/fPsZRRKC8Xk_6_1.mp4,real,real,mandarin,fPsZRRKC8Xk,fPsZRRKC8Xk,True,False
0Wey_XfRWvY_122_1_label_real.npz,spanish/real/0Wey_XfRWvY_122_1.mp4,real,real,spanish,0Wey_XfRWvY,0Wey_XfRWvY,True,False
L36UzqXOjcY_4_1_label_real.npz,mandarin/real/L36UzqXOjcY_4_1.mp4,real,real,mandarin,L36UzqXOjcY,L36UzqXOjcY,True,False
rDfnzuK5QyY_46_2_label_real.npz,russian/real/rDfnzuK5QyY_46_2.mp4,real,real,russian,rDfnzuK5QyY,rDfnzuK5QyY,True,False
oWEF_g9IpLE_0_9_label_real.npz,russian/real/oWEF_g9IpLE_0_9.mp4,real,real,russian,oWEF_g9IpLE,oWEF_g9IpLE,True,False
OWYxOGM51NU_31_3_label_real.npz,russian/real/OWYxOGM51NU_31_3.mp4,real,real,russian,OWYxOGM51NU,OWYxOGM51NU,True,False
hogUjAY1POU_30_1_label_real.npz,spanish/real/hogUjAY1POU_30_1.mp4,real,real,spanish,hogUjAY1POU,hogUjAY1POU,True,False
4h_lWRCt0Gs_23_1_label_real.npz,mandarin/real/4h_lWRCt0Gs_23_1.mp4,real,real,mandarin,4h_lWRCt0Gs,4h_lWRCt0Gs,True,False
0C0G4BT4pzQ_131_5_label_real.npz,russian/real/0C0G4BT4pzQ_131_5.mp4,real,real,russian,0C0G4BT4pzQ,0C0G4BT4pzQ,True,False
W64VZ5zCM2U_59_1_label_real.npz,english/real/W64VZ5zCM2U_59_1.mp4,real,real,english,W64VZ5zCM2U,W64VZ5zCM2U,True,False
ZzfsQF3ig2k_94_1_label_real.npz,mandarin/real/ZzfsQF3ig2k_94_1.mp4,real,real,mandarin,ZzfsQF3ig2k,ZzfsQF3ig2k,True,False
vVZGGl7ivy8_22_2_label_real.npz,mandarin/real/vVZGGl7ivy8_22_2.mp4,real,real,mandarin,vVZGGl7ivy8,vVZGGl7ivy8,True,False
V4ky5dwCLUg_123_1_label_real.npz,mandarin/real/V4ky5dwCLUg_123_1.mp4,real,real,mandarin,V4ky5dwCLUg,V4ky5dwCLUg,True,False
qzefMI98qQw_626_1_label_real.npz,english/real/qzefMI98qQw_626_1.mp4,real,real,english,qzefMI98qQw,qzefMI98qQw,True,False
6noIJpqRyvk_26_14_label_real.npz,russian/real/6noIJpqRyvk_26_14.mp4,real,real,russian,6noIJpqRyvk,6noIJpqRyvk,True,False
qzefMI98qQw_693_1_label_real.npz,english/real/qzefMI98qQw_693_1.mp4,real,real,english,qzefMI98qQw,qzefMI98qQw,True,False
kb4ETvGsWTw_89_2_label_real.npz,english/real/kb4ETvGsWTw_89_2.mp4,real,real,english,kb4ETvGsWTw,kb4ETvGsWTw,True,False
LRzd_fO6eX0_45_5_label_real.npz,russian/real/LRzd_fO6eX0_45_5.mp4,real,real,russian,LRzd_fO6eX0,LRzd_fO6eX0,True,False
aEJY8qrqB7M_42_1_label_real.npz,mandarin/real/aEJY8qrqB7M_42_1.mp4,real,real,mandarin,aEJY8qrqB7M,aEJY8qrqB7M,True,False
GAw-vEk3Fys_2612_1_label_real.npz,russian/real/GAw-vEk3Fys_2612_1.mp4,real,real,russian,GAw-vEk3Fys,GAw-vEk3Fys,True,False
ymRL2llLx3c_26_7_label_real.npz,english/real/ymRL2llLx3c_26_7.mp4,real,real,english,ymRL2llLx3c,ymRL2llLx3c,True,False
uVZxhABwsLw_19_1_label_real.npz,spanish/real/uVZxhABwsLw_19_1.mp4,real,real,spanish,uVZxhABwsLw,uVZxhABwsLw,True,False
r1rigxJJ_Uw_39_1_label_real.npz,mandarin/real/r1rigxJJ_Uw_39_1.mp4,real,real,mandarin,r1rigxJJ_Uw,r1rigxJJ_Uw,True,False
V4ky5dwCLUg_155_1_label_real.npz,mandarin/real/V4ky5dwCLUg_155_1.mp4,real,real,mandarin,V4ky5dwCLUg,V4ky5dwCLUg,True,False
I3S-87rFc4U_117_5_label_real.npz,russian/real/I3S-87rFc4U_117_5.mp4,real,real,russian,I3S-87rFc4U,I3S-87rFc4U,True,False
-Z9yRh2X1Uc_32_1_label_real.npz,spanish/real/-Z9yRh2X1Uc_32_1.mp4,real,real,spanish,-Z9yRh2X1Uc,-Z9yRh2X1Uc,True,False
b4rtVFikc6Y_163_1_label_real.npz,russian/real/b4rtVFikc6Y_163_1.mp4,real,real,russian,b4rtVFikc6Y,b4rtVFikc6Y,True,False
xIMS_-reEco_484_1_label_real.npz,mandarin/real/xIMS_-reEco_484_1.mp4,real,real,mandarin,xIMS_-reEco,xIMS_-reEco,True,False
uf6AEUyJU94_51_1_label_real.npz,spanish/real/uf6AEUyJU94_51_1.mp4,real,real,spanish,uf6AEUyJU94,uf6AEUyJU94,True,False
Co5CIKNn1mk_102_2_label_real.npz,mandarin/real/Co5CIKNn1mk_102_2.mp4,real,real,mandarin,Co5CIKNn1mk,Co5CIKNn1mk,True,False
hT1KUqL4PaM_331_1_label_real.npz,mandarin/real/hT1KUqL4PaM_331_1.mp4,real,real,mandarin,hT1KUqL4PaM,hT1KUqL4PaM,True,False
eUOLg70FT2M_353_1_label_real.npz,mandarin/real/eUOLg70FT2M_353_1.mp4,real,real,mandarin,eUOLg70FT2M,eUOLg70FT2M,True,False
U_3aCekML-Y_53_15_label_real.npz,russian/real/U_3aCekML-Y_53_15.mp4,real,real,russian,U_3aCekML-Y,U_3aCekML-Y,True,False
jagcBY8zj_w_27_7_label_real.npz,english/real/jagcBY8zj_w_27_7.mp4,real,real,english,jagcBY8zj_w,jagcBY8zj_w,True,False
e0WrsJ1P-AM_13_1_label_real.npz,english/real/e0WrsJ1P-AM_13_1.mp4,real,real,english,e0WrsJ1P-AM,e0WrsJ1P-AM,True,False
BJd6leshcjc_15_4_label_real.npz,spanish/real/BJd6leshcjc_15_4.mp4,real,real,spanish,BJd6leshcjc,BJd6leshcjc,True,False
zd9TNPVVfvI_29_1_label_real.npz,mandarin/real/zd9TNPVVfvI_29_1.mp4,real,real,mandarin,zd9TNPVVfvI,zd9TNPVVfvI,True,False
-nIguiavWKY_53_1_label_real.npz,mandarin/real/-nIguiavWKY_53_1.mp4,real,real,mandarin,-nIguiavWKY,-nIguiavWKY,True,False
hw3g_YSYqp0_21_1_label_real.npz,mandarin/real/hw3g_YSYqp0_21_1.mp4,real,real,mandarin,hw3g_YSYqp0,hw3g_YSYqp0,True,False
Kkbnm5P2waQ_216_2_label_real.npz,russian/real/Kkbnm5P2waQ_216_2.mp4,real,real,russian,Kkbnm5P2waQ,Kkbnm5P2waQ,True,False
t35um9OT774_356_1_label_real.npz,spanish/real/t35um9OT774_356_1.mp4,real,real,spanish,t35um9OT774,t35um9OT774,True,False
gVkKxrLpY1I_61_1_label_real.npz,spanish/real/gVkKxrLpY1I_61_1.mp4,real,real,spanish,gVkKxrLpY1I,gVkKxrLpY1I,True,False
4gat-v-Yzvg_142_1_label_real.npz,mandarin/real/4gat-v-Yzvg_142_1.mp4,real,real,mandarin,4gat-v-Yzvg,4gat-v-Yzvg,True,False
aRhkxaF7cO0_56_13_label_real.npz,english/real/aRhkxaF7cO0_56_13.mp4,real,real,english,aRhkxaF7cO0,aRhkxaF7cO0,True,False
D3lWeBEcnNE_149_3_label_real.npz,russian/real/D3lWeBEcnNE_149_3.mp4,real,real,russian,D3lWeBEcnNE,D3lWeBEcnNE,True,False
J_ComKnl1hk_1_3_acb90c1bdf4d4dec752ef7a5a068a0575fb45336ecab1283f2e0147e63aaaaa7dcd02c282188efa8cb49eab8ec221fa43203815a261d6c45ba8c82456fa4ef6f_label_fake.npz,arabic/knnvc/J_ComKnl1hk_1_3_acb90c1bdf4d4dec752ef7a5a068a0575fb45336ecab1283f2e0147e63aaaaa7dcd02c282188efa8cb49eab8ec221fa43203815a261d6c45ba8c82456fa4ef6f.mp4,fake,real,arabic,J,J_ComKnl1hk_1_3_acb90c1bdf4d4dec752ef7a5a068a0575fb45336ecab1283f2e0147e63aaaaa7dcd02c282188efa8cb49eab8ec221fa43203815a261d6c45ba8c82456fa4ef6f,True,False
f4S7SIVAHuw_9_7_eba68f916957feb0b223aa2d99e8be2415acb0f0c7a97c9129ad8745ed656f1c0c70043189478534f76045de02de1dfe7859ec324742a8dac042d7b6fc0538ce_label_fake.npz,arabic/knnvc/f4S7SIVAHuw_9_7_eba68f916957feb0b223aa2d99e8be2415acb0f0c7a97c9129ad8745ed656f1c0c70043189478534f76045de02de1dfe7859ec324742a8dac042d7b6fc0538ce.mp4,fake,real,arabic,f4S7SIVAHuw,f4S7SIVAHuw_9_7_eba68f916957feb0b223aa2d99e8be2415acb0f0c7a97c9129ad8745ed656f1c0c70043189478534f76045de02de1dfe7859ec324742a8dac042d7b6fc0538ce,True,False
C4hNyd9eJy4_0_52_a03a946ee0bfa3c6f35cfa4ba7566da913ec3b828d8feb74465725873a72a5b78c7493b0f9068bcc66238d29ccdbfb2ab63b3d85bc3e65b9628b7b863ad781a5_label_fake.npz,arabic/knnvc/C4hNyd9eJy4_0_52_a03a946ee0bfa3c6f35cfa4ba7566da913ec3b828d8feb74465725873a72a5b78c7493b0f9068bcc66238d29ccdbfb2ab63b3d85bc3e65b9628b7b863ad781a5.mp4,fake,real,arabic,C4hNyd9eJy4,C4hNyd9eJy4_0_52_a03a946ee0bfa3c6f35cfa4ba7566da913ec3b828d8feb74465725873a72a5b78c7493b0f9068bcc66238d29ccdbfb2ab63b3d85bc3e65b9628b7b863ad781a5,True,False
M2WQAQMu0zc_2_1_2904a5e813723859c454988091d61c848f8c189c9935f0d90c7371452152b0a19948e285c48d21206f01b2631ead4db6e5b6043cc42d7457373b7eb552f62ec3_label_fake.npz,arabic/knnvc/M2WQAQMu0zc_2_1_2904a5e813723859c454988091d61c848f8c189c9935f0d90c7371452152b0a19948e285c48d21206f01b2631ead4db6e5b6043cc42d7457373b7eb552f62ec3.mp4,fake,real,arabic,M2WQAQMu0zc,M2WQAQMu0zc_2_1_2904a5e813723859c454988091d61c848f8c189c9935f0d90c7371452152b0a19948e285c48d21206f01b2631ead4db6e5b6043cc42d7457373b7eb552f62ec3,True,False
SzhK7Q-pY0U_1_25_bc90e876841d63f3c21ad6175ad4afa5dd104c35fbc71fe187a5c90512222e33615ddaa10489957a9567e1ddfb52175b9f708058161af635cd2e2c9ca65700f0_label_fake.npz,arabic/knnvc/SzhK7Q-pY0U_1_25_bc90e876841d63f3c21ad6175ad4afa5dd104c35fbc71fe187a5c90512222e33615ddaa10489957a9567e1ddfb52175b9f708058161af635cd2e2c9ca65700f0.mp4,fake,real,arabic,SzhK7Q-pY0U,SzhK7Q-pY0U_1_25_bc90e876841d63f3c21ad6175ad4afa5dd104c35fbc71fe187a5c90512222e33615ddaa10489957a9567e1ddfb52175b9f708058161af635cd2e2c9ca65700f0,True,False
SDMFBIhN9fw_205_2_6688a10c75b2940810890df0e8b7700014c3e87c325cc1fe2f64f3392a98df32052efd073d38c505ac20c7f01dde657a03834e57d0be5a151af2da2018699a0b_label_fake.npz,arabic/knnvc/SDMFBIhN9fw_205_2_6688a10c75b2940810890df0e8b7700014c3e87c325cc1fe2f64f3392a98df32052efd073d38c505ac20c7f01dde657a03834e57d0be5a151af2da2018699a0b.mp4,fake,real,arabic,SDMFBIhN9fw,SDMFBIhN9fw_205_2_6688a10c75b2940810890df0e8b7700014c3e87c325cc1fe2f64f3392a98df32052efd073d38c505ac20c7f01dde657a03834e57d0be5a151af2da2018699a0b,True,False
f4S7SIVAHuw_1_6_2800794fcd9038fb24e9fbe94ca534f55ed5ad505f4f09ccfb4969304998104d1851fe5436e572ce272619e7c935e7b3fd2f1b0b8624d0728c9c2f9e1b402a2e_label_fake.npz,arabic/knnvc/f4S7SIVAHuw_1_6_2800794fcd9038fb24e9fbe94ca534f55ed5ad505f4f09ccfb4969304998104d1851fe5436e572ce272619e7c935e7b3fd2f1b0b8624d0728c9c2f9e1b402a2e.mp4,fake,real,arabic,f4S7SIVAHuw,f4S7SIVAHuw_1_6_2800794fcd9038fb24e9fbe94ca534f55ed5ad505f4f09ccfb4969304998104d1851fe5436e572ce272619e7c935e7b3fd2f1b0b8624d0728c9c2f9e1b402a2e,True,False
f4S7SIVAHuw_7_11_694f653ba2431188dd9e70a4742071c13e5c3720cb8401584d5cab790a0c5279c5fa2aa1c7bcb578f2b3bcbd63d1cce2f44ca02d7e3aae779733f990ff60b722_label_fake.npz,arabic/knnvc/f4S7SIVAHuw_7_11_694f653ba2431188dd9e70a4742071c13e5c3720cb8401584d5cab790a0c5279c5fa2aa1c7bcb578f2b3bcbd63d1cce2f44ca02d7e3aae779733f990ff60b722.mp4,fake,real,arabic,f4S7SIVAHuw,f4S7SIVAHuw_7_11_694f653ba2431188dd9e70a4742071c13e5c3720cb8401584d5cab790a0c5279c5fa2aa1c7bcb578f2b3bcbd63d1cce2f44ca02d7e3aae779733f990ff60b722,True,False
-aDPCjQeWQs_226_12_5c27b405d490bd37b92443b1c6765fdf2af1eaec096e6ce18f9170acb43cdd1324ae3207d4b21ba2614167ef0744529a66015102798ddad8c9c13af67eae8640_label_fake.npz,arabic/knnvc/-aDPCjQeWQs_226_12_5c27b405d490bd37b92443b1c6765fdf2af1eaec096e6ce18f9170acb43cdd1324ae3207d4b21ba2614167ef0744529a66015102798ddad8c9c13af67eae8640.mp4,fake,real,arabic,-aDPCjQeWQs,-aDPCjQeWQs_226_12_5c27b405d490bd37b92443b1c6765fdf2af1eaec096e6ce18f9170acb43cdd1324ae3207d4b21ba2614167ef0744529a66015102798ddad8c9c13af67eae8640,True,False
0MECuVsUHhw_100_2_57b304c25c9e9b9c692711dd240291dca3e0c1b11dcaf9161d19dfe1ba74c76b2f5fe48625126ea94a7177c02b2f75c89c063870857deb4dc4aa4ac0a1502a49_label_fake.npz,arabic/knnvc/0MECuVsUHhw_100_2_57b304c25c9e9b9c692711dd240291dca3e0c1b11dcaf9161d19dfe1ba74c76b2f5fe48625126ea94a7177c02b2f75c89c063870857deb4dc4aa4ac0a1502a49.mp4,fake,real,arabic,0MECuVsUHhw,0MECuVsUHhw_100_2_57b304c25c9e9b9c692711dd240291dca3e0c1b11dcaf9161d19dfe1ba74c76b2f5fe48625126ea94a7177c02b2f75c89c063870857deb4dc4aa4ac0a1502a49,True,False
i52UkbhBaSc_21_2_a4a76115535203d52f6ffd146fdec48a0363deb9e05628e304d9d7ae51fd8e2295344498506a1c20ef7ec18c1e6c2c2c5e570c4057040e2319ae18c0d170fabe_label_fake.npz,arabic/knnvc/i52UkbhBaSc_21_2_a4a76115535203d52f6ffd146fdec48a0363deb9e05628e304d9d7ae51fd8e2295344498506a1c20ef7ec18c1e6c2c2c5e570c4057040e2319ae18c0d170fabe.mp4,fake,real,arabic,i52UkbhBaSc,i52UkbhBaSc_21_2_a4a76115535203d52f6ffd146fdec48a0363deb9e05628e304d9d7ae51fd8e2295344498506a1c20ef7ec18c1e6c2c2c5e570c4057040e2319ae18c0d170fabe,True,False
J_ComKnl1hk_4_60_ef3492986a189489e0f9acae53ac907862df4e5da719803c15c72cdc5814b8a4020f7f55353b0cc6a664b5806909156b20b1112d0a941b235e98e10563117e37_label_fake.npz,arabic/knnvc/J_ComKnl1hk_4_60_ef3492986a189489e0f9acae53ac907862df4e5da719803c15c72cdc5814b8a4020f7f55353b0cc6a664b5806909156b20b1112d0a941b235e98e10563117e37.mp4,fake,real,arabic,J,J_ComKnl1hk_4_60_ef3492986a189489e0f9acae53ac907862df4e5da719803c15c72cdc5814b8a4020f7f55353b0cc6a664b5806909156b20b1112d0a941b235e98e10563117e37,True,False
tUGo_7dOEzU_13_1_52f0b11b4571a7c670fe631149eba1187dca404af883f4f56ee81e1c725270542bbecb7cf4ec0c1a5c8bcc8efa95c1bde06f08ec3077d23896f57b6e3246589e_label_fake.npz,arabic/knnvc/tUGo_7dOEzU_13_1_52f0b11b4571a7c670fe631149eba1187dca404af883f4f56ee81e1c725270542bbecb7cf4ec0c1a5c8bcc8efa95c1bde06f08ec3077d23896f57b6e3246589e.mp4,fake,real,arabic,tUGo,tUGo_7dOEzU_13_1_52f0b11b4571a7c670fe631149eba1187dca404af883f4f56ee81e1c725270542bbecb7cf4ec0c1a5c8bcc8efa95c1bde06f08ec3077d23896f57b6e3246589e,True,False
dFiwhwAHNMw_125_4_6daa180b5a8f3703a86898bbacdda8bb2e72f7af44850881e1ee8d17b67bdea94aa26dd2a3d781e6ce1f91a44ef58856e95dd9949eebdc1c0393ee37334cccb6_label_fake.npz,arabic/knnvc/dFiwhwAHNMw_125_4_6daa180b5a8f3703a86898bbacdda8bb2e72f7af44850881e1ee8d17b67bdea94aa26dd2a3d781e6ce1f91a44ef58856e95dd9949eebdc1c0393ee37334cccb6.mp4,fake,real,arabic,dFiwhwAHNMw,dFiwhwAHNMw_125_4_6daa180b5a8f3703a86898bbacdda8bb2e72f7af44850881e1ee8d17b67bdea94aa26dd2a3d781e6ce1f91a44ef58856e95dd9949eebdc1c0393ee37334cccb6,True,False
J_ComKnl1hk_7_29_9f67c80184f75a777443f4635bbab429ab65de4bee7c7882f582a10c2cf37af7189c24ed893bdc75855e7a521b2fcb77d7774172c426fc8ea0344f395df27955_label_fake.npz,arabic/knnvc/J_ComKnl1hk_7_29_9f67c80184f75a777443f4635bbab429ab65de4bee7c7882f582a10c2cf37af7189c24ed893bdc75855e7a521b2fcb77d7774172c426fc8ea0344f395df27955.mp4,fake,real,arabic,J,J_ComKnl1hk_7_29_9f67c80184f75a777443f4635bbab429ab65de4bee7c7882f582a10c2cf37af7189c24ed893bdc75855e7a521b2fcb77d7774172c426fc8ea0344f395df27955,True,False
LcG3blUixo0_37_1_179de31290404c21cb681e479c76824f56b3539a4001756762e6631a20d53d275730d907c4ba7a1c9352d20a9d5b0ab84834a813e3df14b269797e67542ba4f5_label_fake.npz,arabic/knnvc/LcG3blUixo0_37_1_179de31290404c21cb681e479c76824f56b3539a4001756762e6631a20d53d275730d907c4ba7a1c9352d20a9d5b0ab84834a813e3df14b269797e67542ba4f5.mp4,fake,real,arabic,LcG3blUixo0,LcG3blUixo0_37_1_179de31290404c21cb681e479c76824f56b3539a4001756762e6631a20d53d275730d907c4ba7a1c9352d20a9d5b0ab84834a813e3df14b269797e67542ba4f5,True,False
pjhvih10vOA_2_1_4cbca404eeedae93a764273e4bfa0ce7008f172fa212828fe77587db34e72966df2ceac42a6ad4f28d3f644b4277187b172a4b9c942c1e943d56a4b435771edb_label_fake.npz,arabic/knnvc/pjhvih10vOA_2_1_4cbca404eeedae93a764273e4bfa0ce7008f172fa212828fe77587db34e72966df2ceac42a6ad4f28d3f644b4277187b172a4b9c942c1e943d56a4b435771edb.mp4,fake,real,arabic,pjhvih10vOA,pjhvih10vOA_2_1_4cbca404eeedae93a764273e4bfa0ce7008f172fa212828fe77587db34e72966df2ceac42a6ad4f28d3f644b4277187b172a4b9c942c1e943d56a4b435771edb,True,False
6aNWSCTS284_8_1_feaf3594253c300263dff21457ca310e07cb4a4d46490c659b30359219f7869092ac2f5dd260873615bfd858da554ff7ac0f5203c9cf673fc1652afe11716ef2_label_fake.npz,arabic/knnvc/6aNWSCTS284_8_1_feaf3594253c300263dff21457ca310e07cb4a4d46490c659b30359219f7869092ac2f5dd260873615bfd858da554ff7ac0f5203c9cf673fc1652afe11716ef2.mp4,fake,real,arabic,6aNWSCTS284,6aNWSCTS284_8_1_feaf3594253c300263dff21457ca310e07cb4a4d46490c659b30359219f7869092ac2f5dd260873615bfd858da554ff7ac0f5203c9cf673fc1652afe11716ef2,True,False
pAFOYTw1_a0_1_18_236bb93afead08fce9c081757984eecf74d27089b17a2f2f349e8696f697ebc20fd92595b911f760fe1e3b9096af4ae73c227bd9d0c468ddd7e11332ac75aa08_label_fake.npz,arabic/knnvc/pAFOYTw1_a0_1_18_236bb93afead08fce9c081757984eecf74d27089b17a2f2f349e8696f697ebc20fd92595b911f760fe1e3b9096af4ae73c227bd9d0c468ddd7e11332ac75aa08.mp4,fake,real,arabic,pAFOYTw1,pAFOYTw1_a0_1_18_236bb93afead08fce9c081757984eecf74d27089b17a2f2f349e8696f697ebc20fd92595b911f760fe1e3b9096af4ae73c227bd9d0c468ddd7e11332ac75aa08,True,False
Ll8xGtwvH84_353_4_d71a03682ca2999b99dcc94d89a921e6297c14a9b712ddd868b8d87ec0f3da4c115e095b9b8d903c75a6c6f76468aade18d810c593fedac673ad66118dc1b31d_label_fake.npz,arabic/knnvc/Ll8xGtwvH84_353_4_d71a03682ca2999b99dcc94d89a921e6297c14a9b712ddd868b8d87ec0f3da4c115e095b9b8d903c75a6c6f76468aade18d810c593fedac673ad66118dc1b31d.mp4,fake,real,arabic,Ll8xGtwvH84,Ll8xGtwvH84_353_4_d71a03682ca2999b99dcc94d89a921e6297c14a9b712ddd868b8d87ec0f3da4c115e095b9b8d903c75a6c6f76468aade18d810c593fedac673ad66118dc1b31d,True,False
B4LwKKKbAuI_88_32_a4a76115535203d52f6ffd146fdec48a0363deb9e05628e304d9d7ae51fd8e2295344498506a1c20ef7ec18c1e6c2c2c5e570c4057040e2319ae18c0d170fabe_label_fake.npz,arabic/knnvc/B4LwKKKbAuI_88_32_a4a76115535203d52f6ffd146fdec48a0363deb9e05628e304d9d7ae51fd8e2295344498506a1c20ef7ec18c1e6c2c2c5e570c4057040e2319ae18c0d170fabe.mp4,fake,real,arabic,B4LwKKKbAuI,B4LwKKKbAuI_88_32_a4a76115535203d52f6ffd146fdec48a0363deb9e05628e304d9d7ae51fd8e2295344498506a1c20ef7ec18c1e6c2c2c5e570c4057040e2319ae18c0d170fabe,True,False
9ERmSCPCY5k_10_1_079564bd621fce68c93a5a77d650116e3c6416c2172db4a25bef0e4cd6f9b1fe61fc8ba2d89a2252f932703fb0ae3356a593b6ade4bf333fc454c3b78bedfb57_label_fake.npz,arabic/knnvc/9ERmSCPCY5k_10_1_079564bd621fce68c93a5a77d650116e3c6416c2172db4a25bef0e4cd6f9b1fe61fc8ba2d89a2252f932703fb0ae3356a593b6ade4bf333fc454c3b78bedfb57.mp4,fake,real,arabic,9ERmSCPCY5k,9ERmSCPCY5k_10_1_079564bd621fce68c93a5a77d650116e3c6416c2172db4a25bef0e4cd6f9b1fe61fc8ba2d89a2252f932703fb0ae3356a593b6ade4bf333fc454c3b78bedfb57,True,False
hdS30nnhNZo_6_9_1ebda36c79c7942d2d10a68236599dd5be279fcf6f17adb5e29923dfdb0044200b4cdb925434b6c19e51e539da6633d710839af5c9a07a89be405317898e5724_label_fake.npz,arabic/knnvc/hdS30nnhNZo_6_9_1ebda36c79c7942d2d10a68236599dd5be279fcf6f17adb5e29923dfdb0044200b4cdb925434b6c19e51e539da6633d710839af5c9a07a89be405317898e5724.mp4,fake,real,arabic,hdS30nnhNZo,hdS30nnhNZo_6_9_1ebda36c79c7942d2d10a68236599dd5be279fcf6f17adb5e29923dfdb0044200b4cdb925434b6c19e51e539da6633d710839af5c9a07a89be405317898e5724,True,False
SzhK7Q-pY0U_1_76_3f7b3393320067701498b8a13269baa9f9735670bb80bdebbf9b69aca472c079476b4d17b61a64379605809777af9def902cf74542f9739d260216067765def8_label_fake.npz,arabic/knnvc/SzhK7Q-pY0U_1_76_3f7b3393320067701498b8a13269baa9f9735670bb80bdebbf9b69aca472c079476b4d17b61a64379605809777af9def902cf74542f9739d260216067765def8.mp4,fake,real,arabic,SzhK7Q-pY0U,SzhK7Q-pY0U_1_76_3f7b3393320067701498b8a13269baa9f9735670bb80bdebbf9b69aca472c079476b4d17b61a64379605809777af9def902cf74542f9739d260216067765def8,True,False
eWj2-6q2ybk_211_1_acfe2b4f4b0ea83323b607be0b329fa14ad49f29e8dcdd37a346264fdf0590976fa17c56aaa90ad1eaad1f2d07a18186961a52a4c713086a0bdd8069c4d95b02_label_fake.npz,arabic/knnvc/eWj2-6q2ybk_211_1_acfe2b4f4b0ea83323b607be0b329fa14ad49f29e8dcdd37a346264fdf0590976fa17c56aaa90ad1eaad1f2d07a18186961a52a4c713086a0bdd8069c4d95b02.mp4,fake,real,arabic,eWj2-6q2ybk,eWj2-6q2ybk_211_1_acfe2b4f4b0ea83323b607be0b329fa14ad49f29e8dcdd37a346264fdf0590976fa17c56aaa90ad1eaad1f2d07a18186961a52a4c713086a0bdd8069c4d95b02,True,False
e_M_h01yhPQ_5_1_0ab3ca9d-2b9c-417c-b5cc-12c51adbff38_label_fake.npz,spanish/knnvc/e_M_h01yhPQ_5_1_0ab3ca9d-2b9c-417c-b5cc-12c51adbff38.mp4,fake,real,spanish,e,e_M_h01yhPQ_5_1_0ab3ca9d-2b9c-417c-b5cc-12c51adbff38,True,False
0gNj56kTibw_29_1_5073961b-c49f-424a-918a-03120bc4183f_label_fake.npz,spanish/knnvc/0gNj56kTibw_29_1_5073961b-c49f-424a-918a-03120bc4183f.mp4,fake,real,spanish,0gNj56kTibw,0gNj56kTibw_29_1_5073961b-c49f-424a-918a-03120bc4183f,True,False
i6fE1x3P2kY_6_1_ce90ce83-9a8c-4d29-8a60-bb7c30d45b8d_label_fake.npz,spanish/knnvc/i6fE1x3P2kY_6_1_ce90ce83-9a8c-4d29-8a60-bb7c30d45b8d.mp4,fake,real,spanish,i6fE1x3P2kY,i6fE1x3P2kY_6_1_ce90ce83-9a8c-4d29-8a60-bb7c30d45b8d,True,False
uf6AEUyJU94_230_1_2dfcba75-4bc0-44fa-9398-5c84ae6d2c2f_label_fake.npz,spanish/knnvc/uf6AEUyJU94_230_1_2dfcba75-4bc0-44fa-9398-5c84ae6d2c2f.mp4,fake,real,spanish,uf6AEUyJU94,uf6AEUyJU94_230_1_2dfcba75-4bc0-44fa-9398-5c84ae6d2c2f,True,False
_gpi6HZA5JQ_22_1_eadb4690-3c8a-488a-9f8b-8ff67ad1c917_label_fake.npz,spanish/knnvc/_gpi6HZA5JQ_22_1_eadb4690-3c8a-488a-9f8b-8ff67ad1c917.mp4,fake,real,spanish,,_gpi6HZA5JQ_22_1_eadb4690-3c8a-488a-9f8b-8ff67ad1c917,True,False
uf6AEUyJU94_12_2_14e0e800-e07f-41f1-a48b-fec9331d8c5c_label_fake.npz,spanish/knnvc/uf6AEUyJU94_12_2_14e0e800-e07f-41f1-a48b-fec9331d8c5c.mp4,fake,real,spanish,uf6AEUyJU94,uf6AEUyJU94_12_2_14e0e800-e07f-41f1-a48b-fec9331d8c5c,True,False
K5nAHKJjWMY_230_1_c9bc2f83-d130-4643-a64d-176adc37edfb_label_fake.npz,spanish/knnvc/K5nAHKJjWMY_230_1_c9bc2f83-d130-4643-a64d-176adc37edfb.mp4,fake,real,spanish,K5nAHKJjWMY,K5nAHKJjWMY_230_1_c9bc2f83-d130-4643-a64d-176adc37edfb,True,False
faepaP1OAAA_150_1_0c8458f3-ed2c-4395-a8a4-4725a5480a77_label_fake.npz,spanish/knnvc/faepaP1OAAA_150_1_0c8458f3-ed2c-4395-a8a4-4725a5480a77.mp4,fake,real,spanish,faepaP1OAAA,faepaP1OAAA_150_1_0c8458f3-ed2c-4395-a8a4-4725a5480a77,True,False
7_9hY06BZQc_40_1_d38bca0c-4a5a-44b2-bd7d-57847aae2200_label_fake.npz,spanish/knnvc/7_9hY06BZQc_40_1_d38bca0c-4a5a-44b2-bd7d-57847aae2200.mp4,fake,real,spanish,7,7_9hY06BZQc_40_1_d38bca0c-4a5a-44b2-bd7d-57847aae2200,True,False
tEEJOZ20R_c_217_1_7fb6c981-6845-42ec-9e9c-1a22aae4b08d_label_fake.npz,spanish/knnvc/tEEJOZ20R_c_217_1_7fb6c981-6845-42ec-9e9c-1a22aae4b08d.mp4,fake,real,spanish,tEEJOZ20R,tEEJOZ20R_c_217_1_7fb6c981-6845-42ec-9e9c-1a22aae4b08d,True,False
VvyPZwhivKQ_94_1_9135c54c-d315-4bf9-b7a1-ac45d22b99e2_label_fake.npz,spanish/knnvc/VvyPZwhivKQ_94_1_9135c54c-d315-4bf9-b7a1-ac45d22b99e2.mp4,fake,real,spanish,VvyPZwhivKQ,VvyPZwhivKQ_94_1_9135c54c-d315-4bf9-b7a1-ac45d22b99e2,True,False
pTW6ocJKWSQ_448_1_24bef09f-1e46-4d38-999a-eddc41c6c7ce_label_fake.npz,spanish/knnvc/pTW6ocJKWSQ_448_1_24bef09f-1e46-4d38-999a-eddc41c6c7ce.mp4,fake,real,spanish,pTW6ocJKWSQ,pTW6ocJKWSQ_448_1_24bef09f-1e46-4d38-999a-eddc41c6c7ce,True,False
-Z9yRh2X1Uc_23_1_d38bca0c-4a5a-44b2-bd7d-57847aae2200_label_fake.npz,spanish/knnvc/-Z9yRh2X1Uc_23_1_d38bca0c-4a5a-44b2-bd7d-57847aae2200.mp4,fake,real,spanish,-Z9yRh2X1Uc,-Z9yRh2X1Uc_23_1_d38bca0c-4a5a-44b2-bd7d-57847aae2200,True,False
Jz1hFqllPYs_17_3_eadb4690-3c8a-488a-9f8b-8ff67ad1c917_label_fake.npz,spanish/knnvc/Jz1hFqllPYs_17_3_eadb4690-3c8a-488a-9f8b-8ff67ad1c917.mp4,fake,real,spanish,Jz1hFqllPYs,Jz1hFqllPYs_17_3_eadb4690-3c8a-488a-9f8b-8ff67ad1c917,True,False
F1D_L94WDJk_0_1_0a021f2a-fd58-4ac9-aa95-27115a54603f_label_fake.npz,spanish/knnvc/F1D_L94WDJk_0_1_0a021f2a-fd58-4ac9-aa95-27115a54603f.mp4,fake,real,spanish,F1D,F1D_L94WDJk_0_1_0a021f2a-fd58-4ac9-aa95-27115a54603f,True,False
rMLfEL02QeY_0_1_7427c9e9-e729-423c-84e6-9231e0321e43_label_fake.npz,spanish/knnvc/rMLfEL02QeY_0_1_7427c9e9-e729-423c-84e6-9231e0321e43.mp4,fake,real,spanish,rMLfEL02QeY,rMLfEL02QeY_0_1_7427c9e9-e729-423c-84e6-9231e0321e43,True,False
ItVAtewt1-M_0_1_170f811a-b468-4ccf-bebe-b30ce2779a22_label_fake.npz,spanish/knnvc/ItVAtewt1-M_0_1_170f811a-b468-4ccf-bebe-b30ce2779a22.mp4,fake,real,spanish,ItVAtewt1-M,ItVAtewt1-M_0_1_170f811a-b468-4ccf-bebe-b30ce2779a22,True,False
1w0GbOsC8DE_36_1_d6e11e02-d92c-4ec5-9f57-c17ab5d5f932_label_fake.npz,spanish/knnvc/1w0GbOsC8DE_36_1_d6e11e02-d92c-4ec5-9f57-c17ab5d5f932.mp4,fake,real,spanish,1w0GbOsC8DE,1w0GbOsC8DE_36_1_d6e11e02-d92c-4ec5-9f57-c17ab5d5f932,True,False
uf6AEUyJU94_49_1_07259011-35fc-44be-8a5e-ea4868e4db77_label_fake.npz,spanish/knnvc/uf6AEUyJU94_49_1_07259011-35fc-44be-8a5e-ea4868e4db77.mp4,fake,real,spanish,uf6AEUyJU94,uf6AEUyJU94_49_1_07259011-35fc-44be-8a5e-ea4868e4db77,True,False
GDq1isgt718_14_3_eadb4690-3c8a-488a-9f8b-8ff67ad1c917_label_fake.npz,spanish/knnvc/GDq1isgt718_14_3_eadb4690-3c8a-488a-9f8b-8ff67ad1c917.mp4,fake,real,spanish,GDq1isgt718,GDq1isgt718_14_3_eadb4690-3c8a-488a-9f8b-8ff67ad1c917,True,False
8L3KpV8zS4Y_4_6_918c0f8d-23eb-4cc8-9d09-1ffaed4f0174_label_fake.npz,spanish/knnvc/8L3KpV8zS4Y_4_6_918c0f8d-23eb-4cc8-9d09-1ffaed4f0174.mp4,fake,real,spanish,8L3KpV8zS4Y,8L3KpV8zS4Y_4_6_918c0f8d-23eb-4cc8-9d09-1ffaed4f0174,True,False
DZp9T_HelHw_114_1_5073961b-c49f-424a-918a-03120bc4183f_label_fake.npz,spanish/knnvc/DZp9T_HelHw_114_1_5073961b-c49f-424a-918a-03120bc4183f.mp4,fake,real,spanish,DZp9T,DZp9T_HelHw_114_1_5073961b-c49f-424a-918a-03120bc4183f,True,False
elNx36q2vLM_36_1_7fb6c981-6845-42ec-9e9c-1a22aae4b08d_label_fake.npz,spanish/knnvc/elNx36q2vLM_36_1_7fb6c981-6845-42ec-9e9c-1a22aae4b08d.mp4,fake,real,spanish,elNx36q2vLM,elNx36q2vLM_36_1_7fb6c981-6845-42ec-9e9c-1a22aae4b08d,True,False
2Ny5UJLpoxg_25_3_90712a1f-57d2-4c9e-9af2-5e66a6c21026_label_fake.npz,spanish/knnvc/2Ny5UJLpoxg_25_3_90712a1f-57d2-4c9e-9af2-5e66a6c21026.mp4,fake,real,spanish,2Ny5UJLpoxg,2Ny5UJLpoxg_25_3_90712a1f-57d2-4c9e-9af2-5e66a6c21026,True,False
NN_GSU0aMzI_12_2_2240656e-d878-4857-ab17-69c4731e23d2_label_fake.npz,spanish/knnvc/NN_GSU0aMzI_12_2_2240656e-d878-4857-ab17-69c4731e23d2.mp4,fake,real,spanish,NN,NN_GSU0aMzI_12_2_2240656e-d878-4857-ab17-69c4731e23d2,True,False
2Ny5UJLpoxg_1_1_401ab900-7ee1-4e38-a533-a491a6ff3cbb_label_fake.npz,spanish/knnvc/2Ny5UJLpoxg_1_1_401ab900-7ee1-4e38-a533-a491a6ff3cbb.mp4,fake,real,spanish,2Ny5UJLpoxg,2Ny5UJLpoxg_1_1_401ab900-7ee1-4e38-a533-a491a6ff3cbb,True,False
LTXWPfNhXzI_14_2_14e0e800-e07f-41f1-a48b-fec9331d8c5c_label_fake.npz,spanish/knnvc/LTXWPfNhXzI_14_2_14e0e800-e07f-41f1-a48b-fec9331d8c5c.mp4,fake,real,spanish,LTXWPfNhXzI,LTXWPfNhXzI_14_2_14e0e800-e07f-41f1-a48b-fec9331d8c5c,True,False
sba-i5-e3WY_3579_1_490608c4c27cfe26c6f3a78405e6b809f151a1eca24eea58498d56d11605a3e2ce3848bd2f42a3d92632e8880d6b27b9b395682dbede6508f170a9e9fa266cdb_label_fake.npz,romanian/knnvc/sba-i5-e3WY_3579_1_490608c4c27cfe26c6f3a78405e6b809f151a1eca24eea58498d56d11605a3e2ce3848bd2f42a3d92632e8880d6b27b9b395682dbede6508f170a9e9fa266cdb.mp4,fake,real,romanian,sba-i5-e3WY,sba-i5-e3WY_3579_1_490608c4c27cfe26c6f3a78405e6b809f151a1eca24eea58498d56d11605a3e2ce3848bd2f42a3d92632e8880d6b27b9b395682dbede6508f170a9e9fa266cdb,True,False
dNCH3eXEwB4_847_1_afac80fe6c15fb7621b821ce61325da9c78478e28603336da508d7ff43a3252318e6a0f95832780cc16b503b9d327adc179e52fdf0e87b4e5e8995ac25910a21_label_fake.npz,romanian/knnvc/dNCH3eXEwB4_847_1_afac80fe6c15fb7621b821ce61325da9c78478e28603336da508d7ff43a3252318e6a0f95832780cc16b503b9d327adc179e52fdf0e87b4e5e8995ac25910a21.mp4,fake,real,romanian,dNCH3eXEwB4,dNCH3eXEwB4_847_1_afac80fe6c15fb7621b821ce61325da9c78478e28603336da508d7ff43a3252318e6a0f95832780cc16b503b9d327adc179e52fdf0e87b4e5e8995ac25910a21,True,False
O0nL5vRlcfk_663_1_04af6dbda80ed5efea74527c9014aa4b16c5e88c5b8fbf642cfb369c482679a7080b199c1771c75279fa797dacbb5b84bff44143276aaddd21a1484e5985e7c2_label_fake.npz,romanian/knnvc/O0nL5vRlcfk_663_1_04af6dbda80ed5efea74527c9014aa4b16c5e88c5b8fbf642cfb369c482679a7080b199c1771c75279fa797dacbb5b84bff44143276aaddd21a1484e5985e7c2.mp4,fake,real,romanian,O0nL5vRlcfk,O0nL5vRlcfk_663_1_04af6dbda80ed5efea74527c9014aa4b16c5e88c5b8fbf642cfb369c482679a7080b199c1771c75279fa797dacbb5b84bff44143276aaddd21a1484e5985e7c2,True,False
jV2pjBg0srU_900_1_069bfbf1463384906e89e5552357c0c3eb8ab39de3dd753ff861a3236fbdad93c3ed0d90c594798167875e4f0757b6ad763e553cbb69f1d6a5f85c8c81a05af8_label_fake.npz,romanian/knnvc/jV2pjBg0srU_900_1_069bfbf1463384906e89e5552357c0c3eb8ab39de3dd753ff861a3236fbdad93c3ed0d90c594798167875e4f0757b6ad763e553cbb69f1d6a5f85c8c81a05af8.mp4,fake,real,romanian,jV2pjBg0srU,jV2pjBg0srU_900_1_069bfbf1463384906e89e5552357c0c3eb8ab39de3dd753ff861a3236fbdad93c3ed0d90c594798167875e4f0757b6ad763e553cbb69f1d6a5f85c8c81a05af8,True,False
PqumaD82tcI_356_6_da454e0410ea13cc362483595bd2fe63e4df95016c18a0a0ed43c196f06efec628a946fc0c6679cae3969e4776c12501134378459417a185c182c37c975b4e4e_label_fake.npz,romanian/knnvc/PqumaD82tcI_356_6_da454e0410ea13cc362483595bd2fe63e4df95016c18a0a0ed43c196f06efec628a946fc0c6679cae3969e4776c12501134378459417a185c182c37c975b4e4e.mp4,fake,real,romanian,PqumaD82tcI,PqumaD82tcI_356_6_da454e0410ea13cc362483595bd2fe63e4df95016c18a0a0ed43c196f06efec628a946fc0c6679cae3969e4776c12501134378459417a185c182c37c975b4e4e,True,False
VifDzyPgBNg_317_47_888f2ee0862bd62c87723c3b174d5161129f017abc9f8344bb879e0fd9fd09d49f50afe3b0865da97e6509bf3b5ffafe5a210a192dea5b55d82628a5df678ecc_label_fake.npz,romanian/knnvc/VifDzyPgBNg_317_47_888f2ee0862bd62c87723c3b174d5161129f017abc9f8344bb879e0fd9fd09d49f50afe3b0865da97e6509bf3b5ffafe5a210a192dea5b55d82628a5df678ecc.mp4,fake,real,romanian,VifDzyPgBNg,VifDzyPgBNg_317_47_888f2ee0862bd62c87723c3b174d5161129f017abc9f8344bb879e0fd9fd09d49f50afe3b0865da97e6509bf3b5ffafe5a210a192dea5b55d82628a5df678ecc,True,False
PqumaD82tcI_219_28_a640e7bec1f7492ad916307b7a89d5df65ab97d9e22d11be70651d1bd12577a405a2d168d59969b4e1a40fa77385e9e97a4878bd3b66bf7f270cfd749769aaf2_label_fake.npz,romanian/knnvc/PqumaD82tcI_219_28_a640e7bec1f7492ad916307b7a89d5df65ab97d9e22d11be70651d1bd12577a405a2d168d59969b4e1a40fa77385e9e97a4878bd3b66bf7f270cfd749769aaf2.mp4,fake,real,romanian,PqumaD82tcI,PqumaD82tcI_219_28_a640e7bec1f7492ad916307b7a89d5df65ab97d9e22d11be70651d1bd12577a405a2d168d59969b4e1a40fa77385e9e97a4878bd3b66bf7f270cfd749769aaf2,True,False
mu11jOqHkrQ_1_1_006fabb7d2d2421d7627a0467d48b66ca8e10aad2f16e228ce6ec72bd736c00e7ce043d1e1dfa77f36ef1ac68ec56abfd0790018e90e34dfe67ff101000e4c22_label_fake.npz,romanian/knnvc/mu11jOqHkrQ_1_1_006fabb7d2d2421d7627a0467d48b66ca8e10aad2f16e228ce6ec72bd736c00e7ce043d1e1dfa77f36ef1ac68ec56abfd0790018e90e34dfe67ff101000e4c22.mp4,fake,real,romanian,mu11jOqHkrQ,mu11jOqHkrQ_1_1_006fabb7d2d2421d7627a0467d48b66ca8e10aad2f16e228ce6ec72bd736c00e7ce043d1e1dfa77f36ef1ac68ec56abfd0790018e90e34dfe67ff101000e4c22,True,False
KKeGv-ny-kY_391_1_cfb07d70593ae4a2efbc6ea65f6a8e47221c59af1f66462e8c0b3123c813257e91754ac8fead4d70bfe0070c51a3dd41ed960e6cc5a255f87c602d81378a5dc0_label_fake.npz,romanian/knnvc/KKeGv-ny-kY_391_1_cfb07d70593ae4a2efbc6ea65f6a8e47221c59af1f66462e8c0b3123c813257e91754ac8fead4d70bfe0070c51a3dd41ed960e6cc5a255f87c602d81378a5dc0.mp4,fake,real,romanian,KKeGv-ny-kY,KKeGv-ny-kY_391_1_cfb07d70593ae4a2efbc6ea65f6a8e47221c59af1f66462e8c0b3123c813257e91754ac8fead4d70bfe0070c51a3dd41ed960e6cc5a255f87c602d81378a5dc0,True,False
GK9gq8WEHA0_1381_1_e5fdd86884848a3c37d41fe3e7a1568addf725ced6211b31c9b0bd68667e9d5d19702f6d8a195263fee241cc54ada66ca706ff546d29214002b7cc2c56682ab0_label_fake.npz,romanian/knnvc/GK9gq8WEHA0_1381_1_e5fdd86884848a3c37d41fe3e7a1568addf725ced6211b31c9b0bd68667e9d5d19702f6d8a195263fee241cc54ada66ca706ff546d29214002b7cc2c56682ab0.mp4,fake,real,romanian,GK9gq8WEHA0,GK9gq8WEHA0_1381_1_e5fdd86884848a3c37d41fe3e7a1568addf725ced6211b31c9b0bd68667e9d5d19702f6d8a195263fee241cc54ada66ca706ff546d29214002b7cc2c56682ab0,True,False
PqumaD82tcI_174_1_b6d4554398c0521f33cad04398c7614604e5ff6db94d5fced4ffc9946a263a1fd83117f0a4c3bb26a069599b0f3fae01e01f660a09b6dde3bacd7c86152aa1d3_label_fake.npz,romanian/knnvc/PqumaD82tcI_174_1_b6d4554398c0521f33cad04398c7614604e5ff6db94d5fced4ffc9946a263a1fd83117f0a4c3bb26a069599b0f3fae01e01f660a09b6dde3bacd7c86152aa1d3.mp4,fake,real,romanian,PqumaD82tcI,PqumaD82tcI_174_1_b6d4554398c0521f33cad04398c7614604e5ff6db94d5fced4ffc9946a263a1fd83117f0a4c3bb26a069599b0f3fae01e01f660a09b6dde3bacd7c86152aa1d3,True,False
WxdaDqICMP8_622_1_d158484bab1d1aecf49bd4752426217aed98ab54bbc08e391ba4211afad86c4cc85d1ff1aba720dadc31de85afde4efa27ac831d82e41b2fa83bcb21c69b0909_label_fake.npz,romanian/knnvc/WxdaDqICMP8_622_1_d158484bab1d1aecf49bd4752426217aed98ab54bbc08e391ba4211afad86c4cc85d1ff1aba720dadc31de85afde4efa27ac831d82e41b2fa83bcb21c69b0909.mp4,fake,real,romanian,WxdaDqICMP8,WxdaDqICMP8_622_1_d158484bab1d1aecf49bd4752426217aed98ab54bbc08e391ba4211afad86c4cc85d1ff1aba720dadc31de85afde4efa27ac831d82e41b2fa83bcb21c69b0909,True,False
VifDzyPgBNg_757_9_531d9504bf3710a2d32b085272eed0aa17d7c447e8989036d09bca554f27952612fec2c9979d769a1be7d5e1d3c4dadb753984c4fd0a70742f89345fe8e0e020_label_fake.npz,romanian/knnvc/VifDzyPgBNg_757_9_531d9504bf3710a2d32b085272eed0aa17d7c447e8989036d09bca554f27952612fec2c9979d769a1be7d5e1d3c4dadb753984c4fd0a70742f89345fe8e0e020.mp4,fake,real,romanian,VifDzyPgBNg,VifDzyPgBNg_757_9_531d9504bf3710a2d32b085272eed0aa17d7c447e8989036d09bca554f27952612fec2c9979d769a1be7d5e1d3c4dadb753984c4fd0a70742f89345fe8e0e020,True,False
MxlocFNdoXg_166_5_de623677a2875cc2f11361f109f1156ccc45b49a6d14f48e0ede8e72ef99883d1d849a716a92624ec267fb8843b1f3c269007bbd9d758f39a066ba9e4d572d90_label_fake.npz,romanian/knnvc/MxlocFNdoXg_166_5_de623677a2875cc2f11361f109f1156ccc45b49a6d14f48e0ede8e72ef99883d1d849a716a92624ec267fb8843b1f3c269007bbd9d758f39a066ba9e4d572d90.mp4,fake,real,romanian,MxlocFNdoXg,MxlocFNdoXg_166_5_de623677a2875cc2f11361f109f1156ccc45b49a6d14f48e0ede8e72ef99883d1d849a716a92624ec267fb8843b1f3c269007bbd9d758f39a066ba9e4d572d90,True,False
GK9gq8WEHA0_807_2_da454e0410ea13cc362483595bd2fe63e4df95016c18a0a0ed43c196f06efec628a946fc0c6679cae3969e4776c12501134378459417a185c182c37c975b4e4e_label_fake.npz,romanian/knnvc/GK9gq8WEHA0_807_2_da454e0410ea13cc362483595bd2fe63e4df95016c18a0a0ed43c196f06efec628a946fc0c6679cae3969e4776c12501134378459417a185c182c37c975b4e4e.mp4,fake,real,romanian,GK9gq8WEHA0,GK9gq8WEHA0_807_2_da454e0410ea13cc362483595bd2fe63e4df95016c18a0a0ed43c196f06efec628a946fc0c6679cae3969e4776c12501134378459417a185c182c37c975b4e4e,True,False
jV2pjBg0srU_447_4_fc6de929918c8de176a0174ac4d197c6c10273ce120d4197766183bb73f4f8e85213caec34c05f56137334d28db60f6120351c88e99a749f437e917b3bc156ed_label_fake.npz,romanian/knnvc/jV2pjBg0srU_447_4_fc6de929918c8de176a0174ac4d197c6c10273ce120d4197766183bb73f4f8e85213caec34c05f56137334d28db60f6120351c88e99a749f437e917b3bc156ed.mp4,fake,real,romanian,jV2pjBg0srU,jV2pjBg0srU_447_4_fc6de929918c8de176a0174ac4d197c6c10273ce120d4197766183bb73f4f8e85213caec34c05f56137334d28db60f6120351c88e99a749f437e917b3bc156ed,True,False
Nz7QfvnRkuE_906_1_b271b0942536be9b385ecac283ba9754be1f1c3c1320fd6262311065ab29dc244c6cef18dc42bea10a2b16693519267d052d982080867fab23c3165eea8334ea_label_fake.npz,romanian/knnvc/Nz7QfvnRkuE_906_1_b271b0942536be9b385ecac283ba9754be1f1c3c1320fd6262311065ab29dc244c6cef18dc42bea10a2b16693519267d052d982080867fab23c3165eea8334ea.mp4,fake,real,romanian,Nz7QfvnRkuE,Nz7QfvnRkuE_906_1_b271b0942536be9b385ecac283ba9754be1f1c3c1320fd6262311065ab29dc244c6cef18dc42bea10a2b16693519267d052d982080867fab23c3165eea8334ea,True,False
62ywI44YAxQ_92_1_862fd71fc4026017343e01a30fbe9f8eddae057d7e6afdee759b41ad7e5fbdf8ebd64042d57700a54ac47ee91f5cdccb90383aecdd3482ed4d5c7358f80a3502_label_fake.npz,romanian/knnvc/62ywI44YAxQ_92_1_862fd71fc4026017343e01a30fbe9f8eddae057d7e6afdee759b41ad7e5fbdf8ebd64042d57700a54ac47ee91f5cdccb90383aecdd3482ed4d5c7358f80a3502.mp4,fake,real,romanian,62ywI44YAxQ,62ywI44YAxQ_92_1_862fd71fc4026017343e01a30fbe9f8eddae057d7e6afdee759b41ad7e5fbdf8ebd64042d57700a54ac47ee91f5cdccb90383aecdd3482ed4d5c7358f80a3502,True,False
9DTxDmLwFb8_1350_22_1b71df36f4bef7de897271e79f899c26d4de6200d70ec5263385d3840eebc48ab4221346c722c1e8828f4304aaa34a255e37fdd2275eff9f411a79d4b114d229_label_fake.npz,romanian/knnvc/9DTxDmLwFb8_1350_22_1b71df36f4bef7de897271e79f899c26d4de6200d70ec5263385d3840eebc48ab4221346c722c1e8828f4304aaa34a255e37fdd2275eff9f411a79d4b114d229.mp4,fake,real,romanian,9DTxDmLwFb8,9DTxDmLwFb8_1350_22_1b71df36f4bef7de897271e79f899c26d4de6200d70ec5263385d3840eebc48ab4221346c722c1e8828f4304aaa34a255e37fdd2275eff9f411a79d4b114d229,True,False
9rjQ5sfeUTg_out_255_1_86ce8b78dda5f59b0c52ac2e1e6854179937e393a42cf33f2abe931217dee6757aa04df71a2beb4a65f882ada60e1c20d21341505496c7bc52e403f6f012bc04_label_fake.npz,romanian/knnvc/9rjQ5sfeUTg_out_255_1_86ce8b78dda5f59b0c52ac2e1e6854179937e393a42cf33f2abe931217dee6757aa04df71a2beb4a65f882ada60e1c20d21341505496c7bc52e403f6f012bc04.mp4,fake,real,romanian,9rjQ5sfeUTg,9rjQ5sfeUTg_out_255_1_86ce8b78dda5f59b0c52ac2e1e6854179937e393a42cf33f2abe931217dee6757aa04df71a2beb4a65f882ada60e1c20d21341505496c7bc52e403f6f012bc04,True,False
VifDzyPgBNg_331_3_531d9504bf3710a2d32b085272eed0aa17d7c447e8989036d09bca554f27952612fec2c9979d769a1be7d5e1d3c4dadb753984c4fd0a70742f89345fe8e0e020_label_fake.npz,romanian/knnvc/VifDzyPgBNg_331_3_531d9504bf3710a2d32b085272eed0aa17d7c447e8989036d09bca554f27952612fec2c9979d769a1be7d5e1d3c4dadb753984c4fd0a70742f89345fe8e0e020.mp4,fake,real,romanian,VifDzyPgBNg,VifDzyPgBNg_331_3_531d9504bf3710a2d32b085272eed0aa17d7c447e8989036d09bca554f27952612fec2c9979d769a1be7d5e1d3c4dadb753984c4fd0a70742f89345fe8e0e020,True,False
jV2pjBg0srU_683_10_55e5ea07bbd6e1e54ac5ac972bcd4d390763267fa69bfd588425780bd8044217f7bb6736bc1c3872af95244db5d49e75fb73aae2656229ee90041b0ff7543545_label_fake.npz,romanian/knnvc/jV2pjBg0srU_683_10_55e5ea07bbd6e1e54ac5ac972bcd4d390763267fa69bfd588425780bd8044217f7bb6736bc1c3872af95244db5d49e75fb73aae2656229ee90041b0ff7543545.mp4,fake,real,romanian,jV2pjBg0srU,jV2pjBg0srU_683_10_55e5ea07bbd6e1e54ac5ac972bcd4d390763267fa69bfd588425780bd8044217f7bb6736bc1c3872af95244db5d49e75fb73aae2656229ee90041b0ff7543545,True,False
sba-i5-e3WY_3832_2_02405d4603a881a0c1e13de949794f8252d1797f835f3f65ce063e01a3b8eb2457b73e2e78605d46009f5e036423473a0a34187614217632f1913fcdfbd1b34f_label_fake.npz,romanian/knnvc/sba-i5-e3WY_3832_2_02405d4603a881a0c1e13de949794f8252d1797f835f3f65ce063e01a3b8eb2457b73e2e78605d46009f5e036423473a0a34187614217632f1913fcdfbd1b34f.mp4,fake,real,romanian,sba-i5-e3WY,sba-i5-e3WY_3832_2_02405d4603a881a0c1e13de949794f8252d1797f835f3f65ce063e01a3b8eb2457b73e2e78605d46009f5e036423473a0a34187614217632f1913fcdfbd1b34f,True,False
L8Bp2IMqp5A_2_1_80d90a73f72fc311202bfebf64c52334221de05b3e0757e6620b06694345585d81d943cf2b22d57232cb31b8045eb9be237e83b5e8de871b2ecdd47ec9a80114_label_fake.npz,romanian/knnvc/L8Bp2IMqp5A_2_1_80d90a73f72fc311202bfebf64c52334221de05b3e0757e6620b06694345585d81d943cf2b22d57232cb31b8045eb9be237e83b5e8de871b2ecdd47ec9a80114.mp4,fake,real,romanian,L8Bp2IMqp5A,L8Bp2IMqp5A_2_1_80d90a73f72fc311202bfebf64c52334221de05b3e0757e6620b06694345585d81d943cf2b22d57232cb31b8045eb9be237e83b5e8de871b2ecdd47ec9a80114,True,False
9X-SE-3CPw4_768_8_3a67e258b683a93605f1d196c0db5789e00ed05652fb86aafaa3da6da1c31bbdc79bd14c3b3f4d2cf2cb825e444b859769628b97f41ebcc373c238ceba2da97c_label_fake.npz,romanian/knnvc/9X-SE-3CPw4_768_8_3a67e258b683a93605f1d196c0db5789e00ed05652fb86aafaa3da6da1c31bbdc79bd14c3b3f4d2cf2cb825e444b859769628b97f41ebcc373c238ceba2da97c.mp4,fake,real,romanian,9X-SE-3CPw4,9X-SE-3CPw4_768_8_3a67e258b683a93605f1d196c0db5789e00ed05652fb86aafaa3da6da1c31bbdc79bd14c3b3f4d2cf2cb825e444b859769628b97f41ebcc373c238ceba2da97c,True,False
PqumaD82tcI_293_14_e367092337eee68457a6bfb2e79a824aac31cb865ac3161f9e9a836260acdab578a2ec33d9ec1a4cbcc2cfe7801ab5bc8db466685f7de393bd75608992b0325f_label_fake.npz,romanian/knnvc/PqumaD82tcI_293_14_e367092337eee68457a6bfb2e79a824aac31cb865ac3161f9e9a836260acdab578a2ec33d9ec1a4cbcc2cfe7801ab5bc8db466685f7de393bd75608992b0325f.mp4,fake,real,romanian,PqumaD82tcI,PqumaD82tcI_293_14_e367092337eee68457a6bfb2e79a824aac31cb865ac3161f9e9a836260acdab578a2ec33d9ec1a4cbcc2cfe7801ab5bc8db466685f7de393bd75608992b0325f,True,False
VifDzyPgBNg_217_1_dfdc608b73d04756629688c121f7f6a7bd234f66cad03997515107ccc8b99ff88aefba0e32cc9ff73e1f27f801f92f31319b8027a9113df24ff5db390446e5de_label_fake.npz,romanian/knnvc/VifDzyPgBNg_217_1_dfdc608b73d04756629688c121f7f6a7bd234f66cad03997515107ccc8b99ff88aefba0e32cc9ff73e1f27f801f92f31319b8027a9113df24ff5db390446e5de.mp4,fake,real,romanian,VifDzyPgBNg,VifDzyPgBNg_217_1_dfdc608b73d04756629688c121f7f6a7bd234f66cad03997515107ccc8b99ff88aefba0e32cc9ff73e1f27f801f92f31319b8027a9113df24ff5db390446e5de,True,False
9DTxDmLwFb8_832_15_41448b1f18e7526a07f7e942ea991bf4724abe7442c5aa801252ef90a870e69bc502f3cfd05399f25c10052d24d2aceb0eb7d66f0c4fa428f9e15236cddbf8ce_label_fake.npz,romanian/knnvc/9DTxDmLwFb8_832_15_41448b1f18e7526a07f7e942ea991bf4724abe7442c5aa801252ef90a870e69bc502f3cfd05399f25c10052d24d2aceb0eb7d66f0c4fa428f9e15236cddbf8ce.mp4,fake,real,romanian,9DTxDmLwFb8,9DTxDmLwFb8_832_15_41448b1f18e7526a07f7e942ea991bf4724abe7442c5aa801252ef90a870e69bc502f3cfd05399f25c10052d24d2aceb0eb7d66f0c4fa428f9e15236cddbf8ce,True,False
tgWpcB36m-Q_36_1_22d623d6c5587fba817256b52840e2aa99b8abe47e6ed55ad40b385ac459180e2bc4f32f2a12fb381c6251495c4811c15790c3e300f89bb54b4b6a1aaeb0421c_label_fake.npz,romanian/knnvc/tgWpcB36m-Q_36_1_22d623d6c5587fba817256b52840e2aa99b8abe47e6ed55ad40b385ac459180e2bc4f32f2a12fb381c6251495c4811c15790c3e300f89bb54b4b6a1aaeb0421c.mp4,fake,real,romanian,tgWpcB36m-Q,tgWpcB36m-Q_36_1_22d623d6c5587fba817256b52840e2aa99b8abe47e6ed55ad40b385ac459180e2bc4f32f2a12fb381c6251495c4811c15790c3e300f89bb54b4b6a1aaeb0421c,True,False
Ee8o538xFwE_720_1_f28017cdfa0d75d680936c219084c7d81235169b1bd64d8fb0448ce5554100f99a9e1d65591d2ec357c228bb0c28c3dceee004077760036e81578e7cd0db98f6_label_fake.npz,hindi/knnvc/Ee8o538xFwE_720_1_f28017cdfa0d75d680936c219084c7d81235169b1bd64d8fb0448ce5554100f99a9e1d65591d2ec357c228bb0c28c3dceee004077760036e81578e7cd0db98f6.mp4,fake,real,hindi,Ee8o538xFwE,Ee8o538xFwE_720_1_f28017cdfa0d75d680936c219084c7d81235169b1bd64d8fb0448ce5554100f99a9e1d65591d2ec357c228bb0c28c3dceee004077760036e81578e7cd0db98f6,True,True
vExEOy-9eF4_10_5_b06edf2a-be93-4b67-8cce-b890b35594d6_label_fake.npz,hindi/knnvc/vExEOy-9eF4_10_5_b06edf2a-be93-4b67-8cce-b890b35594d6.mp4,fake,real,hindi,vExEOy-9eF4,vExEOy-9eF4_10_5_b06edf2a-be93-4b67-8cce-b890b35594d6,True,True
eIt57YWVTck_288_4_fac0e0620a2a168767fac7877778ba19086a86e38d25aee89579c84d16860079cc6ff038dd7cbf1893caa49e3f75eb966a06404e0ea9dd2f72725084fd5e9ff0_label_fake.npz,hindi/knnvc/eIt57YWVTck_288_4_fac0e0620a2a168767fac7877778ba19086a86e38d25aee89579c84d16860079cc6ff038dd7cbf1893caa49e3f75eb966a06404e0ea9dd2f72725084fd5e9ff0.mp4,fake,real,hindi,eIt57YWVTck,eIt57YWVTck_288_4_fac0e0620a2a168767fac7877778ba19086a86e38d25aee89579c84d16860079cc6ff038dd7cbf1893caa49e3f75eb966a06404e0ea9dd2f72725084fd5e9ff0,True,True
gEpZTuQhcuA_335_14_ee368035-ea13-4842-90f4-5c50dfbf1a7e_label_fake.npz,hindi/knnvc/gEpZTuQhcuA_335_14_ee368035-ea13-4842-90f4-5c50dfbf1a7e.mp4,fake,real,hindi,gEpZTuQhcuA,gEpZTuQhcuA_335_14_ee368035-ea13-4842-90f4-5c50dfbf1a7e,True,True
btSL5MQfYjA_234_2_5472658c-e935-4a7d-922c-d33611b91134_label_fake.npz,hindi/knnvc/btSL5MQfYjA_234_2_5472658c-e935-4a7d-922c-d33611b91134.mp4,fake,real,hindi,btSL5MQfYjA,btSL5MQfYjA_234_2_5472658c-e935-4a7d-922c-d33611b91134,True,True
1aIMkhQHGO0_11_1_5e74185b5d7c39934c59e49f7b485a0e5bb4fd21363e1b15c7d584cc9f14750c1a5b32583f1df1de150f05401528cf6c8188f5f2dba6422cdb21886529dd2bda_label_fake.npz,hindi/knnvc/1aIMkhQHGO0_11_1_5e74185b5d7c39934c59e49f7b485a0e5bb4fd21363e1b15c7d584cc9f14750c1a5b32583f1df1de150f05401528cf6c8188f5f2dba6422cdb21886529dd2bda.mp4,fake,real,hindi,1aIMkhQHGO0,1aIMkhQHGO0_11_1_5e74185b5d7c39934c59e49f7b485a0e5bb4fd21363e1b15c7d584cc9f14750c1a5b32583f1df1de150f05401528cf6c8188f5f2dba6422cdb21886529dd2bda,True,True
KLyiFfWtoPI_657_1_b20852cd13badfd3c1615f3c405db2bcc8f65723de59d8fa69bb56171afbf3fae558ad4f1cd4d6bc19f4c89d3c6ba8c7e3736ee3125939bd00dafce86da0d5da_label_fake.npz,hindi/knnvc/KLyiFfWtoPI_657_1_b20852cd13badfd3c1615f3c405db2bcc8f65723de59d8fa69bb56171afbf3fae558ad4f1cd4d6bc19f4c89d3c6ba8c7e3736ee3125939bd00dafce86da0d5da.mp4,fake,real,hindi,KLyiFfWtoPI,KLyiFfWtoPI_657_1_b20852cd13badfd3c1615f3c405db2bcc8f65723de59d8fa69bb56171afbf3fae558ad4f1cd4d6bc19f4c89d3c6ba8c7e3736ee3125939bd00dafce86da0d5da,True,True
1aIMkhQHGO0_3_1_26d0398a-3c2d-4e99-86a6-89de0306ae48_label_fake.npz,hindi/knnvc/1aIMkhQHGO0_3_1_26d0398a-3c2d-4e99-86a6-89de0306ae48.mp4,fake,real,hindi,1aIMkhQHGO0,1aIMkhQHGO0_3_1_26d0398a-3c2d-4e99-86a6-89de0306ae48,True,True
KLyiFfWtoPI_562_1_944444cf-3002-412d-bdaa-a78873058217_label_fake.npz,hindi/knnvc/KLyiFfWtoPI_562_1_944444cf-3002-412d-bdaa-a78873058217.mp4,fake,real,hindi,KLyiFfWtoPI,KLyiFfWtoPI_562_1_944444cf-3002-412d-bdaa-a78873058217,True,True
KyeC6d6MTSU_195_1_e23fcbfdbd4639b11c95fb4c8fb94d4b8c576234203af247a6aa4e230e0247e37085eae1fa5aef4832e68cae29d165e45ebccc16ea830d43827c700877602c72_label_fake.npz,hindi/knnvc/KyeC6d6MTSU_195_1_e23fcbfdbd4639b11c95fb4c8fb94d4b8c576234203af247a6aa4e230e0247e37085eae1fa5aef4832e68cae29d165e45ebccc16ea830d43827c700877602c72.mp4,fake,real,hindi,KyeC6d6MTSU,KyeC6d6MTSU_195_1_e23fcbfdbd4639b11c95fb4c8fb94d4b8c576234203af247a6aa4e230e0247e37085eae1fa5aef4832e68cae29d165e45ebccc16ea830d43827c700877602c72,True,True
wf32v1liDSQ_2_1_eadb4690-3c8a-488a-9f8b-8ff67ad1c917_label_fake.npz,hindi/knnvc/wf32v1liDSQ_2_1_eadb4690-3c8a-488a-9f8b-8ff67ad1c917.mp4,fake,real,hindi,wf32v1liDSQ,wf32v1liDSQ_2_1_eadb4690-3c8a-488a-9f8b-8ff67ad1c917,True,True
Ee8o538xFwE_366_1_236bdda4b44e7173043672371ba47bffb01b5c9afcedc1bb1214edfbb6e4c9bf32e63ab83f9580c345d1d1a544cdbda3cb0a7b7150627d2b589fbedd12928262_label_fake.npz,hindi/knnvc/Ee8o538xFwE_366_1_236bdda4b44e7173043672371ba47bffb01b5c9afcedc1bb1214edfbb6e4c9bf32e63ab83f9580c345d1d1a544cdbda3cb0a7b7150627d2b589fbedd12928262.mp4,fake,real,hindi,Ee8o538xFwE,Ee8o538xFwE_366_1_236bdda4b44e7173043672371ba47bffb01b5c9afcedc1bb1214edfbb6e4c9bf32e63ab83f9580c345d1d1a544cdbda3cb0a7b7150627d2b589fbedd12928262,True,True
0mnBxMvTbts_5_1_66b11674-be64-48af-963b-8bbef4136a04_label_fake.npz,hindi/knnvc/0mnBxMvTbts_5_1_66b11674-be64-48af-963b-8bbef4136a04.mp4,fake,real,hindi,0mnBxMvTbts,0mnBxMvTbts_5_1_66b11674-be64-48af-963b-8bbef4136a04,True,True
KLyiFfWtoPI_526_1_a8447516-1136-4856-8cd6-52333ce053e8_label_fake.npz,hindi/knnvc/KLyiFfWtoPI_526_1_a8447516-1136-4856-8cd6-52333ce053e8.mp4,fake,real,hindi,KLyiFfWtoPI,KLyiFfWtoPI_526_1_a8447516-1136-4856-8cd6-52333ce053e8,True,True
ldI1peHBLa0_195_4_077a1c2f83ddbaadbd15d0e4b050a98e23f2ff53ce2a1c2ba036b6cdd4accbe46578d5943ee885d9aeafe2972d70ce1da15e1428274c9a6479d392bb40fb950a_label_fake.npz,hindi/knnvc/ldI1peHBLa0_195_4_077a1c2f83ddbaadbd15d0e4b050a98e23f2ff53ce2a1c2ba036b6cdd4accbe46578d5943ee885d9aeafe2972d70ce1da15e1428274c9a6479d392bb40fb950a.mp4,fake,real,hindi,ldI1peHBLa0,ldI1peHBLa0_195_4_077a1c2f83ddbaadbd15d0e4b050a98e23f2ff53ce2a1c2ba036b6cdd4accbe46578d5943ee885d9aeafe2972d70ce1da15e1428274c9a6479d392bb40fb950a,True,True
tf_pzTBKuFY_410_2_53da3a00-8c41-49a9-995a-f070ec8aa8f7_label_fake.npz,hindi/knnvc/tf_pzTBKuFY_410_2_53da3a00-8c41-49a9-995a-f070ec8aa8f7.mp4,fake,real,hindi,tf,tf_pzTBKuFY_410_2_53da3a00-8c41-49a9-995a-f070ec8aa8f7,True,True
ldI1peHBLa0_43_1_24d48acd09b057867118d9f1558fd2c6045be3b39a4ad535b6ca8e790236b0d066361070524a87734186ce152874a8b8670d893f477f95f6c596acdb8b96224f_label_fake.npz,hindi/knnvc/ldI1peHBLa0_43_1_24d48acd09b057867118d9f1558fd2c6045be3b39a4ad535b6ca8e790236b0d066361070524a87734186ce152874a8b8670d893f477f95f6c596acdb8b96224f.mp4,fake,real,hindi,ldI1peHBLa0,ldI1peHBLa0_43_1_24d48acd09b057867118d9f1558fd2c6045be3b39a4ad535b6ca8e790236b0d066361070524a87734186ce152874a8b8670d893f477f95f6c596acdb8b96224f,True,True
F5pWQReu6io_549_5_70fdaa18-f24a-4637-8e98-d425c9d6d4e6_label_fake.npz,hindi/knnvc/F5pWQReu6io_549_5_70fdaa18-f24a-4637-8e98-d425c9d6d4e6.mp4,fake,real,hindi,F5pWQReu6io,F5pWQReu6io_549_5_70fdaa18-f24a-4637-8e98-d425c9d6d4e6,True,True
ldI1peHBLa0_47_6_bcf9b311-513a-4618-b63a-d0d8a41f3af6_label_fake.npz,hindi/knnvc/ldI1peHBLa0_47_6_bcf9b311-513a-4618-b63a-d0d8a41f3af6.mp4,fake,real,hindi,ldI1peHBLa0,ldI1peHBLa0_47_6_bcf9b311-513a-4618-b63a-d0d8a41f3af6,True,True
qv45xE78kx0_258_1_c622b811-4d89-47d9-bef3-79ee7de98762_label_fake.npz,hindi/knnvc/qv45xE78kx0_258_1_c622b811-4d89-47d9-bef3-79ee7de98762.mp4,fake,real,hindi,qv45xE78kx0,qv45xE78kx0_258_1_c622b811-4d89-47d9-bef3-79ee7de98762,True,True
uwUNgTjP7Ts_32_1_6aa4b8d7-8755-4a0b-84d9-b8f2155550ca_label_fake.npz,hindi/knnvc/uwUNgTjP7Ts_32_1_6aa4b8d7-8755-4a0b-84d9-b8f2155550ca.mp4,fake,real,hindi,uwUNgTjP7Ts,uwUNgTjP7Ts_32_1_6aa4b8d7-8755-4a0b-84d9-b8f2155550ca,True,True
mOPffKIq18w_149_1_61f4d2fcd897621a1db8422bafe2ef51cabafbf83a6a39c5a718ed46de7adfac6d1d4b653f05d3e0888ae141c4ea27b821041dddfe74d1cb3c39f6fca550a1c8_label_fake.npz,hindi/knnvc/mOPffKIq18w_149_1_61f4d2fcd897621a1db8422bafe2ef51cabafbf83a6a39c5a718ed46de7adfac6d1d4b653f05d3e0888ae141c4ea27b821041dddfe74d1cb3c39f6fca550a1c8.mp4,fake,real,hindi,mOPffKIq18w,mOPffKIq18w_149_1_61f4d2fcd897621a1db8422bafe2ef51cabafbf83a6a39c5a718ed46de7adfac6d1d4b653f05d3e0888ae141c4ea27b821041dddfe74d1cb3c39f6fca550a1c8,True,True
hlgbJ-9GE6k_19_1_9a44893c-749d-45e0-88c9-ac980dcd93ab_label_fake.npz,hindi/knnvc/hlgbJ-9GE6k_19_1_9a44893c-749d-45e0-88c9-ac980dcd93ab.mp4,fake,real,hindi,hlgbJ-9GE6k,hlgbJ-9GE6k_19_1_9a44893c-749d-45e0-88c9-ac980dcd93ab,True,True
LGd_iDH5tU4_5_130_b92b86e9-0f00-4e34-86a9-4cd561871aec_label_fake.npz,hindi/knnvc/LGd_iDH5tU4_5_130_b92b86e9-0f00-4e34-86a9-4cd561871aec.mp4,fake,real,hindi,LGd,LGd_iDH5tU4_5_130_b92b86e9-0f00-4e34-86a9-4cd561871aec,True,True
SabGmKoEfYk_91_1_8f44672518c4ceaf145d437b16844eef8a019f7d0a9e35174c5335901be2849599b8e2bd00d78db77dfadace67db6e702eb1fb92f5612a534dd1226e69f5f2b1_label_fake.npz,hindi/knnvc/SabGmKoEfYk_91_1_8f44672518c4ceaf145d437b16844eef8a019f7d0a9e35174c5335901be2849599b8e2bd00d78db77dfadace67db6e702eb1fb92f5612a534dd1226e69f5f2b1.mp4,fake,real,hindi,SabGmKoEfYk,SabGmKoEfYk_91_1_8f44672518c4ceaf145d437b16844eef8a019f7d0a9e35174c5335901be2849599b8e2bd00d78db77dfadace67db6e702eb1fb92f5612a534dd1226e69f5f2b1,True,True
vAQM3cPJxSg_16_1_5ae14cef9b5ae03444d80e9a85021130f4c28d26874404429c7cdd4e29690f783f9b051279af28d9ff10fb7a90b23fad1059eddef9714fddda8a4e70efa16dfc_label_fake.npz,hindi/knnvc/vAQM3cPJxSg_16_1_5ae14cef9b5ae03444d80e9a85021130f4c28d26874404429c7cdd4e29690f783f9b051279af28d9ff10fb7a90b23fad1059eddef9714fddda8a4e70efa16dfc.mp4,fake,real,hindi,vAQM3cPJxSg,vAQM3cPJxSg_16_1_5ae14cef9b5ae03444d80e9a85021130f4c28d26874404429c7cdd4e29690f783f9b051279af28d9ff10fb7a90b23fad1059eddef9714fddda8a4e70efa16dfc,True,True
ldI1peHBLa0_175_9_4829ea6c-ed55-4a47-8ee3-a3ea5092ad4e_label_fake.npz,hindi/knnvc/ldI1peHBLa0_175_9_4829ea6c-ed55-4a47-8ee3-a3ea5092ad4e.mp4,fake,real,hindi,ldI1peHBLa0,ldI1peHBLa0_175_9_4829ea6c-ed55-4a47-8ee3-a3ea5092ad4e,True,True
y9BVPefouIs_2703_4_ecaa6ed7-2d9c-44d5-bfe5-92bbf26cb41b_label_fake.npz,hindi/knnvc/y9BVPefouIs_2703_4_ecaa6ed7-2d9c-44d5-bfe5-92bbf26cb41b.mp4,fake,real,hindi,y9BVPefouIs,y9BVPefouIs_2703_4_ecaa6ed7-2d9c-44d5-bfe5-92bbf26cb41b,True,True
dTeNSc1Sp28_161_165_fc3b87e39142b5fced5eb2422f0f5277bdf471c8865e9a233c413e9271695f8e33e209c8b52065c951b7b4e8eef446a928074b5e28b9961a6f4c6cb9849325c7_label_fake.npz,hindi/knnvc/dTeNSc1Sp28_161_165_fc3b87e39142b5fced5eb2422f0f5277bdf471c8865e9a233c413e9271695f8e33e209c8b52065c951b7b4e8eef446a928074b5e28b9961a6f4c6cb9849325c7.mp4,fake,real,hindi,dTeNSc1Sp28,dTeNSc1Sp28_161_165_fc3b87e39142b5fced5eb2422f0f5277bdf471c8865e9a233c413e9271695f8e33e209c8b52065c951b7b4e8eef446a928074b5e28b9961a6f4c6cb9849325c7,True,True
IcAV5qiko8M_119_6_4423514fa51943a7a32bbed365f479687b108270c71c3b0691032ccbe7073cad303e3a9d84817c1b5b230d0531827b87a9e384b98fa2ccf8d892232e98b00f9b_label_fake.npz,hindi/knnvc/IcAV5qiko8M_119_6_4423514fa51943a7a32bbed365f479687b108270c71c3b0691032ccbe7073cad303e3a9d84817c1b5b230d0531827b87a9e384b98fa2ccf8d892232e98b00f9b.mp4,fake,real,hindi,IcAV5qiko8M,IcAV5qiko8M_119_6_4423514fa51943a7a32bbed365f479687b108270c71c3b0691032ccbe7073cad303e3a9d84817c1b5b230d0531827b87a9e384b98fa2ccf8d892232e98b00f9b,True,True
-mMaHBtQ-DU_20_1_85da687977ebe2951514daafb325c5a1a2b47a87d0b7ba80c96c1381b9d58861dee3e20672b62c479b8eb2ed54e4e1df90c485429031f848f671cd89a918333a_label_fake.npz,hindi/knnvc/-mMaHBtQ-DU_20_1_85da687977ebe2951514daafb325c5a1a2b47a87d0b7ba80c96c1381b9d58861dee3e20672b62c479b8eb2ed54e4e1df90c485429031f848f671cd89a918333a.mp4,fake,real,hindi,-mMaHBtQ-DU,-mMaHBtQ-DU_20_1_85da687977ebe2951514daafb325c5a1a2b47a87d0b7ba80c96c1381b9d58861dee3e20672b62c479b8eb2ed54e4e1df90c485429031f848f671cd89a918333a,True,True
6l6NFBuOYjk_159_1_c1ba24ed64fb3171113fda43013f2d59d15347769c39f0747946242c75e507f91cea92fddff6f4a542d69544e942a0382319018603b700a147bd969adb45f621_label_fake.npz,hindi/knnvc/6l6NFBuOYjk_159_1_c1ba24ed64fb3171113fda43013f2d59d15347769c39f0747946242c75e507f91cea92fddff6f4a542d69544e942a0382319018603b700a147bd969adb45f621.mp4,fake,real,hindi,6l6NFBuOYjk,6l6NFBuOYjk_159_1_c1ba24ed64fb3171113fda43013f2d59d15347769c39f0747946242c75e507f91cea92fddff6f4a542d69544e942a0382319018603b700a147bd969adb45f621,True,True
AsrSRZTj2Tk_121_31_0a324221df8791800c358ed2fbfba4e8754c9dac05bd731ef6b7efb001178d987bb0d68a8697b58f5750453e0b5dff0baea31d445d815e77f3678eadb05a7c38_label_fake.npz,hindi/knnvc/AsrSRZTj2Tk_121_31_0a324221df8791800c358ed2fbfba4e8754c9dac05bd731ef6b7efb001178d987bb0d68a8697b58f5750453e0b5dff0baea31d445d815e77f3678eadb05a7c38.mp4,fake,real,hindi,AsrSRZTj2Tk,AsrSRZTj2Tk_121_31_0a324221df8791800c358ed2fbfba4e8754c9dac05bd731ef6b7efb001178d987bb0d68a8697b58f5750453e0b5dff0baea31d445d815e77f3678eadb05a7c38,True,True
RTANgWdCuMo_1353_1_4514ea2fcb3fa3f830b3113d5c1651934141201799121381737cc3b3685f18c4116369d29eade71755263e097b8e54ef1913fb386759d34d0300a8f6d26e3185_label_fake.npz,hindi/knnvc/RTANgWdCuMo_1353_1_4514ea2fcb3fa3f830b3113d5c1651934141201799121381737cc3b3685f18c4116369d29eade71755263e097b8e54ef1913fb386759d34d0300a8f6d26e3185.mp4,fake,real,hindi,RTANgWdCuMo,RTANgWdCuMo_1353_1_4514ea2fcb3fa3f830b3113d5c1651934141201799121381737cc3b3685f18c4116369d29eade71755263e097b8e54ef1913fb386759d34d0300a8f6d26e3185,True,True
4E06roNBNx4_19_1_03da017be4dffe4409c79005842b51cadfaace30ceab713c4855d66225ee03c528f6d8d3336616ee89c195976e69fd11dd52888dda7692bd7966bbed17386a33_label_fake.npz,hindi/knnvc/4E06roNBNx4_19_1_03da017be4dffe4409c79005842b51cadfaace30ceab713c4855d66225ee03c528f6d8d3336616ee89c195976e69fd11dd52888dda7692bd7966bbed17386a33.mp4,fake,real,hindi,4E06roNBNx4,4E06roNBNx4_19_1_03da017be4dffe4409c79005842b51cadfaace30ceab713c4855d66225ee03c528f6d8d3336616ee89c195976e69fd11dd52888dda7692bd7966bbed17386a33,True,True
1aIMkhQHGO0_38_1_bad86453-fe34-457d-b49d-b996fd601f45_label_fake.npz,hindi/knnvc/1aIMkhQHGO0_38_1_bad86453-fe34-457d-b49d-b996fd601f45.mp4,fake,real,hindi,1aIMkhQHGO0,1aIMkhQHGO0_38_1_bad86453-fe34-457d-b49d-b996fd601f45,True,True
WimhDf8VpTA_130_2_6fc9b55f3e268f0ca50c494d4f8089b773655df99e0bca98466e4169e026b957992cf60f59bdc4a7cf8026d889cd8d2152d4d4b30543d097624acad4bee702f9_label_fake.npz,hindi/knnvc/WimhDf8VpTA_130_2_6fc9b55f3e268f0ca50c494d4f8089b773655df99e0bca98466e4169e026b957992cf60f59bdc4a7cf8026d889cd8d2152d4d4b30543d097624acad4bee702f9.mp4,fake,real,hindi,WimhDf8VpTA,WimhDf8VpTA_130_2_6fc9b55f3e268f0ca50c494d4f8089b773655df99e0bca98466e4169e026b957992cf60f59bdc4a7cf8026d889cd8d2152d4d4b30543d097624acad4bee702f9,True,True
SabGmKoEfYk_40_1_b7f60d58-8a64-492e-b9cc-77bdb213b08b_label_fake.npz,hindi/knnvc/SabGmKoEfYk_40_1_b7f60d58-8a64-492e-b9cc-77bdb213b08b.mp4,fake,real,hindi,SabGmKoEfYk,SabGmKoEfYk_40_1_b7f60d58-8a64-492e-b9cc-77bdb213b08b,True,True
cyyeokhRDgI_777_7_07259011-35fc-44be-8a5e-ea4868e4db77_label_fake.npz,hindi/knnvc/cyyeokhRDgI_777_7_07259011-35fc-44be-8a5e-ea4868e4db77.mp4,fake,real,hindi,cyyeokhRDgI,cyyeokhRDgI_777_7_07259011-35fc-44be-8a5e-ea4868e4db77,True,True
ldI1peHBLa0_203_2_f8c0e946e7af7735dffc27b2650afcdbf69adfbf870e4ec5155325950d90229237a3be9ebb664e00c5815473de82de7383f38e659d1ee4e33d408ce37310a946_label_fake.npz,hindi/knnvc/ldI1peHBLa0_203_2_f8c0e946e7af7735dffc27b2650afcdbf69adfbf870e4ec5155325950d90229237a3be9ebb664e00c5815473de82de7383f38e659d1ee4e33d408ce37310a946.mp4,fake,real,hindi,ldI1peHBLa0,ldI1peHBLa0_203_2_f8c0e946e7af7735dffc27b2650afcdbf69adfbf870e4ec5155325950d90229237a3be9ebb664e00c5815473de82de7383f38e659d1ee4e33d408ce37310a946,True,True
xZT8cNQCq2s_45_1_0118ae01-24f2-4fda-8249-aff3c49e5a26_label_fake.npz,english/knnvc/xZT8cNQCq2s_45_1_0118ae01-24f2-4fda-8249-aff3c49e5a26.mp4,fake,real,english,xZT8cNQCq2s,xZT8cNQCq2s_45_1_0118ae01-24f2-4fda-8249-aff3c49e5a26,True,False
LQwbKBaau9Y_68_1_bf9c82e8-6a77-4151-84a6-97d7517ce9c6_label_fake.npz,english/knnvc/LQwbKBaau9Y_68_1_bf9c82e8-6a77-4151-84a6-97d7517ce9c6.mp4,fake,real,english,LQwbKBaau9Y,LQwbKBaau9Y_68_1_bf9c82e8-6a77-4151-84a6-97d7517ce9c6,True,False
66hZVQIWCEE_107_4_be5b9ca5-75f1-4599-bc3f-7e5318339509_label_fake.npz,english/knnvc/66hZVQIWCEE_107_4_be5b9ca5-75f1-4599-bc3f-7e5318339509.mp4,fake,real,english,66hZVQIWCEE,66hZVQIWCEE_107_4_be5b9ca5-75f1-4599-bc3f-7e5318339509,True,False
lJPnnQ3ksWo_52_3_29800dc0-d3e8-4033-8447-e8a25e416d11_label_fake.npz,english/knnvc/lJPnnQ3ksWo_52_3_29800dc0-d3e8-4033-8447-e8a25e416d11.mp4,fake,real,english,lJPnnQ3ksWo,lJPnnQ3ksWo_52_3_29800dc0-d3e8-4033-8447-e8a25e416d11,True,False
wXODvu8UfXc_8_1_d0c69511-1a11-4f6c-9b68-4a01cd0180c4_label_fake.npz,english/knnvc/wXODvu8UfXc_8_1_d0c69511-1a11-4f6c-9b68-4a01cd0180c4.mp4,fake,real,english,wXODvu8UfXc,wXODvu8UfXc_8_1_d0c69511-1a11-4f6c-9b68-4a01cd0180c4,True,False
3OMfB1MRAig_78_10_367809bd-f8d5-452b-b951-fc368af7af0b_label_fake.npz,english/knnvc/3OMfB1MRAig_78_10_367809bd-f8d5-452b-b951-fc368af7af0b.mp4,fake,real,english,3OMfB1MRAig,3OMfB1MRAig_78_10_367809bd-f8d5-452b-b951-fc368af7af0b,True,False
P9rEtDiot-w_100_1_5cc5e7c4-db87-47eb-adc7-54964f3d1fb0_label_fake.npz,english/knnvc/P9rEtDiot-w_100_1_5cc5e7c4-db87-47eb-adc7-54964f3d1fb0.mp4,fake,real,english,P9rEtDiot-w,P9rEtDiot-w_100_1_5cc5e7c4-db87-47eb-adc7-54964f3d1fb0,True,False
YbnS39GAcQo_305_1_e243c2e8-21ed-4f3d-8df3-efd35a2f8532_label_fake.npz,english/knnvc/YbnS39GAcQo_305_1_e243c2e8-21ed-4f3d-8df3-efd35a2f8532.mp4,fake,real,english,YbnS39GAcQo,YbnS39GAcQo_305_1_e243c2e8-21ed-4f3d-8df3-efd35a2f8532,True,False
b0Z9IpTVfUg_31_4_d5763ca8-9494-4184-b1e9-5ba8bf016b3c_label_fake.npz,english/knnvc/b0Z9IpTVfUg_31_4_d5763ca8-9494-4184-b1e9-5ba8bf016b3c.mp4,fake,real,english,b0Z9IpTVfUg,b0Z9IpTVfUg_31_4_d5763ca8-9494-4184-b1e9-5ba8bf016b3c,True,False
W64VZ5zCM2U_33_1_9f0a0b11-3aba-41fc-999f-7f233b0f4e9b_label_fake.npz,english/knnvc/W64VZ5zCM2U_33_1_9f0a0b11-3aba-41fc-999f-7f233b0f4e9b.mp4,fake,real,english,W64VZ5zCM2U,W64VZ5zCM2U_33_1_9f0a0b11-3aba-41fc-999f-7f233b0f4e9b,True,False
I-B_Oa6_eNU_1_1_16a1fbf7-cf59-4dc9-a458-80d69ffb34c5_label_fake.npz,english/knnvc/I-B_Oa6_eNU_1_1_16a1fbf7-cf59-4dc9-a458-80d69ffb34c5.mp4,fake,real,english,I-B,I-B_Oa6_eNU_1_1_16a1fbf7-cf59-4dc9-a458-80d69ffb34c5,True,False
SNHUu7YkNjA_150_1_434326aa-6759-4833-aaef-6b7b7cbdf44e_label_fake.npz,english/knnvc/SNHUu7YkNjA_150_1_434326aa-6759-4833-aaef-6b7b7cbdf44e.mp4,fake,real,english,SNHUu7YkNjA,SNHUu7YkNjA_150_1_434326aa-6759-4833-aaef-6b7b7cbdf44e,True,False
V3Cav6WhwZc_0_2_b0f55d1a-61f3-4220-acc7-bb924224ed89_label_fake.npz,english/knnvc/V3Cav6WhwZc_0_2_b0f55d1a-61f3-4220-acc7-bb924224ed89.mp4,fake,real,english,V3Cav6WhwZc,V3Cav6WhwZc_0_2_b0f55d1a-61f3-4220-acc7-bb924224ed89,True,False
lkMV6SxilXc_86_2_1fb57f7e-a839-4def-81a3-ea493d2bb32b_label_fake.npz,english/knnvc/lkMV6SxilXc_86_2_1fb57f7e-a839-4def-81a3-ea493d2bb32b.mp4,fake,real,english,lkMV6SxilXc,lkMV6SxilXc_86_2_1fb57f7e-a839-4def-81a3-ea493d2bb32b,True,False
TkpyR9VBwTs_24_1_b2da3583-00d1-41a4-a9f1-512b133c9210_label_fake.npz,english/knnvc/TkpyR9VBwTs_24_1_b2da3583-00d1-41a4-a9f1-512b133c9210.mp4,fake,real,english,TkpyR9VBwTs,TkpyR9VBwTs_24_1_b2da3583-00d1-41a4-a9f1-512b133c9210,True,False
7N-mvmbeX2Y_330_3_a1925a07-7661-4a9b-8d1f-3012d96bdf07_label_fake.npz,english/knnvc/7N-mvmbeX2Y_330_3_a1925a07-7661-4a9b-8d1f-3012d96bdf07.mp4,fake,real,english,7N-mvmbeX2Y,7N-mvmbeX2Y_330_3_a1925a07-7661-4a9b-8d1f-3012d96bdf07,True,False
VJGVR9ECWhg_23_1_41f474ea-f96a-46ba-8ecd-50f0be37e015_label_fake.npz,english/knnvc/VJGVR9ECWhg_23_1_41f474ea-f96a-46ba-8ecd-50f0be37e015.mp4,fake,real,english,VJGVR9ECWhg,VJGVR9ECWhg_23_1_41f474ea-f96a-46ba-8ecd-50f0be37e015,True,False
9TFi9Zo4FJc_52_1_a72ed983-a2b3-49f0-9c6e-1d5d9be2d518_label_fake.npz,english/knnvc/9TFi9Zo4FJc_52_1_a72ed983-a2b3-49f0-9c6e-1d5d9be2d518.mp4,fake,real,english,9TFi9Zo4FJc,9TFi9Zo4FJc_52_1_a72ed983-a2b3-49f0-9c6e-1d5d9be2d518,True,False
aRhkxaF7cO0_20_1_6ff52bc1-30d2-42b0-bb4a-33791d363922_label_fake.npz,english/knnvc/aRhkxaF7cO0_20_1_6ff52bc1-30d2-42b0-bb4a-33791d363922.mp4,fake,real,english,aRhkxaF7cO0,aRhkxaF7cO0_20_1_6ff52bc1-30d2-42b0-bb4a-33791d363922,True,False
4FT5RYuifwE_47_2_0a5cac23-6cdf-4c40-a36f-478154f855bd_label_fake.npz,english/knnvc/4FT5RYuifwE_47_2_0a5cac23-6cdf-4c40-a36f-478154f855bd.mp4,fake,real,english,4FT5RYuifwE,4FT5RYuifwE_47_2_0a5cac23-6cdf-4c40-a36f-478154f855bd,True,False
KNEGWrD08f8_39_1_3831097e-e5e6-4e97-851e-931dbb59e80a_label_fake.npz,english/knnvc/KNEGWrD08f8_39_1_3831097e-e5e6-4e97-851e-931dbb59e80a.mp4,fake,real,english,KNEGWrD08f8,KNEGWrD08f8_39_1_3831097e-e5e6-4e97-851e-931dbb59e80a,True,False
QokRiSc2AHE_37_1_eed27cca-e5c8-4b3e-a56d-206bb80a1126_label_fake.npz,english/knnvc/QokRiSc2AHE_37_1_eed27cca-e5c8-4b3e-a56d-206bb80a1126.mp4,fake,real,english,QokRiSc2AHE,QokRiSc2AHE_37_1_eed27cca-e5c8-4b3e-a56d-206bb80a1126,True,False
ff154AYIysk_52_15_1144456f-09f3-4cc9-b0d8-34065313f13e_label_fake.npz,english/knnvc/ff154AYIysk_52_15_1144456f-09f3-4cc9-b0d8-34065313f13e.mp4,fake,real,english,ff154AYIysk,ff154AYIysk_52_15_1144456f-09f3-4cc9-b0d8-34065313f13e,True,False
lJPnnQ3ksWo_158_1_6ae5f4ec-d95e-4d8f-a4a6-d23621bf4d59_label_fake.npz,english/knnvc/lJPnnQ3ksWo_158_1_6ae5f4ec-d95e-4d8f-a4a6-d23621bf4d59.mp4,fake,real,english,lJPnnQ3ksWo,lJPnnQ3ksWo_158_1_6ae5f4ec-d95e-4d8f-a4a6-d23621bf4d59,True,False
LQwbKBaau9Y_235_1_f5c4bbe9-473a-47e7-a950-ed30063ffb7f_label_fake.npz,english/knnvc/LQwbKBaau9Y_235_1_f5c4bbe9-473a-47e7-a950-ed30063ffb7f.mp4,fake,real,english,LQwbKBaau9Y,LQwbKBaau9Y_235_1_f5c4bbe9-473a-47e7-a950-ed30063ffb7f,True,False
99LDOZtE6es_46_2_40bd919e-58e3-47c2-ab09-73e6a6f70a12_label_fake.npz,english/knnvc/99LDOZtE6es_46_2_40bd919e-58e3-47c2-ab09-73e6a6f70a12.mp4,fake,real,english,99LDOZtE6es,99LDOZtE6es_46_2_40bd919e-58e3-47c2-ab09-73e6a6f70a12,True,False
L3q9lrr-8XE_6_1_9dd6219e-ddd9-492d-8d13-d43813bad0cd_label_fake.npz,english/knnvc/L3q9lrr-8XE_6_1_9dd6219e-ddd9-492d-8d13-d43813bad0cd.mp4,fake,real,english,L3q9lrr-8XE,L3q9lrr-8XE_6_1_9dd6219e-ddd9-492d-8d13-d43813bad0cd,True,False
647itg-A_aw_40_2_4224094c-c2ef-495e-a293-e87afb132673_label_fake.npz,english/knnvc/647itg-A_aw_40_2_4224094c-c2ef-495e-a293-e87afb132673.mp4,fake,real,english,647itg-A,647itg-A_aw_40_2_4224094c-c2ef-495e-a293-e87afb132673,True,False
kPMxp9AWEOQ_43_1_452c7062-af3b-401c-a98e-cec4d69bc01a_label_fake.npz,english/knnvc/kPMxp9AWEOQ_43_1_452c7062-af3b-401c-a98e-cec4d69bc01a.mp4,fake,real,english,kPMxp9AWEOQ,kPMxp9AWEOQ_43_1_452c7062-af3b-401c-a98e-cec4d69bc01a,True,False
cA6bhAuQDVk_231_1_ba4124d3-27ea-485d-bafd-314a74b74e12_label_fake.npz,english/knnvc/cA6bhAuQDVk_231_1_ba4124d3-27ea-485d-bafd-314a74b74e12.mp4,fake,real,english,cA6bhAuQDVk,cA6bhAuQDVk_231_1_ba4124d3-27ea-485d-bafd-314a74b74e12,True,False
orD3vsEyGdA_42_1_ecb41622-7f69-45be-a4ed-d2cd39ce6dee_label_fake.npz,english/knnvc/orD3vsEyGdA_42_1_ecb41622-7f69-45be-a4ed-d2cd39ce6dee.mp4,fake,real,english,orD3vsEyGdA,orD3vsEyGdA_42_1_ecb41622-7f69-45be-a4ed-d2cd39ce6dee,True,False
kci4NNn09po_20_1_944444cf-3002-412d-bdaa-a78873058217_label_fake.npz,english/knnvc/kci4NNn09po_20_1_944444cf-3002-412d-bdaa-a78873058217.mp4,fake,real,english,kci4NNn09po,kci4NNn09po_20_1_944444cf-3002-412d-bdaa-a78873058217,True,False
iJ-5uw3xtd8_71_1_36b71322-609d-4baa-83dd-08e716878bae_label_fake.npz,english/knnvc/iJ-5uw3xtd8_71_1_36b71322-609d-4baa-83dd-08e716878bae.mp4,fake,real,english,iJ-5uw3xtd8,iJ-5uw3xtd8_71_1_36b71322-609d-4baa-83dd-08e716878bae,True,False
1bKa493VnVw_220_1_c14b7ac6-3a0d-4d10-bf54-ca6757841a00_label_fake.npz,russian/knnvc/1bKa493VnVw_220_1_c14b7ac6-3a0d-4d10-bf54-ca6757841a00.mp4,fake,real,russian,1bKa493VnVw,1bKa493VnVw_220_1_c14b7ac6-3a0d-4d10-bf54-ca6757841a00,True,False
WjMuIWoYKSs_5_1_5f9da37e-5ce7-4a91-ae7c-e991df6a740d_label_fake.npz,russian/knnvc/WjMuIWoYKSs_5_1_5f9da37e-5ce7-4a91-ae7c-e991df6a740d.mp4,fake,real,russian,WjMuIWoYKSs,WjMuIWoYKSs_5_1_5f9da37e-5ce7-4a91-ae7c-e991df6a740d,True,False
sJai0cem3jQ_615_2_8962bf55-1153-43b0-872e-28775c881c23_label_fake.npz,russian/knnvc/sJai0cem3jQ_615_2_8962bf55-1153-43b0-872e-28775c881c23.mp4,fake,real,russian,sJai0cem3jQ,sJai0cem3jQ_615_2_8962bf55-1153-43b0-872e-28775c881c23,True,False
n8DXfKivV5s_2_4_97c77c87-386f-41aa-b5ae-b25ec8baed19_label_fake.npz,russian/knnvc/n8DXfKivV5s_2_4_97c77c87-386f-41aa-b5ae-b25ec8baed19.mp4,fake,real,russian,n8DXfKivV5s,n8DXfKivV5s_2_4_97c77c87-386f-41aa-b5ae-b25ec8baed19,True,False
_UpirrRkPZI_359_1_c0942ded-3637-44ed-9eac-fffbbe59d463_label_fake.npz,russian/knnvc/_UpirrRkPZI_359_1_c0942ded-3637-44ed-9eac-fffbbe59d463.mp4,fake,real,russian,,_UpirrRkPZI_359_1_c0942ded-3637-44ed-9eac-fffbbe59d463,True,False
b4rtVFikc6Y_1677_1_e660d5e7-74a2-46ca-a530-31fa1cb8b4ec_label_fake.npz,russian/knnvc/b4rtVFikc6Y_1677_1_e660d5e7-74a2-46ca-a530-31fa1cb8b4ec.mp4,fake,real,russian,b4rtVFikc6Y,b4rtVFikc6Y_1677_1_e660d5e7-74a2-46ca-a530-31fa1cb8b4ec,True,False
8GpRabFxLWk_281_2_796f9038-21cd-4ff5-b258-57516e357e3c_label_fake.npz,russian/knnvc/8GpRabFxLWk_281_2_796f9038-21cd-4ff5-b258-57516e357e3c.mp4,fake,real,russian,8GpRabFxLWk,8GpRabFxLWk_281_2_796f9038-21cd-4ff5-b258-57516e357e3c,True,False
AuChjLH9pAA_33_10_4b2e52a2-5562-4232-a370-a715a474f6b9_label_fake.npz,russian/knnvc/AuChjLH9pAA_33_10_4b2e52a2-5562-4232-a370-a715a474f6b9.mp4,fake,real,russian,AuChjLH9pAA,AuChjLH9pAA_33_10_4b2e52a2-5562-4232-a370-a715a474f6b9,True,False
LNn1IW-5-rI_0_1_8962bf55-1153-43b0-872e-28775c881c23_label_fake.npz,russian/knnvc/LNn1IW-5-rI_0_1_8962bf55-1153-43b0-872e-28775c881c23.mp4,fake,real,russian,LNn1IW-5-rI,LNn1IW-5-rI_0_1_8962bf55-1153-43b0-872e-28775c881c23,True,False
sJai0cem3jQ_330_1_d6b0a0fd-0d20-4855-a2fa-e621da858489_label_fake.npz,russian/knnvc/sJai0cem3jQ_330_1_d6b0a0fd-0d20-4855-a2fa-e621da858489.mp4,fake,real,russian,sJai0cem3jQ,sJai0cem3jQ_330_1_d6b0a0fd-0d20-4855-a2fa-e621da858489,True,False
zJ_VT04DryI_1190_1_d9aff0f1-66b5-4c30-b632-93dcbde76386_label_fake.npz,russian/knnvc/zJ_VT04DryI_1190_1_d9aff0f1-66b5-4c30-b632-93dcbde76386.mp4,fake,real,russian,zJ,zJ_VT04DryI_1190_1_d9aff0f1-66b5-4c30-b632-93dcbde76386,True,False
Q67YB87tfWE_62_7_20663c60-0b9a-4680-a24b-06c299e03c6a_label_fake.npz,russian/knnvc/Q67YB87tfWE_62_7_20663c60-0b9a-4680-a24b-06c299e03c6a.mp4,fake,real,russian,Q67YB87tfWE,Q67YB87tfWE_62_7_20663c60-0b9a-4680-a24b-06c299e03c6a,True,False
awYvLQ53n3M_79_3_4993dfba-1320-4391-bece-6afc5a477a82_label_fake.npz,russian/knnvc/awYvLQ53n3M_79_3_4993dfba-1320-4391-bece-6afc5a477a82.mp4,fake,real,russian,awYvLQ53n3M,awYvLQ53n3M_79_3_4993dfba-1320-4391-bece-6afc5a477a82,True,False
GAw-vEk3Fys_1639_2_e947d9b3-b728-4fb3-8afc-8b3d7d656011_label_fake.npz,russian/knnvc/GAw-vEk3Fys_1639_2_e947d9b3-b728-4fb3-8afc-8b3d7d656011.mp4,fake,real,russian,GAw-vEk3Fys,GAw-vEk3Fys_1639_2_e947d9b3-b728-4fb3-8afc-8b3d7d656011,True,False
0C0G4BT4pzQ_133_1_123ad2c7-7f96-41db-8f5c-c4f6bf766fe1_label_fake.npz,russian/knnvc/0C0G4BT4pzQ_133_1_123ad2c7-7f96-41db-8f5c-c4f6bf766fe1.mp4,fake,real,russian,0C0G4BT4pzQ,0C0G4BT4pzQ_133_1_123ad2c7-7f96-41db-8f5c-c4f6bf766fe1,True,False
BiutERE4Jgk_329_1_50a94732-7918-4da7-8871-b10ad7f6f02b_label_fake.npz,russian/knnvc/BiutERE4Jgk_329_1_50a94732-7918-4da7-8871-b10ad7f6f02b.mp4,fake,real,russian,BiutERE4Jgk,BiutERE4Jgk_329_1_50a94732-7918-4da7-8871-b10ad7f6f02b,True,False
BiutERE4Jgk_860_1_12dc8bb2-39c4-418b-994f-5f587916c3eb_label_fake.npz,russian/knnvc/BiutERE4Jgk_860_1_12dc8bb2-39c4-418b-994f-5f587916c3eb.mp4,fake,real,russian,BiutERE4Jgk,BiutERE4Jgk_860_1_12dc8bb2-39c4-418b-994f-5f587916c3eb,True,False
qHO_Dn73ZRY_14_1_25b48eff-41bb-4ee5-9583-31d78953c782_label_fake.npz,russian/knnvc/qHO_Dn73ZRY_14_1_25b48eff-41bb-4ee5-9583-31d78953c782.mp4,fake,real,russian,qHO,qHO_Dn73ZRY_14_1_25b48eff-41bb-4ee5-9583-31d78953c782,True,False
FfsLl48yd88_179_15_db5284de-a360-4cab-a56b-5bffd00b0167_label_fake.npz,russian/knnvc/FfsLl48yd88_179_15_db5284de-a360-4cab-a56b-5bffd00b0167.mp4,fake,real,russian,FfsLl48yd88,FfsLl48yd88_179_15_db5284de-a360-4cab-a56b-5bffd00b0167,True,False
j1VeIEcNIbY_72_1_2c6006a0-c464-413d-b592-5dd8808413f0_label_fake.npz,russian/knnvc/j1VeIEcNIbY_72_1_2c6006a0-c464-413d-b592-5dd8808413f0.mp4,fake,real,russian,j1VeIEcNIbY,j1VeIEcNIbY_72_1_2c6006a0-c464-413d-b592-5dd8808413f0,True,False
XcBujh5E4mU_0_1_76e7df4b-ebc8-4cde-ac00-9dd8a44fd122_label_fake.npz,russian/knnvc/XcBujh5E4mU_0_1_76e7df4b-ebc8-4cde-ac00-9dd8a44fd122.mp4,fake,real,russian,XcBujh5E4mU,XcBujh5E4mU_0_1_76e7df4b-ebc8-4cde-ac00-9dd8a44fd122,True,False
-8ocXGKuChc_81_4_9e75ac0f-6728-49b4-ac3f-5c3c22dd6944_label_fake.npz,russian/knnvc/-8ocXGKuChc_81_4_9e75ac0f-6728-49b4-ac3f-5c3c22dd6944.mp4,fake,real,russian,-8ocXGKuChc,-8ocXGKuChc_81_4_9e75ac0f-6728-49b4-ac3f-5c3c22dd6944,True,False
lyC3ISVmpwY_410_1_73ddaa74-5386-49e6-8eb0-07d4edc7ef29_label_fake.npz,russian/knnvc/lyC3ISVmpwY_410_1_73ddaa74-5386-49e6-8eb0-07d4edc7ef29.mp4,fake,real,russian,lyC3ISVmpwY,lyC3ISVmpwY_410_1_73ddaa74-5386-49e6-8eb0-07d4edc7ef29,True,False
7eUMXPSjWNI_12_8_dd20b229-400e-48c3-aa3a-a7a8b7aae596_label_fake.npz,russian/knnvc/7eUMXPSjWNI_12_8_dd20b229-400e-48c3-aa3a-a7a8b7aae596.mp4,fake,real,russian,7eUMXPSjWNI,7eUMXPSjWNI_12_8_dd20b229-400e-48c3-aa3a-a7a8b7aae596,True,False
7eUMXPSjWNI_30_34_29664170-1be0-4d79-b072-07a702370e20_label_fake.npz,russian/knnvc/7eUMXPSjWNI_30_34_29664170-1be0-4d79-b072-07a702370e20.mp4,fake,real,russian,7eUMXPSjWNI,7eUMXPSjWNI_30_34_29664170-1be0-4d79-b072-07a702370e20,True,False
2BKokh3MsQ0_53_1_2283d87b7ed4c3115661b72d88358e00d1a3de116a67d2e8cdfd1d0b574a1ff7414d68d37f7a165a758ae1a5e734b57865e0e3ae52c5ecd1682b6f1b066cf425_label_fake.npz,mandarin/knnvc/2BKokh3MsQ0_53_1_2283d87b7ed4c3115661b72d88358e00d1a3de116a67d2e8cdfd1d0b574a1ff7414d68d37f7a165a758ae1a5e734b57865e0e3ae52c5ecd1682b6f1b066cf425.mp4,fake,real,mandarin,2BKokh3MsQ0,2BKokh3MsQ0_53_1_2283d87b7ed4c3115661b72d88358e00d1a3de116a67d2e8cdfd1d0b574a1ff7414d68d37f7a165a758ae1a5e734b57865e0e3ae52c5ecd1682b6f1b066cf425,True,False
zyEFcNYytCI_31_1_783931abcb303ee16358ff4ae350c72cc3504c31a3b011b8f2469f1b586ba73f92e9da756385c2a60398b9943f826fefc3202f036bf7d22d8fe9645aff697192_label_fake.npz,mandarin/knnvc/zyEFcNYytCI_31_1_783931abcb303ee16358ff4ae350c72cc3504c31a3b011b8f2469f1b586ba73f92e9da756385c2a60398b9943f826fefc3202f036bf7d22d8fe9645aff697192.mp4,fake,real,mandarin,zyEFcNYytCI,zyEFcNYytCI_31_1_783931abcb303ee16358ff4ae350c72cc3504c31a3b011b8f2469f1b586ba73f92e9da756385c2a60398b9943f826fefc3202f036bf7d22d8fe9645aff697192,True,False
d3HzrFRMQ-s_44_1_2e309a24929d92ade5e3aed37cb43232c0ad9a3ee0c5bb52e72d303449e27491758a0d84eb51a71e93eb8bdf3cb86c91ce81cca620c031fb4b2b5cac3aa0f8d1_label_fake.npz,mandarin/knnvc/d3HzrFRMQ-s_44_1_2e309a24929d92ade5e3aed37cb43232c0ad9a3ee0c5bb52e72d303449e27491758a0d84eb51a71e93eb8bdf3cb86c91ce81cca620c031fb4b2b5cac3aa0f8d1.mp4,fake,real,mandarin,d3HzrFRMQ-s,d3HzrFRMQ-s_44_1_2e309a24929d92ade5e3aed37cb43232c0ad9a3ee0c5bb52e72d303449e27491758a0d84eb51a71e93eb8bdf3cb86c91ce81cca620c031fb4b2b5cac3aa0f8d1,True,False
KRwnkBc5OJs_0_9_1de7f11ad15259491ed04febd0138ff0ecd842b34aeaab35200613adac90e1e04f1e0c7aa4f7ac6ae7bad16d6fb38313070f90b6c965e2469b0daed97af1a941_label_fake.npz,mandarin/knnvc/KRwnkBc5OJs_0_9_1de7f11ad15259491ed04febd0138ff0ecd842b34aeaab35200613adac90e1e04f1e0c7aa4f7ac6ae7bad16d6fb38313070f90b6c965e2469b0daed97af1a941.mp4,fake,real,mandarin,KRwnkBc5OJs,KRwnkBc5OJs_0_9_1de7f11ad15259491ed04febd0138ff0ecd842b34aeaab35200613adac90e1e04f1e0c7aa4f7ac6ae7bad16d6fb38313070f90b6c965e2469b0daed97af1a941,True,False
eUOLg70FT2M_460_1_061722981f77054421d946c6b7189f44063488f62b22e9b27b45bf8045be63248bb2d24109252264677011c696b9ceb5a7571545a77cdb823788cc6b3bd1b7ea_label_fake.npz,mandarin/knnvc/eUOLg70FT2M_460_1_061722981f77054421d946c6b7189f44063488f62b22e9b27b45bf8045be63248bb2d24109252264677011c696b9ceb5a7571545a77cdb823788cc6b3bd1b7ea.mp4,fake,real,mandarin,eUOLg70FT2M,eUOLg70FT2M_460_1_061722981f77054421d946c6b7189f44063488f62b22e9b27b45bf8045be63248bb2d24109252264677011c696b9ceb5a7571545a77cdb823788cc6b3bd1b7ea,True,False
L36UzqXOjcY_14_1_783931abcb303ee16358ff4ae350c72cc3504c31a3b011b8f2469f1b586ba73f92e9da756385c2a60398b9943f826fefc3202f036bf7d22d8fe9645aff697192_label_fake.npz,mandarin/knnvc/L36UzqXOjcY_14_1_783931abcb303ee16358ff4ae350c72cc3504c31a3b011b8f2469f1b586ba73f92e9da756385c2a60398b9943f826fefc3202f036bf7d22d8fe9645aff697192.mp4,fake,real,mandarin,L36UzqXOjcY,L36UzqXOjcY_14_1_783931abcb303ee16358ff4ae350c72cc3504c31a3b011b8f2469f1b586ba73f92e9da756385c2a60398b9943f826fefc3202f036bf7d22d8fe9645aff697192,True,False
ntGTvYmCcHE_16_1_3fbe5bd221633ba4fd33019608c2ec18971dcd598787508c5493a957e76effd1e8d3dd452997b10d41fea9a9f5109f322639fb58fe46d18a5315361320ab8b29_label_fake.npz,mandarin/knnvc/ntGTvYmCcHE_16_1_3fbe5bd221633ba4fd33019608c2ec18971dcd598787508c5493a957e76effd1e8d3dd452997b10d41fea9a9f5109f322639fb58fe46d18a5315361320ab8b29.mp4,fake,real,mandarin,ntGTvYmCcHE,ntGTvYmCcHE_16_1_3fbe5bd221633ba4fd33019608c2ec18971dcd598787508c5493a957e76effd1e8d3dd452997b10d41fea9a9f5109f322639fb58fe46d18a5315361320ab8b29,True,False
d3HzrFRMQ-s_107_1_82d8da5b20bb6189376fd7d308eaaaa256bb32c6cdb96108caaf3a32b203ddfe2c49122d0b86de364d0196832a3201959020c26798d434a73d616a7858197f52_label_fake.npz,mandarin/knnvc/d3HzrFRMQ-s_107_1_82d8da5b20bb6189376fd7d308eaaaa256bb32c6cdb96108caaf3a32b203ddfe2c49122d0b86de364d0196832a3201959020c26798d434a73d616a7858197f52.mp4,fake,real,mandarin,d3HzrFRMQ-s,d3HzrFRMQ-s_107_1_82d8da5b20bb6189376fd7d308eaaaa256bb32c6cdb96108caaf3a32b203ddfe2c49122d0b86de364d0196832a3201959020c26798d434a73d616a7858197f52,True,False
V4ky5dwCLUg_361_1_243b92841e9043c880193147c22d123a042302bf44bdfa48463eb8e56f5cc526456de6376d547273b08a9e8f70c296061adc1f753e69117da6d070da31af2f89_label_fake.npz,mandarin/knnvc/V4ky5dwCLUg_361_1_243b92841e9043c880193147c22d123a042302bf44bdfa48463eb8e56f5cc526456de6376d547273b08a9e8f70c296061adc1f753e69117da6d070da31af2f89.mp4,fake,real,mandarin,V4ky5dwCLUg,V4ky5dwCLUg_361_1_243b92841e9043c880193147c22d123a042302bf44bdfa48463eb8e56f5cc526456de6376d547273b08a9e8f70c296061adc1f753e69117da6d070da31af2f89,True,False
aEJY8qrqB7M_31_1_2ac9a8f9effb8a010f6529f9ff440a0fdf3fa0c16e6aff6c586330ba34be8819eafa112f6c8eff79f429f5234963ee6582460d947d5d764bd9294b98b91248e9_label_fake.npz,mandarin/knnvc/aEJY8qrqB7M_31_1_2ac9a8f9effb8a010f6529f9ff440a0fdf3fa0c16e6aff6c586330ba34be8819eafa112f6c8eff79f429f5234963ee6582460d947d5d764bd9294b98b91248e9.mp4,fake,real,mandarin,aEJY8qrqB7M,aEJY8qrqB7M_31_1_2ac9a8f9effb8a010f6529f9ff440a0fdf3fa0c16e6aff6c586330ba34be8819eafa112f6c8eff79f429f5234963ee6582460d947d5d764bd9294b98b91248e9,True,False
zd9TNPVVfvI_50_1_d5b220ece8e74e27e79b186e6af9acd64537b2ff3f51fca7aa303b4d1b00253988e06dfc4c48dcc89428902d801282ccd05fe631b61fb800d12f65fa07866539_label_fake.npz,mandarin/knnvc/zd9TNPVVfvI_50_1_d5b220ece8e74e27e79b186e6af9acd64537b2ff3f51fca7aa303b4d1b00253988e06dfc4c48dcc89428902d801282ccd05fe631b61fb800d12f65fa07866539.mp4,fake,real,mandarin,zd9TNPVVfvI,zd9TNPVVfvI_50_1_d5b220ece8e74e27e79b186e6af9acd64537b2ff3f51fca7aa303b4d1b00253988e06dfc4c48dcc89428902d801282ccd05fe631b61fb800d12f65fa07866539,True,False
d3HzrFRMQ-s_65_1_783931abcb303ee16358ff4ae350c72cc3504c31a3b011b8f2469f1b586ba73f92e9da756385c2a60398b9943f826fefc3202f036bf7d22d8fe9645aff697192_label_fake.npz,mandarin/knnvc/d3HzrFRMQ-s_65_1_783931abcb303ee16358ff4ae350c72cc3504c31a3b011b8f2469f1b586ba73f92e9da756385c2a60398b9943f826fefc3202f036bf7d22d8fe9645aff697192.mp4,fake,real,mandarin,d3HzrFRMQ-s,d3HzrFRMQ-s_65_1_783931abcb303ee16358ff4ae350c72cc3504c31a3b011b8f2469f1b586ba73f92e9da756385c2a60398b9943f826fefc3202f036bf7d22d8fe9645aff697192,True,False
eUOLg70FT2M_449_1_f19c513caab1c2f927df0cd2b8a676bb9adec59a16fa275097ef3bad141e1c3c4c81a6da178d85f913d8d166df06b66f6d027e1b1c534cb10cb7290172733dd4_label_fake.npz,mandarin/knnvc/eUOLg70FT2M_449_1_f19c513caab1c2f927df0cd2b8a676bb9adec59a16fa275097ef3bad141e1c3c4c81a6da178d85f913d8d166df06b66f6d027e1b1c534cb10cb7290172733dd4.mp4,fake,real,mandarin,eUOLg70FT2M,eUOLg70FT2M_449_1_f19c513caab1c2f927df0cd2b8a676bb9adec59a16fa275097ef3bad141e1c3c4c81a6da178d85f913d8d166df06b66f6d027e1b1c534cb10cb7290172733dd4,True,False
hT1KUqL4PaM_499_1_061da964212ef923d623062d4097c80b90e8ecff2b9427561deda2b4d2c53b216d58dd2925f9ab5e25e5448b20bbcbae4cb67e6129b03163d2bdd49e85d4a1f3_label_fake.npz,mandarin/knnvc/hT1KUqL4PaM_499_1_061da964212ef923d623062d4097c80b90e8ecff2b9427561deda2b4d2c53b216d58dd2925f9ab5e25e5448b20bbcbae4cb67e6129b03163d2bdd49e85d4a1f3.mp4,fake,real,mandarin,hT1KUqL4PaM,hT1KUqL4PaM_499_1_061da964212ef923d623062d4097c80b90e8ecff2b9427561deda2b4d2c53b216d58dd2925f9ab5e25e5448b20bbcbae4cb67e6129b03163d2bdd49e85d4a1f3,True,False
GzgrDG90-YY_14_3_bd8b62474fcd71e8314161ba63f63de2dd64cf12fbef4a358592a55da5f03672e162b7c4daabb7c9dce24407d113047ddfb7cfe3f63627e146affabc4a212d72_label_fake.npz,mandarin/knnvc/GzgrDG90-YY_14_3_bd8b62474fcd71e8314161ba63f63de2dd64cf12fbef4a358592a55da5f03672e162b7c4daabb7c9dce24407d113047ddfb7cfe3f63627e146affabc4a212d72.mp4,fake,real,mandarin,GzgrDG90-YY,GzgrDG90-YY_14_3_bd8b62474fcd71e8314161ba63f63de2dd64cf12fbef4a358592a55da5f03672e162b7c4daabb7c9dce24407d113047ddfb7cfe3f63627e146affabc4a212d72,True,False
d-3eWru8Rhw_62_1_742c01cb86c95616c9b91ae396781b73f9829c0e021581aa4e0c89fd945c67ba08fc77a998458ddfab56cc5569426ffd779148c20f6709fa29a8287a2d5279c5_label_fake.npz,mandarin/knnvc/d-3eWru8Rhw_62_1_742c01cb86c95616c9b91ae396781b73f9829c0e021581aa4e0c89fd945c67ba08fc77a998458ddfab56cc5569426ffd779148c20f6709fa29a8287a2d5279c5.mp4,fake,real,mandarin,d-3eWru8Rhw,d-3eWru8Rhw_62_1_742c01cb86c95616c9b91ae396781b73f9829c0e021581aa4e0c89fd945c67ba08fc77a998458ddfab56cc5569426ffd779148c20f6709fa29a8287a2d5279c5,True,False
ZzfsQF3ig2k_329_1_14941de1de58c50490831267090037c1709c355044e99809ac7738e4add4e94524e4becdb8448bc3f39dc612664cf1988c8fa3858d9a0d8af9376e90809f4001_label_fake.npz,mandarin/knnvc/ZzfsQF3ig2k_329_1_14941de1de58c50490831267090037c1709c355044e99809ac7738e4add4e94524e4becdb8448bc3f39dc612664cf1988c8fa3858d9a0d8af9376e90809f4001.mp4,fake,real,mandarin,ZzfsQF3ig2k,ZzfsQF3ig2k_329_1_14941de1de58c50490831267090037c1709c355044e99809ac7738e4add4e94524e4becdb8448bc3f39dc612664cf1988c8fa3858d9a0d8af9376e90809f4001,True,False
xIMS_-reEco_173_1_9b1f6fa0808afdf12aa680a24bcca75e8508ee44b4839922cc70e11127f3954a5c0da62fd6572af01785d8789545bc0cc3907cf7d3b7393547b2492eed49de68_label_fake.npz,mandarin/knnvc/xIMS_-reEco_173_1_9b1f6fa0808afdf12aa680a24bcca75e8508ee44b4839922cc70e11127f3954a5c0da62fd6572af01785d8789545bc0cc3907cf7d3b7393547b2492eed49de68.mp4,fake,real,mandarin,xIMS,xIMS_-reEco_173_1_9b1f6fa0808afdf12aa680a24bcca75e8508ee44b4839922cc70e11127f3954a5c0da62fd6572af01785d8789545bc0cc3907cf7d3b7393547b2492eed49de68,True,False
7HZ7W3C41hA_33_1_8c97d3aa6dc2d33e24439b51d48b04e2685f87806f718453e0382720d114a3daa2c6b40c676281eac17e752e2e869390e0b02b736b3f85727bde15dce6286fdc_label_fake.npz,mandarin/knnvc/7HZ7W3C41hA_33_1_8c97d3aa6dc2d33e24439b51d48b04e2685f87806f718453e0382720d114a3daa2c6b40c676281eac17e752e2e869390e0b02b736b3f85727bde15dce6286fdc.mp4,fake,real,mandarin,7HZ7W3C41hA,7HZ7W3C41hA_33_1_8c97d3aa6dc2d33e24439b51d48b04e2685f87806f718453e0382720d114a3daa2c6b40c676281eac17e752e2e869390e0b02b736b3f85727bde15dce6286fdc,True,False
VuHRkRk5Y0I_1_1_07a29c6781b83f68bdb76f80647aade9786b3665f977b9040fb7395931faa14b9a0878c16d444ddee649019d7a03a10aa9159b57879d7961d489ea913e9c7a1b_label_fake.npz,mandarin/knnvc/VuHRkRk5Y0I_1_1_07a29c6781b83f68bdb76f80647aade9786b3665f977b9040fb7395931faa14b9a0878c16d444ddee649019d7a03a10aa9159b57879d7961d489ea913e9c7a1b.mp4,fake,real,mandarin,VuHRkRk5Y0I,VuHRkRk5Y0I_1_1_07a29c6781b83f68bdb76f80647aade9786b3665f977b9040fb7395931faa14b9a0878c16d444ddee649019d7a03a10aa9159b57879d7961d489ea913e9c7a1b,True,False
gz-PPJGb0Fw_8_1_d647b73602a3a0c1b06f282a612c29eefc6a7e372bc8af212a41f481843c23a975b41ca402f06ecb7dc660d4dd22a814f7659b48da7dfd28c02a319032394da1_label_fake.npz,mandarin/knnvc/gz-PPJGb0Fw_8_1_d647b73602a3a0c1b06f282a612c29eefc6a7e372bc8af212a41f481843c23a975b41ca402f06ecb7dc660d4dd22a814f7659b48da7dfd28c02a319032394da1.mp4,fake,real,mandarin,gz-PPJGb0Fw,gz-PPJGb0Fw_8_1_d647b73602a3a0c1b06f282a612c29eefc6a7e372bc8af212a41f481843c23a975b41ca402f06ecb7dc660d4dd22a814f7659b48da7dfd28c02a319032394da1,True,False
gz-PPJGb0Fw_14_1_a0313aae2956e41ea940591258d002fdfc3fbc2e5852df52de887d916c68f35aeee6cc733414b36a239366b9b093222bc41f6abb3dd1763510e7a22934945b00_label_fake.npz,mandarin/knnvc/gz-PPJGb0Fw_14_1_a0313aae2956e41ea940591258d002fdfc3fbc2e5852df52de887d916c68f35aeee6cc733414b36a239366b9b093222bc41f6abb3dd1763510e7a22934945b00.mp4,fake,real,mandarin,gz-PPJGb0Fw,gz-PPJGb0Fw_14_1_a0313aae2956e41ea940591258d002fdfc3fbc2e5852df52de887d916c68f35aeee6cc733414b36a239366b9b093222bc41f6abb3dd1763510e7a22934945b00,True,False
V4ky5dwCLUg_79_1_50c6bfe4f3f458aa23b34a1a9b3a478086d78f6616af0b80aa5f7d3f121b7a52c1ec484422937ee4c78465ff237bc675d7e264c61aa1af0128478af1c1fc60eb_label_fake.npz,mandarin/knnvc/V4ky5dwCLUg_79_1_50c6bfe4f3f458aa23b34a1a9b3a478086d78f6616af0b80aa5f7d3f121b7a52c1ec484422937ee4c78465ff237bc675d7e264c61aa1af0128478af1c1fc60eb.mp4,fake,real,mandarin,V4ky5dwCLUg,V4ky5dwCLUg_79_1_50c6bfe4f3f458aa23b34a1a9b3a478086d78f6616af0b80aa5f7d3f121b7a52c1ec484422937ee4c78465ff237bc675d7e264c61aa1af0128478af1c1fc60eb,True,False
gz-PPJGb0Fw_11_1_c79c7db7ab70179acb0449da4da23f91a90c866a6838fe86c1e3044a354d161c6e83ef0acf18ea7381eebaa766f124f83b17e7bd11ea00e17eb3c89ce3cda6cb_label_fake.npz,mandarin/knnvc/gz-PPJGb0Fw_11_1_c79c7db7ab70179acb0449da4da23f91a90c866a6838fe86c1e3044a354d161c6e83ef0acf18ea7381eebaa766f124f83b17e7bd11ea00e17eb3c89ce3cda6cb.mp4,fake,real,mandarin,gz-PPJGb0Fw,gz-PPJGb0Fw_11_1_c79c7db7ab70179acb0449da4da23f91a90c866a6838fe86c1e3044a354d161c6e83ef0acf18ea7381eebaa766f124f83b17e7bd11ea00e17eb3c89ce3cda6cb,True,False
QpbPUAQ9GxM_2_1_f19c513caab1c2f927df0cd2b8a676bb9adec59a16fa275097ef3bad141e1c3c4c81a6da178d85f913d8d166df06b66f6d027e1b1c534cb10cb7290172733dd4_label_fake.npz,mandarin/knnvc/QpbPUAQ9GxM_2_1_f19c513caab1c2f927df0cd2b8a676bb9adec59a16fa275097ef3bad141e1c3c4c81a6da178d85f913d8d166df06b66f6d027e1b1c534cb10cb7290172733dd4.mp4,fake,real,mandarin,QpbPUAQ9GxM,QpbPUAQ9GxM_2_1_f19c513caab1c2f927df0cd2b8a676bb9adec59a16fa275097ef3bad141e1c3c4c81a6da178d85f913d8d166df06b66f6d027e1b1c534cb10cb7290172733dd4,True,False
hT1KUqL4PaM_342_1_9993b1f5ad2b7cc611fb718918f53395cc69fdeecf2a6a2b5b5b0ffb20e31ffecb7359d6bcc7f682c47ca4d18491eda03b047be133f9ed8182d1d1475951030f_label_fake.npz,mandarin/knnvc/hT1KUqL4PaM_342_1_9993b1f5ad2b7cc611fb718918f53395cc69fdeecf2a6a2b5b5b0ffb20e31ffecb7359d6bcc7f682c47ca4d18491eda03b047be133f9ed8182d1d1475951030f.mp4,fake,real,mandarin,hT1KUqL4PaM,hT1KUqL4PaM_342_1_9993b1f5ad2b7cc611fb718918f53395cc69fdeecf2a6a2b5b5b0ffb20e31ffecb7359d6bcc7f682c47ca4d18491eda03b047be133f9ed8182d1d1475951030f,True,False
MATJqR93d5I_21_2_faa0ecc626e80638016d6295b5018372b8567f5f3177f68039e8049b12b555163027f6ebdeb13fd1771de64bb828ff4ff7c28d3258976a05da6b8baad061aae1_label_fake.npz,mandarin/knnvc/MATJqR93d5I_21_2_faa0ecc626e80638016d6295b5018372b8567f5f3177f68039e8049b12b555163027f6ebdeb13fd1771de64bb828ff4ff7c28d3258976a05da6b8baad061aae1.mp4,fake,real,mandarin,MATJqR93d5I,MATJqR93d5I_21_2_faa0ecc626e80638016d6295b5018372b8567f5f3177f68039e8049b12b555163027f6ebdeb13fd1771de64bb828ff4ff7c28d3258976a05da6b8baad061aae1,True,False
v3QirpCH8PM_165_1_5b3a540681c6b6caad1ac7ada55fafdbeda01c14208a9e161c36f015ffc757eaaa3693c1f26c41b944f81b18b2c775d96da1e5197fa5a261b675052d03c89182_label_fake.npz,mandarin/knnvc/v3QirpCH8PM_165_1_5b3a540681c6b6caad1ac7ada55fafdbeda01c14208a9e161c36f015ffc757eaaa3693c1f26c41b944f81b18b2c775d96da1e5197fa5a261b675052d03c89182.mp4,fake,real,mandarin,v3QirpCH8PM,v3QirpCH8PM_165_1_5b3a540681c6b6caad1ac7ada55fafdbeda01c14208a9e161c36f015ffc757eaaa3693c1f26c41b944f81b18b2c775d96da1e5197fa5a261b675052d03c89182,True,False
03GPqk22j-w_233_1_30ba9bab-a647-43d6-a250-a6004d736d55_label_fake.npz,german/knnvc/03GPqk22j-w_233_1_30ba9bab-a647-43d6-a250-a6004d736d55.mp4,fake,real,german,03GPqk22j-w,03GPqk22j-w_233_1_30ba9bab-a647-43d6-a250-a6004d736d55,True,True
Du1SKO_ri4w_70_17_33b83807-b656-4801-9f84-b5f4a4d772d4_label_fake.npz,german/knnvc/Du1SKO_ri4w_70_17_33b83807-b656-4801-9f84-b5f4a4d772d4.mp4,fake,real,german,Du1SKO,Du1SKO_ri4w_70_17_33b83807-b656-4801-9f84-b5f4a4d772d4,True,True
NEEN8fSBuWI_386_1_2e362171-60dc-40f5-b348-8b5acb7d8a4b_label_fake.npz,german/knnvc/NEEN8fSBuWI_386_1_2e362171-60dc-40f5-b348-8b5acb7d8a4b.mp4,fake,real,german,NEEN8fSBuWI,NEEN8fSBuWI_386_1_2e362171-60dc-40f5-b348-8b5acb7d8a4b,True,True
u-X671JqQWA_62_200_35c70f50-82ca-4156-a58a-bc7361d00cc2_label_fake.npz,german/knnvc/u-X671JqQWA_62_200_35c70f50-82ca-4156-a58a-bc7361d00cc2.mp4,fake,real,german,u-X671JqQWA,u-X671JqQWA_62_200_35c70f50-82ca-4156-a58a-bc7361d00cc2,True,True
30CXCDECyG4_1080p_176_7_6ffcfa3f-9115-4249-899d-63d861692de8_label_fake.npz,german/knnvc/30CXCDECyG4_1080p_176_7_6ffcfa3f-9115-4249-899d-63d861692de8.mp4,fake,real,german,30CXCDECyG4,30CXCDECyG4_1080p_176_7_6ffcfa3f-9115-4249-899d-63d861692de8,True,True
Tdgb6NvUjhk_42_2_e4f3e424-41a2-4366-a274-6d0f0e6bad2c_label_fake.npz,german/knnvc/Tdgb6NvUjhk_42_2_e4f3e424-41a2-4366-a274-6d0f0e6bad2c.mp4,fake,real,german,Tdgb6NvUjhk,Tdgb6NvUjhk_42_2_e4f3e424-41a2-4366-a274-6d0f0e6bad2c,True,True
JFBVpNgehIg_1080p_102_5_889b86a8-849e-4787-bcac-b28498aafe37_label_fake.npz,german/knnvc/JFBVpNgehIg_1080p_102_5_889b86a8-849e-4787-bcac-b28498aafe37.mp4,fake,real,german,JFBVpNgehIg,JFBVpNgehIg_1080p_102_5_889b86a8-849e-4787-bcac-b28498aafe37,True,True
WYP2eizW7gY_130_6_30ba9bab-a647-43d6-a250-a6004d736d55_label_fake.npz,german/knnvc/WYP2eizW7gY_130_6_30ba9bab-a647-43d6-a250-a6004d736d55.mp4,fake,real,german,WYP2eizW7gY,WYP2eizW7gY_130_6_30ba9bab-a647-43d6-a250-a6004d736d55,True,True
y_H9JEbn-XU_164_1_7bb7354f-ebe8-46e9-8f03-7a78b6a5497b_label_fake.npz,german/knnvc/y_H9JEbn-XU_164_1_7bb7354f-ebe8-46e9-8f03-7a78b6a5497b.mp4,fake,real,german,y,y_H9JEbn-XU_164_1_7bb7354f-ebe8-46e9-8f03-7a78b6a5497b,True,True
lXXCH-gBGzI_64_16_ed851225-f8ba-4a30-9715-ba65a2f5e3bb_label_fake.npz,german/knnvc/lXXCH-gBGzI_64_16_ed851225-f8ba-4a30-9715-ba65a2f5e3bb.mp4,fake,real,german,lXXCH-gBGzI,lXXCH-gBGzI_64_16_ed851225-f8ba-4a30-9715-ba65a2f5e3bb,True,True
6naugGonRkE_1080p_102_3_4b5ae5b5-7420-44a2-8042-02f22e8d2b0a_label_fake.npz,german/knnvc/6naugGonRkE_1080p_102_3_4b5ae5b5-7420-44a2-8042-02f22e8d2b0a.mp4,fake,real,german,6naugGonRkE,6naugGonRkE_1080p_102_3_4b5ae5b5-7420-44a2-8042-02f22e8d2b0a,True,True
T47iIAEaLmY_1080p_137_9_889b86a8-849e-4787-bcac-b28498aafe37_label_fake.npz,german/knnvc/T47iIAEaLmY_1080p_137_9_889b86a8-849e-4787-bcac-b28498aafe37.mp4,fake,real,german,T47iIAEaLmY,T47iIAEaLmY_1080p_137_9_889b86a8-849e-4787-bcac-b28498aafe37,True,True
H1ajK1qLRWc_1080p_75_1_0162a1ad-b693-40d4-87f1-a59ebcb339e7_label_fake.npz,german/knnvc/H1ajK1qLRWc_1080p_75_1_0162a1ad-b693-40d4-87f1-a59ebcb339e7.mp4,fake,real,german,H1ajK1qLRWc,H1ajK1qLRWc_1080p_75_1_0162a1ad-b693-40d4-87f1-a59ebcb339e7,True,True
u24egzL00g0_671_4_20995a78-b8e8-4d52-87d1-7a88d8054046_label_fake.npz,german/knnvc/u24egzL00g0_671_4_20995a78-b8e8-4d52-87d1-7a88d8054046.mp4,fake,real,german,u24egzL00g0,u24egzL00g0_671_4_20995a78-b8e8-4d52-87d1-7a88d8054046,True,True
UzfVjgZKjro_1080p_97_13_bbd3c409-edb2-49b2-a105-a1abc7ec067a_label_fake.npz,german/knnvc/UzfVjgZKjro_1080p_97_13_bbd3c409-edb2-49b2-a105-a1abc7ec067a.mp4,fake,real,german,UzfVjgZKjro,UzfVjgZKjro_1080p_97_13_bbd3c409-edb2-49b2-a105-a1abc7ec067a,True,True
Je9hLZKYTz4_93_8_0355b3bf-1012-438f-ad94-38febe47e89c_label_fake.npz,german/knnvc/Je9hLZKYTz4_93_8_0355b3bf-1012-438f-ad94-38febe47e89c.mp4,fake,real,german,Je9hLZKYTz4,Je9hLZKYTz4_93_8_0355b3bf-1012-438f-ad94-38febe47e89c,True,True
cMueCZNhQW4_125_1_d7d7722d-0815-4b6d-b78f-4246bc4fdc64_label_fake.npz,german/knnvc/cMueCZNhQW4_125_1_d7d7722d-0815-4b6d-b78f-4246bc4fdc64.mp4,fake,real,german,cMueCZNhQW4,cMueCZNhQW4_125_1_d7d7722d-0815-4b6d-b78f-4246bc4fdc64,True,True
FGAyYl3ZICw_79_1_7964fe14-4905-46cf-9c67-16c7083e579c_label_fake.npz,german/knnvc/FGAyYl3ZICw_79_1_7964fe14-4905-46cf-9c67-16c7083e579c.mp4,fake,real,german,FGAyYl3ZICw,FGAyYl3ZICw_79_1_7964fe14-4905-46cf-9c67-16c7083e579c,True,True
SY_xV-Raq3A_1080p_114_1_9ae6ec58-1283-4ceb-8218-36be07c7daf7_label_fake.npz,german/knnvc/SY_xV-Raq3A_1080p_114_1_9ae6ec58-1283-4ceb-8218-36be07c7daf7.mp4,fake,real,german,SY,SY_xV-Raq3A_1080p_114_1_9ae6ec58-1283-4ceb-8218-36be07c7daf7,True,True
E7lIbmnQqgU_429_1_7bb7354f-ebe8-46e9-8f03-7a78b6a5497b_label_fake.npz,german/knnvc/E7lIbmnQqgU_429_1_7bb7354f-ebe8-46e9-8f03-7a78b6a5497b.mp4,fake,real,german,E7lIbmnQqgU,E7lIbmnQqgU_429_1_7bb7354f-ebe8-46e9-8f03-7a78b6a5497b,True,True
Je9hLZKYTz4_72_21_755fe992-3641-40d7-b679-ea63dce7f3e7_label_fake.npz,german/knnvc/Je9hLZKYTz4_72_21_755fe992-3641-40d7-b679-ea63dce7f3e7.mp4,fake,real,german,Je9hLZKYTz4,Je9hLZKYTz4_72_21_755fe992-3641-40d7-b679-ea63dce7f3e7,True,True
OpitcLEYak8_1080p_48_6_0355b3bf-1012-438f-ad94-38febe47e89c_label_fake.npz,german/knnvc/OpitcLEYak8_1080p_48_6_0355b3bf-1012-438f-ad94-38febe47e89c.mp4,fake,real,german,OpitcLEYak8,OpitcLEYak8_1080p_48_6_0355b3bf-1012-438f-ad94-38febe47e89c,True,True
H1ajK1qLRWc_1080p_53_1_bcb94566-1c37-4edb-ad61-c01dac172a76_label_fake.npz,german/knnvc/H1ajK1qLRWc_1080p_53_1_bcb94566-1c37-4edb-ad61-c01dac172a76.mp4,fake,real,german,H1ajK1qLRWc,H1ajK1qLRWc_1080p_53_1_bcb94566-1c37-4edb-ad61-c01dac172a76,True,True
cMueCZNhQW4_138_1_292977ba-de5b-48ca-91c6-cc93e179a4ba_label_fake.npz,german/knnvc/cMueCZNhQW4_138_1_292977ba-de5b-48ca-91c6-cc93e179a4ba.mp4,fake,real,german,cMueCZNhQW4,cMueCZNhQW4_138_1_292977ba-de5b-48ca-91c6-cc93e179a4ba,True,True
q__LT1Js9gE_1080p_93_8_4b5ae5b5-7420-44a2-8042-02f22e8d2b0a_label_fake.npz,german/knnvc/q__LT1Js9gE_1080p_93_8_4b5ae5b5-7420-44a2-8042-02f22e8d2b0a.mp4,fake,real,german,q,q__LT1Js9gE_1080p_93_8_4b5ae5b5-7420-44a2-8042-02f22e8d2b0a,True,True
WYP2eizW7gY_226_2_8cbc9f84-b2a0-4259-8d25-75bc3fe46032_label_fake.npz,german/knnvc/WYP2eizW7gY_226_2_8cbc9f84-b2a0-4259-8d25-75bc3fe46032.mp4,fake,real,german,WYP2eizW7gY,WYP2eizW7gY_226_2_8cbc9f84-b2a0-4259-8d25-75bc3fe46032,True,True
apnde-Dpq8E_1080p_114_1_ea88bd1e-ce84-4f21-a9d6-eb913cb10b5b_label_fake.npz,german/knnvc/apnde-Dpq8E_1080p_114_1_ea88bd1e-ce84-4f21-a9d6-eb913cb10b5b.mp4,fake,real,german,apnde-Dpq8E,apnde-Dpq8E_1080p_114_1_ea88bd1e-ce84-4f21-a9d6-eb913cb10b5b,True,True
i56Klb7z3Pw_731_1_2e362171-60dc-40f5-b348-8b5acb7d8a4b_label_fake.npz,german/knnvc/i56Klb7z3Pw_731_1_2e362171-60dc-40f5-b348-8b5acb7d8a4b.mp4,fake,real,german,i56Klb7z3Pw,i56Klb7z3Pw_731_1_2e362171-60dc-40f5-b348-8b5acb7d8a4b,True,True
hR6MLH3vp80_1080p_292_1_e6215410-78fa-416b-9dd0-491564554f80_label_fake.npz,german/knnvc/hR6MLH3vp80_1080p_292_1_e6215410-78fa-416b-9dd0-491564554f80.mp4,fake,real,german,hR6MLH3vp80,hR6MLH3vp80_1080p_292_1_e6215410-78fa-416b-9dd0-491564554f80,True,True
b91138b2-0fde-11f1-857c-ac1f6b8d2e48_label_fake.npz,hindi/sonic/b91138b2-0fde-11f1-857c-ac1f6b8d2e48.mp4,fake,sonic,hindi,b91138b2-0fde-11f1-857c-ac1f6b8d2e48.mp4,b91138b2-0fde-11f1-857c-ac1f6b8d2e48,True,True
ba7edd76-0fde-11f1-857c-ac1f6b8d2e48_label_fake.npz,spanish/roop/ba7edd76-0fde-11f1-857c-ac1f6b8d2e48.mp4,fake,roop,spanish,ba7edd76-0fde-11f1-857c-ac1f6b8d2e48.mp4,ba7edd76-0fde-11f1-857c-ac1f6b8d2e48,True,False
c8faf9ac-0fde-11f1-857c-ac1f6b8d2e48_label_fake.npz,romanian/roop/c8faf9ac-0fde-11f1-857c-ac1f6b8d2e48.mp4,fake,roop,romanian,c8faf9ac-0fde-11f1-857c-ac1f6b8d2e48.mp4,c8faf9ac-0fde-11f1-857c-ac1f6b8d2e48,True,False
16b2cd14-0fdf-11f1-857c-ac1f6b8d2e48_label_fake.npz,arabic/sonic/16b2cd14-0fdf-11f1-857c-ac1f6b8d2e48.mp4,fake,sonic,arabic,16b2cd14-0fdf-11f1-857c-ac1f6b8d2e48.mp4,16b2cd14-0fdf-11f1-857c-ac1f6b8d2e48,True,False
333aefb6-0fdf-11f1-857c-ac1f6b8d2e48_label_fake.npz,russian/hififace/333aefb6-0fdf-11f1-857c-ac1f6b8d2e48.mp4,fake,hififace,russian,333aefb6-0fdf-11f1-857c-ac1f6b8d2e48.mp4,333aefb6-0fdf-11f1-857c-ac1f6b8d2e48,True,False
344fb148-0fdf-11f1-857c-ac1f6b8d2e48_label_fake.npz,english/hififace/344fb148-0fdf-11f1-857c-ac1f6b8d2e48.mp4,fake,hififace,english,344fb148-0fdf-11f1-857c-ac1f6b8d2e48.mp4,344fb148-0fdf-11f1-857c-ac1f6b8d2e48,True,False
441bd084-0fdf-11f1-857c-ac1f6b8d2e48_label_fake.npz,hindi/hififace/441bd084-0fdf-11f1-857c-ac1f6b8d2e48.mp4,fake,hififace,hindi,441bd084-0fdf-11f1-857c-ac1f6b8d2e48.mp4,441bd084-0fdf-11f1-857c-ac1f6b8d2e48,True,True
499cb7e4-0fdf-11f1-857c-ac1f6b8d2e48_label_fake.npz,german/sonic/499cb7e4-0fdf-11f1-857c-ac1f6b8d2e48.mp4,fake,sonic,german,499cb7e4-0fdf-11f1-857c-ac1f6b8d2e48.mp4,499cb7e4-0fdf-11f1-857c-ac1f6b8d2e48,True,True
7b89f082-0fdf-11f1-857c-ac1f6b8d2e48_label_fake.npz,romanian/hififace/7b89f082-0fdf-11f1-857c-ac1f6b8d2e48.mp4,fake,hififace,romanian,7b89f082-0fdf-11f1-857c-ac1f6b8d2e48.mp4,7b89f082-0fdf-11f1-857c-ac1f6b8d2e48,True,False
97c7f58c-0fdf-11f1-857c-ac1f6b8d2e48_label_fake.npz,romanian/sonic/97c7f58c-0fdf-11f1-857c-ac1f6b8d2e48.mp4,fake,sonic,romanian,97c7f58c-0fdf-11f1-857c-ac1f6b8d2e48.mp4,97c7f58c-0fdf-11f1-857c-ac1f6b8d2e48,True,False
aa21f49e-0fdf-11f1-857c-ac1f6b8d2e48_label_fake.npz,romanian/hififace/aa21f49e-0fdf-11f1-857c-ac1f6b8d2e48.mp4,fake,hififace,romanian,aa21f49e-0fdf-11f1-857c-ac1f6b8d2e48.mp4,aa21f49e-0fdf-11f1-857c-ac1f6b8d2e48,True,False
e1ede09a-0fdf-11f1-857c-ac1f6b8d2e48_label_fake.npz,arabic/hififace/e1ede09a-0fdf-11f1-857c-ac1f6b8d2e48.mp4,fake,hififace,arabic,e1ede09a-0fdf-11f1-857c-ac1f6b8d2e48.mp4,e1ede09a-0fdf-11f1-857c-ac1f6b8d2e48,True,False
e332b688-0fdf-11f1-857c-ac1f6b8d2e48_label_fake.npz,russian/sonic/e332b688-0fdf-11f1-857c-ac1f6b8d2e48.mp4,fake,sonic,russian,e332b688-0fdf-11f1-857c-ac1f6b8d2e48.mp4,e332b688-0fdf-11f1-857c-ac1f6b8d2e48,True,False
f1e3cdac-0fdf-11f1-857c-ac1f6b8d2e48_label_fake.npz,russian/roop/f1e3cdac-0fdf-11f1-857c-ac1f6b8d2e48.mp4,fake,roop,russian,f1e3cdac-0fdf-11f1-857c-ac1f6b8d2e48.mp4,f1e3cdac-0fdf-11f1-857c-ac1f6b8d2e48,True,False
f6b61948-0fdf-11f1-857c-ac1f6b8d2e48_label_fake.npz,hindi/roop/f6b61948-0fdf-11f1-857c-ac1f6b8d2e48.mp4,fake,roop,hindi,f6b61948-0fdf-11f1-857c-ac1f6b8d2e48.mp4,f6b61948-0fdf-11f1-857c-ac1f6b8d2e48,True,True
0df43f4a-0fe0-11f1-857c-ac1f6b8d2e48_label_fake.npz,hindi/roop/0df43f4a-0fe0-11f1-857c-ac1f6b8d2e48.mp4,fake,roop,hindi,0df43f4a-0fe0-11f1-857c-ac1f6b8d2e48.mp4,0df43f4a-0fe0-11f1-857c-ac1f6b8d2e48,True,True
2e52d954-0fe0-11f1-857c-ac1f6b8d2e48_label_fake.npz,romanian/roop/2e52d954-0fe0-11f1-857c-ac1f6b8d2e48.mp4,fake,roop,romanian,2e52d954-0fe0-11f1-857c-ac1f6b8d2e48.mp4,2e52d954-0fe0-11f1-857c-ac1f6b8d2e48,True,False
2f554774-0fe0-11f1-857c-ac1f6b8d2e48_label_fake.npz,german/sonic/2f554774-0fe0-11f1-857c-ac1f6b8d2e48.mp4,fake,sonic,german,2f554774-0fe0-11f1-857c-ac1f6b8d2e48.mp4,2f554774-0fe0-11f1-857c-ac1f6b8d2e48,True,True
390fc5fa-0fe0-11f1-857c-ac1f6b8d2e48_label_fake.npz,hindi/roop/390fc5fa-0fe0-11f1-857c-ac1f6b8d2e48.mp4,fake,roop,hindi,390fc5fa-0fe0-11f1-857c-ac1f6b8d2e48.mp4,390fc5fa-0fe0-11f1-857c-ac1f6b8d2e48,True,True
3af3ba3e-0fe0-11f1-857c-ac1f6b8d2e48_label_fake.npz,german/roop/3af3ba3e-0fe0-11f1-857c-ac1f6b8d2e48.mp4,fake,roop,german,3af3ba3e-0fe0-11f1-857c-ac1f6b8d2e48.mp4,3af3ba3e-0fe0-11f1-857c-ac1f6b8d2e48,True,True
3c302f22-0fe0-11f1-857c-ac1f6b8d2e48_label_fake.npz,arabic/roop/3c302f22-0fe0-11f1-857c-ac1f6b8d2e48.mp4,fake,roop,arabic,3c302f22-0fe0-11f1-857c-ac1f6b8d2e48.mp4,3c302f22-0fe0-11f1-857c-ac1f6b8d2e48,True,False
62c711be-0fe0-11f1-857c-ac1f6b8d2e48_label_fake.npz,mandarin/sonic/62c711be-0fe0-11f1-857c-ac1f6b8d2e48.mp4,fake,sonic,mandarin,62c711be-0fe0-11f1-857c-ac1f6b8d2e48.mp4,62c711be-0fe0-11f1-857c-ac1f6b8d2e48,True,False
6adc37d0-0fe0-11f1-857c-ac1f6b8d2e48_label_fake.npz,german/roop/6adc37d0-0fe0-11f1-857c-ac1f6b8d2e48.mp4,fake,roop,german,6adc37d0-0fe0-11f1-857c-ac1f6b8d2e48.mp4,6adc37d0-0fe0-11f1-857c-ac1f6b8d2e48,True,True
6dcc0830-0fe0-11f1-857c-ac1f6b8d2e48_label_fake.npz,german/hififace/6dcc0830-0fe0-11f1-857c-ac1f6b8d2e48.mp4,fake,hififace,german,6dcc0830-0fe0-11f1-857c-ac1f6b8d2e48.mp4,6dcc0830-0fe0-11f1-857c-ac1f6b8d2e48,True,True
7950fe40-0fe0-11f1-857c-ac1f6b8d2e48_label_fake.npz,german/hififace/7950fe40-0fe0-11f1-857c-ac1f6b8d2e48.mp4,fake,hififace,german,7950fe40-0fe0-11f1-857c-ac1f6b8d2e48.mp4,7950fe40-0fe0-11f1-857c-ac1f6b8d2e48,True,True
7be0a610-0fe0-11f1-857c-ac1f6b8d2e48_label_fake.npz,hindi/hififace/7be0a610-0fe0-11f1-857c-ac1f6b8d2e48.mp4,fake,hififace,hindi,7be0a610-0fe0-11f1-857c-ac1f6b8d2e48.mp4,7be0a610-0fe0-11f1-857c-ac1f6b8d2e48,True,True
84a4879e-0fe0-11f1-857c-ac1f6b8d2e48_label_fake.npz,russian/roop/84a4879e-0fe0-11f1-857c-ac1f6b8d2e48.mp4,fake,roop,russian,84a4879e-0fe0-11f1-857c-ac1f6b8d2e48.mp4,84a4879e-0fe0-11f1-857c-ac1f6b8d2e48,True,False
85d52844-0fe0-11f1-857c-ac1f6b8d2e48_label_fake.npz,arabic/hififace/85d52844-0fe0-11f1-857c-ac1f6b8d2e48.mp4,fake,hififace,arabic,85d52844-0fe0-11f1-857c-ac1f6b8d2e48.mp4,85d52844-0fe0-11f1-857c-ac1f6b8d2e48,True,False
a1952c3c-0fe0-11f1-857c-ac1f6b8d2e48_label_fake.npz,russian/hififace/a1952c3c-0fe0-11f1-857c-ac1f6b8d2e48.mp4,fake,hififace,russian,a1952c3c-0fe0-11f1-857c-ac1f6b8d2e48.mp4,a1952c3c-0fe0-11f1-857c-ac1f6b8d2e48,True,False
b27d98d6-0fe0-11f1-857c-ac1f6b8d2e48_label_fake.npz,romanian/sonic/b27d98d6-0fe0-11f1-857c-ac1f6b8d2e48.mp4,fake,sonic,romanian,b27d98d6-0fe0-11f1-857c-ac1f6b8d2e48.mp4,b27d98d6-0fe0-11f1-857c-ac1f6b8d2e48,True,False
baf95c70-0fe0-11f1-857c-ac1f6b8d2e48_label_fake.npz,german/sonic/baf95c70-0fe0-11f1-857c-ac1f6b8d2e48.mp4,fake,sonic,german,baf95c70-0fe0-11f1-857c-ac1f6b8d2e48.mp4,baf95c70-0fe0-11f1-857c-ac1f6b8d2e48,True,True
cdad5376-0fe0-11f1-857c-ac1f6b8d2e48_label_fake.npz,arabic/sonic/cdad5376-0fe0-11f1-857c-ac1f6b8d2e48.mp4,fake,sonic,arabic,cdad5376-0fe0-11f1-857c-ac1f6b8d2e48.mp4,cdad5376-0fe0-11f1-857c-ac1f6b8d2e48,True,False
cec2f720-0fe0-11f1-857c-ac1f6b8d2e48_label_fake.npz,english/sonic/cec2f720-0fe0-11f1-857c-ac1f6b8d2e48.mp4,fake,sonic,english,cec2f720-0fe0-11f1-857c-ac1f6b8d2e48.mp4,cec2f720-0fe0-11f1-857c-ac1f6b8d2e48,True,False
d23a45fc-0fe0-11f1-857c-ac1f6b8d2e48_label_fake.npz,german/hififace/d23a45fc-0fe0-11f1-857c-ac1f6b8d2e48.mp4,fake,hififace,german,d23a45fc-0fe0-11f1-857c-ac1f6b8d2e48.mp4,d23a45fc-0fe0-11f1-857c-ac1f6b8d2e48,True,True
d9e81856-0fe0-11f1-857c-ac1f6b8d2e48_label_fake.npz,arabic/sonic/d9e81856-0fe0-11f1-857c-ac1f6b8d2e48.mp4,fake,sonic,arabic,d9e81856-0fe0-11f1-857c-ac1f6b8d2e48.mp4,d9e81856-0fe0-11f1-857c-ac1f6b8d2e48,True,False
dd6c5ab4-0fe0-11f1-857c-ac1f6b8d2e48_label_fake.npz,russian/sonic/dd6c5ab4-0fe0-11f1-857c-ac1f6b8d2e48.mp4,fake,sonic,russian,dd6c5ab4-0fe0-11f1-857c-ac1f6b8d2e48.mp4,dd6c5ab4-0fe0-11f1-857c-ac1f6b8d2e48,True,False
e293fe52-0fe0-11f1-857c-ac1f6b8d2e48_label_fake.npz,english/sonic/e293fe52-0fe0-11f1-857c-ac1f6b8d2e48.mp4,fake,sonic,english,e293fe52-0fe0-11f1-857c-ac1f6b8d2e48.mp4,e293fe52-0fe0-11f1-857c-ac1f6b8d2e48,True,False
faada542-0fe0-11f1-857c-ac1f6b8d2e48_label_fake.npz,english/roop/faada542-0fe0-11f1-857c-ac1f6b8d2e48.mp4,fake,roop,english,faada542-0fe0-11f1-857c-ac1f6b8d2e48.mp4,faada542-0fe0-11f1-857c-ac1f6b8d2e48,True,False
3b840b10-0fe1-11f1-857c-ac1f6b8d2e48_label_fake.npz,arabic/sonic/3b840b10-0fe1-11f1-857c-ac1f6b8d2e48.mp4,fake,sonic,arabic,3b840b10-0fe1-11f1-857c-ac1f6b8d2e48.mp4,3b840b10-0fe1-11f1-857c-ac1f6b8d2e48,True,False
68d3e446-0fe1-11f1-857c-ac1f6b8d2e48_label_fake.npz,hindi/roop/68d3e446-0fe1-11f1-857c-ac1f6b8d2e48.mp4,fake,roop,hindi,68d3e446-0fe1-11f1-857c-ac1f6b8d2e48.mp4,68d3e446-0fe1-11f1-857c-ac1f6b8d2e48,True,True
836d6b88-0fe1-11f1-857c-ac1f6b8d2e48_label_fake.npz,hindi/hififace/836d6b88-0fe1-11f1-857c-ac1f6b8d2e48.mp4,fake,hififace,hindi,836d6b88-0fe1-11f1-857c-ac1f6b8d2e48.mp4,836d6b88-0fe1-11f1-857c-ac1f6b8d2e48,True,True
a91640ee-0fe1-11f1-857c-ac1f6b8d2e48_label_fake.npz,mandarin/roop/a91640ee-0fe1-11f1-857c-ac1f6b8d2e48.mp4,fake,roop,mandarin,a91640ee-0fe1-11f1-857c-ac1f6b8d2e48.mp4,a91640ee-0fe1-11f1-857c-ac1f6b8d2e48,True,False
abcf18d8-0fe1-11f1-857c-ac1f6b8d2e48_label_fake.npz,arabic/sonic/abcf18d8-0fe1-11f1-857c-ac1f6b8d2e48.mp4,fake,sonic,arabic,abcf18d8-0fe1-11f1-857c-ac1f6b8d2e48.mp4,abcf18d8-0fe1-11f1-857c-ac1f6b8d2e48,True,False
c38764bc-0fe1-11f1-857c-ac1f6b8d2e48_label_fake.npz,hindi/hififace/c38764bc-0fe1-11f1-857c-ac1f6b8d2e48.mp4,fake,hififace,hindi,c38764bc-0fe1-11f1-857c-ac1f6b8d2e48.mp4,c38764bc-0fe1-11f1-857c-ac1f6b8d2e48,True,True
cfabdfb6-0fe1-11f1-857c-ac1f6b8d2e48_label_fake.npz,romanian/roop/cfabdfb6-0fe1-11f1-857c-ac1f6b8d2e48.mp4,fake,roop,romanian,cfabdfb6-0fe1-11f1-857c-ac1f6b8d2e48.mp4,cfabdfb6-0fe1-11f1-857c-ac1f6b8d2e48,True,False
dba8a25e-0fe1-11f1-857c-ac1f6b8d2e48_label_fake.npz,mandarin/hififace/dba8a25e-0fe1-11f1-857c-ac1f6b8d2e48.mp4,fake,hififace,mandarin,dba8a25e-0fe1-11f1-857c-ac1f6b8d2e48.mp4,dba8a25e-0fe1-11f1-857c-ac1f6b8d2e48,True,False
e5bf5184-0fe1-11f1-857c-ac1f6b8d2e48_label_fake.npz,romanian/hififace/e5bf5184-0fe1-11f1-857c-ac1f6b8d2e48.mp4,fake,hififace,romanian,e5bf5184-0fe1-11f1-857c-ac1f6b8d2e48.mp4,e5bf5184-0fe1-11f1-857c-ac1f6b8d2e48,True,False
ede18314-0fe1-11f1-857c-ac1f6b8d2e48_label_fake.npz,romanian/sonic/ede18314-0fe1-11f1-857c-ac1f6b8d2e48.mp4,fake,sonic,romanian,ede18314-0fe1-11f1-857c-ac1f6b8d2e48.mp4,ede18314-0fe1-11f1-857c-ac1f6b8d2e48,True,False
1b3e92fc-0fe2-11f1-857c-ac1f6b8d2e48_label_fake.npz,arabic/sonic/1b3e92fc-0fe2-11f1-857c-ac1f6b8d2e48.mp4,fake,sonic,arabic,1b3e92fc-0fe2-11f1-857c-ac1f6b8d2e48.mp4,1b3e92fc-0fe2-11f1-857c-ac1f6b8d2e48,True,False
1ce81524-0fe2-11f1-857c-ac1f6b8d2e48_label_fake.npz,mandarin/hififace/1ce81524-0fe2-11f1-857c-ac1f6b8d2e48.mp4,fake,hififace,mandarin,1ce81524-0fe2-11f1-857c-ac1f6b8d2e48.mp4,1ce81524-0fe2-11f1-857c-ac1f6b8d2e48,True,False
2ad9bf20-0fe2-11f1-857c-ac1f6b8d2e48_label_fake.npz,mandarin/hififace/2ad9bf20-0fe2-11f1-857c-ac1f6b8d2e48.mp4,fake,hififace,mandarin,2ad9bf20-0fe2-11f1-857c-ac1f6b8d2e48.mp4,2ad9bf20-0fe2-11f1-857c-ac1f6b8d2e48,True,False
4515ecd8-0fe2-11f1-857c-ac1f6b8d2e48_label_fake.npz,hindi/roop/4515ecd8-0fe2-11f1-857c-ac1f6b8d2e48.mp4,fake,roop,hindi,4515ecd8-0fe2-11f1-857c-ac1f6b8d2e48.mp4,4515ecd8-0fe2-11f1-857c-ac1f6b8d2e48,True,True
6e3718f8-0fe2-11f1-857c-ac1f6b8d2e48_label_fake.npz,hindi/roop/6e3718f8-0fe2-11f1-857c-ac1f6b8d2e48.mp4,fake,roop,hindi,6e3718f8-0fe2-11f1-857c-ac1f6b8d2e48.mp4,6e3718f8-0fe2-11f1-857c-ac1f6b8d2e48,True,True
86346d70-0fe2-11f1-857c-ac1f6b8d2e48_label_fake.npz,spanish/sonic/86346d70-0fe2-11f1-857c-ac1f6b8d2e48.mp4,fake,sonic,spanish,86346d70-0fe2-11f1-857c-ac1f6b8d2e48.mp4,86346d70-0fe2-11f1-857c-ac1f6b8d2e48,True,False
9c883534-0fe2-11f1-857c-ac1f6b8d2e48_label_fake.npz,russian/sonic/9c883534-0fe2-11f1-857c-ac1f6b8d2e48.mp4,fake,sonic,russian,9c883534-0fe2-11f1-857c-ac1f6b8d2e48.mp4,9c883534-0fe2-11f1-857c-ac1f6b8d2e48,True,False
aa42b172-0fe2-11f1-857c-ac1f6b8d2e48_label_fake.npz,english/sonic/aa42b172-0fe2-11f1-857c-ac1f6b8d2e48.mp4,fake,sonic,english,aa42b172-0fe2-11f1-857c-ac1f6b8d2e48.mp4,aa42b172-0fe2-11f1-857c-ac1f6b8d2e48,True,False
b65a909c-0fe2-11f1-857c-ac1f6b8d2e48_label_fake.npz,hindi/hififace/b65a909c-0fe2-11f1-857c-ac1f6b8d2e48.mp4,fake,hififace,hindi,b65a909c-0fe2-11f1-857c-ac1f6b8d2e48.mp4,b65a909c-0fe2-11f1-857c-ac1f6b8d2e48,True,True
c90bf226-0fe2-11f1-857c-ac1f6b8d2e48_label_fake.npz,arabic/roop/c90bf226-0fe2-11f1-857c-ac1f6b8d2e48.mp4,fake,roop,arabic,c90bf226-0fe2-11f1-857c-ac1f6b8d2e48.mp4,c90bf226-0fe2-11f1-857c-ac1f6b8d2e48,True,False
ce56f898-0fe2-11f1-857c-ac1f6b8d2e48_label_fake.npz,german/sonic/ce56f898-0fe2-11f1-857c-ac1f6b8d2e48.mp4,fake,sonic,german,ce56f898-0fe2-11f1-857c-ac1f6b8d2e48.mp4,ce56f898-0fe2-11f1-857c-ac1f6b8d2e48,True,True
e045fcc0-0fe2-11f1-857c-ac1f6b8d2e48_label_fake.npz,arabic/roop/e045fcc0-0fe2-11f1-857c-ac1f6b8d2e48.mp4,fake,roop,arabic,e045fcc0-0fe2-11f1-857c-ac1f6b8d2e48.mp4,e045fcc0-0fe2-11f1-857c-ac1f6b8d2e48,True,False
f8607ab0-0fe2-11f1-857c-ac1f6b8d2e48_label_fake.npz,romanian/roop/f8607ab0-0fe2-11f1-857c-ac1f6b8d2e48.mp4,fake,roop,romanian,f8607ab0-0fe2-11f1-857c-ac1f6b8d2e48.mp4,f8607ab0-0fe2-11f1-857c-ac1f6b8d2e48,True,False
fc02da50-0fe2-11f1-857c-ac1f6b8d2e48_label_fake.npz,arabic/sonic/fc02da50-0fe2-11f1-857c-ac1f6b8d2e48.mp4,fake,sonic,arabic,fc02da50-0fe2-11f1-857c-ac1f6b8d2e48.mp4,fc02da50-0fe2-11f1-857c-ac1f6b8d2e48,True,False
0643d208-0fe3-11f1-857c-ac1f6b8d2e48_label_fake.npz,arabic/roop/0643d208-0fe3-11f1-857c-ac1f6b8d2e48.mp4,fake,roop,arabic,0643d208-0fe3-11f1-857c-ac1f6b8d2e48.mp4,0643d208-0fe3-11f1-857c-ac1f6b8d2e48,True,False
1c8bc7d2-0fe3-11f1-857c-ac1f6b8d2e48_label_fake.npz,hindi/sonic/1c8bc7d2-0fe3-11f1-857c-ac1f6b8d2e48.mp4,fake,sonic,hindi,1c8bc7d2-0fe3-11f1-857c-ac1f6b8d2e48.mp4,1c8bc7d2-0fe3-11f1-857c-ac1f6b8d2e48,True,True
6302bd1a-0fe3-11f1-857c-ac1f6b8d2e48_label_fake.npz,hindi/hififace/6302bd1a-0fe3-11f1-857c-ac1f6b8d2e48.mp4,fake,hififace,hindi,6302bd1a-0fe3-11f1-857c-ac1f6b8d2e48.mp4,6302bd1a-0fe3-11f1-857c-ac1f6b8d2e48,True,True
6b1f1854-0fe3-11f1-857c-ac1f6b8d2e48_label_fake.npz,arabic/roop/6b1f1854-0fe3-11f1-857c-ac1f6b8d2e48.mp4,fake,roop,arabic,6b1f1854-0fe3-11f1-857c-ac1f6b8d2e48.mp4,6b1f1854-0fe3-11f1-857c-ac1f6b8d2e48,True,False
72e02fd8-0fe3-11f1-857c-ac1f6b8d2e48_label_fake.npz,hindi/roop/72e02fd8-0fe3-11f1-857c-ac1f6b8d2e48.mp4,fake,roop,hindi,72e02fd8-0fe3-11f1-857c-ac1f6b8d2e48.mp4,72e02fd8-0fe3-11f1-857c-ac1f6b8d2e48,True,True
820c65a8-0fe3-11f1-857c-ac1f6b8d2e48_label_fake.npz,hindi/sonic/820c65a8-0fe3-11f1-857c-ac1f6b8d2e48.mp4,fake,sonic,hindi,820c65a8-0fe3-11f1-857c-ac1f6b8d2e48.mp4,820c65a8-0fe3-11f1-857c-ac1f6b8d2e48,True,True
84afef78-0fe3-11f1-857c-ac1f6b8d2e48_label_fake.npz,spanish/hififace/84afef78-0fe3-11f1-857c-ac1f6b8d2e48.mp4,fake,hififace,spanish,84afef78-0fe3-11f1-857c-ac1f6b8d2e48.mp4,84afef78-0fe3-11f1-857c-ac1f6b8d2e48,True,False
8f29624a-0fe3-11f1-857c-ac1f6b8d2e48_label_fake.npz,arabic/sonic/8f29624a-0fe3-11f1-857c-ac1f6b8d2e48.mp4,fake,sonic,arabic,8f29624a-0fe3-11f1-857c-ac1f6b8d2e48.mp4,8f29624a-0fe3-11f1-857c-ac1f6b8d2e48,True,False
9ee0b170-0fe3-11f1-857c-ac1f6b8d2e48_label_fake.npz,romanian/roop/9ee0b170-0fe3-11f1-857c-ac1f6b8d2e48.mp4,fake,roop,romanian,9ee0b170-0fe3-11f1-857c-ac1f6b8d2e48.mp4,9ee0b170-0fe3-11f1-857c-ac1f6b8d2e48,True,False
a11c6042-0fe3-11f1-857c-ac1f6b8d2e48_label_fake.npz,russian/hififace/a11c6042-0fe3-11f1-857c-ac1f6b8d2e48.mp4,fake,hififace,russian,a11c6042-0fe3-11f1-857c-ac1f6b8d2e48.mp4,a11c6042-0fe3-11f1-857c-ac1f6b8d2e48,True,False
b94910fc-0fe3-11f1-857c-ac1f6b8d2e48_label_fake.npz,mandarin/hififace/b94910fc-0fe3-11f1-857c-ac1f6b8d2e48.mp4,fake,hififace,mandarin,b94910fc-0fe3-11f1-857c-ac1f6b8d2e48.mp4,b94910fc-0fe3-11f1-857c-ac1f6b8d2e48,True,False
d3625f52-0fe3-11f1-857c-ac1f6b8d2e48_label_fake.npz,spanish/sonic/d3625f52-0fe3-11f1-857c-ac1f6b8d2e48.mp4,fake,sonic,spanish,d3625f52-0fe3-11f1-857c-ac1f6b8d2e48.mp4,d3625f52-0fe3-11f1-857c-ac1f6b8d2e48,True,False
d48a4746-0fe3-11f1-857c-ac1f6b8d2e48_label_fake.npz,russian/roop/d48a4746-0fe3-11f1-857c-ac1f6b8d2e48.mp4,fake,roop,russian,d48a4746-0fe3-11f1-857c-ac1f6b8d2e48.mp4,d48a4746-0fe3-11f1-857c-ac1f6b8d2e48,True,False
0e0805b2-0fe4-11f1-857c-ac1f6b8d2e48_label_fake.npz,mandarin/hififace/0e0805b2-0fe4-11f1-857c-ac1f6b8d2e48.mp4,fake,hififace,mandarin,0e0805b2-0fe4-11f1-857c-ac1f6b8d2e48.mp4,0e0805b2-0fe4-11f1-857c-ac1f6b8d2e48,True,False
0f33d952-0fe4-11f1-857c-ac1f6b8d2e48_label_fake.npz,russian/sonic/0f33d952-0fe4-11f1-857c-ac1f6b8d2e48.mp4,fake,sonic,russian,0f33d952-0fe4-11f1-857c-ac1f6b8d2e48.mp4,0f33d952-0fe4-11f1-857c-ac1f6b8d2e48,True,False
1610cc3a-0fe4-11f1-857c-ac1f6b8d2e48_label_fake.npz,german/hififace/1610cc3a-0fe4-11f1-857c-ac1f6b8d2e48.mp4,fake,hififace,german,1610cc3a-0fe4-11f1-857c-ac1f6b8d2e48.mp4,1610cc3a-0fe4-11f1-857c-ac1f6b8d2e48,True,True
248aa7d6-0fe4-11f1-857c-ac1f6b8d2e48_label_fake.npz,russian/hififace/248aa7d6-0fe4-11f1-857c-ac1f6b8d2e48.mp4,fake,hififace,russian,248aa7d6-0fe4-11f1-857c-ac1f6b8d2e48.mp4,248aa7d6-0fe4-11f1-857c-ac1f6b8d2e48,True,False
3f1f16fe-0fe4-11f1-857c-ac1f6b8d2e48_label_fake.npz,hindi/roop/3f1f16fe-0fe4-11f1-857c-ac1f6b8d2e48.mp4,fake,roop,hindi,3f1f16fe-0fe4-11f1-857c-ac1f6b8d2e48.mp4,3f1f16fe-0fe4-11f1-857c-ac1f6b8d2e48,True,True
4ef6ac9a-0fe4-11f1-857c-ac1f6b8d2e48_label_fake.npz,russian/roop/4ef6ac9a-0fe4-11f1-857c-ac1f6b8d2e48.mp4,fake,roop,russian,4ef6ac9a-0fe4-11f1-857c-ac1f6b8d2e48.mp4,4ef6ac9a-0fe4-11f1-857c-ac1f6b8d2e48,True,False
5b0ea136-0fe4-11f1-857c-ac1f6b8d2e48_label_fake.npz,russian/sonic/5b0ea136-0fe4-11f1-857c-ac1f6b8d2e48.mp4,fake,sonic,russian,5b0ea136-0fe4-11f1-857c-ac1f6b8d2e48.mp4,5b0ea136-0fe4-11f1-857c-ac1f6b8d2e48,True,False
647fb4e4-0fe4-11f1-857c-ac1f6b8d2e48_label_fake.npz,hindi/hififace/647fb4e4-0fe4-11f1-857c-ac1f6b8d2e48.mp4,fake,hififace,hindi,647fb4e4-0fe4-11f1-857c-ac1f6b8d2e48.mp4,647fb4e4-0fe4-11f1-857c-ac1f6b8d2e48,True,True
73ff4baa-0fe4-11f1-857c-ac1f6b8d2e48_label_fake.npz,arabic/roop/73ff4baa-0fe4-11f1-857c-ac1f6b8d2e48.mp4,fake,roop,arabic,73ff4baa-0fe4-11f1-857c-ac1f6b8d2e48.mp4,73ff4baa-0fe4-11f1-857c-ac1f6b8d2e48,True,False
888e9a26-0fe4-11f1-857c-ac1f6b8d2e48_label_fake.npz,russian/hififace/888e9a26-0fe4-11f1-857c-ac1f6b8d2e48.mp4,fake,hififace,russian,888e9a26-0fe4-11f1-857c-ac1f6b8d2e48.mp4,888e9a26-0fe4-11f1-857c-ac1f6b8d2e48,True,False
9deba01c-0fe4-11f1-857c-ac1f6b8d2e48_label_fake.npz,arabic/sonic/9deba01c-0fe4-11f1-857c-ac1f6b8d2e48.mp4,fake,sonic,arabic,9deba01c-0fe4-11f1-857c-ac1f6b8d2e48.mp4,9deba01c-0fe4-11f1-857c-ac1f6b8d2e48,True,False
a07c1050-0fe4-11f1-857c-ac1f6b8d2e48_label_fake.npz,russian/hififace/a07c1050-0fe4-11f1-857c-ac1f6b8d2e48.mp4,fake,hififace,russian,a07c1050-0fe4-11f1-857c-ac1f6b8d2e48.mp4,a07c1050-0fe4-11f1-857c-ac1f6b8d2e48,True,False
bee9ee72-0fe4-11f1-857c-ac1f6b8d2e48_label_fake.npz,romanian/hififace/bee9ee72-0fe4-11f1-857c-ac1f6b8d2e48.mp4,fake,hififace,romanian,bee9ee72-0fe4-11f1-857c-ac1f6b8d2e48.mp4,bee9ee72-0fe4-11f1-857c-ac1f6b8d2e48,True,False
c172c1a0-0fe4-11f1-857c-ac1f6b8d2e48_label_fake.npz,spanish/roop/c172c1a0-0fe4-11f1-857c-ac1f6b8d2e48.mp4,fake,roop,spanish,c172c1a0-0fe4-11f1-857c-ac1f6b8d2e48.mp4,c172c1a0-0fe4-11f1-857c-ac1f6b8d2e48,True,False
cecc62ac-0fe4-11f1-857c-ac1f6b8d2e48_label_fake.npz,hindi/hififace/cecc62ac-0fe4-11f1-857c-ac1f6b8d2e48.mp4,fake,hififace,hindi,cecc62ac-0fe4-11f1-857c-ac1f6b8d2e48.mp4,cecc62ac-0fe4-11f1-857c-ac1f6b8d2e48,True,True
d377dc1e-0fe4-11f1-857c-ac1f6b8d2e48_label_fake.npz,hindi/sonic/d377dc1e-0fe4-11f1-857c-ac1f6b8d2e48.mp4,fake,sonic,hindi,d377dc1e-0fe4-11f1-857c-ac1f6b8d2e48.mp4,d377dc1e-0fe4-11f1-857c-ac1f6b8d2e48,True,True
de88c7a8-0fe4-11f1-857c-ac1f6b8d2e48_label_fake.npz,hindi/roop/de88c7a8-0fe4-11f1-857c-ac1f6b8d2e48.mp4,fake,roop,hindi,de88c7a8-0fe4-11f1-857c-ac1f6b8d2e48.mp4,de88c7a8-0fe4-11f1-857c-ac1f6b8d2e48,True,True
e091b550-0fe4-11f1-857c-ac1f6b8d2e48_label_fake.npz,english/hififace/e091b550-0fe4-11f1-857c-ac1f6b8d2e48.mp4,fake,hififace,english,e091b550-0fe4-11f1-857c-ac1f6b8d2e48.mp4,e091b550-0fe4-11f1-857c-ac1f6b8d2e48,True,False
fb2e5544-0fe4-11f1-857c-ac1f6b8d2e48_label_fake.npz,spanish/roop/fb2e5544-0fe4-11f1-857c-ac1f6b8d2e48.mp4,fake,roop,spanish,fb2e5544-0fe4-11f1-857c-ac1f6b8d2e48.mp4,fb2e5544-0fe4-11f1-857c-ac1f6b8d2e48,True,False
08b96c8a-0fe5-11f1-857c-ac1f6b8d2e48_label_fake.npz,romanian/sonic/08b96c8a-0fe5-11f1-857c-ac1f6b8d2e48.mp4,fake,sonic,romanian,08b96c8a-0fe5-11f1-857c-ac1f6b8d2e48.mp4,08b96c8a-0fe5-11f1-857c-ac1f6b8d2e48,True,False
2ccc7c2a-0fe5-11f1-857c-ac1f6b8d2e48_label_fake.npz,arabic/sonic/2ccc7c2a-0fe5-11f1-857c-ac1f6b8d2e48.mp4,fake,sonic,arabic,2ccc7c2a-0fe5-11f1-857c-ac1f6b8d2e48.mp4,2ccc7c2a-0fe5-11f1-857c-ac1f6b8d2e48,True,False
347e53c6-0fe5-11f1-857c-ac1f6b8d2e48_label_fake.npz,mandarin/sonic/347e53c6-0fe5-11f1-857c-ac1f6b8d2e48.mp4,fake,sonic,mandarin,347e53c6-0fe5-11f1-857c-ac1f6b8d2e48.mp4,347e53c6-0fe5-11f1-857c-ac1f6b8d2e48,True,False
4511e964-0fe5-11f1-857c-ac1f6b8d2e48_label_fake.npz,hindi/hififace/4511e964-0fe5-11f1-857c-ac1f6b8d2e48.mp4,fake,hififace,hindi,4511e964-0fe5-11f1-857c-ac1f6b8d2e48.mp4,4511e964-0fe5-11f1-857c-ac1f6b8d2e48,True,True
62619564-0fe5-11f1-857c-ac1f6b8d2e48_label_fake.npz,hindi/roop/62619564-0fe5-11f1-857c-ac1f6b8d2e48.mp4,fake,roop,hindi,62619564-0fe5-11f1-857c-ac1f6b8d2e48.mp4,62619564-0fe5-11f1-857c-ac1f6b8d2e48,True,True
77094fb6-0fe5-11f1-857c-ac1f6b8d2e48_label_fake.npz,arabic/hififace/77094fb6-0fe5-11f1-857c-ac1f6b8d2e48.mp4,fake,hififace,arabic,77094fb6-0fe5-11f1-857c-ac1f6b8d2e48.mp4,77094fb6-0fe5-11f1-857c-ac1f6b8d2e48,True,False
8ae2e92a-0fe5-11f1-857c-ac1f6b8d2e48_label_fake.npz,hindi/roop/8ae2e92a-0fe5-11f1-857c-ac1f6b8d2e48.mp4,fake,roop,hindi,8ae2e92a-0fe5-11f1-857c-ac1f6b8d2e48.mp4,8ae2e92a-0fe5-11f1-857c-ac1f6b8d2e48,True,True
aa4e200e-0fe5-11f1-857c-ac1f6b8d2e48_label_fake.npz,arabic/sonic/aa4e200e-0fe5-11f1-857c-ac1f6b8d2e48.mp4,fake,sonic,arabic,aa4e200e-0fe5-11f1-857c-ac1f6b8d2e48.mp4,aa4e200e-0fe5-11f1-857c-ac1f6b8d2e48,True,False
b57f6bcc-0fe5-11f1-857c-ac1f6b8d2e48_label_fake.npz,german/hififace/b57f6bcc-0fe5-11f1-857c-ac1f6b8d2e48.mp4,fake,hififace,german,b57f6bcc-0fe5-11f1-857c-ac1f6b8d2e48.mp4,b57f6bcc-0fe5-11f1-857c-ac1f6b8d2e48,True,True
c2a72312-0fe5-11f1-857c-ac1f6b8d2e48_label_fake.npz,romanian/sonic/c2a72312-0fe5-11f1-857c-ac1f6b8d2e48.mp4,fake,sonic,romanian,c2a72312-0fe5-11f1-857c-ac1f6b8d2e48.mp4,c2a72312-0fe5-11f1-857c-ac1f6b8d2e48,True,False
d2d1150e-0fe5-11f1-857c-ac1f6b8d2e48_label_fake.npz,romanian/sonic/d2d1150e-0fe5-11f1-857c-ac1f6b8d2e48.mp4,fake,sonic,romanian,d2d1150e-0fe5-11f1-857c-ac1f6b8d2e48.mp4,d2d1150e-0fe5-11f1-857c-ac1f6b8d2e48,True,False
de0ac050-0fe5-11f1-857c-ac1f6b8d2e48_label_fake.npz,german/sonic/de0ac050-0fe5-11f1-857c-ac1f6b8d2e48.mp4,fake,sonic,german,de0ac050-0fe5-11f1-857c-ac1f6b8d2e48.mp4,de0ac050-0fe5-11f1-857c-ac1f6b8d2e48,True,True
e2232876-0fe5-11f1-857c-ac1f6b8d2e48_label_fake.npz,hindi/sonic/e2232876-0fe5-11f1-857c-ac1f6b8d2e48.mp4,fake,sonic,hindi,e2232876-0fe5-11f1-857c-ac1f6b8d2e48.mp4,e2232876-0fe5-11f1-857c-ac1f6b8d2e48,True,True
fb5e13e6-0fe5-11f1-857c-ac1f6b8d2e48_label_fake.npz,german/roop/fb5e13e6-0fe5-11f1-857c-ac1f6b8d2e48.mp4,fake,roop,german,fb5e13e6-0fe5-11f1-857c-ac1f6b8d2e48.mp4,fb5e13e6-0fe5-11f1-857c-ac1f6b8d2e48,True,True
0cbef4f2-0fe6-11f1-857c-ac1f6b8d2e48_label_fake.npz,hindi/sonic/0cbef4f2-0fe6-11f1-857c-ac1f6b8d2e48.mp4,fake,sonic,hindi,0cbef4f2-0fe6-11f1-857c-ac1f6b8d2e48.mp4,0cbef4f2-0fe6-11f1-857c-ac1f6b8d2e48,True,True
2e0a449a-0fe6-11f1-857c-ac1f6b8d2e48_label_fake.npz,arabic/sonic/2e0a449a-0fe6-11f1-857c-ac1f6b8d2e48.mp4,fake,sonic,arabic,2e0a449a-0fe6-11f1-857c-ac1f6b8d2e48.mp4,2e0a449a-0fe6-11f1-857c-ac1f6b8d2e48,True,False
43351714-0fe6-11f1-857c-ac1f6b8d2e48_label_fake.npz,russian/roop/43351714-0fe6-11f1-857c-ac1f6b8d2e48.mp4,fake,roop,russian,43351714-0fe6-11f1-857c-ac1f6b8d2e48.mp4,43351714-0fe6-11f1-857c-ac1f6b8d2e48,True,False
4d651f04-0fe6-11f1-857c-ac1f6b8d2e48_label_fake.npz,romanian/hififace/4d651f04-0fe6-11f1-857c-ac1f6b8d2e48.mp4,fake,hififace,romanian,4d651f04-0fe6-11f1-857c-ac1f6b8d2e48.mp4,4d651f04-0fe6-11f1-857c-ac1f6b8d2e48,True,False
4f11dafe-0fe6-11f1-857c-ac1f6b8d2e48_label_fake.npz,hindi/sonic/4f11dafe-0fe6-11f1-857c-ac1f6b8d2e48.mp4,fake,sonic,hindi,4f11dafe-0fe6-11f1-857c-ac1f6b8d2e48.mp4,4f11dafe-0fe6-11f1-857c-ac1f6b8d2e48,True,True
54ce579c-0fe6-11f1-857c-ac1f6b8d2e48_label_fake.npz,mandarin/hififace/54ce579c-0fe6-11f1-857c-ac1f6b8d2e48.mp4,fake,hififace,mandarin,54ce579c-0fe6-11f1-857c-ac1f6b8d2e48.mp4,54ce579c-0fe6-11f1-857c-ac1f6b8d2e48,True,False
5cf48dc4-0fe6-11f1-857c-ac1f6b8d2e48_label_fake.npz,german/hififace/5cf48dc4-0fe6-11f1-857c-ac1f6b8d2e48.mp4,fake,hififace,german,5cf48dc4-0fe6-11f1-857c-ac1f6b8d2e48.mp4,5cf48dc4-0fe6-11f1-857c-ac1f6b8d2e48,True,True
5f68392a-0fe6-11f1-857c-ac1f6b8d2e48_label_fake.npz,german/sonic/5f68392a-0fe6-11f1-857c-ac1f6b8d2e48.mp4,fake,sonic,german,5f68392a-0fe6-11f1-857c-ac1f6b8d2e48.mp4,5f68392a-0fe6-11f1-857c-ac1f6b8d2e48,True,True
8d357fa2-0fe6-11f1-857c-ac1f6b8d2e48_label_fake.npz,hindi/roop/8d357fa2-0fe6-11f1-857c-ac1f6b8d2e48.mp4,fake,roop,hindi,8d357fa2-0fe6-11f1-857c-ac1f6b8d2e48.mp4,8d357fa2-0fe6-11f1-857c-ac1f6b8d2e48,True,True
94adc0aa-0fe6-11f1-857c-ac1f6b8d2e48_label_fake.npz,russian/hififace/94adc0aa-0fe6-11f1-857c-ac1f6b8d2e48.mp4,fake,hififace,russian,94adc0aa-0fe6-11f1-857c-ac1f6b8d2e48.mp4,94adc0aa-0fe6-11f1-857c-ac1f6b8d2e48,True,False
a5b33a60-0fe6-11f1-857c-ac1f6b8d2e48_label_fake.npz,arabic/roop/a5b33a60-0fe6-11f1-857c-ac1f6b8d2e48.mp4,fake,roop,arabic,a5b33a60-0fe6-11f1-857c-ac1f6b8d2e48.mp4,a5b33a60-0fe6-11f1-857c-ac1f6b8d2e48,True,False
be0b0a7a-0fe6-11f1-857c-ac1f6b8d2e48_label_fake.npz,romanian/roop/be0b0a7a-0fe6-11f1-857c-ac1f6b8d2e48.mp4,fake,roop,romanian,be0b0a7a-0fe6-11f1-857c-ac1f6b8d2e48.mp4,be0b0a7a-0fe6-11f1-857c-ac1f6b8d2e48,True,False
c2ba2e70-0fe6-11f1-857c-ac1f6b8d2e48_label_fake.npz,romanian/sonic/c2ba2e70-0fe6-11f1-857c-ac1f6b8d2e48.mp4,fake,sonic,romanian,c2ba2e70-0fe6-11f1-857c-ac1f6b8d2e48.mp4,c2ba2e70-0fe6-11f1-857c-ac1f6b8d2e48,True,False
d488832c-0fe6-11f1-857c-ac1f6b8d2e48_label_fake.npz,english/roop/d488832c-0fe6-11f1-857c-ac1f6b8d2e48.mp4,fake,roop,english,d488832c-0fe6-11f1-857c-ac1f6b8d2e48.mp4,d488832c-0fe6-11f1-857c-ac1f6b8d2e48,True,False
da4db340-0fe6-11f1-857c-ac1f6b8d2e48_label_fake.npz,german/hififace/da4db340-0fe6-11f1-857c-ac1f6b8d2e48.mp4,fake,hififace,german,da4db340-0fe6-11f1-857c-ac1f6b8d2e48.mp4,da4db340-0fe6-11f1-857c-ac1f6b8d2e48,True,True
47eaf46c-0fe7-11f1-857c-ac1f6b8d2e48_label_fake.npz,mandarin/roop/47eaf46c-0fe7-11f1-857c-ac1f6b8d2e48.mp4,fake,roop,mandarin,47eaf46c-0fe7-11f1-857c-ac1f6b8d2e48.mp4,47eaf46c-0fe7-11f1-857c-ac1f6b8d2e48,True,False
48f085c0-0fe7-11f1-857c-ac1f6b8d2e48_label_fake.npz,romanian/roop/48f085c0-0fe7-11f1-857c-ac1f6b8d2e48.mp4,fake,roop,romanian,48f085c0-0fe7-11f1-857c-ac1f6b8d2e48.mp4,48f085c0-0fe7-11f1-857c-ac1f6b8d2e48,True,False
5243dec4-0fe7-11f1-857c-ac1f6b8d2e48_label_fake.npz,romanian/hififace/5243dec4-0fe7-11f1-857c-ac1f6b8d2e48.mp4,fake,hififace,romanian,5243dec4-0fe7-11f1-857c-ac1f6b8d2e48.mp4,5243dec4-0fe7-11f1-857c-ac1f6b8d2e48,True,False
5845a230-0fe7-11f1-857c-ac1f6b8d2e48_label_fake.npz,arabic/hififace/5845a230-0fe7-11f1-857c-ac1f6b8d2e48.mp4,fake,hififace,arabic,5845a230-0fe7-11f1-857c-ac1f6b8d2e48.mp4,5845a230-0fe7-11f1-857c-ac1f6b8d2e48,True,False
6596295a-0fe7-11f1-857c-ac1f6b8d2e48_label_fake.npz,arabic/roop/6596295a-0fe7-11f1-857c-ac1f6b8d2e48.mp4,fake,roop,arabic,6596295a-0fe7-11f1-857c-ac1f6b8d2e48.mp4,6596295a-0fe7-11f1-857c-ac1f6b8d2e48,True,False
72f800aa-0fe7-11f1-857c-ac1f6b8d2e48_label_fake.npz,arabic/hififace/72f800aa-0fe7-11f1-857c-ac1f6b8d2e48.mp4,fake,hififace,arabic,72f800aa-0fe7-11f1-857c-ac1f6b8d2e48.mp4,72f800aa-0fe7-11f1-857c-ac1f6b8d2e48,True,False
774e7184-0fe7-11f1-857c-ac1f6b8d2e48_label_fake.npz,arabic/roop/774e7184-0fe7-11f1-857c-ac1f6b8d2e48.mp4,fake,roop,arabic,774e7184-0fe7-11f1-857c-ac1f6b8d2e48.mp4,774e7184-0fe7-11f1-857c-ac1f6b8d2e48,True,False
7b82fc3e-0fe7-11f1-857c-ac1f6b8d2e48_label_fake.npz,arabic/sonic/7b82fc3e-0fe7-11f1-857c-ac1f6b8d2e48.mp4,fake,sonic,arabic,7b82fc3e-0fe7-11f1-857c-ac1f6b8d2e48.mp4,7b82fc3e-0fe7-11f1-857c-ac1f6b8d2e48,True,False
847ba4f8-0fe7-11f1-857c-ac1f6b8d2e48_label_fake.npz,romanian/roop/847ba4f8-0fe7-11f1-857c-ac1f6b8d2e48.mp4,fake,roop,romanian,847ba4f8-0fe7-11f1-857c-ac1f6b8d2e48.mp4,847ba4f8-0fe7-11f1-857c-ac1f6b8d2e48,True,False
8c14ac3c-0fe7-11f1-857c-ac1f6b8d2e48_label_fake.npz,german/hififace/8c14ac3c-0fe7-11f1-857c-ac1f6b8d2e48.mp4,fake,hififace,german,8c14ac3c-0fe7-11f1-857c-ac1f6b8d2e48.mp4,8c14ac3c-0fe7-11f1-857c-ac1f6b8d2e48,True,True
8d8faf3a-0fe7-11f1-857c-ac1f6b8d2e48_label_fake.npz,hindi/hififace/8d8faf3a-0fe7-11f1-857c-ac1f6b8d2e48.mp4,fake,hififace,hindi,8d8faf3a-0fe7-11f1-857c-ac1f6b8d2e48.mp4,8d8faf3a-0fe7-11f1-857c-ac1f6b8d2e48,True,True
ca030110-0fe7-11f1-857c-ac1f6b8d2e48_label_fake.npz,russian/roop/ca030110-0fe7-11f1-857c-ac1f6b8d2e48.mp4,fake,roop,russian,ca030110-0fe7-11f1-857c-ac1f6b8d2e48.mp4,ca030110-0fe7-11f1-857c-ac1f6b8d2e48,True,False
d257d2aa-0fe7-11f1-857c-ac1f6b8d2e48_label_fake.npz,mandarin/hififace/d257d2aa-0fe7-11f1-857c-ac1f6b8d2e48.mp4,fake,hififace,mandarin,d257d2aa-0fe7-11f1-857c-ac1f6b8d2e48.mp4,d257d2aa-0fe7-11f1-857c-ac1f6b8d2e48,True,False
d63227c2-0fe7-11f1-857c-ac1f6b8d2e48_label_fake.npz,spanish/hififace/d63227c2-0fe7-11f1-857c-ac1f6b8d2e48.mp4,fake,hififace,spanish,d63227c2-0fe7-11f1-857c-ac1f6b8d2e48.mp4,d63227c2-0fe7-11f1-857c-ac1f6b8d2e48,True,False
0756df00-0fe8-11f1-857c-ac1f6b8d2e48_label_fake.npz,hindi/hififace/0756df00-0fe8-11f1-857c-ac1f6b8d2e48.mp4,fake,hififace,hindi,0756df00-0fe8-11f1-857c-ac1f6b8d2e48.mp4,0756df00-0fe8-11f1-857c-ac1f6b8d2e48,True,True
09891f72-0fe8-11f1-857c-ac1f6b8d2e48_label_fake.npz,hindi/hififace/09891f72-0fe8-11f1-857c-ac1f6b8d2e48.mp4,fake,hififace,hindi,09891f72-0fe8-11f1-857c-ac1f6b8d2e48.mp4,09891f72-0fe8-11f1-857c-ac1f6b8d2e48,True,True
122aecf0-0fe8-11f1-857c-ac1f6b8d2e48_label_fake.npz,romanian/hififace/122aecf0-0fe8-11f1-857c-ac1f6b8d2e48.mp4,fake,hififace,romanian,122aecf0-0fe8-11f1-857c-ac1f6b8d2e48.mp4,122aecf0-0fe8-11f1-857c-ac1f6b8d2e48,True,False
14e7be8c-0fe8-11f1-857c-ac1f6b8d2e48_label_fake.npz,spanish/hififace/14e7be8c-0fe8-11f1-857c-ac1f6b8d2e48.mp4,fake,hififace,spanish,14e7be8c-0fe8-11f1-857c-ac1f6b8d2e48.mp4,14e7be8c-0fe8-11f1-857c-ac1f6b8d2e48,True,False
2787214a-0fe8-11f1-857c-ac1f6b8d2e48_label_fake.npz,spanish/sonic/2787214a-0fe8-11f1-857c-ac1f6b8d2e48.mp4,fake,sonic,spanish,2787214a-0fe8-11f1-857c-ac1f6b8d2e48.mp4,2787214a-0fe8-11f1-857c-ac1f6b8d2e48,True,False
31c10978-0fe8-11f1-857c-ac1f6b8d2e48_label_fake.npz,hindi/hififace/31c10978-0fe8-11f1-857c-ac1f6b8d2e48.mp4,fake,hififace,hindi,31c10978-0fe8-11f1-857c-ac1f6b8d2e48.mp4,31c10978-0fe8-11f1-857c-ac1f6b8d2e48,True,True
32c0028e-0fe8-11f1-857c-ac1f6b8d2e48_label_fake.npz,russian/hififace/32c0028e-0fe8-11f1-857c-ac1f6b8d2e48.mp4,fake,hififace,russian,32c0028e-0fe8-11f1-857c-ac1f6b8d2e48.mp4,32c0028e-0fe8-11f1-857c-ac1f6b8d2e48,True,False
45c507d0-0fe8-11f1-857c-ac1f6b8d2e48_label_fake.npz,german/sonic/45c507d0-0fe8-11f1-857c-ac1f6b8d2e48.mp4,fake,sonic,german,45c507d0-0fe8-11f1-857c-ac1f6b8d2e48.mp4,45c507d0-0fe8-11f1-857c-ac1f6b8d2e48,True,True
4d7041b6-0fe8-11f1-857c-ac1f6b8d2e48_label_fake.npz,german/sonic/4d7041b6-0fe8-11f1-857c-ac1f6b8d2e48.mp4,fake,sonic,german,4d7041b6-0fe8-11f1-857c-ac1f6b8d2e48.mp4,4d7041b6-0fe8-11f1-857c-ac1f6b8d2e48,True,True
56a1e730-0fe8-11f1-857c-ac1f6b8d2e48_label_fake.npz,romanian/sonic/56a1e730-0fe8-11f1-857c-ac1f6b8d2e48.mp4,fake,sonic,romanian,56a1e730-0fe8-11f1-857c-ac1f6b8d2e48.mp4,56a1e730-0fe8-11f1-857c-ac1f6b8d2e48,True,False
5ba10e8c-0fe8-11f1-857c-ac1f6b8d2e48_label_fake.npz,romanian/sonic/5ba10e8c-0fe8-11f1-857c-ac1f6b8d2e48.mp4,fake,sonic,romanian,5ba10e8c-0fe8-11f1-857c-ac1f6b8d2e48.mp4,5ba10e8c-0fe8-11f1-857c-ac1f6b8d2e48,True,False
5fef4cb0-0fe8-11f1-857c-ac1f6b8d2e48_label_fake.npz,hindi/hififace/5fef4cb0-0fe8-11f1-857c-ac1f6b8d2e48.mp4,fake,hififace,hindi,5fef4cb0-0fe8-11f1-857c-ac1f6b8d2e48.mp4,5fef4cb0-0fe8-11f1-857c-ac1f6b8d2e48,True,True
633e52d0-0fe8-11f1-857c-ac1f6b8d2e48_label_fake.npz,hindi/sonic/633e52d0-0fe8-11f1-857c-ac1f6b8d2e48.mp4,fake,sonic,hindi,633e52d0-0fe8-11f1-857c-ac1f6b8d2e48.mp4,633e52d0-0fe8-11f1-857c-ac1f6b8d2e48,True,True
6a316028-0fe8-11f1-857c-ac1f6b8d2e48_label_fake.npz,romanian/roop/6a316028-0fe8-11f1-857c-ac1f6b8d2e48.mp4,fake,roop,romanian,6a316028-0fe8-11f1-857c-ac1f6b8d2e48.mp4,6a316028-0fe8-11f1-857c-ac1f6b8d2e48,True,False
72ea7326-0fe8-11f1-857c-ac1f6b8d2e48_label_fake.npz,romanian/sonic/72ea7326-0fe8-11f1-857c-ac1f6b8d2e48.mp4,fake,sonic,romanian,72ea7326-0fe8-11f1-857c-ac1f6b8d2e48.mp4,72ea7326-0fe8-11f1-857c-ac1f6b8d2e48,True,False
8f07e020-0fe8-11f1-857c-ac1f6b8d2e48_label_fake.npz,arabic/roop/8f07e020-0fe8-11f1-857c-ac1f6b8d2e48.mp4,fake,roop,arabic,8f07e020-0fe8-11f1-857c-ac1f6b8d2e48.mp4,8f07e020-0fe8-11f1-857c-ac1f6b8d2e48,True,False
abc634e6-0fe8-11f1-857c-ac1f6b8d2e48_label_fake.npz,german/hififace/abc634e6-0fe8-11f1-857c-ac1f6b8d2e48.mp4,fake,hififace,german,abc634e6-0fe8-11f1-857c-ac1f6b8d2e48.mp4,abc634e6-0fe8-11f1-857c-ac1f6b8d2e48,True,True
ba308fea-0fe8-11f1-857c-ac1f6b8d2e48_label_fake.npz,spanish/sonic/ba308fea-0fe8-11f1-857c-ac1f6b8d2e48.mp4,fake,sonic,spanish,ba308fea-0fe8-11f1-857c-ac1f6b8d2e48.mp4,ba308fea-0fe8-11f1-857c-ac1f6b8d2e48,True,False
c2349bb4-0fe8-11f1-857c-ac1f6b8d2e48_label_fake.npz,mandarin/hififace/c2349bb4-0fe8-11f1-857c-ac1f6b8d2e48.mp4,fake,hififace,mandarin,c2349bb4-0fe8-11f1-857c-ac1f6b8d2e48.mp4,c2349bb4-0fe8-11f1-857c-ac1f6b8d2e48,True,False
d0b0a6ec-0fe8-11f1-857c-ac1f6b8d2e48_label_fake.npz,russian/roop/d0b0a6ec-0fe8-11f1-857c-ac1f6b8d2e48.mp4,fake,roop,russian,d0b0a6ec-0fe8-11f1-857c-ac1f6b8d2e48.mp4,d0b0a6ec-0fe8-11f1-857c-ac1f6b8d2e48,True,False
d21d94f4-0fe8-11f1-857c-ac1f6b8d2e48_label_fake.npz,hindi/sonic/d21d94f4-0fe8-11f1-857c-ac1f6b8d2e48.mp4,fake,sonic,hindi,d21d94f4-0fe8-11f1-857c-ac1f6b8d2e48.mp4,d21d94f4-0fe8-11f1-857c-ac1f6b8d2e48,True,True
ee8d2230-0fe8-11f1-857c-ac1f6b8d2e48_label_fake.npz,russian/sonic/ee8d2230-0fe8-11f1-857c-ac1f6b8d2e48.mp4,fake,sonic,russian,ee8d2230-0fe8-11f1-857c-ac1f6b8d2e48.mp4,ee8d2230-0fe8-11f1-857c-ac1f6b8d2e48,True,False
ef8b067a-0fe8-11f1-857c-ac1f6b8d2e48_label_fake.npz,german/roop/ef8b067a-0fe8-11f1-857c-ac1f6b8d2e48.mp4,fake,roop,german,ef8b067a-0fe8-11f1-857c-ac1f6b8d2e48.mp4,ef8b067a-0fe8-11f1-857c-ac1f6b8d2e48,True,True
70a97b10-0fe9-11f1-857c-ac1f6b8d2e48_label_fake.npz,arabic/roop/70a97b10-0fe9-11f1-857c-ac1f6b8d2e48.mp4,fake,roop,arabic,70a97b10-0fe9-11f1-857c-ac1f6b8d2e48.mp4,70a97b10-0fe9-11f1-857c-ac1f6b8d2e48,True,False
78f181e6-0fe9-11f1-857c-ac1f6b8d2e48_label_fake.npz,arabic/roop/78f181e6-0fe9-11f1-857c-ac1f6b8d2e48.mp4,fake,roop,arabic,78f181e6-0fe9-11f1-857c-ac1f6b8d2e48.mp4,78f181e6-0fe9-11f1-857c-ac1f6b8d2e48,True,False
7aa3505a-0fe9-11f1-857c-ac1f6b8d2e48_label_fake.npz,romanian/sonic/7aa3505a-0fe9-11f1-857c-ac1f6b8d2e48.mp4,fake,sonic,romanian,7aa3505a-0fe9-11f1-857c-ac1f6b8d2e48.mp4,7aa3505a-0fe9-11f1-857c-ac1f6b8d2e48,True,False
843abdce-0fe9-11f1-857c-ac1f6b8d2e48_label_fake.npz,arabic/roop/843abdce-0fe9-11f1-857c-ac1f6b8d2e48.mp4,fake,roop,arabic,843abdce-0fe9-11f1-857c-ac1f6b8d2e48.mp4,843abdce-0fe9-11f1-857c-ac1f6b8d2e48,True,False
9a0dbdc2-0fe9-11f1-857c-ac1f6b8d2e48_label_fake.npz,romanian/sonic/9a0dbdc2-0fe9-11f1-857c-ac1f6b8d2e48.mp4,fake,sonic,romanian,9a0dbdc2-0fe9-11f1-857c-ac1f6b8d2e48.mp4,9a0dbdc2-0fe9-11f1-857c-ac1f6b8d2e48,True,False
ab250fe8-0fe9-11f1-857c-ac1f6b8d2e48_label_fake.npz,hindi/roop/ab250fe8-0fe9-11f1-857c-ac1f6b8d2e48.mp4,fake,roop,hindi,ab250fe8-0fe9-11f1-857c-ac1f6b8d2e48.mp4,ab250fe8-0fe9-11f1-857c-ac1f6b8d2e48,True,True
b410dcd6-0fe9-11f1-857c-ac1f6b8d2e48_label_fake.npz,mandarin/hififace/b410dcd6-0fe9-11f1-857c-ac1f6b8d2e48.mp4,fake,hififace,mandarin,b410dcd6-0fe9-11f1-857c-ac1f6b8d2e48.mp4,b410dcd6-0fe9-11f1-857c-ac1f6b8d2e48,True,False
c654922a-0fe9-11f1-857c-ac1f6b8d2e48_label_fake.npz,mandarin/hififace/c654922a-0fe9-11f1-857c-ac1f6b8d2e48.mp4,fake,hififace,mandarin,c654922a-0fe9-11f1-857c-ac1f6b8d2e48.mp4,c654922a-0fe9-11f1-857c-ac1f6b8d2e48,True,False
d08ff7ca-0fe9-11f1-857c-ac1f6b8d2e48_label_fake.npz,hindi/hififace/d08ff7ca-0fe9-11f1-857c-ac1f6b8d2e48.mp4,fake,hififace,hindi,d08ff7ca-0fe9-11f1-857c-ac1f6b8d2e48.mp4,d08ff7ca-0fe9-11f1-857c-ac1f6b8d2e48,True,True
ec74c240-0fe9-11f1-857c-ac1f6b8d2e48_label_fake.npz,hindi/roop/ec74c240-0fe9-11f1-857c-ac1f6b8d2e48.mp4,fake,roop,hindi,ec74c240-0fe9-11f1-857c-ac1f6b8d2e48.mp4,ec74c240-0fe9-11f1-857c-ac1f6b8d2e48,True,True
15e05fc2-0fea-11f1-857c-ac1f6b8d2e48_label_fake.npz,german/hififace/15e05fc2-0fea-11f1-857c-ac1f6b8d2e48.mp4,fake,hififace,german,15e05fc2-0fea-11f1-857c-ac1f6b8d2e48.mp4,15e05fc2-0fea-11f1-857c-ac1f6b8d2e48,True,True
2470cbb2-0fea-11f1-857c-ac1f6b8d2e48_label_fake.npz,spanish/hififace/2470cbb2-0fea-11f1-857c-ac1f6b8d2e48.mp4,fake,hififace,spanish,2470cbb2-0fea-11f1-857c-ac1f6b8d2e48.mp4,2470cbb2-0fea-11f1-857c-ac1f6b8d2e48,True,False
2f073408-0fea-11f1-857c-ac1f6b8d2e48_label_fake.npz,english/roop/2f073408-0fea-11f1-857c-ac1f6b8d2e48.mp4,fake,roop,english,2f073408-0fea-11f1-857c-ac1f6b8d2e48.mp4,2f073408-0fea-11f1-857c-ac1f6b8d2e48,True,False
309af67e-0fea-11f1-857c-ac1f6b8d2e48_label_fake.npz,romanian/hififace/309af67e-0fea-11f1-857c-ac1f6b8d2e48.mp4,fake,hififace,romanian,309af67e-0fea-11f1-857c-ac1f6b8d2e48.mp4,309af67e-0fea-11f1-857c-ac1f6b8d2e48,True,False
3cc7df0c-0fea-11f1-857c-ac1f6b8d2e48_label_fake.npz,hindi/sonic/3cc7df0c-0fea-11f1-857c-ac1f6b8d2e48.mp4,fake,sonic,hindi,3cc7df0c-0fea-11f1-857c-ac1f6b8d2e48.mp4,3cc7df0c-0fea-11f1-857c-ac1f6b8d2e48,True,True
448b63a8-0fea-11f1-857c-ac1f6b8d2e48_label_fake.npz,german/roop/448b63a8-0fea-11f1-857c-ac1f6b8d2e48.mp4,fake,roop,german,448b63a8-0fea-11f1-857c-ac1f6b8d2e48.mp4,448b63a8-0fea-11f1-857c-ac1f6b8d2e48,True,True
6185d77c-0fea-11f1-857c-ac1f6b8d2e48_label_fake.npz,hindi/sonic/6185d77c-0fea-11f1-857c-ac1f6b8d2e48.mp4,fake,sonic,hindi,6185d77c-0fea-11f1-857c-ac1f6b8d2e48.mp4,6185d77c-0fea-11f1-857c-ac1f6b8d2e48,True,True
7edab4aa-0fea-11f1-857c-ac1f6b8d2e48_label_fake.npz,arabic/hififace/7edab4aa-0fea-11f1-857c-ac1f6b8d2e48.mp4,fake,hififace,arabic,7edab4aa-0fea-11f1-857c-ac1f6b8d2e48.mp4,7edab4aa-0fea-11f1-857c-ac1f6b8d2e48,True,False
93048dfc-0fea-11f1-857c-ac1f6b8d2e48_label_fake.npz,spanish/roop/93048dfc-0fea-11f1-857c-ac1f6b8d2e48.mp4,fake,roop,spanish,93048dfc-0fea-11f1-857c-ac1f6b8d2e48.mp4,93048dfc-0fea-11f1-857c-ac1f6b8d2e48,True,False
2ceafe30-10a7-11f1-b2c7-ac1f6b417054_label_fake.npz,spanish/echomimic/2ceafe30-10a7-11f1-b2c7-ac1f6b417054.mp4,fake,echomimic,spanish,2ceafe30-10a7-11f1-b2c7-ac1f6b417054.mp4,2ceafe30-10a7-11f1-b2c7-ac1f6b417054,False,False
79f0cfc0-10a7-11f1-b2c7-ac1f6b417054_label_fake.npz,spanish/liveportrait/79f0cfc0-10a7-11f1-b2c7-ac1f6b417054.mp4,fake,liveportrait,spanish,79f0cfc0-10a7-11f1-b2c7-ac1f6b417054.mp4,79f0cfc0-10a7-11f1-b2c7-ac1f6b417054,False,False
848d7e88-10a7-11f1-b2c7-ac1f6b417054_label_fake.npz,hindi/echomimic/848d7e88-10a7-11f1-b2c7-ac1f6b417054.mp4,fake,echomimic,hindi,848d7e88-10a7-11f1-b2c7-ac1f6b417054.mp4,848d7e88-10a7-11f1-b2c7-ac1f6b417054,False,True
a50bb080-10a7-11f1-b2c7-ac1f6b417054_label_fake.npz,russian/echomimic/a50bb080-10a7-11f1-b2c7-ac1f6b417054.mp4,fake,echomimic,russian,a50bb080-10a7-11f1-b2c7-ac1f6b417054.mp4,a50bb080-10a7-11f1-b2c7-ac1f6b417054,False,False
aa1e44e8-10a7-11f1-b2c7-ac1f6b417054_label_fake.npz,russian/liveportrait/aa1e44e8-10a7-11f1-b2c7-ac1f6b417054.mp4,fake,liveportrait,russian,aa1e44e8-10a7-11f1-b2c7-ac1f6b417054.mp4,aa1e44e8-10a7-11f1-b2c7-ac1f6b417054,False,False
b96e1c98-10a7-11f1-b2c7-ac1f6b417054_label_fake.npz,arabic/echomimic/b96e1c98-10a7-11f1-b2c7-ac1f6b417054.mp4,fake,echomimic,arabic,b96e1c98-10a7-11f1-b2c7-ac1f6b417054.mp4,b96e1c98-10a7-11f1-b2c7-ac1f6b417054,False,False
e28e0ec6-10a7-11f1-b2c7-ac1f6b417054_label_fake.npz,arabic/echomimic/e28e0ec6-10a7-11f1-b2c7-ac1f6b417054.mp4,fake,echomimic,arabic,e28e0ec6-10a7-11f1-b2c7-ac1f6b417054.mp4,e28e0ec6-10a7-11f1-b2c7-ac1f6b417054,False,False
fcd30afc-10a7-11f1-b2c7-ac1f6b417054_label_fake.npz,romanian/liveportrait/fcd30afc-10a7-11f1-b2c7-ac1f6b417054.mp4,fake,liveportrait,romanian,fcd30afc-10a7-11f1-b2c7-ac1f6b417054.mp4,fcd30afc-10a7-11f1-b2c7-ac1f6b417054,False,False
0277dd0c-10a8-11f1-b2c7-ac1f6b417054_label_fake.npz,english/liveportrait/0277dd0c-10a8-11f1-b2c7-ac1f6b417054.mp4,fake,liveportrait,english,0277dd0c-10a8-11f1-b2c7-ac1f6b417054.mp4,0277dd0c-10a8-11f1-b2c7-ac1f6b417054,False,False
410e75c6-10a8-11f1-b2c7-ac1f6b417054_label_fake.npz,mandarin/echomimic/410e75c6-10a8-11f1-b2c7-ac1f6b417054.mp4,fake,echomimic,mandarin,410e75c6-10a8-11f1-b2c7-ac1f6b417054.mp4,410e75c6-10a8-11f1-b2c7-ac1f6b417054,False,False
5a46e280-10a8-11f1-b2c7-ac1f6b417054_label_fake.npz,russian/echomimic/5a46e280-10a8-11f1-b2c7-ac1f6b417054.mp4,fake,echomimic,russian,5a46e280-10a8-11f1-b2c7-ac1f6b417054.mp4,5a46e280-10a8-11f1-b2c7-ac1f6b417054,False,False
5f95c7b0-10a8-11f1-b2c7-ac1f6b417054_label_fake.npz,arabic/liveportrait/5f95c7b0-10a8-11f1-b2c7-ac1f6b417054.mp4,fake,liveportrait,arabic,5f95c7b0-10a8-11f1-b2c7-ac1f6b417054.mp4,5f95c7b0-10a8-11f1-b2c7-ac1f6b417054,False,False
918c3ede-10a8-11f1-b2c7-ac1f6b417054_label_fake.npz,english/echomimic/918c3ede-10a8-11f1-b2c7-ac1f6b417054.mp4,fake,echomimic,english,918c3ede-10a8-11f1-b2c7-ac1f6b417054.mp4,918c3ede-10a8-11f1-b2c7-ac1f6b417054,False,False
969d1222-10a8-11f1-b2c7-ac1f6b417054_label_fake.npz,mandarin/echomimic/969d1222-10a8-11f1-b2c7-ac1f6b417054.mp4,fake,echomimic,mandarin,969d1222-10a8-11f1-b2c7-ac1f6b417054.mp4,969d1222-10a8-11f1-b2c7-ac1f6b417054,False,False
45aef23a-10a9-11f1-b2c7-ac1f6b417054_label_fake.npz,hindi/echomimic/45aef23a-10a9-11f1-b2c7-ac1f6b417054.mp4,fake,echomimic,hindi,45aef23a-10a9-11f1-b2c7-ac1f6b417054.mp4,45aef23a-10a9-11f1-b2c7-ac1f6b417054,False,True
55567f00-10a9-11f1-b2c7-ac1f6b417054_label_fake.npz,russian/liveportrait/55567f00-10a9-11f1-b2c7-ac1f6b417054.mp4,fake,liveportrait,russian,55567f00-10a9-11f1-b2c7-ac1f6b417054.mp4,55567f00-10a9-11f1-b2c7-ac1f6b417054,False,False
69be3532-10a9-11f1-b2c7-ac1f6b417054_label_fake.npz,hindi/liveportrait/69be3532-10a9-11f1-b2c7-ac1f6b417054.mp4,fake,liveportrait,hindi,69be3532-10a9-11f1-b2c7-ac1f6b417054.mp4,69be3532-10a9-11f1-b2c7-ac1f6b417054,False,True
833e7a76-10a9-11f1-b2c7-ac1f6b417054_label_fake.npz,german/echomimic/833e7a76-10a9-11f1-b2c7-ac1f6b417054.mp4,fake,echomimic,german,833e7a76-10a9-11f1-b2c7-ac1f6b417054.mp4,833e7a76-10a9-11f1-b2c7-ac1f6b417054,False,True
a3fafa14-10a9-11f1-b2c7-ac1f6b417054_label_fake.npz,russian/echomimic/a3fafa14-10a9-11f1-b2c7-ac1f6b417054.mp4,fake,echomimic,russian,a3fafa14-10a9-11f1-b2c7-ac1f6b417054.mp4,a3fafa14-10a9-11f1-b2c7-ac1f6b417054,False,False
b35603dc-10a9-11f1-b2c7-ac1f6b417054_label_fake.npz,english/echomimic/b35603dc-10a9-11f1-b2c7-ac1f6b417054.mp4,fake,echomimic,english,b35603dc-10a9-11f1-b2c7-ac1f6b417054.mp4,b35603dc-10a9-11f1-b2c7-ac1f6b417054,False,False
c828ec8e-10a9-11f1-b2c7-ac1f6b417054_label_fake.npz,mandarin/echomimic/c828ec8e-10a9-11f1-b2c7-ac1f6b417054.mp4,fake,echomimic,mandarin,c828ec8e-10a9-11f1-b2c7-ac1f6b417054.mp4,c828ec8e-10a9-11f1-b2c7-ac1f6b417054,False,False
e8218ee2-10a9-11f1-b2c7-ac1f6b417054_label_fake.npz,english/liveportrait/e8218ee2-10a9-11f1-b2c7-ac1f6b417054.mp4,fake,liveportrait,english,e8218ee2-10a9-11f1-b2c7-ac1f6b417054.mp4,e8218ee2-10a9-11f1-b2c7-ac1f6b417054,False,False
ed207cf0-10a9-11f1-b2c7-ac1f6b417054_label_fake.npz,romanian/echomimic/ed207cf0-10a9-11f1-b2c7-ac1f6b417054.mp4,fake,echomimic,romanian,ed207cf0-10a9-11f1-b2c7-ac1f6b417054.mp4,ed207cf0-10a9-11f1-b2c7-ac1f6b417054,False,False
1456513c-10aa-11f1-b2c7-ac1f6b417054_label_fake.npz,english/liveportrait/1456513c-10aa-11f1-b2c7-ac1f6b417054.mp4,fake,liveportrait,english,1456513c-10aa-11f1-b2c7-ac1f6b417054.mp4,1456513c-10aa-11f1-b2c7-ac1f6b417054,False,False
6759e182-10aa-11f1-b2c7-ac1f6b417054_label_fake.npz,russian/liveportrait/6759e182-10aa-11f1-b2c7-ac1f6b417054.mp4,fake,liveportrait,russian,6759e182-10aa-11f1-b2c7-ac1f6b417054.mp4,6759e182-10aa-11f1-b2c7-ac1f6b417054,False,False
c9f8702e-10aa-11f1-b2c7-ac1f6b417054_label_fake.npz,spanish/echomimic/c9f8702e-10aa-11f1-b2c7-ac1f6b417054.mp4,fake,echomimic,spanish,c9f8702e-10aa-11f1-b2c7-ac1f6b417054.mp4,c9f8702e-10aa-11f1-b2c7-ac1f6b417054,False,False
e98d30dc-10aa-11f1-b2c7-ac1f6b417054_label_fake.npz,german/echomimic/e98d30dc-10aa-11f1-b2c7-ac1f6b417054.mp4,fake,echomimic,german,e98d30dc-10aa-11f1-b2c7-ac1f6b417054.mp4,e98d30dc-10aa-11f1-b2c7-ac1f6b417054,False,True
20e1de52-10ab-11f1-b2c7-ac1f6b417054_label_fake.npz,english/echomimic/20e1de52-10ab-11f1-b2c7-ac1f6b417054.mp4,fake,echomimic,english,20e1de52-10ab-11f1-b2c7-ac1f6b417054.mp4,20e1de52-10ab-11f1-b2c7-ac1f6b417054,False,False
4988bf56-10ab-11f1-b2c7-ac1f6b417054_label_fake.npz,spanish/liveportrait/4988bf56-10ab-11f1-b2c7-ac1f6b417054.mp4,fake,liveportrait,spanish,4988bf56-10ab-11f1-b2c7-ac1f6b417054.mp4,4988bf56-10ab-11f1-b2c7-ac1f6b417054,False,False
7c916826-10ab-11f1-b2c7-ac1f6b417054_label_fake.npz,mandarin/echomimic/7c916826-10ab-11f1-b2c7-ac1f6b417054.mp4,fake,echomimic,mandarin,7c916826-10ab-11f1-b2c7-ac1f6b417054.mp4,7c916826-10ab-11f1-b2c7-ac1f6b417054,False,False
c1ac9494-10ab-11f1-b2c7-ac1f6b417054_label_fake.npz,spanish/echomimic/c1ac9494-10ab-11f1-b2c7-ac1f6b417054.mp4,fake,echomimic,spanish,c1ac9494-10ab-11f1-b2c7-ac1f6b417054.mp4,c1ac9494-10ab-11f1-b2c7-ac1f6b417054,False,False
c6e0b918-10ab-11f1-b2c7-ac1f6b417054_label_fake.npz,arabic/echomimic/c6e0b918-10ab-11f1-b2c7-ac1f6b417054.mp4,fake,echomimic,arabic,c6e0b918-10ab-11f1-b2c7-ac1f6b417054.mp4,c6e0b918-10ab-11f1-b2c7-ac1f6b417054,False,False
cc96ed8c-10ab-11f1-b2c7-ac1f6b417054_label_fake.npz,english/liveportrait/cc96ed8c-10ab-11f1-b2c7-ac1f6b417054.mp4,fake,liveportrait,english,cc96ed8c-10ab-11f1-b2c7-ac1f6b417054.mp4,cc96ed8c-10ab-11f1-b2c7-ac1f6b417054,False,False
0c32f3c8-10ac-11f1-b2c7-ac1f6b417054_label_fake.npz,english/liveportrait/0c32f3c8-10ac-11f1-b2c7-ac1f6b417054.mp4,fake,liveportrait,english,0c32f3c8-10ac-11f1-b2c7-ac1f6b417054.mp4,0c32f3c8-10ac-11f1-b2c7-ac1f6b417054,False,False
166a9558-10ac-11f1-b2c7-ac1f6b417054_label_fake.npz,spanish/liveportrait/166a9558-10ac-11f1-b2c7-ac1f6b417054.mp4,fake,liveportrait,spanish,166a9558-10ac-11f1-b2c7-ac1f6b417054.mp4,166a9558-10ac-11f1-b2c7-ac1f6b417054,False,False
35c81196-10ac-11f1-b2c7-ac1f6b417054_label_fake.npz,mandarin/liveportrait/35c81196-10ac-11f1-b2c7-ac1f6b417054.mp4,fake,liveportrait,mandarin,35c81196-10ac-11f1-b2c7-ac1f6b417054.mp4,35c81196-10ac-11f1-b2c7-ac1f6b417054,False,False
5a3659b6-10ac-11f1-b2c7-ac1f6b417054_label_fake.npz,english/liveportrait/5a3659b6-10ac-11f1-b2c7-ac1f6b417054.mp4,fake,liveportrait,english,5a3659b6-10ac-11f1-b2c7-ac1f6b417054.mp4,5a3659b6-10ac-11f1-b2c7-ac1f6b417054,False,False
7435c612-10ac-11f1-b2c7-ac1f6b417054_label_fake.npz,romanian/echomimic/7435c612-10ac-11f1-b2c7-ac1f6b417054.mp4,fake,echomimic,romanian,7435c612-10ac-11f1-b2c7-ac1f6b417054.mp4,7435c612-10ac-11f1-b2c7-ac1f6b417054,False,False
192b665e-10ad-11f1-b2c7-ac1f6b417054_label_fake.npz,romanian/liveportrait/192b665e-10ad-11f1-b2c7-ac1f6b417054.mp4,fake,liveportrait,romanian,192b665e-10ad-11f1-b2c7-ac1f6b417054.mp4,192b665e-10ad-11f1-b2c7-ac1f6b417054,False,False
22fd2384-10ad-11f1-b2c7-ac1f6b417054_label_fake.npz,spanish/liveportrait/22fd2384-10ad-11f1-b2c7-ac1f6b417054.mp4,fake,liveportrait,spanish,22fd2384-10ad-11f1-b2c7-ac1f6b417054.mp4,22fd2384-10ad-11f1-b2c7-ac1f6b417054,False,False
2d18fcb2-10ad-11f1-b2c7-ac1f6b417054_label_fake.npz,arabic/liveportrait/2d18fcb2-10ad-11f1-b2c7-ac1f6b417054.mp4,fake,liveportrait,arabic,2d18fcb2-10ad-11f1-b2c7-ac1f6b417054.mp4,2d18fcb2-10ad-11f1-b2c7-ac1f6b417054,False,False
5187b660-10ad-11f1-b2c7-ac1f6b417054_label_fake.npz,mandarin/liveportrait/5187b660-10ad-11f1-b2c7-ac1f6b417054.mp4,fake,liveportrait,mandarin,5187b660-10ad-11f1-b2c7-ac1f6b417054.mp4,5187b660-10ad-11f1-b2c7-ac1f6b417054,False,False
569079c6-10ad-11f1-b2c7-ac1f6b417054_label_fake.npz,arabic/echomimic/569079c6-10ad-11f1-b2c7-ac1f6b417054.mp4,fake,echomimic,arabic,569079c6-10ad-11f1-b2c7-ac1f6b417054.mp4,569079c6-10ad-11f1-b2c7-ac1f6b417054,False,False
c14bf9ca-10ad-11f1-b2c7-ac1f6b417054_label_fake.npz,romanian/echomimic/c14bf9ca-10ad-11f1-b2c7-ac1f6b417054.mp4,fake,echomimic,romanian,c14bf9ca-10ad-11f1-b2c7-ac1f6b417054.mp4,c14bf9ca-10ad-11f1-b2c7-ac1f6b417054,False,False
c63ea41e-10ad-11f1-b2c7-ac1f6b417054_label_fake.npz,mandarin/echomimic/c63ea41e-10ad-11f1-b2c7-ac1f6b417054.mp4,fake,echomimic,mandarin,c63ea41e-10ad-11f1-b2c7-ac1f6b417054.mp4,c63ea41e-10ad-11f1-b2c7-ac1f6b417054,False,False
cb34b51c-10ad-11f1-b2c7-ac1f6b417054_label_fake.npz,romanian/echomimic/cb34b51c-10ad-11f1-b2c7-ac1f6b417054.mp4,fake,echomimic,romanian,cb34b51c-10ad-11f1-b2c7-ac1f6b417054.mp4,cb34b51c-10ad-11f1-b2c7-ac1f6b417054,False,False
fcf3997e-10ad-11f1-b2c7-ac1f6b417054_label_fake.npz,english/liveportrait/fcf3997e-10ad-11f1-b2c7-ac1f6b417054.mp4,fake,liveportrait,english,fcf3997e-10ad-11f1-b2c7-ac1f6b417054.mp4,fcf3997e-10ad-11f1-b2c7-ac1f6b417054,False,False
123869a4-10ae-11f1-b2c7-ac1f6b417054_label_fake.npz,romanian/liveportrait/123869a4-10ae-11f1-b2c7-ac1f6b417054.mp4,fake,liveportrait,romanian,123869a4-10ae-11f1-b2c7-ac1f6b417054.mp4,123869a4-10ae-11f1-b2c7-ac1f6b417054,False,False
1c1f5b26-10ae-11f1-b2c7-ac1f6b417054_label_fake.npz,russian/liveportrait/1c1f5b26-10ae-11f1-b2c7-ac1f6b417054.mp4,fake,liveportrait,russian,1c1f5b26-10ae-11f1-b2c7-ac1f6b417054.mp4,1c1f5b26-10ae-11f1-b2c7-ac1f6b417054,False,False
4451f1e4-10ae-11f1-b2c7-ac1f6b417054_label_fake.npz,romanian/liveportrait/4451f1e4-10ae-11f1-b2c7-ac1f6b417054.mp4,fake,liveportrait,romanian,4451f1e4-10ae-11f1-b2c7-ac1f6b417054.mp4,4451f1e4-10ae-11f1-b2c7-ac1f6b417054,False,False
535ee0ca-10ae-11f1-b2c7-ac1f6b417054_label_fake.npz,mandarin/echomimic/535ee0ca-10ae-11f1-b2c7-ac1f6b417054.mp4,fake,echomimic,mandarin,535ee0ca-10ae-11f1-b2c7-ac1f6b417054.mp4,535ee0ca-10ae-11f1-b2c7-ac1f6b417054,False,False
7779ee50-10ae-11f1-b2c7-ac1f6b417054_label_fake.npz,romanian/liveportrait/7779ee50-10ae-11f1-b2c7-ac1f6b417054.mp4,fake,liveportrait,romanian,7779ee50-10ae-11f1-b2c7-ac1f6b417054.mp4,7779ee50-10ae-11f1-b2c7-ac1f6b417054,False,False
81a395fc-10ae-11f1-b2c7-ac1f6b417054_label_fake.npz,romanian/liveportrait/81a395fc-10ae-11f1-b2c7-ac1f6b417054.mp4,fake,liveportrait,romanian,81a395fc-10ae-11f1-b2c7-ac1f6b417054.mp4,81a395fc-10ae-11f1-b2c7-ac1f6b417054,False,False
c7ed2280-10ae-11f1-b2c7-ac1f6b417054_label_fake.npz,spanish/echomimic/c7ed2280-10ae-11f1-b2c7-ac1f6b417054.mp4,fake,echomimic,spanish,c7ed2280-10ae-11f1-b2c7-ac1f6b417054.mp4,c7ed2280-10ae-11f1-b2c7-ac1f6b417054,False,False
edb7c7f4-10ae-11f1-b2c7-ac1f6b417054_label_fake.npz,russian/echomimic/edb7c7f4-10ae-11f1-b2c7-ac1f6b417054.mp4,fake,echomimic,russian,edb7c7f4-10ae-11f1-b2c7-ac1f6b417054.mp4,edb7c7f4-10ae-11f1-b2c7-ac1f6b417054,False,False
017bde4c-10af-11f1-b2c7-ac1f6b417054_label_fake.npz,english/echomimic/017bde4c-10af-11f1-b2c7-ac1f6b417054.mp4,fake,echomimic,english,017bde4c-10af-11f1-b2c7-ac1f6b417054.mp4,017bde4c-10af-11f1-b2c7-ac1f6b417054,False,False
5c141e1e-10af-11f1-b2c7-ac1f6b417054_label_fake.npz,romanian/liveportrait/5c141e1e-10af-11f1-b2c7-ac1f6b417054.mp4,fake,liveportrait,romanian,5c141e1e-10af-11f1-b2c7-ac1f6b417054.mp4,5c141e1e-10af-11f1-b2c7-ac1f6b417054,False,False
ae50a148-10af-11f1-b2c7-ac1f6b417054_label_fake.npz,english/echomimic/ae50a148-10af-11f1-b2c7-ac1f6b417054.mp4,fake,echomimic,english,ae50a148-10af-11f1-b2c7-ac1f6b417054.mp4,ae50a148-10af-11f1-b2c7-ac1f6b417054,False,False
c3029402-10af-11f1-b2c7-ac1f6b417054_label_fake.npz,arabic/liveportrait/c3029402-10af-11f1-b2c7-ac1f6b417054.mp4,fake,liveportrait,arabic,c3029402-10af-11f1-b2c7-ac1f6b417054.mp4,c3029402-10af-11f1-b2c7-ac1f6b417054,False,False
ffbf2afe-10af-11f1-b2c7-ac1f6b417054_label_fake.npz,romanian/liveportrait/ffbf2afe-10af-11f1-b2c7-ac1f6b417054.mp4,fake,liveportrait,romanian,ffbf2afe-10af-11f1-b2c7-ac1f6b417054.mp4,ffbf2afe-10af-11f1-b2c7-ac1f6b417054,False,False
04c2bd90-10b0-11f1-b2c7-ac1f6b417054_label_fake.npz,mandarin/echomimic/04c2bd90-10b0-11f1-b2c7-ac1f6b417054.mp4,fake,echomimic,mandarin,04c2bd90-10b0-11f1-b2c7-ac1f6b417054.mp4,04c2bd90-10b0-11f1-b2c7-ac1f6b417054,False,False
1a10ef14-10b0-11f1-b2c7-ac1f6b417054_label_fake.npz,arabic/liveportrait/1a10ef14-10b0-11f1-b2c7-ac1f6b417054.mp4,fake,liveportrait,arabic,1a10ef14-10b0-11f1-b2c7-ac1f6b417054.mp4,1a10ef14-10b0-11f1-b2c7-ac1f6b417054,False,False
1f40bfaa-10b0-11f1-b2c7-ac1f6b417054_label_fake.npz,german/echomimic/1f40bfaa-10b0-11f1-b2c7-ac1f6b417054.mp4,fake,echomimic,german,1f40bfaa-10b0-11f1-b2c7-ac1f6b417054.mp4,1f40bfaa-10b0-11f1-b2c7-ac1f6b417054,False,True
29406a78-10b0-11f1-b2c7-ac1f6b417054_label_fake.npz,english/echomimic/29406a78-10b0-11f1-b2c7-ac1f6b417054.mp4,fake,echomimic,english,29406a78-10b0-11f1-b2c7-ac1f6b417054.mp4,29406a78-10b0-11f1-b2c7-ac1f6b417054,False,False
339d23da-10b0-11f1-b2c7-ac1f6b417054_label_fake.npz,romanian/echomimic/339d23da-10b0-11f1-b2c7-ac1f6b417054.mp4,fake,echomimic,romanian,339d23da-10b0-11f1-b2c7-ac1f6b417054.mp4,339d23da-10b0-11f1-b2c7-ac1f6b417054,False,False
89cc2e72-10b0-11f1-b2c7-ac1f6b417054_label_fake.npz,mandarin/echomimic/89cc2e72-10b0-11f1-b2c7-ac1f6b417054.mp4,fake,echomimic,mandarin,89cc2e72-10b0-11f1-b2c7-ac1f6b417054.mp4,89cc2e72-10b0-11f1-b2c7-ac1f6b417054,False,False
a38d949a-10b0-11f1-b2c7-ac1f6b417054_label_fake.npz,mandarin/echomimic/a38d949a-10b0-11f1-b2c7-ac1f6b417054.mp4,fake,echomimic,mandarin,a38d949a-10b0-11f1-b2c7-ac1f6b417054.mp4,a38d949a-10b0-11f1-b2c7-ac1f6b417054,False,False
a8be9b44-10b0-11f1-b2c7-ac1f6b417054_label_fake.npz,mandarin/liveportrait/a8be9b44-10b0-11f1-b2c7-ac1f6b417054.mp4,fake,liveportrait,mandarin,a8be9b44-10b0-11f1-b2c7-ac1f6b417054.mp4,a8be9b44-10b0-11f1-b2c7-ac1f6b417054,False,False
07553096-10b1-11f1-b2c7-ac1f6b417054_label_fake.npz,russian/echomimic/07553096-10b1-11f1-b2c7-ac1f6b417054.mp4,fake,echomimic,russian,07553096-10b1-11f1-b2c7-ac1f6b417054.mp4,07553096-10b1-11f1-b2c7-ac1f6b417054,False,False
3a9a33ac-10b1-11f1-b2c7-ac1f6b417054_label_fake.npz,arabic/liveportrait/3a9a33ac-10b1-11f1-b2c7-ac1f6b417054.mp4,fake,liveportrait,arabic,3a9a33ac-10b1-11f1-b2c7-ac1f6b417054.mp4,3a9a33ac-10b1-11f1-b2c7-ac1f6b417054,False,False
46525788-10b1-11f1-b2c7-ac1f6b417054_label_fake.npz,arabic/echomimic/46525788-10b1-11f1-b2c7-ac1f6b417054.mp4,fake,echomimic,arabic,46525788-10b1-11f1-b2c7-ac1f6b417054.mp4,46525788-10b1-11f1-b2c7-ac1f6b417054,False,False
69f79022-10b1-11f1-b2c7-ac1f6b417054_label_fake.npz,english/echomimic/69f79022-10b1-11f1-b2c7-ac1f6b417054.mp4,fake,echomimic,english,69f79022-10b1-11f1-b2c7-ac1f6b417054.mp4,69f79022-10b1-11f1-b2c7-ac1f6b417054,False,False
9e1cfef0-10b1-11f1-b2c7-ac1f6b417054_label_fake.npz,arabic/liveportrait/9e1cfef0-10b1-11f1-b2c7-ac1f6b417054.mp4,fake,liveportrait,arabic,9e1cfef0-10b1-11f1-b2c7-ac1f6b417054.mp4,9e1cfef0-10b1-11f1-b2c7-ac1f6b417054,False,False
a33d6ac8-10b1-11f1-b2c7-ac1f6b417054_label_fake.npz,arabic/liveportrait/a33d6ac8-10b1-11f1-b2c7-ac1f6b417054.mp4,fake,liveportrait,arabic,a33d6ac8-10b1-11f1-b2c7-ac1f6b417054.mp4,a33d6ac8-10b1-11f1-b2c7-ac1f6b417054,False,False
f0c7115e-10b1-11f1-b2c7-ac1f6b417054_label_fake.npz,russian/echomimic/f0c7115e-10b1-11f1-b2c7-ac1f6b417054.mp4,fake,echomimic,russian,f0c7115e-10b1-11f1-b2c7-ac1f6b417054.mp4,f0c7115e-10b1-11f1-b2c7-ac1f6b417054,False,False
3ea74344-10b2-11f1-b2c7-ac1f6b417054_label_fake.npz,arabic/echomimic/3ea74344-10b2-11f1-b2c7-ac1f6b417054.mp4,fake,echomimic,arabic,3ea74344-10b2-11f1-b2c7-ac1f6b417054.mp4,3ea74344-10b2-11f1-b2c7-ac1f6b417054,False,False
4887023c-10b2-11f1-b2c7-ac1f6b417054_label_fake.npz,english/liveportrait/4887023c-10b2-11f1-b2c7-ac1f6b417054.mp4,fake,liveportrait,english,4887023c-10b2-11f1-b2c7-ac1f6b417054.mp4,4887023c-10b2-11f1-b2c7-ac1f6b417054,False,False
7ab07932-10b2-11f1-b2c7-ac1f6b417054_label_fake.npz,hindi/liveportrait/7ab07932-10b2-11f1-b2c7-ac1f6b417054.mp4,fake,liveportrait,hindi,7ab07932-10b2-11f1-b2c7-ac1f6b417054.mp4,7ab07932-10b2-11f1-b2c7-ac1f6b417054,False,True
cbc706a6-10b2-11f1-b2c7-ac1f6b417054_label_fake.npz,arabic/liveportrait/cbc706a6-10b2-11f1-b2c7-ac1f6b417054.mp4,fake,liveportrait,arabic,cbc706a6-10b2-11f1-b2c7-ac1f6b417054.mp4,cbc706a6-10b2-11f1-b2c7-ac1f6b417054,False,False
eba2273a-10b2-11f1-b2c7-ac1f6b417054_label_fake.npz,mandarin/echomimic/eba2273a-10b2-11f1-b2c7-ac1f6b417054.mp4,fake,echomimic,mandarin,eba2273a-10b2-11f1-b2c7-ac1f6b417054.mp4,eba2273a-10b2-11f1-b2c7-ac1f6b417054,False,False
f605911c-10b2-11f1-b2c7-ac1f6b417054_label_fake.npz,hindi/echomimic/f605911c-10b2-11f1-b2c7-ac1f6b417054.mp4,fake,echomimic,hindi,f605911c-10b2-11f1-b2c7-ac1f6b417054.mp4,f605911c-10b2-11f1-b2c7-ac1f6b417054,False,True
15725904-10b3-11f1-b2c7-ac1f6b417054_label_fake.npz,russian/liveportrait/15725904-10b3-11f1-b2c7-ac1f6b417054.mp4,fake,liveportrait,russian,15725904-10b3-11f1-b2c7-ac1f6b417054.mp4,15725904-10b3-11f1-b2c7-ac1f6b417054,False,False
80ba8010-10b3-11f1-b2c7-ac1f6b417054_label_fake.npz,russian/echomimic/80ba8010-10b3-11f1-b2c7-ac1f6b417054.mp4,fake,echomimic,russian,80ba8010-10b3-11f1-b2c7-ac1f6b417054.mp4,80ba8010-10b3-11f1-b2c7-ac1f6b417054,False,False
cb49156a-10b3-11f1-b2c7-ac1f6b417054_label_fake.npz,romanian/liveportrait/cb49156a-10b3-11f1-b2c7-ac1f6b417054.mp4,fake,liveportrait,romanian,cb49156a-10b3-11f1-b2c7-ac1f6b417054.mp4,cb49156a-10b3-11f1-b2c7-ac1f6b417054,False,False
fe056f3a-10b3-11f1-b2c7-ac1f6b417054_label_fake.npz,english/liveportrait/fe056f3a-10b3-11f1-b2c7-ac1f6b417054.mp4,fake,liveportrait,english,fe056f3a-10b3-11f1-b2c7-ac1f6b417054.mp4,fe056f3a-10b3-11f1-b2c7-ac1f6b417054,False,False
2d87c0dc-10b4-11f1-b2c7-ac1f6b417054_label_fake.npz,spanish/liveportrait/2d87c0dc-10b4-11f1-b2c7-ac1f6b417054.mp4,fake,liveportrait,spanish,2d87c0dc-10b4-11f1-b2c7-ac1f6b417054.mp4,2d87c0dc-10b4-11f1-b2c7-ac1f6b417054,False,False
822b8b5a-10b4-11f1-b2c7-ac1f6b417054_label_fake.npz,arabic/liveportrait/822b8b5a-10b4-11f1-b2c7-ac1f6b417054.mp4,fake,liveportrait,arabic,822b8b5a-10b4-11f1-b2c7-ac1f6b417054.mp4,822b8b5a-10b4-11f1-b2c7-ac1f6b417054,False,False
d5840f34-10b4-11f1-b2c7-ac1f6b417054_label_fake.npz,romanian/echomimic/d5840f34-10b4-11f1-b2c7-ac1f6b417054.mp4,fake,echomimic,romanian,d5840f34-10b4-11f1-b2c7-ac1f6b417054.mp4,d5840f34-10b4-11f1-b2c7-ac1f6b417054,False,False
faff1baa-10b4-11f1-b2c7-ac1f6b417054_label_fake.npz,arabic/echomimic/faff1baa-10b4-11f1-b2c7-ac1f6b417054.mp4,fake,echomimic,arabic,faff1baa-10b4-11f1-b2c7-ac1f6b417054.mp4,faff1baa-10b4-11f1-b2c7-ac1f6b417054,False,False
0a02a6d0-10b5-11f1-b2c7-ac1f6b417054_label_fake.npz,russian/echomimic/0a02a6d0-10b5-11f1-b2c7-ac1f6b417054.mp4,fake,echomimic,russian,0a02a6d0-10b5-11f1-b2c7-ac1f6b417054.mp4,0a02a6d0-10b5-11f1-b2c7-ac1f6b417054,False,False
1e27de28-10b5-11f1-b2c7-ac1f6b417054_label_fake.npz,spanish/echomimic/1e27de28-10b5-11f1-b2c7-ac1f6b417054.mp4,fake,echomimic,spanish,1e27de28-10b5-11f1-b2c7-ac1f6b417054.mp4,1e27de28-10b5-11f1-b2c7-ac1f6b417054,False,False
28083dca-10b5-11f1-b2c7-ac1f6b417054_label_fake.npz,mandarin/liveportrait/28083dca-10b5-11f1-b2c7-ac1f6b417054.mp4,fake,liveportrait,mandarin,28083dca-10b5-11f1-b2c7-ac1f6b417054.mp4,28083dca-10b5-11f1-b2c7-ac1f6b417054,False,False
46f2e672-10b5-11f1-b2c7-ac1f6b417054_label_fake.npz,russian/echomimic/46f2e672-10b5-11f1-b2c7-ac1f6b417054.mp4,fake,echomimic,russian,46f2e672-10b5-11f1-b2c7-ac1f6b417054.mp4,46f2e672-10b5-11f1-b2c7-ac1f6b417054,False,False
75f7c0c8-10b5-11f1-b2c7-ac1f6b417054_label_fake.npz,romanian/echomimic/75f7c0c8-10b5-11f1-b2c7-ac1f6b417054.mp4,fake,echomimic,romanian,75f7c0c8-10b5-11f1-b2c7-ac1f6b417054.mp4,75f7c0c8-10b5-11f1-b2c7-ac1f6b417054,False,False
7aed9134-10b5-11f1-b2c7-ac1f6b417054_label_fake.npz,mandarin/liveportrait/7aed9134-10b5-11f1-b2c7-ac1f6b417054.mp4,fake,liveportrait,mandarin,7aed9134-10b5-11f1-b2c7-ac1f6b417054.mp4,7aed9134-10b5-11f1-b2c7-ac1f6b417054,False,False
8ed869e4-10b5-11f1-b2c7-ac1f6b417054_label_fake.npz,mandarin/echomimic/8ed869e4-10b5-11f1-b2c7-ac1f6b417054.mp4,fake,echomimic,mandarin,8ed869e4-10b5-11f1-b2c7-ac1f6b417054.mp4,8ed869e4-10b5-11f1-b2c7-ac1f6b417054,False,False
c69b8a5a-10b5-11f1-b2c7-ac1f6b417054_label_fake.npz,english/liveportrait/c69b8a5a-10b5-11f1-b2c7-ac1f6b417054.mp4,fake,liveportrait,english,c69b8a5a-10b5-11f1-b2c7-ac1f6b417054.mp4,c69b8a5a-10b5-11f1-b2c7-ac1f6b417054,False,False
ef6c9c94-10b5-11f1-b2c7-ac1f6b417054_label_fake.npz,english/echomimic/ef6c9c94-10b5-11f1-b2c7-ac1f6b417054.mp4,fake,echomimic,english,ef6c9c94-10b5-11f1-b2c7-ac1f6b417054.mp4,ef6c9c94-10b5-11f1-b2c7-ac1f6b417054,False,False
ff38337c-10b5-11f1-b2c7-ac1f6b417054_label_fake.npz,arabic/liveportrait/ff38337c-10b5-11f1-b2c7-ac1f6b417054.mp4,fake,liveportrait,arabic,ff38337c-10b5-11f1-b2c7-ac1f6b417054.mp4,ff38337c-10b5-11f1-b2c7-ac1f6b417054,False,False
054d4be4-10b6-11f1-b2c7-ac1f6b417054_label_fake.npz,spanish/echomimic/054d4be4-10b6-11f1-b2c7-ac1f6b417054.mp4,fake,echomimic,spanish,054d4be4-10b6-11f1-b2c7-ac1f6b417054.mp4,054d4be4-10b6-11f1-b2c7-ac1f6b417054,False,False
104741ee-10b6-11f1-b2c7-ac1f6b417054_label_fake.npz,arabic/echomimic/104741ee-10b6-11f1-b2c7-ac1f6b417054.mp4,fake,echomimic,arabic,104741ee-10b6-11f1-b2c7-ac1f6b417054.mp4,104741ee-10b6-11f1-b2c7-ac1f6b417054,False,False
5e7d7c3e-10b6-11f1-b2c7-ac1f6b417054_label_fake.npz,german/liveportrait/5e7d7c3e-10b6-11f1-b2c7-ac1f6b417054.mp4,fake,liveportrait,german,5e7d7c3e-10b6-11f1-b2c7-ac1f6b417054.mp4,5e7d7c3e-10b6-11f1-b2c7-ac1f6b417054,False,True
6884dbaa-10b6-11f1-b2c7-ac1f6b417054_label_fake.npz,spanish/liveportrait/6884dbaa-10b6-11f1-b2c7-ac1f6b417054.mp4,fake,liveportrait,spanish,6884dbaa-10b6-11f1-b2c7-ac1f6b417054.mp4,6884dbaa-10b6-11f1-b2c7-ac1f6b417054,False,False
8da244e0-10b6-11f1-b2c7-ac1f6b417054_label_fake.npz,german/echomimic/8da244e0-10b6-11f1-b2c7-ac1f6b417054.mp4,fake,echomimic,german,8da244e0-10b6-11f1-b2c7-ac1f6b417054.mp4,8da244e0-10b6-11f1-b2c7-ac1f6b417054,False,True
b2e0b67e-10b6-11f1-b2c7-ac1f6b417054_label_fake.npz,russian/echomimic/b2e0b67e-10b6-11f1-b2c7-ac1f6b417054.mp4,fake,echomimic,russian,b2e0b67e-10b6-11f1-b2c7-ac1f6b417054.mp4,b2e0b67e-10b6-11f1-b2c7-ac1f6b417054,False,False
cd82bedc-10b6-11f1-b2c7-ac1f6b417054_label_fake.npz,romanian/echomimic/cd82bedc-10b6-11f1-b2c7-ac1f6b417054.mp4,fake,echomimic,romanian,cd82bedc-10b6-11f1-b2c7-ac1f6b417054.mp4,cd82bedc-10b6-11f1-b2c7-ac1f6b417054,False,False
ed316eea-10b6-11f1-b2c7-ac1f6b417054_label_fake.npz,english/liveportrait/ed316eea-10b6-11f1-b2c7-ac1f6b417054.mp4,fake,liveportrait,english,ed316eea-10b6-11f1-b2c7-ac1f6b417054.mp4,ed316eea-10b6-11f1-b2c7-ac1f6b417054,False,False
31811ef6-10b7-11f1-b2c7-ac1f6b417054_label_fake.npz,mandarin/echomimic/31811ef6-10b7-11f1-b2c7-ac1f6b417054.mp4,fake,echomimic,mandarin,31811ef6-10b7-11f1-b2c7-ac1f6b417054.mp4,31811ef6-10b7-11f1-b2c7-ac1f6b417054,False,False
5e97f9fa-10b7-11f1-b2c7-ac1f6b417054_label_fake.npz,russian/echomimic/5e97f9fa-10b7-11f1-b2c7-ac1f6b417054.mp4,fake,echomimic,russian,5e97f9fa-10b7-11f1-b2c7-ac1f6b417054.mp4,5e97f9fa-10b7-11f1-b2c7-ac1f6b417054,False,False
a5df9372-10b7-11f1-b2c7-ac1f6b417054_label_fake.npz,mandarin/echomimic/a5df9372-10b7-11f1-b2c7-ac1f6b417054.mp4,fake,echomimic,mandarin,a5df9372-10b7-11f1-b2c7-ac1f6b417054.mp4,a5df9372-10b7-11f1-b2c7-ac1f6b417054,False,False
ef6a94ce-10b7-11f1-b2c7-ac1f6b417054_label_fake.npz,mandarin/liveportrait/ef6a94ce-10b7-11f1-b2c7-ac1f6b417054.mp4,fake,liveportrait,mandarin,ef6a94ce-10b7-11f1-b2c7-ac1f6b417054.mp4,ef6a94ce-10b7-11f1-b2c7-ac1f6b417054,False,False
f449d61c-10b7-11f1-b2c7-ac1f6b417054_label_fake.npz,mandarin/echomimic/f449d61c-10b7-11f1-b2c7-ac1f6b417054.mp4,fake,echomimic,mandarin,f449d61c-10b7-11f1-b2c7-ac1f6b417054.mp4,f449d61c-10b7-11f1-b2c7-ac1f6b417054,False,False
3f418cfa-10b8-11f1-b2c7-ac1f6b417054_label_fake.npz,russian/liveportrait/3f418cfa-10b8-11f1-b2c7-ac1f6b417054.mp4,fake,liveportrait,russian,3f418cfa-10b8-11f1-b2c7-ac1f6b417054.mp4,3f418cfa-10b8-11f1-b2c7-ac1f6b417054,False,False
500ff56c-10b8-11f1-b2c7-ac1f6b417054_label_fake.npz,english/echomimic/500ff56c-10b8-11f1-b2c7-ac1f6b417054.mp4,fake,echomimic,english,500ff56c-10b8-11f1-b2c7-ac1f6b417054.mp4,500ff56c-10b8-11f1-b2c7-ac1f6b417054,False,False
69f2a7cc-10b8-11f1-b2c7-ac1f6b417054_label_fake.npz,russian/liveportrait/69f2a7cc-10b8-11f1-b2c7-ac1f6b417054.mp4,fake,liveportrait,russian,69f2a7cc-10b8-11f1-b2c7-ac1f6b417054.mp4,69f2a7cc-10b8-11f1-b2c7-ac1f6b417054,False,False
73e70606-10b8-11f1-b2c7-ac1f6b417054_label_fake.npz,hindi/liveportrait/73e70606-10b8-11f1-b2c7-ac1f6b417054.mp4,fake,liveportrait,hindi,73e70606-10b8-11f1-b2c7-ac1f6b417054.mp4,73e70606-10b8-11f1-b2c7-ac1f6b417054,False,True
7ecbdb8c-10b8-11f1-b2c7-ac1f6b417054_label_fake.npz,english/echomimic/7ecbdb8c-10b8-11f1-b2c7-ac1f6b417054.mp4,fake,echomimic,english,7ecbdb8c-10b8-11f1-b2c7-ac1f6b417054.mp4,7ecbdb8c-10b8-11f1-b2c7-ac1f6b417054,False,False
88dbb0de-10b8-11f1-b2c7-ac1f6b417054_label_fake.npz,english/echomimic/88dbb0de-10b8-11f1-b2c7-ac1f6b417054.mp4,fake,echomimic,english,88dbb0de-10b8-11f1-b2c7-ac1f6b417054.mp4,88dbb0de-10b8-11f1-b2c7-ac1f6b417054,False,False
cfae0606-10b8-11f1-b2c7-ac1f6b417054_label_fake.npz,english/liveportrait/cfae0606-10b8-11f1-b2c7-ac1f6b417054.mp4,fake,liveportrait,english,cfae0606-10b8-11f1-b2c7-ac1f6b417054.mp4,cfae0606-10b8-11f1-b2c7-ac1f6b417054,False,False
f994cc5c-10b8-11f1-b2c7-ac1f6b417054_label_fake.npz,romanian/echomimic/f994cc5c-10b8-11f1-b2c7-ac1f6b417054.mp4,fake,echomimic,romanian,f994cc5c-10b8-11f1-b2c7-ac1f6b417054.mp4,f994cc5c-10b8-11f1-b2c7-ac1f6b417054,False,False
6151901e-10b9-11f1-b2c7-ac1f6b417054_label_fake.npz,german/echomimic/6151901e-10b9-11f1-b2c7-ac1f6b417054.mp4,fake,echomimic,german,6151901e-10b9-11f1-b2c7-ac1f6b417054.mp4,6151901e-10b9-11f1-b2c7-ac1f6b417054,False,True
8a141f44-10b9-11f1-b2c7-ac1f6b417054_label_fake.npz,spanish/echomimic/8a141f44-10b9-11f1-b2c7-ac1f6b417054.mp4,fake,echomimic,spanish,8a141f44-10b9-11f1-b2c7-ac1f6b417054.mp4,8a141f44-10b9-11f1-b2c7-ac1f6b417054,False,False
b896d2e4-10b9-11f1-b2c7-ac1f6b417054_label_fake.npz,russian/echomimic/b896d2e4-10b9-11f1-b2c7-ac1f6b417054.mp4,fake,echomimic,russian,b896d2e4-10b9-11f1-b2c7-ac1f6b417054.mp4,b896d2e4-10b9-11f1-b2c7-ac1f6b417054,False,False
e17d181c-10b9-11f1-b2c7-ac1f6b417054_label_fake.npz,romanian/echomimic/e17d181c-10b9-11f1-b2c7-ac1f6b417054.mp4,fake,echomimic,romanian,e17d181c-10b9-11f1-b2c7-ac1f6b417054.mp4,e17d181c-10b9-11f1-b2c7-ac1f6b417054,False,False
195bdb56-10ba-11f1-b2c7-ac1f6b417054_label_fake.npz,mandarin/liveportrait/195bdb56-10ba-11f1-b2c7-ac1f6b417054.mp4,fake,liveportrait,mandarin,195bdb56-10ba-11f1-b2c7-ac1f6b417054.mp4,195bdb56-10ba-11f1-b2c7-ac1f6b417054,False,False
36ff6d62-10ba-11f1-b2c7-ac1f6b417054_label_fake.npz,spanish/echomimic/36ff6d62-10ba-11f1-b2c7-ac1f6b417054.mp4,fake,echomimic,spanish,36ff6d62-10ba-11f1-b2c7-ac1f6b417054.mp4,36ff6d62-10ba-11f1-b2c7-ac1f6b417054,False,False
5a409bfc-10ba-11f1-b2c7-ac1f6b417054_label_fake.npz,hindi/liveportrait/5a409bfc-10ba-11f1-b2c7-ac1f6b417054.mp4,fake,liveportrait,hindi,5a409bfc-10ba-11f1-b2c7-ac1f6b417054.mp4,5a409bfc-10ba-11f1-b2c7-ac1f6b417054,False,True
927410ee-10ba-11f1-b2c7-ac1f6b417054_label_fake.npz,hindi/liveportrait/927410ee-10ba-11f1-b2c7-ac1f6b417054.mp4,fake,liveportrait,hindi,927410ee-10ba-11f1-b2c7-ac1f6b417054.mp4,927410ee-10ba-11f1-b2c7-ac1f6b417054,False,True
c20f627c-10ba-11f1-b2c7-ac1f6b417054_label_fake.npz,hindi/liveportrait/c20f627c-10ba-11f1-b2c7-ac1f6b417054.mp4,fake,liveportrait,hindi,c20f627c-10ba-11f1-b2c7-ac1f6b417054.mp4,c20f627c-10ba-11f1-b2c7-ac1f6b417054,False,True
d252a888-10ba-11f1-b2c7-ac1f6b417054_label_fake.npz,arabic/echomimic/d252a888-10ba-11f1-b2c7-ac1f6b417054.mp4,fake,echomimic,arabic,d252a888-10ba-11f1-b2c7-ac1f6b417054.mp4,d252a888-10ba-11f1-b2c7-ac1f6b417054,False,False
dc72a4c6-10ba-11f1-b2c7-ac1f6b417054_label_fake.npz,spanish/echomimic/dc72a4c6-10ba-11f1-b2c7-ac1f6b417054.mp4,fake,echomimic,spanish,dc72a4c6-10ba-11f1-b2c7-ac1f6b417054.mp4,dc72a4c6-10ba-11f1-b2c7-ac1f6b417054,False,False
e1899afa-10ba-11f1-b2c7-ac1f6b417054_label_fake.npz,romanian/echomimic/e1899afa-10ba-11f1-b2c7-ac1f6b417054.mp4,fake,echomimic,romanian,e1899afa-10ba-11f1-b2c7-ac1f6b417054.mp4,e1899afa-10ba-11f1-b2c7-ac1f6b417054,False,False
ec096532-10ba-11f1-b2c7-ac1f6b417054_label_fake.npz,mandarin/echomimic/ec096532-10ba-11f1-b2c7-ac1f6b417054.mp4,fake,echomimic,mandarin,ec096532-10ba-11f1-b2c7-ac1f6b417054.mp4,ec096532-10ba-11f1-b2c7-ac1f6b417054,False,False
f107ca56-10ba-11f1-b2c7-ac1f6b417054_label_fake.npz,romanian/echomimic/f107ca56-10ba-11f1-b2c7-ac1f6b417054.mp4,fake,echomimic,romanian,f107ca56-10ba-11f1-b2c7-ac1f6b417054.mp4,f107ca56-10ba-11f1-b2c7-ac1f6b417054,False,False
f6455114-10ba-11f1-b2c7-ac1f6b417054_label_fake.npz,german/echomimic/f6455114-10ba-11f1-b2c7-ac1f6b417054.mp4,fake,echomimic,german,f6455114-10ba-11f1-b2c7-ac1f6b417054.mp4,f6455114-10ba-11f1-b2c7-ac1f6b417054,False,True
161fb4d4-10bb-11f1-b2c7-ac1f6b417054_label_fake.npz,mandarin/liveportrait/161fb4d4-10bb-11f1-b2c7-ac1f6b417054.mp4,fake,liveportrait,mandarin,161fb4d4-10bb-11f1-b2c7-ac1f6b417054.mp4,161fb4d4-10bb-11f1-b2c7-ac1f6b417054,False,False
26e8713e-10bb-11f1-b2c7-ac1f6b417054_label_fake.npz,mandarin/liveportrait/26e8713e-10bb-11f1-b2c7-ac1f6b417054.mp4,fake,liveportrait,mandarin,26e8713e-10bb-11f1-b2c7-ac1f6b417054.mp4,26e8713e-10bb-11f1-b2c7-ac1f6b417054,False,False
3c1c9de6-10bb-11f1-b2c7-ac1f6b417054_label_fake.npz,romanian/echomimic/3c1c9de6-10bb-11f1-b2c7-ac1f6b417054.mp4,fake,echomimic,romanian,3c1c9de6-10bb-11f1-b2c7-ac1f6b417054.mp4,3c1c9de6-10bb-11f1-b2c7-ac1f6b417054,False,False
4ba9c4dc-10bb-11f1-b2c7-ac1f6b417054_label_fake.npz,mandarin/liveportrait/4ba9c4dc-10bb-11f1-b2c7-ac1f6b417054.mp4,fake,liveportrait,mandarin,4ba9c4dc-10bb-11f1-b2c7-ac1f6b417054.mp4,4ba9c4dc-10bb-11f1-b2c7-ac1f6b417054,False,False
50a4e728-10bb-11f1-b2c7-ac1f6b417054_label_fake.npz,english/liveportrait/50a4e728-10bb-11f1-b2c7-ac1f6b417054.mp4,fake,liveportrait,english,50a4e728-10bb-11f1-b2c7-ac1f6b417054.mp4,50a4e728-10bb-11f1-b2c7-ac1f6b417054,False,False
69649b78-10bb-11f1-b2c7-ac1f6b417054_label_fake.npz,mandarin/echomimic/69649b78-10bb-11f1-b2c7-ac1f6b417054.mp4,fake,echomimic,mandarin,69649b78-10bb-11f1-b2c7-ac1f6b417054.mp4,69649b78-10bb-11f1-b2c7-ac1f6b417054,False,False
ae015622-10bb-11f1-b2c7-ac1f6b417054_label_fake.npz,spanish/echomimic/ae015622-10bb-11f1-b2c7-ac1f6b417054.mp4,fake,echomimic,spanish,ae015622-10bb-11f1-b2c7-ac1f6b417054.mp4,ae015622-10bb-11f1-b2c7-ac1f6b417054,False,False
04e5bf0a-10bc-11f1-b2c7-ac1f6b417054_label_fake.npz,hindi/liveportrait/04e5bf0a-10bc-11f1-b2c7-ac1f6b417054.mp4,fake,liveportrait,hindi,04e5bf0a-10bc-11f1-b2c7-ac1f6b417054.mp4,04e5bf0a-10bc-11f1-b2c7-ac1f6b417054,False,True
4913e922-10bc-11f1-b2c7-ac1f6b417054_label_fake.npz,spanish/liveportrait/4913e922-10bc-11f1-b2c7-ac1f6b417054.mp4,fake,liveportrait,spanish,4913e922-10bc-11f1-b2c7-ac1f6b417054.mp4,4913e922-10bc-11f1-b2c7-ac1f6b417054,False,False
73daed7c-10bc-11f1-b2c7-ac1f6b417054_label_fake.npz,german/liveportrait/73daed7c-10bc-11f1-b2c7-ac1f6b417054.mp4,fake,liveportrait,german,73daed7c-10bc-11f1-b2c7-ac1f6b417054.mp4,73daed7c-10bc-11f1-b2c7-ac1f6b417054,False,True
a273a3ae-10bc-11f1-b2c7-ac1f6b417054_label_fake.npz,arabic/liveportrait/a273a3ae-10bc-11f1-b2c7-ac1f6b417054.mp4,fake,liveportrait,arabic,a273a3ae-10bc-11f1-b2c7-ac1f6b417054.mp4,a273a3ae-10bc-11f1-b2c7-ac1f6b417054,False,False
cc80dffe-10bc-11f1-b2c7-ac1f6b417054_label_fake.npz,arabic/echomimic/cc80dffe-10bc-11f1-b2c7-ac1f6b417054.mp4,fake,echomimic,arabic,cc80dffe-10bc-11f1-b2c7-ac1f6b417054.mp4,cc80dffe-10bc-11f1-b2c7-ac1f6b417054,False,False
db84176e-10bc-11f1-b2c7-ac1f6b417054_label_fake.npz,english/echomimic/db84176e-10bc-11f1-b2c7-ac1f6b417054.mp4,fake,echomimic,english,db84176e-10bc-11f1-b2c7-ac1f6b417054.mp4,db84176e-10bc-11f1-b2c7-ac1f6b417054,False,False
ef5843d2-10bc-11f1-b2c7-ac1f6b417054_label_fake.npz,spanish/liveportrait/ef5843d2-10bc-11f1-b2c7-ac1f6b417054.mp4,fake,liveportrait,spanish,ef5843d2-10bc-11f1-b2c7-ac1f6b417054.mp4,ef5843d2-10bc-11f1-b2c7-ac1f6b417054,False,False
f4472318-10bc-11f1-b2c7-ac1f6b417054_label_fake.npz,mandarin/echomimic/f4472318-10bc-11f1-b2c7-ac1f6b417054.mp4,fake,echomimic,mandarin,f4472318-10bc-11f1-b2c7-ac1f6b417054.mp4,f4472318-10bc-11f1-b2c7-ac1f6b417054,False,False
fe2238aa-10bc-11f1-b2c7-ac1f6b417054_label_fake.npz,romanian/liveportrait/fe2238aa-10bc-11f1-b2c7-ac1f6b417054.mp4,fake,liveportrait,romanian,fe2238aa-10bc-11f1-b2c7-ac1f6b417054.mp4,fe2238aa-10bc-11f1-b2c7-ac1f6b417054,False,False
26663e74-10bd-11f1-b2c7-ac1f6b417054_label_fake.npz,english/liveportrait/26663e74-10bd-11f1-b2c7-ac1f6b417054.mp4,fake,liveportrait,english,26663e74-10bd-11f1-b2c7-ac1f6b417054.mp4,26663e74-10bd-11f1-b2c7-ac1f6b417054,False,False
d8ece1c4-10bd-11f1-b2c7-ac1f6b417054_label_fake.npz,german/echomimic/d8ece1c4-10bd-11f1-b2c7-ac1f6b417054.mp4,fake,echomimic,german,d8ece1c4-10bd-11f1-b2c7-ac1f6b417054.mp4,d8ece1c4-10bd-11f1-b2c7-ac1f6b417054,False,True
085b6886-10be-11f1-b2c7-ac1f6b417054_label_fake.npz,russian/liveportrait/085b6886-10be-11f1-b2c7-ac1f6b417054.mp4,fake,liveportrait,russian,085b6886-10be-11f1-b2c7-ac1f6b417054.mp4,085b6886-10be-11f1-b2c7-ac1f6b417054,False,False
373739a0-10be-11f1-b2c7-ac1f6b417054_label_fake.npz,spanish/liveportrait/373739a0-10be-11f1-b2c7-ac1f6b417054.mp4,fake,liveportrait,spanish,373739a0-10be-11f1-b2c7-ac1f6b417054.mp4,373739a0-10be-11f1-b2c7-ac1f6b417054,False,False
658b8afe-10be-11f1-b2c7-ac1f6b417054_label_fake.npz,mandarin/liveportrait/658b8afe-10be-11f1-b2c7-ac1f6b417054.mp4,fake,liveportrait,mandarin,658b8afe-10be-11f1-b2c7-ac1f6b417054.mp4,658b8afe-10be-11f1-b2c7-ac1f6b417054,False,False
92e9cba0-10be-11f1-b2c7-ac1f6b417054_label_fake.npz,german/liveportrait/92e9cba0-10be-11f1-b2c7-ac1f6b417054.mp4,fake,liveportrait,german,92e9cba0-10be-11f1-b2c7-ac1f6b417054.mp4,92e9cba0-10be-11f1-b2c7-ac1f6b417054,False,True
97cb9af4-10be-11f1-b2c7-ac1f6b417054_label_fake.npz,russian/echomimic/97cb9af4-10be-11f1-b2c7-ac1f6b417054.mp4,fake,echomimic,russian,97cb9af4-10be-11f1-b2c7-ac1f6b417054.mp4,97cb9af4-10be-11f1-b2c7-ac1f6b417054,False,False
cc19d488-10be-11f1-b2c7-ac1f6b417054_label_fake.npz,spanish/echomimic/cc19d488-10be-11f1-b2c7-ac1f6b417054.mp4,fake,echomimic,spanish,cc19d488-10be-11f1-b2c7-ac1f6b417054.mp4,cc19d488-10be-11f1-b2c7-ac1f6b417054,False,False
dbbedbae-10be-11f1-b2c7-ac1f6b417054_label_fake.npz,spanish/echomimic/dbbedbae-10be-11f1-b2c7-ac1f6b417054.mp4,fake,echomimic,spanish,dbbedbae-10be-11f1-b2c7-ac1f6b417054.mp4,dbbedbae-10be-11f1-b2c7-ac1f6b417054,False,False
e0b714e6-10be-11f1-b2c7-ac1f6b417054_label_fake.npz,spanish/liveportrait/e0b714e6-10be-11f1-b2c7-ac1f6b417054.mp4,fake,liveportrait,spanish,e0b714e6-10be-11f1-b2c7-ac1f6b417054.mp4,e0b714e6-10be-11f1-b2c7-ac1f6b417054,False,False
ea597606-10be-11f1-b2c7-ac1f6b417054_label_fake.npz,hindi/liveportrait/ea597606-10be-11f1-b2c7-ac1f6b417054.mp4,fake,liveportrait,hindi,ea597606-10be-11f1-b2c7-ac1f6b417054.mp4,ea597606-10be-11f1-b2c7-ac1f6b417054,False,True
efa3f30c-10be-11f1-b2c7-ac1f6b417054_label_fake.npz,hindi/echomimic/efa3f30c-10be-11f1-b2c7-ac1f6b417054.mp4,fake,echomimic,hindi,efa3f30c-10be-11f1-b2c7-ac1f6b417054.mp4,efa3f30c-10be-11f1-b2c7-ac1f6b417054,False,True
21bbf1c8-10bf-11f1-b2c7-ac1f6b417054_label_fake.npz,arabic/liveportrait/21bbf1c8-10bf-11f1-b2c7-ac1f6b417054.mp4,fake,liveportrait,arabic,21bbf1c8-10bf-11f1-b2c7-ac1f6b417054.mp4,21bbf1c8-10bf-11f1-b2c7-ac1f6b417054,False,False
2c15d396-10bf-11f1-b2c7-ac1f6b417054_label_fake.npz,romanian/liveportrait/2c15d396-10bf-11f1-b2c7-ac1f6b417054.mp4,fake,liveportrait,romanian,2c15d396-10bf-11f1-b2c7-ac1f6b417054.mp4,2c15d396-10bf-11f1-b2c7-ac1f6b417054,False,False
7a532388-10bf-11f1-b2c7-ac1f6b417054_label_fake.npz,english/echomimic/7a532388-10bf-11f1-b2c7-ac1f6b417054.mp4,fake,echomimic,english,7a532388-10bf-11f1-b2c7-ac1f6b417054.mp4,7a532388-10bf-11f1-b2c7-ac1f6b417054,False,False
7f0e4d30-10bf-11f1-b2c7-ac1f6b417054_label_fake.npz,spanish/echomimic/7f0e4d30-10bf-11f1-b2c7-ac1f6b417054.mp4,fake,echomimic,spanish,7f0e4d30-10bf-11f1-b2c7-ac1f6b417054.mp4,7f0e4d30-10bf-11f1-b2c7-ac1f6b417054,False,False
8d80a1a6-10bf-11f1-b2c7-ac1f6b417054_label_fake.npz,spanish/liveportrait/8d80a1a6-10bf-11f1-b2c7-ac1f6b417054.mp4,fake,liveportrait,spanish,8d80a1a6-10bf-11f1-b2c7-ac1f6b417054.mp4,8d80a1a6-10bf-11f1-b2c7-ac1f6b417054,False,False
925f87c8-10bf-11f1-b2c7-ac1f6b417054_label_fake.npz,mandarin/liveportrait/925f87c8-10bf-11f1-b2c7-ac1f6b417054.mp4,fake,liveportrait,mandarin,925f87c8-10bf-11f1-b2c7-ac1f6b417054.mp4,925f87c8-10bf-11f1-b2c7-ac1f6b417054,False,False
97477980-10bf-11f1-b2c7-ac1f6b417054_label_fake.npz,english/echomimic/97477980-10bf-11f1-b2c7-ac1f6b417054.mp4,fake,echomimic,english,97477980-10bf-11f1-b2c7-ac1f6b417054.mp4,97477980-10bf-11f1-b2c7-ac1f6b417054,False,False
a5a731f0-10bf-11f1-b2c7-ac1f6b417054_label_fake.npz,romanian/liveportrait/a5a731f0-10bf-11f1-b2c7-ac1f6b417054.mp4,fake,liveportrait,romanian,a5a731f0-10bf-11f1-b2c7-ac1f6b417054.mp4,a5a731f0-10bf-11f1-b2c7-ac1f6b417054,False,False
b4c9dc8c-10bf-11f1-b2c7-ac1f6b417054_label_fake.npz,hindi/echomimic/b4c9dc8c-10bf-11f1-b2c7-ac1f6b417054.mp4,fake,echomimic,hindi,b4c9dc8c-10bf-11f1-b2c7-ac1f6b417054.mp4,b4c9dc8c-10bf-11f1-b2c7-ac1f6b417054,False,True
1f5928dc-10c0-11f1-b2c7-ac1f6b417054_label_fake.npz,english/liveportrait/1f5928dc-10c0-11f1-b2c7-ac1f6b417054.mp4,fake,liveportrait,english,1f5928dc-10c0-11f1-b2c7-ac1f6b417054.mp4,1f5928dc-10c0-11f1-b2c7-ac1f6b417054,False,False
5170b74a-10c0-11f1-b2c7-ac1f6b417054_label_fake.npz,russian/liveportrait/5170b74a-10c0-11f1-b2c7-ac1f6b417054.mp4,fake,liveportrait,russian,5170b74a-10c0-11f1-b2c7-ac1f6b417054.mp4,5170b74a-10c0-11f1-b2c7-ac1f6b417054,False,False
6bbd0b8a-10c0-11f1-b2c7-ac1f6b417054_label_fake.npz,english/echomimic/6bbd0b8a-10c0-11f1-b2c7-ac1f6b417054.mp4,fake,echomimic,english,6bbd0b8a-10c0-11f1-b2c7-ac1f6b417054.mp4,6bbd0b8a-10c0-11f1-b2c7-ac1f6b417054,False,False
a33b991e-10c0-11f1-b2c7-ac1f6b417054_label_fake.npz,english/liveportrait/a33b991e-10c0-11f1-b2c7-ac1f6b417054.mp4,fake,liveportrait,english,a33b991e-10c0-11f1-b2c7-ac1f6b417054.mp4,a33b991e-10c0-11f1-b2c7-ac1f6b417054,False,False
c64c7540-10c0-11f1-b2c7-ac1f6b417054_label_fake.npz,romanian/liveportrait/c64c7540-10c0-11f1-b2c7-ac1f6b417054.mp4,fake,liveportrait,romanian,c64c7540-10c0-11f1-b2c7-ac1f6b417054.mp4,c64c7540-10c0-11f1-b2c7-ac1f6b417054,False,False
d5bc5202-10c0-11f1-b2c7-ac1f6b417054_label_fake.npz,mandarin/liveportrait/d5bc5202-10c0-11f1-b2c7-ac1f6b417054.mp4,fake,liveportrait,mandarin,d5bc5202-10c0-11f1-b2c7-ac1f6b417054.mp4,d5bc5202-10c0-11f1-b2c7-ac1f6b417054,False,False
122230cc-10c1-11f1-b2c7-ac1f6b417054_label_fake.npz,english/echomimic/122230cc-10c1-11f1-b2c7-ac1f6b417054.mp4,fake,echomimic,english,122230cc-10c1-11f1-b2c7-ac1f6b417054.mp4,122230cc-10c1-11f1-b2c7-ac1f6b417054,False,False
1bc9282e-10c1-11f1-b2c7-ac1f6b417054_label_fake.npz,russian/liveportrait/1bc9282e-10c1-11f1-b2c7-ac1f6b417054.mp4,fake,liveportrait,russian,1bc9282e-10c1-11f1-b2c7-ac1f6b417054.mp4,1bc9282e-10c1-11f1-b2c7-ac1f6b417054,False,False
208d4264-10c1-11f1-b2c7-ac1f6b417054_label_fake.npz,russian/liveportrait/208d4264-10c1-11f1-b2c7-ac1f6b417054.mp4,fake,liveportrait,russian,208d4264-10c1-11f1-b2c7-ac1f6b417054.mp4,208d4264-10c1-11f1-b2c7-ac1f6b417054,False,False
47b15d44-10c1-11f1-b2c7-ac1f6b417054_label_fake.npz,mandarin/liveportrait/47b15d44-10c1-11f1-b2c7-ac1f6b417054.mp4,fake,liveportrait,mandarin,47b15d44-10c1-11f1-b2c7-ac1f6b417054.mp4,47b15d44-10c1-11f1-b2c7-ac1f6b417054,False,False
603a08a2-10c1-11f1-b2c7-ac1f6b417054_label_fake.npz,arabic/echomimic/603a08a2-10c1-11f1-b2c7-ac1f6b417054.mp4,fake,echomimic,arabic,603a08a2-10c1-11f1-b2c7-ac1f6b417054.mp4,603a08a2-10c1-11f1-b2c7-ac1f6b417054,False,False
657a1faa-10c1-11f1-b2c7-ac1f6b417054_label_fake.npz,hindi/echomimic/657a1faa-10c1-11f1-b2c7-ac1f6b417054.mp4,fake,echomimic,hindi,657a1faa-10c1-11f1-b2c7-ac1f6b417054.mp4,657a1faa-10c1-11f1-b2c7-ac1f6b417054,False,True
aaaf2f98-10c1-11f1-b2c7-ac1f6b417054_label_fake.npz,german/echomimic/aaaf2f98-10c1-11f1-b2c7-ac1f6b417054.mp4,fake,echomimic,german,aaaf2f98-10c1-11f1-b2c7-ac1f6b417054.mp4,aaaf2f98-10c1-11f1-b2c7-ac1f6b417054,False,True
b94c414e-10c1-11f1-b2c7-ac1f6b417054_label_fake.npz,spanish/echomimic/b94c414e-10c1-11f1-b2c7-ac1f6b417054.mp4,fake,echomimic,spanish,b94c414e-10c1-11f1-b2c7-ac1f6b417054.mp4,b94c414e-10c1-11f1-b2c7-ac1f6b417054,False,False
be741606-10c1-11f1-b2c7-ac1f6b417054_label_fake.npz,arabic/liveportrait/be741606-10c1-11f1-b2c7-ac1f6b417054.mp4,fake,liveportrait,arabic,be741606-10c1-11f1-b2c7-ac1f6b417054.mp4,be741606-10c1-11f1-b2c7-ac1f6b417054,False,False
0321ea58-10c2-11f1-b2c7-ac1f6b417054_label_fake.npz,english/liveportrait/0321ea58-10c2-11f1-b2c7-ac1f6b417054.mp4,fake,liveportrait,english,0321ea58-10c2-11f1-b2c7-ac1f6b417054.mp4,0321ea58-10c2-11f1-b2c7-ac1f6b417054,False,False
43bccb78-10c2-11f1-b2c7-ac1f6b417054_label_fake.npz,arabic/echomimic/43bccb78-10c2-11f1-b2c7-ac1f6b417054.mp4,fake,echomimic,arabic,43bccb78-10c2-11f1-b2c7-ac1f6b417054.mp4,43bccb78-10c2-11f1-b2c7-ac1f6b417054,False,False
4dcfb364-10c2-11f1-b2c7-ac1f6b417054_label_fake.npz,spanish/echomimic/4dcfb364-10c2-11f1-b2c7-ac1f6b417054.mp4,fake,echomimic,spanish,4dcfb364-10c2-11f1-b2c7-ac1f6b417054.mp4,4dcfb364-10c2-11f1-b2c7-ac1f6b417054,False,False
70d6ad54-10c2-11f1-b2c7-ac1f6b417054_label_fake.npz,romanian/echomimic/70d6ad54-10c2-11f1-b2c7-ac1f6b417054.mp4,fake,echomimic,romanian,70d6ad54-10c2-11f1-b2c7-ac1f6b417054.mp4,70d6ad54-10c2-11f1-b2c7-ac1f6b417054,False,False
8f71a08e-10c2-11f1-b2c7-ac1f6b417054_label_fake.npz,russian/liveportrait/8f71a08e-10c2-11f1-b2c7-ac1f6b417054.mp4,fake,liveportrait,russian,8f71a08e-10c2-11f1-b2c7-ac1f6b417054.mp4,8f71a08e-10c2-11f1-b2c7-ac1f6b417054,False,False
ac5a96ec-10c2-11f1-b2c7-ac1f6b417054_label_fake.npz,hindi/liveportrait/ac5a96ec-10c2-11f1-b2c7-ac1f6b417054.mp4,fake,liveportrait,hindi,ac5a96ec-10c2-11f1-b2c7-ac1f6b417054.mp4,ac5a96ec-10c2-11f1-b2c7-ac1f6b417054,False,True
c29fd6ba-10c2-11f1-b2c7-ac1f6b417054_label_fake.npz,mandarin/echomimic/c29fd6ba-10c2-11f1-b2c7-ac1f6b417054.mp4,fake,echomimic,mandarin,c29fd6ba-10c2-11f1-b2c7-ac1f6b417054.mp4,c29fd6ba-10c2-11f1-b2c7-ac1f6b417054,False,False
cc2dd952-10c2-11f1-b2c7-ac1f6b417054_label_fake.npz,mandarin/echomimic/cc2dd952-10c2-11f1-b2c7-ac1f6b417054.mp4,fake,echomimic,mandarin,cc2dd952-10c2-11f1-b2c7-ac1f6b417054.mp4,cc2dd952-10c2-11f1-b2c7-ac1f6b417054,False,False
345f67b6-10c3-11f1-b2c7-ac1f6b417054_label_fake.npz,spanish/liveportrait/345f67b6-10c3-11f1-b2c7-ac1f6b417054.mp4,fake,liveportrait,spanish,345f67b6-10c3-11f1-b2c7-ac1f6b417054.mp4,345f67b6-10c3-11f1-b2c7-ac1f6b417054,False,False
5d4a0d8e-10c3-11f1-b2c7-ac1f6b417054_label_fake.npz,romanian/echomimic/5d4a0d8e-10c3-11f1-b2c7-ac1f6b417054.mp4,fake,echomimic,romanian,5d4a0d8e-10c3-11f1-b2c7-ac1f6b417054.mp4,5d4a0d8e-10c3-11f1-b2c7-ac1f6b417054,False,False
9e7cca76-10c3-11f1-b2c7-ac1f6b417054_label_fake.npz,russian/liveportrait/9e7cca76-10c3-11f1-b2c7-ac1f6b417054.mp4,fake,liveportrait,russian,9e7cca76-10c3-11f1-b2c7-ac1f6b417054.mp4,9e7cca76-10c3-11f1-b2c7-ac1f6b417054,False,False
dd820272-10c3-11f1-b2c7-ac1f6b417054_label_fake.npz,arabic/echomimic/dd820272-10c3-11f1-b2c7-ac1f6b417054.mp4,fake,echomimic,arabic,dd820272-10c3-11f1-b2c7-ac1f6b417054.mp4,dd820272-10c3-11f1-b2c7-ac1f6b417054,False,False
f178fe16-10c3-11f1-b2c7-ac1f6b417054_label_fake.npz,russian/echomimic/f178fe16-10c3-11f1-b2c7-ac1f6b417054.mp4,fake,echomimic,russian,f178fe16-10c3-11f1-b2c7-ac1f6b417054.mp4,f178fe16-10c3-11f1-b2c7-ac1f6b417054,False,False
18947da4-10c4-11f1-b2c7-ac1f6b417054_label_fake.npz,english/liveportrait/18947da4-10c4-11f1-b2c7-ac1f6b417054.mp4,fake,liveportrait,english,18947da4-10c4-11f1-b2c7-ac1f6b417054.mp4,18947da4-10c4-11f1-b2c7-ac1f6b417054,False,False
325d94b4-10c4-11f1-b2c7-ac1f6b417054_label_fake.npz,romanian/echomimic/325d94b4-10c4-11f1-b2c7-ac1f6b417054.mp4,fake,echomimic,romanian,325d94b4-10c4-11f1-b2c7-ac1f6b417054.mp4,325d94b4-10c4-11f1-b2c7-ac1f6b417054,False,False
52713814-10c4-11f1-b2c7-ac1f6b417054_label_fake.npz,russian/liveportrait/52713814-10c4-11f1-b2c7-ac1f6b417054.mp4,fake,liveportrait,russian,52713814-10c4-11f1-b2c7-ac1f6b417054.mp4,52713814-10c4-11f1-b2c7-ac1f6b417054,False,False
5760c3da-10c4-11f1-b2c7-ac1f6b417054_label_fake.npz,english/echomimic/5760c3da-10c4-11f1-b2c7-ac1f6b417054.mp4,fake,echomimic,english,5760c3da-10c4-11f1-b2c7-ac1f6b417054.mp4,5760c3da-10c4-11f1-b2c7-ac1f6b417054,False,False
5ca38d14-10c4-11f1-b2c7-ac1f6b417054_label_fake.npz,hindi/echomimic/5ca38d14-10c4-11f1-b2c7-ac1f6b417054.mp4,fake,echomimic,hindi,5ca38d14-10c4-11f1-b2c7-ac1f6b417054.mp4,5ca38d14-10c4-11f1-b2c7-ac1f6b417054,False,True
66b23918-10c4-11f1-b2c7-ac1f6b417054_label_fake.npz,mandarin/echomimic/66b23918-10c4-11f1-b2c7-ac1f6b417054.mp4,fake,echomimic,mandarin,66b23918-10c4-11f1-b2c7-ac1f6b417054.mp4,66b23918-10c4-11f1-b2c7-ac1f6b417054,False,False
8ea35ff6-10c4-11f1-b2c7-ac1f6b417054_label_fake.npz,mandarin/echomimic/8ea35ff6-10c4-11f1-b2c7-ac1f6b417054.mp4,fake,echomimic,mandarin,8ea35ff6-10c4-11f1-b2c7-ac1f6b417054.mp4,8ea35ff6-10c4-11f1-b2c7-ac1f6b417054,False,False
bc93905c-10c4-11f1-b2c7-ac1f6b417054_label_fake.npz,german/echomimic/bc93905c-10c4-11f1-b2c7-ac1f6b417054.mp4,fake,echomimic,german,bc93905c-10c4-11f1-b2c7-ac1f6b417054.mp4,bc93905c-10c4-11f1-b2c7-ac1f6b417054,False,True
ef0f60ba-10c4-11f1-b2c7-ac1f6b417054_label_fake.npz,arabic/echomimic/ef0f60ba-10c4-11f1-b2c7-ac1f6b417054.mp4,fake,echomimic,arabic,ef0f60ba-10c4-11f1-b2c7-ac1f6b417054.mp4,ef0f60ba-10c4-11f1-b2c7-ac1f6b417054,False,False
0d6fd04e-10c5-11f1-b2c7-ac1f6b417054_label_fake.npz,german/liveportrait/0d6fd04e-10c5-11f1-b2c7-ac1f6b417054.mp4,fake,liveportrait,german,0d6fd04e-10c5-11f1-b2c7-ac1f6b417054.mp4,0d6fd04e-10c5-11f1-b2c7-ac1f6b417054,False,True
539ce322-10c5-11f1-b2c7-ac1f6b417054_label_fake.npz,arabic/echomimic/539ce322-10c5-11f1-b2c7-ac1f6b417054.mp4,fake,echomimic,arabic,539ce322-10c5-11f1-b2c7-ac1f6b417054.mp4,539ce322-10c5-11f1-b2c7-ac1f6b417054,False,False
58edb540-10c5-11f1-b2c7-ac1f6b417054_label_fake.npz,spanish/liveportrait/58edb540-10c5-11f1-b2c7-ac1f6b417054.mp4,fake,liveportrait,spanish,58edb540-10c5-11f1-b2c7-ac1f6b417054.mp4,58edb540-10c5-11f1-b2c7-ac1f6b417054,False,False
868b2c3a-10c5-11f1-b2c7-ac1f6b417054_label_fake.npz,hindi/liveportrait/868b2c3a-10c5-11f1-b2c7-ac1f6b417054.mp4,fake,liveportrait,hindi,868b2c3a-10c5-11f1-b2c7-ac1f6b417054.mp4,868b2c3a-10c5-11f1-b2c7-ac1f6b417054,False,True
d05d4fe6-10c5-11f1-b2c7-ac1f6b417054_label_fake.npz,russian/echomimic/d05d4fe6-10c5-11f1-b2c7-ac1f6b417054.mp4,fake,echomimic,russian,d05d4fe6-10c5-11f1-b2c7-ac1f6b417054.mp4,d05d4fe6-10c5-11f1-b2c7-ac1f6b417054,False,False
2aa2e68c-10c6-11f1-b2c7-ac1f6b417054_label_fake.npz,mandarin/liveportrait/2aa2e68c-10c6-11f1-b2c7-ac1f6b417054.mp4,fake,liveportrait,mandarin,2aa2e68c-10c6-11f1-b2c7-ac1f6b417054.mp4,2aa2e68c-10c6-11f1-b2c7-ac1f6b417054,False,False
34fdc7a0-10c6-11f1-b2c7-ac1f6b417054_label_fake.npz,mandarin/echomimic/34fdc7a0-10c6-11f1-b2c7-ac1f6b417054.mp4,fake,echomimic,mandarin,34fdc7a0-10c6-11f1-b2c7-ac1f6b417054.mp4,34fdc7a0-10c6-11f1-b2c7-ac1f6b417054,False,False
70bb4fec-10c6-11f1-b2c7-ac1f6b417054_label_fake.npz,mandarin/liveportrait/70bb4fec-10c6-11f1-b2c7-ac1f6b417054.mp4,fake,liveportrait,mandarin,70bb4fec-10c6-11f1-b2c7-ac1f6b417054.mp4,70bb4fec-10c6-11f1-b2c7-ac1f6b417054,False,False
2c6fdb4a-10c7-11f1-b2c7-ac1f6b417054_label_fake.npz,english/echomimic/2c6fdb4a-10c7-11f1-b2c7-ac1f6b417054.mp4,fake,echomimic,english,2c6fdb4a-10c7-11f1-b2c7-ac1f6b417054.mp4,2c6fdb4a-10c7-11f1-b2c7-ac1f6b417054,False,False
6b115400-10c7-11f1-b2c7-ac1f6b417054_label_fake.npz,russian/echomimic/6b115400-10c7-11f1-b2c7-ac1f6b417054.mp4,fake,echomimic,russian,6b115400-10c7-11f1-b2c7-ac1f6b417054.mp4,6b115400-10c7-11f1-b2c7-ac1f6b417054,False,False
99f64604-10c7-11f1-b2c7-ac1f6b417054_label_fake.npz,english/echomimic/99f64604-10c7-11f1-b2c7-ac1f6b417054.mp4,fake,echomimic,english,99f64604-10c7-11f1-b2c7-ac1f6b417054.mp4,99f64604-10c7-11f1-b2c7-ac1f6b417054,False,False
cb902dce-10c7-11f1-b2c7-ac1f6b417054_label_fake.npz,mandarin/liveportrait/cb902dce-10c7-11f1-b2c7-ac1f6b417054.mp4,fake,liveportrait,mandarin,cb902dce-10c7-11f1-b2c7-ac1f6b417054.mp4,cb902dce-10c7-11f1-b2c7-ac1f6b417054,False,False
eb171d74-10c7-11f1-b2c7-ac1f6b417054_label_fake.npz,romanian/echomimic/eb171d74-10c7-11f1-b2c7-ac1f6b417054.mp4,fake,echomimic,romanian,eb171d74-10c7-11f1-b2c7-ac1f6b417054.mp4,eb171d74-10c7-11f1-b2c7-ac1f6b417054,False,False
0d798938-10c8-11f1-b2c7-ac1f6b417054_label_fake.npz,hindi/liveportrait/0d798938-10c8-11f1-b2c7-ac1f6b417054.mp4,fake,liveportrait,hindi,0d798938-10c8-11f1-b2c7-ac1f6b417054.mp4,0d798938-10c8-11f1-b2c7-ac1f6b417054,False,True
1774b7d2-10c8-11f1-b2c7-ac1f6b417054_label_fake.npz,arabic/echomimic/1774b7d2-10c8-11f1-b2c7-ac1f6b417054.mp4,fake,echomimic,arabic,1774b7d2-10c8-11f1-b2c7-ac1f6b417054.mp4,1774b7d2-10c8-11f1-b2c7-ac1f6b417054,False,False
2c116000-10c8-11f1-b2c7-ac1f6b417054_label_fake.npz,mandarin/echomimic/2c116000-10c8-11f1-b2c7-ac1f6b417054.mp4,fake,echomimic,mandarin,2c116000-10c8-11f1-b2c7-ac1f6b417054.mp4,2c116000-10c8-11f1-b2c7-ac1f6b417054,False,False
54447a08-10c8-11f1-b2c7-ac1f6b417054_label_fake.npz,russian/echomimic/54447a08-10c8-11f1-b2c7-ac1f6b417054.mp4,fake,echomimic,russian,54447a08-10c8-11f1-b2c7-ac1f6b417054.mp4,54447a08-10c8-11f1-b2c7-ac1f6b417054,False,False
630c2892-10c8-11f1-b2c7-ac1f6b417054_label_fake.npz,russian/liveportrait/630c2892-10c8-11f1-b2c7-ac1f6b417054.mp4,fake,liveportrait,russian,630c2892-10c8-11f1-b2c7-ac1f6b417054.mp4,630c2892-10c8-11f1-b2c7-ac1f6b417054,False,False
67dcc7be-10c8-11f1-b2c7-ac1f6b417054_label_fake.npz,spanish/echomimic/67dcc7be-10c8-11f1-b2c7-ac1f6b417054.mp4,fake,echomimic,spanish,67dcc7be-10c8-11f1-b2c7-ac1f6b417054.mp4,67dcc7be-10c8-11f1-b2c7-ac1f6b417054,False,False
84cf19ee-10c8-11f1-b2c7-ac1f6b417054_label_fake.npz,spanish/liveportrait/84cf19ee-10c8-11f1-b2c7-ac1f6b417054.mp4,fake,liveportrait,spanish,84cf19ee-10c8-11f1-b2c7-ac1f6b417054.mp4,84cf19ee-10c8-11f1-b2c7-ac1f6b417054,False,False
e419e316-10c8-11f1-b2c7-ac1f6b417054_label_fake.npz,russian/liveportrait/e419e316-10c8-11f1-b2c7-ac1f6b417054.mp4,fake,liveportrait,russian,e419e316-10c8-11f1-b2c7-ac1f6b417054.mp4,e419e316-10c8-11f1-b2c7-ac1f6b417054,False,False
0ddbdb3c-10c9-11f1-b2c7-ac1f6b417054_label_fake.npz,romanian/liveportrait/0ddbdb3c-10c9-11f1-b2c7-ac1f6b417054.mp4,fake,liveportrait,romanian,0ddbdb3c-10c9-11f1-b2c7-ac1f6b417054.mp4,0ddbdb3c-10c9-11f1-b2c7-ac1f6b417054,False,False
267c6ce2-10c9-11f1-b2c7-ac1f6b417054_label_fake.npz,romanian/liveportrait/267c6ce2-10c9-11f1-b2c7-ac1f6b417054.mp4,fake,liveportrait,romanian,267c6ce2-10c9-11f1-b2c7-ac1f6b417054.mp4,267c6ce2-10c9-11f1-b2c7-ac1f6b417054,False,False
67df9c9a-10c9-11f1-b2c7-ac1f6b417054_label_fake.npz,romanian/echomimic/67df9c9a-10c9-11f1-b2c7-ac1f6b417054.mp4,fake,echomimic,romanian,67df9c9a-10c9-11f1-b2c7-ac1f6b417054.mp4,67df9c9a-10c9-11f1-b2c7-ac1f6b417054,False,False
6cfd6f90-10c9-11f1-b2c7-ac1f6b417054_label_fake.npz,mandarin/liveportrait/6cfd6f90-10c9-11f1-b2c7-ac1f6b417054.mp4,fake,liveportrait,mandarin,6cfd6f90-10c9-11f1-b2c7-ac1f6b417054.mp4,6cfd6f90-10c9-11f1-b2c7-ac1f6b417054,False,False
915db4e4-10c9-11f1-b2c7-ac1f6b417054_label_fake.npz,arabic/echomimic/915db4e4-10c9-11f1-b2c7-ac1f6b417054.mp4,fake,echomimic,arabic,915db4e4-10c9-11f1-b2c7-ac1f6b417054.mp4,915db4e4-10c9-11f1-b2c7-ac1f6b417054,False,False
d025a506-10c9-11f1-b2c7-ac1f6b417054_label_fake.npz,hindi/echomimic/d025a506-10c9-11f1-b2c7-ac1f6b417054.mp4,fake,echomimic,hindi,d025a506-10c9-11f1-b2c7-ac1f6b417054.mp4,d025a506-10c9-11f1-b2c7-ac1f6b417054,False,True
f6542c7a-10c9-11f1-b2c7-ac1f6b417054_label_fake.npz,german/liveportrait/f6542c7a-10c9-11f1-b2c7-ac1f6b417054.mp4,fake,liveportrait,german,f6542c7a-10c9-11f1-b2c7-ac1f6b417054.mp4,f6542c7a-10c9-11f1-b2c7-ac1f6b417054,False,True
1693f0e2-10ca-11f1-b2c7-ac1f6b417054_label_fake.npz,german/liveportrait/1693f0e2-10ca-11f1-b2c7-ac1f6b417054.mp4,fake,liveportrait,german,1693f0e2-10ca-11f1-b2c7-ac1f6b417054.mp4,1693f0e2-10ca-11f1-b2c7-ac1f6b417054,False,True
377f5d64-10ca-11f1-b2c7-ac1f6b417054_label_fake.npz,english/echomimic/377f5d64-10ca-11f1-b2c7-ac1f6b417054.mp4,fake,echomimic,english,377f5d64-10ca-11f1-b2c7-ac1f6b417054.mp4,377f5d64-10ca-11f1-b2c7-ac1f6b417054,False,False
4c844b7a-10ca-11f1-b2c7-ac1f6b417054_label_fake.npz,spanish/liveportrait/4c844b7a-10ca-11f1-b2c7-ac1f6b417054.mp4,fake,liveportrait,spanish,4c844b7a-10ca-11f1-b2c7-ac1f6b417054.mp4,4c844b7a-10ca-11f1-b2c7-ac1f6b417054,False,False
6cd477a6-10ca-11f1-b2c7-ac1f6b417054_label_fake.npz,mandarin/liveportrait/6cd477a6-10ca-11f1-b2c7-ac1f6b417054.mp4,fake,liveportrait,mandarin,6cd477a6-10ca-11f1-b2c7-ac1f6b417054.mp4,6cd477a6-10ca-11f1-b2c7-ac1f6b417054,False,False
777758c2-10ca-11f1-b2c7-ac1f6b417054_label_fake.npz,arabic/echomimic/777758c2-10ca-11f1-b2c7-ac1f6b417054.mp4,fake,echomimic,arabic,777758c2-10ca-11f1-b2c7-ac1f6b417054.mp4,777758c2-10ca-11f1-b2c7-ac1f6b417054,False,False
a2ee6892-10ca-11f1-b2c7-ac1f6b417054_label_fake.npz,english/echomimic/a2ee6892-10ca-11f1-b2c7-ac1f6b417054.mp4,fake,echomimic,english,a2ee6892-10ca-11f1-b2c7-ac1f6b417054.mp4,a2ee6892-10ca-11f1-b2c7-ac1f6b417054,False,False
e97f6270-10ca-11f1-b2c7-ac1f6b417054_label_fake.npz,russian/echomimic/e97f6270-10ca-11f1-b2c7-ac1f6b417054.mp4,fake,echomimic,russian,e97f6270-10ca-11f1-b2c7-ac1f6b417054.mp4,e97f6270-10ca-11f1-b2c7-ac1f6b417054,False,False
303816bc-10cb-11f1-b2c7-ac1f6b417054_label_fake.npz,mandarin/echomimic/303816bc-10cb-11f1-b2c7-ac1f6b417054.mp4,fake,echomimic,mandarin,303816bc-10cb-11f1-b2c7-ac1f6b417054.mp4,303816bc-10cb-11f1-b2c7-ac1f6b417054,False,False
7bdc2342-10cb-11f1-b2c7-ac1f6b417054_label_fake.npz,romanian/liveportrait/7bdc2342-10cb-11f1-b2c7-ac1f6b417054.mp4,fake,liveportrait,romanian,7bdc2342-10cb-11f1-b2c7-ac1f6b417054.mp4,7bdc2342-10cb-11f1-b2c7-ac1f6b417054,False,False
8ccbc068-10cb-11f1-b2c7-ac1f6b417054_label_fake.npz,german/echomimic/8ccbc068-10cb-11f1-b2c7-ac1f6b417054.mp4,fake,echomimic,german,8ccbc068-10cb-11f1-b2c7-ac1f6b417054.mp4,8ccbc068-10cb-11f1-b2c7-ac1f6b417054,False,True
978e949e-10cb-11f1-b2c7-ac1f6b417054_label_fake.npz,arabic/echomimic/978e949e-10cb-11f1-b2c7-ac1f6b417054.mp4,fake,echomimic,arabic,978e949e-10cb-11f1-b2c7-ac1f6b417054.mp4,978e949e-10cb-11f1-b2c7-ac1f6b417054,False,False
bc26b28c-10cb-11f1-b2c7-ac1f6b417054_label_fake.npz,mandarin/echomimic/bc26b28c-10cb-11f1-b2c7-ac1f6b417054.mp4,fake,echomimic,mandarin,bc26b28c-10cb-11f1-b2c7-ac1f6b417054.mp4,bc26b28c-10cb-11f1-b2c7-ac1f6b417054,False,False
c69fd464-10cb-11f1-b2c7-ac1f6b417054_label_fake.npz,hindi/liveportrait/c69fd464-10cb-11f1-b2c7-ac1f6b417054.mp4,fake,liveportrait,hindi,c69fd464-10cb-11f1-b2c7-ac1f6b417054.mp4,c69fd464-10cb-11f1-b2c7-ac1f6b417054,False,True
d642264c-10cb-11f1-b2c7-ac1f6b417054_label_fake.npz,mandarin/echomimic/d642264c-10cb-11f1-b2c7-ac1f6b417054.mp4,fake,echomimic,mandarin,d642264c-10cb-11f1-b2c7-ac1f6b417054.mp4,d642264c-10cb-11f1-b2c7-ac1f6b417054,False,False
058588f4-10cc-11f1-b2c7-ac1f6b417054_label_fake.npz,spanish/liveportrait/058588f4-10cc-11f1-b2c7-ac1f6b417054.mp4,fake,liveportrait,spanish,058588f4-10cc-11f1-b2c7-ac1f6b417054.mp4,058588f4-10cc-11f1-b2c7-ac1f6b417054,False,False
200e02fa-10cc-11f1-b2c7-ac1f6b417054_label_fake.npz,german/echomimic/200e02fa-10cc-11f1-b2c7-ac1f6b417054.mp4,fake,echomimic,german,200e02fa-10cc-11f1-b2c7-ac1f6b417054.mp4,200e02fa-10cc-11f1-b2c7-ac1f6b417054,False,True
2a7d9a70-10cc-11f1-b2c7-ac1f6b417054_label_fake.npz,mandarin/liveportrait/2a7d9a70-10cc-11f1-b2c7-ac1f6b417054.mp4,fake,liveportrait,mandarin,2a7d9a70-10cc-11f1-b2c7-ac1f6b417054.mp4,2a7d9a70-10cc-11f1-b2c7-ac1f6b417054,False,False
5fd6c5f2-10cc-11f1-b2c7-ac1f6b417054_label_fake.npz,english/echomimic/5fd6c5f2-10cc-11f1-b2c7-ac1f6b417054.mp4,fake,echomimic,english,5fd6c5f2-10cc-11f1-b2c7-ac1f6b417054.mp4,5fd6c5f2-10cc-11f1-b2c7-ac1f6b417054,False,False
a0290cc8-10cc-11f1-b2c7-ac1f6b417054_label_fake.npz,german/liveportrait/a0290cc8-10cc-11f1-b2c7-ac1f6b417054.mp4,fake,liveportrait,german,a0290cc8-10cc-11f1-b2c7-ac1f6b417054.mp4,a0290cc8-10cc-11f1-b2c7-ac1f6b417054,False,True
d9b36c5e-10cc-11f1-b2c7-ac1f6b417054_label_fake.npz,russian/echomimic/d9b36c5e-10cc-11f1-b2c7-ac1f6b417054.mp4,fake,echomimic,russian,d9b36c5e-10cc-11f1-b2c7-ac1f6b417054.mp4,d9b36c5e-10cc-11f1-b2c7-ac1f6b417054,False,False
736ab4ba-10cd-11f1-b2c7-ac1f6b417054_label_fake.npz,russian/liveportrait/736ab4ba-10cd-11f1-b2c7-ac1f6b417054.mp4,fake,liveportrait,russian,736ab4ba-10cd-11f1-b2c7-ac1f6b417054.mp4,736ab4ba-10cd-11f1-b2c7-ac1f6b417054,False,False
83824a34-10cd-11f1-b2c7-ac1f6b417054_label_fake.npz,hindi/liveportrait/83824a34-10cd-11f1-b2c7-ac1f6b417054.mp4,fake,liveportrait,hindi,83824a34-10cd-11f1-b2c7-ac1f6b417054.mp4,83824a34-10cd-11f1-b2c7-ac1f6b417054,False,True
ce260e5e-10cd-11f1-b2c7-ac1f6b417054_label_fake.npz,arabic/echomimic/ce260e5e-10cd-11f1-b2c7-ac1f6b417054.mp4,fake,echomimic,arabic,ce260e5e-10cd-11f1-b2c7-ac1f6b417054.mp4,ce260e5e-10cd-11f1-b2c7-ac1f6b417054,False,False
deca6dd6-10cd-11f1-b2c7-ac1f6b417054_label_fake.npz,russian/liveportrait/deca6dd6-10cd-11f1-b2c7-ac1f6b417054.mp4,fake,liveportrait,russian,deca6dd6-10cd-11f1-b2c7-ac1f6b417054.mp4,deca6dd6-10cd-11f1-b2c7-ac1f6b417054,False,False
e923361e-10cd-11f1-b2c7-ac1f6b417054_label_fake.npz,arabic/liveportrait/e923361e-10cd-11f1-b2c7-ac1f6b417054.mp4,fake,liveportrait,arabic,e923361e-10cd-11f1-b2c7-ac1f6b417054.mp4,e923361e-10cd-11f1-b2c7-ac1f6b417054,False,False
1a318f26-10ce-11f1-b2c7-ac1f6b417054_label_fake.npz,spanish/echomimic/1a318f26-10ce-11f1-b2c7-ac1f6b417054.mp4,fake,echomimic,spanish,1a318f26-10ce-11f1-b2c7-ac1f6b417054.mp4,1a318f26-10ce-11f1-b2c7-ac1f6b417054,False,False
1f4c36a0-10ce-11f1-b2c7-ac1f6b417054_label_fake.npz,arabic/echomimic/1f4c36a0-10ce-11f1-b2c7-ac1f6b417054.mp4,fake,echomimic,arabic,1f4c36a0-10ce-11f1-b2c7-ac1f6b417054.mp4,1f4c36a0-10ce-11f1-b2c7-ac1f6b417054,False,False
84e5ea74-10ce-11f1-b2c7-ac1f6b417054_label_fake.npz,spanish/echomimic/84e5ea74-10ce-11f1-b2c7-ac1f6b417054.mp4,fake,echomimic,spanish,84e5ea74-10ce-11f1-b2c7-ac1f6b417054.mp4,84e5ea74-10ce-11f1-b2c7-ac1f6b417054,False,False
9f1c6210-10ce-11f1-b2c7-ac1f6b417054_label_fake.npz,russian/echomimic/9f1c6210-10ce-11f1-b2c7-ac1f6b417054.mp4,fake,echomimic,russian,9f1c6210-10ce-11f1-b2c7-ac1f6b417054.mp4,9f1c6210-10ce-11f1-b2c7-ac1f6b417054,False,False
e13048c4-10ce-11f1-b2c7-ac1f6b417054_label_fake.npz,romanian/liveportrait/e13048c4-10ce-11f1-b2c7-ac1f6b417054.mp4,fake,liveportrait,romanian,e13048c4-10ce-11f1-b2c7-ac1f6b417054.mp4,e13048c4-10ce-11f1-b2c7-ac1f6b417054,False,False
e6552d88-10ce-11f1-b2c7-ac1f6b417054_label_fake.npz,spanish/echomimic/e6552d88-10ce-11f1-b2c7-ac1f6b417054.mp4,fake,echomimic,spanish,e6552d88-10ce-11f1-b2c7-ac1f6b417054.mp4,e6552d88-10ce-11f1-b2c7-ac1f6b417054,False,False
011ef248-10cf-11f1-b2c7-ac1f6b417054_label_fake.npz,spanish/echomimic/011ef248-10cf-11f1-b2c7-ac1f6b417054.mp4,fake,echomimic,spanish,011ef248-10cf-11f1-b2c7-ac1f6b417054.mp4,011ef248-10cf-11f1-b2c7-ac1f6b417054,False,False
0bb68e8c-10cf-11f1-b2c7-ac1f6b417054_label_fake.npz,spanish/liveportrait/0bb68e8c-10cf-11f1-b2c7-ac1f6b417054.mp4,fake,liveportrait,spanish,0bb68e8c-10cf-11f1-b2c7-ac1f6b417054.mp4,0bb68e8c-10cf-11f1-b2c7-ac1f6b417054,False,False
1c5e79f2-10cf-11f1-b2c7-ac1f6b417054_label_fake.npz,mandarin/liveportrait/1c5e79f2-10cf-11f1-b2c7-ac1f6b417054.mp4,fake,liveportrait,mandarin,1c5e79f2-10cf-11f1-b2c7-ac1f6b417054.mp4,1c5e79f2-10cf-11f1-b2c7-ac1f6b417054,False,False
387ecb0a-10cf-11f1-b2c7-ac1f6b417054_label_fake.npz,english/echomimic/387ecb0a-10cf-11f1-b2c7-ac1f6b417054.mp4,fake,echomimic,english,387ecb0a-10cf-11f1-b2c7-ac1f6b417054.mp4,387ecb0a-10cf-11f1-b2c7-ac1f6b417054,False,False
4d41b804-10cf-11f1-b2c7-ac1f6b417054_label_fake.npz,mandarin/liveportrait/4d41b804-10cf-11f1-b2c7-ac1f6b417054.mp4,fake,liveportrait,mandarin,4d41b804-10cf-11f1-b2c7-ac1f6b417054.mp4,4d41b804-10cf-11f1-b2c7-ac1f6b417054,False,False
620d1c74-10cf-11f1-b2c7-ac1f6b417054_label_fake.npz,russian/echomimic/620d1c74-10cf-11f1-b2c7-ac1f6b417054.mp4,fake,echomimic,russian,620d1c74-10cf-11f1-b2c7-ac1f6b417054.mp4,620d1c74-10cf-11f1-b2c7-ac1f6b417054,False,False
86d7a010-10cf-11f1-b2c7-ac1f6b417054_label_fake.npz,mandarin/liveportrait/86d7a010-10cf-11f1-b2c7-ac1f6b417054.mp4,fake,liveportrait,mandarin,86d7a010-10cf-11f1-b2c7-ac1f6b417054.mp4,86d7a010-10cf-11f1-b2c7-ac1f6b417054,False,False
95791fea-10cf-11f1-b2c7-ac1f6b417054_label_fake.npz,mandarin/echomimic/95791fea-10cf-11f1-b2c7-ac1f6b417054.mp4,fake,echomimic,mandarin,95791fea-10cf-11f1-b2c7-ac1f6b417054.mp4,95791fea-10cf-11f1-b2c7-ac1f6b417054,False,False
c2af5b00-10cf-11f1-b2c7-ac1f6b417054_label_fake.npz,english/echomimic/c2af5b00-10cf-11f1-b2c7-ac1f6b417054.mp4,fake,echomimic,english,c2af5b00-10cf-11f1-b2c7-ac1f6b417054.mp4,c2af5b00-10cf-11f1-b2c7-ac1f6b417054,False,False
c78bf05c-10cf-11f1-b2c7-ac1f6b417054_label_fake.npz,mandarin/echomimic/c78bf05c-10cf-11f1-b2c7-ac1f6b417054.mp4,fake,echomimic,mandarin,c78bf05c-10cf-11f1-b2c7-ac1f6b417054.mp4,c78bf05c-10cf-11f1-b2c7-ac1f6b417054,False,False
f47c12f4-10cf-11f1-b2c7-ac1f6b417054_label_fake.npz,mandarin/liveportrait/f47c12f4-10cf-11f1-b2c7-ac1f6b417054.mp4,fake,liveportrait,mandarin,f47c12f4-10cf-11f1-b2c7-ac1f6b417054.mp4,f47c12f4-10cf-11f1-b2c7-ac1f6b417054,False,False
1b959c52-10d0-11f1-b2c7-ac1f6b417054_label_fake.npz,spanish/liveportrait/1b959c52-10d0-11f1-b2c7-ac1f6b417054.mp4,fake,liveportrait,spanish,1b959c52-10d0-11f1-b2c7-ac1f6b417054.mp4,1b959c52-10d0-11f1-b2c7-ac1f6b417054,False,False
2590d35c-10d0-11f1-b2c7-ac1f6b417054_label_fake.npz,arabic/echomimic/2590d35c-10d0-11f1-b2c7-ac1f6b417054.mp4,fake,echomimic,arabic,2590d35c-10d0-11f1-b2c7-ac1f6b417054.mp4,2590d35c-10d0-11f1-b2c7-ac1f6b417054,False,False
2a886b86-10d0-11f1-b2c7-ac1f6b417054_label_fake.npz,arabic/echomimic/2a886b86-10d0-11f1-b2c7-ac1f6b417054.mp4,fake,echomimic,arabic,2a886b86-10d0-11f1-b2c7-ac1f6b417054.mp4,2a886b86-10d0-11f1-b2c7-ac1f6b417054,False,False
2fba8e7c-10d0-11f1-b2c7-ac1f6b417054_label_fake.npz,spanish/echomimic/2fba8e7c-10d0-11f1-b2c7-ac1f6b417054.mp4,fake,echomimic,spanish,2fba8e7c-10d0-11f1-b2c7-ac1f6b417054.mp4,2fba8e7c-10d0-11f1-b2c7-ac1f6b417054,False,False
700f47c4-10d0-11f1-b2c7-ac1f6b417054_label_fake.npz,spanish/liveportrait/700f47c4-10d0-11f1-b2c7-ac1f6b417054.mp4,fake,liveportrait,spanish,700f47c4-10d0-11f1-b2c7-ac1f6b417054.mp4,700f47c4-10d0-11f1-b2c7-ac1f6b417054,False,False
98762110-10d0-11f1-b2c7-ac1f6b417054_label_fake.npz,spanish/echomimic/98762110-10d0-11f1-b2c7-ac1f6b417054.mp4,fake,echomimic,spanish,98762110-10d0-11f1-b2c7-ac1f6b417054.mp4,98762110-10d0-11f1-b2c7-ac1f6b417054,False,False
c9a6dcd4-10d0-11f1-b2c7-ac1f6b417054_label_fake.npz,mandarin/echomimic/c9a6dcd4-10d0-11f1-b2c7-ac1f6b417054.mp4,fake,echomimic,mandarin,c9a6dcd4-10d0-11f1-b2c7-ac1f6b417054.mp4,c9a6dcd4-10d0-11f1-b2c7-ac1f6b417054,False,False
ce64b46c-10d0-11f1-b2c7-ac1f6b417054_label_fake.npz,english/liveportrait/ce64b46c-10d0-11f1-b2c7-ac1f6b417054.mp4,fake,liveportrait,english,ce64b46c-10d0-11f1-b2c7-ac1f6b417054.mp4,ce64b46c-10d0-11f1-b2c7-ac1f6b417054,False,False
d35e5018-10d0-11f1-b2c7-ac1f6b417054_label_fake.npz,romanian/echomimic/d35e5018-10d0-11f1-b2c7-ac1f6b417054.mp4,fake,echomimic,romanian,d35e5018-10d0-11f1-b2c7-ac1f6b417054.mp4,d35e5018-10d0-11f1-b2c7-ac1f6b417054,False,False
3b380620-10d1-11f1-b2c7-ac1f6b417054_label_fake.npz,russian/liveportrait/3b380620-10d1-11f1-b2c7-ac1f6b417054.mp4,fake,liveportrait,russian,3b380620-10d1-11f1-b2c7-ac1f6b417054.mp4,3b380620-10d1-11f1-b2c7-ac1f6b417054,False,False
4f53435e-10d1-11f1-b2c7-ac1f6b417054_label_fake.npz,spanish/echomimic/4f53435e-10d1-11f1-b2c7-ac1f6b417054.mp4,fake,echomimic,spanish,4f53435e-10d1-11f1-b2c7-ac1f6b417054.mp4,4f53435e-10d1-11f1-b2c7-ac1f6b417054,False,False
76d2f780-10d1-11f1-b2c7-ac1f6b417054_label_fake.npz,romanian/liveportrait/76d2f780-10d1-11f1-b2c7-ac1f6b417054.mp4,fake,liveportrait,romanian,76d2f780-10d1-11f1-b2c7-ac1f6b417054.mp4,76d2f780-10d1-11f1-b2c7-ac1f6b417054,False,False
af98d1e8-10d1-11f1-b2c7-ac1f6b417054_label_fake.npz,english/echomimic/af98d1e8-10d1-11f1-b2c7-ac1f6b417054.mp4,fake,echomimic,english,af98d1e8-10d1-11f1-b2c7-ac1f6b417054.mp4,af98d1e8-10d1-11f1-b2c7-ac1f6b417054,False,False
f3407e78-10d1-11f1-b2c7-ac1f6b417054_label_fake.npz,german/echomimic/f3407e78-10d1-11f1-b2c7-ac1f6b417054.mp4,fake,echomimic,german,f3407e78-10d1-11f1-b2c7-ac1f6b417054.mp4,f3407e78-10d1-11f1-b2c7-ac1f6b417054,False,True
fd41a0d2-10d1-11f1-b2c7-ac1f6b417054_label_fake.npz,english/liveportrait/fd41a0d2-10d1-11f1-b2c7-ac1f6b417054.mp4,fake,liveportrait,english,fd41a0d2-10d1-11f1-b2c7-ac1f6b417054.mp4,fd41a0d2-10d1-11f1-b2c7-ac1f6b417054,False,False
56b299dc-10d2-11f1-b2c7-ac1f6b417054_label_fake.npz,english/liveportrait/56b299dc-10d2-11f1-b2c7-ac1f6b417054.mp4,fake,liveportrait,english,56b299dc-10d2-11f1-b2c7-ac1f6b417054.mp4,56b299dc-10d2-11f1-b2c7-ac1f6b417054,False,False
8f777fc6-10d2-11f1-b2c7-ac1f6b417054_label_fake.npz,english/echomimic/8f777fc6-10d2-11f1-b2c7-ac1f6b417054.mp4,fake,echomimic,english,8f777fc6-10d2-11f1-b2c7-ac1f6b417054.mp4,8f777fc6-10d2-11f1-b2c7-ac1f6b417054,False,False
9462da3a-10d2-11f1-b2c7-ac1f6b417054_label_fake.npz,spanish/liveportrait/9462da3a-10d2-11f1-b2c7-ac1f6b417054.mp4,fake,liveportrait,spanish,9462da3a-10d2-11f1-b2c7-ac1f6b417054.mp4,9462da3a-10d2-11f1-b2c7-ac1f6b417054,False,False
e8bffa4a-10d2-11f1-b2c7-ac1f6b417054_label_fake.npz,russian/echomimic/e8bffa4a-10d2-11f1-b2c7-ac1f6b417054.mp4,fake,echomimic,russian,e8bffa4a-10d2-11f1-b2c7-ac1f6b417054.mp4,e8bffa4a-10d2-11f1-b2c7-ac1f6b417054,False,False
ee024bd4-10d2-11f1-b2c7-ac1f6b417054_label_fake.npz,arabic/echomimic/ee024bd4-10d2-11f1-b2c7-ac1f6b417054.mp4,fake,echomimic,arabic,ee024bd4-10d2-11f1-b2c7-ac1f6b417054.mp4,ee024bd4-10d2-11f1-b2c7-ac1f6b417054,False,False
2b62ccec-10d3-11f1-b2c7-ac1f6b417054_label_fake.npz,spanish/liveportrait/2b62ccec-10d3-11f1-b2c7-ac1f6b417054.mp4,fake,liveportrait,spanish,2b62ccec-10d3-11f1-b2c7-ac1f6b417054.mp4,2b62ccec-10d3-11f1-b2c7-ac1f6b417054,False,False
503cd058-10d3-11f1-b2c7-ac1f6b417054_label_fake.npz,hindi/echomimic/503cd058-10d3-11f1-b2c7-ac1f6b417054.mp4,fake,echomimic,hindi,503cd058-10d3-11f1-b2c7-ac1f6b417054.mp4,503cd058-10d3-11f1-b2c7-ac1f6b417054,False,True
6f551fae-10d3-11f1-b2c7-ac1f6b417054_label_fake.npz,mandarin/liveportrait/6f551fae-10d3-11f1-b2c7-ac1f6b417054.mp4,fake,liveportrait,mandarin,6f551fae-10d3-11f1-b2c7-ac1f6b417054.mp4,6f551fae-10d3-11f1-b2c7-ac1f6b417054,False,False
dec90652-10d3-11f1-b2c7-ac1f6b417054_label_fake.npz,romanian/liveportrait/dec90652-10d3-11f1-b2c7-ac1f6b417054.mp4,fake,liveportrait,romanian,dec90652-10d3-11f1-b2c7-ac1f6b417054.mp4,dec90652-10d3-11f1-b2c7-ac1f6b417054,False,False
3fb54598-10d4-11f1-b2c7-ac1f6b417054_label_fake.npz,mandarin/echomimic/3fb54598-10d4-11f1-b2c7-ac1f6b417054.mp4,fake,echomimic,mandarin,3fb54598-10d4-11f1-b2c7-ac1f6b417054.mp4,3fb54598-10d4-11f1-b2c7-ac1f6b417054,False,False
44a317c4-10d4-11f1-b2c7-ac1f6b417054_label_fake.npz,arabic/liveportrait/44a317c4-10d4-11f1-b2c7-ac1f6b417054.mp4,fake,liveportrait,arabic,44a317c4-10d4-11f1-b2c7-ac1f6b417054.mp4,44a317c4-10d4-11f1-b2c7-ac1f6b417054,False,False
591decb0-10d4-11f1-b2c7-ac1f6b417054_label_fake.npz,arabic/echomimic/591decb0-10d4-11f1-b2c7-ac1f6b417054.mp4,fake,echomimic,arabic,591decb0-10d4-11f1-b2c7-ac1f6b417054.mp4,591decb0-10d4-11f1-b2c7-ac1f6b417054,False,False
72c82446-10d4-11f1-b2c7-ac1f6b417054_label_fake.npz,hindi/liveportrait/72c82446-10d4-11f1-b2c7-ac1f6b417054.mp4,fake,liveportrait,hindi,72c82446-10d4-11f1-b2c7-ac1f6b417054.mp4,72c82446-10d4-11f1-b2c7-ac1f6b417054,False,True
92305b64-10d4-11f1-b2c7-ac1f6b417054_label_fake.npz,hindi/liveportrait/92305b64-10d4-11f1-b2c7-ac1f6b417054.mp4,fake,liveportrait,hindi,92305b64-10d4-11f1-b2c7-ac1f6b417054.mp4,92305b64-10d4-11f1-b2c7-ac1f6b417054,False,True
e41d81c2-10d4-11f1-b2c7-ac1f6b417054_label_fake.npz,arabic/liveportrait/e41d81c2-10d4-11f1-b2c7-ac1f6b417054.mp4,fake,liveportrait,arabic,e41d81c2-10d4-11f1-b2c7-ac1f6b417054.mp4,e41d81c2-10d4-11f1-b2c7-ac1f6b417054,False,False
ee558a0e-10d4-11f1-b2c7-ac1f6b417054_label_fake.npz,hindi/echomimic/ee558a0e-10d4-11f1-b2c7-ac1f6b417054.mp4,fake,echomimic,hindi,ee558a0e-10d4-11f1-b2c7-ac1f6b417054.mp4,ee558a0e-10d4-11f1-b2c7-ac1f6b417054,False,True
5633265e-10d5-11f1-b2c7-ac1f6b417054_label_fake.npz,hindi/echomimic/5633265e-10d5-11f1-b2c7-ac1f6b417054.mp4,fake,echomimic,hindi,5633265e-10d5-11f1-b2c7-ac1f6b417054.mp4,5633265e-10d5-11f1-b2c7-ac1f6b417054,False,True
60c18eb2-10d5-11f1-b2c7-ac1f6b417054_label_fake.npz,mandarin/liveportrait/60c18eb2-10d5-11f1-b2c7-ac1f6b417054.mp4,fake,liveportrait,mandarin,60c18eb2-10d5-11f1-b2c7-ac1f6b417054.mp4,60c18eb2-10d5-11f1-b2c7-ac1f6b417054,False,False
70c69352-10d5-11f1-b2c7-ac1f6b417054_label_fake.npz,english/liveportrait/70c69352-10d5-11f1-b2c7-ac1f6b417054.mp4,fake,liveportrait,english,70c69352-10d5-11f1-b2c7-ac1f6b417054.mp4,70c69352-10d5-11f1-b2c7-ac1f6b417054,False,False
a7ba6424-10d5-11f1-b2c7-ac1f6b417054_label_fake.npz,romanian/echomimic/a7ba6424-10d5-11f1-b2c7-ac1f6b417054.mp4,fake,echomimic,romanian,a7ba6424-10d5-11f1-b2c7-ac1f6b417054.mp4,a7ba6424-10d5-11f1-b2c7-ac1f6b417054,False,False
d466c47c-10d5-11f1-b2c7-ac1f6b417054_label_fake.npz,hindi/liveportrait/d466c47c-10d5-11f1-b2c7-ac1f6b417054.mp4,fake,liveportrait,hindi,d466c47c-10d5-11f1-b2c7-ac1f6b417054.mp4,d466c47c-10d5-11f1-b2c7-ac1f6b417054,False,True
3c0ad6a4-10d6-11f1-b2c7-ac1f6b417054_label_fake.npz,mandarin/liveportrait/3c0ad6a4-10d6-11f1-b2c7-ac1f6b417054.mp4,fake,liveportrait,mandarin,3c0ad6a4-10d6-11f1-b2c7-ac1f6b417054.mp4,3c0ad6a4-10d6-11f1-b2c7-ac1f6b417054,False,False
4ae08e26-10d6-11f1-b2c7-ac1f6b417054_label_fake.npz,spanish/echomimic/4ae08e26-10d6-11f1-b2c7-ac1f6b417054.mp4,fake,echomimic,spanish,4ae08e26-10d6-11f1-b2c7-ac1f6b417054.mp4,4ae08e26-10d6-11f1-b2c7-ac1f6b417054,False,False
5991d57e-10d6-11f1-b2c7-ac1f6b417054_label_fake.npz,russian/echomimic/5991d57e-10d6-11f1-b2c7-ac1f6b417054.mp4,fake,echomimic,russian,5991d57e-10d6-11f1-b2c7-ac1f6b417054.mp4,5991d57e-10d6-11f1-b2c7-ac1f6b417054,False,False
5e8aac2c-10d6-11f1-b2c7-ac1f6b417054_label_fake.npz,mandarin/liveportrait/5e8aac2c-10d6-11f1-b2c7-ac1f6b417054.mp4,fake,liveportrait,mandarin,5e8aac2c-10d6-11f1-b2c7-ac1f6b417054.mp4,5e8aac2c-10d6-11f1-b2c7-ac1f6b417054,False,False
81cef206-10d6-11f1-b2c7-ac1f6b417054_label_fake.npz,romanian/liveportrait/81cef206-10d6-11f1-b2c7-ac1f6b417054.mp4,fake,liveportrait,romanian,81cef206-10d6-11f1-b2c7-ac1f6b417054.mp4,81cef206-10d6-11f1-b2c7-ac1f6b417054,False,False
9670db8e-10d6-11f1-b2c7-ac1f6b417054_label_fake.npz,spanish/echomimic/9670db8e-10d6-11f1-b2c7-ac1f6b417054.mp4,fake,echomimic,spanish,9670db8e-10d6-11f1-b2c7-ac1f6b417054.mp4,9670db8e-10d6-11f1-b2c7-ac1f6b417054,False,False
a5d7be62-10d6-11f1-b2c7-ac1f6b417054_label_fake.npz,russian/echomimic/a5d7be62-10d6-11f1-b2c7-ac1f6b417054.mp4,fake,echomimic,russian,a5d7be62-10d6-11f1-b2c7-ac1f6b417054.mp4,a5d7be62-10d6-11f1-b2c7-ac1f6b417054,False,False
afcdfb7a-10d6-11f1-b2c7-ac1f6b417054_label_fake.npz,russian/liveportrait/afcdfb7a-10d6-11f1-b2c7-ac1f6b417054.mp4,fake,liveportrait,russian,afcdfb7a-10d6-11f1-b2c7-ac1f6b417054.mp4,afcdfb7a-10d6-11f1-b2c7-ac1f6b417054,False,False
c929f326-10d6-11f1-b2c7-ac1f6b417054_label_fake.npz,german/liveportrait/c929f326-10d6-11f1-b2c7-ac1f6b417054.mp4,fake,liveportrait,german,c929f326-10d6-11f1-b2c7-ac1f6b417054.mp4,c929f326-10d6-11f1-b2c7-ac1f6b417054,False,True
d94621e4-10d6-11f1-b2c7-ac1f6b417054_label_fake.npz,hindi/echomimic/d94621e4-10d6-11f1-b2c7-ac1f6b417054.mp4,fake,echomimic,hindi,d94621e4-10d6-11f1-b2c7-ac1f6b417054.mp4,d94621e4-10d6-11f1-b2c7-ac1f6b417054,False,True
69871542-10d7-11f1-b2c7-ac1f6b417054_label_fake.npz,hindi/liveportrait/69871542-10d7-11f1-b2c7-ac1f6b417054.mp4,fake,liveportrait,hindi,69871542-10d7-11f1-b2c7-ac1f6b417054.mp4,69871542-10d7-11f1-b2c7-ac1f6b417054,False,True
6e871128-10d7-11f1-b2c7-ac1f6b417054_label_fake.npz,arabic/liveportrait/6e871128-10d7-11f1-b2c7-ac1f6b417054.mp4,fake,liveportrait,arabic,6e871128-10d7-11f1-b2c7-ac1f6b417054.mp4,6e871128-10d7-11f1-b2c7-ac1f6b417054,False,False
905f1340-10d7-11f1-b2c7-ac1f6b417054_label_fake.npz,english/echomimic/905f1340-10d7-11f1-b2c7-ac1f6b417054.mp4,fake,echomimic,english,905f1340-10d7-11f1-b2c7-ac1f6b417054.mp4,905f1340-10d7-11f1-b2c7-ac1f6b417054,False,False
788f3e6a-10d8-11f1-b2c7-ac1f6b417054_label_fake.npz,hindi/liveportrait/788f3e6a-10d8-11f1-b2c7-ac1f6b417054.mp4,fake,liveportrait,hindi,788f3e6a-10d8-11f1-b2c7-ac1f6b417054.mp4,788f3e6a-10d8-11f1-b2c7-ac1f6b417054,False,True
87f19614-10d8-11f1-b2c7-ac1f6b417054_label_fake.npz,hindi/liveportrait/87f19614-10d8-11f1-b2c7-ac1f6b417054.mp4,fake,liveportrait,hindi,87f19614-10d8-11f1-b2c7-ac1f6b417054.mp4,87f19614-10d8-11f1-b2c7-ac1f6b417054,False,True
b0031d58-10d8-11f1-b2c7-ac1f6b417054_label_fake.npz,english/liveportrait/b0031d58-10d8-11f1-b2c7-ac1f6b417054.mp4,fake,liveportrait,english,b0031d58-10d8-11f1-b2c7-ac1f6b417054.mp4,b0031d58-10d8-11f1-b2c7-ac1f6b417054,False,False
137c2aaa-10d9-11f1-b2c7-ac1f6b417054_label_fake.npz,romanian/echomimic/137c2aaa-10d9-11f1-b2c7-ac1f6b417054.mp4,fake,echomimic,romanian,137c2aaa-10d9-11f1-b2c7-ac1f6b417054.mp4,137c2aaa-10d9-11f1-b2c7-ac1f6b417054,False,False
