clip,video_fake,audio_fake
63727_maerchen_001_f000090_label_fake.npz,True,True
27995_maerchen_001_f000018_label_fake.npz,True,True
38499_grune_haus_02_f000079_label_fake.npz,True,True
65157_tom_sawyer_01_f000169_label_fake.npz,True,True
28180_grune_haus_06_f000057_label_fake.npz,True,True
69714_Die_Kanzlerin_direkt_04_08_f000002_label_fake.npz,True,True
30041_altehaus_001_f000013_label_fake.npz,True,True
25732_tom_sawyer_01_f000097_label_fake.npz,True,True
39616_grune_haus_02_f000064_label_fake.npz,True,True
03307_Die_Kanzlerin_direkt_10_13_f000012_label_fake.npz,True,True
48133_grune_haus_06_f000034_label_fake.npz,True,True
55049_napoleonenchamartin_02_perezgaldos_f000007_label_fake.npz,True,True
45077_corte_de_carlos_iv_01_perezgaldos_f000086_label_fake.npz,True,True
19_common_voice_ro_21375852_label_fake.npz,True,True
55875_common_voice_en_25162864_label_fake.npz,True,True
02188_napoleonenchamartin_01_perezgaldos_f000056_label_fake.npz,True,True
55740_20090401-0900-PLENARY-14-ro_20090401-19_34_15_6_label_fake.npz,True,True
45440_trafalgar_02_perezgaldos_f000020_label_fake.npz,True,True
07729_common_voice_en_194207_label_fake.npz,True,True
50535_corte_de_carlos_iv_01_perezgaldos_f000011_label_fake.npz,True,True
01693_common_voice_en_27391104_label_fake.npz,True,True
51047_common_voice_en_21884994_label_fake.npz,True,True
64951_eneida_02_virgilio_f000036_label_fake.npz,True,True
51555_angelina_05_delgado_f000014_label_fake.npz,True,True
59775_common_voice_en_19181726_label_fake.npz,True,True
42303_cuentosclasicosprimera_02_poe_f000260_label_fake.npz,True,True
28090_common_voice_en_17275334_label_fake.npz,True,True
50901_6Z85idbdV4g_33_label_fake.npz,True,True
40209_common_voice_en_21927584_label_fake.npz,True,True
68822_common_voice_en_692477_label_fake.npz,True,True
67719_4wAB59TPj9o_23_label_fake.npz,True,True
44527_eneida_01_virgilio_f000083_label_fake.npz,True,True
07919_common_voice_ru_30893143_label_fake.npz,True,True
01918_common_voice_ro_25871068_label_fake.npz,True,True
455_common_voice_ru_19224207_label_fake.npz,True,True
01058_common_voice_ru_21383279_label_fake.npz,True,True
52725_grune_haus_06_f000006_label_fake.npz,True,True
218_common_voice_ro_20795709_label_fake.npz,True,True
380_common_voice_ru_18928082_label_fake.npz,True,True
63221_common_voice_zh-CN_24189773_label_fake.npz,True,True
16616_common_voice_ru_18911050_label_fake.npz,True,True
08909_common_voice_zh-CN_33572552_label_fake.npz,True,True
229_common_voice_zh-CN_20924551_label_fake.npz,True,True
01710_common_voice_zh-CN_18772227_label_fake.npz,True,True
42888_common_voice_zh-CN_21162638_label_fake.npz,True,True
42469_eneida_01_virgilio_f000125_label_fake.npz,True,True
11398_common_voice_ru_19563811_label_fake.npz,True,True
48752_common_voice_ru_20215548_label_fake.npz,True,True
41133_common_voice_en_23705069_label_fake.npz,True,True
40142_common_voice_zh-CN_22182533_label_fake.npz,True,True
28378_common_voice_en_617035_label_fake.npz,True,True
268_common_voice_zh-CN_22214492_label_fake.npz,True,True
55777_common_voice_zh-CN_28529274_label_fake.npz,True,True
23140_common_voice_zh-CN_22108033_label_fake.npz,True,True
41610_napoleonenchamartin_01_perezgaldos_f000039_label_fake.npz,True,True
58693_napoleonenchamartin_01_perezgaldos_f000001_label_fake.npz,True,True
64799_eneida_01_virgilio_f000099_label_fake.npz,True,True
65873_common_voice_ru_31912470_label_fake.npz,True,True
04286_common_voice_en_9347172_label_fake.npz,True,True
48582_common_voice_en_22021327_label_fake.npz,True,True
62670_common_voice_zh-CN_22182531_label_fake.npz,True,True
35542_common_voice_en_657717_label_fake.npz,True,True
64368_cuentosclasicosprimera_02_poe_f000311_label_fake.npz,True,True
363_common_voice_zh-CN_22430473_label_fake.npz,True,True
41301_common_voice_zh-CN_27175443_label_fake.npz,True,True
03814_common_voice_ru_31379530_label_fake.npz,True,True
00763_common_voice_ru_19644651_label_fake.npz,True,True
19345_common_voice_en_36887059_label_fake.npz,True,True
60_common_voice_zh-CN_33289763_label_fake.npz,True,True
21878_common_voice_zh-CN_18848652_label_fake.npz,True,True
52599_cuentosclasicosprimera_00_poe_f000092_label_fake.npz,True,True
02220_common_voice_zh-CN_22058050_label_fake.npz,True,True
15283_common_voice_ru_39980170_label_fake.npz,True,True
05205_common_voice_en_35160780_label_fake.npz,True,True
00732_common_voice_ru_30612462_label_fake.npz,True,True
26649_cuentosclasicosprimera_02_poe_f000293_label_fake.npz,True,True
02241_common_voice_ru_20423210_label_fake.npz,True,True
30575_common_voice_zh-CN_22148405_label_fake.npz,True,True
180_common_voice_ru_22459380_label_fake.npz,True,True
472_common_voice_zh-CN_20987268_label_fake.npz,True,True
56599_common_voice_ru_19091488_label_fake.npz,True,True
20111_common_voice_en_25549545_label_fake.npz,True,True
00008_eneida_01_virgilio_f000082_label_fake.npz,True,True
69071_altehaus_001_f000129_label_fake.npz,True,True
00906_YcyrVvEc7tg_4_label_fake.npz,True,True
47739_common_voice_ru_19535263_label_fake.npz,True,True
24236_20191217-0900-PLENARY-ro_20191217-21_02_31_4_label_fake.npz,True,True
104_common_voice_zh-CN_22106031_label_fake.npz,True,True
42949_common_voice_ru_32987179_label_fake.npz,True,True
01391_common_voice_ru_19787771_label_fake.npz,True,True
42446_20100907-0900-PLENARY-8-ro_20100907-15_52_49_6_label_fake.npz,True,True
02606_common_voice_ru_23683855_label_fake.npz,True,True
16041_corte_de_carlos_iv_01_perezgaldos_f000096_label_fake.npz,True,True
36479_common_voice_es_21938830_label_fake.npz,True,True
370_common_voice_ru_18903357_label_fake.npz,True,True
03252_common_voice_zh-CN_22045349_label_fake.npz,True,True
46552_common_voice_en_35168941_label_fake.npz,True,True
47735_common_voice_zh-CN_22208681_label_fake.npz,True,True
48026_common_voice_zh-CN_33650304_label_fake.npz,True,True
20628_common_voice_en_622919_label_fake.npz,True,True
14222_common_voice_en_27570930_label_fake.npz,True,True
75_common_voice_zh-CN_33289582_label_fake.npz,True,True
16380_common_voice_zh-CN_33120856_label_fake.npz,True,True
06784_corte_de_carlos_iv_02_perezgaldos_f000037_label_fake.npz,True,True
08833_corte_de_carlos_iv_01_perezgaldos_f000091_label_fake.npz,True,True
71_common_voice_ru_21632430_label_fake.npz,True,True
28132_common_voice_ru_23718532_label_fake.npz,True,True
02636_common_voice_ro_21398533_label_fake.npz,True,True
31550_angelina_01_delgado_f000055_label_fake.npz,True,True
01677_common_voice_ru_25114540_label_fake.npz,True,True
52896_common_voice_ru_20474938_label_fake.npz,True,True
20477_common_voice_zh-CN_22185632_label_fake.npz,True,True
50175_common_voice_ru_21813270_label_fake.npz,True,True
04145_common_voice_ru_19245841_label_fake.npz,True,True
38871__IJo8qTTOmc_24_label_fake.npz,True,True
51434_common_voice_zh-CN_33367559_label_fake.npz,True,True
225_common_voice_zh-CN_33384764_label_fake.npz,True,True
00742_common_voice_en_619651_label_fake.npz,True,True
03333_common_voice_zh-CN_19153231_label_fake.npz,True,True
03695_common_voice_ru_20441774_label_fake.npz,True,True
55550_20100706-0900-PLENARY-13-ro_20100706-21_12_41_0_label_fake.npz,True,True
16919_common_voice_en_692178_label_fake.npz,True,True
03909_common_voice_ru_19775676_label_fake.npz,True,True
49014_common_voice_en_21932725_label_fake.npz,True,True
47767_common_voice_zh-CN_22971010_label_fake.npz,True,True
08494_common_voice_zh-CN_18670824_label_fake.npz,True,True
common_voice_es_22789207_52_label_fake.npz,True,True
common_voice_es_34574606_83_label_fake.npz,True,True
common_voice_es_20573827_80_label_fake.npz,True,True
common_voice_es_20573962_49_label_fake.npz,True,True
common_voice_es_18849612_32_label_fake.npz,True,True
common_voice_es_22464455_87_label_fake.npz,True,True
common_voice_es_19463699_60_label_fake.npz,True,True
common_voice_es_19489690_1_label_fake.npz,True,True
common_voice_es_34408824_67_label_fake.npz,True,True
common_voice_es_33934431_38_label_fake.npz,True,True
northandsouth_35_f000069_91_label_fake.npz,True,True
the_sea_fairies_21_f000011_31_label_fake.npz,True,True
the_sea_fairies_06_f000022_10_label_fake.npz,True,True
midnight_passenger_04_f000106_34_label_fake.npz,True,True
the_sea_fairies_20_f000133_18_label_fake.npz,True,True
skyisland_08_baum_64kb_f000043_7_label_fake.npz,True,True
the_sea_fairies_06_f000024_98_label_fake.npz,True,True
poisoned_pen_03_f000103_30_label_fake.npz,True,True
20101110-0900-PLENARY-15-ro_20101110-22_33_56_0_95_label_fake.npz,True,True
common_voice_ru_18922028_66_label_fake.npz,True,True
common_voice_ru_23768082_22_label_fake.npz,True,True
common_voice_ru_20410166_53_label_fake.npz,True,True
common_voice_ru_22917784_98_label_fake.npz,True,True
common_voice_ru_18920227_87_label_fake.npz,True,True
common_voice_ru_25236840_84_label_fake.npz,True,True
common_voice_ru_31471414_81_label_fake.npz,True,True
common_voice_ru_18905000_2_label_fake.npz,True,True
common_voice_ru_19085433_38_label_fake.npz,True,True
common_voice_ru_20553786_94_label_fake.npz,True,True
common_voice_ru_18904862_14_label_fake.npz,True,True
common_voice_ru_19843010_12_label_fake.npz,True,True
JPYvFW_zMqE_4_38_label_fake.npz,True,True
3HtQi-i9WoY_45_95_label_fake.npz,True,True
y5Ya3RMsmAE_5_33_label_fake.npz,True,True
isvcQMD04ag_12_48_label_fake.npz,True,True
common_voice_zh-CN_22151783_29_label_fake.npz,True,True
common_voice_zh-CN_19000976_57_label_fake.npz,True,True
common_voice_zh-CN_22937367_101_label_fake.npz,True,True
common_voice_zh-CN_32318631_7_label_fake.npz,True,True
common_voice_zh-CN_18978530_92_label_fake.npz,True,True
common_voice_zh-CN_32597571_12_label_fake.npz,True,True
common_voice_zh-CN_23787279_42_label_fake.npz,True,True
common_voice_zh-CN_19011112_88_label_fake.npz,True,True
common_voice_zh-CN_18997270_54_label_fake.npz,True,True
common_voice_zh-CN_32970362_9_label_fake.npz,True,True
common_voice_zh-CN_33378847_45_label_fake.npz,True,True
common_voice_zh-CN_18670823_53_label_fake.npz,True,True
common_voice_zh-CN_19877960_52_label_fake.npz,True,True
common_voice_zh-CN_22108415_22_label_fake.npz,True,True
common_voice_zh-CN_22196235_71_label_fake.npz,True,True
common_voice_zh-CN_33125923_59_label_fake.npz,True,True
common_voice_zh-CN_20052896_64_label_fake.npz,True,True
common_voice_zh-CN_32518525_32_label_fake.npz,True,True
common_voice_zh-CN_18688663_77_label_fake.npz,True,True
common_voice_zh-CN_22236141_14_label_fake.npz,True,True
common_voice_zh-CN_18772048_17_label_fake.npz,True,True
common_voice_zh-CN_18977922_1_label_fake.npz,True,True
common_voice_zh-CN_33120809_30_label_fake.npz,True,True
common_voice_zh-CN_18659747_31_label_fake.npz,True,True
SY_xV-Raq3A_1080p_13_1_label_fake.npz,False,True
ZWWpghA1SJc_42_4_label_fake.npz,False,True
U-npOf3jGt8_53_9_label_fake.npz,False,True
OpitcLEYak8_1080p_46_1_label_fake.npz,False,True
lSCTGJbObOg_287_1_label_fake.npz,False,True
U509hHthip8_16_2_label_fake.npz,False,True
pNogULi28gs_84_2_label_fake.npz,False,True
zpEUWKUUxdY_48_1_label_fake.npz,False,True
PXdPmUJN6k0_74_47_label_fake.npz,False,True
hNA8I-JU3eg_50_8_label_fake.npz,False,True
zv3uM90m5Rg_31_3_label_fake.npz,False,True
XsQT0DygbJg_14_1_label_fake.npz,False,True
_aOpII6y4cQ_14_1_label_fake.npz,False,True
62ywI44YAxQ_78_28_label_fake.npz,False,True
wdNhtZOGxBw_220_11_label_fake.npz,False,True
62ywI44YAxQ_32_5_label_fake.npz,False,True
OhaNsbMOHak_0_2_label_fake.npz,False,True
qwx4khg5myc_104_2_label_fake.npz,False,True
xGCuF-h-XVc_2_1_label_fake.npz,False,True
8tD-YwT4oAg_297_4_label_fake.npz,False,True
Uk6sPnRL0WQ_129_2_label_fake.npz,False,True
d2om_PGtwWY_36_1_label_fake.npz,False,True
4ZO2_2nHaIk_36_1_label_fake.npz,False,True
_-nNx99qK4A_96_1_label_fake.npz,False,True
jXf9d1xHO34_1080p_30_8_label_fake.npz,False,True
6naugGonRkE_1080p_71_5_label_fake.npz,False,True
u6akTRg2ecw_55_1_label_fake.npz,False,True
PHMafVnjks8_8_1_label_fake.npz,False,True
mRNCLRo9JAM_31_4_label_fake.npz,False,True
I-B_Oa6_eNU_228_2_label_fake.npz,False,True
cWmSTuFjb4o_169_1_label_fake.npz,False,True
RGRP2qovk30_4_1_label_fake.npz,False,True
Tdgb6NvUjhk_162_2_label_fake.npz,False,True
JRcV-A7r470_25_1_label_fake.npz,False,True
Vbm1Z9Qjy0Q_4_1_label_fake.npz,False,True
8tD-YwT4oAg_141_1_label_fake.npz,False,True
u5Ks53-THVE_22_2_label_fake.npz,False,True
WowrvQ9h9ao_22_1_label_fake.npz,False,True
vxvcZVCOMuc_1_6_label_fake.npz,False,True
jyXGeTx0ttw_320_2_label_fake.npz,False,True
ezja7-YQ72g_63_6_label_fake.npz,False,True
3C3zslsslRs_33_2_label_fake.npz,False,True
TDDNxuR1zs8_95_4_label_fake.npz,False,True
QwWcO0-ne8c_6_2_label_fake.npz,False,True
FGAyYl3ZICw_91_2_label_fake.npz,False,True
O0nL5vRlcfk_1004_5_label_fake.npz,False,True
85VgNDfQZwE_110_2_label_fake.npz,False,True
NHVXgWJiIcs_10_1_label_fake.npz,False,True
awNrju1X3zc_21_2_label_fake.npz,False,True
awNrju1X3zc_58_1_label_fake.npz,False,True
lXXCH-gBGzI_79_3_label_fake.npz,False,True
Lv39BhZJ2mg_14_2_label_fake.npz,False,True
9DTxDmLwFb8_1126_12_label_fake.npz,False,True
9X-SE-3CPw4_3448_6_label_fake.npz,False,True
P7slA-LkA3s_30_3_label_fake.npz,False,True
M-3HEJpdx2I_103_3_label_fake.npz,False,True
6IXtQx8SwBE_54_3_label_fake.npz,False,True
Lqg5fiwIQso_45_1_label_fake.npz,False,True
nBVWOmPTk-4_97_1_label_fake.npz,False,True
7Fe7jdI2WIA_44_1_label_fake.npz,False,True
Vbm1Z9Qjy0Q_24_1_label_fake.npz,False,True
QTau-xHsz80_69_1_label_fake.npz,False,True
1_Jasoml4DM_2_3_label_fake.npz,False,True
x92AnU6MUr0_112_2_label_fake.npz,False,True
8tD-YwT4oAg_389_2_label_fake.npz,False,True
VifDzyPgBNg_342_17_label_fake.npz,False,True
dMfH7JbxZdY_36_1_label_fake.npz,False,True
jV2pjBg0srU_802_7_label_fake.npz,False,True
jyXGeTx0ttw_581_21_label_fake.npz,False,True
wtCogf-htV0_71_1_label_fake.npz,False,True
MzXkiK4ROhQ_55_3_label_fake.npz,False,True
WxdaDqICMP8_288_1_label_fake.npz,False,True
QCAqiTH6B4U_1080p_108_9_label_fake.npz,False,True
RljjbDv06SE_81_1_label_fake.npz,False,True
U7V-30eueTw_0_1_label_fake.npz,False,True
56kjnBhGy8Y_1080p_87_3_label_fake.npz,False,True
VifDzyPgBNg_210_9_label_fake.npz,False,True
Z9_kN3rGJfE_54_1_label_fake.npz,False,True
0-BD5WJ_hBk_101_1_label_fake.npz,False,True
u5Ks53-THVE_56_1_label_fake.npz,False,True
6GqonOcxCQQ_214_1_label_fake.npz,False,True
VALyeyRDH1Q_37_9_label_fake.npz,False,True
dv4vM3Dbvxw_21_2_label_fake.npz,False,True
U-npOf3jGt8_29_1_345_label_fake.npz,True,False
33490.png_rGW7sZQ9AYY_822_2_label_fake.npz,True,False
NEEN8fSBuWI_370_1_45_label_fake.npz,True,False
60_Jmtasx4JReE_audio_1_512x512_1_1026_withaudio_label_fake.npz,True,False
18393-xrvwv7kdiXk_0_1_label_fake.npz,True,False
uaUeoNnxmco_232_5_label_real.npz,False,False
15906-1xWUAi4M_Dw_81_1_label_fake.npz,True,False
2NlEdgEI_mc_11_1_32_label_fake.npz,True,False
43935-7AldV8ATrJc_117_4_label_fake.npz,True,False
9CECkqcLjp4_1804_3_303_label_fake.npz,True,False
J_ComKnl1hk_7_1_573_label_fake.npz,True,False
328_hGvKKIo4tKQ_1080p_19_2_512x512_1_1803_withaudio_label_fake.npz,True,False
437_q__LT1Js9gE_1080p_11_1_512x512_1_1803_withaudio_label_fake.npz,True,False
069_591ac4fc-eBcoBBAa-zY_399_3_label_fake.npz,True,False
hR6MLH3vp80_1080p_114_1_711_label_fake.npz,True,False
27829-zv3uM90m5Rg_0_2_label_fake.npz,True,False
00483.png_vebjQP6GXm0_306_1_label_fake.npz,True,False
PjGZ8ORHZc8_39_3_25fps--11755_56kjnBhGy8Y_1080p_40_1_25fps_label_fake.npz,True,False
024_036921f7-inQaPF2YoNw_262_2_label_fake.npz,True,False
127-y0m5woySQhM_391_2_label_fake.npz,True,False
15715-QwWcO0-ne8c_46_1_label_fake.npz,True,False
14206-WXosPmTQq4o_197_1_label_fake.npz,True,False
25116-53GIoeOAam4_6_2_label_fake.npz,True,False
10478-2WGnDrVPG8A_30_1_label_fake.npz,True,False
27g6HX_U3ns_6_3_521_label_fake.npz,True,False
073_f39658d0.jpg_KyeC6d6MTSU_172_13_label_fake.npz,True,False
15353-wCZJ8go4Q9A_7_12_label_fake.npz,True,False
278_HQILxqS831E_audio_2_98_label_fake.npz,True,False
343.png_Je9hLZKYTz4_122_42_label_fake.npz,True,False
21007-O4A-dk60Njg_143_3_label_fake.npz,True,False
201-D7nFQYc20k8_236_1_label_fake.npz,True,False
02162_EoZRPfVRY7I_audio_2_label_fake.npz,True,False
1661-M-3HEJpdx2I_32_1_label_fake.npz,True,False
20509-DCeJZTSFTXs_19_1_label_fake.npz,True,False
18335-8pBbbHNytDg_73_4_label_fake.npz,True,False
GtBnj3Z3eO4_17_1_51_label_fake.npz,True,False
51_wdNhtZOGxBw_229_7_label_fake.npz,True,False
098_f0bc37c7.jpg_u-X671JqQWA_48_86_label_fake.npz,True,False
6842-ADTwFvHACE4_90_1_label_fake.npz,True,False
GiRZf3AUfW0_18_1_25fps--199_dwyz8kUPW2M_audio_2_56_label_fake.npz,True,False
1689-ADTwFvHACE4_67_1_label_fake.npz,True,False
Du1SKO_ri4w_48_139_60_label_fake.npz,True,False
20709-O1JxQ9OyJRQ_40_2_label_fake.npz,True,False
037_cff9f22d.jpg_Du1SKO_ri4w_83_12_label_fake.npz,True,False
7783-lSCTGJbObOg_347_1_label_fake.npz,True,False
4jEjuJX169k_342_1_442_label_fake.npz,True,False
20505-b4UXfBoC22A_53_1_label_fake.npz,True,False
27209.png_zBJP1v24Llk_71_1_label_fake.npz,True,False
50266.png_oDO5ZDLTpaw_0_1_label_fake.npz,True,False
D56tKWtAMbw_495_1_25fps--234_l0x-olnBLLg_330_5_25fps_label_fake.npz,True,False
15982_8-iiYu7NESU_532_3_label_fake.npz,True,False
29164-b4UXfBoC22A_38_3_label_fake.npz,True,False
_NxbN7iCl3w_9_1_label_real.npz,False,False
266_o4qerM8M37s_audio_3_512x512_1_1026_withaudio_label_fake.npz,True,False
74_NEEN8fSBuWI_302_1_label_fake.npz,True,False
5722-cbtkoZUOR1A_19_3_label_fake.npz,True,False
18428-a5bLHLqaNDg_153_5_label_fake.npz,True,False
12627-pNogULi28gs_120_2_label_fake.npz,True,False
1.png_UzfVjgZKjro_1080p_102_2_label_fake.npz,True,False
18008-3NYH-zyIfZY_11_1_label_fake.npz,True,False
077_e589a0e2_XblD1mtXBWY_4_1-batch-2025-02-06-13-00-20-332_label_fake.npz,True,False
PHMafVnjks8_535_1_25fps--06843_Je9hLZKYTz4_93_15_25fps_label_fake.npz,True,False
15300-NZ7pKLrujBc_8_1_label_fake.npz,True,False
270_7AldV8ATrJc_205_1_label_fake.npz,True,False
8636-NkFOqfFDb1c_48_1_label_fake.npz,True,False
340_uaUeoNnxmco_audio_1_163_label_fake.npz,True,False
193-ldI1peHBLa0_67_1_label_fake.npz,True,False
461_itmL4UpC5eQ_audio_short_label_fake.npz,True,False
072_c887ec5c.jpg_WYP2eizW7gY_157_1_label_fake.npz,True,False
286_7AldV8ATrJc_239_1_512x512_1_1803_withaudio_label_fake.npz,True,False
20856-I5oeY5O5oJI_42_1_label_fake.npz,True,False
12814-itFwx1CZM9I_99_2_label_fake.npz,True,False
192_Je9hLZKYTz4_117_7_512x512_1_1803_withaudio_label_fake.npz,True,False
UzfVjgZKjro_1080p_97_4_180_label_fake.npz,True,False
15069.png_zr6OpxBh5DA_383_2_label_fake.npz,True,False
029_2f4ca9e5_GK9gq8WEHA0_790_1-batch-2025-02-06-13-00-20-210_label_fake.npz,True,False
D56tKWtAMbw_1235_1_29_label_fake.npz,True,False
356-UzfVjgZKjro_1080p_48_8_label_fake.npz,True,False
cyyeokhRDgI_300_24_label_real.npz,False,False
35910-O_6kW3Mrkm8_151_2_label_fake.npz,True,False
7oLtKHmwyRw_886_3_label_real.npz,False,False
497_1WuFbrHbnW8_94_5-batch-2025-02-06-13-00-20-201_label_fake.npz,True,False
36_7ua-Uet5y28_audio_3_label_fake.npz,True,False
26389.png_1aIMkhQHGO0_28_12_label_fake.npz,True,False
293_keEKlr2dG-I_7_1_512x512_1_1803_withaudio_label_fake.npz,True,False
21575-GgCnpDg0jwc_60_2_label_fake.npz,True,False
44803.png_wf32v1liDSQ_235_1_label_fake.npz,True,False
148_UzfVjgZKjro_1080p_102_2_512x512_1_1803_withaudio_label_fake.npz,True,False
19566-uHOEHOoQCWA_4_1_label_fake.npz,True,False
027_7c6c360c.jpg_Lc0n7WuOwDs_1080p_159_5_label_fake.npz,True,False
wdNhtZOGxBw_229_6_25fps--04749_OpitcLEYak8_1080p_70_10_25fps_label_fake.npz,True,False
keEKlr2dG-I_47_2_label_real.npz,False,False
18830-9_O7qXqrMfE_94_1_label_fake.npz,True,False
18849_vD3nsZApevw_204_1_label_fake.npz,True,False
21807-3NYH-zyIfZY_25_1_label_fake.npz,True,False
34_0m3uQApRWVY_audio_3_label_fake.npz,True,False
063_1fb10bab.jpg_1aIMkhQHGO0_23_4_label_fake.npz,True,False
15212-LUn8IjZKBPg_51_1_label_fake.npz,True,False
18161-J-vYXU4vqcY_1_1_label_fake.npz,True,False
497_A0COLvfTyjc_audio_3_66_label_fake.npz,True,False
086_9b7a99a3.jpg_wdNhtZOGxBw_126_1_label_fake.npz,True,False
14050-trevouDeEyo_2_1_label_fake.npz,True,False
5447-nlrjxL_frmk_100_1_label_fake.npz,True,False
16004.png_De5FGogMWzQ_121_1_label_fake.npz,True,False
29944-d2om_PGtwWY_33_2_label_fake.npz,True,False
095_fc25a60b.jpg_JFBVpNgehIg_1080p_102_7_label_fake.npz,True,False
00505.png_rGW7sZQ9AYY_605_1_label_fake.npz,True,False
083_16b5e7ab_78p4J0EEepU_6_2-batch-2025-02-06-13-00-20-12_label_fake.npz,True,False
42092.png_qxiG3Ycr0oM_32_1_label_fake.npz,True,False
22674-_-nNx99qK4A_58_4_label_fake.npz,True,False
cyyeokhRDgI_889_1_label_real.npz,False,False
316_PjGZ8ORHZc8_65_1_512x512_1_1803_withaudio_label_fake.npz,True,False
9cwqheSOIkc_4_label_fake.npz,True,False
PHMafVnjks8_35_1_183_label_fake.npz,True,False
107_dwyz8kUPW2M_audio_2_label_fake.npz,True,False
14661-pNogULi28gs_0_1_label_fake.npz,True,False
77_2N2yMoz-y6I_audio_3_label_fake.npz,True,False
020_c1a8bc2c_4DXBHgW9NlI_280_12-batch-2025-02-06-13-00-20-416_label_fake.npz,True,False
lXXCH-gBGzI_89_60_243_label_fake.npz,True,False
2901-QwWcO0-ne8c_36_2_label_fake.npz,True,False
24555-3C3zslsslRs_3_1_label_fake.npz,True,False
14882-fcYeXCacyrk_144_1_label_fake.npz,True,False
6682-DZPR3UVoHCU_25_1_label_fake.npz,True,False
419_d2nQ564jMOw_audio_3_92_label_fake.npz,True,False
066_50092138.jpg_gIrpCS5CRYU_635_1_label_fake.npz,True,False
47156-eWj2-6q2ybk_248_2_label_fake.npz,True,False
5346-sUv353ua7E8_40_2_label_fake.npz,True,False
3497-Ne-1bg2Ifn4_74_1_label_fake.npz,True,False
6.png_JFBVpNgehIg_1080p_116_1_label_fake.npz,True,False
077_e589a0e2_msJFD79STuU_321_5-batch-2025-02-06-13-00-20-348_label_fake.npz,True,False
001_08212dcd.jpg_cyyeokhRDgI_927_2_label_fake.npz,True,False
063_61a5b737-zr6OpxBh5DA_202_1_label_fake.npz,True,False
28970-fAh51cqF86I_36_1_label_fake.npz,True,False
28539-6w9ikJPzTOA_30_1_label_fake.npz,True,False
14_4sbIYImHx3U_audio_3_label_fake.npz,True,False
19_ziKLnr38F-A_audio_short_512x512_1_1026_withaudio_label_fake.npz,True,False
35385.png_GtBnj3Z3eO4_17_1_label_fake.npz,True,False
19_y3AWF-TNUqE_audio_3_4_label_fake.npz,True,False
28_Y7ZKnBkWoHM_audio_1_label_fake.npz,True,False
496_1WuFbrHbnW8_94_5-batch-2025-02-06-13-00-20-321_label_fake.npz,True,False
28736-bOshKjz0WsQ_11_6_label_fake.npz,True,False
275-lZ3gDXlLRfA_4_1_label_fake.npz,True,False
Du1SKO_ri4w_48_139_label_real.npz,False,False
29780-vYG3_0iwY6Q_29_1_label_fake.npz,True,False
38756-IK5BZdnqMDU_315_3_label_fake.npz,True,False
9536-E1R1P_NyvF8_100_1_label_fake.npz,True,False
Je9hLZKYTz4_86_8_25fps--300_-NMs56pQ9EE_52_3_25fps_label_fake.npz,True,False
37046_t86T9sem8EM_116_1_label_fake.npz,True,False
39363_-Cg7IYe6Avw_audio_1_12_label_fake.npz,True,False
cZ_DoJj9PXQ_12_4_50_label_fake.npz,True,False
139_1xkOIPjOIGo_audio_2_label_fake.npz,True,False
46944.png_KyeC6d6MTSU_190_1_label_fake.npz,True,False
12884-KEz7EZcfVts_0_1_label_fake.npz,True,False
167_b2390a04-WxdaDqICMP8_155_1_label_fake.npz,True,False
D56tKWtAMbw_863_1_label_real.npz,False,False
497_sba-i5-e3WY_3816_1-batch-2025-02-06-13-00-20-200_label_fake.npz,True,False
326-TkkHKU_lLqU_121_1_label_fake.npz,True,False
21391-6xWbT6xIeaM_67_1_label_fake.npz,True,False
039_3daa67cf_1WuFbrHbnW8_94_5-batch-2025-02-06-13-00-20-171_label_fake.npz,True,False
4424-VpELBj01GWo_119_4_label_fake.npz,True,False
191_o6kL4Ik6rVE_audio_1_512x512_1_1026_withaudio_label_fake.npz,True,False
21921-awYvLQ53n3M_0_1_label_fake.npz,True,False
43659.png_GNkwgfQFj60_208_4_label_fake.npz,True,False
068_712660e4--19DTZ6_d6U_1244_1_label_fake.npz,True,False
28029-6cKTSj4a8bQ_138_4_label_fake.npz,True,False
198.png_Vz-kJATn87E_1080p_161_1_label_fake.npz,True,False
J_ComKnl1hk_7_9_578_label_fake.npz,True,False
146.png_f4S7SIVAHuw_9_10_label_fake.npz,True,False
033_34c27ce3.jpg_E7lIbmnQqgU_322_2_label_fake.npz,True,False
1889-x92AnU6MUr0_96_4_label_fake.npz,True,False
27651-K6rSVoAakQ8_50_1_label_fake.npz,True,False
414_Lc0n7WuOwDs_1080p_0_1_512x512_1_1803_withaudio_label_fake.npz,True,False
_QCP7kiW44E_118_3_308_label_fake.npz,True,False
9072-A-BRu8z7ztk_24_1_label_fake.npz,True,False
0mnBxMvTbts_5_1_label_real.npz,False,False
022_b60724f6-u-X671JqQWA_62_200_label_fake.npz,True,False
41-dTeNSc1Sp28_161_189_label_fake.npz,True,False
018_2974b20a-62ywI44YAxQ_33_2_label_fake.npz,True,False
fnYlmAS2w3Y_65_label_fake.npz,True,False
kQPvtHeUUfU_92_9_25fps--35025_q__LT1Js9gE_1080p_102_1_25fps_label_fake.npz,True,False
25971_OpitcLEYak8_1080p_11_3_label_fake.npz,True,False
029_2f4ca9e5_DR5IQXWY_uA_73_1-batch-2025-02-06-13-00-20-223_label_fake.npz,True,False
ldI1peHBLa0_67_7_label_real.npz,False,False
259_7F45HwAkc1A_1080p_112_1_512x512_1_1803_withaudio_label_fake.npz,True,False
33_TXszVudcarI_audio_2_label_fake.npz,True,False
487.png_D92_Zhlb0qE_1080p_87_30_label_fake.npz,True,False
18036_eEBMUm3hNj8_audio_2_157_label_fake.npz,True,False
36576.png_O_6kW3Mrkm8_66_1_label_fake.npz,True,False
VO2JJnSLtas_7_2_292_label_fake.npz,True,False
uaUeoNnxmco_219_1_label_real.npz,False,False
3652-O1JxQ9OyJRQ_131_1_label_fake.npz,True,False
25585-Z9_kN3rGJfE_20_2_label_fake.npz,True,False
9RZI_ZKQwRc_45_4_474_label_fake.npz,True,False
3782-SWHweN9WlkU_72_2_label_fake.npz,True,False
21795-H_c_crxV9O8_106_1_label_fake.npz,True,False
20937.png_sd9dr0qq7cg_162_1_label_fake.npz,True,False
4ztEkclvJjY_90_6_507_label_fake.npz,True,False
eWj2-6q2ybk_83_1_363_label_fake.npz,True,False
487_aXCflwBNft4_audio_2_label_fake.npz,True,False
H1ajK1qLRWc_1080p_71_1_label_real.npz,False,False
25585-1t8tfCELNck_23_1_label_fake.npz,True,False
057_7f34f0f4.jpg_ldI1peHBLa0_67_7_label_fake.npz,True,False
97_0JoQSGXmReo_audio_2_label_fake.npz,True,False
T47iIAEaLmY_1080p_28_8_25fps--07009_7AldV8ATrJc_115_1_25fps_label_fake.npz,True,False
7712-ezja7-YQ72g_1_4_label_fake.npz,True,False
12627-53GIoeOAam4_9_1_label_fake.npz,True,False
03916_nBhxjAQzAg4_audio_1_label_fake.npz,True,False
85_mNUVrrrSzIM_audio_2_label_fake.npz,True,False
061_4544a552.jpg_Lc0n7WuOwDs_1080p_236_2_label_fake.npz,True,False
25124-KFOvtqspEZk_74_1_label_fake.npz,True,False
ldI1peHBLa0_67_10_label_real.npz,False,False
4638-2gOvQIMWbCY_10_1_label_fake.npz,True,False
428__fWyWcZB7VA_audio_2_512x512_1_1026_withaudio_label_fake.npz,True,False
wdNhtZOGxBw_266_1_25fps--38992_9RZI_ZKQwRc_28_4_25fps_label_fake.npz,True,False
7775-AbpNlshqtJc_153_1_label_fake.npz,True,False
2NlEdgEI_mc_116_10_60_label_fake.npz,True,False
28190-ADTwFvHACE4_90_1_label_fake.npz,True,False
SN_ezyaGtjs_29_1_label_fake.npz,True,False
259-5xBpkc7-w3A_76_1_label_fake.npz,True,False
u-X671JqQWA_105_70_25fps--51835_BWQSACpMBOY_audio_3_147_label_fake.npz,True,False
36_U229xdnLKAg_audio_3_512x512_1_1026_withaudio_label_fake.npz,True,False
10451-MOBGaVJH54A_16_1_label_fake.npz,True,False
UzfVjgZKjro_1080p_102_1_25fps--24676_q__LT1Js9gE_1080p_0_9_25fps_label_fake.npz,True,False
03GPqk22j-w_213_1_label_real.npz,False,False
03GPqk22j-w_237_1_548_label_fake.npz,True,False
56kjnBhGy8Y_1080p_82_4_label_real.npz,False,False
12078-O4A-dk60Njg_183_1_label_fake.npz,True,False
031_a92db443-WxdaDqICMP8_458_1_label_fake.npz,True,False
29167-xGCuF-h-XVc_125_1_label_fake.npz,True,False
29526-lSCTGJbObOg_17_4_label_fake.npz,True,False
63166_qYHsNiHJpDU_audio_1_20_label_fake.npz,True,False
10554-LUn8IjZKBPg_37_2_label_fake.npz,True,False
53854.png_bSVCG7iOG5I_63_1_label_fake.npz,True,False
WYP2eizW7gY_123_1_120_label_fake.npz,True,False
060_78fae615.jpg_GiRZf3AUfW0_0_23_label_fake.npz,True,False
5oEJ6HpCC1c_25_1_label_real.npz,False,False
499_GK9gq8WEHA0_790_1-batch-2025-02-06-13-00-20-360_label_fake.npz,True,False
080_38c2109a.jpg_H1ajK1qLRWc_1080p_25_1_label_fake.npz,True,False
21347.png_GtBnj3Z3eO4_63_3_label_fake.npz,True,False
fzFCxS8Az2g_139_4_48_label_fake.npz,True,False
039_3daa67cf_4DXBHgW9NlI_280_12-batch-2025-02-06-13-00-20-176_label_fake.npz,True,False
7014-awNrju1X3zc_21_2_label_fake.npz,True,False
076_d4ee20ae.jpg__sAbvloLTNQ_1568_1_label_fake.npz,True,False
y3AWF-TNUqE_725_1_label_real.npz,False,False
23620-QTau-xHsz80_123_1_label_fake.npz,True,False
060_003a8f0c.jpg_K3O_-Mjls_Q_1080p_105_1_label_fake.npz,True,False
075_b5f2a9e5-JO4zM3x9SIg_69_1_label_fake.npz,True,False
11520-mRNCLRo9JAM_31_10_label_fake.npz,True,False
lBApoKf5KAQ_25_1_103_label_fake.npz,True,False
056_ccaa5638.jpg_1P9nl9tBK38_498_1_label_fake.npz,True,False
051_12956682.jpg_lXXCH-gBGzI_65_60_label_fake.npz,True,False
19742-LUn8IjZKBPg_53_1_label_fake.npz,True,False
446.png_dTeNSc1Sp28_531_53_label_fake.npz,True,False
005_9574c208--G4vMYK4mHY_986_3_label_fake.npz,True,False
14155-0Mi0miIN6tA_131_1_label_fake.npz,True,False
042_2ccd070f.jpg_K92gto9SW2U_445_22_label_fake.npz,True,False
p1bOOYSCzxs_20_3_label_real.npz,False,False
07506_-VbyZhzAZUA_audio_1_80_label_fake.npz,True,False
19282-NSWcdPWXZQI_8_1_label_fake.npz,True,False
63663_t8HrZTLRCeU_audio_2_217_label_fake.npz,True,False
6180-Ip7cs1D5tTQ_90_1_label_fake.npz,True,False
2NlEdgEI_mc_50_3_147_label_fake.npz,True,False
7474-AxxMiihvKgg_34_4_label_fake.npz,True,False
hNOjkqrz-H8_592_1_label_real.npz,False,False
140__7KzTzpF6Ng_audio_2_512x512_1_1026_withaudio_label_fake.npz,True,False
14906-u5Ks53-THVE_69_1_label_fake.npz,True,False
16981-6xWbT6xIeaM_76_1_label_fake.npz,True,False
952-hKx4HGfNgCg_5_3_label_fake.npz,True,False
UzfVjgZKjro_1080p_102_3_25fps--429_1nnKydcqmDI_24_1_25fps_label_fake.npz,True,False
250.png_apnde-Dpq8E_1080p_195_1_label_fake.npz,True,False
37_tf_pzTBKuFY_audio_1_512x512_1_1026_withaudio_label_fake.npz,True,False
18623-M-3HEJpdx2I_13_1_label_fake.npz,True,False
8378-DwbAW8G-57A_30_1_label_fake.npz,True,False
22948_X05-4iCBHC8_audio_2_1_label_fake.npz,True,False
lXXCH-gBGzI_102_4_25fps--292_aEM1s9Saa-g_87_1_25fps_label_fake.npz,True,False
4135-vVsakoqLuu8_22_4_label_fake.npz,True,False
48964-t8HrZTLRCeU_118_1_label_fake.npz,True,False
36224-PXdPmUJN6k0_74_52_label_fake.npz,True,False
03032_KrxDbtakbyc_audio_3_label_fake.npz,True,False
rMrG-WhVhow_204_1_188_label_fake.npz,True,False
15969-pnuHjaJClto_41_1_label_fake.npz,True,False
17586-lSCTGJbObOg_277_3_label_fake.npz,True,False
072_4a17b7fb-Lc0n7WuOwDs_1080p_254_7_label_fake.npz,True,False
fnYlmAS2w3Y_66_label_fake.npz,True,False
29509-KvSxhLryGP0_138_6_label_fake.npz,True,False
29309-PYRFxrLt30A_43_3_label_fake.npz,True,False
6944-E7hwoDHfU28_49_3_label_fake.npz,True,False
256_sc8g9_1WLD4_audio_3_512x512_1_1026_withaudio_label_fake.npz,True,False
058_a5eb69fb-3b5w2DhtcIM_9_2_label_fake.npz,True,False
008_31e90c6b-fZNe3xAY9Zw_1080p_37_6_label_fake.npz,True,False
03479-iamTFe6mi2Y_129_1_label_fake.npz,True,False
35262.png_PHMafVnjks8_536_1_label_fake.npz,True,False
20856-bkCpQk_K_jg_73_1_label_fake.npz,True,False
03GPqk22j-w_0_1_125_label_fake.npz,True,False
34425.png_Du1SKO_ri4w_48_139_label_fake.npz,True,False
111.png_Du1SKO_ri4w_80_92_label_fake.npz,True,False
04105.png_KyeC6d6MTSU_240_2_label_fake.npz,True,False
11632.png_KyeC6d6MTSU_236_11_label_fake.npz,True,False
7571-TalBZ9_fmQk_66_2_label_fake.npz,True,False
148-apnde-Dpq8E_1080p_217_2_label_fake.npz,True,False
18739-pnuHjaJClto_15_1_label_fake.npz,True,False
39509_3JZWZFab1IU_audio_1_24_label_fake.npz,True,False
aEM1s9Saa-g_71_6_602_label_fake.npz,True,False
hNOjkqrz-H8_636_1_label_real.npz,False,False
12754-hpsgQkD27BA_136_1_label_fake.npz,True,False
De5FGogMWzQ_82_1_label_real.npz,False,False
32521-dZV2TjhBthE_16_11_label_fake.npz,True,False
041_bcfa1766.jpg_eWj2-6q2ybk_84_2_label_fake.npz,True,False
18998-y_wqp9PJHYo_38_1_label_fake.npz,True,False
068_45cbb6a4-fZNe3xAY9Zw_1080p_117_6_label_fake.npz,True,False
7AldV8ATrJc_168_1_21_label_fake.npz,True,False
XblD1mtXBWY_296_18_278_label_fake.npz,True,False
042_2ccd070f_Nz7QfvnRkuE_555_1-batch-2025-02-06-13-00-20-142_label_fake.npz,True,False
25714-PYRFxrLt30A_72_2_label_fake.npz,True,False
2010-DCeJZTSFTXs_9_1_label_fake.npz,True,False
bSVCG7iOG5I_2064_1_label_real.npz,False,False
5351-I5oeY5O5oJI_31_14_label_fake.npz,True,False
48956_-mMaHBtQ-DU_audio_2_25_label_fake.npz,True,False
8528-mRNCLRo9JAM_31_1_label_fake.npz,True,False
086_f052c533-SDMFBIhN9fw_795_3_label_fake.npz,True,False
85_QRehETrB3qU_audio_2_32_label_fake.npz,True,False
21316.png_bpyUlL59qEw_137_1_label_fake.npz,True,False
29540-2Ny5UJLpoxg_1_1_label_fake.npz,True,False
16621-QvTs7W732ZQ_37_1_label_fake.npz,True,False
17053-mJy_wVSKwwA_50_1_label_fake.npz,True,False
253_q__LT1Js9gE_1080p_6_6_label_fake.npz,True,False
030_92cca8fa-bSVCG7iOG5I_63_1_label_fake.npz,True,False
30CXCDECyG4_1080p_134_4_25fps--202_Je9hLZKYTz4_60_11_25fps_label_fake.npz,True,False
193_56kjnBhGy8Y_1080p_40_1_512x512_1_1803_withaudio_label_fake.npz,True,False
00010_nBhxjAQzAg4_audio_3_label_fake.npz,True,False
zBJP1v24Llk_36_1_25fps--276_aEM1s9Saa-g_16_1_25fps_label_fake.npz,True,False
069_1b7a9cf8-YGIhb_a29d0_1080p_1410_1_label_fake.npz,True,False
41-D56tKWtAMbw_1235_1_label_fake.npz,True,False
348_tAAGUDcS7XM_audio_short_512x512_1_1026_withaudio_label_fake.npz,True,False
y9BVPefouIs_2777_1_label_real.npz,False,False
25134-IU0Zy67ZLpU_114_1_label_fake.npz,True,False
18208-ndJhwVupwVQ_8_3_label_fake.npz,True,False
052_244a9729-_NxbN7iCl3w_705_1_label_fake.npz,True,False
36784_PHMafVnjks8_8_1_label_fake.npz,True,False
-v7rBbYKdQE_37_5_297_label_fake.npz,True,False
14690-3U4D77IB-j8_120_1_label_fake.npz,True,False
099_82722976-3Cv3vJa9UoI_1080p_244_1_label_fake.npz,True,False
063_55002ecd-YkHUDTtGzvk_62_1_label_fake.npz,True,False
126_27b87531-eWj2-6q2ybk_137_1_label_fake.npz,True,False
21341-pzdnuEa8a20_16_1_label_fake.npz,True,False
22514-v9f6twy70iM_2_7_label_fake.npz,True,False
16931-I5oeY5O5oJI_46_3_label_fake.npz,True,False
21366-fmc0Pk8A0T0_150_1_label_fake.npz,True,False
UzfVjgZKjro_1080p_102_2_25fps--304_NEEN8fSBuWI_50_1_25fps_label_fake.npz,True,False
26804.png_rLrUc0SdDYY_9_2_label_fake.npz,True,False
059_aef6a0a8.jpg_KLyiFfWtoPI_162_7_label_fake.npz,True,False
082_4bbff9c3.jpg_K3O_-Mjls_Q_1080p_24_1_label_fake.npz,True,False
23261.png_7ua-Uet5y28_87_1_label_fake.npz,True,False
27893-GgCnpDg0jwc_60_2_label_fake.npz,True,False
45496-9rjQ5sfeUTg_out_169_5_label_fake.npz,True,False
51111.png_Jmtasx4JReE_314_2_label_fake.npz,True,False
498_iveoZu36Fzw_11_22-batch-2025-02-06-13-00-20-448_label_fake.npz,True,False
470_DMdGj-tquJY_audio_3_label_fake.npz,True,False
Vz-kJATn87E_1080p_178_2_label_real.npz,False,False
D56tKWtAMbw_526_1_label_real.npz,False,False
i56Klb7z3Pw_157_1_25fps--96_dc7eS_JHLEw_460_3_25fps_label_fake.npz,True,False
_pWENLj5I-8_1080p_74_3_label_real.npz,False,False
00357_6XJ3OW1Y2zU_audio_2_label_fake.npz,True,False
27130-J-vYXU4vqcY_3_1_label_fake.npz,True,False
088_b1977c95-gc8LE2PP3hM_353_6_label_fake.npz,True,False
067_fb02357d.jpg_KyeC6d6MTSU_236_13_label_fake.npz,True,False
083_16b5e7ab_MxlocFNdoXg_797_2-batch-2025-02-06-13-00-20-1_label_fake.npz,True,False
29420.png_0fpc2LXBvUo_63_1_label_fake.npz,True,False
22341-hpsgQkD27BA_1_4_label_fake.npz,True,False
10584-hHYe3O7_TUA_304_3_label_fake.npz,True,False
FGAyYl3ZICw_46_1_91_label_fake.npz,True,False
u-X671JqQWA_83_138_25fps--51298_Tdgb6NvUjhk_193_1_25fps_label_fake.npz,True,False
039_defb8d63-SY_xV-Raq3A_1080p_98_1_label_fake.npz,True,False
12523-cbtkoZUOR1A_26_6_label_fake.npz,True,False
47392.png_inQaPF2YoNw_481_2_label_fake.npz,True,False
20404-CoIL9IsJXiA_83_1_label_fake.npz,True,False
25502-6w9ikJPzTOA_40_1_label_fake.npz,True,False
D92_Zhlb0qE_1080p_37_8_25fps--224_WimhDf8VpTA_audio_2_51_label_fake.npz,True,False
037_62d00a09.jpg_lBApoKf5KAQ_16_1_label_fake.npz,True,False
2CTT98xML9c_213_1_538_label_fake.npz,True,False
14602-itFwx1CZM9I_99_2_label_fake.npz,True,False
25638-qsnbJZQAD-k_0_2_label_fake.npz,True,False
21420-squ9XOfBKaY_0_1_label_fake.npz,True,False
316_zBJP1v24Llk_69_1_512x512_1_1803_withaudio_label_fake.npz,True,False
5436-ADTwFvHACE4_36_1_label_fake.npz,True,False
11445-OEIstw-nzes_68_3_label_fake.npz,True,False
21366-BCcA0inbcBk_34_2_label_fake.npz,True,False
YgGJIXxku2s_104_1_426_label_fake.npz,True,False
090_f67e981f.jpg_6Hh5ba8gpfw_139_1_label_fake.npz,True,False
15399.png_q__LT1Js9gE_1080p_7_1_label_fake.npz,True,False
27493-awNrju1X3zc_57_2_label_fake.npz,True,False
497_4DXBHgW9NlI_280_12-batch-2025-02-06-13-00-20-206_label_fake.npz,True,False
W9C4OBc6El4_38_7_264_label_fake.npz,True,False
4jEjuJX169k_1130_1_label_real.npz,False,False
70_uxKH0XMINcI_audio_3_512x512_1_1026_withaudio_label_fake.npz,True,False
21731-I5oeY5O5oJI_34_1_label_fake.npz,True,False
060_8bb5cac3-y0AEpnS6CNo_15_7_label_fake.npz,True,False
119_3hvjxHnt9SA_audio_1_512x512_1_1026_withaudio_label_fake.npz,True,False
22843-SM1o5azPdoo_92_1_label_fake.npz,True,False
024_2a9dc3ca--G4vMYK4mHY_986_4_label_fake.npz,True,False
Lc0n7WuOwDs_1080p_215_1_587_label_fake.npz,True,False
05915.png_Vz-kJATn87E_1080p_27_1_label_fake.npz,True,False
491_XblD1mtXBWY_4_1-batch-2025-02-06-13-00-20-242_label_fake.npz,True,False
085_e9f6ea07.jpg_Tdgb6NvUjhk_73_1_label_fake.npz,True,False
6513-vNCVrtwrAWg_35_2_label_fake.npz,True,False
1889-D1m1SQIdMkk_5_2_label_fake.npz,True,False
195_dc745cfd.jpg_BlgjnJ9y3oE_429_1_label_fake.npz,True,False
349_s9lzNGoKAPI_audio_1_label_fake.npz,True,False
1797-SWHweN9WlkU_46_1_label_fake.npz,True,False
Ll8xGtwvH84_353_4_324_label_fake.npz,True,False
41290.png_aEM1s9Saa-g_107_12_label_fake.npz,True,False
13066-aE-eKPb6vhM_23_2_label_fake.npz,True,False
3493-A-BRu8z7ztk_34_2_label_fake.npz,True,False
9024-Uk6sPnRL0WQ_116_1_label_fake.npz,True,False
094_664a03cd.jpg_oGo0qpktVW0_1080p_209_3_label_fake.npz,True,False
142_rMrG-WhVhow_204_1_512x512_1_1803_withaudio_label_fake.npz,True,False
34367.png_ldI1peHBLa0_138_1_label_fake.npz,True,False
029_2f4ca9e5_XblD1mtXBWY_4_1-batch-2025-02-06-13-00-20-212_label_fake.npz,True,False
O_6kW3Mrkm8_282_14_label_real.npz,False,False
pxQ7cGj7TqE_41_6_label_real.npz,False,False
vAQM3cPJxSg_56_1_label_real.npz,False,False
yGSbJCsyO0M_245_1_label_real.npz,False,False
083_b9c10851.jpg_JFBVpNgehIg_1080p_160_12_label_fake.npz,True,False
025_d5418b1e.jpg_OpitcLEYak8_1080p_38_8_label_fake.npz,True,False
wrsQH0CXaic_0_1_169_label_fake.npz,True,False
17410-d2om_PGtwWY_36_1_label_fake.npz,True,False
mOPffKIq18w_445_1_label_real.npz,False,False
42271_CSvzXtX9zQ4_audio_1_195_label_fake.npz,True,False
24381-GgCnpDg0jwc_22_1_label_fake.npz,True,False
04285_NnNZBZa1Duc_audio_3_label_fake.npz,True,False
P_stI11n2Sc_9_1_197_label_fake.npz,True,False
057_7f34f0f4.jpg_KyeC6d6MTSU_236_2_label_fake.npz,True,False
6342-p3XJSlgo1_M_78_2_label_fake.npz,True,False
20140-MATJqR93d5I_42_1_label_fake.npz,True,False
8946-lSCTGJbObOg_347_1_label_fake.npz,True,False
060_a274185c.jpg_Du1SKO_ri4w_55_28_label_fake.npz,True,False
40641.png_ldI1peHBLa0_101_5_label_fake.npz,True,False
Je9hLZKYTz4_148_27_label_real.npz,False,False
WimhDf8VpTA_46_1_label_real.npz,False,False
13391.png_GtBnj3Z3eO4_374_4_label_fake.npz,True,False
053_62909c7b.jpg_nskOU3iewEg_145_1_label_fake.npz,True,False
24741-Uk6sPnRL0WQ_81_2_label_fake.npz,True,False
35156.png_CSvzXtX9zQ4_255_1_label_fake.npz,True,False
Du1SKO_ri4w_70_17_25fps--15569_hGvKKIo4tKQ_1080p_72_1_25fps_label_fake.npz,True,False
02712__x3xzKilzPg_audio_1_label_fake.npz,True,False
y0m5woySQhM_346_1_25fps--198_kHgF6z3Paos_839_1_25fps_label_fake.npz,True,False
GiRZf3AUfW0_18_31_919_label_fake.npz,True,False
_T2oSi7iMrY_25_1_label_real.npz,False,False
26938-b0Z9IpTVfUg_50_1_label_fake.npz,True,False
084_6b81d36b-jV2pjBg0srU_1132_14_label_fake.npz,True,False
8933-NUHHj6bWXTs_109_1_label_fake.npz,True,False
1442-I5oeY5O5oJI_64_5_label_fake.npz,True,False
i56Klb7z3Pw_578_2_25fps--45672_WYP2eizW7gY_127_2_25fps_label_fake.npz,True,False
21704-2ECheTEbkhQ_31_3_label_fake.npz,True,False
u-X671JqQWA_71_216_25fps--46426_De5FGogMWzQ_121_1_25fps_label_fake.npz,True,False
21575-O1JxQ9OyJRQ_131_1_label_fake.npz,True,False
42965.png_eEBMUm3hNj8_126_1_label_fake.npz,True,False
050_9269f010-4GJoAnMi6Mo_500_1_label_fake.npz,True,False
CQSa-AudDro_92_1_162_label_fake.npz,True,False
237-lXXCH-gBGzI_0_35_label_fake.npz,True,False
491_VifDzyPgBNg_0_3-batch-2025-02-06-13-00-20-248_label_fake.npz,True,False
247_nBhxjAQzAg4_audio_3_512x512_1_1026_withaudio_label_fake.npz,True,False
27718-NduDs59WZqU_72_3_label_fake.npz,True,False
2NlEdgEI_mc_57_2_322_label_fake.npz,True,False
393_PHMafVnjks8_231_3_label_fake.npz,True,False
28757-NSWcdPWXZQI_2_1_label_fake.npz,True,False
908-UWnFJdu3BOA_15_1_label_fake.npz,True,False
1249-I66kXy4rvME_63_3_label_fake.npz,True,False
31511.png_dcvbo-RdeWw_4_2_label_fake.npz,True,False
17798-d2om_PGtwWY_58_1_label_fake.npz,True,False
25399_hg6PbuiRHeg_audio_2_151_label_fake.npz,True,False
29808.png_Lc0n7WuOwDs_1080p_112_2_label_fake.npz,True,False
26476-A-BRu8z7ztk_21_1_label_fake.npz,True,False
2342-BTijw7PINU4_85_1_label_fake.npz,True,False
23885-eHJnEHyyN1Y_2_3_label_fake.npz,True,False
22605-BhwnAYvzhm4_6_3_label_fake.npz,True,False
keEKlr2dG-I_76_1_25fps--23_gEpZTuQhcuA_audio_2_204_label_fake.npz,True,False
326_Y7FIRwYsAMo_audio_1_512x512_1_1026_withaudio_label_fake.npz,True,False
029_cb46b2bb.jpg_dTeNSc1Sp28_324_4_label_fake.npz,True,False
026_bb842452-eWj2-6q2ybk_259_2_label_fake.npz,True,False
780-Lv7ZArjcOJo_66_1_label_fake.npz,True,False
pdcV3UkZtks_1_39_label_real.npz,False,False
msbqwoV6PHM_1080p_159_4_29_label_fake.npz,True,False
MFusQ6Jv5cE_89_4--414_KyeC6d6MTSU_audio_3_17_label_fake.npz,True,False
21235-vYG3_0iwY6Q_133_1_label_fake.npz,True,False
03251_qv45xE78kx0_audio_1_label_fake.npz,True,False
20149-NZ7pKLrujBc_1_2_label_fake.npz,True,False
00355_YkHUDTtGzvk_audio_1_label_fake.npz,True,False
093_fda0f117.jpg_PNyFdGKIjzY_2_2_label_fake.npz,True,False
006_bbb6978e-vxvcZVCOMuc_1_6_label_fake.npz,True,False
98_GiRZf3AUfW0_43_2_label_fake.npz,True,False
wdNhtZOGxBw_229_7_25fps--488_8DtgmPl6mjY_audio_3_177_label_fake.npz,True,False
023_2029f686.jpg_1nnKydcqmDI_252_1_label_fake.npz,True,False
488_03GPqk22j-w_15_2_512x512_1_1803_withaudio_label_fake.npz,True,False
952-Lqg5fiwIQso_45_1_label_fake.npz,True,False
32776.png_i28DmpsZUz8_370_2_label_fake.npz,True,False
53709.png_apnde-Dpq8E_1080p_121_7_label_fake.npz,True,False
079_f5cc99a5.jpg_gc8LE2PP3hM_68_13_label_fake.npz,True,False
029_cb46b2bb.jpg_KLyiFfWtoPI_1009_3_label_fake.npz,True,False
4315-ZWWpghA1SJc_6_4_label_fake.npz,True,False
125_b66015af.jpg__pWENLj5I-8_1080p_74_3_label_fake.npz,True,False
12868-o3KMJLxjdoM_34_2_label_fake.npz,True,False
04832-rLrUc0SdDYY_5_1_label_fake.npz,True,False
11849-3U4D77IB-j8_0_2_label_fake.npz,True,False
18755-4RSM7dOkM3k_22_2_label_fake.npz,True,False
100_e1433988.jpg_dZV2TjhBthE_17_2_label_fake.npz,True,False
16433.png_oGo0qpktVW0_1080p_76_14_label_fake.npz,True,False
GiRZf3AUfW0_67_12_label_real.npz,False,False
D56tKWtAMbw_717_1_label_real.npz,False,False
47361.png_JFBVpNgehIg_1080p_71_1_label_fake.npz,True,False
24527-ADTwFvHACE4_46_4_label_fake.npz,True,False
062_f1f905e2-Qql31j-w90s_18_2_label_fake.npz,True,False
-aDPCjQeWQs_330_2--99_TXszVudcarI_audio_3_38_label_fake.npz,True,False
24182-PYRFxrLt30A_35_2_label_fake.npz,True,False
KGJZkMXqvcI_9_1_label_real.npz,False,False
3557-nAeQagx49OM_57_1_label_fake.npz,True,False
62-3Cv3vJa9UoI_1080p_7_5_label_fake.npz,True,False
52190_DOpN7bVauzY_audio_2_189_label_fake.npz,True,False
D56tKWtAMbw_61_1_695_label_fake.npz,True,False
229_SabGmKoEfYk_audio_3_512x512_1_1026_withaudio_label_fake.npz,True,False
25340-xGCuF-h-XVc_157_1_label_fake.npz,True,False
443_6naugGonRkE_1080p_102_3_512x512_1_1803_withaudio_label_fake.npz,True,False
27463.png_7oLtKHmwyRw_306_1_label_fake.npz,True,False
209_It5DLkCxwl0_audio_3_512x512_1_1026_withaudio_label_fake.npz,True,False
79_o4qerM8M37s_audio_2_512x512_1_1026_withaudio_label_fake.npz,True,False
e0GahnJx-Sc_500_1_135_label_fake.npz,True,False
4246-ADTwFvHACE4_55_1_label_fake.npz,True,False
11929-3NYH-zyIfZY_12_1_label_fake.npz,True,False
088_29b6bf25-9X-SE-3CPw4_2144_3_label_fake.npz,True,False
13927-d2om_PGtwWY_15_1_label_fake.npz,True,False
300_--wjKL2y9gE_375_1_512x512_1_1803_withaudio_label_fake.npz,True,False
25038-awYvLQ53n3M_36_1_label_fake.npz,True,False
29758-squ9XOfBKaY_120_1_label_fake.npz,True,False
048_453e6cb3.jpg_56kjnBhGy8Y_1080p_82_1_label_fake.npz,True,False
D56tKWtAMbw_189_1_25fps--11510_xdtIUNNyO1w_audio_2_230_label_fake.npz,True,False
18548-AbpNlshqtJc_155_1_label_fake.npz,True,False
563-3NYH-zyIfZY_1_1_label_fake.npz,True,False
15332_SY_xV-Raq3A_1080p_16_2_label_fake.npz,True,False
17037-_hZseWeLSFY_16_1_label_fake.npz,True,False
04351_Mv3FKFpTe4c_audio_3_label_fake.npz,True,False
26657-SoI9-PP5Tmk_22_1_label_fake.npz,True,False
79__Er-wOsgxWQ_audio_3_234_label_fake.npz,True,False
u24egzL00g0_660_1_label_real.npz,False,False
DuggBTqO2sc_301_5_245_label_fake.npz,True,False
14255-_T2oSi7iMrY_44_2_label_fake.npz,True,False
6234-2ECheTEbkhQ_29_4_label_fake.npz,True,False
W8ndzcz359Q_143_5_244_label_fake.npz,True,False
20773-85VgNDfQZwE_110_2_label_fake.npz,True,False
490_78p4J0EEepU_6_2-batch-2025-02-06-13-00-20-462_label_fake.npz,True,False
BlgjnJ9y3oE_163_2_25fps--304_2o5u159w_uI_audio_3_37_label_fake.npz,True,False
18038-lmBYMs2ysnY_3_2_label_fake.npz,True,False
043_9bfd94a4-mHii80xikXs_793_1_label_fake.npz,True,False
12625.png_u-X671JqQWA_48_232_label_fake.npz,True,False
11832-pNogULi28gs_90_2_label_fake.npz,True,False
470--mMaHBtQ-DU_29_1_label_fake.npz,True,False
22767-yMK0bMaGZYI_42_2_label_fake.npz,True,False
970-ndJhwVupwVQ_7_1_label_fake.npz,True,False
2793-I5oeY5O5oJI_38_2_label_fake.npz,True,False
11161-ADTwFvHACE4_89_2_label_fake.npz,True,False
Upf3zJKUiVI_30_1_182_label_fake.npz,True,False
040_9b4bfe5b.jpg_OpitcLEYak8_1080p_7_5_label_fake.npz,True,False
7967-TsQZOTSteK8_75_1_label_fake.npz,True,False
28251-J-vYXU4vqcY_3_1_label_fake.npz,True,False
14063-ADTwFvHACE4_74_1_label_fake.npz,True,False
7058-IDnknJIymfg_26_2_label_fake.npz,True,False
490.png_Vz-kJATn87E_1080p_123_4_label_fake.npz,True,False
233_uaUeoNnxmco_audio_3_label_fake.npz,True,False
243-0IH3CEZFDTs_10_1_label_fake.npz,True,False
49417_ePNdJNJTDl8_audio_2_197_label_fake.npz,True,False
LGd_iDH5tU4_5_106_label_real.npz,False,False
23754-ON_A6hcriWc_47_1_label_fake.npz,True,False
1152-2WGnDrVPG8A_72_2_label_fake.npz,True,False
021_8295d645-NEEN8fSBuWI_302_1_label_fake.npz,True,False
023_2029f686.jpg_fIshKSAbvuA_1009_2_label_fake.npz,True,False
091_d4af6789-6l6NFBuOYjk_27_1_label_fake.npz,True,False
5940-a0MIIwPGYB4_30_1_label_fake.npz,True,False
45962_WYP2eizW7gY_147_1_label_fake.npz,True,False
418_C_Z1mo51fhU_audio_2_label_fake.npz,True,False
040_9b4bfe5b.jpg_aEM1s9Saa-g_36_2_label_fake.npz,True,False
082_6883328f-yubEaBr4X24_163_1_label_fake.npz,True,False
fZNe3xAY9Zw_1080p_0_1_label_real.npz,False,False
52_TP27NdZ6GDo_audio_3_label_fake.npz,True,False
11028-GRgqbsP_-uw_93_2_label_fake.npz,True,False
18613-PYRFxrLt30A_2_2_label_fake.npz,True,False
u-X671JqQWA_144_17_label_real.npz,False,False
16320-EzSdf3VK9qc_45_2_label_fake.npz,True,False
351_iK7XDpR-1IQ_audio_2_512x512_1_1026_withaudio_label_fake.npz,True,False
3070-QwWcO0-ne8c_64_2_label_fake.npz,True,False
25168-aE-eKPb6vhM_6_1_label_fake.npz,True,False
24742.png_ldI1peHBLa0_189_2_label_fake.npz,True,False
11355-I5oeY5O5oJI_46_2_label_fake.npz,True,False
057_ee633567-yubEaBr4X24_1118_2_label_fake.npz,True,False
13135-JtLypQpGruo_50_1_label_fake.npz,True,False
7oLtKHmwyRw_393_2_label_real.npz,False,False
QBUcSnMKSVg_369_27_label_real.npz,False,False
6-Jy-bPwwFxhk_108_2_label_fake.npz,True,False
22909-GrQO5stiREI_130_1_label_fake.npz,True,False
O_6kW3Mrkm8_227_1_label_real.npz,False,False
190_Lc0n7WuOwDs_1080p_220_3_label_fake.npz,True,False
21896-aPDX-414xdM_0_1_label_fake.npz,True,False
TkkHKU_lLqU_86_1_label_real.npz,False,False
oGo0qpktVW0_1080p_82_3_25fps--66018_hlgbJ-9GE6k_audio_1_159_label_fake.npz,True,False
6268-mRNCLRo9JAM_31_16_label_fake.npz,True,False
30430_56kjnBhGy8Y_1080p_100_11_label_fake.npz,True,False
28959-G37VO1yeVEo_46_1_label_fake.npz,True,False
rLrUc0SdDYY_20_3_140_label_fake.npz,True,False
010_610eea60.jpg_DOpN7bVauzY_2060_3_label_fake.npz,True,False
063_67d7dfda.jpg_KyeC6d6MTSU_136_5_label_fake.npz,True,False
31495-Du1SKO_ri4w_71_187_label_fake.npz,True,False
1P9nl9tBK38_3_1_99_label_fake.npz,True,False
024_cc39b61d.jpg_E7lIbmnQqgU_52_1_label_fake.npz,True,False
316_JFBVpNgehIg_1080p_167_6_label_fake.npz,True,False
25124-pMgqSJP9dN8_24_2_label_fake.npz,True,False
26778-fmc0Pk8A0T0_144_1_label_fake.npz,True,False
58_lNVlA04cudE_49_3_512x512_1_1803_withaudio_label_fake.npz,True,False
27076-JJPfmH5r99k_31_1_label_fake.npz,True,False
18396-9rjQ5sfeUTg_out_359_11_label_fake.npz,True,False
3652-lSCTGJbObOg_287_1_label_fake.npz,True,False
_v4eDWAjkag_252_3_25fps--126_p-OdFWMl0Ys_audio_2_140_label_fake.npz,True,False
25519-O4A-dk60Njg_94_1_label_fake.npz,True,False
FGAyYl3ZICw_58_2_53_label_fake.npz,True,False
kHgF6z3Paos_0_3_label_real.npz,False,False
092_53648816-_57vq0PQEig_92_1_label_fake.npz,True,False
18754-bOshKjz0WsQ_11_6_label_fake.npz,True,False
22615-V56A6SHbI1Q_1_1_label_fake.npz,True,False
067_296269c3-PqumaD82tcI_152_12_label_fake.npz,True,False
279_dTeNSc1Sp28_audio_3_512x512_1_1026_withaudio_label_fake.npz,True,False
20348-ADTwFvHACE4_116_2_label_fake.npz,True,False
055_ba4ace00--19DTZ6_d6U_154_3_label_fake.npz,True,False
17207-Lqg5fiwIQso_35_1_label_fake.npz,True,False
189_PHMafVnjks8_35_2_label_fake.npz,True,False
39936_u-X671JqQWA_154_2_label_fake.npz,True,False
876-ndJhwVupwVQ_11_1_label_fake.npz,True,False
180-e3Y_kHSRpao_69_1_label_fake.npz,True,False
071_0ebe70f4.jpg_D56tKWtAMbw_197_1_label_fake.npz,True,False
17599-YHiV0rUyg0U_40_2_label_fake.npz,True,False
87_3744E1AMAR0_audio_2_label_fake.npz,True,False
114_2N2yMoz-y6I_audio_1_7_label_fake.npz,True,False
7431-LmGz2Hp34l0_2_2_label_fake.npz,True,False
114.png_NEEN8fSBuWI_290_1_label_fake.npz,True,False
2NlEdgEI_mc_112_6_3_label_fake.npz,True,False
19912.png_LGd_iDH5tU4_5_179_label_fake.npz,True,False
keEKlr2dG-I_59_4_25fps--114_2N2yMoz-y6I_audio_1_7_label_fake.npz,True,False
7AldV8ATrJc_336_1_166_label_fake.npz,True,False
13022-KFOvtqspEZk_94_1_label_fake.npz,True,False
10300-I7bHX9Wkr0E_47_1_label_fake.npz,True,False
6668-9IbpGupPrtc_47_1_label_fake.npz,True,False
8-iiYu7NESU_532_3_25fps--26933_OpitcLEYak8_1080p_70_10_25fps_label_fake.npz,True,False
10310-0xfJy96HJqo_57_1_label_fake.npz,True,False
50577_02xKoH4b4Cs_audio_1_161_label_fake.npz,True,False
25904-VvyPZwhivKQ_19_1_label_fake.npz,True,False
381_K3O_-Mjls_Q_1080p_101_22_512x512_1_1803_withaudio_label_fake.npz,True,False
29653_jXf9d1xHO34_1080p_119_1_label_fake.npz,True,False
5534-TalBZ9_fmQk_1_4_label_fake.npz,True,False
042_2ccd070f_1WuFbrHbnW8_94_5-batch-2025-02-06-13-00-20-141_label_fake.npz,True,False
rMrG-WhVhow_598_1_12_label_fake.npz,True,False
4jEjuJX169k_590_1_25fps--394_ISRQ7djT3uw_audio_3_97_label_fake.npz,True,False
3517-tt0HOe7gf7I_0_1_label_fake.npz,True,False
033_8bed6926-jIPtRm3pnfs_14_7_label_fake.npz,True,False
OprPPstAfSg_59_9_214_label_fake.npz,True,False
14496.png_GtBnj3Z3eO4_260_3_label_fake.npz,True,False
041_b77c7671.jpg_SY_xV-Raq3A_1080p_92_5_label_fake.npz,True,False
23676-WxdaDqICMP8_540_6_label_fake.npz,True,False
18841-ndJhwVupwVQ_10_2_label_fake.npz,True,False
Vz-kJATn87E_1080p_125_12_25fps--198_y_H9JEbn-XU_62_1_25fps_label_fake.npz,True,False
7032-WLXiu-qp8Lw_157_1_label_fake.npz,True,False
25962-YHiV0rUyg0U_0_1_label_fake.npz,True,False
7-4GJoAnMi6Mo_509_1_label_fake.npz,True,False
490_4DXBHgW9NlI_280_12-batch-2025-02-06-13-00-20-476_label_fake.npz,True,False
038_081386a5.jpg_dFiwhwAHNMw_63_6_label_fake.npz,True,False
15511.png_KLyiFfWtoPI_836_3_label_fake.npz,True,False
GtBnj3Z3eO4_139_2_25fps--30017_msbqwoV6PHM_1080p_7_2_25fps_label_fake.npz,True,False
1289-qjGmzBp2fFk_53_1_label_fake.npz,True,False
21478.png_bpyUlL59qEw_80_1_label_fake.npz,True,False
6668-wnwjcJfC-1U_72_1_label_fake.npz,True,False
2781-lSCTGJbObOg_109_1_label_fake.npz,True,False
062_99dd69cb-VifDzyPgBNg_210_9_label_fake.npz,True,False
4090-UWnFJdu3BOA_49_2_label_fake.npz,True,False
010_08c44431-kHgF6z3Paos_457_1_label_fake.npz,True,False
055_fbbcb3c7-dTeNSc1Sp28_202_1_label_fake.npz,True,False
27595-awYvLQ53n3M_85_3_label_fake.npz,True,False
vD3nsZApevw_199_1_25fps--16554_Du1SKO_ri4w_55_45_25fps_label_fake.npz,True,False
34532.png_13ReaYK2Pt4_4_4_label_fake.npz,True,False
03657_CvC5eWCRYi4_audio_short_198_label_fake.npz,True,False
020_b12140b8-TAg_vPRplr8_1135_5_label_fake.npz,True,False
6704-ZWWpghA1SJc_0_1_label_fake.npz,True,False
004_29776ffe-7AldV8ATrJc_313_1_label_fake.npz,True,False
092_aebdc10e-27g6HX_U3ns_4_1_label_fake.npz,True,False
5436-zv3uM90m5Rg_34_1_label_fake.npz,True,False
146.png_7oLtKHmwyRw_827_1_label_fake.npz,True,False
25497-btWyxQbkYAs_101_1_label_fake.npz,True,False
29554-LPW5Zx3ntZo_29_1_label_fake.npz,True,False
21366-alnYtPmX8hE_0_1_label_fake.npz,True,False
011_c2d9c2a1-C4hNyd9eJy4_0_47_label_fake.npz,True,False
PXdPmUJN6k0_70_2_96_label_fake.npz,True,False
12566-BJr-6o-eYLc_50_1_label_fake.npz,True,False
_Er-wOsgxWQ_3_3_label_real.npz,False,False
jXf9d1xHO34_1080p_119_7_25fps--42883_30CXCDECyG4_1080p_91_13_25fps_label_fake.npz,True,False
13208-I5oeY5O5oJI_53_2_label_fake.npz,True,False
21099-bM1LXa68oxc_125_1_label_fake.npz,True,False
054_5a9566eb.jpg_ha96Xj9FAT0_344_31_label_fake.npz,True,False
45784.png_gEpZTuQhcuA_44_1_label_fake.npz,True,False
004_6aede3d3.jpg_ldI1peHBLa0_57_5_label_fake.npz,True,False
488_8DtgmPl6mjY_audio_3_177_label_fake.npz,True,False
De5FGogMWzQ_15_1_label_real.npz,False,False
Du1SKO_ri4w_85_234_224_label_fake.npz,True,False
398_KLyiFfWtoPI_audio_3_512x512_1_1026_withaudio_label_fake.npz,True,False
22337-EODY_p1TQr8_97_2_label_fake.npz,True,False
28712-IDnknJIymfg_26_2_label_fake.npz,True,False
20426-0xfJy96HJqo_47_2_label_fake.npz,True,False
94_EK1LL1rvK38_audio_short_2_label_fake.npz,True,False
399_kHgF6z3Paos_906_1_label_fake.npz,True,False
16074-6QjWo7-Mn3o_34_2_label_fake.npz,True,False
12105-ADTwFvHACE4_31_1_label_fake.npz,True,False
4697-Lv39BhZJ2mg_1_10_label_fake.npz,True,False
481_O_6kW3Mrkm8_audio_2_label_fake.npz,True,False
20691-2gOvQIMWbCY_5_1_label_fake.npz,True,False
8455-IIT29JDuMXs_59_2_label_fake.npz,True,False
473_NEEN8fSBuWI_444_1_512x512_1_1803_withaudio_label_fake.npz,True,False
040_e534b74f-GtBnj3Z3eO4_104_1_label_fake.npz,True,False
56287_4RSM7dOkM3k_audio_3_53_label_fake.npz,True,False
160-GA2Z7m_-WHI_119_1_label_fake.npz,True,False
06432.png_5oEJ6HpCC1c_68_1_label_fake.npz,True,False
19632-852WCRqSgFA_0_1_label_fake.npz,True,False
25497-NduDs59WZqU_0_1_label_fake.npz,True,False
KyeC6d6MTSU_216_1_label_real.npz,False,False
208_eTCqkkzlyjs_audio_3_512x512_1_1026_withaudio_label_fake.npz,True,False
25099-BhwnAYvzhm4_50_1_label_fake.npz,True,False
15750-V56A6SHbI1Q_49_2_label_fake.npz,True,False
226.png_O_6kW3Mrkm8_237_7_label_fake.npz,True,False
28199-awYvLQ53n3M_61_3_label_fake.npz,True,False
105_0e19a5e1-j-SnQH4ewHU_81_9_label_fake.npz,True,False
10-lqKZS1uYfro_110_7_label_fake.npz,True,False
32782.png_B4LwKKKbAuI_4_2_label_fake.npz,True,False
wdNhtZOGxBw_229_1_94_label_fake.npz,True,False
38930.png_KLyiFfWtoPI_381_9_label_fake.npz,True,False
16211-pzdnuEa8a20_1_2_label_fake.npz,True,False
_OpXjs-PM8M_2_84_128_label_fake.npz,True,False
15953.png_-mMaHBtQ-DU_60_1_label_fake.npz,True,False
321_XJmuXrN2cQA_167_6_512x512_1_0112_withaudio_label_fake.npz,True,False
EzSdf3VK9qc_3_1--13208-LmGz2Hp34l0_11_1_label_fake.npz,True,False
1_fZNe3xAY9Zw_1080p_55_1_512x512_1_1803_withaudio_label_fake.npz,True,False
vNgfHfdSke0_31_1_label_real.npz,False,False
25983-AbpNlshqtJc_155_1_label_fake.npz,True,False
jV2pjBg0srU_1273_2_label_real.npz,False,False
CeUoS2T2hhc_4_1--602-TXf3uH5YqM4_0_4_label_fake.npz,True,False
aEM1s9Saa-g_91_1_25fps--61361__T2oSi7iMrY_audio_1_223_label_fake.npz,True,False
5z_krRwSyt8_12_1_label_real.npz,False,False
16160-Az7KlMuorpM_115_1_label_fake.npz,True,False
trimmed_KKeGv-ny-kY_719_1--bcOtGw3A74c_221_4_W8ndzcz359Q_39_5_25fps_25fps_label_fake.npz,True,False
12700-6w9ikJPzTOA_85_1_label_fake.npz,True,False
wdNhtZOGxBw_38_1_728_label_fake.npz,True,False
014_9742cf0f_oTElQFuLr7o_0_13_label_fake.npz,True,False
28732.png_7ua-Uet5y28_332_1_label_fake.npz,True,False
009_49237aa0.jpg_KyeC6d6MTSU_240_3_label_fake.npz,True,False
8378-alnYtPmX8hE_4_6_label_fake.npz,True,False
1POFF5RQjyM_121_1_label_real.npz,False,False
24808-30a4OlkenNU_72_1_label_fake.npz,True,False
PgfPJgJz7Pg_81_1_label_real.npz,False,False
47492_VGCRcRs-jkE_0_1_label_fake.npz,True,False
286.png_rwnnXFpqN5I_177_1_label_fake.npz,True,False
sgFq4ty8wSI_49_1--27952-ADTwFvHACE4_7_2_label_fake.npz,True,False
48722.png_TkkHKU_lLqU_134_1_label_fake.npz,True,False
19365_pNogULi28gs_84_2_audio_short_512x512_1_1655_withaudio_label_fake.npz,True,False
lmBYMs2ysnY_22_3--19493-NSWcdPWXZQI_106_1_label_fake.npz,True,False
045_d074e61c.jpg_fsxz7T3qTCg_35_1_label_fake.npz,True,False
059_1027f3c2-ldI1peHBLa0_26_1_label_fake.npz,True,False
CeUoS2T2hhc_95_2_label_real.npz,False,False
143.png_zr6OpxBh5DA_349_2_label_fake.npz,True,False
72_lXXCH-gBGzI_104_78_label_fake.npz,True,False
25904-PnBMdJ5KeHk_18_2_label_fake.npz,True,False
11_rwnnXFpqN5I_188_1_label_fake.npz,True,False
52887.png_aCWTsma-Cng_22_1_label_fake.npz,True,False
iEd6mSVWLr4_510_4_label_real.npz,False,False
19871-dIYmzf21d1g_53_3_label_fake.npz,True,False
22714-9rjQ5sfeUTg_out_107_4_label_fake.npz,True,False
v9f6twy70iM_2_6--6228-lSCTGJbObOg_109_2_label_fake.npz,True,False
27003-xZT8cNQCq2s_111_1_label_fake.npz,True,False
19767-2WGnDrVPG8A_158_3_label_fake.npz,True,False
YP-iH-7WRLI_472_1--9685-0xfJy96HJqo_19_1_label_fake.npz,True,False
5346-Ft9uf9w3QVA_42_2_label_fake.npz,True,False
ISBxZXSDgWE_85_2_label_real.npz,False,False
-qs_Rh-rAbI_1_1_label_real.npz,False,False
23078_2ECheTEbkhQ_23_6_label_fake.npz,True,False
24741-Lqg5fiwIQso_16_3_label_fake.npz,True,False
347_SzhK7Q-pY0U_1_104_label_fake.npz,True,False
12702-awNrju1X3zc_21_1_label_fake.npz,True,False
19840-A-BRu8z7ztk_0_1_label_fake.npz,True,False
nBVWOmPTk-4_86_1--nBVWOmPTk-4_97_1_416_label_fake.npz,True,False
0-WxdaDqICMP8_542_6_label_fake.npz,True,False
55788_Fjkw9vYDukg_59_1_audio_short_512x512_1_1655_withaudio_label_fake.npz,True,False
12697_NSWcdPWXZQI_74_1_label_fake.npz,True,False
490_1WuFbrHbnW8_94_5-batch-2025-02-05-13-35-36-37_label_fake.npz,True,False
025_61e2c5e5-SzhK7Q-pY0U_0_2_label_fake.npz,True,False
_-nNx99qK4A_0_2_label_real.npz,False,False
P7slA-LkA3s_64_1--18577-awNrju1X3zc_10_1_label_fake.npz,True,False
eWj2-6q2ybk_248_1_label_real.npz,False,False
IK5BZdnqMDU_564_4_label_real.npz,False,False
14837-XTlDS7ju_28_34_1_label_fake.npz,True,False
26349-D1m1SQIdMkk_33_1_label_fake.npz,True,False
SFpCQRZOxVE_43_2_label_real.npz,False,False
ldI1peHBLa0_175_12_label_real.npz,False,False
16282-qjGmzBp2fFk_13_1_label_fake.npz,True,False
Hnjr7o-HNx8_112_4--5626-53GIoeOAam4_6_2_label_fake.npz,True,False
9DTxDmLwFb8_706_7_label_real.npz,False,False
184_2137d05c-mHii80xikXs_4196_1_label_fake.npz,True,False
17505-MzXkiK4ROhQ_174_3_label_fake.npz,True,False
29212-7ftkLTDgJzo_1_2_label_fake.npz,True,False
GNkwgfQFj60_37_5--TAaMKX4tbx8_5_11_142_label_fake.npz,True,False
490_LcG3blUixo0_34_1_label_fake.npz,True,False
417_9X-SE-3CPw4_2745_1-batch-2025-02-04-10-00-57-140_label_fake.npz,True,False
irlH4e-dbYc_171_1_label_real.npz,False,False
4FT5RYuifwE_45_2--28165-I5oeY5O5oJI_31_13_label_fake.npz,True,False
3455-Lv39BhZJ2mg_1_10_label_fake.npz,True,False
Ft9uf9w3QVA_56_1--7852-6IXtQx8SwBE_54_3_label_fake.npz,True,False
028_669aab36_VM4P9yV4rTA_214_2_label_fake.npz,True,False
448.png_zpEUWKUUxdY_47_14_label_fake.npz,True,False
SCWFVd_FiAU_32_1--21762-I5oeY5O5oJI_31_6_label_fake.npz,True,False
28003_d2om_PGtwWY_28_2_label_fake.npz,True,False
33539.png_dcvbo-RdeWw_2_2_label_fake.npz,True,False
19354-nlrjxL_frmk_98_2_label_fake.npz,True,False
497_78p4J0EEepU_6_2-batch-2025-02-10-11-34-42-7_label_fake.npz,True,False
01305_p1bOOYSCzxs_audio_2_label_fake.npz,True,False
07937_b0Z9IpTVfUg_49_1_audio_short_512x512_1_0732_withaudio_label_fake.npz,True,False
PrBxDq17nfM_0_247_131_label_fake.npz,True,False
067_ff52c2fe.jpg_5oEJ6HpCC1c_3_1_label_fake.npz,True,False
154_42de3f25.jpg_Ez67FTZPvkQ_1_1_label_fake.npz,True,False
dMfH7JbxZdY_20_2_label_real.npz,False,False
23548-G37VO1yeVEo_40_1_label_fake.npz,True,False
27043_GgCnpDg0jwc_40_1_label_fake.npz,True,False
492_DR5IQXWY_uA_73_1-batch-2025-02-05-13-35-36-47_label_fake.npz,True,False
147_MATJqR93d5I_21_1_audio_short_512x512_1_0557_withaudio_label_fake.npz,True,False
034_418fbbdb__OpXjs-PM8M_2_79_label_fake.npz,True,False
250_KKeGv-ny-kY_719_1-batch-2025-02-04-10-00-57-174_label_fake.npz,True,False
28644-O4A-dk60Njg_186_1_label_fake.npz,True,False
16806-pNogULi28gs_153_1_label_fake.npz,True,False
WxdaDqICMP8_707_1_label_real.npz,False,False
27082-I5oeY5O5oJI_49_1_label_fake.npz,True,False
Tdgb6NvUjhk_39_4_25fps--67557_fM_gdHo5hL0_audio_2_89_label_fake.npz,True,False
14421_K6rSVoAakQ8_3_1_label_fake.npz,True,False
266_PmI4qnTpL0E_1_1_label_fake.npz,True,False
138_W9C4OBc6El4_111_8_512x512_1_0112_withaudio_label_fake.npz,True,False
375_W9C4OBc6El4_31_2_label_fake.npz,True,False
295_C2yEID0wrvs_1_2_audio_short_512x512_1_1652_withaudio_label_fake.npz,True,False
458-HyGk0mScA-Q_317_1_label_fake.npz,True,False
120_8wx4wssZgfo_50_1_512x512_1_0112_withaudio_label_fake.npz,True,False
050_7c5b026c.jpg_AS9R2A7bKc0_16_1_label_fake.npz,True,False
19850-CWEWBgVwFc8_79_3_label_fake.npz,True,False
17059_lSCTGJbObOg_17_4_label_fake.npz,True,False
10108-nlrjxL_frmk_109_1_label_fake.npz,True,False
25810-orD3vsEyGdA_71_3_label_fake.npz,True,False
U7V-30eueTw_0_1--15616-I5oeY5O5oJI_25_4_label_fake.npz,True,False
230.png_SSK5FwoCwyU_0_67_label_fake.npz,True,False
13328_lSCTGJbObOg_277_3_label_fake.npz,True,False
13446_TAaMKX4tbx8_label_fake.npz,True,False
024_b222784a.jpg_9ztkB7gr8po_2_13_label_fake.npz,True,False
22901-lSCTGJbObOg_189_3_label_fake.npz,True,False
ebR3yPqTODk_95_1_label_real.npz,False,False
aEM1s9Saa-g_51_6_25fps--275_Mv3FKFpTe4c_audio_1_95_label_fake.npz,True,False
btSL5MQfYjA_13_4_label_real.npz,False,False
16207-MHZMQLDr-OA_50_1_label_fake.npz,True,False
6887-F-lGvJJiTMk_98_1_label_fake.npz,True,False
44496.png_1P9nl9tBK38_639_1_label_fake.npz,True,False
07049_u5Ks53-THVE_56_1_audio_short_512x512_1_1655_withaudio_label_fake.npz,True,False
7519-BsVhgta2WAo_13_1_label_fake.npz,True,False
025_61e2c5e5_MxlocFNdoXg_797_2-batch-2025-02-09-14-48-38-4_label_fake.npz,True,False
3517-J_U3D_QAw7c_77_1_label_fake.npz,True,False
242_oDO5ZDLTpaw_24_1_512x512_1_0533_withaudio_label_fake.npz,True,False
kFDaG9pAA1w_17_3--23548-NSWcdPWXZQI_27_3_label_fake.npz,True,False
17397.png_PXdPmUJN6k0_77_9_label_fake.npz,True,False
62_zpEUWKUUxdY_2_2_512x512_1_0533_withaudio_label_fake.npz,True,False
231_9RZI_ZKQwRc_287_1_label_fake.npz,True,False
13897-J-vYXU4vqcY_11_1_label_fake.npz,True,False
119_1POFF5RQjyM_123_1_512x512_1_0533_withaudio_label_fake.npz,True,False
OAzp-7yY0FQ_61_2--13208-I5oeY5O5oJI_34_3_label_fake.npz,True,False
033_c27883e5.jpg_dFiwhwAHNMw_63_2_label_fake.npz,True,False
23756-X0CrmKqnFVI_25_3_label_fake.npz,True,False
sgHHRVH0NFo_47_5--12669-6miKDMtYrVI_28_2_label_fake.npz,True,False
50378_C4hNyd9eJy4_0_39_label_fake.npz,True,False
498_3NYH-zyIfZY_38_1_audio_short_512x512_1_0933_withaudio_label_fake.npz,True,False
6820-MzXkiK4ROhQ_128_1_label_fake.npz,True,False
31079.png_p1bOOYSCzxs_42_6_label_fake.npz,True,False
PqumaD82tcI_408_8_label_real.npz,False,False
020_c1a8bc2c_MxlocFNdoXg_720_1-batch-2025-02-06-00-06-46-40_label_fake.npz,True,False
1t8tfCELNck_37_1--29309-PYRFxrLt30A_43_3_label_fake.npz,True,False
6145_d2om_PGtwWY_6_4_label_fake.npz,True,False
079_fd41500f_dNCH3eXEwB4_670_2-batch-2025-02-10-11-34-42-53_label_fake.npz,True,False
d5GTYm01vqA_38_1_label_real.npz,False,False
25602-awNrju1X3zc_31_1_label_fake.npz,True,False
mXDi_C0yb6A_8_1--25952-LmGz2Hp34l0_0_1_label_fake.npz,True,False
117_WXGfdzE7hhI_30_1-batch-2025-02-04-10-00-57-67_label_fake.npz,True,False
6577-ADTwFvHACE4_10_3_label_fake.npz,True,False
17545-iURkmV7cfBc_31_2_label_fake.npz,True,False
J-vYXU4vqcY_12_1_label_real.npz,False,False
lqKZS1uYfro_42_4_label_real.npz,False,False
mHii80xikXs_1708_1--IkRNLBHex6w_87_1_label_fake.npz,True,False
128_VifDzyPgBNg_0_5-batch-2025-02-04-10-00-57-124_label_fake.npz,True,False
8343-D1m1SQIdMkk_4_5_label_fake.npz,True,False
KKeGv-ny-kY_77_3_label_real.npz,False,False
6871-GDq1isgt718_0_13_label_fake.npz,True,False
322_8L3KpV8zS4Y_1_24_audio_short_512x512_1_1652_withaudio_label_fake.npz,True,False
50658.png_keEKlr2dG-I_82_8_label_fake.npz,True,False
066_08ec842b.jpg_fZNe3xAY9Zw_1080p_55_3_label_fake.npz,True,False
017_4748675b_cZ_DoJj9PXQ_81_3_label_fake.npz,True,False
22236_lSCTGJbObOg_287_1_label_fake.npz,True,False
23884-8KovXKo3DL4_90_1_label_fake.npz,True,False
25758-BhwnAYvzhm4_33_1_label_fake.npz,True,False
56224_Lv39BhZJ2mg_82_2_audio_short_512x512_1_0933_withaudio_label_fake.npz,True,False
02395_B4LwKKKbAuI_88_28_label_fake.npz,True,False
19012-O1JxQ9OyJRQ_115_1_label_fake.npz,True,False
17798-MzXkiK4ROhQ_128_1_label_fake.npz,True,False
15833-6w9ikJPzTOA_76_1_label_fake.npz,True,False
nv9WwHpOKEg_117_1--21075-2ECheTEbkhQ_23_6_label_fake.npz,True,False
9cdh5Xebf2w_3_1_label_real.npz,False,False
20791-6miKDMtYrVI_39_2_label_fake.npz,True,False
zpEUWKUUxdY_7_2--t58wNtkkXkw_0_1_422_label_fake.npz,True,False
14504_jkj3wCN-SW0_label_fake.npz,True,False
UqO0E4rcI5k_40_2_label_real.npz,False,False
079_fd41500f_sba-i5-e3WY_3816_1-batch-2025-02-10-11-34-42-51_label_fake.npz,True,False
19010_C4hNyd9eJy4_0_56_label_fake.npz,True,False
033_bc82f2a9--19DTZ6_d6U_481_5_label_fake.npz,True,False
344_0Mi0miIN6tA_34_1_audio_short_512x512_1_0732_withaudio_label_fake.npz,True,False
235_KDujlRUGYho_10_1_512x512_1_0533_withaudio_label_fake.npz,True,False
368-6w9ikJPzTOA_18_2_label_fake.npz,True,False
tgWpcB36m-Q_2_5_label_real.npz,False,False
237_UzfVjgZKjro_1080p_97_5_label_fake.npz,True,False
19679-Lqg5fiwIQso_32_1_label_fake.npz,True,False
25916-ZWWpghA1SJc_31_1_label_fake.npz,True,False
YoLGXK9L1S4_0_11_label_real.npz,False,False
Sni015rJ4Fk_78_1--5940-a0MIIwPGYB4_30_1_label_fake.npz,True,False
ZMs-gVbhNIY_68_1_label_real.npz,False,False
WTT4zMFXkO4_2_1_label_real.npz,False,False
483_Slqo8SHnFaU_audio_1_512x512_1_1026_withaudio_label_fake.npz,True,False
058_1b5b5422.jpg_K3O_-Mjls_Q_1080p_80_4_label_fake.npz,True,False
039_3daa67cf_78p4J0EEepU_6_2-batch-2025-02-06-00-06-46-116_label_fake.npz,True,False
orD3vsEyGdA_67_1_label_real.npz,False,False
J0OjSB0ZF2Q_54_1_label_real.npz,False,False
28145_I5oeY5O5oJI_10_11_label_fake.npz,True,False
19054-ADTwFvHACE4_86_4_label_fake.npz,True,False
133_5GcHInADAHY_31_4_audio_short_512x512_1_1652_withaudio_label_fake.npz,True,False
zpEUWKUUxdY_6_6--bC8BMMmwO8U_34_label_fake.npz,True,False
04545_GNkwgfQFj60_53_3_label_fake.npz,True,False
ILR3cxYpjUk_29_11_label_real.npz,False,False
275_IU0Zy67ZLpU_79_1_audio_short_512x512_1_0933_withaudio_label_fake.npz,True,False
23916-QvTs7W732ZQ_37_2_label_fake.npz,True,False
261_dqFjx2I4KXg_17_6_512x512_1_0112_withaudio_label_fake.npz,True,False
075_e0b91ee3-62ywI44YAxQ_26_1_label_fake.npz,True,False
029_c6e0a7f3_XblD1mtXBWY_249_3_label_fake.npz,True,False
413_Qql31j-w90s_audio_3_512x512_1_1026_withaudio_label_fake.npz,True,False
6As3T1vBft0_47_1--cZ_DoJj9PXQ_12_4_50_label_fake.npz,True,False
IkRNLBHex6w_343_2--1stTPtXYjuM_255_37_364_label_fake.npz,True,False
4962_Ip7cs1D5tTQ_1_7_label_fake.npz,True,False
WicBE2Uwz0A_70_1--22137-pzdnuEa8a20_115_1_label_fake.npz,True,False
VifDzyPgBNg_233_18_label_real.npz,False,False
9221-MATJqR93d5I_47_8_label_fake.npz,True,False
23449-TXf3uH5YqM4_0_2_label_fake.npz,True,False
17625-_cPj3b9BDPI_21_4_label_fake.npz,True,False
010_34d63b53_XblD1mtXBWY_4_1-batch-2025-02-05-13-35-36-167_label_fake.npz,True,False
36.png_J_ComKnl1hk_4_2_label_fake.npz,True,False
020_c1a8bc2c__LL3BSLGscY_0_1-batch-2025-02-06-13-00-20-397_label_fake.npz,True,False
5xBpkc7-w3A_52_1--17410-d2om_PGtwWY_36_1_label_fake.npz,True,False
27897-M-3HEJpdx2I_3_1_label_fake.npz,True,False
442_NEEN8fSBuWI_361_1_label_fake.npz,True,False
4475-q48w51isHHc_19_2_label_fake.npz,True,False
045_6895fe7e_W9C4OBc6El4_86_14_label_fake.npz,True,False
8Bec4j7WZ6I_53_1_label_real.npz,False,False
AbpNlshqtJc_122_1--17560-G37VO1yeVEo_36_1_label_fake.npz,True,False
22_VifDzyPgBNg_0_5-batch-2025-02-03-22-17-41-43_label_fake.npz,True,False
18018_PYRFxrLt30A_72_2_label_fake.npz,True,False
494_IkRNLBHex6w_343_1-batch-2025-02-09-18-31-56-3_label_fake.npz,True,False
068_474081ea.jpg_P4o9TZ36Xj8_16_1_label_fake.npz,True,False
24365-3U4D77IB-j8_102_1_label_fake.npz,True,False
dMXx0GIUmVQ_48_2--1658-ndJhwVupwVQ_13_4_label_fake.npz,True,False
reaup7qkEfk_40_1_label_real.npz,False,False
6019-JtLypQpGruo_65_3_label_fake.npz,True,False
425_FLfyjfbThfA_113_2_512x512_1_0533_withaudio_label_fake.npz,True,False
29131_ADTwFvHACE4_116_1_label_fake.npz,True,False
14011-a0MIIwPGYB4_65_1_label_fake.npz,True,False
zpEUWKUUxdY_11_6--J_ComKnl1hk_10_label_fake.npz,True,False
zmquFlJxnyM_37_2--3400-BhwnAYvzhm4_56_1_label_fake.npz,True,False
49972.png_hdS30nnhNZo_4_28_label_fake.npz,True,False
25217_I5oeY5O5oJI_34_2_label_fake.npz,True,False
2480-j9vRrhheCUM_20_1_label_fake.npz,True,False
308_852WCRqSgFA_0_1_audio_short_512x512_1_0557_withaudio_label_fake.npz,True,False
35-OuVqGrko56s_113_1_label_fake.npz,True,False
RmXrwKydM9k_380_1_label_real.npz,False,False
23390-pNogULi28gs_87_2_label_fake.npz,True,False
5287-sUv353ua7E8_37_1_label_fake.npz,True,False
QwWcO0-ne8c_17_1--5792-lXv73xCGh8E_91_2_label_fake.npz,True,False
022_b497b92e.jpg_T47iIAEaLmY_1080p_28_8_label_fake.npz,True,False
2822-s9OwwTPanvw_46_1_label_fake.npz,True,False
VvyPZwhivKQ_20_1--1289-ADTwFvHACE4_116_2_label_fake.npz,True,False
62ywI44YAxQ_82_10_label_real.npz,False,False
fAh51cqF86I_14_1--13117-I5oeY5O5oJI_53_8_label_fake.npz,True,False
CoIL9IsJXiA_33_1--24132-I5oeY5O5oJI_46_7_label_fake.npz,True,False
02679_IcZtHIN331g_6_1_label_fake.npz,True,False
2188-KopQglRZUFA_0_1_label_fake.npz,True,False
21807-pnuHjaJClto_24_1_label_fake.npz,True,False
10000_OiZOiaG4gWM_26_1_label_fake.npz,True,False
46879_nlrjxL_frmk_110_1_audio_short_512x512_1_0933_withaudio_label_fake.npz,True,False
133_6wKR9igYrS8_audio_2_512x512_1_1026_withaudio_label_fake.npz,True,False
7761-mkfaM6Psv8c_42_1_label_fake.npz,True,False
19313-A-BRu8z7ztk_34_2_label_fake.npz,True,False
8tD-YwT4oAg_144_1_519_label_fake.npz,True,False
KKeGv-ny-kY_596_1_label_real.npz,False,False
25_xLpZZScqgKo_audio_2_512x512_1_1026_withaudio_label_fake.npz,True,False
5l1PmijHT5o_12_1_label_real.npz,False,False
23414-E7hwoDHfU28_30_1_label_fake.npz,True,False
33046.png_SzhK7Q-pY0U_1_37_label_fake.npz,True,False
14869-Z6bxX3mcfJg_19_1_label_fake.npz,True,False
21488.png_egeQtsE3hfg_83_2_label_fake.npz,True,False
8Bec4j7WZ6I_242_7_label_real.npz,False,False
4147-pLDX3CuGiWU_9_2_label_fake.npz,True,False
367_XJmuXrN2cQA_14_17_512x512_1_1647_withaudio_label_fake.npz,True,False
60_5FYGP2Jd1XA_154_1_audio_short_512x512_1_0944_withaudio_label_fake.npz,True,False
090_3c8ed08d.jpg_J_ComKnl1hk_2_17_label_fake.npz,True,False
JtLypQpGruo_65_7_label_real.npz,False,False
10464_O1JxQ9OyJRQ_1_3_label_fake.npz,True,False
492_DR5IQXWY_uA_193_1-batch-2025-02-06-13-00-20-503_label_fake.npz,True,False
2232_ADTwFvHACE4_29_1_label_fake.npz,True,False
270_fcYeXCacyrk_173_1_audio_short_512x512_1_1652_withaudio_label_fake.npz,True,False
01742_xJYFbkRZzek_audio_2_label_fake.npz,True,False
23321-I7bHX9Wkr0E_98_2_label_fake.npz,True,False
15491_itFwx1CZM9I_104_3_label_fake.npz,True,False
122-6As3T1vBft0_133_7_label_fake.npz,True,False
053_05c78fa1.jpg_1P9nl9tBK38_343_3_label_fake.npz,True,False
12601-QTau-xHsz80_8_1_label_fake.npz,True,False
096_b096ebfe_OprPPstAfSg_0_1_label_fake.npz,True,False
vZqDx1pvSZQ_1_2--oTElQFuLr7o_89_47_117_label_fake.npz,True,False
10783-lmBYMs2ysnY_39_2_label_fake.npz,True,False
jV2pjBg0srU_974_2_label_real.npz,False,False
354_dqFjx2I4KXg_17_6_label_fake.npz,True,False
050_4bdc1f8a-6As3T1vBft0_292_1_label_fake.npz,True,False
5775-0-BD5WJ_hBk_0_1_label_fake.npz,True,False
7046_LUn8IjZKBPg_84_2_label_fake.npz,True,False
vRuTW4hapTE_76_3_295_label_fake.npz,True,False
27130_6w9ikJPzTOA_64_1_label_fake.npz,True,False
DR5IQXWY_uA_243_3_label_real.npz,False,False
44636_btWyxQbkYAs_123_6_audio_short_512x512_1_0557_withaudio_label_fake.npz,True,False
WxdaDqICMP8_398_1_label_real.npz,False,False
15616-I5oeY5O5oJI_25_4_label_fake.npz,True,False
17264-0-kY_RQxuc0_118_1_label_fake.npz,True,False
26288-ezja7-YQ72g_63_6_label_fake.npz,True,False
300_IfZd7tsXHP8_41_1_audio_short_512x512_1_0944_withaudio_label_fake.npz,True,False
031_df3204d3.jpg_PmI4qnTpL0E_1_1_label_fake.npz,True,False
sr3AvToIzJo_114_1_label_real.npz,False,False
00364_tf_pzTBKuFY_audio_1_150_label_fake.npz,True,False
14158-yPuOZaNDtL8_60_1_label_fake.npz,True,False
SNHUu7YkNjA_60_8_label_real.npz,False,False
ldI1peHBLa0_52_13_label_real.npz,False,False
27437-UFNRxEmoMaw_129_1_label_fake.npz,True,False
oEg4GH93aCY_73_1--25877-BJr-6o-eYLc_29_1_label_fake.npz,True,False
1878_vfDO6CnL7j8_40_1_label_fake.npz,True,False
035_0902e9ca_P_stI11n2Sc_16_2_label_fake.npz,True,False
FgEqZxtEUUk_2_1--qxiG3Ycr0oM_11_label_fake.npz,True,False
65891_awYvLQ53n3M_1_1_audio_short_512x512_1_0933_withaudio_label_fake.npz,True,False
16806-hUDTBHvQuAc_28_5_label_fake.npz,True,False
17941-KNEGWrD08f8_4_1_label_fake.npz,True,False
PjGZ8ORHZc8_12_6_25fps--67_DYtC9k3oOJY_audio_3_132_label_fake.npz,True,False
346_8gqupeY6HmM_0_302_512x512_1_1647_withaudio_label_fake.npz,True,False
128_jbx2IjXBmWA_0_1-batch-2025-02-04-10-00-57-123_label_fake.npz,True,False
kHgF6z3Paos_299_1_25fps--29991_1nnKydcqmDI_223_1_25fps_label_fake.npz,True,False
05790_MOBGaVJH54A_171_2_audio_short_512x512_1_1655_withaudio_label_fake.npz,True,False
13656-Lv39BhZJ2mg_1_3_label_fake.npz,True,False
18420-ADTwFvHACE4_112_2_label_fake.npz,True,False
8529-cHjvhDTfItA_16_3_label_fake.npz,True,False
39471.png_DuggBTqO2sc_300_1_label_fake.npz,True,False
26062-E7hwoDHfU28_52_2_label_fake.npz,True,False
071_a9b71352_XJmuXrN2cQA_300_4_label_fake.npz,True,False
14993.png_KLyiFfWtoPI_381_2_label_fake.npz,True,False
26334-7Fe7jdI2WIA_39_1_label_fake.npz,True,False
0_M_syPuFos_64_2--3070-I5oeY5O5oJI_42_10_label_fake.npz,True,False
11939-cbtkoZUOR1A_44_23_label_fake.npz,True,False
c-3fX59C_BU_0_6_242_label_fake.npz,True,False
E7lIbmnQqgU_571_1_label_real.npz,False,False
07491-iuWDrafnyio_60_1_label_fake.npz,True,False
26295-mHii80xikXs_1043_1_label_fake.npz,True,False
055_7e5055b5.jpg_-qs_Rh-rAbI_79_1_label_fake.npz,True,False
02115.png_T1cTlK8k_6g_116_1_label_fake.npz,True,False
Iy1E-yjDyFA_58_1--C3BJ-Ho09EU_71_label_fake.npz,True,False
388_Aw0sYFVWyWw_audio_3_512x512_1_1026_withaudio_label_fake.npz,True,False
9cdh5Xebf2w_4_1_label_real.npz,False,False
14177-SWHweN9WlkU_72_2_label_fake.npz,True,False
FLfyjfbThfA_94_1_label_real.npz,False,False
002_f6b26479.jpg_-aDPCjQeWQs_327_1_label_fake.npz,True,False
25677-cbtkoZUOR1A_109_11_label_fake.npz,True,False
23212-PYRFxrLt30A_42_2_label_fake.npz,True,False
2CTT98xML9c_205_1--2nuDMfLoWGY_27_label_fake.npz,True,False
020_c1a8bc2c_oeyLwy8sJhA_2_1-batch-2025-02-10-11-34-42-167_label_fake.npz,True,False
588-GrQO5stiREI_130_1_label_fake.npz,True,False
5xBpkc7-w3A_75_2_label_real.npz,False,False
111_BlgjnJ9y3oE_426_1_512x512_1_1803_withaudio_label_fake.npz,True,False
j-SnQH4ewHU_99_2_label_real.npz,False,False
2070-pNogULi28gs_87_2_label_fake.npz,True,False
19789-gUGPeMAFZtA_79_1_label_fake.npz,True,False
14934-Fjkw9vYDukg_146_1_label_fake.npz,True,False
294_XJmuXrN2cQA_336_12_512x512_1_0112_withaudio_label_fake.npz,True,False
VvyPZwhivKQ_57_1--29316-LUn8IjZKBPg_77_2_label_fake.npz,True,False
218_hPxlN7oW-UU_audio_3_512x512_1_1026_withaudio_label_fake.npz,True,False
29898_LUn8IjZKBPg_96_2_label_fake.npz,True,False
VifDzyPgBNg_216_4_label_real.npz,False,False
27825.png_Jy-bPwwFxhk_61_1_label_fake.npz,True,False
2679-I5oeY5O5oJI_19_3_label_fake.npz,True,False
7071-DCeJZTSFTXs_7_1_label_fake.npz,True,False
21945-BJr-6o-eYLc_80_2_label_fake.npz,True,False
02756_qxiG3Ycr0oM_label_fake.npz,True,False
9CECkqcLjp4_1919_10_label_real.npz,False,False
KLyiFfWtoPI_516_3_label_real.npz,False,False
350_NEEN8fSBuWI_56_1_512x512_1_1803_withaudio_label_fake.npz,True,False
020_c1a8bc2c_DR5IQXWY_uA_193_1-batch-2025-02-06-13-00-20-413_label_fake.npz,True,False
26600-WowrvQ9h9ao_43_2_label_fake.npz,True,False
14030-o3KMJLxjdoM_59_3_label_fake.npz,True,False
8202-PEKF-vrTi9Q_23_4_label_fake.npz,True,False
02510_bv70OtX10G0_2_1_label_fake.npz,True,False
077_e589a0e2_1WuFbrHbnW8_94_5-batch-2025-02-06-13-00-20-351_label_fake.npz,True,False
zpEUWKUUxdY_12_5--XpSaYhEhjD0_57_label_fake.npz,True,False
j-SnQH4ewHU_90_1--zpEUWKUUxdY_41_4_5_label_fake.npz,True,False
W3xHmerC4wM_5_1--MFusQ6Jv5cE_89_2_59_label_fake.npz,True,False
470_8Kr-holll-Y_audio_2_label_fake.npz,True,False
083_16b5e7ab_MxlocFNdoXg_797_2-batch-2025-02-05-13-35-36-78_label_fake.npz,True,False
3557-wGcqFV_alDk_84_1_label_fake.npz,True,False
238_5xBpkc7-w3A_52_1_audio_short_512x512_1_0732_withaudio_label_fake.npz,True,False
147_8wx4wssZgfo_73_6_label_fake.npz,True,False
29948.png_28Z-aq2wk60_82_2_label_fake.npz,True,False
dTeNSc1Sp28_0_46_label_real.npz,False,False
rxLBonV9-4Y_43_3--25493-a0MIIwPGYB4_48_1_label_fake.npz,True,False
u-X671JqQWA_71_204_label_real.npz,False,False
21235-BJr-6o-eYLc_76_1_label_fake.npz,True,False
01937_VwGAwKPTk3I_audio_3_label_fake.npz,True,False
mHii80xikXs_5817_1_label_real.npz,False,False
145_PmI4qnTpL0E_246_6_512x512_1_0533_withaudio_label_fake.npz,True,False
12722.png_SzhK7Q-pY0U_1_103_label_fake.npz,True,False
2463-_W4Em_fHubY_78_1_label_fake.npz,True,False
29554_BhwnAYvzhm4_33_1_label_fake.npz,True,False
104_beITuzgzIbo_audio_3_512x512_1_1026_withaudio_label_fake.npz,True,False
zpEUWKUUxdY_12_9_label_real.npz,False,False
49586_6cKTSj4a8bQ_138_5_audio_short_512x512_1_1655_withaudio_label_fake.npz,True,False
063_fe99146b.jpg_eWj2-6q2ybk_267_1_label_fake.npz,True,False
14182-fmc0Pk8A0T0_7_1_label_fake.npz,True,False
zpEUWKUUxdY_9_11_label_real.npz,False,False
kQPvtHeUUfU_91_1_label_real.npz,False,False
VGCRcRs-jkE_67_1--2nuDMfLoWGY_26_label_fake.npz,True,False
40_oGo0qpktVW0_1080p_153_1_512x512_1_1803_withaudio_label_fake.npz,True,False
021_2d9dd3a2_dqFjx2I4KXg_26_1_label_fake.npz,True,False
307_hPxlN7oW-UU_audio_2_62_label_fake.npz,True,False
q1vwJHBVQSk_35_4--3222-itFwx1CZM9I_104_3_label_fake.npz,True,False
A-BRu8z7ztk_33_1--16069-d2om_PGtwWY_7_2_label_fake.npz,True,False
494_4DXBHgW9NlI_280_12-batch-2025-02-06-13-00-20-296_label_fake.npz,True,False
wtCogf-htV0_156_2_label_real.npz,False,False
18008_ADTwFvHACE4_15_3_label_fake.npz,True,False
52752_GiRZf3AUfW0_2_42_label_fake.npz,True,False
097_d6f6f9cf.jpg_2CTT98xML9c_181_1_label_fake.npz,True,False
21496-0juLRi90kRg_54_1_label_fake.npz,True,False
21687-ADTwFvHACE4_55_1_label_fake.npz,True,False
11887-Lcbr99pQZOU_80_1_label_fake.npz,True,False
q1vwJHBVQSk_27_3--8183-pzdnuEa8a20_149_2_label_fake.npz,True,False
197_WXGfdzE7hhI_57_2_512x512_1_0112_withaudio_label_fake.npz,True,False
21795_I5oeY5O5oJI_53_9_label_fake.npz,True,False
10469_WowrvQ9h9ao_90_2_audio_short_512x512_1_0557_withaudio_label_fake.npz,True,False
20032.png_vwmz_YhDYtc_0_1_label_fake.npz,True,False
16763-z7wk53Pt_0E_76_1_label_fake.npz,True,False
94_XblD1mtXBWY_84_1_512x512_1_1647_withaudio_label_fake.npz,True,False
257_W9C4OBc6El4_182_1_label_fake.npz,True,False
4109-u6akTRg2ecw_99_2_label_fake.npz,True,False
25315-I2s4msDXNgw_32_1_label_fake.npz,True,False
12450-DCeJZTSFTXs_8_7_label_fake.npz,True,False
wdNhtZOGxBw_256_1_25fps--25464_TkkHKU_lLqU_37_5_25fps_label_fake.npz,True,False
127_e0GahnJx-Sc_102_1_512x512_1_0112_withaudio_label_fake.npz,True,False
04966.png_dFiwhwAHNMw_26_1_label_fake.npz,True,False
00064_Y7ZKnBkWoHM_audio_2_label_fake.npz,True,False
19846-mRNCLRo9JAM_13_1_label_fake.npz,True,False
388_oTElQFuLr7o_70_1_512x512_1_0112_withaudio_label_fake.npz,True,False
490_XblD1mtXBWY_4_1-batch-2025-02-06-13-00-20-452_label_fake.npz,True,False
417_2Y7VppSRztU_0_2-batch-2025-02-04-10-00-57-137_label_fake.npz,True,False
099_d22b8b8b.jpg_dTeNSc1Sp28_16_1_label_fake.npz,True,False
421_p549xMw_urc_24_1_512x512_1_0112_withaudio_label_fake.npz,True,False
18370-UPHmXouXHdM_1_4_label_fake.npz,True,False
29400-squ9XOfBKaY_17_3_label_fake.npz,True,False
3785-3NYH-zyIfZY_62_1_label_fake.npz,True,False
ybfyLfI5Ml0_74_1_label_real.npz,False,False
02277_EoZRPfVRY7I_audio_3_label_fake.npz,True,False
22176-H_c_crxV9O8_19_1_label_fake.npz,True,False
079_fd41500f_MxlocFNdoXg_797_2-batch-2025-02-09-17-27-49-1_label_fake.npz,True,False
PqumaD82tcI_153_17_label_real.npz,False,False
25525-xGCuF-h-XVc_75_1_label_fake.npz,True,False
498_78p4J0EEepU_6_2-batch-2025-02-06-13-00-20-432_label_fake.npz,True,False
5195-ZMs-gVbhNIY_28_1_label_fake.npz,True,False
077_d8ba3326_MHvzDoRT2EQ_48_1_label_fake.npz,True,False
24413_647itg-A_aw_44_1_audio_short_512x512_1_0732_withaudio_label_fake.npz,True,False
496_SSK5FwoCwyU_label_fake.npz,True,False
329_aEjFTuGdxKo_1_1_audio_short_512x512_1_1652_withaudio_label_fake.npz,True,False
037_c035b16e-AsrSRZTj2Tk_109_19_label_fake.npz,True,False
22486-cbtkoZUOR1A_109_12_label_fake.npz,True,False
28123-6w9ikJPzTOA_40_1_label_fake.npz,True,False
15893-cHjvhDTfItA_19_4_label_fake.npz,True,False
7032-z7wk53Pt_0E_14_1_label_fake.npz,True,False
T1cTlK8k_6g_108_1_label_real.npz,False,False
9DTxDmLwFb8_154_28_label_real.npz,False,False
9C7jAAxWnqA_245_3--20568-awNrju1X3zc_58_1_label_fake.npz,True,False
33475_DbQjrA9VPjY_34_1_audio_short_512x512_1_0732_withaudio_label_fake.npz,True,False
c-3fX59C_BU_0_257--OprPPstAfSg_58_10_33_label_fake.npz,True,False
399_EKwa4XXZdPE_69_1_512x512_1_0112_withaudio_label_fake.npz,True,False
14781-4DNuopwIbbU_110_1_label_fake.npz,True,False
12983-C95B9sgbmOc_19_7_label_fake.npz,True,False
-19DTZ6_d6U_510_2--2NlEdgEI_mc_65_5_394_label_fake.npz,True,False
15895-I-B_Oa6_eNU_113_1_label_fake.npz,True,False
mCwiflF4BmE_190_3_label_real.npz,False,False
DaRstA12CeI_596_1_label_real.npz,False,False
GrQO5stiREI_130_1_label_real.npz,False,False
008_d1f87068_O6WbFpXUI0E_84_1_label_fake.npz,True,False
27651_53GIoeOAam4_40_5_label_fake.npz,True,False
21292-CWEWBgVwFc8_40_1_label_fake.npz,True,False
SDMFBIhN9fw_525_1_label_real.npz,False,False
09704_u6akTRg2ecw_104_1_audio_short_512x512_1_1655_withaudio_label_fake.npz,True,False
17599-mRNCLRo9JAM_31_16_label_fake.npz,True,False
177_KNktDoYajMk_192_1_label_fake.npz,True,False
79_HBavab-BVJ8_3_1_512x512_1_0112_withaudio_label_fake.npz,True,False
064_84cdff70_XblD1mtXBWY_55_5_label_fake.npz,True,False
03955_6Hh5ba8gpfw_audio_2_label_fake.npz,True,False
180_WXGfdzE7hhI_30_1-batch-2025-02-03-22-17-41-25_label_fake.npz,True,False
14002.png_eWj2-6q2ybk_258_2_label_fake.npz,True,False
2096-Uk6sPnRL0WQ_10_1_label_fake.npz,True,False
496__LL3BSLGscY_0_1-batch-2025-02-06-13-00-20-307_label_fake.npz,True,False
494_ktHQEAF3mEM_85_2-batch-2025-02-09-17-16-07-1_label_fake.npz,True,False
14930-JJPfmH5r99k_28_1_label_fake.npz,True,False
19354-YHiV0rUyg0U_3_1_label_fake.npz,True,False
271_PXdPmUJN6k0_74_16_label_fake.npz,True,False
1889-sw2V54gc-iQ_77_2_label_fake.npz,True,False
11549_HUqaEI0dweE_23_2_label_fake.npz,True,False
26435-wnwjcJfC-1U_81_1_label_fake.npz,True,False
11395.png_9CECkqcLjp4_1524_1_label_fake.npz,True,False
19645-2Ny5UJLpoxg_22_1_label_fake.npz,True,False
13924-cbtkoZUOR1A_109_11_label_fake.npz,True,False
_-nNx99qK4A_94_1_label_real.npz,False,False
59376_Mb-ynUI4Me4_65_2_audio_short_512x512_1_0933_withaudio_label_fake.npz,True,False
8624_d2om_PGtwWY_35_1_label_fake.npz,True,False
OAzp-7yY0FQ_61_2--22236-I5oeY5O5oJI_37_8_label_fake.npz,True,False
90_dcvbo-RdeWw_1_33_label_fake.npz,True,False
VuJbzKpbIVk_9_2--28697-lSCTGJbObOg_189_3_label_fake.npz,True,False
24288-Vv8CRc5L1kM_59_1_label_fake.npz,True,False
20404-dMfH7JbxZdY_61_1_label_fake.npz,True,False
26760_647itg-A_aw_39_2_audio_short_512x512_1_0732_withaudio_label_fake.npz,True,False
28366_I5oeY5O5oJI_59_5_label_fake.npz,True,False
25241.png_jyXGeTx0ttw_461_4_label_fake.npz,True,False
11633-6w9ikJPzTOA_30_1_label_fake.npz,True,False
-19DTZ6_d6U_596_1_label_real.npz,False,False
3845-A-BRu8z7ztk_0_1_label_fake.npz,True,False
438_2gOvQIMWbCY_41_3_audio_short_512x512_1_0732_withaudio_label_fake.npz,True,False
025_61e2c5e5_c-3fX59C_BU_0_242-batch-2025-02-06-00-06-46-77_label_fake.npz,True,False
3357-O1JxQ9OyJRQ_107_4_label_fake.npz,True,False
1P9nl9tBK38_362_1_545_label_fake.npz,True,False
23321_lSCTGJbObOg_188_5_label_fake.npz,True,False
d2om_PGtwWY_14_1_label_real.npz,False,False
10996-fAh51cqF86I_14_1_label_fake.npz,True,False
28737_HUqaEI0dweE_14_1_label_fake.npz,True,False
090_8252f095-y9BVPefouIs_2540_5_label_fake.npz,True,False
I-B_Oa6_eNU_37_2--12105-ADTwFvHACE4_31_1_label_fake.npz,True,False
Lqg5fiwIQso_54_4--624-53GIoeOAam4_40_5_label_fake.npz,True,False
27268.png_30CXCDECyG4_1080p_82_1_label_fake.npz,True,False
trimmed_sba-i5-e3WY_928_3--103_62ywI44YAxQ_30_7_25fps_25fps_label_fake.npz,True,False
_OpXjs-PM8M_2_202_18_label_fake.npz,True,False
15759-3NYH-zyIfZY_11_1_label_fake.npz,True,False
16840-1Ws3w_ZOmhI_54_1_label_fake.npz,True,False
V7xSEBur89E_6_837_321_label_fake.npz,True,False
18726-lSCTGJbObOg_100_3_label_fake.npz,True,False
7594-ADTwFvHACE4_29_2_label_fake.npz,True,False
7424_ADTwFvHACE4_116_2_label_fake.npz,True,False
7893-pOdIn86ZM1E_59_1_label_fake.npz,True,False
010_18d7b27c-KKeGv-ny-kY_375_1_label_fake.npz,True,False
-19DTZ6_d6U_833_24_label_real.npz,False,False
irlH4e-dbYc_76_2_label_real.npz,False,False
28305-A-BRu8z7ztk_24_1_label_fake.npz,True,False
QCAqiTH6B4U_1080p_96_4_25fps--50450_UzfVjgZKjro_1080p_61_1_25fps_label_fake.npz,True,False
27379-Ft9uf9w3QVA_115_1_label_fake.npz,True,False
c-3fX59C_BU_0_257--p6na9crjELc_73_8_43_label_fake.npz,True,False
912-uRSmuuXg7hI_115_4_label_fake.npz,True,False
21980-I5oeY5O5oJI_56_7_label_fake.npz,True,False
wdNhtZOGxBw_17_1_25fps--203_28Z-aq2wk60_audio_2_19_label_fake.npz,True,False
KNktDoYajMk_154_1_label_real.npz,False,False
77_H_c_crxV9O8_21_1_audio_short_512x512_1_0933_withaudio_label_fake.npz,True,False
PXdPmUJN6k0_79_5_label_real.npz,False,False
064_898b4b7e-9ztkB7gr8po_2_15_label_fake.npz,True,False
65613_30a4OlkenNU_4_1_audio_short_512x512_1_0732_withaudio_label_fake.npz,True,False
19954-Lcbr99pQZOU_61_2_label_fake.npz,True,False
068_a703f85f.jpg_xQvhp_EZ8CE_88_1_label_fake.npz,True,False
mHii80xikXs_3931_1_label_real.npz,False,False
068_b778f382.jpg_1P9nl9tBK38_595_2_label_fake.npz,True,False
_pWENLj5I-8_1080p_77_2_label_real.npz,False,False
18013_MATJqR93d5I_47_8_audio_short_512x512_1_0557_withaudio_label_fake.npz,True,False
459__7KzTzpF6Ng_audio_3_65_label_fake.npz,True,False
45077_NHVXgWJiIcs_26_2_label_fake.npz,True,False
PgfPJgJz7Pg_3_1_label_real.npz,False,False
t58wNtkkXkw_0_1_label_real.npz,False,False
IuETaGhSEbE_57_1_label_real.npz,False,False
01412_X05-4iCBHC8_audio_3_label_fake.npz,True,False
AbpNlshqtJc_58_3_label_real.npz,False,False
11748-I5oeY5O5oJI_31_3_label_fake.npz,True,False
PqumaD82tcI_300_5_label_real.npz,False,False
mHii80xikXs_4067_1_label_real.npz,False,False
3772-I2s4msDXNgw_61_1_label_fake.npz,True,False
J_ComKnl1hk_2_40_label_real.npz,False,False
9ztkB7gr8po_2_9_label_real.npz,False,False
083_16b5e7ab_62ywI44YAxQ_72_1-batch-2025-02-06-00-06-46-11_label_fake.npz,True,False
160_GNkwgfQFj60_1_17_512x512_1_0533_withaudio_label_fake.npz,True,False
27813_TXf3uH5YqM4_86_7_label_fake.npz,True,False
434_XblD1mtXBWY_139_7_512x512_1_1647_withaudio_label_fake.npz,True,False
20207-K6rSVoAakQ8_25_1_label_fake.npz,True,False
38114.png_DOpN7bVauzY_3696_1_label_fake.npz,True,False
cZ_DoJj9PXQ_27_2--oTElQFuLr7o_89_47_117_label_fake.npz,True,False
6417-6QjWo7-Mn3o_53_2_label_fake.npz,True,False
145_e968cdd5.jpg_eWj2-6q2ybk_224_1_label_fake.npz,True,False
084_4876da64-1aIMkhQHGO0_25_2_label_fake.npz,True,False
SNHUu7YkNjA_131_1--18871-d2om_PGtwWY_0_1_label_fake.npz,True,False
47742.png_f_0r2adEZfw_0_3_label_fake.npz,True,False
16263-M-3HEJpdx2I_1_4_label_fake.npz,True,False
lkMV6SxilXc_94_11--14602-itFwx1CZM9I_99_2_label_fake.npz,True,False
1253-3U4D77IB-j8_105_2_label_fake.npz,True,False
018_a532251b.jpg_0bjXpiZCdUQ_36_1_label_fake.npz,True,False
498_DR5IQXWY_uA_193_1-batch-2025-02-05-13-35-36-124_label_fake.npz,True,False
ILR3cxYpjUk_1342_1_label_real.npz,False,False
496_sba-i5-e3WY_3816_1-batch-2025-02-06-13-00-20-320_label_fake.npz,True,False
077_08ff1da6_8gqupeY6HmM_0_191_label_fake.npz,True,False
3392-Uk6sPnRL0WQ_100_2_label_fake.npz,True,False
27492-TXf3uH5YqM4_86_7_label_fake.npz,True,False
12838_NduDs59WZqU_136_1_label_fake.npz,True,False
292.png_J_ComKnl1hk_7_27_label_fake.npz,True,False
491_oeyLwy8sJhA_2_1-batch-2025-02-06-13-00-20-244_label_fake.npz,True,False
24256-2CnzI8vny3c_136_3_label_fake.npz,True,False
396_pNogULi28gs_87_3_audio_short_512x512_1_1655_withaudio_label_fake.npz,True,False
18072_lSCTGJbObOg_0_1_label_fake.npz,True,False
4445-wGcqFV_alDk_84_1_label_fake.npz,True,False
054_5a9566eb-PHMafVnjks8_228_1_label_fake.npz,True,False
7ZVu5N4gOgY_63_2--29317-TXf3uH5YqM4_76_1_label_fake.npz,True,False
0__OpXjs-PM8M_2_89_512x512_1_0112_withaudio_label_fake.npz,True,False
24951-TalBZ9_fmQk_11_1_label_fake.npz,True,False
04925.png_Du1SKO_ri4w_85_86_label_fake.npz,True,False
O0nL5vRlcfk_149_3_label_real.npz,False,False
17588_O1JxQ9OyJRQ_105_2_label_fake.npz,True,False
23038-sr3AvToIzJo_40_2_label_fake.npz,True,False
311_IcZtHIN331g_label_fake.npz,True,False
Nz7QfvnRkuE_53_8--2NlEdgEI_mc_50_3_147_label_fake.npz,True,False
trimmed_X8GFKxOk7Jg_13_1--j3QtlhvoeEU_890_2_62ywI44YAxQ_26_2_25fps_25fps_label_fake.npz,True,False
15488-ezja7-YQ72g_63_6_label_fake.npz,True,False
81-_sAbvloLTNQ_1511_1_label_fake.npz,True,False
02357_lqKZS1uYfro_89_11_label_fake.npz,True,False
HxK1gx2jKVU_1080p_69_13_424_label_fake.npz,True,False
043_77e393de_EKwa4XXZdPE_49_1_label_fake.npz,True,False
wnwjcJfC-1U_72_5--27367-awNrju1X3zc_49_1_label_fake.npz,True,False
317-cHjvhDTfItA_17_2_label_fake.npz,True,False
jk5auOLLvks_469_2_576_label_fake.npz,True,False
415.png_1P9nl9tBK38_688_1_label_fake.npz,True,False
29046-jud_SnwcvFc_10_2_label_fake.npz,True,False
24245_CV1yPkkUFOw_35_1_audio_short_512x512_1_0732_withaudio_label_fake.npz,True,False
112_710c6176.jpg_dTeNSc1Sp28_2_6_label_fake.npz,True,False
knT_9_p8480_4_4_label_real.npz,False,False
jXf9d1xHO34_1080p_119_7_label_real.npz,False,False
084_96ce3be4-XwfJa1b4KOk_67_1_label_fake.npz,True,False
hNA8I-JU3eg_22_4--19742-Uk6sPnRL0WQ_163_6_label_fake.npz,True,False
4276-0-kY_RQxuc0_119_1_label_fake.npz,True,False
363_ypMVswItFWI_10_1_512x512_1_0533_withaudio_label_fake.npz,True,False
Jy-bPwwFxhk_33_2--gc8LE2PP3hM_98_1_499_label_fake.npz,True,False
076_d4ee20ae.jpg_6l6NFBuOYjk_159_1_label_fake.npz,True,False
6185-3U4D77IB-j8_125_1_label_fake.npz,True,False
058_02860eff.jpg_inQaPF2YoNw_200_1_label_fake.npz,True,False
030_642eaf93.jpg_DuggBTqO2sc_300_1_label_fake.npz,True,False
19285_MqXRaJQsvxY_71_2_label_fake.npz,True,False
089_152cf5f6_jbx2IjXBmWA_14_3_label_fake.npz,True,False
03732.png_UzfVjgZKjro_1080p_89_5_label_fake.npz,True,False
47_xIUOSE2Nnqw_51_3_audio_short_512x512_1_0557_withaudio_label_fake.npz,True,False
t86T9sem8EM_417_1_label_real.npz,False,False
zpEUWKUUxdY_46_5--J_ComKnl1hk_6_29_424_label_fake.npz,True,False
20150-hHYe3O7_TUA_276_1_label_fake.npz,True,False
094_6aec42c7.jpg_P4o9TZ36Xj8_0_1_label_fake.npz,True,False
005_582c121a-oDO5ZDLTpaw_32_1_label_fake.npz,True,False
01650_ha96Xj9FAT0_audio_3_label_fake.npz,True,False
21260-TDDNxuR1zs8_104_4_label_fake.npz,True,False
051_2aace444-PXdPmUJN6k0_74_47_label_fake.npz,True,False
15284-E1R1P_NyvF8_47_1_label_fake.npz,True,False
273_Ft9uf9w3QVA_61_1_audio_short_512x512_1_0944_withaudio_label_fake.npz,True,False
J_ComKnl1hk_4_101_label_real.npz,False,False
yD5Beb8GcQw_11_1--yml5GgOFz1I_38_1_539_label_fake.npz,True,False
27251-0-BD5WJ_hBk_112_1_label_fake.npz,True,False
uHOEHOoQCWA_48_1_label_real.npz,False,False
2463-LPW5Zx3ntZo_83_2_label_fake.npz,True,False
9543-0-BD5WJ_hBk_162_1_label_fake.npz,True,False
29307-Uk6sPnRL0WQ_77_3_label_fake.npz,True,False
8tD-YwT4oAg_664_5_label_real.npz,False,False
29745-3U4D77IB-j8_58_1_label_fake.npz,True,False
111_Du1SKO_ri4w_48_179_512x512_1_1803_withaudio_label_fake.npz,True,False
398_p6na9crjELc_141_6-batch-2025-02-04-10-00-57-153_label_fake.npz,True,False
u6akTRg2ecw_52_1--28660-6w9ikJPzTOA_9_1_label_fake.npz,True,False
131_8HCQWjytx_I_199_12_512x512_1_0112_withaudio_label_fake.npz,True,False
14660_Ip7cs1D5tTQ_90_1_label_fake.npz,True,False
12997-dcdBqR1XoCA_64_1_label_fake.npz,True,False
kCudFI4tcpg_23_1--10278-ADTwFvHACE4_15_3_label_fake.npz,True,False
227_p6na9crjELc_141_6-batch-2025-02-04-10-00-57-87_label_fake.npz,True,False
144_5z_krRwSyt8_15_3_audio_short_512x512_1_0732_withaudio_label_fake.npz,True,False
18600_zpEUWKUUxdY_39_8_label_fake.npz,True,False
OprPPstAfSg_6_5_70_label_fake.npz,True,False
7272-IU0Zy67ZLpU_79_1_label_fake.npz,True,False
SzhK7Q-pY0U_1_43_label_real.npz,False,False
NEEN8fSBuWI_302_1_467_label_fake.npz,True,False
J_ComKnl1hk_6_30_label_real.npz,False,False
16478-9pQuS1hCm04_5_33_label_fake.npz,True,False
1040-Uk6sPnRL0WQ_116_2_label_fake.npz,True,False
14297-I1ouTj1BQec_128_2_label_fake.npz,True,False
29317-ybfyLfI5Ml0_52_1_label_fake.npz,True,False
13264-rMLfEL02QeY_0_2_label_fake.npz,True,False
44804_HUqaEI0dweE_42_3_audio_short_512x512_1_0944_withaudio_label_fake.npz,True,False
14661-Lcbr99pQZOU_131_4_label_fake.npz,True,False
O0nL5vRlcfk_478_1--XblD1mtXBWY_160_1_231_label_fake.npz,True,False
sr3AvToIzJo_85_3_label_real.npz,False,False
N-1-cKLUvjg_82_3_25fps--27530_PHMafVnjks8_0_2_25fps_label_fake.npz,True,False
07621.png_tVY44gQSFOA_4_2_label_fake.npz,True,False
168_J-vYXU4vqcY_12_1_audio_short_512x512_1_0557_withaudio_label_fake.npz,True,False
8933-LmGz2Hp34l0_12_3_label_fake.npz,True,False
14661-6cKTSj4a8bQ_138_4_label_fake.npz,True,False
9DTxDmLwFb8_828_1--cZ_DoJj9PXQ_86_1_6_label_fake.npz,True,False
nBVWOmPTk-4_82_1--JocHmkWdf3A_46_1_198_label_fake.npz,True,False
21573-1xWUAi4M_Dw_87_1_label_fake.npz,True,False
27298-mXDi_C0yb6A_97_1_label_fake.npz,True,False
Im_ghczQEPw_52_1--14019-GgCnpDg0jwc_73_1_label_fake.npz,True,False
17515_53GIoeOAam4_1_4_label_fake.npz,True,False
03523_1POFF5RQjyM_label_fake.npz,True,False
15736-UI6IKlHh-pQ_20_2_label_fake.npz,True,False
OprPPstAfSg_15_46--O6WbFpXUI0E_376_1_252_label_fake.npz,True,False
21071-J-vYXU4vqcY_1_1_label_fake.npz,True,False
TkkHKU_lLqU_37_1_737_label_fake.npz,True,False
041_abf5c9cb-tPn6xxmCPxw_30_1_label_fake.npz,True,False
14463_ADTwFvHACE4_18_1_label_fake.npz,True,False
rwnnXFpqN5I_357_6_label_real.npz,False,False
29891-K6rSVoAakQ8_20_1_label_fake.npz,True,False
065_db7b31f5-HxK1gx2jKVU_1080p_18_1_label_fake.npz,True,False
445_XJmuXrN2cQA_336_12_512x512_1_1647_withaudio_label_fake.npz,True,False
6xWbT6xIeaM_646_1_label_real.npz,False,False
49434_bM1LXa68oxc_122_2_audio_short_512x512_1_0732_withaudio_label_fake.npz,True,False
52189.png_SzhK7Q-pY0U_1_6_label_fake.npz,True,False
24987-3U4D77IB-j8_78_1_label_fake.npz,True,False
8-iiYu7NESU_16_1_25fps--40244_qv45xE78kx0_audio_3_226_label_fake.npz,True,False
025_61e2c5e5_oeyLwy8sJhA_2_1-batch-2025-02-06-00-06-46-75_label_fake.npz,True,False
12306-cbtkoZUOR1A_62_1_label_fake.npz,True,False
4094-VDP27kIe7-s_62_2_label_fake.npz,True,False
20666-u6akTRg2ecw_0_2_label_fake.npz,True,False
468_aEM1s9Saa-g_41_4_512x512_1_1803_withaudio_label_fake.npz,True,False
23126-MOBGaVJH54A_86_1_label_fake.npz,True,False
15852-Fjbz-Rzmzxw_57_2_label_fake.npz,True,False
W8ndzcz359Q_14_22_label_fake.npz,True,False
jyXGeTx0ttw_16_24_label_real.npz,False,False
O0nL5vRlcfk_149_10_label_real.npz,False,False
020_45c8d790_8HCQWjytx_I_177_3_label_fake.npz,True,False
p-OdFWMl0Ys_58_1_label_real.npz,False,False
SoI9-PP5Tmk_113_1_label_real.npz,False,False
d2om_PGtwWY_38_1--6180-O1JxQ9OyJRQ_1_3_label_fake.npz,True,False
25714-awNrju1X3zc_21_2_label_fake.npz,True,False
PqumaD82tcI_384_3_label_real.npz,False,False
kvAP1FcVvBs_0_1--UyNb2ArI768_0_1_37_label_fake.npz,True,False
12267-tBI3e4--8Kk_65_1_label_fake.npz,True,False
20263-XgpdInYDs-U_59_5_label_fake.npz,True,False
055_14a5e7bc.jpg_E7lIbmnQqgU_23_1_label_fake.npz,True,False
DwbAW8G-57A_32_1_label_real.npz,False,False
409_E1R1P_NyvF8_47_1_audio_short_512x512_1_1652_withaudio_label_fake.npz,True,False
13782-F1D_L94WDJk_38_2_label_fake.npz,True,False
18500_6IXtQx8SwBE_44_1_label_fake.npz,True,False
u-X671JqQWA_118_38_label_real.npz,False,False
21410-94hlY3KiRjs_91_1_label_fake.npz,True,False
uF_iBsuUjrg_8_14_label_real.npz,False,False
8566-IIT29JDuMXs_66_1_label_fake.npz,True,False
012_12d61e14-1P9nl9tBK38_47_2_label_fake.npz,True,False
9DTxDmLwFb8_1077_4_label_real.npz,False,False
27241-J-vYXU4vqcY_5_6_label_fake.npz,True,False
11862_I5oeY5O5oJI_53_8_label_fake.npz,True,False
180_9X-SE-3CPw4_2745_1-batch-2025-02-03-22-17-41-30_label_fake.npz,True,False
wf32v1liDSQ_120_1_label_real.npz,False,False
zBJP1v24Llk_69_1_label_real.npz,False,False
WtkgtlyruWE_16_1--J_ComKnl1hk_9_1_510_label_fake.npz,True,False
11155-O1JxQ9OyJRQ_115_1_label_fake.npz,True,False
03736.png_6aNWSCTS284_6_1_label_fake.npz,True,False
Ip7cs1D5tTQ_1_7_label_real.npz,False,False
26557-cHjvhDTfItA_127_4_label_fake.npz,True,False
9238-2Ny5UJLpoxg_22_2_label_fake.npz,True,False
343_MxlocFNdoXg_720_1-batch-2025-02-03-22-17-41-13_label_fake.npz,True,False
5324-o3KMJLxjdoM_9_4_label_fake.npz,True,False
aEM1s9Saa-g_80_1_label_real.npz,False,False
13208-LmGz2Hp34l0_11_1_label_fake.npz,True,False
HUqaEI0dweE_57_4_label_real.npz,False,False
067_ee6435dc.jpg_PHMafVnjks8_53_1_label_fake.npz,True,False
17588-AbpNlshqtJc_160_1_label_fake.npz,True,False
trimmed_dNCH3eXEwB4_670_2--365_OprPPstAfSg_43_8_25fps_25fps_label_fake.npz,True,False
62116_DwbAW8G-57A_90_1_audio_short_512x512_1_0944_withaudio_label_fake.npz,True,False
50005.png_QBFIR4ehjNk_6_2_label_fake.npz,True,False
mXDi_C0yb6A_8_2--22832-J-vYXU4vqcY_5_6_label_fake.npz,True,False
29578-_cPj3b9BDPI_6_1_label_fake.npz,True,False
055_9508128d_e0GahnJx-Sc_153_1_label_fake.npz,True,False
20788-WowrvQ9h9ao_41_1_label_fake.npz,True,False
MOBGaVJH54A_162_7--13849-lSCTGJbObOg_342_2_label_fake.npz,True,False
A0COLvfTyjc_69_1_label_real.npz,False,False
8529_d2om_PGtwWY_30_1_label_fake.npz,True,False
088_1229c0dd_p6na9crjELc_146_1_label_fake.npz,True,False
278_pNogULi28gs_118_1_audio_short_512x512_1_0933_withaudio_label_fake.npz,True,False
28623_eWj2-6q2ybk_32_1_label_fake.npz,True,False
014_bbe9116e.jpg_hR6MLH3vp80_1080p_140_1_label_fake.npz,True,False
24430-M-3HEJpdx2I_103_3_label_fake.npz,True,False
302_VifDzyPgBNg_0_5-batch-2025-02-04-10-00-57-113_label_fake.npz,True,False
24715-fAh51cqF86I_14_1_label_fake.npz,True,False
39_ISBxZXSDgWE_85_2_audio_short_512x512_1_1652_withaudio_label_fake.npz,True,False
28043.png_hdS30nnhNZo_3_5_label_fake.npz,True,False
35491-BGVI996xDLY_208_1_label_fake.npz,True,False
411_VM4P9yV4rTA_218_14_512x512_1_0112_withaudio_label_fake.npz,True,False
14826-p3XJSlgo1_M_103_1_label_fake.npz,True,False
19493-Uk6sPnRL0WQ_77_3_label_fake.npz,True,False
15693_O1JxQ9OyJRQ_1_2_label_fake.npz,True,False
488_KDujlRUGYho_9_1_label_fake.npz,True,False
mu11jOqHkrQ_1_1_label_real.npz,False,False
MxlocFNdoXg_166_5_label_real.npz,False,False
094_664a03cd.jpg_zr6OpxBh5DA_92_2_label_fake.npz,True,False
152_nBVWOmPTk-4_96_2_512x512_1_0533_withaudio_label_fake.npz,True,False
11947-Fjkw9vYDukg_16_1_label_fake.npz,True,False
075_4c504eec_e0GahnJx-Sc_147_1_label_fake.npz,True,False
u-X671JqQWA_142_11_label_real.npz,False,False
492_78p4J0EEepU_6_2-batch-2025-02-05-13-35-36-54_label_fake.npz,True,False
282_fD2q4CcqU0w_37_1_label_fake.npz,True,False
093_dc555290-D56tKWtAMbw_815_1_label_fake.npz,True,False
02859_IQ5UpoJDSzU_audio_1_label_fake.npz,True,False
CeUoS2T2hhc_145_1--4775-y_wqp9PJHYo_87_1_label_fake.npz,True,False
13_nBVWOmPTk-4_44_4_512x512_1_0533_withaudio_label_fake.npz,True,False
wtCogf-htV0_59_1_label_real.npz,False,False
sba-i5-e3WY_928_3--I5SwIyy5pMk_48_1_39_label_fake.npz,True,False
19645-T-vVO3nRFzI_92_3_label_fake.npz,True,False
191_6b48d25b.jpg_Vz-kJATn87E_1080p_88_9_label_fake.npz,True,False
14458-Lqg5fiwIQso_15_1_label_fake.npz,True,False
qtUvdylaUoY_3_1_217_label_fake.npz,True,False
411_De5FGogMWzQ_110_3_512x512_1_1803_withaudio_label_fake.npz,True,False
13208-I5oeY5O5oJI_34_3_label_fake.npz,True,False
28736-EcjY1r34cBE_57_2_label_fake.npz,True,False
19734-nlrjxL_frmk_100_1_label_fake.npz,True,False
06888_5xBpkc7-w3A_30_2_audio_short_512x512_1_0732_withaudio_label_fake.npz,True,False
04PmEJaYKd0_24_1--12865-GgCnpDg0jwc_40_1_label_fake.npz,True,False
16720-KNEGWrD08f8_138_1_label_fake.npz,True,False
_uUskajC1Ps_66_1--22236-ADTwFvHACE4_18_1_label_fake.npz,True,False
25264_9pQuS1hCm04_4_25_audio_short_512x512_1_1652_withaudio_label_fake.npz,True,False
mHii80xikXs_2463_2_label_real.npz,False,False
12627-Lv39BhZJ2mg_73_7_label_fake.npz,True,False
19294_UEjGEXAndzY_42_2_label_fake.npz,True,False
543mYKKh1EE_44_1--24311-BJr-6o-eYLc_76_1_label_fake.npz,True,False
5287-euQ1VaiXRoQ_60_2_label_fake.npz,True,False
8tD-YwT4oAg_106_4_label_real.npz,False,False
24744-C95B9sgbmOc_16_1_label_fake.npz,True,False
279_YGIhb_a29d0_1080p_777_1_512x512_1_1803_withaudio_label_fake.npz,True,False
28970-3U4D77IB-j8_105_2_label_fake.npz,True,False
13328-Fjkw9vYDukg_15_2_label_fake.npz,True,False
15511-TalBZ9_fmQk_41_2_label_fake.npz,True,False
GwFRoh3zBYs_39_1--18057-o3KMJLxjdoM_60_4_label_fake.npz,True,False
054_5e6a651d-rMrG-WhVhow_153_5_label_fake.npz,True,False
26056-BJr-6o-eYLc_0_2_label_fake.npz,True,False
238_j-SnQH4ewHU_106_5_512x512_1_0533_withaudio_label_fake.npz,True,False
26802-SWHweN9WlkU_76_4_label_fake.npz,True,False
9DTxDmLwFb8_1260_17_label_real.npz,False,False
20149_0-kY_RQxuc0_147_1_label_fake.npz,True,False
12754-mXDi_C0yb6A_72_1_label_fake.npz,True,False
13801-aE-eKPb6vhM_21_1_label_fake.npz,True,False
985_d2om_PGtwWY_10_1_label_fake.npz,True,False
076_66977623_Yhp6bu6frjU_271_24_label_fake.npz,True,False
VALyeyRDH1Q_64_6_label_real.npz,False,False
093_8cb84a89.jpg_3yaIqVnHrv8_19_2_label_fake.npz,True,False
498_tStxmy972vw_9_5-batch-2025-02-05-13-35-36-120_label_fake.npz,True,False
00909_SzhK7Q-pY0U_1_7_label_fake.npz,True,False
rxLBonV9-4Y_77_1--18004-o3KMJLxjdoM_42_1_label_fake.npz,True,False
SzhK7Q-pY0U_1_113--9ztkB7gr8po_6_9_253_label_fake.npz,True,False
22184_lSCTGJbObOg_0_1_label_fake.npz,True,False
31978_gUGPeMAFZtA_8_1_audio_short_512x512_1_0944_withaudio_label_fake.npz,True,False
tVY44gQSFOA_0_4_label_real.npz,False,False
182_8tD-YwT4oAg_322_2_label_fake.npz,True,False
lXXCH-gBGzI_104_21_25fps--394_E7lIbmnQqgU_250_2_25fps_label_fake.npz,True,False
401_Ll8xGtwvH84_375_2_512x512_1_0533_withaudio_label_fake.npz,True,False
MFusQ6Jv5cE_209_1--gc8LE2PP3hM_243_14_284_label_fake.npz,True,False
087_155f1f74.jpg_J_ComKnl1hk_6_28_label_fake.npz,True,False
jV2pjBg0srU_123_12_label_real.npz,False,False
455_reaup7qkEfk_41_4_audio_short_512x512_1_0557_withaudio_label_fake.npz,True,False
23868-YL5mJAGGsjY_71_1_label_fake.npz,True,False
21292_NduDs59WZqU_72_3_label_fake.npz,True,False
eWj2-6q2ybk_254_2_label_real.npz,False,False
47_VifDzyPgBNg_0_5-batch-2025-02-04-10-00-57-157_label_fake.npz,True,False
dMfH7JbxZdY_1_1_label_real.npz,False,False
39827_BJr-6o-eYLc_29_1_audio_short_512x512_1_0944_withaudio_label_fake.npz,True,False
25171_I5oeY5O5oJI_31_13_label_fake.npz,True,False
083_16b5e7ab_MxlocFNdoXg_720_1-batch-2025-02-10-11-34-42-65_label_fake.npz,True,False
34_3NYH-zyIfZY_1_1_audio_short_512x512_1_0933_withaudio_label_fake.npz,True,False
389_u-X671JqQWA_105_78_512x512_1_1803_withaudio_label_fake.npz,True,False
020_cce4e0e0-28Z-aq2wk60_125_6_label_fake.npz,True,False
422_QoCpSP81vns_audio_3_label_fake.npz,True,False
PmI4qnTpL0E_241_44--04230_vBYZtQTbLBo_audio_3_182_label_fake.npz,True,False
24623-pSdCFzplNME_79_1_label_fake.npz,True,False
sgHHRVH0NFo_24_5--23884-8KovXKo3DL4_90_1_label_fake.npz,True,False
29714-QvTs7W732ZQ_15_2_label_fake.npz,True,False
12682-cbtkoZUOR1A_112_7_label_fake.npz,True,False
073_2880f59c_gSXvXgjlnnw_50_1_label_fake.npz,True,False
19544-WBMbPMPKaBM_1_2_label_fake.npz,True,False
SNHUu7YkNjA_1_5--13208-LmGz2Hp34l0_29_1_label_fake.npz,True,False
422_5l1PmijHT5o_21_1_512x512_1_0533_withaudio_label_fake.npz,True,False
760-yMK0bMaGZYI_32_1_label_fake.npz,True,False
KKeGv-ny-kY_28_6_label_real.npz,False,False
026_e5342024.jpg_eItLUO9eyno_2_1_label_fake.npz,True,False
X-xPVn_ISwo_32_label_fake.npz,True,False
23266-vpMM4zCwksk_0_2_label_fake.npz,True,False
NEEN8fSBuWI_283_1_label_real.npz,False,False
088_29b6bf25.jpg_RQVdbZQrl2E_3_1_label_fake.npz,True,False
175_jXf9d1xHO34_1080p_30_20_512x512_1_1803_withaudio_label_fake.npz,True,False
198-Du1SKO_ri4w_85_41_label_fake.npz,True,False
51381.png_MFusQ6Jv5cE_192_1_label_fake.npz,True,False
152_E9ikzQWCZm0_7_1_label_fake.npz,True,False
1725-M-3HEJpdx2I_99_1_label_fake.npz,True,False
T-vVO3nRFzI_100_2--3025-ADTwFvHACE4_18_1_label_fake.npz,True,False
28165_I5oeY5O5oJI_56_7_label_fake.npz,True,False
1280-bM1LXa68oxc_247_1_label_fake.npz,True,False
iEd6mSVWLr4_52_26_label_real.npz,False,False
8202-pzdnuEa8a20_88_1_label_fake.npz,True,False
79_Iy1E-yjDyFA_49_2_512x512_1_0533_withaudio_label_fake.npz,True,False
22639-v4Y0FzwVMR8_17_1_label_fake.npz,True,False
109.png_PXdPmUJN6k0_74_47_label_fake.npz,True,False
20816-I5oeY5O5oJI_0_1_label_fake.npz,True,False
10265-6cKTSj4a8bQ_196_1_label_fake.npz,True,False
t86T9sem8EM_140_1_25fps--44_UzfVjgZKjro_1080p_82_1_25fps_label_fake.npz,True,False
8919-J-vYXU4vqcY_9_6_label_fake.npz,True,False
3DdSiJB8Bo0_8_1--23067-PYRFxrLt30A_18_4_label_fake.npz,True,False
VifDzyPgBNg_599_3_label_real.npz,False,False
020_3af33d4e.jpg_vebjQP6GXm0_219_1_label_fake.npz,True,False
26544-mRNCLRo9JAM_31_5_label_fake.npz,True,False
23429-SoI9-PP5Tmk_358_1_label_fake.npz,True,False
9ztkB7gr8po_2_31--B4LwKKKbAuI_14_1_67_label_fake.npz,True,False
KKNCiRWd_j0_471_1--24192-GgCnpDg0jwc_55_4_label_fake.npz,True,False
22444-PEKF-vrTi9Q_42_1_label_fake.npz,True,False
8308-4DNuopwIbbU_60_4_label_fake.npz,True,False
025_61e2c5e5_MxlocFNdoXg_720_1-batch-2025-02-10-11-34-42-96_label_fake.npz,True,False
009_23c94f29_P_stI11n2Sc_20_8_label_fake.npz,True,False
1249-y_wqp9PJHYo_0_2_label_fake.npz,True,False
254_1P9nl9tBK38_325_8_label_fake.npz,True,False
TsQZOTSteK8_86_1--19418-ADTwFvHACE4_10_3_label_fake.npz,True,False
478_d5GTYm01vqA_312_4_512x512_1_0533_withaudio_label_fake.npz,True,False
1WuFbrHbnW8_94_5--1stTPtXYjuM_255_37_364_label_fake.npz,True,False
010_2f9c83bc_OprPPstAfSg_74_13_label_fake.npz,True,False
262_8tD-YwT4oAg_399_1_label_fake.npz,True,False
KENbRqWDpYM_16_2_label_real.npz,False,False
24619-JsGQizTuPSo_75_1_label_fake.npz,True,False
20967-0xfJy96HJqo_19_1_label_fake.npz,True,False
053_5b42d9d9.jpg_Jy-bPwwFxhk_37_1_label_fake.npz,True,False
12598-J_U3D_QAw7c_120_1_label_fake.npz,True,False
281-bM1LXa68oxc_212_3_label_fake.npz,True,False
12645-ISBxZXSDgWE_46_4_label_fake.npz,True,False
325_aOJ4HdjvrMI_120_1_label_fake.npz,True,False
hdS30nnhNZo_6_9_label_real.npz,False,False
apnde-Dpq8E_1080p_102_4_808_label_fake.npz,True,False
411_VGCRcRs-jkE_35_6_label_fake.npz,True,False
5722-53GIoeOAam4_11_1_label_fake.npz,True,False
18261_wR86bUBzCqU_label_fake.npz,True,False
801_NduDs59WZqU_72_3_label_fake.npz,True,False
484_nTEv62rENMA_label_fake.npz,True,False
6983-QlwtGFJHSYc_281_2_label_fake.npz,True,False
CeUoS2T2hhc_106_5--18613-NSWcdPWXZQI_129_1_label_fake.npz,True,False
24062-sUv353ua7E8_17_1_label_fake.npz,True,False
29636-KFOvtqspEZk_178_1_label_fake.npz,True,False
cbtkoZUOR1A_101_16_label_real.npz,False,False
B4LwKKKbAuI_88_21--zpEUWKUUxdY_0_16_601_label_fake.npz,True,False
5056-NSWcdPWXZQI_106_1_label_fake.npz,True,False
1POFF5RQjyM_116_1_label_real.npz,False,False
12865-GwFRoh3zBYs_44_4_label_fake.npz,True,False
02479-W3xHmerC4wM_2_1_label_fake.npz,True,False
149.png_B4LwKKKbAuI_88_16_label_fake.npz,True,False
24808-3NYH-zyIfZY_57_1_label_fake.npz,True,False
22956-4ZO2_2nHaIk_36_1_label_fake.npz,True,False
083_16b5e7ab_Nz7QfvnRkuE_555_1-batch-2025-02-10-11-34-42-77_label_fake.npz,True,False
65699_bkCpQk_K_jg_158_1_audio_short_512x512_1_0732_withaudio_label_fake.npz,True,False
17898_jE5wxTgovZs_0_1_label_fake.npz,True,False
15604-NkFOqfFDb1c_62_1_label_fake.npz,True,False
13032_WLXiu-qp8Lw_183_1_label_fake.npz,True,False
07977.png_7AldV8ATrJc_240_1_label_fake.npz,True,False
14710_DCeJZTSFTXs_16_1_audio_short_512x512_1_0557_withaudio_label_fake.npz,True,False
21235_O1JxQ9OyJRQ_97_2_label_fake.npz,True,False
25_ZWWpghA1SJc_39_1_audio_short_512x512_1_0557_withaudio_label_fake.npz,True,False
MzXkiK4ROhQ_105_1--24623-53GIoeOAam4_16_5_label_fake.npz,True,False
9540-Y8tqH6MnJUU_14_1_label_fake.npz,True,False
27613_PYRFxrLt30A_42_2_label_fake.npz,True,False
22093-ADTwFvHACE4_31_1_label_fake.npz,True,False
hdS30nnhNZo_7_4_label_real.npz,False,False
183__NxbN7iCl3w_594_1_label_fake.npz,True,False
021_0b9bd77d--19DTZ6_d6U_651_3_label_fake.npz,True,False
015_3a0f9ec8.jpg_GNkwgfQFj60_69_6_label_fake.npz,True,False
Tq6_7XyCyyI_32_1--6185-lXv73xCGh8E_0_1_label_fake.npz,True,False
0fpc2LXBvUo_54_1--00364_tf_pzTBKuFY_audio_1_150_label_fake.npz,True,False
12423-itFwx1CZM9I_99_2_label_fake.npz,True,False
O_6kW3Mrkm8_187_7_label_real.npz,False,False
26349-ezja7-YQ72g_27_1_label_fake.npz,True,False
9290_HUqaEI0dweE_23_3_label_fake.npz,True,False
496_GK9gq8WEHA0_790_1-batch-2025-02-05-13-35-36-0_label_fake.npz,True,False
46252.png_8tD-YwT4oAg_222_1_label_fake.npz,True,False
081_4d677d83.jpg_1POFF5RQjyM_82_1_label_fake.npz,True,False
030_df8c8fad.jpg_vdLn_BXY7E8_251_1_label_fake.npz,True,False
lXXCH-gBGzI_50_11_25fps--47398_NEEN8fSBuWI_364_1_25fps_label_fake.npz,True,False
26131-cbtkoZUOR1A_65_3_label_fake.npz,True,False
251_SzhK7Q-pY0U_1_33_label_fake.npz,True,False
0juLRi90kRg_39_5_label_real.npz,False,False
4219-J-vYXU4vqcY_10_3_label_fake.npz,True,False
051_2505e244_8wx4wssZgfo_68_1_label_fake.npz,True,False
ypMVswItFWI_6_1_label_real.npz,False,False
11011-ADTwFvHACE4_117_1_label_fake.npz,True,False
22779_BhwnAYvzhm4_32_1_label_fake.npz,True,False
094_c255b703.jpg_6l6NFBuOYjk_74_1_label_fake.npz,True,False
8efxcrjdffg_0_6_label_real.npz,False,False
134_736d1702-PqumaD82tcI_103_1_label_fake.npz,True,False
398_MxlocFNdoXg_720_1-batch-2025-02-04-10-00-57-143_label_fake.npz,True,False
73_9uoW1hsVTvw_audio_1_82_label_fake.npz,True,False
GySD76yMiAA_2_3_label_real.npz,False,False
056_3a21c6af.jpg_-qs_Rh-rAbI_73_1_label_fake.npz,True,False
10530-dxA6D4dJWn8_79_1_label_fake.npz,True,False
16651-6GqonOcxCQQ_131_1_label_fake.npz,True,False
023_4e454f96_QVr1PThaCJ4_72_1_label_fake.npz,True,False
5287-DeB8-H3L04c_14_2_label_fake.npz,True,False
010_34d63b53_tStxmy972vw_9_5-batch-2025-02-05-13-35-36-158_label_fake.npz,True,False
14772-lkMV6SxilXc_52_1_label_fake.npz,True,False
2442-2WGnDrVPG8A_72_2_label_fake.npz,True,False
27437-o3KMJLxjdoM_61_3_label_fake.npz,True,False
jT0Uw6EwOyQ_35_1--2NlEdgEI_mc_107_21_211_label_fake.npz,True,False
17986-Mb-ynUI4Me4_35_1_label_fake.npz,True,False
J_ComKnl1hk_6_20_label_real.npz,False,False
17990_2ECheTEbkhQ_23_3_label_fake.npz,True,False
V3Cav6WhwZc_24_3--5618-J-vYXU4vqcY_11_1_label_fake.npz,True,False
03157_-qs_Rh-rAbI_91_2_label_fake.npz,True,False
14529-ndJhwVupwVQ_1_1_label_fake.npz,True,False
257_KNktDoYajMk_95_1_label_fake.npz,True,False
62ywI44YAxQ_78_21_label_real.npz,False,False
9902-I5oeY5O5oJI_46_3_label_fake.npz,True,False
14602-ybfyLfI5Ml0_104_1_label_fake.npz,True,False
GiWHOpvWo38_331_1_label_real.npz,False,False
14635-snplq3D9n68_30_1_label_fake.npz,True,False
18986_d2om_PGtwWY_33_2_label_fake.npz,True,False
38747-zr6OpxBh5DA_7_1_label_fake.npz,True,False
29515-fAh51cqF86I_28_2_label_fake.npz,True,False
zpEUWKUUxdY_50_1--NHVXgWJiIcs_9_1_281_label_fake.npz,True,False
23091-TsQZOTSteK8_30_1_label_fake.npz,True,False
uDQs1pf8-9s_6_2--SzhK7Q-pY0U_1_8_106_label_fake.npz,True,False
TXf3uH5YqM4_0_2--7162-I5oeY5O5oJI_56_4_label_fake.npz,True,False
16425.png_KyeC6d6MTSU_134_3_label_fake.npz,True,False
MM_bPbjR8CI_22_1_label_real.npz,False,False
mk3ebu5ue3U_66_6_label_real.npz,False,False
I5nY1qKef8M_49_1_label_real.npz,False,False
cKuQhjDMxYI_15_1_label_real.npz,False,False
9qs2erQgEzs_71_1_label_real.npz,False,False
nnQNH-sotI8_40_1_label_real.npz,False,False
durJUb8_oZE_22_1_label_real.npz,False,False
ZzfsQF3ig2k_243_7_label_real.npz,False,False
elNx36q2vLM_28_1_label_real.npz,False,False
PyLbdkRVKh0_7_1_label_real.npz,False,False
V7g7ZFObO7Y_1503_2_label_real.npz,False,False
0Wey_XfRWvY_128_7_label_real.npz,False,False
6noIJpqRyvk_41_6_label_real.npz,False,False
7_9hY06BZQc_45_1_label_real.npz,False,False
fRvu1JgiRiU_55_1_label_real.npz,False,False
6OMxEdnXmQY_294_2_label_real.npz,False,False
8GpRabFxLWk_798_8_label_real.npz,False,False
xIMS_-reEco_367_1_label_real.npz,False,False
zR7WQ_h0bxM_49_1_label_real.npz,False,False
CNzIwKKH7JE_79_2_label_real.npz,False,False
JIhXrwnD-EU_124_1_label_real.npz,False,False
_KUYDD5enPo_33_2_label_real.npz,False,False
B6OdZAgORxc_14_1_label_real.npz,False,False
BFTUrrBGBao_68_2_label_real.npz,False,False
kvYaojOQhX4_13_1_label_real.npz,False,False
UHWeR0ChEZQ_71_2_label_real.npz,False,False
eyb0_CHPvE0_77_1_label_real.npz,False,False
TeY1kBZCRNc_135_1_label_real.npz,False,False
0GFpYNkwulE_165_2_label_real.npz,False,False
oWEF_g9IpLE_0_2_label_real.npz,False,False
BFTUrrBGBao_69_1_label_real.npz,False,False
qF8dChL_5lM_17_1_label_real.npz,False,False
zijmkxLNeK0_5_1_label_real.npz,False,False
eUOLg70FT2M_562_1_label_real.npz,False,False
LNn1IW-5-rI_419_2_label_real.npz,False,False
elNx36q2vLM_15_1_label_real.npz,False,False
_aJauu82Ctw_147_1_label_real.npz,False,False
sJai0cem3jQ_31_1_label_real.npz,False,False
e_M_h01yhPQ_6_1_label_real.npz,False,False
V4ky5dwCLUg_426_1_label_real.npz,False,False
mJERjWcYYVI_349_1_label_real.npz,False,False
GaKL6i3ISPc_110_2_label_real.npz,False,False
xYvie7f9Dq4_81_2_label_real.npz,False,False
xIMS_-reEco_305_1_label_real.npz,False,False
z-G3N7bVKTU_40_1_label_real.npz,False,False
-r8gDmbKYbU_2_14_label_real.npz,False,False
f5utLluNHNs_92_4_label_real.npz,False,False
Tq_yH1zEyaI_43_1_label_real.npz,False,False
kvYaojOQhX4_10_1_label_real.npz,False,False
mWNwWonVpcE_15_2_label_real.npz,False,False
lp8KBXdMlU8_3_1_label_real.npz,False,False
-nIguiavWKY_80_1_label_real.npz,False,False
0XK4xCZZxFc_6_1_label_real.npz,False,False
QpbPUAQ9GxM_75_2_label_real.npz,False,False
P9rEtDiot-w_4_3_label_real.npz,False,False
LRzd_fO6eX0_30_2_label_real.npz,False,False
vgyLaiYwqsY_0_1_label_real.npz,False,False
xYvie7f9Dq4_91_2_label_real.npz,False,False
P9rEtDiot-w_69_4_label_real.npz,False,False
bVR4pSn7Hhc_13_1_label_real.npz,False,False
-Wc4JH2UbKk_82_1_label_real.npz,False,False
mjWMUvZ3NUs_49_1_label_real.npz,False,False
K5nAHKJjWMY_73_1_label_real.npz,False,False
RAg2mHKGcGA_12_1_label_real.npz,False,False
zUN3XwU0SuA_167_1_label_real.npz,False,False
qF8dChL_5lM_11_1_label_real.npz,False,False
3OqtJBxxbgM_55_3_label_real.npz,False,False
x5-94NxSnz4_0_5_label_real.npz,False,False
vVZGGl7ivy8_292_1_label_real.npz,False,False
yLuJcWWMDFk_14_4_label_real.npz,False,False
fJt__f-MHWo_367_1_label_real.npz,False,False
i6fE1x3P2kY_6_1_label_real.npz,False,False
8GpRabFxLWk_132_1_label_real.npz,False,False
lITf2yPH_HI_23_1_label_real.npz,False,False
Kkbnm5P2waQ_481_1_label_real.npz,False,False
CNzIwKKH7JE_36_2_label_real.npz,False,False
mk3ebu5ue3U_46_6_label_real.npz,False,False
0Wey_XfRWvY_123_2_label_real.npz,False,False
fPsZRRKC8Xk_6_1_label_real.npz,False,False
0Wey_XfRWvY_122_1_label_real.npz,False,False
L36UzqXOjcY_4_1_label_real.npz,False,False
rDfnzuK5QyY_46_2_label_real.npz,False,False
oWEF_g9IpLE_0_9_label_real.npz,False,False
OWYxOGM51NU_31_3_label_real.npz,False,False
hogUjAY1POU_30_1_label_real.npz,False,False
4h_lWRCt0Gs_23_1_label_real.npz,False,False
0C0G4BT4pzQ_131_5_label_real.npz,False,False
W64VZ5zCM2U_59_1_label_real.npz,False,False
ZzfsQF3ig2k_94_1_label_real.npz,False,False
vVZGGl7ivy8_22_2_label_real.npz,False,False
V4ky5dwCLUg_123_1_label_real.npz,False,False
qzefMI98qQw_626_1_label_real.npz,False,False
6noIJpqRyvk_26_14_label_real.npz,False,False
qzefMI98qQw_693_1_label_real.npz,False,False
kb4ETvGsWTw_89_2_label_real.npz,False,False
LRzd_fO6eX0_45_5_label_real.npz,False,False
aEJY8qrqB7M_42_1_label_real.npz,False,False
GAw-vEk3Fys_2612_1_label_real.npz,False,False
ymRL2llLx3c_26_7_label_real.npz,False,False
uVZxhABwsLw_19_1_label_real.npz,False,False
r1rigxJJ_Uw_39_1_label_real.npz,False,False
V4ky5dwCLUg_155_1_label_real.npz,False,False
I3S-87rFc4U_117_5_label_real.npz,False,False
-Z9yRh2X1Uc_32_1_label_real.npz,False,False
b4rtVFikc6Y_163_1_label_real.npz,False,False
xIMS_-reEco_484_1_label_real.npz,False,False
uf6AEUyJU94_51_1_label_real.npz,False,False
Co5CIKNn1mk_102_2_label_real.npz,False,False
hT1KUqL4PaM_331_1_label_real.npz,False,False
eUOLg70FT2M_353_1_label_real.npz,False,False
U_3aCekML-Y_53_15_label_real.npz,False,False
jagcBY8zj_w_27_7_label_real.npz,False,False
e0WrsJ1P-AM_13_1_label_real.npz,False,False
BJd6leshcjc_15_4_label_real.npz,False,False
zd9TNPVVfvI_29_1_label_real.npz,False,False
-nIguiavWKY_53_1_label_real.npz,False,False
hw3g_YSYqp0_21_1_label_real.npz,False,False
Kkbnm5P2waQ_216_2_label_real.npz,False,False
t35um9OT774_356_1_label_real.npz,False,False
gVkKxrLpY1I_61_1_label_real.npz,False,False
4gat-v-Yzvg_142_1_label_real.npz,False,False
aRhkxaF7cO0_56_13_label_real.npz,False,False
D3lWeBEcnNE_149_3_label_real.npz,False,False
J_ComKnl1hk_1_3_acb90c1bdf4d4dec752ef7a5a068a0575fb45336ecab1283f2e0147e63aaaaa7dcd02c282188efa8cb49eab8ec221fa43203815a261d6c45ba8c82456fa4ef6f_label_fake.npz,False,True
f4S7SIVAHuw_9_7_eba68f916957feb0b223aa2d99e8be2415acb0f0c7a97c9129ad8745ed656f1c0c70043189478534f76045de02de1dfe7859ec324742a8dac042d7b6fc0538ce_label_fake.npz,False,True
C4hNyd9eJy4_0_52_a03a946ee0bfa3c6f35cfa4ba7566da913ec3b828d8feb74465725873a72a5b78c7493b0f9068bcc66238d29ccdbfb2ab63b3d85bc3e65b9628b7b863ad781a5_label_fake.npz,False,True
M2WQAQMu0zc_2_1_2904a5e813723859c454988091d61c848f8c189c9935f0d90c7371452152b0a19948e285c48d21206f01b2631ead4db6e5b6043cc42d7457373b7eb552f62ec3_label_fake.npz,False,True
SzhK7Q-pY0U_1_25_bc90e876841d63f3c21ad6175ad4afa5dd104c35fbc71fe187a5c90512222e33615ddaa10489957a9567e1ddfb52175b9f708058161af635cd2e2c9ca65700f0_label_fake.npz,False,True
SDMFBIhN9fw_205_2_6688a10c75b2940810890df0e8b7700014c3e87c325cc1fe2f64f3392a98df32052efd073d38c505ac20c7f01dde657a03834e57d0be5a151af2da2018699a0b_label_fake.npz,False,True
f4S7SIVAHuw_1_6_2800794fcd9038fb24e9fbe94ca534f55ed5ad505f4f09ccfb4969304998104d1851fe5436e572ce272619e7c935e7b3fd2f1b0b8624d0728c9c2f9e1b402a2e_label_fake.npz,False,True
f4S7SIVAHuw_7_11_694f653ba2431188dd9e70a4742071c13e5c3720cb8401584d5cab790a0c5279c5fa2aa1c7bcb578f2b3bcbd63d1cce2f44ca02d7e3aae779733f990ff60b722_label_fake.npz,False,True
-aDPCjQeWQs_226_12_5c27b405d490bd37b92443b1c6765fdf2af1eaec096e6ce18f9170acb43cdd1324ae3207d4b21ba2614167ef0744529a66015102798ddad8c9c13af67eae8640_label_fake.npz,False,True
0MECuVsUHhw_100_2_57b304c25c9e9b9c692711dd240291dca3e0c1b11dcaf9161d19dfe1ba74c76b2f5fe48625126ea94a7177c02b2f75c89c063870857deb4dc4aa4ac0a1502a49_label_fake.npz,False,True
i52UkbhBaSc_21_2_a4a76115535203d52f6ffd146fdec48a0363deb9e05628e304d9d7ae51fd8e2295344498506a1c20ef7ec18c1e6c2c2c5e570c4057040e2319ae18c0d170fabe_label_fake.npz,False,True
J_ComKnl1hk_4_60_ef3492986a189489e0f9acae53ac907862df4e5da719803c15c72cdc5814b8a4020f7f55353b0cc6a664b5806909156b20b1112d0a941b235e98e10563117e37_label_fake.npz,False,True
tUGo_7dOEzU_13_1_52f0b11b4571a7c670fe631149eba1187dca404af883f4f56ee81e1c725270542bbecb7cf4ec0c1a5c8bcc8efa95c1bde06f08ec3077d23896f57b6e3246589e_label_fake.npz,False,True
dFiwhwAHNMw_125_4_6daa180b5a8f3703a86898bbacdda8bb2e72f7af44850881e1ee8d17b67bdea94aa26dd2a3d781e6ce1f91a44ef58856e95dd9949eebdc1c0393ee37334cccb6_label_fake.npz,False,True
J_ComKnl1hk_7_29_9f67c80184f75a777443f4635bbab429ab65de4bee7c7882f582a10c2cf37af7189c24ed893bdc75855e7a521b2fcb77d7774172c426fc8ea0344f395df27955_label_fake.npz,False,True
LcG3blUixo0_37_1_179de31290404c21cb681e479c76824f56b3539a4001756762e6631a20d53d275730d907c4ba7a1c9352d20a9d5b0ab84834a813e3df14b269797e67542ba4f5_label_fake.npz,False,True
pjhvih10vOA_2_1_4cbca404eeedae93a764273e4bfa0ce7008f172fa212828fe77587db34e72966df2ceac42a6ad4f28d3f644b4277187b172a4b9c942c1e943d56a4b435771edb_label_fake.npz,False,True
6aNWSCTS284_8_1_feaf3594253c300263dff21457ca310e07cb4a4d46490c659b30359219f7869092ac2f5dd260873615bfd858da554ff7ac0f5203c9cf673fc1652afe11716ef2_label_fake.npz,False,True
pAFOYTw1_a0_1_18_236bb93afead08fce9c081757984eecf74d27089b17a2f2f349e8696f697ebc20fd92595b911f760fe1e3b9096af4ae73c227bd9d0c468ddd7e11332ac75aa08_label_fake.npz,False,True
Ll8xGtwvH84_353_4_d71a03682ca2999b99dcc94d89a921e6297c14a9b712ddd868b8d87ec0f3da4c115e095b9b8d903c75a6c6f76468aade18d810c593fedac673ad66118dc1b31d_label_fake.npz,False,True
B4LwKKKbAuI_88_32_a4a76115535203d52f6ffd146fdec48a0363deb9e05628e304d9d7ae51fd8e2295344498506a1c20ef7ec18c1e6c2c2c5e570c4057040e2319ae18c0d170fabe_label_fake.npz,False,True
9ERmSCPCY5k_10_1_079564bd621fce68c93a5a77d650116e3c6416c2172db4a25bef0e4cd6f9b1fe61fc8ba2d89a2252f932703fb0ae3356a593b6ade4bf333fc454c3b78bedfb57_label_fake.npz,False,True
hdS30nnhNZo_6_9_1ebda36c79c7942d2d10a68236599dd5be279fcf6f17adb5e29923dfdb0044200b4cdb925434b6c19e51e539da6633d710839af5c9a07a89be405317898e5724_label_fake.npz,False,True
SzhK7Q-pY0U_1_76_3f7b3393320067701498b8a13269baa9f9735670bb80bdebbf9b69aca472c079476b4d17b61a64379605809777af9def902cf74542f9739d260216067765def8_label_fake.npz,False,True
eWj2-6q2ybk_211_1_acfe2b4f4b0ea83323b607be0b329fa14ad49f29e8dcdd37a346264fdf0590976fa17c56aaa90ad1eaad1f2d07a18186961a52a4c713086a0bdd8069c4d95b02_label_fake.npz,False,True
e_M_h01yhPQ_5_1_0ab3ca9d-2b9c-417c-b5cc-12c51adbff38_label_fake.npz,False,True
0gNj56kTibw_29_1_5073961b-c49f-424a-918a-03120bc4183f_label_fake.npz,False,True
i6fE1x3P2kY_6_1_ce90ce83-9a8c-4d29-8a60-bb7c30d45b8d_label_fake.npz,False,True
uf6AEUyJU94_230_1_2dfcba75-4bc0-44fa-9398-5c84ae6d2c2f_label_fake.npz,False,True
_gpi6HZA5JQ_22_1_eadb4690-3c8a-488a-9f8b-8ff67ad1c917_label_fake.npz,False,True
uf6AEUyJU94_12_2_14e0e800-e07f-41f1-a48b-fec9331d8c5c_label_fake.npz,False,True
K5nAHKJjWMY_230_1_c9bc2f83-d130-4643-a64d-176adc37edfb_label_fake.npz,False,True
faepaP1OAAA_150_1_0c8458f3-ed2c-4395-a8a4-4725a5480a77_label_fake.npz,False,True
7_9hY06BZQc_40_1_d38bca0c-4a5a-44b2-bd7d-57847aae2200_label_fake.npz,False,True
tEEJOZ20R_c_217_1_7fb6c981-6845-42ec-9e9c-1a22aae4b08d_label_fake.npz,False,True
VvyPZwhivKQ_94_1_9135c54c-d315-4bf9-b7a1-ac45d22b99e2_label_fake.npz,False,True
pTW6ocJKWSQ_448_1_24bef09f-1e46-4d38-999a-eddc41c6c7ce_label_fake.npz,False,True
-Z9yRh2X1Uc_23_1_d38bca0c-4a5a-44b2-bd7d-57847aae2200_label_fake.npz,False,True
Jz1hFqllPYs_17_3_eadb4690-3c8a-488a-9f8b-8ff67ad1c917_label_fake.npz,False,True
F1D_L94WDJk_0_1_0a021f2a-fd58-4ac9-aa95-27115a54603f_label_fake.npz,False,True
rMLfEL02QeY_0_1_7427c9e9-e729-423c-84e6-9231e0321e43_label_fake.npz,False,True
ItVAtewt1-M_0_1_170f811a-b468-4ccf-bebe-b30ce2779a22_label_fake.npz,False,True
1w0GbOsC8DE_36_1_d6e11e02-d92c-4ec5-9f57-c17ab5d5f932_label_fake.npz,False,True
uf6AEUyJU94_49_1_07259011-35fc-44be-8a5e-ea4868e4db77_label_fake.npz,False,True
GDq1isgt718_14_3_eadb4690-3c8a-488a-9f8b-8ff67ad1c917_label_fake.npz,False,True
8L3KpV8zS4Y_4_6_918c0f8d-23eb-4cc8-9d09-1ffaed4f0174_label_fake.npz,False,True
DZp9T_HelHw_114_1_5073961b-c49f-424a-918a-03120bc4183f_label_fake.npz,False,True
elNx36q2vLM_36_1_7fb6c981-6845-42ec-9e9c-1a22aae4b08d_label_fake.npz,False,True
2Ny5UJLpoxg_25_3_90712a1f-57d2-4c9e-9af2-5e66a6c21026_label_fake.npz,False,True
NN_GSU0aMzI_12_2_2240656e-d878-4857-ab17-69c4731e23d2_label_fake.npz,False,True
2Ny5UJLpoxg_1_1_401ab900-7ee1-4e38-a533-a491a6ff3cbb_label_fake.npz,False,True
LTXWPfNhXzI_14_2_14e0e800-e07f-41f1-a48b-fec9331d8c5c_label_fake.npz,False,True
sba-i5-e3WY_3579_1_490608c4c27cfe26c6f3a78405e6b809f151a1eca24eea58498d56d11605a3e2ce3848bd2f42a3d92632e8880d6b27b9b395682dbede6508f170a9e9fa266cdb_label_fake.npz,False,True
dNCH3eXEwB4_847_1_afac80fe6c15fb7621b821ce61325da9c78478e28603336da508d7ff43a3252318e6a0f95832780cc16b503b9d327adc179e52fdf0e87b4e5e8995ac25910a21_label_fake.npz,False,True
O0nL5vRlcfk_663_1_04af6dbda80ed5efea74527c9014aa4b16c5e88c5b8fbf642cfb369c482679a7080b199c1771c75279fa797dacbb5b84bff44143276aaddd21a1484e5985e7c2_label_fake.npz,False,True
jV2pjBg0srU_900_1_069bfbf1463384906e89e5552357c0c3eb8ab39de3dd753ff861a3236fbdad93c3ed0d90c594798167875e4f0757b6ad763e553cbb69f1d6a5f85c8c81a05af8_label_fake.npz,False,True
PqumaD82tcI_356_6_da454e0410ea13cc362483595bd2fe63e4df95016c18a0a0ed43c196f06efec628a946fc0c6679cae3969e4776c12501134378459417a185c182c37c975b4e4e_label_fake.npz,False,True
VifDzyPgBNg_317_47_888f2ee0862bd62c87723c3b174d5161129f017abc9f8344bb879e0fd9fd09d49f50afe3b0865da97e6509bf3b5ffafe5a210a192dea5b55d82628a5df678ecc_label_fake.npz,False,True
PqumaD82tcI_219_28_a640e7bec1f7492ad916307b7a89d5df65ab97d9e22d11be70651d1bd12577a405a2d168d59969b4e1a40fa77385e9e97a4878bd3b66bf7f270cfd749769aaf2_label_fake.npz,False,True
mu11jOqHkrQ_1_1_006fabb7d2d2421d7627a0467d48b66ca8e10aad2f16e228ce6ec72bd736c00e7ce043d1e1dfa77f36ef1ac68ec56abfd0790018e90e34dfe67ff101000e4c22_label_fake.npz,False,True
KKeGv-ny-kY_391_1_cfb07d70593ae4a2efbc6ea65f6a8e47221c59af1f66462e8c0b3123c813257e91754ac8fead4d70bfe0070c51a3dd41ed960e6cc5a255f87c602d81378a5dc0_label_fake.npz,False,True
GK9gq8WEHA0_1381_1_e5fdd86884848a3c37d41fe3e7a1568addf725ced6211b31c9b0bd68667e9d5d19702f6d8a195263fee241cc54ada66ca706ff546d29214002b7cc2c56682ab0_label_fake.npz,False,True
PqumaD82tcI_174_1_b6d4554398c0521f33cad04398c7614604e5ff6db94d5fced4ffc9946a263a1fd83117f0a4c3bb26a069599b0f3fae01e01f660a09b6dde3bacd7c86152aa1d3_label_fake.npz,False,True
WxdaDqICMP8_622_1_d158484bab1d1aecf49bd4752426217aed98ab54bbc08e391ba4211afad86c4cc85d1ff1aba720dadc31de85afde4efa27ac831d82e41b2fa83bcb21c69b0909_label_fake.npz,False,True
VifDzyPgBNg_757_9_531d9504bf3710a2d32b085272eed0aa17d7c447e8989036d09bca554f27952612fec2c9979d769a1be7d5e1d3c4dadb753984c4fd0a70742f89345fe8e0e020_label_fake.npz,False,True
MxlocFNdoXg_166_5_de623677a2875cc2f11361f109f1156ccc45b49a6d14f48e0ede8e72ef99883d1d849a716a92624ec267fb8843b1f3c269007bbd9d758f39a066ba9e4d572d90_label_fake.npz,False,True
GK9gq8WEHA0_807_2_da454e0410ea13cc362483595bd2fe63e4df95016c18a0a0ed43c196f06efec628a946fc0c6679cae3969e4776c12501134378459417a185c182c37c975b4e4e_label_fake.npz,False,True
jV2pjBg0srU_447_4_fc6de929918c8de176a0174ac4d197c6c10273ce120d4197766183bb73f4f8e85213caec34c05f56137334d28db60f6120351c88e99a749f437e917b3bc156ed_label_fake.npz,False,True
Nz7QfvnRkuE_906_1_b271b0942536be9b385ecac283ba9754be1f1c3c1320fd6262311065ab29dc244c6cef18dc42bea10a2b16693519267d052d982080867fab23c3165eea8334ea_label_fake.npz,False,True
62ywI44YAxQ_92_1_862fd71fc4026017343e01a30fbe9f8eddae057d7e6afdee759b41ad7e5fbdf8ebd64042d57700a54ac47ee91f5cdccb90383aecdd3482ed4d5c7358f80a3502_label_fake.npz,False,True
9DTxDmLwFb8_1350_22_1b71df36f4bef7de897271e79f899c26d4de6200d70ec5263385d3840eebc48ab4221346c722c1e8828f4304aaa34a255e37fdd2275eff9f411a79d4b114d229_label_fake.npz,False,True
9rjQ5sfeUTg_out_255_1_86ce8b78dda5f59b0c52ac2e1e6854179937e393a42cf33f2abe931217dee6757aa04df71a2beb4a65f882ada60e1c20d21341505496c7bc52e403f6f012bc04_label_fake.npz,False,True
VifDzyPgBNg_331_3_531d9504bf3710a2d32b085272eed0aa17d7c447e8989036d09bca554f27952612fec2c9979d769a1be7d5e1d3c4dadb753984c4fd0a70742f89345fe8e0e020_label_fake.npz,False,True
jV2pjBg0srU_683_10_55e5ea07bbd6e1e54ac5ac972bcd4d390763267fa69bfd588425780bd8044217f7bb6736bc1c3872af95244db5d49e75fb73aae2656229ee90041b0ff7543545_label_fake.npz,False,True
sba-i5-e3WY_3832_2_02405d4603a881a0c1e13de949794f8252d1797f835f3f65ce063e01a3b8eb2457b73e2e78605d46009f5e036423473a0a34187614217632f1913fcdfbd1b34f_label_fake.npz,False,True
L8Bp2IMqp5A_2_1_80d90a73f72fc311202bfebf64c52334221de05b3e0757e6620b06694345585d81d943cf2b22d57232cb31b8045eb9be237e83b5e8de871b2ecdd47ec9a80114_label_fake.npz,False,True
9X-SE-3CPw4_768_8_3a67e258b683a93605f1d196c0db5789e00ed05652fb86aafaa3da6da1c31bbdc79bd14c3b3f4d2cf2cb825e444b859769628b97f41ebcc373c238ceba2da97c_label_fake.npz,False,True
PqumaD82tcI_293_14_e367092337eee68457a6bfb2e79a824aac31cb865ac3161f9e9a836260acdab578a2ec33d9ec1a4cbcc2cfe7801ab5bc8db466685f7de393bd75608992b0325f_label_fake.npz,False,True
VifDzyPgBNg_217_1_dfdc608b73d04756629688c121f7f6a7bd234f66cad03997515107ccc8b99ff88aefba0e32cc9ff73e1f27f801f92f31319b8027a9113df24ff5db390446e5de_label_fake.npz,False,True
9DTxDmLwFb8_832_15_41448b1f18e7526a07f7e942ea991bf4724abe7442c5aa801252ef90a870e69bc502f3cfd05399f25c10052d24d2aceb0eb7d66f0c4fa428f9e15236cddbf8ce_label_fake.npz,False,True
tgWpcB36m-Q_36_1_22d623d6c5587fba817256b52840e2aa99b8abe47e6ed55ad40b385ac459180e2bc4f32f2a12fb381c6251495c4811c15790c3e300f89bb54b4b6a1aaeb0421c_label_fake.npz,False,True
Ee8o538xFwE_720_1_f28017cdfa0d75d680936c219084c7d81235169b1bd64d8fb0448ce5554100f99a9e1d65591d2ec357c228bb0c28c3dceee004077760036e81578e7cd0db98f6_label_fake.npz,False,True
vExEOy-9eF4_10_5_b06edf2a-be93-4b67-8cce-b890b35594d6_label_fake.npz,False,True
eIt57YWVTck_288_4_fac0e0620a2a168767fac7877778ba19086a86e38d25aee89579c84d16860079cc6ff038dd7cbf1893caa49e3f75eb966a06404e0ea9dd2f72725084fd5e9ff0_label_fake.npz,False,True
gEpZTuQhcuA_335_14_ee368035-ea13-4842-90f4-5c50dfbf1a7e_label_fake.npz,False,True
btSL5MQfYjA_234_2_5472658c-e935-4a7d-922c-d33611b91134_label_fake.npz,False,True
1aIMkhQHGO0_11_1_5e74185b5d7c39934c59e49f7b485a0e5bb4fd21363e1b15c7d584cc9f14750c1a5b32583f1df1de150f05401528cf6c8188f5f2dba6422cdb21886529dd2bda_label_fake.npz,False,True
KLyiFfWtoPI_657_1_b20852cd13badfd3c1615f3c405db2bcc8f65723de59d8fa69bb56171afbf3fae558ad4f1cd4d6bc19f4c89d3c6ba8c7e3736ee3125939bd00dafce86da0d5da_label_fake.npz,False,True
1aIMkhQHGO0_3_1_26d0398a-3c2d-4e99-86a6-89de0306ae48_label_fake.npz,False,True
KLyiFfWtoPI_562_1_944444cf-3002-412d-bdaa-a78873058217_label_fake.npz,False,True
KyeC6d6MTSU_195_1_e23fcbfdbd4639b11c95fb4c8fb94d4b8c576234203af247a6aa4e230e0247e37085eae1fa5aef4832e68cae29d165e45ebccc16ea830d43827c700877602c72_label_fake.npz,False,True
wf32v1liDSQ_2_1_eadb4690-3c8a-488a-9f8b-8ff67ad1c917_label_fake.npz,False,True
Ee8o538xFwE_366_1_236bdda4b44e7173043672371ba47bffb01b5c9afcedc1bb1214edfbb6e4c9bf32e63ab83f9580c345d1d1a544cdbda3cb0a7b7150627d2b589fbedd12928262_label_fake.npz,False,True
0mnBxMvTbts_5_1_66b11674-be64-48af-963b-8bbef4136a04_label_fake.npz,False,True
KLyiFfWtoPI_526_1_a8447516-1136-4856-8cd6-52333ce053e8_label_fake.npz,False,True
ldI1peHBLa0_195_4_077a1c2f83ddbaadbd15d0e4b050a98e23f2ff53ce2a1c2ba036b6cdd4accbe46578d5943ee885d9aeafe2972d70ce1da15e1428274c9a6479d392bb40fb950a_label_fake.npz,False,True
tf_pzTBKuFY_410_2_53da3a00-8c41-49a9-995a-f070ec8aa8f7_label_fake.npz,False,True
ldI1peHBLa0_43_1_24d48acd09b057867118d9f1558fd2c6045be3b39a4ad535b6ca8e790236b0d066361070524a87734186ce152874a8b8670d893f477f95f6c596acdb8b96224f_label_fake.npz,False,True
F5pWQReu6io_549_5_70fdaa18-f24a-4637-8e98-d425c9d6d4e6_label_fake.npz,False,True
ldI1peHBLa0_47_6_bcf9b311-513a-4618-b63a-d0d8a41f3af6_label_fake.npz,False,True
qv45xE78kx0_258_1_c622b811-4d89-47d9-bef3-79ee7de98762_label_fake.npz,False,True
uwUNgTjP7Ts_32_1_6aa4b8d7-8755-4a0b-84d9-b8f2155550ca_label_fake.npz,False,True
mOPffKIq18w_149_1_61f4d2fcd897621a1db8422bafe2ef51cabafbf83a6a39c5a718ed46de7adfac6d1d4b653f05d3e0888ae141c4ea27b821041dddfe74d1cb3c39f6fca550a1c8_label_fake.npz,False,True
hlgbJ-9GE6k_19_1_9a44893c-749d-45e0-88c9-ac980dcd93ab_label_fake.npz,False,True
LGd_iDH5tU4_5_130_b92b86e9-0f00-4e34-86a9-4cd561871aec_label_fake.npz,False,True
SabGmKoEfYk_91_1_8f44672518c4ceaf145d437b16844eef8a019f7d0a9e35174c5335901be2849599b8e2bd00d78db77dfadace67db6e702eb1fb92f5612a534dd1226e69f5f2b1_label_fake.npz,False,True
vAQM3cPJxSg_16_1_5ae14cef9b5ae03444d80e9a85021130f4c28d26874404429c7cdd4e29690f783f9b051279af28d9ff10fb7a90b23fad1059eddef9714fddda8a4e70efa16dfc_label_fake.npz,False,True
ldI1peHBLa0_175_9_4829ea6c-ed55-4a47-8ee3-a3ea5092ad4e_label_fake.npz,False,True
y9BVPefouIs_2703_4_ecaa6ed7-2d9c-44d5-bfe5-92bbf26cb41b_label_fake.npz,False,True
dTeNSc1Sp28_161_165_fc3b87e39142b5fced5eb2422f0f5277bdf471c8865e9a233c413e9271695f8e33e209c8b52065c951b7b4e8eef446a928074b5e28b9961a6f4c6cb9849325c7_label_fake.npz,False,True
IcAV5qiko8M_119_6_4423514fa51943a7a32bbed365f479687b108270c71c3b0691032ccbe7073cad303e3a9d84817c1b5b230d0531827b87a9e384b98fa2ccf8d892232e98b00f9b_label_fake.npz,False,True
-mMaHBtQ-DU_20_1_85da687977ebe2951514daafb325c5a1a2b47a87d0b7ba80c96c1381b9d58861dee3e20672b62c479b8eb2ed54e4e1df90c485429031f848f671cd89a918333a_label_fake.npz,False,True
6l6NFBuOYjk_159_1_c1ba24ed64fb3171113fda43013f2d59d15347769c39f0747946242c75e507f91cea92fddff6f4a542d69544e942a0382319018603b700a147bd969adb45f621_label_fake.npz,False,True
AsrSRZTj2Tk_121_31_0a324221df8791800c358ed2fbfba4e8754c9dac05bd731ef6b7efb001178d987bb0d68a8697b58f5750453e0b5dff0baea31d445d815e77f3678eadb05a7c38_label_fake.npz,False,True
RTANgWdCuMo_1353_1_4514ea2fcb3fa3f830b3113d5c1651934141201799121381737cc3b3685f18c4116369d29eade71755263e097b8e54ef1913fb386759d34d0300a8f6d26e3185_label_fake.npz,False,True
4E06roNBNx4_19_1_03da017be4dffe4409c79005842b51cadfaace30ceab713c4855d66225ee03c528f6d8d3336616ee89c195976e69fd11dd52888dda7692bd7966bbed17386a33_label_fake.npz,False,True
1aIMkhQHGO0_38_1_bad86453-fe34-457d-b49d-b996fd601f45_label_fake.npz,False,True
WimhDf8VpTA_130_2_6fc9b55f3e268f0ca50c494d4f8089b773655df99e0bca98466e4169e026b957992cf60f59bdc4a7cf8026d889cd8d2152d4d4b30543d097624acad4bee702f9_label_fake.npz,False,True
SabGmKoEfYk_40_1_b7f60d58-8a64-492e-b9cc-77bdb213b08b_label_fake.npz,False,True
cyyeokhRDgI_777_7_07259011-35fc-44be-8a5e-ea4868e4db77_label_fake.npz,False,True
ldI1peHBLa0_203_2_f8c0e946e7af7735dffc27b2650afcdbf69adfbf870e4ec5155325950d90229237a3be9ebb664e00c5815473de82de7383f38e659d1ee4e33d408ce37310a946_label_fake.npz,False,True
xZT8cNQCq2s_45_1_0118ae01-24f2-4fda-8249-aff3c49e5a26_label_fake.npz,False,True
LQwbKBaau9Y_68_1_bf9c82e8-6a77-4151-84a6-97d7517ce9c6_label_fake.npz,False,True
66hZVQIWCEE_107_4_be5b9ca5-75f1-4599-bc3f-7e5318339509_label_fake.npz,False,True
lJPnnQ3ksWo_52_3_29800dc0-d3e8-4033-8447-e8a25e416d11_label_fake.npz,False,True
wXODvu8UfXc_8_1_d0c69511-1a11-4f6c-9b68-4a01cd0180c4_label_fake.npz,False,True
3OMfB1MRAig_78_10_367809bd-f8d5-452b-b951-fc368af7af0b_label_fake.npz,False,True
P9rEtDiot-w_100_1_5cc5e7c4-db87-47eb-adc7-54964f3d1fb0_label_fake.npz,False,True
YbnS39GAcQo_305_1_e243c2e8-21ed-4f3d-8df3-efd35a2f8532_label_fake.npz,False,True
b0Z9IpTVfUg_31_4_d5763ca8-9494-4184-b1e9-5ba8bf016b3c_label_fake.npz,False,True
W64VZ5zCM2U_33_1_9f0a0b11-3aba-41fc-999f-7f233b0f4e9b_label_fake.npz,False,True
I-B_Oa6_eNU_1_1_16a1fbf7-cf59-4dc9-a458-80d69ffb34c5_label_fake.npz,False,True
SNHUu7YkNjA_150_1_434326aa-6759-4833-aaef-6b7b7cbdf44e_label_fake.npz,False,True
V3Cav6WhwZc_0_2_b0f55d1a-61f3-4220-acc7-bb924224ed89_label_fake.npz,False,True
lkMV6SxilXc_86_2_1fb57f7e-a839-4def-81a3-ea493d2bb32b_label_fake.npz,False,True
TkpyR9VBwTs_24_1_b2da3583-00d1-41a4-a9f1-512b133c9210_label_fake.npz,False,True
7N-mvmbeX2Y_330_3_a1925a07-7661-4a9b-8d1f-3012d96bdf07_label_fake.npz,False,True
VJGVR9ECWhg_23_1_41f474ea-f96a-46ba-8ecd-50f0be37e015_label_fake.npz,False,True
9TFi9Zo4FJc_52_1_a72ed983-a2b3-49f0-9c6e-1d5d9be2d518_label_fake.npz,False,True
aRhkxaF7cO0_20_1_6ff52bc1-30d2-42b0-bb4a-33791d363922_label_fake.npz,False,True
4FT5RYuifwE_47_2_0a5cac23-6cdf-4c40-a36f-478154f855bd_label_fake.npz,False,True
KNEGWrD08f8_39_1_3831097e-e5e6-4e97-851e-931dbb59e80a_label_fake.npz,False,True
QokRiSc2AHE_37_1_eed27cca-e5c8-4b3e-a56d-206bb80a1126_label_fake.npz,False,True
ff154AYIysk_52_15_1144456f-09f3-4cc9-b0d8-34065313f13e_label_fake.npz,False,True
lJPnnQ3ksWo_158_1_6ae5f4ec-d95e-4d8f-a4a6-d23621bf4d59_label_fake.npz,False,True
LQwbKBaau9Y_235_1_f5c4bbe9-473a-47e7-a950-ed30063ffb7f_label_fake.npz,False,True
99LDOZtE6es_46_2_40bd919e-58e3-47c2-ab09-73e6a6f70a12_label_fake.npz,False,True
L3q9lrr-8XE_6_1_9dd6219e-ddd9-492d-8d13-d43813bad0cd_label_fake.npz,False,True
647itg-A_aw_40_2_4224094c-c2ef-495e-a293-e87afb132673_label_fake.npz,False,True
kPMxp9AWEOQ_43_1_452c7062-af3b-401c-a98e-cec4d69bc01a_label_fake.npz,False,True
cA6bhAuQDVk_231_1_ba4124d3-27ea-485d-bafd-314a74b74e12_label_fake.npz,False,True
orD3vsEyGdA_42_1_ecb41622-7f69-45be-a4ed-d2cd39ce6dee_label_fake.npz,False,True
kci4NNn09po_20_1_944444cf-3002-412d-bdaa-a78873058217_label_fake.npz,False,True
iJ-5uw3xtd8_71_1_36b71322-609d-4baa-83dd-08e716878bae_label_fake.npz,False,True
1bKa493VnVw_220_1_c14b7ac6-3a0d-4d10-bf54-ca6757841a00_label_fake.npz,False,True
WjMuIWoYKSs_5_1_5f9da37e-5ce7-4a91-ae7c-e991df6a740d_label_fake.npz,False,True
sJai0cem3jQ_615_2_8962bf55-1153-43b0-872e-28775c881c23_label_fake.npz,False,True
n8DXfKivV5s_2_4_97c77c87-386f-41aa-b5ae-b25ec8baed19_label_fake.npz,False,True
_UpirrRkPZI_359_1_c0942ded-3637-44ed-9eac-fffbbe59d463_label_fake.npz,False,True
b4rtVFikc6Y_1677_1_e660d5e7-74a2-46ca-a530-31fa1cb8b4ec_label_fake.npz,False,True
8GpRabFxLWk_281_2_796f9038-21cd-4ff5-b258-57516e357e3c_label_fake.npz,False,True
AuChjLH9pAA_33_10_4b2e52a2-5562-4232-a370-a715a474f6b9_label_fake.npz,False,True
LNn1IW-5-rI_0_1_8962bf55-1153-43b0-872e-28775c881c23_label_fake.npz,False,True
sJai0cem3jQ_330_1_d6b0a0fd-0d20-4855-a2fa-e621da858489_label_fake.npz,False,True
zJ_VT04DryI_1190_1_d9aff0f1-66b5-4c30-b632-93dcbde76386_label_fake.npz,False,True
Q67YB87tfWE_62_7_20663c60-0b9a-4680-a24b-06c299e03c6a_label_fake.npz,False,True
awYvLQ53n3M_79_3_4993dfba-1320-4391-bece-6afc5a477a82_label_fake.npz,False,True
GAw-vEk3Fys_1639_2_e947d9b3-b728-4fb3-8afc-8b3d7d656011_label_fake.npz,False,True
0C0G4BT4pzQ_133_1_123ad2c7-7f96-41db-8f5c-c4f6bf766fe1_label_fake.npz,False,True
BiutERE4Jgk_329_1_50a94732-7918-4da7-8871-b10ad7f6f02b_label_fake.npz,False,True
BiutERE4Jgk_860_1_12dc8bb2-39c4-418b-994f-5f587916c3eb_label_fake.npz,False,True
qHO_Dn73ZRY_14_1_25b48eff-41bb-4ee5-9583-31d78953c782_label_fake.npz,False,True
FfsLl48yd88_179_15_db5284de-a360-4cab-a56b-5bffd00b0167_label_fake.npz,False,True
j1VeIEcNIbY_72_1_2c6006a0-c464-413d-b592-5dd8808413f0_label_fake.npz,False,True
XcBujh5E4mU_0_1_76e7df4b-ebc8-4cde-ac00-9dd8a44fd122_label_fake.npz,False,True
-8ocXGKuChc_81_4_9e75ac0f-6728-49b4-ac3f-5c3c22dd6944_label_fake.npz,False,True
lyC3ISVmpwY_410_1_73ddaa74-5386-49e6-8eb0-07d4edc7ef29_label_fake.npz,False,True
7eUMXPSjWNI_12_8_dd20b229-400e-48c3-aa3a-a7a8b7aae596_label_fake.npz,False,True
7eUMXPSjWNI_30_34_29664170-1be0-4d79-b072-07a702370e20_label_fake.npz,False,True
2BKokh3MsQ0_53_1_2283d87b7ed4c3115661b72d88358e00d1a3de116a67d2e8cdfd1d0b574a1ff7414d68d37f7a165a758ae1a5e734b57865e0e3ae52c5ecd1682b6f1b066cf425_label_fake.npz,False,True
zyEFcNYytCI_31_1_783931abcb303ee16358ff4ae350c72cc3504c31a3b011b8f2469f1b586ba73f92e9da756385c2a60398b9943f826fefc3202f036bf7d22d8fe9645aff697192_label_fake.npz,False,True
d3HzrFRMQ-s_44_1_2e309a24929d92ade5e3aed37cb43232c0ad9a3ee0c5bb52e72d303449e27491758a0d84eb51a71e93eb8bdf3cb86c91ce81cca620c031fb4b2b5cac3aa0f8d1_label_fake.npz,False,True
KRwnkBc5OJs_0_9_1de7f11ad15259491ed04febd0138ff0ecd842b34aeaab35200613adac90e1e04f1e0c7aa4f7ac6ae7bad16d6fb38313070f90b6c965e2469b0daed97af1a941_label_fake.npz,False,True
eUOLg70FT2M_460_1_061722981f77054421d946c6b7189f44063488f62b22e9b27b45bf8045be63248bb2d24109252264677011c696b9ceb5a7571545a77cdb823788cc6b3bd1b7ea_label_fake.npz,False,True
L36UzqXOjcY_14_1_783931abcb303ee16358ff4ae350c72cc3504c31a3b011b8f2469f1b586ba73f92e9da756385c2a60398b9943f826fefc3202f036bf7d22d8fe9645aff697192_label_fake.npz,False,True
ntGTvYmCcHE_16_1_3fbe5bd221633ba4fd33019608c2ec18971dcd598787508c5493a957e76effd1e8d3dd452997b10d41fea9a9f5109f322639fb58fe46d18a5315361320ab8b29_label_fake.npz,False,True
d3HzrFRMQ-s_107_1_82d8da5b20bb6189376fd7d308eaaaa256bb32c6cdb96108caaf3a32b203ddfe2c49122d0b86de364d0196832a3201959020c26798d434a73d616a7858197f52_label_fake.npz,False,True
V4ky5dwCLUg_361_1_243b92841e9043c880193147c22d123a042302bf44bdfa48463eb8e56f5cc526456de6376d547273b08a9e8f70c296061adc1f753e69117da6d070da31af2f89_label_fake.npz,False,True
aEJY8qrqB7M_31_1_2ac9a8f9effb8a010f6529f9ff440a0fdf3fa0c16e6aff6c586330ba34be8819eafa112f6c8eff79f429f5234963ee6582460d947d5d764bd9294b98b91248e9_label_fake.npz,False,True
zd9TNPVVfvI_50_1_d5b220ece8e74e27e79b186e6af9acd64537b2ff3f51fca7aa303b4d1b00253988e06dfc4c48dcc89428902d801282ccd05fe631b61fb800d12f65fa07866539_label_fake.npz,False,True
d3HzrFRMQ-s_65_1_783931abcb303ee16358ff4ae350c72cc3504c31a3b011b8f2469f1b586ba73f92e9da756385c2a60398b9943f826fefc3202f036bf7d22d8fe9645aff697192_label_fake.npz,False,True
eUOLg70FT2M_449_1_f19c513caab1c2f927df0cd2b8a676bb9adec59a16fa275097ef3bad141e1c3c4c81a6da178d85f913d8d166df06b66f6d027e1b1c534cb10cb7290172733dd4_label_fake.npz,False,True
hT1KUqL4PaM_499_1_061da964212ef923d623062d4097c80b90e8ecff2b9427561deda2b4d2c53b216d58dd2925f9ab5e25e5448b20bbcbae4cb67e6129b03163d2bdd49e85d4a1f3_label_fake.npz,False,True
GzgrDG90-YY_14_3_bd8b62474fcd71e8314161ba63f63de2dd64cf12fbef4a358592a55da5f03672e162b7c4daabb7c9dce24407d113047ddfb7cfe3f63627e146affabc4a212d72_label_fake.npz,False,True
d-3eWru8Rhw_62_1_742c01cb86c95616c9b91ae396781b73f9829c0e021581aa4e0c89fd945c67ba08fc77a998458ddfab56cc5569426ffd779148c20f6709fa29a8287a2d5279c5_label_fake.npz,False,True
ZzfsQF3ig2k_329_1_14941de1de58c50490831267090037c1709c355044e99809ac7738e4add4e94524e4becdb8448bc3f39dc612664cf1988c8fa3858d9a0d8af9376e90809f4001_label_fake.npz,False,True
xIMS_-reEco_173_1_9b1f6fa0808afdf12aa680a24bcca75e8508ee44b4839922cc70e11127f3954a5c0da62fd6572af01785d8789545bc0cc3907cf7d3b7393547b2492eed49de68_label_fake.npz,False,True
7HZ7W3C41hA_33_1_8c97d3aa6dc2d33e24439b51d48b04e2685f87806f718453e0382720d114a3daa2c6b40c676281eac17e752e2e869390e0b02b736b3f85727bde15dce6286fdc_label_fake.npz,False,True
VuHRkRk5Y0I_1_1_07a29c6781b83f68bdb76f80647aade9786b3665f977b9040fb7395931faa14b9a0878c16d444ddee649019d7a03a10aa9159b57879d7961d489ea913e9c7a1b_label_fake.npz,False,True
gz-PPJGb0Fw_8_1_d647b73602a3a0c1b06f282a612c29eefc6a7e372bc8af212a41f481843c23a975b41ca402f06ecb7dc660d4dd22a814f7659b48da7dfd28c02a319032394da1_label_fake.npz,False,True
gz-PPJGb0Fw_14_1_a0313aae2956e41ea940591258d002fdfc3fbc2e5852df52de887d916c68f35aeee6cc733414b36a239366b9b093222bc41f6abb3dd1763510e7a22934945b00_label_fake.npz,False,True
V4ky5dwCLUg_79_1_50c6bfe4f3f458aa23b34a1a9b3a478086d78f6616af0b80aa5f7d3f121b7a52c1ec484422937ee4c78465ff237bc675d7e264c61aa1af0128478af1c1fc60eb_label_fake.npz,False,True
gz-PPJGb0Fw_11_1_c79c7db7ab70179acb0449da4da23f91a90c866a6838fe86c1e3044a354d161c6e83ef0acf18ea7381eebaa766f124f83b17e7bd11ea00e17eb3c89ce3cda6cb_label_fake.npz,False,True
QpbPUAQ9GxM_2_1_f19c513caab1c2f927df0cd2b8a676bb9adec59a16fa275097ef3bad141e1c3c4c81a6da178d85f913d8d166df06b66f6d027e1b1c534cb10cb7290172733dd4_label_fake.npz,False,True
hT1KUqL4PaM_342_1_9993b1f5ad2b7cc611fb718918f53395cc69fdeecf2a6a2b5b5b0ffb20e31ffecb7359d6bcc7f682c47ca4d18491eda03b047be133f9ed8182d1d1475951030f_label_fake.npz,False,True
MATJqR93d5I_21_2_faa0ecc626e80638016d6295b5018372b8567f5f3177f68039e8049b12b555163027f6ebdeb13fd1771de64bb828ff4ff7c28d3258976a05da6b8baad061aae1_label_fake.npz,False,True
v3QirpCH8PM_165_1_5b3a540681c6b6caad1ac7ada55fafdbeda01c14208a9e161c36f015ffc757eaaa3693c1f26c41b944f81b18b2c775d96da1e5197fa5a261b675052d03c89182_label_fake.npz,False,True
03GPqk22j-w_233_1_30ba9bab-a647-43d6-a250-a6004d736d55_label_fake.npz,False,True
Du1SKO_ri4w_70_17_33b83807-b656-4801-9f84-b5f4a4d772d4_label_fake.npz,False,True
NEEN8fSBuWI_386_1_2e362171-60dc-40f5-b348-8b5acb7d8a4b_label_fake.npz,False,True
u-X671JqQWA_62_200_35c70f50-82ca-4156-a58a-bc7361d00cc2_label_fake.npz,False,True
30CXCDECyG4_1080p_176_7_6ffcfa3f-9115-4249-899d-63d861692de8_label_fake.npz,False,True
Tdgb6NvUjhk_42_2_e4f3e424-41a2-4366-a274-6d0f0e6bad2c_label_fake.npz,False,True
JFBVpNgehIg_1080p_102_5_889b86a8-849e-4787-bcac-b28498aafe37_label_fake.npz,False,True
WYP2eizW7gY_130_6_30ba9bab-a647-43d6-a250-a6004d736d55_label_fake.npz,False,True
y_H9JEbn-XU_164_1_7bb7354f-ebe8-46e9-8f03-7a78b6a5497b_label_fake.npz,False,True
lXXCH-gBGzI_64_16_ed851225-f8ba-4a30-9715-ba65a2f5e3bb_label_fake.npz,False,True
6naugGonRkE_1080p_102_3_4b5ae5b5-7420-44a2-8042-02f22e8d2b0a_label_fake.npz,False,True
T47iIAEaLmY_1080p_137_9_889b86a8-849e-4787-bcac-b28498aafe37_label_fake.npz,False,True
H1ajK1qLRWc_1080p_75_1_0162a1ad-b693-40d4-87f1-a59ebcb339e7_label_fake.npz,False,True
u24egzL00g0_671_4_20995a78-b8e8-4d52-87d1-7a88d8054046_label_fake.npz,False,True
UzfVjgZKjro_1080p_97_13_bbd3c409-edb2-49b2-a105-a1abc7ec067a_label_fake.npz,False,True
Je9hLZKYTz4_93_8_0355b3bf-1012-438f-ad94-38febe47e89c_label_fake.npz,False,True
cMueCZNhQW4_125_1_d7d7722d-0815-4b6d-b78f-4246bc4fdc64_label_fake.npz,False,True
FGAyYl3ZICw_79_1_7964fe14-4905-46cf-9c67-16c7083e579c_label_fake.npz,False,True
SY_xV-Raq3A_1080p_114_1_9ae6ec58-1283-4ceb-8218-36be07c7daf7_label_fake.npz,False,True
E7lIbmnQqgU_429_1_7bb7354f-ebe8-46e9-8f03-7a78b6a5497b_label_fake.npz,False,True
Je9hLZKYTz4_72_21_755fe992-3641-40d7-b679-ea63dce7f3e7_label_fake.npz,False,True
OpitcLEYak8_1080p_48_6_0355b3bf-1012-438f-ad94-38febe47e89c_label_fake.npz,False,True
H1ajK1qLRWc_1080p_53_1_bcb94566-1c37-4edb-ad61-c01dac172a76_label_fake.npz,False,True
cMueCZNhQW4_138_1_292977ba-de5b-48ca-91c6-cc93e179a4ba_label_fake.npz,False,True
q__LT1Js9gE_1080p_93_8_4b5ae5b5-7420-44a2-8042-02f22e8d2b0a_label_fake.npz,False,True
WYP2eizW7gY_226_2_8cbc9f84-b2a0-4259-8d25-75bc3fe46032_label_fake.npz,False,True
apnde-Dpq8E_1080p_114_1_ea88bd1e-ce84-4f21-a9d6-eb913cb10b5b_label_fake.npz,False,True
i56Klb7z3Pw_731_1_2e362171-60dc-40f5-b348-8b5acb7d8a4b_label_fake.npz,False,True
hR6MLH3vp80_1080p_292_1_e6215410-78fa-416b-9dd0-491564554f80_label_fake.npz,False,True
b91138b2-0fde-11f1-857c-ac1f6b8d2e48_label_fake.npz,True,True
ba7edd76-0fde-11f1-857c-ac1f6b8d2e48_label_fake.npz,True,True
c8faf9ac-0fde-11f1-857c-ac1f6b8d2e48_label_fake.npz,True,True
16b2cd14-0fdf-11f1-857c-ac1f6b8d2e48_label_fake.npz,True,True
333aefb6-0fdf-11f1-857c-ac1f6b8d2e48_label_fake.npz,True,True
344fb148-0fdf-11f1-857c-ac1f6b8d2e48_label_fake.npz,True,True
441bd084-0fdf-11f1-857c-ac1f6b8d2e48_label_fake.npz,True,True
499cb7e4-0fdf-11f1-857c-ac1f6b8d2e48_label_fake.npz,True,True
7b89f082-0fdf-11f1-857c-ac1f6b8d2e48_label_fake.npz,True,True
97c7f58c-0fdf-11f1-857c-ac1f6b8d2e48_label_fake.npz,True,True
aa21f49e-0fdf-11f1-857c-ac1f6b8d2e48_label_fake.npz,True,True
e1ede09a-0fdf-11f1-857c-ac1f6b8d2e48_label_fake.npz,True,True
e332b688-0fdf-11f1-857c-ac1f6b8d2e48_label_fake.npz,True,True
f1e3cdac-0fdf-11f1-857c-ac1f6b8d2e48_label_fake.npz,True,True
f6b61948-0fdf-11f1-857c-ac1f6b8d2e48_label_fake.npz,True,True
0df43f4a-0fe0-11f1-857c-ac1f6b8d2e48_label_fake.npz,True,True
2e52d954-0fe0-11f1-857c-ac1f6b8d2e48_label_fake.npz,True,True
2f554774-0fe0-11f1-857c-ac1f6b8d2e48_label_fake.npz,True,True
390fc5fa-0fe0-11f1-857c-ac1f6b8d2e48_label_fake.npz,True,True
3af3ba3e-0fe0-11f1-857c-ac1f6b8d2e48_label_fake.npz,True,True
3c302f22-0fe0-11f1-857c-ac1f6b8d2e48_label_fake.npz,True,True
62c711be-0fe0-11f1-857c-ac1f6b8d2e48_label_fake.npz,True,True
6adc37d0-0fe0-11f1-857c-ac1f6b8d2e48_label_fake.npz,True,True
6dcc0830-0fe0-11f1-857c-ac1f6b8d2e48_label_fake.npz,True,True
7950fe40-0fe0-11f1-857c-ac1f6b8d2e48_label_fake.npz,True,True
7be0a610-0fe0-11f1-857c-ac1f6b8d2e48_label_fake.npz,True,True
84a4879e-0fe0-11f1-857c-ac1f6b8d2e48_label_fake.npz,True,True
85d52844-0fe0-11f1-857c-ac1f6b8d2e48_label_fake.npz,True,True
a1952c3c-0fe0-11f1-857c-ac1f6b8d2e48_label_fake.npz,True,True
b27d98d6-0fe0-11f1-857c-ac1f6b8d2e48_label_fake.npz,True,True
baf95c70-0fe0-11f1-857c-ac1f6b8d2e48_label_fake.npz,True,True
cdad5376-0fe0-11f1-857c-ac1f6b8d2e48_label_fake.npz,True,True
cec2f720-0fe0-11f1-857c-ac1f6b8d2e48_label_fake.npz,True,True
d23a45fc-0fe0-11f1-857c-ac1f6b8d2e48_label_fake.npz,True,True
d9e81856-0fe0-11f1-857c-ac1f6b8d2e48_label_fake.npz,True,True
dd6c5ab4-0fe0-11f1-857c-ac1f6b8d2e48_label_fake.npz,True,True
e293fe52-0fe0-11f1-857c-ac1f6b8d2e48_label_fake.npz,True,True
faada542-0fe0-11f1-857c-ac1f6b8d2e48_label_fake.npz,True,True
3b840b10-0fe1-11f1-857c-ac1f6b8d2e48_label_fake.npz,True,True
68d3e446-0fe1-11f1-857c-ac1f6b8d2e48_label_fake.npz,True,True
836d6b88-0fe1-11f1-857c-ac1f6b8d2e48_label_fake.npz,True,True
a91640ee-0fe1-11f1-857c-ac1f6b8d2e48_label_fake.npz,True,True
abcf18d8-0fe1-11f1-857c-ac1f6b8d2e48_label_fake.npz,True,True
c38764bc-0fe1-11f1-857c-ac1f6b8d2e48_label_fake.npz,True,True
cfabdfb6-0fe1-11f1-857c-ac1f6b8d2e48_label_fake.npz,True,True
dba8a25e-0fe1-11f1-857c-ac1f6b8d2e48_label_fake.npz,True,True
e5bf5184-0fe1-11f1-857c-ac1f6b8d2e48_label_fake.npz,True,True
ede18314-0fe1-11f1-857c-ac1f6b8d2e48_label_fake.npz,True,True
1b3e92fc-0fe2-11f1-857c-ac1f6b8d2e48_label_fake.npz,True,True
1ce81524-0fe2-11f1-857c-ac1f6b8d2e48_label_fake.npz,True,True
2ad9bf20-0fe2-11f1-857c-ac1f6b8d2e48_label_fake.npz,True,True
4515ecd8-0fe2-11f1-857c-ac1f6b8d2e48_label_fake.npz,True,True
6e3718f8-0fe2-11f1-857c-ac1f6b8d2e48_label_fake.npz,True,True
86346d70-0fe2-11f1-857c-ac1f6b8d2e48_label_fake.npz,True,True
9c883534-0fe2-11f1-857c-ac1f6b8d2e48_label_fake.npz,True,True
aa42b172-0fe2-11f1-857c-ac1f6b8d2e48_label_fake.npz,True,True
b65a909c-0fe2-11f1-857c-ac1f6b8d2e48_label_fake.npz,True,True
c90bf226-0fe2-11f1-857c-ac1f6b8d2e48_label_fake.npz,True,True
ce56f898-0fe2-11f1-857c-ac1f6b8d2e48_label_fake.npz,True,True
e045fcc0-0fe2-11f1-857c-ac1f6b8d2e48_label_fake.npz,True,True
f8607ab0-0fe2-11f1-857c-ac1f6b8d2e48_label_fake.npz,True,True
fc02da50-0fe2-11f1-857c-ac1f6b8d2e48_label_fake.npz,True,True
0643d208-0fe3-11f1-857c-ac1f6b8d2e48_label_fake.npz,True,True
1c8bc7d2-0fe3-11f1-857c-ac1f6b8d2e48_label_fake.npz,True,True
6302bd1a-0fe3-11f1-857c-ac1f6b8d2e48_label_fake.npz,True,True
6b1f1854-0fe3-11f1-857c-ac1f6b8d2e48_label_fake.npz,True,True
72e02fd8-0fe3-11f1-857c-ac1f6b8d2e48_label_fake.npz,True,True
820c65a8-0fe3-11f1-857c-ac1f6b8d2e48_label_fake.npz,True,True
84afef78-0fe3-11f1-857c-ac1f6b8d2e48_label_fake.npz,True,True
8f29624a-0fe3-11f1-857c-ac1f6b8d2e48_label_fake.npz,True,True
9ee0b170-0fe3-11f1-857c-ac1f6b8d2e48_label_fake.npz,True,True
a11c6042-0fe3-11f1-857c-ac1f6b8d2e48_label_fake.npz,True,True
b94910fc-0fe3-11f1-857c-ac1f6b8d2e48_label_fake.npz,True,True
d3625f52-0fe3-11f1-857c-ac1f6b8d2e48_label_fake.npz,True,True
d48a4746-0fe3-11f1-857c-ac1f6b8d2e48_label_fake.npz,True,True
0e0805b2-0fe4-11f1-857c-ac1f6b8d2e48_label_fake.npz,True,True
0f33d952-0fe4-11f1-857c-ac1f6b8d2e48_label_fake.npz,True,True
1610cc3a-0fe4-11f1-857c-ac1f6b8d2e48_label_fake.npz,True,True
248aa7d6-0fe4-11f1-857c-ac1f6b8d2e48_label_fake.npz,True,True
3f1f16fe-0fe4-11f1-857c-ac1f6b8d2e48_label_fake.npz,True,True
4ef6ac9a-0fe4-11f1-857c-ac1f6b8d2e48_label_fake.npz,True,True
5b0ea136-0fe4-11f1-857c-ac1f6b8d2e48_label_fake.npz,True,True
647fb4e4-0fe4-11f1-857c-ac1f6b8d2e48_label_fake.npz,True,True
73ff4baa-0fe4-11f1-857c-ac1f6b8d2e48_label_fake.npz,True,True
888e9a26-0fe4-11f1-857c-ac1f6b8d2e48_label_fake.npz,True,True
9deba01c-0fe4-11f1-857c-ac1f6b8d2e48_label_fake.npz,True,True
a07c1050-0fe4-11f1-857c-ac1f6b8d2e48_label_fake.npz,True,True
bee9ee72-0fe4-11f1-857c-ac1f6b8d2e48_label_fake.npz,True,True
c172c1a0-0fe4-11f1-857c-ac1f6b8d2e48_label_fake.npz,True,True
cecc62ac-0fe4-11f1-857c-ac1f6b8d2e48_label_fake.npz,True,True
d377dc1e-0fe4-11f1-857c-ac1f6b8d2e48_label_fake.npz,True,True
de88c7a8-0fe4-11f1-857c-ac1f6b8d2e48_label_fake.npz,True,True
e091b550-0fe4-11f1-857c-ac1f6b8d2e48_label_fake.npz,True,True
fb2e5544-0fe4-11f1-857c-ac1f6b8d2e48_label_fake.npz,True,True
08b96c8a-0fe5-11f1-857c-ac1f6b8d2e48_label_fake.npz,True,True
2ccc7c2a-0fe5-11f1-857c-ac1f6b8d2e48_label_fake.npz,True,True
347e53c6-0fe5-11f1-857c-ac1f6b8d2e48_label_fake.npz,True,True
4511e964-0fe5-11f1-857c-ac1f6b8d2e48_label_fake.npz,True,True
62619564-0fe5-11f1-857c-ac1f6b8d2e48_label_fake.npz,True,True
77094fb6-0fe5-11f1-857c-ac1f6b8d2e48_label_fake.npz,True,True
8ae2e92a-0fe5-11f1-857c-ac1f6b8d2e48_label_fake.npz,True,True
aa4e200e-0fe5-11f1-857c-ac1f6b8d2e48_label_fake.npz,True,True
b57f6bcc-0fe5-11f1-857c-ac1f6b8d2e48_label_fake.npz,True,True
c2a72312-0fe5-11f1-857c-ac1f6b8d2e48_label_fake.npz,True,True
d2d1150e-0fe5-11f1-857c-ac1f6b8d2e48_label_fake.npz,True,True
de0ac050-0fe5-11f1-857c-ac1f6b8d2e48_label_fake.npz,True,True
e2232876-0fe5-11f1-857c-ac1f6b8d2e48_label_fake.npz,True,True
fb5e13e6-0fe5-11f1-857c-ac1f6b8d2e48_label_fake.npz,True,True
0cbef4f2-0fe6-11f1-857c-ac1f6b8d2e48_label_fake.npz,True,True
2e0a449a-0fe6-11f1-857c-ac1f6b8d2e48_label_fake.npz,True,True
43351714-0fe6-11f1-857c-ac1f6b8d2e48_label_fake.npz,True,True
4d651f04-0fe6-11f1-857c-ac1f6b8d2e48_label_fake.npz,True,True
4f11dafe-0fe6-11f1-857c-ac1f6b8d2e48_label_fake.npz,True,True
54ce579c-0fe6-11f1-857c-ac1f6b8d2e48_label_fake.npz,True,True
5cf48dc4-0fe6-11f1-857c-ac1f6b8d2e48_label_fake.npz,True,True
5f68392a-0fe6-11f1-857c-ac1f6b8d2e48_label_fake.npz,True,True
8d357fa2-0fe6-11f1-857c-ac1f6b8d2e48_label_fake.npz,True,True
94adc0aa-0fe6-11f1-857c-ac1f6b8d2e48_label_fake.npz,True,True
a5b33a60-0fe6-11f1-857c-ac1f6b8d2e48_label_fake.npz,True,True
be0b0a7a-0fe6-11f1-857c-ac1f6b8d2e48_label_fake.npz,True,True
c2ba2e70-0fe6-11f1-857c-ac1f6b8d2e48_label_fake.npz,True,True
d488832c-0fe6-11f1-857c-ac1f6b8d2e48_label_fake.npz,True,True
da4db340-0fe6-11f1-857c-ac1f6b8d2e48_label_fake.npz,True,True
47eaf46c-0fe7-11f1-857c-ac1f6b8d2e48_label_fake.npz,True,True
48f085c0-0fe7-11f1-857c-ac1f6b8d2e48_label_fake.npz,True,True
5243dec4-0fe7-11f1-857c-ac1f6b8d2e48_label_fake.npz,True,True
5845a230-0fe7-11f1-857c-ac1f6b8d2e48_label_fake.npz,True,True
6596295a-0fe7-11f1-857c-ac1f6b8d2e48_label_fake.npz,True,True
72f800aa-0fe7-11f1-857c-ac1f6b8d2e48_label_fake.npz,True,True
774e7184-0fe7-11f1-857c-ac1f6b8d2e48_label_fake.npz,True,True
7b82fc3e-0fe7-11f1-857c-ac1f6b8d2e48_label_fake.npz,True,True
847ba4f8-0fe7-11f1-857c-ac1f6b8d2e48_label_fake.npz,True,True
8c14ac3c-0fe7-11f1-857c-ac1f6b8d2e48_label_fake.npz,True,True
8d8faf3a-0fe7-11f1-857c-ac1f6b8d2e48_label_fake.npz,True,True
ca030110-0fe7-11f1-857c-ac1f6b8d2e48_label_fake.npz,True,True
d257d2aa-0fe7-11f1-857c-ac1f6b8d2e48_label_fake.npz,True,True
d63227c2-0fe7-11f1-857c-ac1f6b8d2e48_label_fake.npz,True,True
0756df00-0fe8-11f1-857c-ac1f6b8d2e48_label_fake.npz,True,True
09891f72-0fe8-11f1-857c-ac1f6b8d2e48_label_fake.npz,True,True
122aecf0-0fe8-11f1-857c-ac1f6b8d2e48_label_fake.npz,True,True
14e7be8c-0fe8-11f1-857c-ac1f6b8d2e48_label_fake.npz,True,True
2787214a-0fe8-11f1-857c-ac1f6b8d2e48_label_fake.npz,True,True
31c10978-0fe8-11f1-857c-ac1f6b8d2e48_label_fake.npz,True,True
32c0028e-0fe8-11f1-857c-ac1f6b8d2e48_label_fake.npz,True,True
45c507d0-0fe8-11f1-857c-ac1f6b8d2e48_label_fake.npz,True,True
4d7041b6-0fe8-11f1-857c-ac1f6b8d2e48_label_fake.npz,True,True
56a1e730-0fe8-11f1-857c-ac1f6b8d2e48_label_fake.npz,True,True
5ba10e8c-0fe8-11f1-857c-ac1f6b8d2e48_label_fake.npz,True,True
5fef4cb0-0fe8-11f1-857c-ac1f6b8d2e48_label_fake.npz,True,True
633e52d0-0fe8-11f1-857c-ac1f6b8d2e48_label_fake.npz,True,True
6a316028-0fe8-11f1-857c-ac1f6b8d2e48_label_fake.npz,True,True
72ea7326-0fe8-11f1-857c-ac1f6b8d2e48_label_fake.npz,True,True
8f07e020-0fe8-11f1-857c-ac1f6b8d2e48_label_fake.npz,True,True
abc634e6-0fe8-11f1-857c-ac1f6b8d2e48_label_fake.npz,True,True
ba308fea-0fe8-11f1-857c-ac1f6b8d2e48_label_fake.npz,True,True
c2349bb4-0fe8-11f1-857c-ac1f6b8d2e48_label_fake.npz,True,True
d0b0a6ec-0fe8-11f1-857c-ac1f6b8d2e48_label_fake.npz,True,True
d21d94f4-0fe8-11f1-857c-ac1f6b8d2e48_label_fake.npz,True,True
ee8d2230-0fe8-11f1-857c-ac1f6b8d2e48_label_fake.npz,True,True
ef8b067a-0fe8-11f1-857c-ac1f6b8d2e48_label_fake.npz,True,True
70a97b10-0fe9-11f1-857c-ac1f6b8d2e48_label_fake.npz,True,True
78f181e6-0fe9-11f1-857c-ac1f6b8d2e48_label_fake.npz,True,True
7aa3505a-0fe9-11f1-857c-ac1f6b8d2e48_label_fake.npz,True,True
843abdce-0fe9-11f1-857c-ac1f6b8d2e48_label_fake.npz,True,True
9a0dbdc2-0fe9-11f1-857c-ac1f6b8d2e48_label_fake.npz,True,True
ab250fe8-0fe9-11f1-857c-ac1f6b8d2e48_label_fake.npz,True,True
b410dcd6-0fe9-11f1-857c-ac1f6b8d2e48_label_fake.npz,True,True
c654922a-0fe9-11f1-857c-ac1f6b8d2e48_label_fake.npz,True,True
d08ff7ca-0fe9-11f1-857c-ac1f6b8d2e48_label_fake.npz,True,True
ec74c240-0fe9-11f1-857c-ac1f6b8d2e48_label_fake.npz,True,True
15e05fc2-0fea-11f1-857c-ac1f6b8d2e48_label_fake.npz,True,True
2470cbb2-0fea-11f1-857c-ac1f6b8d2e48_label_fake.npz,True,True
2f073408-0fea-11f1-857c-ac1f6b8d2e48_label_fake.npz,True,True
309af67e-0fea-11f1-857c-ac1f6b8d2e48_label_fake.npz,True,True
3cc7df0c-0fea-11f1-857c-ac1f6b8d2e48_label_fake.npz,True,True
448b63a8-0fea-11f1-857c-ac1f6b8d2e48_label_fake.npz,True,True
6185d77c-0fea-11f1-857c-ac1f6b8d2e48_label_fake.npz,True,True
7edab4aa-0fea-11f1-857c-ac1f6b8d2e48_label_fake.npz,True,True
93048dfc-0fea-11f1-857c-ac1f6b8d2e48_label_fake.npz,True,True
2ceafe30-10a7-11f1-b2c7-ac1f6b417054_label_fake.npz,True,True
79f0cfc0-10a7-11f1-b2c7-ac1f6b417054_label_fake.npz,True,True
848d7e88-10a7-11f1-b2c7-ac1f6b417054_label_fake.npz,True,True
a50bb080-10a7-11f1-b2c7-ac1f6b417054_label_fake.npz,True,True
aa1e44e8-10a7-11f1-b2c7-ac1f6b417054_label_fake.npz,True,True
b96e1c98-10a7-11f1-b2c7-ac1f6b417054_label_fake.npz,True,True
e28e0ec6-10a7-11f1-b2c7-ac1f6b417054_label_fake.npz,True,True
fcd30afc-10a7-11f1-b2c7-ac1f6b417054_label_fake.npz,True,True
0277dd0c-10a8-11f1-b2c7-ac1f6b417054_label_fake.npz,True,True
410e75c6-10a8-11f1-b2c7-ac1f6b417054_label_fake.npz,True,True
5a46e280-10a8-11f1-b2c7-ac1f6b417054_label_fake.npz,True,True
5f95c7b0-10a8-11f1-b2c7-ac1f6b417054_label_fake.npz,True,True
918c3ede-10a8-11f1-b2c7-ac1f6b417054_label_fake.npz,True,True
969d1222-10a8-11f1-b2c7-ac1f6b417054_label_fake.npz,True,True
45aef23a-10a9-11f1-b2c7-ac1f6b417054_label_fake.npz,True,True
55567f00-10a9-11f1-b2c7-ac1f6b417054_label_fake.npz,True,True
69be3532-10a9-11f1-b2c7-ac1f6b417054_label_fake.npz,True,True
833e7a76-10a9-11f1-b2c7-ac1f6b417054_label_fake.npz,True,True
a3fafa14-10a9-11f1-b2c7-ac1f6b417054_label_fake.npz,True,True
b35603dc-10a9-11f1-b2c7-ac1f6b417054_label_fake.npz,True,True
c828ec8e-10a9-11f1-b2c7-ac1f6b417054_label_fake.npz,True,True
e8218ee2-10a9-11f1-b2c7-ac1f6b417054_label_fake.npz,True,True
ed207cf0-10a9-11f1-b2c7-ac1f6b417054_label_fake.npz,True,True
1456513c-10aa-11f1-b2c7-ac1f6b417054_label_fake.npz,True,True
6759e182-10aa-11f1-b2c7-ac1f6b417054_label_fake.npz,True,True
c9f8702e-10aa-11f1-b2c7-ac1f6b417054_label_fake.npz,True,True
e98d30dc-10aa-11f1-b2c7-ac1f6b417054_label_fake.npz,True,True
20e1de52-10ab-11f1-b2c7-ac1f6b417054_label_fake.npz,True,True
4988bf56-10ab-11f1-b2c7-ac1f6b417054_label_fake.npz,True,True
7c916826-10ab-11f1-b2c7-ac1f6b417054_label_fake.npz,True,True
c1ac9494-10ab-11f1-b2c7-ac1f6b417054_label_fake.npz,True,True
c6e0b918-10ab-11f1-b2c7-ac1f6b417054_label_fake.npz,True,True
cc96ed8c-10ab-11f1-b2c7-ac1f6b417054_label_fake.npz,True,True
0c32f3c8-10ac-11f1-b2c7-ac1f6b417054_label_fake.npz,True,True
166a9558-10ac-11f1-b2c7-ac1f6b417054_label_fake.npz,True,True
35c81196-10ac-11f1-b2c7-ac1f6b417054_label_fake.npz,True,True
5a3659b6-10ac-11f1-b2c7-ac1f6b417054_label_fake.npz,True,True
7435c612-10ac-11f1-b2c7-ac1f6b417054_label_fake.npz,True,True
192b665e-10ad-11f1-b2c7-ac1f6b417054_label_fake.npz,True,True
22fd2384-10ad-11f1-b2c7-ac1f6b417054_label_fake.npz,True,True
2d18fcb2-10ad-11f1-b2c7-ac1f6b417054_label_fake.npz,True,True
5187b660-10ad-11f1-b2c7-ac1f6b417054_label_fake.npz,True,True
569079c6-10ad-11f1-b2c7-ac1f6b417054_label_fake.npz,True,True
c14bf9ca-10ad-11f1-b2c7-ac1f6b417054_label_fake.npz,True,True
c63ea41e-10ad-11f1-b2c7-ac1f6b417054_label_fake.npz,True,True
cb34b51c-10ad-11f1-b2c7-ac1f6b417054_label_fake.npz,True,True
fcf3997e-10ad-11f1-b2c7-ac1f6b417054_label_fake.npz,True,True
123869a4-10ae-11f1-b2c7-ac1f6b417054_label_fake.npz,True,True
1c1f5b26-10ae-11f1-b2c7-ac1f6b417054_label_fake.npz,True,True
4451f1e4-10ae-11f1-b2c7-ac1f6b417054_label_fake.npz,True,True
535ee0ca-10ae-11f1-b2c7-ac1f6b417054_label_fake.npz,True,True
7779ee50-10ae-11f1-b2c7-ac1f6b417054_label_fake.npz,True,True
81a395fc-10ae-11f1-b2c7-ac1f6b417054_label_fake.npz,True,True
c7ed2280-10ae-11f1-b2c7-ac1f6b417054_label_fake.npz,True,True
edb7c7f4-10ae-11f1-b2c7-ac1f6b417054_label_fake.npz,True,True
017bde4c-10af-11f1-b2c7-ac1f6b417054_label_fake.npz,True,True
5c141e1e-10af-11f1-b2c7-ac1f6b417054_label_fake.npz,True,True
ae50a148-10af-11f1-b2c7-ac1f6b417054_label_fake.npz,True,True
c3029402-10af-11f1-b2c7-ac1f6b417054_label_fake.npz,True,True
ffbf2afe-10af-11f1-b2c7-ac1f6b417054_label_fake.npz,True,True
04c2bd90-10b0-11f1-b2c7-ac1f6b417054_label_fake.npz,True,True
1a10ef14-10b0-11f1-b2c7-ac1f6b417054_label_fake.npz,True,True
1f40bfaa-10b0-11f1-b2c7-ac1f6b417054_label_fake.npz,True,True
29406a78-10b0-11f1-b2c7-ac1f6b417054_label_fake.npz,True,True
339d23da-10b0-11f1-b2c7-ac1f6b417054_label_fake.npz,True,True
89cc2e72-10b0-11f1-b2c7-ac1f6b417054_label_fake.npz,True,True
a38d949a-10b0-11f1-b2c7-ac1f6b417054_label_fake.npz,True,True
a8be9b44-10b0-11f1-b2c7-ac1f6b417054_label_fake.npz,True,True
07553096-10b1-11f1-b2c7-ac1f6b417054_label_fake.npz,True,True
3a9a33ac-10b1-11f1-b2c7-ac1f6b417054_label_fake.npz,True,True
46525788-10b1-11f1-b2c7-ac1f6b417054_label_fake.npz,True,True
69f79022-10b1-11f1-b2c7-ac1f6b417054_label_fake.npz,True,True
9e1cfef0-10b1-11f1-b2c7-ac1f6b417054_label_fake.npz,True,True
a33d6ac8-10b1-11f1-b2c7-ac1f6b417054_label_fake.npz,True,True
f0c7115e-10b1-11f1-b2c7-ac1f6b417054_label_fake.npz,True,True
3ea74344-10b2-11f1-b2c7-ac1f6b417054_label_fake.npz,True,True
4887023c-10b2-11f1-b2c7-ac1f6b417054_label_fake.npz,True,True
7ab07932-10b2-11f1-b2c7-ac1f6b417054_label_fake.npz,True,True
cbc706a6-10b2-11f1-b2c7-ac1f6b417054_label_fake.npz,True,True
eba2273a-10b2-11f1-b2c7-ac1f6b417054_label_fake.npz,True,True
f605911c-10b2-11f1-b2c7-ac1f6b417054_label_fake.npz,True,True
15725904-10b3-11f1-b2c7-ac1f6b417054_label_fake.npz,True,True
80ba8010-10b3-11f1-b2c7-ac1f6b417054_label_fake.npz,True,True
cb49156a-10b3-11f1-b2c7-ac1f6b417054_label_fake.npz,True,True
fe056f3a-10b3-11f1-b2c7-ac1f6b417054_label_fake.npz,True,True
2d87c0dc-10b4-11f1-b2c7-ac1f6b417054_label_fake.npz,True,True
822b8b5a-10b4-11f1-b2c7-ac1f6b417054_label_fake.npz,True,True
d5840f34-10b4-11f1-b2c7-ac1f6b417054_label_fake.npz,True,True
faff1baa-10b4-11f1-b2c7-ac1f6b417054_label_fake.npz,True,True
0a02a6d0-10b5-11f1-b2c7-ac1f6b417054_label_fake.npz,True,True
1e27de28-10b5-11f1-b2c7-ac1f6b417054_label_fake.npz,True,True
28083dca-10b5-11f1-b2c7-ac1f6b417054_label_fake.npz,True,True
46f2e672-10b5-11f1-b2c7-ac1f6b417054_label_fake.npz,True,True
75f7c0c8-10b5-11f1-b2c7-ac1f6b417054_label_fake.npz,True,True
7aed9134-10b5-11f1-b2c7-ac1f6b417054_label_fake.npz,True,True
8ed869e4-10b5-11f1-b2c7-ac1f6b417054_label_fake.npz,True,True
c69b8a5a-10b5-11f1-b2c7-ac1f6b417054_label_fake.npz,True,True
ef6c9c94-10b5-11f1-b2c7-ac1f6b417054_label_fake.npz,True,True
ff38337c-10b5-11f1-b2c7-ac1f6b417054_label_fake.npz,True,True
054d4be4-10b6-11f1-b2c7-ac1f6b417054_label_fake.npz,True,True
104741ee-10b6-11f1-b2c7-ac1f6b417054_label_fake.npz,True,True
5e7d7c3e-10b6-11f1-b2c7-ac1f6b417054_label_fake.npz,True,True
6884dbaa-10b6-11f1-b2c7-ac1f6b417054_label_fake.npz,True,True
8da244e0-10b6-11f1-b2c7-ac1f6b417054_label_fake.npz,True,True
b2e0b67e-10b6-11f1-b2c7-ac1f6b417054_label_fake.npz,True,True
cd82bedc-10b6-11f1-b2c7-ac1f6b417054_label_fake.npz,True,True
ed316eea-10b6-11f1-b2c7-ac1f6b417054_label_fake.npz,True,True
31811ef6-10b7-11f1-b2c7-ac1f6b417054_label_fake.npz,True,True
5e97f9fa-10b7-11f1-b2c7-ac1f6b417054_label_fake.npz,True,True
a5df9372-10b7-11f1-b2c7-ac1f6b417054_label_fake.npz,True,True
ef6a94ce-10b7-11f1-b2c7-ac1f6b417054_label_fake.npz,True,True
f449d61c-10b7-11f1-b2c7-ac1f6b417054_label_fake.npz,True,True
3f418cfa-10b8-11f1-b2c7-ac1f6b417054_label_fake.npz,True,True
500ff56c-10b8-11f1-b2c7-ac1f6b417054_label_fake.npz,True,True
69f2a7cc-10b8-11f1-b2c7-ac1f6b417054_label_fake.npz,True,True
73e70606-10b8-11f1-b2c7-ac1f6b417054_label_fake.npz,True,True
7ecbdb8c-10b8-11f1-b2c7-ac1f6b417054_label_fake.npz,True,True
88dbb0de-10b8-11f1-b2c7-ac1f6b417054_label_fake.npz,True,True
cfae0606-10b8-11f1-b2c7-ac1f6b417054_label_fake.npz,True,True
f994cc5c-10b8-11f1-b2c7-ac1f6b417054_label_fake.npz,True,True
6151901e-10b9-11f1-b2c7-ac1f6b417054_label_fake.npz,True,True
8a141f44-10b9-11f1-b2c7-ac1f6b417054_label_fake.npz,True,True
b896d2e4-10b9-11f1-b2c7-ac1f6b417054_label_fake.npz,True,True
e17d181c-10b9-11f1-b2c7-ac1f6b417054_label_fake.npz,True,True
195bdb56-10ba-11f1-b2c7-ac1f6b417054_label_fake.npz,True,True
36ff6d62-10ba-11f1-b2c7-ac1f6b417054_label_fake.npz,True,True
5a409bfc-10ba-11f1-b2c7-ac1f6b417054_label_fake.npz,True,True
927410ee-10ba-11f1-b2c7-ac1f6b417054_label_fake.npz,True,True
c20f627c-10ba-11f1-b2c7-ac1f6b417054_label_fake.npz,True,True
d252a888-10ba-11f1-b2c7-ac1f6b417054_label_fake.npz,True,True
dc72a4c6-10ba-11f1-b2c7-ac1f6b417054_label_fake.npz,True,True
e1899afa-10ba-11f1-b2c7-ac1f6b417054_label_fake.npz,True,True
ec096532-10ba-11f1-b2c7-ac1f6b417054_label_fake.npz,True,True
f107ca56-10ba-11f1-b2c7-ac1f6b417054_label_fake.npz,True,True
f6455114-10ba-11f1-b2c7-ac1f6b417054_label_fake.npz,True,True
161fb4d4-10bb-11f1-b2c7-ac1f6b417054_label_fake.npz,True,True
26e8713e-10bb-11f1-b2c7-ac1f6b417054_label_fake.npz,True,True
3c1c9de6-10bb-11f1-b2c7-ac1f6b417054_label_fake.npz,True,True
4ba9c4dc-10bb-11f1-b2c7-ac1f6b417054_label_fake.npz,True,True
50a4e728-10bb-11f1-b2c7-ac1f6b417054_label_fake.npz,True,True
69649b78-10bb-11f1-b2c7-ac1f6b417054_label_fake.npz,True,True
ae015622-10bb-11f1-b2c7-ac1f6b417054_label_fake.npz,True,True
04e5bf0a-10bc-11f1-b2c7-ac1f6b417054_label_fake.npz,True,True
4913e922-10bc-11f1-b2c7-ac1f6b417054_label_fake.npz,True,True
73daed7c-10bc-11f1-b2c7-ac1f6b417054_label_fake.npz,True,True
a273a3ae-10bc-11f1-b2c7-ac1f6b417054_label_fake.npz,True,True
cc80dffe-10bc-11f1-b2c7-ac1f6b417054_label_fake.npz,True,True
db84176e-10bc-11f1-b2c7-ac1f6b417054_label_fake.npz,True,True
ef5843d2-10bc-11f1-b2c7-ac1f6b417054_label_fake.npz,True,True
f4472318-10bc-11f1-b2c7-ac1f6b417054_label_fake.npz,True,True
fe2238aa-10bc-11f1-b2c7-ac1f6b417054_label_fake.npz,True,True
26663e74-10bd-11f1-b2c7-ac1f6b417054_label_fake.npz,True,True
d8ece1c4-10bd-11f1-b2c7-ac1f6b417054_label_fake.npz,True,True
085b6886-10be-11f1-b2c7-ac1f6b417054_label_fake.npz,True,True
373739a0-10be-11f1-b2c7-ac1f6b417054_label_fake.npz,True,True
658b8afe-10be-11f1-b2c7-ac1f6b417054_label_fake.npz,True,True
92e9cba0-10be-11f1-b2c7-ac1f6b417054_label_fake.npz,True,True
97cb9af4-10be-11f1-b2c7-ac1f6b417054_label_fake.npz,True,True
cc19d488-10be-11f1-b2c7-ac1f6b417054_label_fake.npz,True,True
dbbedbae-10be-11f1-b2c7-ac1f6b417054_label_fake.npz,True,True
e0b714e6-10be-11f1-b2c7-ac1f6b417054_label_fake.npz,True,True
ea597606-10be-11f1-b2c7-ac1f6b417054_label_fake.npz,True,True
efa3f30c-10be-11f1-b2c7-ac1f6b417054_label_fake.npz,True,True
21bbf1c8-10bf-11f1-b2c7-ac1f6b417054_label_fake.npz,True,True
2c15d396-10bf-11f1-b2c7-ac1f6b417054_label_fake.npz,True,True
7a532388-10bf-11f1-b2c7-ac1f6b417054_label_fake.npz,True,True
7f0e4d30-10bf-11f1-b2c7-ac1f6b417054_label_fake.npz,True,True
8d80a1a6-10bf-11f1-b2c7-ac1f6b417054_label_fake.npz,True,True
925f87c8-10bf-11f1-b2c7-ac1f6b417054_label_fake.npz,True,True
97477980-10bf-11f1-b2c7-ac1f6b417054_label_fake.npz,True,True
a5a731f0-10bf-11f1-b2c7-ac1f6b417054_label_fake.npz,True,True
b4c9dc8c-10bf-11f1-b2c7-ac1f6b417054_label_fake.npz,True,True
1f5928dc-10c0-11f1-b2c7-ac1f6b417054_label_fake.npz,True,True
5170b74a-10c0-11f1-b2c7-ac1f6b417054_label_fake.npz,True,True
6bbd0b8a-10c0-11f1-b2c7-ac1f6b417054_label_fake.npz,True,True
a33b991e-10c0-11f1-b2c7-ac1f6b417054_label_fake.npz,True,True
c64c7540-10c0-11f1-b2c7-ac1f6b417054_label_fake.npz,True,True
d5bc5202-10c0-11f1-b2c7-ac1f6b417054_label_fake.npz,True,True
122230cc-10c1-11f1-b2c7-ac1f6b417054_label_fake.npz,True,True
1bc9282e-10c1-11f1-b2c7-ac1f6b417054_label_fake.npz,True,True
208d4264-10c1-11f1-b2c7-ac1f6b417054_label_fake.npz,True,True
47b15d44-10c1-11f1-b2c7-ac1f6b417054_label_fake.npz,True,True
603a08a2-10c1-11f1-b2c7-ac1f6b417054_label_fake.npz,True,True
657a1faa-10c1-11f1-b2c7-ac1f6b417054_label_fake.npz,True,True
aaaf2f98-10c1-11f1-b2c7-ac1f6b417054_label_fake.npz,True,True
b94c414e-10c1-11f1-b2c7-ac1f6b417054_label_fake.npz,True,True
be741606-10c1-11f1-b2c7-ac1f6b417054_label_fake.npz,True,True
0321ea58-10c2-11f1-b2c7-ac1f6b417054_label_fake.npz,True,True
43bccb78-10c2-11f1-b2c7-ac1f6b417054_label_fake.npz,True,True
4dcfb364-10c2-11f1-b2c7-ac1f6b417054_label_fake.npz,True,True
70d6ad54-10c2-11f1-b2c7-ac1f6b417054_label_fake.npz,True,True
8f71a08e-10c2-11f1-b2c7-ac1f6b417054_label_fake.npz,True,True
ac5a96ec-10c2-11f1-b2c7-ac1f6b417054_label_fake.npz,True,True
c29fd6ba-10c2-11f1-b2c7-ac1f6b417054_label_fake.npz,True,True
cc2dd952-10c2-11f1-b2c7-ac1f6b417054_label_fake.npz,True,True
345f67b6-10c3-11f1-b2c7-ac1f6b417054_label_fake.npz,True,True
5d4a0d8e-10c3-11f1-b2c7-ac1f6b417054_label_fake.npz,True,True
9e7cca76-10c3-11f1-b2c7-ac1f6b417054_label_fake.npz,True,True
dd820272-10c3-11f1-b2c7-ac1f6b417054_label_fake.npz,True,True
f178fe16-10c3-11f1-b2c7-ac1f6b417054_label_fake.npz,True,True
18947da4-10c4-11f1-b2c7-ac1f6b417054_label_fake.npz,True,True
325d94b4-10c4-11f1-b2c7-ac1f6b417054_label_fake.npz,True,True
52713814-10c4-11f1-b2c7-ac1f6b417054_label_fake.npz,True,True
5760c3da-10c4-11f1-b2c7-ac1f6b417054_label_fake.npz,True,True
5ca38d14-10c4-11f1-b2c7-ac1f6b417054_label_fake.npz,True,True
66b23918-10c4-11f1-b2c7-ac1f6b417054_label_fake.npz,True,True
8ea35ff6-10c4-11f1-b2c7-ac1f6b417054_label_fake.npz,True,True
bc93905c-10c4-11f1-b2c7-ac1f6b417054_label_fake.npz,True,True
ef0f60ba-10c4-11f1-b2c7-ac1f6b417054_label_fake.npz,True,True
0d6fd04e-10c5-11f1-b2c7-ac1f6b417054_label_fake.npz,True,True
539ce322-10c5-11f1-b2c7-ac1f6b417054_label_fake.npz,True,True
58edb540-10c5-11f1-b2c7-ac1f6b417054_label_fake.npz,True,True
868b2c3a-10c5-11f1-b2c7-ac1f6b417054_label_fake.npz,True,True
d05d4fe6-10c5-11f1-b2c7-ac1f6b417054_label_fake.npz,True,True
2aa2e68c-10c6-11f1-b2c7-ac1f6b417054_label_fake.npz,True,True
34fdc7a0-10c6-11f1-b2c7-ac1f6b417054_label_fake.npz,True,True
70bb4fec-10c6-11f1-b2c7-ac1f6b417054_label_fake.npz,True,True
2c6fdb4a-10c7-11f1-b2c7-ac1f6b417054_label_fake.npz,True,True
6b115400-10c7-11f1-b2c7-ac1f6b417054_label_fake.npz,True,True
99f64604-10c7-11f1-b2c7-ac1f6b417054_label_fake.npz,True,True
cb902dce-10c7-11f1-b2c7-ac1f6b417054_label_fake.npz,True,True
eb171d74-10c7-11f1-b2c7-ac1f6b417054_label_fake.npz,True,True
0d798938-10c8-11f1-b2c7-ac1f6b417054_label_fake.npz,True,True
1774b7d2-10c8-11f1-b2c7-ac1f6b417054_label_fake.npz,True,True
2c116000-10c8-11f1-b2c7-ac1f6b417054_label_fake.npz,True,True
54447a08-10c8-11f1-b2c7-ac1f6b417054_label_fake.npz,True,True
630c2892-10c8-11f1-b2c7-ac1f6b417054_label_fake.npz,True,True
67dcc7be-10c8-11f1-b2c7-ac1f6b417054_label_fake.npz,True,True
84cf19ee-10c8-11f1-b2c7-ac1f6b417054_label_fake.npz,True,True
e419e316-10c8-11f1-b2c7-ac1f6b417054_label_fake.npz,True,True
0ddbdb3c-10c9-11f1-b2c7-ac1f6b417054_label_fake.npz,True,True
267c6ce2-10c9-11f1-b2c7-ac1f6b417054_label_fake.npz,True,True
67df9c9a-10c9-11f1-b2c7-ac1f6b417054_label_fake.npz,True,True
6cfd6f90-10c9-11f1-b2c7-ac1f6b417054_label_fake.npz,True,True
915db4e4-10c9-11f1-b2c7-ac1f6b417054_label_fake.npz,True,True
d025a506-10c9-11f1-b2c7-ac1f6b417054_label_fake.npz,True,True
f6542c7a-10c9-11f1-b2c7-ac1f6b417054_label_fake.npz,True,True
1693f0e2-10ca-11f1-b2c7-ac1f6b417054_label_fake.npz,True,True
377f5d64-10ca-11f1-b2c7-ac1f6b417054_label_fake.npz,True,True
4c844b7a-10ca-11f1-b2c7-ac1f6b417054_label_fake.npz,True,True
6cd477a6-10ca-11f1-b2c7-ac1f6b417054_label_fake.npz,True,True
777758c2-10ca-11f1-b2c7-ac1f6b417054_label_fake.npz,True,True
a2ee6892-10ca-11f1-b2c7-ac1f6b417054_label_fake.npz,True,True
e97f6270-10ca-11f1-b2c7-ac1f6b417054_label_fake.npz,True,True
303816bc-10cb-11f1-b2c7-ac1f6b417054_label_fake.npz,True,True
7bdc2342-10cb-11f1-b2c7-ac1f6b417054_label_fake.npz,True,True
8ccbc068-10cb-11f1-b2c7-ac1f6b417054_label_fake.npz,True,True
978e949e-10cb-11f1-b2c7-ac1f6b417054_label_fake.npz,True,True
bc26b28c-10cb-11f1-b2c7-ac1f6b417054_label_fake.npz,True,True
c69fd464-10cb-11f1-b2c7-ac1f6b417054_label_fake.npz,True,True
d642264c-10cb-11f1-b2c7-ac1f6b417054_label_fake.npz,True,True
058588f4-10cc-11f1-b2c7-ac1f6b417054_label_fake.npz,True,True
200e02fa-10cc-11f1-b2c7-ac1f6b417054_label_fake.npz,True,True
2a7d9a70-10cc-11f1-b2c7-ac1f6b417054_label_fake.npz,True,True
5fd6c5f2-10cc-11f1-b2c7-ac1f6b417054_label_fake.npz,True,True
a0290cc8-10cc-11f1-b2c7-ac1f6b417054_label_fake.npz,True,True
d9b36c5e-10cc-11f1-b2c7-ac1f6b417054_label_fake.npz,True,True
736ab4ba-10cd-11f1-b2c7-ac1f6b417054_label_fake.npz,True,True
83824a34-10cd-11f1-b2c7-ac1f6b417054_label_fake.npz,True,True
ce260e5e-10cd-11f1-b2c7-ac1f6b417054_label_fake.npz,True,True
deca6dd6-10cd-11f1-b2c7-ac1f6b417054_label_fake.npz,True,True
e923361e-10cd-11f1-b2c7-ac1f6b417054_label_fake.npz,True,True
1a318f26-10ce-11f1-b2c7-ac1f6b417054_label_fake.npz,True,True
1f4c36a0-10ce-11f1-b2c7-ac1f6b417054_label_fake.npz,True,True
84e5ea74-10ce-11f1-b2c7-ac1f6b417054_label_fake.npz,True,True
9f1c6210-10ce-11f1-b2c7-ac1f6b417054_label_fake.npz,True,True
e13048c4-10ce-11f1-b2c7-ac1f6b417054_label_fake.npz,True,True
e6552d88-10ce-11f1-b2c7-ac1f6b417054_label_fake.npz,True,True
011ef248-10cf-11f1-b2c7-ac1f6b417054_label_fake.npz,True,True
0bb68e8c-10cf-11f1-b2c7-ac1f6b417054_label_fake.npz,True,True
1c5e79f2-10cf-11f1-b2c7-ac1f6b417054_label_fake.npz,True,True
387ecb0a-10cf-11f1-b2c7-ac1f6b417054_label_fake.npz,True,True
4d41b804-10cf-11f1-b2c7-ac1f6b417054_label_fake.npz,True,True
620d1c74-10cf-11f1-b2c7-ac1f6b417054_label_fake.npz,True,True
86d7a010-10cf-11f1-b2c7-ac1f6b417054_label_fake.npz,True,True
95791fea-10cf-11f1-b2c7-ac1f6b417054_label_fake.npz,True,True
c2af5b00-10cf-11f1-b2c7-ac1f6b417054_label_fake.npz,True,True
c78bf05c-10cf-11f1-b2c7-ac1f6b417054_label_fake.npz,True,True
f47c12f4-10cf-11f1-b2c7-ac1f6b417054_label_fake.npz,True,True
1b959c52-10d0-11f1-b2c7-ac1f6b417054_label_fake.npz,True,True
2590d35c-10d0-11f1-b2c7-ac1f6b417054_label_fake.npz,True,True
2a886b86-10d0-11f1-b2c7-ac1f6b417054_label_fake.npz,True,True
2fba8e7c-10d0-11f1-b2c7-ac1f6b417054_label_fake.npz,True,True
700f47c4-10d0-11f1-b2c7-ac1f6b417054_label_fake.npz,True,True
98762110-10d0-11f1-b2c7-ac1f6b417054_label_fake.npz,True,True
c9a6dcd4-10d0-11f1-b2c7-ac1f6b417054_label_fake.npz,True,True
ce64b46c-10d0-11f1-b2c7-ac1f6b417054_label_fake.npz,True,True
d35e5018-10d0-11f1-b2c7-ac1f6b417054_label_fake.npz,True,True
3b380620-10d1-11f1-b2c7-ac1f6b417054_label_fake.npz,True,True
4f53435e-10d1-11f1-b2c7-ac1f6b417054_label_fake.npz,True,True
76d2f780-10d1-11f1-b2c7-ac1f6b417054_label_fake.npz,True,True
af98d1e8-10d1-11f1-b2c7-ac1f6b417054_label_fake.npz,True,True
f3407e78-10d1-11f1-b2c7-ac1f6b417054_label_fake.npz,True,True
fd41a0d2-10d1-11f1-b2c7-ac1f6b417054_label_fake.npz,True,True
56b299dc-10d2-11f1-b2c7-ac1f6b417054_label_fake.npz,True,True
8f777fc6-10d2-11f1-b2c7-ac1f6b417054_label_fake.npz,True,True
9462da3a-10d2-11f1-b2c7-ac1f6b417054_label_fake.npz,True,True
e8bffa4a-10d2-11f1-b2c7-ac1f6b417054_label_fake.npz,True,True
ee024bd4-10d2-11f1-b2c7-ac1f6b417054_label_fake.npz,True,True
2b62ccec-10d3-11f1-b2c7-ac1f6b417054_label_fake.npz,True,True
503cd058-10d3-11f1-b2c7-ac1f6b417054_label_fake.npz,True,True
6f551fae-10d3-11f1-b2c7-ac1f6b417054_label_fake.npz,True,True
dec90652-10d3-11f1-b2c7-ac1f6b417054_label_fake.npz,True,True
3fb54598-10d4-11f1-b2c7-ac1f6b417054_label_fake.npz,True,True
44a317c4-10d4-11f1-b2c7-ac1f6b417054_label_fake.npz,True,True
591decb0-10d4-11f1-b2c7-ac1f6b417054_label_fake.npz,True,True
72c82446-10d4-11f1-b2c7-ac1f6b417054_label_fake.npz,True,True
92305b64-10d4-11f1-b2c7-ac1f6b417054_label_fake.npz,True,True
e41d81c2-10d4-11f1-b2c7-ac1f6b417054_label_fake.npz,True,True
ee558a0e-10d4-11f1-b2c7-ac1f6b417054_label_fake.npz,True,True
5633265e-10d5-11f1-b2c7-ac1f6b417054_label_fake.npz,True,True
60c18eb2-10d5-11f1-b2c7-ac1f6b417054_label_fake.npz,True,True
70c69352-10d5-11f1-b2c7-ac1f6b417054_label_fake.npz,True,True
a7ba6424-10d5-11f1-b2c7-ac1f6b417054_label_fake.npz,True,True
d466c47c-10d5-11f1-b2c7-ac1f6b417054_label_fake.npz,True,True
3c0ad6a4-10d6-11f1-b2c7-ac1f6b417054_label_fake.npz,True,True
4ae08e26-10d6-11f1-b2c7-ac1f6b417054_label_fake.npz,True,True
5991d57e-10d6-11f1-b2c7-ac1f6b417054_label_fake.npz,True,True
5e8aac2c-10d6-11f1-b2c7-ac1f6b417054_label_fake.npz,True,True
81cef206-10d6-11f1-b2c7-ac1f6b417054_label_fake.npz,True,True
9670db8e-10d6-11f1-b2c7-ac1f6b417054_label_fake.npz,True,True
a5d7be62-10d6-11f1-b2c7-ac1f6b417054_label_fake.npz,True,True
afcdfb7a-10d6-11f1-b2c7-ac1f6b417054_label_fake.npz,True,True
c929f326-10d6-11f1-b2c7-ac1f6b417054_label_fake.npz,True,True
d94621e4-10d6-11f1-b2c7-ac1f6b417054_label_fake.npz,True,True
69871542-10d7-11f1-b2c7-ac1f6b417054_label_fake.npz,True,True
6e871128-10d7-11f1-b2c7-ac1f6b417054_label_fake.npz,True,True
905f1340-10d7-11f1-b2c7-ac1f6b417054_label_fake.npz,True,True
788f3e6a-10d8-11f1-b2c7-ac1f6b417054_label_fake.npz,True,True
87f19614-10d8-11f1-b2c7-ac1f6b417054_label_fake.npz,True,True
b0031d58-10d8-11f1-b2c7-ac1f6b417054_label_fake.npz,True,True
137c2aaa-10d9-11f1-b2c7-ac1f6b417054_label_fake.npz,True,True
