filepath,ground_truth,system_verdict,final_score,score_Visual (Spatial),score_Audio (Mel+CNN),score_Audio Forensics (ECAPA),score_Cross-Modal (Lip-Sync),score_Facial Biometric (Quality)
38499_grune_haus_02_f000079_label_fake.npz,Fake,Deepfake,0.4164642028510571,0.0738835260272026,0.8933658599853516,1.0,0.019775111228227615,0.09529651701450348
55049_napoleonenchamartin_02_perezgaldos_f000007_label_fake.npz,Fake,Real,0.31593054160475736,0.07002618163824081,0.47339698672294617,1.0,0.027960360050201416,0.008269179612398148
07919_common_voice_ru_30893143_label_fake.npz,Fake,Real,0.3005058024078608,0.07178567349910736,0.393177330493927,0.9999998807907104,0.02630954422056675,0.011256583034992218
455_common_voice_ru_19224207_label_fake.npz,Fake,Real,0.2456922370940447,0.1680430918931961,0.03511248156428337,0.9971438050270081,0.019334930926561356,0.008826876059174538
50535_corte_de_carlos_iv_01_perezgaldos_f000011_label_fake.npz,Fake,Deepfake,0.3852478742599487,0.06609521061182022,0.8449651002883911,0.9999918937683105,0.013646028935909271,0.0015411376953125
50901_6Z85idbdV4g_33_label_fake.npz,Fake,Real,0.07141345732203491,0.06769796460866928,0.2607905864715576,1.0918876114374143e-07,0.026860205456614494,0.0017184208845719695
45440_trafalgar_02_perezgaldos_f000020_label_fake.npz,Fake,Deepfake,0.5076190005522222,0.07537999749183655,0.9990745782852173,1.0,0.46051111817359924,0.0031293088104575872
25732_tom_sawyer_01_f000097_label_fake.npz,Fake,Real,0.246252082567662,0.058850061148405075,0.12542696297168732,1.0,0.0424523688852787,0.0045310198329389095
40209_common_voice_en_21927584_label_fake.npz,Fake,Deepfake,0.3576545055955649,0.07284694910049438,0.6826304793357849,0.9957543611526489,0.01864120177924633,0.018399536609649658
51047_common_voice_en_21884994_label_fake.npz,Fake,Deepfake,0.41903327256441114,0.09952180087566376,0.8694364428520203,0.9997603297233582,0.11140522360801697,0.015042565762996674
19_common_voice_ro_21375852_label_fake.npz,Fake,Real,0.3129650702700019,0.08069692552089691,0.4506809413433075,0.9999998807907104,0.024476023390889168,0.008971580304205418
01693_common_voice_en_27391104_label_fake.npz,Fake,Real,0.24905242095701396,0.06060298904776573,0.1648310124874115,1.0,0.016750972718000412,0.0030771305318921804
28090_common_voice_en_17275334_label_fake.npz,Fake,Real,0.22494424507021904,0.06741754710674286,0.02509329468011856,0.9989281296730042,0.025811687111854553,0.007470566779375076
218_common_voice_ro_20795709_label_fake.npz,Fake,Deepfake,0.5602476745843888,0.1517866551876068,0.7774109244346619,0.9989286065101624,0.7634609341621399,0.10965125262737274
67719_4wAB59TPj9o_23_label_fake.npz,Fake,Real,0.024458784237504007,0.050483476370573044,0.04496106877923012,0.004880745895206928,0.014163387939333916,0.007805242203176022
63727_maerchen_001_f000090_label_fake.npz,Fake,Real,0.22128615491092204,0.08081851899623871,0.027925021946430206,0.9509352445602417,0.03779470548033714,0.008957283571362495
16616_common_voice_ru_18911050_label_fake.npz,Fake,Real,0.27631746456027034,0.0635094940662384,0.2226490080356598,0.9988545179367065,0.04567333310842514,0.05090096965432167
42469_eneida_01_virgilio_f000125_label_fake.npz,Fake,Real,0.278305180693296,0.08200770616531372,0.9042293429374695,1.0219527979415943e-07,0.03978553041815758,0.3655032217502594
48133_grune_haus_06_f000034_label_fake.npz,Fake,Deepfake,0.4216084785759449,0.07532668858766556,0.9846609234809875,1.0,0.04332849010825157,0.004726290702819824
64951_eneida_02_virgilio_f000036_label_fake.npz,Fake,Real,0.20785365449264648,0.07139302045106888,0.8780339360237122,0.0050516556948423386,0.07846518605947495,0.006324474234133959
52725_grune_haus_06_f000006_label_fake.npz,Fake,Deepfake,0.4056186060421169,0.07053454220294952,0.9337829947471619,1.0,0.016612861305475235,0.007162631954997778
45077_corte_de_carlos_iv_01_perezgaldos_f000086_label_fake.npz,Fake,Deepfake,0.40909788142889736,0.06764564663171768,0.9995417594909668,0.9578886032104492,0.010247334837913513,0.010166062973439693
44527_eneida_01_virgilio_f000083_label_fake.npz,Fake,Real,0.036550119649480454,0.07981842011213303,0.07697746157646179,1.1054729753823267e-07,0.014835083857178688,0.011119522154331207
55740_20090401-0900-PLENARY-14-ro_20090401-19_34_15_6_label_fake.npz,Fake,Real,0.28384224213659764,0.06779619306325912,0.30472779273986816,1.0,0.021858401596546173,0.024828823283314705
01710_common_voice_zh-CN_18772227_label_fake.npz,Fake,Real,0.33731445772573354,0.07168067246675491,0.2698664963245392,1.0,0.3399159014225006,0.005109218414872885
42303_cuentosclasicosprimera_02_poe_f000260_label_fake.npz,Fake,Real,0.23721882998943328,0.06694155931472778,0.009269707836210728,0.9999310970306396,0.10322966426610947,0.006722121499478817
08909_common_voice_zh-CN_33572552_label_fake.npz,Fake,Real,0.2668506184592843,0.06483400613069534,0.24621863663196564,0.9998788833618164,0.01671513170003891,0.0066064344719052315
30041_altehaus_001_f000013_label_fake.npz,Fake,Deepfake,0.42185779120773076,0.07615663856267929,0.9988510608673096,1.0,0.01915867254137993,0.015122584067285061
02188_napoleonenchamartin_01_perezgaldos_f000056_label_fake.npz,Fake,Deepfake,0.4266289327293635,0.06684785336256027,0.9828308820724487,1.0,0.06646899878978729,0.016996929422020912
03307_Die_Kanzlerin_direkt_10_13_f000012_label_fake.npz,Fake,Real,0.038030907884240156,0.08591155707836151,0.015840595588088036,0.03523470461368561,0.022689687088131905,0.030477995052933693
27995_maerchen_001_f000018_label_fake.npz,Fake,Real,0.2527321252971888,0.08711595833301544,0.10781495273113251,0.9997997879981995,0.04598291963338852,0.022947007790207863
48752_common_voice_ru_20215548_label_fake.npz,Fake,Real,0.3333218750543892,0.08256153762340546,0.5531302094459534,0.999519944190979,0.027387069538235664,0.004010614473372698
55875_common_voice_en_25162864_label_fake.npz,Fake,Real,0.2444799480959773,0.07575201243162155,0.266496479511261,0.8111515641212463,0.06314820796251297,0.005851476453244686
63221_common_voice_zh-CN_24189773_label_fake.npz,Fake,Deepfake,0.41712065152823924,0.061461567878723145,0.9966050386428833,1.0,0.019520452246069908,0.008016198873519897
07729_common_voice_en_194207_label_fake.npz,Fake,Real,0.3115456603467464,0.45998135209083557,0.526888370513916,0.11294571310281754,0.029218707233667374,0.4286941587924957
42888_common_voice_zh-CN_21162638_label_fake.npz,Fake,Deepfake,0.47164364755153654,0.49985551834106445,0.4874219000339508,0.9713876247406006,0.13635815680027008,0.2631950378417969
65157_tom_sawyer_01_f000169_label_fake.npz,Fake,Real,0.21854506758973005,0.06507481634616852,0.008035232312977314,0.9999998807907104,0.012215127237141132,0.007400281261652708
229_common_voice_zh-CN_20924551_label_fake.npz,Fake,Real,0.26322297696024183,0.09756042808294296,0.16422416269779205,1.0,0.04724389314651489,0.0070864008739590645
28180_grune_haus_06_f000057_label_fake.npz,Fake,Deepfake,0.4164992182515562,0.07378645986318588,0.973696231842041,0.9993336796760559,0.030354930087924004,0.00532478978857398
59775_common_voice_en_19181726_label_fake.npz,Fake,Deepfake,0.37814789088442924,0.06095661595463753,0.7926548719406128,1.0,0.03156174719333649,0.005566219333559275
51555_angelina_05_delgado_f000014_label_fake.npz,Fake,Real,0.07213756898418068,0.07166717201471329,0.0023390850983560085,0.26926350593566895,0.012415925040841103,0.0050021568313241005
380_common_voice_ru_18928082_label_fake.npz,Fake,Real,0.1354712617234327,0.3475055396556854,0.13161225616931915,0.00023756391601637006,0.05684071406722069,0.14116023480892181
01918_common_voice_ro_25871068_label_fake.npz,Fake,Real,0.2101000837981701,0.0774136558175087,0.05471199005842209,0.8538905382156372,0.05715341493487358,0.0073308199644088745
68822_common_voice_en_692477_label_fake.npz,Fake,Real,0.2817874312400818,0.08901536464691162,0.27768129110336304,0.9999998807907104,0.013393202796578407,0.02884741686284542
11398_common_voice_ru_19563811_label_fake.npz,Fake,Real,0.2834657363593579,0.057265616953372955,0.27949008345603943,0.9999957084655762,0.014066476374864578,0.06651079654693604
01058_common_voice_ru_21383279_label_fake.npz,Fake,Real,0.3215098163112998,0.041560858488082886,0.4629689157009125,0.9963621497154236,0.09653664380311966,0.0101205138489604
69714_Die_Kanzlerin_direkt_04_08_f000002_label_fake.npz,Fake,Real,0.22694490216672422,0.10501383990049362,0.024010246619582176,0.884779155254364,0.03470495343208313,0.08621631562709808
39616_grune_haus_02_f000064_label_fake.npz,Fake,Deepfake,0.6929539918899537,0.27977168560028076,0.936413049697876,1.0,0.8352938294410706,0.41329139471054077
28378_common_voice_en_617035_label_fake.npz,Fake,Deepfake,0.3596154225058854,0.06746063381433487,0.6926044821739197,0.9998989105224609,0.03292721509933472,0.005185870919376612
00906_YcyrVvEc7tg_4_label_fake.npz,Fake,Real,0.0869449002384499,0.07489360868930817,0.3011798560619354,1.8969622033182532e-06,0.028236526995897293,0.030412612482905388
55777_common_voice_zh-CN_28529274_label_fake.npz,Fake,Deepfake,0.421519791521132,0.05861562117934227,0.9985916018486023,1.0,0.04059908166527748,0.009792652912437916
15283_common_voice_ru_39980170_label_fake.npz,Fake,Real,0.2120542330201715,0.06373221427202225,0.3778214454650879,0.5938303470611572,0.022897493094205856,0.0019896652083843946
03814_common_voice_ru_31379530_label_fake.npz,Fake,Real,0.020091602858155966,0.06713367253541946,0.0028891838155686855,0.0028636502102017403,0.021799171343445778,0.005772336386144161
60_common_voice_zh-CN_33289763_label_fake.npz,Fake,Real,0.24697985351085663,0.07921668887138367,0.05951641872525215,0.9999970197677612,0.09129494428634644,0.004874195903539658
41301_common_voice_zh-CN_27175443_label_fake.npz,Fake,Real,0.2575711412355304,0.06182870641350746,0.15841585397720337,0.9999983310699463,0.05925604701042175,0.00835676770657301
23140_common_voice_zh-CN_22108033_label_fake.npz,Fake,Real,0.2653359188698232,0.0712815672159195,0.22539444267749786,1.0,0.025476889684796333,0.004526694770902395
20111_common_voice_en_25549545_label_fake.npz,Fake,Real,0.28400767501443624,0.03851117566227913,0.34053224325180054,0.9999673366546631,0.031561609357595444,0.009466010145843029
62670_common_voice_zh-CN_22182531_label_fake.npz,Fake,Deepfake,0.4049898113124073,0.06816618889570236,0.9376376271247864,1.0,0.013924655504524708,0.005220585037022829
42949_common_voice_ru_32987179_label_fake.npz,Fake,Real,0.10078043472021818,0.07063772529363632,0.3107391595840454,0.08024566620588303,0.03160018101334572,0.010679441504180431
42446_20100907-0900-PLENARY-8-ro_20100907-15_52_49_6_label_fake.npz,Fake,Real,0.2530869632959366,0.07415664196014404,0.1726997047662735,0.9999079704284668,0.014794835820794106,0.0038756635040044785
19345_common_voice_en_36887059_label_fake.npz,Fake,Deepfake,0.3741851091384888,0.06706473976373672,0.8179064989089966,0.9515438675880432,0.013175694271922112,0.021234745159745216
58693_napoleonenchamartin_01_perezgaldos_f000001_label_fake.npz,Fake,Real,0.34530269848182793,0.06142933666706085,0.5951911211013794,1.0,0.06688795238733292,0.0030050822533667088
52599_cuentosclasicosprimera_00_poe_f000092_label_fake.npz,Fake,Real,0.24083159491419792,0.07481346279382706,0.11040014773607254,0.9764010310173035,0.03613169118762016,0.006411641836166382
65873_common_voice_ru_31912470_label_fake.npz,Fake,Real,0.22119954517111184,0.06736616790294647,0.019246716052293777,0.9999998807907104,0.014589241705834866,0.004795719403773546
36479_common_voice_es_21938830_label_fake.npz,Fake,Real,0.1697873408906162,0.06755169481039047,0.47293516993522644,0.28787487745285034,0.013620251789689064,0.006954710464924574
24236_20191217-0900-PLENARY-ro_20191217-21_02_31_4_label_fake.npz,Fake,Real,0.31776781268417836,0.06767918914556503,0.48609909415245056,0.9999945163726807,0.0213034525513649,0.013762811198830605
02606_common_voice_ru_23683855_label_fake.npz,Fake,Real,0.0838145049288869,0.06598937511444092,0.23194190859794617,0.07133527845144272,0.03432745113968849,0.015478511340916157
21878_common_voice_zh-CN_18848652_label_fake.npz,Fake,Real,0.039360893715638674,0.05835489183664322,0.11874684691429138,0.000837115861941129,0.015806883573532104,0.0030587303917855024
26649_cuentosclasicosprimera_02_poe_f000293_label_fake.npz,Fake,Real,0.22921950011514128,0.06567215174436569,0.02814909815788269,0.9990345239639282,0.049357376992702484,0.0038843497168272734
104_common_voice_zh-CN_22106031_label_fake.npz,Fake,Real,0.03368788777552255,0.09965796768665314,0.00764886662364006,1.042832991515752e-05,0.05075770989060402,0.010364466346800327
363_common_voice_zh-CN_22430473_label_fake.npz,Fake,Real,0.1934747137478553,0.09852266311645508,0.7472332715988159,0.0005239734309725463,0.11452791094779968,0.006565749645233154
47739_common_voice_ru_19535263_label_fake.npz,Fake,Real,0.13568975627422333,0.06817254424095154,0.02750241570174694,0.560667872428894,0.011841676197946072,0.010264272801578045
268_common_voice_zh-CN_22214492_label_fake.npz,Fake,Real,0.25212645139545203,0.07589149475097656,0.0991748794913292,0.9999884366989136,0.07287759333848953,0.01269985269755125
04286_common_voice_en_9347172_label_fake.npz,Fake,Real,0.0720150407985784,0.0669894888997078,0.2686934769153595,5.838862853124738e-05,0.019727589562535286,0.004606259986758232
01391_common_voice_ru_19787771_label_fake.npz,Fake,Real,0.22463214518502359,0.06860607862472534,0.02982241101562977,0.9999760389328003,0.020701957866549492,0.004054239485412836
00008_eneida_01_virgilio_f000082_label_fake.npz,Fake,Real,0.19637536588124935,0.05858300253748894,0.891696035861969,0.0016261842101812363,0.02670343406498432,0.0032681727316230536
40142_common_voice_zh-CN_22182533_label_fake.npz,Fake,Deepfake,0.4150723085738719,0.05804119631648064,0.9949259757995605,0.9998364448547363,0.019510023295879364,0.0030479026027023792
02241_common_voice_ru_20423210_label_fake.npz,Fake,Real,0.3151086177676916,0.07672231644392014,0.027712706476449966,0.9996020197868347,0.4595028758049011,0.01200317032635212
16041_corte_de_carlos_iv_01_perezgaldos_f000096_label_fake.npz,Fake,Deepfake,0.3821281646327407,0.10873998701572418,0.9216612577438354,6.010241122567095e-05,0.8646671175956726,0.015512358397245407
30575_common_voice_zh-CN_22148405_label_fake.npz,Fake,Deepfake,0.4165156782604754,0.06634000688791275,0.9977065324783325,0.9999991655349731,0.011887294240295887,0.006645392160862684
472_common_voice_zh-CN_20987268_label_fake.npz,Fake,Real,0.28443335331976416,0.09418053179979324,0.1854373812675476,0.998747706413269,0.13421665132045746,0.009584495797753334
180_common_voice_ru_22459380_label_fake.npz,Fake,Real,0.2053187254816294,0.08261140435934067,0.015579829923808575,0.8705876469612122,0.04891331493854523,0.00890143122524023
370_common_voice_ru_18903357_label_fake.npz,Fake,Real,0.05629892194720013,0.08449984341859818,0.13588589429855347,1.1209122931177262e-05,0.03894525021314621,0.022152412682771683
35542_common_voice_en_657717_label_fake.npz,Fake,Deepfake,0.4184551328420639,0.07031630724668503,0.8878917098045349,1.0,0.12588810920715332,0.008179537951946259
03252_common_voice_zh-CN_22045349_label_fake.npz,Fake,Deepfake,0.4439888305496425,0.07741254568099976,0.9895169138908386,1.0,0.14946435391902924,0.0035503392573446035
41133_common_voice_en_23705069_label_fake.npz,Fake,Real,0.3183565544895828,0.07857426255941391,0.4966561496257782,0.9999996423721313,0.00969680305570364,0.006855914834886789
02220_common_voice_zh-CN_22058050_label_fake.npz,Fake,Deepfake,0.41004872377961876,0.061057161539793015,0.9645563960075378,0.9999855756759644,0.017842186614871025,0.0068022990599274635
64368_cuentosclasicosprimera_02_poe_f000311_label_fake.npz,Fake,Real,0.02974390781622134,0.07047360390424728,0.02830071747303009,8.02403192778911e-08,0.04261806607246399,0.007327071391046047
41610_napoleonenchamartin_01_perezgaldos_f000039_label_fake.npz,Fake,Deepfake,0.42884578797966244,0.08031260222196579,0.9886306524276733,0.9999978542327881,0.06602639704942703,0.009261433966457844
00732_common_voice_ru_30612462_label_fake.npz,Fake,Real,0.21980030117556457,0.07493449747562408,0.048795316368341446,0.9225981831550598,0.04811958223581314,0.004553926642984152
64799_eneida_01_virgilio_f000099_label_fake.npz,Fake,Real,0.08948295986963756,0.07360821962356567,0.3124544024467468,3.8870346941166645e-08,0.04835343360900879,0.012998704798519611
56599_common_voice_ru_19091488_label_fake.npz,Fake,Real,0.3284547599032521,0.06199970468878746,0.5580034255981445,0.9999992847442627,0.019152408465743065,0.003118976019322872
48582_common_voice_en_22021327_label_fake.npz,Fake,Deepfake,0.4093777891248465,0.05234980210661888,0.9534379243850708,0.9989769458770752,0.03319188952445984,0.008932383731007576
05205_common_voice_en_35160780_label_fake.npz,Fake,Deepfake,0.41080118566751483,0.11543995141983032,0.9035130143165588,0.9951039552688599,0.01716672256588936,0.022782284766435623
00763_common_voice_ru_19644651_label_fake.npz,Fake,Real,0.33804470561444766,0.07909255474805832,0.5665795803070068,0.9863196015357971,0.02797032706439495,0.030261464416980743
69071_altehaus_001_f000129_label_fake.npz,Fake,Deepfake,0.4170949811115861,0.07233184576034546,0.9823076725006104,1.0,0.02086876705288887,0.009966620244085789
48026_common_voice_zh-CN_33650304_label_fake.npz,Fake,Real,0.24540525637567046,0.0813116729259491,0.1090732142329216,0.9999977350234985,0.02570347860455513,0.010940181091427803
the_sea_fairies_06_f000024_98_label_fake.npz,Fake,Deepfake,0.35871903649531306,0.05595589801669121,0.717558741569519,1.0,0.016321707516908646,0.0037588353734463453
16380_common_voice_zh-CN_33120856_label_fake.npz,Fake,Real,0.26577168283984065,0.0706694945693016,0.11926873028278351,0.9999986886978149,0.13328061997890472,0.005640880670398474
the_sea_fairies_21_f000011_31_label_fake.npz,Fake,Deepfake,0.3539603389799595,0.07818471640348434,0.5792469382286072,0.9998113512992859,0.03044530376791954,0.08211338520050049
common_voice_es_22789207_52_label_fake.npz,Fake,Real,0.3267732109874487,0.07246273756027222,0.5348067283630371,1.0,0.020475981757044792,0.006120607256889343
02636_common_voice_ro_21398533_label_fake.npz,Fake,Deepfake,0.42243893910199404,0.08482929319143295,0.9808725118637085,1.0,0.0379839651286602,0.008508925326168537
03695_common_voice_ru_20441774_label_fake.npz,Fake,Real,0.2764510390348733,0.06552118062973022,0.2882407605648041,0.9999922513961792,0.023596055805683136,0.004904946777969599
common_voice_es_19463699_60_label_fake.npz,Fake,Real,0.17991875456646086,0.06893380731344223,0.06334967166185379,0.7425543665885925,0.018084077164530754,0.006671850103884935
midnight_passenger_04_f000106_34_label_fake.npz,Fake,Real,0.2861823942512274,0.06778200715780258,0.3374660909175873,0.9999997615814209,0.015942873433232307,0.009721238166093826
08833_corte_de_carlos_iv_01_perezgaldos_f000091_label_fake.npz,Fake,Real,0.2533837049268186,0.07691935449838638,0.9154388308525085,0.21333754062652588,0.05420476943254471,0.007018029224127531
20628_common_voice_en_622919_label_fake.npz,Fake,Real,0.32723979204893117,0.075597383081913,0.48753821849823,1.0,0.05544215068221092,0.017621207982301712
00742_common_voice_en_619651_label_fake.npz,Fake,Deepfake,0.35255517847836026,0.07724425196647644,0.5523638725280762,0.9999997615814209,0.12337075918912888,0.009797247126698494
common_voice_es_20573827_80_label_fake.npz,Fake,Real,0.18410817785188557,0.06788523495197296,0.13666115701198578,0.6760657429695129,0.03454338014125824,0.0053853741846978664
the_sea_fairies_06_f000022_10_label_fake.npz,Fake,Deepfake,0.47600711286067965,0.07535722851753235,0.527119517326355,1.0,0.5856397151947021,0.19191910326480865
skyisland_08_baum_64kb_f000043_7_label_fake.npz,Fake,Deepfake,0.3729040175210685,0.06324917078018188,0.7787359952926636,1.0,0.019911646842956543,0.002623274689540267
common_voice_es_22464455_87_label_fake.npz,Fake,Real,0.23501990176737309,0.06697385013103485,0.08321205526590347,0.9999603033065796,0.020516468212008476,0.004436831921339035
common_voice_es_34574606_83_label_fake.npz,Fake,Real,0.2567334298975766,0.06705215573310852,0.19173936545848846,0.9999566078186035,0.019559113308787346,0.005359907168895006
common_voice_es_20573962_49_label_fake.npz,Fake,Real,0.2597271904349327,0.06994440406560898,0.24347160756587982,0.8982876539230347,0.07656626403331757,0.01036602258682251
28132_common_voice_ru_23718532_label_fake.npz,Fake,Real,0.028362631646450608,0.08044593036174774,0.03712387755513191,0.0005991730722598732,0.019511479884386063,0.004132697358727455
51434_common_voice_zh-CN_33367559_label_fake.npz,Fake,Deepfake,0.4321531293913722,0.06579504162073135,0.9986625909805298,1.0,0.09335263818502426,0.0029553761705756187
poisoned_pen_03_f000103_30_label_fake.npz,Fake,Deepfake,0.39069870933890344,0.06432418525218964,0.8519966006278992,1.0,0.019766708835959435,0.017406051978468895
03333_common_voice_zh-CN_19153231_label_fake.npz,Fake,Real,0.08347733793780208,0.07315906882286072,0.30008143186569214,0.004724044818431139,0.02661239542067051,0.012809748761355877
47767_common_voice_zh-CN_22971010_label_fake.npz,Fake,Real,0.2639543876983226,0.07223647832870483,0.22126631438732147,0.9996718168258667,0.022505339235067368,0.0040919897146523
14222_common_voice_en_27570930_label_fake.npz,Fake,Real,0.23305533304810527,0.0692162737250328,0.07123986631631851,0.9999992847442627,0.018442360684275627,0.0063788797706365585
52896_common_voice_ru_20474938_label_fake.npz,Fake,Real,0.17847692063078285,0.07576368749141693,0.3663453459739685,0.4212746024131775,0.021746385842561722,0.007254581432789564
04145_common_voice_ru_19245841_label_fake.npz,Fake,Real,0.052592281969312184,0.06939803808927536,0.17319773137569427,4.517154650329758e-09,0.010280798189342022,0.010084837675094604
50175_common_voice_ru_21813270_label_fake.npz,Fake,Real,0.2491213355213404,0.07153069972991943,0.2214675098657608,0.9173445105552673,0.021628467366099358,0.013635490089654922
the_sea_fairies_20_f000133_18_label_fake.npz,Fake,Deepfake,0.36577016524970535,0.06957729905843735,0.7241522669792175,0.999756395816803,0.018880436196923256,0.016484428197145462
03909_common_voice_ru_19775676_label_fake.npz,Fake,Real,0.24419027492403983,0.07488900423049927,0.10313937813043594,0.9999954700469971,0.024610821157693863,0.01831670105457306
47735_common_voice_zh-CN_22208681_label_fake.npz,Fake,Deepfake,0.4358706483617425,0.06924568861722946,0.9114643931388855,0.9946197271347046,0.19892215728759766,0.005101275630295277
49014_common_voice_en_21932725_label_fake.npz,Fake,Real,0.2826350331306458,0.06961899995803833,0.3175254166126251,1.0,0.02063065394759178,0.005400095134973526
common_voice_es_33934431_38_label_fake.npz,Fake,Real,0.2799338556826115,0.08571213483810425,0.28359222412109375,1.0,0.024635352194309235,0.005729567259550095
common_voice_es_18849612_32_label_fake.npz,Fake,Real,0.2661216994747519,0.07526559382677078,0.3178625702857971,0.9126701951026917,0.018847595900297165,0.00596254225820303
20477_common_voice_zh-CN_22185632_label_fake.npz,Fake,Deepfake,0.4165216820314527,0.06826522201299667,0.9981645941734314,1.0,0.010829032398760319,0.00534956157207489
common_voice_es_34408824_67_label_fake.npz,Fake,Real,0.2581478221341968,0.055126965045928955,0.20892482995986938,0.9999589920043945,0.0149114690721035,0.01181685458868742
01677_common_voice_ru_25114540_label_fake.npz,Fake,Real,0.2541992004960776,0.12587031722068787,0.020235570147633553,0.9999998807907104,0.10865053534507751,0.016239698976278305
common_voice_es_19489690_1_label_fake.npz,Fake,Real,0.21285582073032858,0.07079952210187912,0.18719951808452606,0.7699426412582397,0.022038409486413002,0.01429901272058487
16919_common_voice_en_692178_label_fake.npz,Fake,Deepfake,0.5152132481336594,0.0723009780049324,0.7045041918754578,1.0,0.7815312147140503,0.017729856073856354
38871__IJo8qTTOmc_24_label_fake.npz,Fake,Real,0.1965270872662018,0.07373204082250595,0.8666906952857971,5.483004201778385e-07,0.035506658256053925,0.006705493666231632
46552_common_voice_en_35168941_label_fake.npz,Fake,Real,0.29733134326525035,0.07040836662054062,0.36591458320617676,0.9999986886978149,0.04695027694106102,0.003384800860658288
08494_common_voice_zh-CN_18670824_label_fake.npz,Fake,Deepfake,0.43225766569375995,0.08963470160961151,0.9999755620956421,1.0,0.03343190252780914,0.03824616223573685
225_common_voice_zh-CN_33384764_label_fake.npz,Fake,Real,0.33222568091005084,0.07557661086320877,0.5424920916557312,1.0,0.03773915767669678,0.005320544354617596
06784_corte_de_carlos_iv_02_perezgaldos_f000037_label_fake.npz,Fake,Deepfake,0.4072639509104192,0.06916915625333786,0.9491621851921082,0.9998728036880493,0.014240139164030552,0.0038754702545702457
75_common_voice_zh-CN_33289582_label_fake.npz,Fake,Deepfake,0.4162213943898678,0.11983121186494827,0.06793175637722015,0.9999915361404419,0.8608141541481018,0.032538313418626785
31550_angelina_01_delgado_f000055_label_fake.npz,Fake,Real,0.23815052956342697,0.07652450352907181,0.07351882755756378,0.9193705320358276,0.02813831716775894,0.09320046752691269
71_common_voice_ru_21632430_label_fake.npz,Fake,Real,0.10776552364186501,0.07148490101099014,0.2762649357318878,3.5385226510697976e-05,0.1799088418483734,0.011133554391562939
55550_20100706-0900-PLENARY-13-ro_20100706-21_12_41_0_label_fake.npz,Fake,Real,0.2487077257595956,0.10081315040588379,0.904918909072876,0.19934289157390594,0.032309457659721375,0.006154220085591078
northandsouth_35_f000069_91_label_fake.npz,Fake,Real,0.2724373459815979,0.06984662264585495,0.25195667147636414,1.0,0.03592706844210625,0.004456367343664169
common_voice_zh-CN_18659747_31_label_fake.npz,Fake,Real,0.20178217962384223,0.07402435690164566,0.23397065699100494,0.677100419998169,0.016771093010902405,0.0070443712174892426
pNogULi28gs_84_2_label_fake.npz,Fake,Deepfake,0.4204648435115814,0.0815831646323204,0.9559087753295898,0.9935296177864075,0.0655345618724823,0.005768097937107086
common_voice_zh-CN_19877960_52_label_fake.npz,Fake,Real,0.27116117198020223,0.053306013345718384,0.2555793821811676,0.9999842643737793,0.03999516740441322,0.006941032595932484
common_voice_zh-CN_22196235_71_label_fake.npz,Fake,Deepfake,0.4185318856500089,0.04066183418035507,0.9963659048080444,1.0,0.04908102750778198,0.006550661753863096
common_voice_ru_31471414_81_label_fake.npz,Fake,Real,0.3352059105411172,0.07951068133115768,0.3893463909626007,0.9999998807907104,0.19421525299549103,0.012957346625626087
common_voice_zh-CN_20052896_64_label_fake.npz,Fake,Deepfake,0.4154450081288814,0.06720961630344391,0.9870963096618652,0.998785674571991,0.015524106100201607,0.008609334006905556
common_voice_zh-CN_32518525_32_label_fake.npz,Fake,Deepfake,0.41506059067323803,0.06317004561424255,0.9868899583816528,1.0,0.021959824487566948,0.0032831248827278614
common_voice_zh-CN_18997270_54_label_fake.npz,Fake,Deepfake,0.4506790881045163,0.06722849607467651,0.948484480381012,1.0,0.2308242917060852,0.006858172360807657
common_voice_zh-CN_22151783_29_label_fake.npz,Fake,Deepfake,0.4192960474640131,0.07073231041431427,0.9968296885490417,1.0,0.021090304479002953,0.007827933877706528
common_voice_ru_19085433_38_label_fake.npz,Fake,Real,0.11805422566831113,0.028162043541669846,0.5118914246559143,0.024257434532046318,0.012883884832262993,0.013076340779662132
common_voice_zh-CN_18772048_17_label_fake.npz,Fake,Deepfake,0.41606716504320507,0.07116259634494781,0.9849033355712891,1.0,0.017364302650094032,0.006905590649694204
common_voice_zh-CN_18978530_92_label_fake.npz,Fake,Real,0.23508432917296887,0.07100468873977661,0.029094912111759186,1.0,0.06831251084804535,0.007009534165263176
y5Ya3RMsmAE_5_33_label_fake.npz,Fake,Real,0.07904388297224925,0.07782693952322006,0.28659549355506897,1.2976371088768701e-09,0.018727073445916176,0.012069907039403915
lSCTGJbObOg_287_1_label_fake.npz,Fake,Deepfake,0.40049515664577484,0.2781006991863251,0.7130684852600098,0.6015201210975647,0.06915108859539032,0.34063538908958435
common_voice_ru_22917784_98_label_fake.npz,Fake,Deepfake,0.4622264936566353,0.14789976179599762,0.059314750134944916,1.0,0.9175695776939392,0.18634837865829468
SY_xV-Raq3A_1080p_13_1_label_fake.npz,Fake,Real,0.21766336783766746,0.11460655927658081,0.7663774490356445,0.13835951685905457,0.014915231615304947,0.05405808240175247
ZWWpghA1SJc_42_4_label_fake.npz,Fake,Real,0.04292673766613006,0.10181541740894318,0.01763288676738739,0.05384853109717369,0.025328680872917175,0.016008172184228897
common_voice_ru_18904862_14_label_fake.npz,Fake,Real,0.10095844510942698,0.07271240651607513,0.3101291358470917,0.08998851478099823,0.027891885489225388,0.00407028291374445
isvcQMD04ag_12_48_label_fake.npz,Fake,Real,0.3288429850712419,0.06745130568742752,0.5369936227798462,0.9994182586669922,0.03502291068434715,0.005328827537596226
common_voice_zh-CN_32970362_9_label_fake.npz,Fake,Real,0.2820071235299111,0.07097943872213364,0.3060031235218048,1.0,0.029393121600151062,0.0036599338054656982
3HtQi-i9WoY_45_95_label_fake.npz,Fake,Real,0.12526763746973302,0.07230806350708008,0.5331775546073914,4.7243429435184225e-06,0.017346803098917007,0.003501041792333126
common_voice_zh-CN_22236141_14_label_fake.npz,Fake,Deepfake,0.4434705883264542,0.13542886078357697,0.9851529598236084,0.9999997615814209,0.034247659146785736,0.06252370029687881
common_voice_ru_18922028_66_label_fake.npz,Fake,Real,0.22656687665730713,0.07277240604162216,0.020230626687407494,0.9999868869781494,0.02914397604763508,0.010700487531721592
common_voice_zh-CN_22108415_22_label_fake.npz,Fake,Real,0.2591134961694479,0.07220083475112915,0.17915230989456177,1.0,0.03653755038976669,0.007676785811781883
common_voice_zh-CN_33125923_59_label_fake.npz,Fake,Real,0.2865993948653341,0.07231558859348297,0.29840314388275146,1.0,0.05736207962036133,0.004916162230074406
U509hHthip8_16_2_label_fake.npz,Fake,Deepfake,0.4117119528353214,0.11999385803937912,0.5436333417892456,0.9999997615814209,0.3520594835281372,0.0428733192384243
common_voice_zh-CN_32597571_12_label_fake.npz,Fake,Real,0.2215210729278624,0.07388148456811905,0.009414861910045147,1.0,0.01839432306587696,0.005914695095270872
JPYvFW_zMqE_4_38_label_fake.npz,Fake,Real,0.07862192004686222,0.09264307469129562,0.011419082060456276,0.0006744504789821804,0.28160998225212097,0.006763010751456022
common_voice_ru_20410166_53_label_fake.npz,Fake,Deepfake,0.36153878718614574,0.07286127656698227,0.7150397896766663,0.9935856461524963,0.020257048308849335,0.005950175225734711
common_voice_ru_18905000_2_label_fake.npz,Fake,Real,0.1408466849476099,0.16738665103912354,0.011165773496031761,0.40911027789115906,0.07439295202493668,0.04217777028679848
common_voice_ru_23768082_22_label_fake.npz,Fake,Real,0.3257386378012598,0.0644197016954422,0.0030484753660857677,0.9999998807907104,0.35575735569000244,0.20546777546405792
common_voice_zh-CN_32318631_7_label_fake.npz,Fake,Deepfake,0.42515510153025393,0.0734303742647171,0.9486002922058105,1.0,0.09231909364461899,0.011425747536122799
common_voice_zh-CN_23787279_42_label_fake.npz,Fake,Real,0.2544870588928461,0.062032703310251236,0.15583498775959015,0.9999998807907104,0.041107963770627975,0.013459758833050728
common_voice_zh-CN_33120809_30_label_fake.npz,Fake,Real,0.23200590256601572,0.06447148323059082,0.031366076320409775,1.0,0.05708852410316467,0.007103429175913334
common_voice_ru_25236840_84_label_fake.npz,Fake,Real,0.031156297679990532,0.07173806428909302,0.04271596670150757,0.02623266540467739,0.012319235131144524,0.0027755568735301495
common_voice_zh-CN_18670823_53_label_fake.npz,Fake,Deepfake,0.46917097792029383,0.16659323871135712,0.9990512728691101,1.0,0.12634767591953278,0.05386270210146904
20101110-0900-PLENARY-15-ro_20101110-22_33_56_0_95_label_fake.npz,Fake,Deepfake,0.4018543811514974,0.0680193305015564,0.9012838006019592,1.0,0.029549023136496544,0.010419751517474651
common_voice_zh-CN_22937367_101_label_fake.npz,Fake,Deepfake,0.4150036972947419,0.07072500139474869,0.9874693155288696,0.999992847442627,0.010731466114521027,0.0060998559929430485
common_voice_zh-CN_18688663_77_label_fake.npz,Fake,Real,0.28057344779372223,0.07585988193750381,0.1923084706068039,0.9999998807907104,0.10039184987545013,0.03430715575814247
common_voice_zh-CN_33378847_45_label_fake.npz,Fake,Real,0.3032731793820858,0.06004437804222107,0.4036753475666046,1.0,0.04823742061853409,0.004408750683069229
common_voice_ru_20553786_94_label_fake.npz,Fake,Real,0.22115572197362782,0.07012899219989777,0.009908760897815228,0.9999992847442627,0.019392015412449837,0.006349556613713503
common_voice_zh-CN_18977922_1_label_fake.npz,Fake,Deepfake,0.41422761469148095,0.05663013830780983,0.9999734163284302,1.0,0.012304252944886684,0.002230265876278281
common_voice_zh-CN_19011112_88_label_fake.npz,Fake,Deepfake,0.429341658204794,0.08977844566106796,0.9820350408554077,0.9999991655349731,0.050616320222616196,0.024279318749904633
U-npOf3jGt8_53_9_label_fake.npz,Fake,Real,0.14836786147207023,0.09806069731712341,0.5499575138092041,0.03885985538363457,0.04155711084604263,0.01340413000434637
common_voice_ru_19843010_12_label_fake.npz,Fake,Real,0.08202032510889695,0.06625126302242279,0.3254548907279968,0.0005616866401396692,0.011476070620119572,0.006357714533805847
common_voice_zh-CN_19000976_57_label_fake.npz,Fake,Deepfake,0.4203763639554382,0.06507731974124908,0.9999263286590576,0.9999997615814209,0.034040890634059906,0.002837519161403179
OpitcLEYak8_1080p_46_1_label_fake.npz,Fake,Deepfake,0.6537889808416366,0.30239468812942505,0.9173028469085693,0.9999995231628418,0.874065637588501,0.17518220841884613
common_voice_ru_18920227_87_label_fake.npz,Fake,Real,0.23085182728245857,0.06928864866495132,0.05578892305493355,0.9999921321868896,0.02364310808479786,0.005546324420720339
FGAyYl3ZICw_91_2_label_fake.npz,Fake,Deepfake,0.4749558389186859,0.8095008730888367,0.11005094647407532,0.6154432892799377,0.2949714660644531,0.5448126196861267
d2om_PGtwWY_36_1_label_fake.npz,Fake,Real,0.15806264525745065,0.30130520462989807,0.15537430346012115,0.0018961626337841153,0.25551149249076843,0.07622606307268143
QwWcO0-ne8c_6_2_label_fake.npz,Fake,Real,0.1696304388344288,0.4797832667827606,0.1852491945028305,0.06534169614315033,0.08061353117227554,0.03716450557112694
RGRP2qovk30_4_1_label_fake.npz,Fake,Deepfake,0.7160872042179108,0.8549672961235046,0.12978562712669373,0.9998065829277039,0.9081528782844543,0.6877236366271973
mRNCLRo9JAM_31_4_label_fake.npz,Fake,Real,0.23662090674042702,0.07580503076314926,0.04780656099319458,0.9999818801879883,0.032842136919498444,0.02666892483830452
Vbm1Z9Qjy0Q_4_1_label_fake.npz,Fake,Deepfake,0.4529210947453976,0.2061692327260971,0.9499218463897705,0.9999650716781616,0.07457970082759857,0.03396962210536003
85VgNDfQZwE_110_2_label_fake.npz,Fake,Real,0.2653286817483604,0.4089007079601288,0.16678613424301147,0.0031038313172757626,0.6561080813407898,0.09174465388059616
qwx4khg5myc_104_2_label_fake.npz,Fake,Real,0.24143984783440828,0.09168769419193268,0.012228625826537609,0.9988081455230713,0.02891462855041027,0.07556014508008957
JRcV-A7r470_25_1_label_fake.npz,Fake,Real,0.13390285429545656,0.29406777024269104,0.03064633160829544,5.80260575588909e-07,0.03205345198512077,0.3127461373806
Tdgb6NvUjhk_162_2_label_fake.npz,Fake,Real,0.28037208558503157,0.45585131645202637,0.5988395810127258,2.1633447886415524e-06,0.030570263043045998,0.3165971040725708
vxvcZVCOMuc_1_6_label_fake.npz,Fake,Real,0.22712276331149042,0.06953221559524536,0.05259053781628609,0.9999808073043823,0.009630301035940647,0.003879954805597663
cWmSTuFjb4o_169_1_label_fake.npz,Fake,Real,0.338355901837349,0.10043555498123169,0.5959911346435547,0.8877750039100647,0.050300125032663345,0.05727769061923027
Lv39BhZJ2mg_14_2_label_fake.npz,Fake,Deepfake,0.38854731135070325,0.14511655271053314,0.7972951531410217,0.9033764004707336,0.02736399881541729,0.0695844516158104
_-nNx99qK4A_96_1_label_fake.npz,Fake,Real,0.04727451577782631,0.09038597345352173,0.04807532578706741,0.030047550797462463,0.026283010840415955,0.041580718010663986
u5Ks53-THVE_22_2_label_fake.npz,Fake,Real,0.18514646962285042,0.17849530279636383,0.08881416916847229,0.047076571732759476,0.5183197259902954,0.09302657842636108
PXdPmUJN6k0_74_47_label_fake.npz,Fake,Real,0.16888027272361797,0.32738396525382996,0.04733206704258919,4.670057387556881e-05,0.2352374792098999,0.2344011515378952
_aOpII6y4cQ_14_1_label_fake.npz,Fake,Deepfake,0.6307792246341706,0.6642195582389832,0.3709390163421631,0.980608344078064,0.30002322793006897,0.8381059765815735
jyXGeTx0ttw_320_2_label_fake.npz,Fake,Deepfake,0.4054066592128947,0.4159665107727051,0.1873209923505783,0.001246881322003901,0.9454846382141113,0.4770142734050751
62ywI44YAxQ_32_5_label_fake.npz,Fake,Real,0.23861927762627602,0.07752424478530884,0.08549124747514725,0.9999986886978149,0.024050220847129822,0.006031986325979233
OhaNsbMOHak_0_2_label_fake.npz,Fake,Real,0.020617953164903113,0.06395100802183151,0.014948209747672081,7.862363204935718e-09,0.020294398069381714,0.0038961421232670546
wdNhtZOGxBw_220_11_label_fake.npz,Fake,Deepfake,0.5602999478578568,0.6300226449966431,0.968172550201416,0.9994331002235413,0.027462512254714966,0.17640893161296844
awNrju1X3zc_58_1_label_fake.npz,Fake,Deepfake,0.5724837511777878,0.3448273837566376,0.3521823585033417,0.9850987195968628,0.9389111995697021,0.24139909446239471
6naugGonRkE_1080p_71_5_label_fake.npz,Fake,Deepfake,0.46096234694123267,0.12826740741729736,0.996494472026825,0.9999998807907104,0.14451229572296143,0.03553767874836922
9X-SE-3CPw4_3448_6_label_fake.npz,Fake,Real,0.2738230086863041,0.1679227501153946,0.049082767218351364,0.9977319240570068,0.08960477262735367,0.064772829413414
zv3uM90m5Rg_31_3_label_fake.npz,Fake,Real,0.3341881991364062,0.13614095747470856,0.5005632042884827,0.9983848333358765,0.029942750930786133,0.005909249652177095
WowrvQ9h9ao_22_1_label_fake.npz,Fake,Real,0.09566294671967626,0.10793957859277725,0.1724935621023178,0.05566178262233734,0.13580437004566193,0.006415440235286951
NHVXgWJiIcs_10_1_label_fake.npz,Fake,Real,0.2214723791927099,0.07384023815393448,0.01523679681122303,0.9992495179176331,0.01337486132979393,0.005660481750965118
hNA8I-JU3eg_50_8_label_fake.npz,Fake,Deepfake,0.3559292007237673,0.10093696415424347,0.9754282832145691,0.6704874634742737,0.016360804438591003,0.016432488337159157
O0nL5vRlcfk_1004_5_label_fake.npz,Fake,Real,0.23650169397415086,0.3471367657184601,0.053333815187215805,1.3907761058362667e-06,0.6505696773529053,0.1314668208360672
xGCuF-h-XVc_2_1_label_fake.npz,Fake,Real,0.16112013421952726,0.08659329265356064,0.024233156815171242,0.6463624238967896,0.020759189501404762,0.02765260823071003
PHMafVnjks8_8_1_label_fake.npz,Fake,Deepfake,0.419421823322773,0.08260516822338104,0.9826853275299072,0.9999997615814209,0.01374879851937294,0.01807006075978279
Uk6sPnRL0WQ_129_2_label_fake.npz,Fake,Real,0.24591521956026557,0.06640835851430893,0.9313859939575195,0.21250444650650024,0.011040985584259033,0.008236313238739967
8tD-YwT4oAg_141_1_label_fake.npz,Fake,Real,0.047240810561925174,0.08462895452976227,0.022934427484869957,0.00559665123000741,0.10477765649557114,0.018266363069415092
XsQT0DygbJg_14_1_label_fake.npz,Fake,Real,0.22801372148096563,0.08725235611200333,0.19608469307422638,0.8127378821372986,0.017470095306634903,0.02652358077466488
8tD-YwT4oAg_297_4_label_fake.npz,Fake,Real,0.28768977988511324,0.0850997343659401,0.34444087743759155,0.9820392727851868,0.018735479563474655,0.008133535273373127
jXf9d1xHO34_1080p_30_8_label_fake.npz,Fake,Real,0.3078227112069726,0.07601513713598251,0.5260900855064392,0.9071258306503296,0.021607955917716026,0.008274546824395657
9DTxDmLwFb8_1126_12_label_fake.npz,Fake,Deepfake,0.38798041157424457,0.4183681011199951,0.00974302552640438,0.7822688221931458,0.27363497018814087,0.4558871388435364
P7slA-LkA3s_30_3_label_fake.npz,Fake,Deepfake,0.7153241395950318,0.6740691065788269,0.9933661818504333,0.9679209589958191,0.21799731254577637,0.723267138004303
4ZO2_2nHaIk_36_1_label_fake.npz,Fake,Real,0.2483615273164787,0.13894715905189514,0.3076469898223877,1.7776723097995273e-06,0.7066704630851746,0.08854124695062637
ezja7-YQ72g_63_6_label_fake.npz,Fake,Real,0.23963301442916535,0.15703804790973663,0.3670033812522888,4.675415823385265e-07,0.12071330100297928,0.5534098744392395
3C3zslsslRs_33_2_label_fake.npz,Fake,Real,0.04288974755208983,0.06262572854757309,0.00789017416536808,5.138886535860365e-06,0.13818316161632538,0.00574453454464674
u6akTRg2ecw_55_1_label_fake.npz,Fake,Real,0.3086727175861597,0.1814582794904709,0.30694255232810974,0.00731564499437809,0.9414219260215759,0.10622518509626389
I-B_Oa6_eNU_228_2_label_fake.npz,Fake,Real,0.16595299262553456,0.07227100431919098,0.033336736261844635,0.6979573369026184,0.020232362672686577,0.005967522971332073
TDDNxuR1zs8_95_4_label_fake.npz,Fake,Real,0.13351908177137378,0.07329139858484268,0.22189445793628693,0.3487890660762787,0.017036069184541702,0.006584417074918747
lXXCH-gBGzI_79_3_label_fake.npz,Fake,Deepfake,0.684807974100113,0.6501796841621399,0.9636459946632385,0.9982779026031494,0.40384936332702637,0.4080869257450104
zpEUWKUUxdY_48_1_label_fake.npz,Fake,Deepfake,0.42518730573356156,0.25623178482055664,0.8306416273117065,0.016644245013594627,0.9442476034164429,0.0781712681055069
awNrju1X3zc_21_2_label_fake.npz,Fake,Deepfake,0.3509488785639406,0.24641017615795135,0.20830100774765015,0.9523924589157104,0.3347579836845398,0.01288276631385088
62ywI44YAxQ_78_28_label_fake.npz,Fake,Deepfake,0.40996300354599957,0.0844726637005806,0.9012923240661621,0.9996790885925293,0.0581497848033905,0.006221156567335129
J_ComKnl1hk_7_1_573_label_fake.npz,Fake,Real,0.019918798476282973,0.06559208780527115,0.01753772422671318,4.738898860523477e-05,0.01175947580486536,0.00465731555595994
2NlEdgEI_mc_11_1_32_label_fake.npz,Fake,Real,0.01843005316332069,0.0685400739312172,0.002572856843471527,4.294898346744822e-15,0.016556844115257263,0.004480490926653147
dv4vM3Dbvxw_21_2_label_fake.npz,Fake,Real,0.028267135471287688,0.08793538808822632,0.02149776555597782,9.105586293647883e-13,0.02335365116596222,0.008548872545361519
069_591ac4fc-eBcoBBAa-zY_399_3_label_fake.npz,Fake,Real,0.23439896852551534,0.42428818345069885,0.057652510702610016,3.867498335474728e-11,0.15370169281959534,0.5363524556159973
6IXtQx8SwBE_54_3_label_fake.npz,Fake,Deepfake,0.46503775715827944,0.08214367926120758,0.442599356174469,0.9697902202606201,0.7963230609893799,0.03433246910572052
60_Jmtasx4JReE_audio_1_512x512_1_1026_withaudio_label_fake.npz,Fake,Real,0.030542622506745196,0.07059890031814575,0.04835020750761032,6.334888668323158e-13,0.03027672879397869,0.0034872759133577347
nBVWOmPTk-4_97_1_label_fake.npz,Fake,Deepfake,0.49276968836784363,0.17892086505889893,0.9883764386177063,0.9999724626541138,0.07039611041545868,0.22618256509304047
M-3HEJpdx2I_103_3_label_fake.npz,Fake,Real,0.2913965776562691,0.08541206270456314,0.30823731422424316,0.9997410178184509,0.02572280541062355,0.037869688123464584
jV2pjBg0srU_802_7_label_fake.npz,Fake,Real,0.3088226456195116,0.25100550055503845,0.7153664827346802,0.00749383307993412,0.26738062500953674,0.30286678671836853
8tD-YwT4oAg_389_2_label_fake.npz,Fake,Deepfake,0.41953396843746305,0.07870469242334366,0.9992848038673401,1.0,0.014062702655792236,0.005617643240839243
hR6MLH3vp80_1080p_114_1_711_label_fake.npz,Fake,Real,0.04364593849750235,0.08140747994184494,0.10915790498256683,0.0002530501806177199,0.02101685293018818,0.006394404452294111
1_Jasoml4DM_2_3_label_fake.npz,Fake,Deepfake,0.548690140247345,0.3973579704761505,0.9928788542747498,1.0,0.06488779187202454,0.28832608461380005
RljjbDv06SE_81_1_label_fake.npz,Fake,Deepfake,0.4199874982237816,0.32656344771385193,0.25291237235069275,0.9430989027023315,0.472038209438324,0.10532455891370773
024_036921f7-inQaPF2YoNw_262_2_label_fake.npz,Fake,Real,0.3022536952749443,0.5302402973175049,0.02161208540201187,2.2130965948718995e-09,0.6805686950683594,0.2788473963737488
18393-xrvwv7kdiXk_0_1_label_fake.npz,Fake,Real,0.27880100384354595,0.09511333703994751,0.322964608669281,0.9251579642295837,0.015623118728399277,0.035145990550518036
MzXkiK4ROhQ_55_3_label_fake.npz,Fake,Deepfake,0.6672379389405251,0.3432249128818512,0.996282160282135,0.9999995231628418,0.8791971206665039,0.11748597770929337
15906-1xWUAi4M_Dw_81_1_label_fake.npz,Fake,Real,0.05013856703622986,0.11082933098077774,0.05763724073767662,1.0350592605234965e-10,0.023558488115668297,0.05866777524352074
56kjnBhGy8Y_1080p_87_3_label_fake.npz,Fake,Real,0.3485967395827174,0.2918929159641266,0.09719191491603851,0.010517879389226437,0.9288802742958069,0.41450071334838867
9CECkqcLjp4_1804_3_303_label_fake.npz,Fake,Real,0.06397697852350585,0.07252545654773712,0.23239222168922424,7.980680116759231e-09,0.009696011431515217,0.005271194968372583
43935-7AldV8ATrJc_117_4_label_fake.npz,Fake,Deepfake,0.3717995539307595,0.5309333205223083,0.5458755493164062,0.11063063889741898,0.08258253335952759,0.588975727558136
u5Ks53-THVE_56_1_label_fake.npz,Fake,Deepfake,0.7512984141707422,0.6950153708457947,0.9901898503303528,1.0,0.9593994617462158,0.1118873879313469
27829-zv3uM90m5Rg_0_2_label_fake.npz,Fake,Deepfake,0.46162523953660184,0.628476083278656,0.023508410900831223,1.2435236840246944e-07,0.730914294719696,0.9252272844314575
437_q__LT1Js9gE_1080p_11_1_512x512_1_1803_withaudio_label_fake.npz,Fake,Real,0.2846223009750247,0.07105251401662827,0.31933942437171936,0.9958850741386414,0.029010942205786705,0.007823550142347813
328_hGvKKIo4tKQ_1080p_19_2_512x512_1_1803_withaudio_label_fake.npz,Fake,Real,0.23795394422486427,0.07192738354206085,0.17878706753253937,0.9182637333869934,0.013520480133593082,0.007271056529134512
0-BD5WJ_hBk_101_1_label_fake.npz,Fake,Deepfake,0.4643028430640698,0.07192155718803406,0.9904825687408447,0.9999997615814209,0.22635433077812195,0.03275599703192711
dMfH7JbxZdY_36_1_label_fake.npz,Fake,Deepfake,0.6696335852146149,0.47060856223106384,0.7557695508003235,0.9641477465629578,0.9605225920677185,0.19711947441101074
Lqg5fiwIQso_45_1_label_fake.npz,Fake,Real,0.04581379189330619,0.08213772624731064,0.11532767862081528,0.00017991183267440647,0.025858020409941673,0.005565622355788946
VifDzyPgBNg_342_17_label_fake.npz,Fake,Deepfake,0.5802246198058129,0.2573397755622864,0.9982383251190186,0.9999785423278809,0.08249031752347946,0.5630761384963989
x92AnU6MUr0_112_2_label_fake.npz,Fake,Deepfake,0.44280033409595493,0.08669449388980865,0.9845628142356873,1.0,0.12831075489521027,0.014433607459068298
Z9_kN3rGJfE_54_1_label_fake.npz,Fake,Real,0.10534836649894715,0.1323399841785431,0.08113591372966766,0.05960893630981445,0.135782852768898,0.1178741455078125
Vbm1Z9Qjy0Q_24_1_label_fake.npz,Fake,Deepfake,0.4982690900564194,0.2193838655948639,0.9936821460723877,0.9999909400939941,0.03830133378505707,0.23998716473579407
NEEN8fSBuWI_370_1_45_label_fake.npz,Fake,Real,0.32843306097202,0.06431205570697784,0.5567030310630798,0.9998644590377808,0.01804788038134575,0.0032378786709159613
WxdaDqICMP8_288_1_label_fake.npz,Fake,Deepfake,0.4355352356098593,0.09631399065256119,0.963778018951416,1.0,0.11143584549427032,0.006148322951048613
6GqonOcxCQQ_214_1_label_fake.npz,Fake,Deepfake,0.49457542300224305,0.23099064826965332,0.8787621259689331,0.999872088432312,0.1253860592842102,0.23786619305610657
33490.png_rGW7sZQ9AYY_822_2_label_fake.npz,Fake,Deepfake,0.6692740395665168,0.4575659930706024,0.5093010663986206,1.0,-1.0,0.7102290987968445
7Fe7jdI2WIA_44_1_label_fake.npz,Fake,Real,0.32463783323764805,0.1616518795490265,0.07260818779468536,0.9527226090431213,0.20497961342334747,0.2312268763780594
VifDzyPgBNg_210_9_label_fake.npz,Fake,Deepfake,0.700953984260559,0.5077557563781738,0.8136962056159973,0.9999994039535522,0.9219071269035339,0.2614114284515381
jyXGeTx0ttw_581_21_label_fake.npz,Fake,Deepfake,0.49284738898277286,0.3112000524997711,0.34552139043807983,0.8112404346466064,0.7169482111930847,0.279326856136322
QCAqiTH6B4U_1080p_108_9_label_fake.npz,Fake,Deepfake,0.44475844204425813,0.14903655648231506,0.9874274730682373,0.971977710723877,0.043969422578811646,0.07138104736804962
QTau-xHsz80_69_1_label_fake.npz,Fake,Deepfake,0.6925680756568909,0.5822440981864929,0.9789782166481018,1.0,0.5381758213043213,0.36344224214553833
U7V-30eueTw_0_1_label_fake.npz,Fake,Real,0.11815270558508928,0.11159312725067139,0.3853333294391632,1.7687703802948818e-05,0.043688174337148666,0.05013120919466019
PjGZ8ORHZc8_39_3_25fps--11755_56kjnBhGy8Y_1080p_40_1_25fps_label_fake.npz,Fake,Deepfake,0.4506395116448403,0.7697573900222778,0.35115861892700195,0.06987033039331436,0.4190865457057953,0.6433246731758118
U-npOf3jGt8_29_1_345_label_fake.npz,Fake,Real,0.13880706416257454,0.07983802258968353,0.06782297790050507,3.679925612232182e-06,0.4677795469760895,0.07859109342098236
00483.png_vebjQP6GXm0_306_1_label_fake.npz,Fake,Real,0.19804922575131062,0.25816503167152405,0.0041453358717262745,1.4857293096858968e-20,0.07602599263191223,0.6519097685813904
uaUeoNnxmco_232_5_label_real.npz,Real,Real,0.16528142483803093,0.06483869254589081,0.7392796874046326,2.707763997022994e-05,0.01751708984375,0.004744576755911112
VALyeyRDH1Q_37_9_label_fake.npz,Fake,Real,0.3349021762609482,0.16837990283966064,0.27454081177711487,0.7288159728050232,0.45102545619010925,0.05174873769283295
awNrju1X3zc_21_2_label_fake.npz,Fake,Deepfake,0.5160481775179506,0.24641017615795135,0.9861899614334106,1.0,0.3347579836845398,0.01288276631385088
wtCogf-htV0_71_1_label_fake.npz,Fake,Deepfake,0.615776401758194,0.47460031509399414,0.9930732846260071,0.9999966621398926,0.40642616152763367,0.20478558540344238
27g6HX_U3ns_6_3_521_label_fake.npz,Fake,Real,0.04464000954758376,0.07242578268051147,0.1341528445482254,1.0557819009994075e-18,0.015485390089452267,0.00113603041972965
18335-8pBbbHNytDg_73_4_label_fake.npz,Fake,Real,0.18500140048563482,0.20734944939613342,0.006768327206373215,0.6168485879898071,0.03110954724252224,0.06293109059333801
15300-NZ7pKLrujBc_8_1_label_fake.npz,Fake,Deepfake,0.3610262789637091,0.7310693264007568,0.3853297829627991,4.712894678959856e-06,0.5244525671005249,0.16427500545978546
25116-53GIoeOAam4_6_2_label_fake.npz,Fake,Real,0.07484028620716476,0.2953088879585266,0.008761568926274776,1.028008456138707e-09,0.010527829639613628,0.059603143483400345
15715-QwWcO0-ne8c_46_1_label_fake.npz,Fake,Real,0.09518903568387031,0.2557973563671112,0.052367378026247025,0.045251842588186264,0.07941935211420059,0.04310924932360649
20709-O1JxQ9OyJRQ_40_2_label_fake.npz,Fake,Deepfake,0.36165781170129774,0.4908290505409241,0.4449019134044647,0.07897715270519257,0.07319694012403488,0.7203840017318726
21007-O4A-dk60Njg_143_3_label_fake.npz,Fake,Deepfake,0.38003893606364725,0.7066985964775085,0.21297556161880493,0.12389305979013443,0.028345106169581413,0.828282356262207
Du1SKO_ri4w_48_139_60_label_fake.npz,Fake,Real,0.02548626082916599,0.06445882469415665,0.045332275331020355,7.862642632971983e-06,0.00985459703952074,0.007777744438499212
20505-b4UXfBoC22A_53_1_label_fake.npz,Fake,Real,0.042892232460506816,0.07433674484491348,0.10409054905176163,6.387744377889248e-08,0.021786628291010857,0.014247176237404346
15982_8-iiYu7NESU_532_3_label_fake.npz,Fake,Real,0.04184195217816198,0.07261323183774948,0.12326733022928238,6.9868264819528125e-12,0.010396337136626244,0.002932861680164933
02162_EoZRPfVRY7I_audio_2_label_fake.npz,Fake,Real,0.04637246710653927,0.056019749492406845,0.15435238182544708,7.46880823498941e-06,0.016582055017352104,0.004900680389255285
18008-3NYH-zyIfZY_11_1_label_fake.npz,Fake,Deepfake,0.7393677741289139,0.6635097861289978,0.24650956690311432,0.8668386936187744,0.9724420309066772,0.9475387930870056
340_uaUeoNnxmco_audio_1_163_label_fake.npz,Fake,Deepfake,0.3736178315244615,0.06921638548374176,0.8742362260818481,0.9098193645477295,0.010336929932236671,0.0044802515767514706
5722-cbtkoZUOR1A_19_3_label_fake.npz,Fake,Real,0.3026296723634005,0.10674568265676498,0.8617821335792542,0.005104864947497845,0.5300530791282654,0.009462601505219936
20509-DCeJZTSFTXs_19_1_label_fake.npz,Fake,Real,0.21037458479404453,0.06948038935661316,0.00553034245967865,0.9473053812980652,0.01062752865254879,0.01892928220331669
51_wdNhtZOGxBw_229_7_label_fake.npz,Fake,Real,0.03918409019242973,0.07112526148557663,0.10674382001161575,0.0004351352108642459,0.0144502567127347,0.003165977541357279
PHMafVnjks8_535_1_25fps--06843_Je9hLZKYTz4_93_15_25fps_label_fake.npz,Fake,Deepfake,0.46218215492554016,0.5317086577415466,0.8353860974311829,0.0005516840610653162,0.24294599890708923,0.7003183364868164
_NxbN7iCl3w_9_1_label_real.npz,Real,Real,0.0378704252725606,0.07627134770154953,0.09587713330984116,3.639100826235975e-11,0.011229091323912144,0.005974553991109133
270_7AldV8ATrJc_205_1_label_fake.npz,Fake,Real,0.07952689683588689,0.07089612632989883,0.2982788681983948,0.00023383864026982337,0.022716494277119637,0.005509156733751297
GtBnj3Z3eO4_17_1_51_label_fake.npz,Fake,Real,0.04756285888743151,0.07586438208818436,0.06531169265508652,6.55491112411255e-06,0.042813293635845184,0.05381837114691734
278_HQILxqS831E_audio_2_98_label_fake.npz,Fake,Real,0.01885085034009535,0.07058753073215485,0.008681027218699455,0.00022611547319684178,0.009005165658891201,0.005754412617534399
343.png_Je9hLZKYTz4_122_42_label_fake.npz,Fake,Deepfake,0.4561504588462412,0.4568297564983368,0.8215454816818237,0.00414081709459424,0.5473106503486633,0.4509255886077881
266_o4qerM8M37s_audio_3_512x512_1_1026_withaudio_label_fake.npz,Fake,Real,0.23219947647303343,0.0677400603890419,0.19889718294143677,0.8657041192054749,0.020576635375618935,0.008079384453594685
74_NEEN8fSBuWI_302_1_label_fake.npz,Fake,Real,0.039128782577790844,0.07342611998319626,0.10260912775993347,2.528428922232706e-06,0.012340139597654343,0.007265997119247913
14206-WXosPmTQq4o_197_1_label_fake.npz,Fake,Real,0.13085416983813047,0.33591821789741516,0.00847858190536499,0.0002518659457564354,0.034133389592170715,0.27548879384994507
29164-b4UXfBoC22A_38_3_label_fake.npz,Fake,Real,0.34058540500981893,0.3562339246273041,0.1402377188205719,1.8767158938004513e-09,0.43471989035606384,0.7717354893684387
201-D7nFQYc20k8_236_1_label_fake.npz,Fake,Real,0.3207835733890534,0.4055342674255371,0.04085782170295715,0.17938323318958282,0.8510289788246155,0.12711356580257416
073_f39658d0.jpg_KyeC6d6MTSU_172_13_label_fake.npz,Fake,Deepfake,0.5827521714381874,0.6535457968711853,0.6867815852165222,0.0061001344583928585,0.8575629591941833,0.7097703814506531
4jEjuJX169k_342_1_442_label_fake.npz,Fake,Real,0.11143233962357044,0.0667920932173729,0.13735421001911163,0.2961674928665161,0.04887141287326813,0.007976489141583443
7783-lSCTGJbObOg_347_1_label_fake.npz,Fake,Real,0.25099999173544346,0.07557428628206253,0.17989173531532288,0.9869827032089233,0.010451599955558777,0.002099633915349841
037_cff9f22d.jpg_Du1SKO_ri4w_83_12_label_fake.npz,Fake,Deepfake,0.41554528762890186,0.4560219943523407,0.27962711453437805,7.107356850610813e-06,0.8189207315444946,0.5231494903564453
GiRZf3AUfW0_18_1_25fps--199_dwyz8kUPW2M_audio_2_56_label_fake.npz,Fake,Deepfake,0.564401200413704,0.41315770149230957,0.29640623927116394,0.9964242577552795,0.8709191679954529,0.24509863555431366
193-ldI1peHBLa0_67_1_label_fake.npz,Fake,Deepfake,0.44633865952491764,0.1095338985323906,0.801933228969574,0.9061228632926941,0.09310925751924515,0.3209940493106842
6842-ADTwFvHACE4_90_1_label_fake.npz,Fake,Real,0.1582541124895215,0.24027052521705627,0.22274237871170044,0.009678159840404987,0.03776082769036293,0.2808186709880829
8636-NkFOqfFDb1c_48_1_label_fake.npz,Fake,Real,0.15464372083836653,0.2321735918521881,0.2735525071620941,6.371706007257671e-08,0.01736035756766796,0.25013208389282227
1.png_UzfVjgZKjro_1080p_102_2_label_fake.npz,Fake,Real,0.044462121371179816,0.0862668976187706,0.067156121134758,0.00012885639443993568,0.017739633098244667,0.0510190986096859
50266.png_oDO5ZDLTpaw_0_1_label_fake.npz,Fake,Real,0.0630133206024766,0.06747345626354218,0.020448261871933937,0.20676204562187195,0.015523619018495083,0.004859220236539841
D56tKWtAMbw_495_1_25fps--234_l0x-olnBLLg_330_5_25fps_label_fake.npz,Fake,Real,0.3217118356376886,0.5140185356140137,0.02497192472219467,0.019575679674744606,0.4783320426940918,0.5716609954833984
1689-ADTwFvHACE4_67_1_label_fake.npz,Fake,Real,0.07621516029321357,0.18979139626026154,0.006819574162364006,6.972639675950631e-05,0.025024816393852234,0.1593702882528305
12627-pNogULi28gs_120_2_label_fake.npz,Fake,Deepfake,0.450498353689909,0.646756649017334,0.01887710765004158,0.06387976557016373,0.6345667243003845,0.8884115219116211
18428-a5bLHLqaNDg_153_5_label_fake.npz,Fake,Real,0.11680476875335445,0.3621008098125458,0.16272936761379242,0.00016094862075988203,0.04069031402468681,0.018342403694987297
127-y0m5woySQhM_391_2_label_fake.npz,Fake,Real,0.11460212216479705,0.22121500968933105,0.04015979543328285,0.0005064852884970605,0.05204548314213753,0.2590838372707367
098_f0bc37c7.jpg_u-X671JqQWA_48_86_label_fake.npz,Fake,Deepfake,0.40667542852461336,0.5328459739685059,0.047931067645549774,0.004401305690407753,0.7990721464157104,0.6491266489028931
10478-2WGnDrVPG8A_30_1_label_fake.npz,Fake,Real,0.15331721295665376,0.5310727953910828,0.04189246520400047,1.0351216133130947e-06,0.1398254930973053,0.05379427596926689
077_e589a0e2_XblD1mtXBWY_4_1-batch-2025-02-06-13-00-20-332_label_fake.npz,Fake,Real,0.10180845726281404,0.10769512504339218,0.2633601129055023,0.004923501051962376,0.0474696084856987,0.08559393882751465
15353-wCZJ8go4Q9A_7_12_label_fake.npz,Fake,Deepfake,0.5075343787670548,0.7024002075195312,0.9450098872184753,2.0634978914382124e-13,0.17464688420295715,0.715614914894104
27209.png_zBJP1v24Llk_71_1_label_fake.npz,Fake,Real,0.0760557140747551,0.07900732010602951,0.26912572979927063,0.00022706741583533585,0.023927494883537292,0.007990958169102669
1661-M-3HEJpdx2I_32_1_label_fake.npz,Fake,Real,0.24758846648037436,0.11097697168588638,0.062308039516210556,0.9999984502792358,0.010274900123476982,0.05438397079706192
21575-GgCnpDg0jwc_60_2_label_fake.npz,Fake,Real,0.02817228443818749,0.07089193910360336,0.03549845889210701,5.28096170455683e-05,0.028526214882731438,0.0058919996954500675
cyyeokhRDgI_889_1_label_real.npz,Real,Deepfake,0.431217221915722,0.5122049450874329,0.8660441040992737,0.08800727128982544,0.09915509074926376,0.5906746983528137
027_7c6c360c.jpg_Lc0n7WuOwDs_1080p_159_5_label_fake.npz,Fake,Real,0.19449292577091912,0.11678250879049301,0.10002705454826355,2.3696215976087842e-06,0.593712568283081,0.16194012761116028
keEKlr2dG-I_47_2_label_real.npz,Real,Real,0.04464733197192601,0.07610772550106049,0.0910172164440155,9.631129671561212e-09,0.05282091721892357,0.0032907910645008087
148_UzfVjgZKjro_1080p_102_2_512x512_1_1803_withaudio_label_fake.npz,Fake,Real,0.03917292938567698,0.07387298345565796,0.09435151517391205,0.005215341225266457,0.018932344391942024,0.003492462681606412
7oLtKHmwyRw_886_3_label_real.npz,Real,Real,0.07104207172524185,0.10047628730535507,0.1792638599872589,0.0014233955880627036,0.05941714718937874,0.014629668556153774
19566-uHOEHOoQCWA_4_1_label_fake.npz,Fake,Real,0.06447483360664137,0.16532695293426514,0.012062976136803627,1.8749334458334488e-06,0.013951223343610764,0.13103114068508148
072_c887ec5c.jpg_WYP2eizW7gY_157_1_label_fake.npz,Fake,Real,0.1276294671846699,0.06684613227844238,0.5537918210029602,7.981016096891835e-07,0.01088518276810646,0.006623401772230864
497_A0COLvfTyjc_audio_3_66_label_fake.npz,Fake,Real,0.1559554093517363,0.07646186649799347,0.6622133851051331,0.017115283757448196,0.018226943910121918,0.005759567487984896
316_PjGZ8ORHZc8_65_1_512x512_1_1803_withaudio_label_fake.npz,Fake,Real,0.026789261866360905,0.06410031020641327,0.026184240356087685,0.018800625577569008,0.02111201360821724,0.003749119583517313
UzfVjgZKjro_1080p_97_4_180_label_fake.npz,Fake,Real,0.03405222214296373,0.08392547816038132,0.05564768612384796,1.1007837201759685e-05,0.01175243966281414,0.018924498930573463
22674-_-nNx99qK4A_58_4_label_fake.npz,Fake,Deepfake,0.3595773920242209,0.5610837340354919,0.022050276398658752,0.00013218066305853426,0.7064826488494873,0.508138120174408
086_9b7a99a3.jpg_wdNhtZOGxBw_126_1_label_fake.npz,Fake,Real,0.03721339039766463,0.09887529909610748,0.02364955097436905,3.430844662943855e-05,0.05459387227892876,0.008913921192288399
497_1WuFbrHbnW8_94_5-batch-2025-02-06-13-00-20-201_label_fake.npz,Fake,Real,0.27063962519168855,0.1520964652299881,0.13815197348594666,0.9959486722946167,0.032199881970882416,0.03480113297700882
9cwqheSOIkc_4_label_fake.npz,Fake,Real,0.026494177105200162,0.07055623084306717,0.0495828352868557,2.3430521411960115e-10,0.00790438987314701,0.004427429288625717
cyyeokhRDgI_300_24_label_real.npz,Real,Deepfake,0.3957392097833623,0.49775487184524536,0.8860650062561035,6.570763377844457e-10,0.1625516712665558,0.43232449889183044
286_7AldV8ATrJc_239_1_512x512_1_1803_withaudio_label_fake.npz,Fake,Real,0.030929166830935634,0.07602178305387497,0.05757841095328331,1.3694096878680284e-07,0.01299706008285284,0.008048443123698235
18161-J-vYXU4vqcY_1_1_label_fake.npz,Fake,Real,0.23929665666073563,0.07175084948539734,0.11355479806661606,0.9973894953727722,0.010771567933261395,0.0030165724456310272
063_1fb10bab.jpg_1aIMkhQHGO0_23_4_label_fake.npz,Fake,Real,0.1302622099289712,0.1899918168783188,0.42745763063430786,4.070086490060021e-10,0.013751203194260597,0.020110398530960083
18849_vD3nsZApevw_204_1_label_fake.npz,Fake,Real,0.034399844940344336,0.05750215798616409,0.09989824146032333,0.00010226434824289754,0.011307520791888237,0.0031890401151031256
36_7ua-Uet5y28_audio_3_label_fake.npz,Fake,Real,0.23449995305843602,0.6890389323234558,0.005996221210807562,6.251446649230274e-08,0.35413795709609985,0.12332659214735031
293_keEKlr2dG-I_7_1_512x512_1_1803_withaudio_label_fake.npz,Fake,Real,0.04110820516943932,0.07937856018543243,0.08339963853359222,0.00014532753266394138,0.03888580948114395,0.003731690114364028
12814-itFwx1CZM9I_99_2_label_fake.npz,Fake,Real,0.16433087550103667,0.07180547714233398,0.12256033718585968,0.2569359242916107,0.3599906861782074,0.01036195270717144
D56tKWtAMbw_1235_1_29_label_fake.npz,Fake,Real,0.03180067809298635,0.07336831092834473,0.06821358948945999,0.0037927923258394003,0.010567637160420418,0.0030610605608671904
18830-9_O7qXqrMfE_94_1_label_fake.npz,Fake,Real,0.09296302547954838,0.08564382046461105,0.2222280651330948,3.550268229446374e-05,0.019960226491093636,0.13694751262664795
15069.png_zr6OpxBh5DA_383_2_label_fake.npz,Fake,Real,0.05611189305782319,0.06885399669408798,0.18075121939182281,0.014282571151852608,0.012879295274615288,0.003792382776737213
42092.png_qxiG3Ycr0oM_32_1_label_fake.npz,Fake,Real,0.12398554837513984,0.17608679831027985,0.3119403123855591,5.227605015534209e-07,0.013113654218614101,0.11878645420074463
20856-I5oeY5O5oJI_42_1_label_fake.npz,Fake,Deepfake,0.4954922027885914,0.3252745568752289,0.5748077630996704,0.034699443727731705,0.937358021736145,0.6053212285041809
21807-3NYH-zyIfZY_25_1_label_fake.npz,Fake,Deepfake,0.4131261328126811,0.6167192459106445,0.19703516364097595,1.1519917961777537e-06,0.5346902012825012,0.7171849012374878
26389.png_1aIMkhQHGO0_28_12_label_fake.npz,Fake,Real,0.1614166966084237,0.15217849612236023,0.6088499426841736,1.880502420448238e-10,0.033159177750349045,0.012895866297185421
44803.png_wf32v1liDSQ_235_1_label_fake.npz,Fake,Real,0.06095072697062279,0.06900086998939514,0.19996491074562073,6.893068348290399e-05,0.022414518520236015,0.01330440491437912
083_16b5e7ab_78p4J0EEepU_6_2-batch-2025-02-06-13-00-20-12_label_fake.npz,Fake,Real,0.31412608540267684,0.689556896686554,0.645341157913208,2.944798325188458e-05,0.07817917317152023,0.1575237512588501
356-UzfVjgZKjro_1080p_48_8_label_fake.npz,Fake,Deepfake,0.4976581752300262,0.7468594908714294,0.12379340827465057,0.13288848102092743,0.5470532178878784,0.9376962780952454
34_0m3uQApRWVY_audio_3_label_fake.npz,Fake,Real,0.02432534694671631,0.06877424567937851,0.00891631655395031,8.605806874572459e-26,0.03470402956008911,0.009232142940163612
16004.png_De5FGogMWzQ_121_1_label_fake.npz,Fake,Real,0.03538204990327359,0.0758848562836647,0.06085337698459625,0.005812470801174641,0.02000468410551548,0.014354861341416836
15212-LUn8IjZKBPg_51_1_label_fake.npz,Fake,Real,0.06343734109723301,0.06136754900217056,0.2104378044605255,1.8814296709024347e-05,0.03951311111450195,0.0058494266122579575
PHMafVnjks8_35_1_183_label_fake.npz,Fake,Real,0.07031304864212871,0.06699471920728683,0.03156188130378723,0.21861319243907928,0.027193069458007812,0.0072023808024823666
00505.png_rGW7sZQ9AYY_605_1_label_fake.npz,Fake,Deepfake,0.717020219564438,0.4987872540950775,0.7090829610824585,0.999993085861206,0.5917671918869019,0.7854706048965454
14050-trevouDeEyo_2_1_label_fake.npz,Fake,Real,0.10387155264616013,0.16390447318553925,0.09333595633506775,2.3679826219145534e-21,0.024486102163791656,0.23763123154640198
029_2f4ca9e5_GK9gq8WEHA0_790_1-batch-2025-02-06-13-00-20-210_label_fake.npz,Fake,Real,0.06283556250200492,0.16980689764022827,0.044051747769117355,3.294969428679906e-05,0.021122382953763008,0.07916383445262909
107_dwyz8kUPW2M_audio_2_label_fake.npz,Fake,Real,0.28283333498984575,0.07498052716255188,0.32942017912864685,0.9790903329849243,0.020312674343585968,0.010362961329519749
192_Je9hLZKYTz4_117_7_512x512_1_1803_withaudio_label_fake.npz,Fake,Real,0.15310971532016993,0.0687461793422699,0.5580693483352661,0.11932343244552612,0.013163604773581028,0.006246011704206467
wdNhtZOGxBw_229_6_25fps--04749_OpitcLEYak8_1080p_70_10_25fps_label_fake.npz,Fake,Deepfake,0.3602912038564683,0.9238914847373962,0.02589607983827591,0.2719711363315582,0.035067446529865265,0.5446298718452454
095_fc25a60b.jpg_JFBVpNgehIg_1080p_102_7_label_fake.npz,Fake,Real,0.058434221449715565,0.08053392171859741,0.0930224284529686,7.613898924319074e-05,0.08063504099845886,0.03790357708930969
461_itmL4UpC5eQ_audio_short_label_fake.npz,Fake,Real,0.022663689864448135,0.07553564757108688,0.016802392899990082,1.3672879495274515e-09,0.014459140598773956,0.006521266885101795
29944-d2om_PGtwWY_33_2_label_fake.npz,Fake,Deepfake,0.6104159697890282,0.5937961935997009,0.06872808188199997,0.9769023656845093,0.6368597149848938,0.7757934927940369
5447-nlrjxL_frmk_100_1_label_fake.npz,Fake,Real,0.1570855294194189,0.08360814303159714,0.6283946633338928,0.00011458100198069587,0.024294447153806686,0.04901581257581711
275-lZ3gDXlLRfA_4_1_label_fake.npz,Fake,Real,0.1495388420065865,0.22286951541900635,0.0015195617452263832,0.0013965292600914836,0.45167768001556396,0.07023092359304428
28_Y7ZKnBkWoHM_audio_1_label_fake.npz,Fake,Real,0.0540617130697475,0.11071623861789703,0.01568417251110077,3.5070896382306815e-13,0.08787773549556732,0.05603041872382164
2901-QwWcO0-ne8c_36_2_label_fake.npz,Fake,Deepfake,0.6870890274643898,0.7553707361221313,0.11861241608858109,0.9786096811294556,0.6402773857116699,0.9425749182701111
020_c1a8bc2c_4DXBHgW9NlI_280_12-batch-2025-02-06-13-00-20-416_label_fake.npz,Fake,Real,0.17483157895858317,0.0742114931344986,0.7561525106430054,7.4030076575581916e-06,0.036200735718011856,0.007585752289742231
039_3daa67cf_1WuFbrHbnW8_94_5-batch-2025-02-06-13-00-20-171_label_fake.npz,Fake,Real,0.25139846820384265,0.08254712074995041,0.13815197348594666,0.9959486722946167,0.025578422471880913,0.014766152016818523
001_08212dcd.jpg_cyyeokhRDgI_927_2_label_fake.npz,Fake,Deepfake,0.6225496858358384,0.48157474398612976,0.9048933982849121,0.9524596929550171,0.13778866827487946,0.6360319256782532
139_1xkOIPjOIGo_audio_2_label_fake.npz,Fake,Real,0.025267467975027106,0.07024746388196945,0.01969481259584427,5.885732207389083e-06,0.02870078943669796,0.007688388228416443
37046_t86T9sem8EM_116_1_label_fake.npz,Fake,Real,0.13069903953437462,0.06241263821721077,0.5509265661239624,8.081320993369445e-05,0.025372490286827087,0.014702689833939075
28970-fAh51cqF86I_36_1_label_fake.npz,Fake,Real,0.28418538346886635,0.10652589052915573,0.2700529098510742,0.9610514640808105,0.030983861535787582,0.05231279134750366
077_e589a0e2_msJFD79STuU_321_5-batch-2025-02-06-13-00-20-348_label_fake.npz,Fake,Real,0.3187331780878594,0.28560730814933777,0.2230357825756073,9.810183837544173e-05,0.8536252975463867,0.23129940032958984
6.png_JFBVpNgehIg_1080p_116_1_label_fake.npz,Fake,Real,0.1682889150455594,0.10593058168888092,0.013691061176359653,0.5557554364204407,0.09078872948884964,0.07527876645326614
496_1WuFbrHbnW8_94_5-batch-2025-02-06-13-00-20-321_label_fake.npz,Fake,Real,0.2488968225196004,0.08222468197345734,0.13815197348594666,0.9959486722946167,0.015416927635669708,0.012741857208311558
39363_-Cg7IYe6Avw_audio_1_12_label_fake.npz,Fake,Real,0.05532023610638701,0.15152530372142792,0.08659901469945908,3.822998362323915e-09,0.01585785113275051,0.022619007155299187
cZ_DoJj9PXQ_12_4_50_label_fake.npz,Fake,Real,0.048606700822711256,0.07964254170656204,0.13844312727451324,1.331274165782177e-15,0.015188892371952534,0.009758942760527134
47156-eWj2-6q2ybk_248_2_label_fake.npz,Fake,Real,0.1860798555235306,0.583270251750946,0.033111441880464554,7.2618922786205076e-06,0.15316839516162872,0.1608419269323349
28736-bOshKjz0WsQ_11_6_label_fake.npz,Fake,Real,0.16534648928314405,0.06806536763906479,0.7326969504356384,7.892397846376298e-09,0.018349915742874146,0.007620204705744982
6682-DZPR3UVoHCU_25_1_label_fake.npz,Fake,Real,0.04734778762795031,0.1779993623495102,0.018413105979561806,0.0005254608113318682,0.02578323893249035,0.014017770066857338
24555-3C3zslsslRs_3_1_label_fake.npz,Fake,Real,0.10731551997851058,0.2053508311510086,0.180306077003479,1.2366870578262024e-05,0.04708455130457878,0.10382377356290817
4424-VpELBj01GWo_119_4_label_fake.npz,Fake,Deepfake,0.39668520469143237,0.4843984544277191,0.042526740580797195,1.825017914569571e-10,0.722059428691864,0.7344413995742798
063_61a5b737-zr6OpxBh5DA_202_1_label_fake.npz,Fake,Real,0.07226355549214532,0.2162122279405594,0.03190573304891586,2.6201962555205682e-06,0.018088188022375107,0.0951090082526207
21391-6xWbT6xIeaM_67_1_label_fake.npz,Fake,Real,0.1340589731989562,0.2832191288471222,0.031275324523448944,2.8937727214461972e-11,0.09983759373426437,0.2559628188610077
19_y3AWF-TNUqE_audio_3_4_label_fake.npz,Fake,Real,0.04964633285999298,0.07709312438964844,0.0473044253885746,0.10627322643995285,0.009678677655756474,0.007882210426032543
14882-fcYeXCacyrk_144_1_label_fake.npz,Fake,Real,0.08369038030505181,0.13426892459392548,0.0122101791203022,0.038797564804553986,0.06365923583507538,0.16951599717140198
Je9hLZKYTz4_86_8_25fps--300_-NMs56pQ9EE_52_3_25fps_label_fake.npz,Fake,Real,0.2992074140115619,0.6353856921195984,0.06056211143732071,3.1407694223162252e-06,0.07250182330608368,0.7275843024253845
419_d2nQ564jMOw_audio_3_92_label_fake.npz,Fake,Real,0.16766263470053672,0.06182094290852547,0.6048052906990051,0.13638225197792053,0.02377733774483204,0.011527350172400475
14661-pNogULi28gs_0_1_label_fake.npz,Fake,Deepfake,0.4940388753509638,0.4972808063030243,0.20686684548854828,8.170610499291797e-08,0.833023726940155,0.9330229163169861
14_4sbIYImHx3U_audio_3_label_fake.npz,Fake,Real,0.16088967290706935,0.07188697159290314,0.0013115808833390474,0.6919040679931641,0.02986668050289154,0.00947906356304884
77_2N2yMoz-y6I_audio_3_label_fake.npz,Fake,Real,0.1696531198748865,0.11093105375766754,0.6825811266899109,4.6946812659598436e-08,0.047721005976200104,0.007032366003841162
43659.png_GNkwgfQFj60_208_4_label_fake.npz,Fake,Deepfake,0.46185458451511174,0.6482366919517517,0.06913349777460098,8.485700071217059e-14,0.8319271206855774,0.7599756121635437
5346-sUv353ua7E8_40_2_label_fake.npz,Fake,Deepfake,0.5192314557731152,0.32442086935043335,0.04690384492278099,0.9994612336158752,0.9583841562271118,0.2669871747493744
D56tKWtAMbw_863_1_label_real.npz,Real,Real,0.16313548535108566,0.349455326795578,0.10377933084964752,0.033172380179166794,0.03632333502173424,0.29294705390930176
326-TkkHKU_lLqU_121_1_label_fake.npz,Fake,Deepfake,0.434964582324028,0.6261399388313293,0.1510254144668579,0.23824821412563324,0.5325902700424194,0.6268190741539001
38756-IK5BZdnqMDU_315_3_label_fake.npz,Fake,Real,0.32059284299012913,0.6485055088996887,0.03820217028260231,8.82863844253734e-07,0.3351026177406311,0.5811530351638794
9536-E1R1P_NyvF8_100_1_label_fake.npz,Fake,Real,0.16473871832715128,0.3356221616268158,0.006588760297745466,8.214448273067415e-14,0.06395085155963898,0.417531818151474
Du1SKO_ri4w_48_139_label_real.npz,Real,Deepfake,0.4037045236324047,0.599496066570282,0.1729707568883896,2.915953336923849e-05,0.6944002509117126,0.5516263842582703
12884-KEz7EZcfVts_0_1_label_fake.npz,Fake,Real,0.04223477678760262,0.0862913653254509,0.08476945012807846,7.749317632033126e-09,0.02534415014088154,0.014768910594284534
lXXCH-gBGzI_89_60_243_label_fake.npz,Fake,Real,0.020809474966154082,0.069283127784729,0.014633508399128914,2.9287564757396467e-05,0.016554705798625946,0.0035467452835291624
46944.png_KyeC6d6MTSU_190_1_label_fake.npz,Fake,Real,0.2693136661313475,0.06779395788908005,0.2590016722679138,0.9942575693130493,0.0187902320176363,0.006724899169057608
167_b2390a04-WxdaDqICMP8_155_1_label_fake.npz,Fake,Real,0.14945636211923558,0.509421169757843,0.014158674515783787,6.718686927342787e-05,0.09042313694953918,0.1332116425037384
066_50092138.jpg_gIrpCS5CRYU_635_1_label_fake.npz,Fake,Real,0.3152943046748987,0.4057702124118805,0.15473097562789917,5.7579010899644345e-05,0.8679813146591187,0.14793144166469574
3497-Ne-1bg2Ifn4_74_1_label_fake.npz,Fake,Deepfake,0.3519040454179048,0.38201668858528137,0.24382761120796204,0.9356184601783752,0.028621116653084755,0.16943635046482086
35385.png_GtBnj3Z3eO4_17_1_label_fake.npz,Fake,Real,0.1895193682270474,0.801557719707489,0.08972851186990738,0.0001216909076902084,0.023802798241376877,0.03238612040877342
29780-vYG3_0iwY6Q_29_1_label_fake.npz,Fake,Real,0.04976980464998633,0.15212677419185638,0.037993162870407104,0.00041819189209491014,0.02841961197555065,0.029891282320022583
28539-6w9ikJPzTOA_30_1_label_fake.npz,Fake,Real,0.06251168013550341,0.06027832254767418,0.06900592148303986,0.16789749264717102,0.012616618536412716,0.002760045463219285
21921-awYvLQ53n3M_0_1_label_fake.npz,Fake,Real,0.3281906768679619,0.34873390197753906,0.3274483382701874,0.5868850946426392,0.1216702088713646,0.2562158405780792
19_ziKLnr38F-A_audio_short_512x512_1_1026_withaudio_label_fake.npz,Fake,Real,0.03228708801987494,0.07388104498386383,0.06858303397893906,1.0189651078462703e-07,0.013426624238491058,0.005544635001569986
191_o6kL4Ik6rVE_audio_1_512x512_1_1026_withaudio_label_fake.npz,Fake,Real,0.037887436325399905,0.07255487889051437,0.06826113164424896,3.17701451422181e-05,0.045121874660253525,0.003467526286840439
497_sba-i5-e3WY_3816_1-batch-2025-02-06-13-00-20-200_label_fake.npz,Fake,Real,0.26509864781922415,0.8370692133903503,0.01595206931233406,1.1405662192487398e-08,0.0869986042380333,0.3854733407497406
1889-x92AnU6MUr0_96_4_label_fake.npz,Fake,Deepfake,0.35639881305396554,0.07394757121801376,0.6911790370941162,0.999718964099884,0.010710914619266987,0.006437578238546848
3782-SWHweN9WlkU_72_2_label_fake.npz,Fake,Deepfake,0.5656263614539057,0.885084331035614,0.11267001181840897,0.0022123504895716906,0.8814626932144165,0.9467024207115173
J_ComKnl1hk_7_9_578_label_fake.npz,Fake,Real,0.04653305561475936,0.07637043297290802,0.04251343756914139,5.6275838156150115e-11,0.03366899490356445,0.08011241257190704
36576.png_O_6kW3Mrkm8_66_1_label_fake.npz,Fake,Real,0.17699532061815262,0.06751664727926254,0.05987706407904625,0.7025147676467896,0.027236362919211388,0.02783176116645336
03916_nBhxjAQzAg4_audio_1_label_fake.npz,Fake,Real,0.1865070735104382,0.06646448373794556,0.8335235118865967,0.0034541157074272633,0.0228833369910717,0.006209919229149818
97_0JoQSGXmReo_audio_2_label_fake.npz,Fake,Real,0.06496934747076323,0.08169632405042648,0.20470111072063446,9.580269022535504e-09,0.032620951533317566,0.005828341469168663
146.png_f4S7SIVAHuw_9_10_label_fake.npz,Fake,Real,0.0688862197101387,0.09791842848062515,0.16921299695968628,1.354126907176026e-13,0.014714214950799942,0.06258545815944672
fnYlmAS2w3Y_65_label_fake.npz,Fake,Real,0.07163474276002973,0.0861615315079689,0.15344630181789398,2.3063854825977614e-08,0.028805270791053772,0.08976058661937714
4ztEkclvJjY_90_6_507_label_fake.npz,Fake,Real,0.14097509616985918,0.05835231766104698,0.6315311193466187,2.0752267916651262e-18,0.009650700725615025,0.005341343116015196
21795-H_c_crxV9O8_106_1_label_fake.npz,Fake,Deepfake,0.581281204930383,0.8002378344535828,0.14542801678180695,1.099165001505753e-05,0.9792600274085999,0.9814691543579102
487_aXCflwBNft4_audio_2_label_fake.npz,Fake,Deepfake,0.3540644204709679,0.17446684837341309,0.14898844063282013,0.0010219246614724398,0.8794097900390625,0.5664350986480713
eWj2-6q2ybk_83_1_363_label_fake.npz,Fake,Real,0.01959490877343342,0.0717751607298851,0.008183237165212631,0.00034645054256543517,0.01014668308198452,0.007523012347519398
ldI1peHBLa0_67_7_label_real.npz,Real,Deepfake,0.40837762830778956,0.07081688195466995,0.9510316848754883,0.9999706745147705,0.015789467841386795,0.004279432352632284
VO2JJnSLtas_7_2_292_label_fake.npz,Fake,Real,0.033743924181908365,0.028493672609329224,0.00866254884749651,0.116818867623806,0.010297753848135471,0.004446777980774641
7712-ezja7-YQ72g_1_4_label_fake.npz,Fake,Real,0.16584645988127705,0.1229710578918457,0.5725532174110413,1.9685219285747735e-06,0.037123605608940125,0.09658244997262955
12627-53GIoeOAam4_9_1_label_fake.npz,Fake,Real,0.05761584851934459,0.23730750381946564,0.011166341602802277,5.327481994754635e-05,0.016783617436885834,0.022768504917621613
198.png_Vz-kJATn87E_1080p_161_1_label_fake.npz,Fake,Real,0.2186440296471119,0.3239343762397766,0.025187790393829346,0.03882924094796181,0.14167535305023193,0.5635933876037598
25585-1t8tfCELNck_23_1_label_fake.npz,Fake,Deepfake,0.45193365515260664,0.3314627707004547,0.1642448455095291,4.911238082883074e-11,0.9201027154922485,0.8438579440116882
T47iIAEaLmY_1080p_28_8_25fps--07009_7AldV8ATrJc_115_1_25fps_label_fake.npz,Fake,Real,0.22127620348754926,0.5586547255516052,0.008200469426810741,6.54329868066128e-10,0.1949981302022934,0.3445276916027069
41-dTeNSc1Sp28_161_189_label_fake.npz,Fake,Real,0.117056199349463,0.12391078472137451,0.0017757946625351906,0.019028428941965103,0.4025217592716217,0.03804422914981842
487.png_D92_Zhlb0qE_1080p_87_30_label_fake.npz,Fake,Real,0.3269665077328682,0.08387380093336105,0.5971955060958862,0.8646743297576904,0.04881717637181282,0.04027172550559044
kQPvtHeUUfU_92_9_25fps--35025_q__LT1Js9gE_1080p_102_1_25fps_label_fake.npz,Fake,Real,0.12325208843576546,0.24013033509254456,0.13573849201202393,7.2487109719077125e-06,0.19508478045463562,0.04529958590865135
_QCP7kiW44E_118_3_308_label_fake.npz,Fake,Real,0.024345655368233566,0.0736195370554924,0.02914458140730858,8.343626541318372e-05,0.015124824829399586,0.003755897283554077
068_712660e4--19DTZ6_d6U_1244_1_label_fake.npz,Fake,Real,0.3102631662404747,0.7489428520202637,0.004002105910331011,0.00011951261694775894,0.12656345963478088,0.67168790102005
28029-6cKTSj4a8bQ_138_4_label_fake.npz,Fake,Real,0.23000800013542178,0.1383063793182373,0.09577181935310364,0.8125534057617188,0.035723187029361725,0.06768520921468735
20937.png_sd9dr0qq7cg_162_1_label_fake.npz,Fake,Deepfake,0.5281542733311653,0.2564261555671692,0.9560084342956543,0.998247504234314,0.03165585547685623,0.3984334170818329
18036_eEBMUm3hNj8_audio_2_157_label_fake.npz,Fake,Real,0.03282257560659796,0.07032609730958939,0.06900370121002197,9.611181208540875e-13,0.013918534852564335,0.010864544659852982
022_b60724f6-u-X671JqQWA_62_200_label_fake.npz,Fake,Deepfake,0.3828043786876151,0.6467440724372864,0.11919338256120682,1.1867877219629008e-05,0.3812049925327301,0.7668675780296326
3652-O1JxQ9OyJRQ_131_1_label_fake.npz,Fake,Real,0.07291006646026972,0.11324925720691681,0.16996310651302338,7.333704843404121e-08,0.01889682561159134,0.06244106963276863
029_2f4ca9e5_DR5IQXWY_uA_73_1-batch-2025-02-06-13-00-20-223_label_fake.npz,Fake,Real,0.0537639521532897,0.24433588981628418,0.003244920866563916,2.430774331818597e-12,0.014967713505029678,0.006271236576139927
25971_OpitcLEYak8_1080p_11_3_label_fake.npz,Fake,Real,0.029592154035344723,0.06940915435552597,0.03997432440519333,0.008693869225680828,0.026812994852662086,0.0030704273376613855
25585-Z9_kN3rGJfE_20_2_label_fake.npz,Fake,Real,0.21463840025826358,0.4916139543056488,0.019083626568317413,3.2634445233270526e-05,0.0833902582526207,0.4790715277194977
033_34c27ce3.jpg_E7lIbmnQqgU_322_2_label_fake.npz,Fake,Real,0.11230184994638882,0.18720214068889618,0.058593157678842545,4.5750644890379596e-14,0.0305869672447443,0.2851269841194153
25124-KFOvtqspEZk_74_1_label_fake.npz,Fake,Real,0.1137390228366712,0.13279683887958527,0.3588743805885315,0.0002193648397224024,0.03660869598388672,0.04019583389163017
ldI1peHBLa0_67_10_label_real.npz,Real,Real,0.19312843205407262,0.0713094100356102,0.8315752148628235,0.04847658798098564,0.01028190366923809,0.003999043721705675
9072-A-BRu8z7ztk_24_1_label_fake.npz,Fake,Real,0.018927226401868683,0.0691145658493042,0.006674356292933226,1.5994324937293296e-14,0.012731023132801056,0.006116186734288931
0mnBxMvTbts_5_1_label_real.npz,Real,Real,0.10664707016109105,0.07251741737127304,0.4394248425960541,9.524590609544248e-07,0.014300011098384857,0.006992127280682325
414_Lc0n7WuOwDs_1080p_0_1_512x512_1_1803_withaudio_label_fake.npz,Fake,Real,0.1365278758108616,0.07026966661214828,0.2536981999874115,0.1893463134765625,0.16302160918712616,0.006303589791059494
H1ajK1qLRWc_1080p_71_1_label_real.npz,Real,Real,0.2872153922915459,0.5701727867126465,0.07382258027791977,0.00017572194337844849,0.10634153336286545,0.6855643391609192
061_4544a552.jpg_Lc0n7WuOwDs_1080p_236_2_label_fake.npz,Fake,Deepfake,0.4701367944478989,0.4630841314792633,0.09795026481151581,0.9988625049591064,0.33530867099761963,0.45547839999198914
018_2974b20a-62ywI44YAxQ_33_2_label_fake.npz,Fake,Deepfake,0.5721625328166744,0.9157350659370422,0.23226767778396606,5.138948988570036e-11,0.9724017977714539,0.7404081225395203
057_7f34f0f4.jpg_ldI1peHBLa0_67_7_label_fake.npz,Fake,Deepfake,0.40641961693763734,0.061628952622413635,0.9477204084396362,0.9995108842849731,0.014792370609939098,0.008445468731224537
27651-K6rSVoAakQ8_50_1_label_fake.npz,Fake,Real,0.2425887319725007,0.07418541610240936,0.1755254715681076,0.9493190050125122,0.011004630476236343,0.002909136703237891
uaUeoNnxmco_219_1_label_real.npz,Real,Real,0.11572531210258603,0.06926887482404709,0.3287378251552582,0.16378919780254364,0.012587947770953178,0.004242714960128069
9RZI_ZKQwRc_45_4_474_label_fake.npz,Fake,Real,0.0184919479303062,0.07151242345571518,0.004055764991790056,7.74389054699506e-25,0.008895957842469215,0.00799559336155653
85_mNUVrrrSzIM_audio_2_label_fake.npz,Fake,Real,0.03551201093941961,0.08189945667982101,0.06942950189113617,1.7004797338643286e-15,0.017300451174378395,0.008930644951760769
259_7F45HwAkc1A_1080p_112_1_512x512_1_1803_withaudio_label_fake.npz,Fake,Real,0.017650574631989,0.045535165816545486,0.015812207013368607,0.004004821181297302,0.016301888972520828,0.006598790176212788
33_TXszVudcarI_audio_2_label_fake.npz,Fake,Real,0.1688723182305694,0.1084771677851677,0.010801157914102077,0.681479811668396,0.02335165999829769,0.020251793786883354
fzFCxS8Az2g_139_4_48_label_fake.npz,Fake,Real,0.02509208391420543,0.06789113581180573,0.036731891334056854,0.002789668971672654,0.01172154862433672,0.006326174829155207
076_d4ee20ae.jpg__sAbvloLTNQ_1568_1_label_fake.npz,Fake,Real,0.07395280664790903,0.2007172852754593,0.005660350900143385,2.1030009331179933e-13,0.14090192317962646,0.022484473884105682
14155-0Mi0miIN6tA_131_1_label_fake.npz,Fake,Real,0.23876905152048666,0.32005348801612854,0.2529599964618683,1.3454983616156824e-07,0.327187180519104,0.2936444580554962
SN_ezyaGtjs_29_1_label_fake.npz,Fake,Real,0.019922423275220782,0.06814791262149811,0.01331931259483099,1.958587958483804e-08,0.011369854211807251,0.006775017362087965
042_2ccd070f.jpg_K92gto9SW2U_445_22_label_fake.npz,Fake,Real,0.2768679708242455,0.5867593884468079,0.020885810256004333,1.9435181139145288e-14,0.2883339524269104,0.4883607029914856
10554-LUn8IjZKBPg_37_2_label_fake.npz,Fake,Real,0.08923631464131178,0.07380260527133942,0.34807127714157104,8.855783380568027e-05,0.012078494764864445,0.012140638194978237
WYP2eizW7gY_123_1_120_label_fake.npz,Fake,Real,0.04392868161936221,0.07314952462911606,0.10457459092140198,1.5496691929683948e-08,0.01530779991298914,0.02661147713661194
53854.png_bSVCG7iOG5I_63_1_label_fake.npz,Fake,Real,0.08873513080179692,0.2954902648925781,0.01819256693124771,0.011684080585837364,0.08339715003967285,0.034911591559648514
UzfVjgZKjro_1080p_102_1_25fps--24676_q__LT1Js9gE_1080p_0_9_25fps_label_fake.npz,Fake,Real,0.08443016313249246,0.18064144253730774,0.08417461067438126,0.0005833532777614892,0.0349692702293396,0.12178213894367218
23620-QTau-xHsz80_123_1_label_fake.npz,Fake,Real,0.1396057739853859,0.17132604122161865,0.19933158159255981,0.07360153645277023,0.05943886935710907,0.1943308413028717
wdNhtZOGxBw_266_1_25fps--38992_9RZI_ZKQwRc_28_4_25fps_label_fake.npz,Fake,Deepfake,0.5898155894130468,0.8148969411849976,0.009173942729830742,0.9988886713981628,0.3801242411136627,0.7459941506385803
499_GK9gq8WEHA0_790_1-batch-2025-02-06-13-00-20-360_label_fake.npz,Fake,Real,0.04735398804114084,0.10780789703130722,0.044051747769117355,3.294969428679906e-05,0.032901667058467865,0.05197567865252495
10451-MOBGaVJH54A_16_1_label_fake.npz,Fake,Real,0.06051455312408507,0.08039733022451401,0.08316458016633987,0.0005428504664450884,0.13313019275665283,0.005337812006473541
11520-mRNCLRo9JAM_31_10_label_fake.npz,Fake,Real,0.05777264780408587,0.07292257994413376,0.17423158884048462,2.116537871188484e-05,0.03132904693484306,0.010358857922255993
056_ccaa5638.jpg_1P9nl9tBK38_498_1_label_fake.npz,Fake,Real,0.1583569749239075,0.24183359742164612,0.029272815212607384,1.3872919479851475e-09,0.1335737407207489,0.38710471987724304
080_38c2109a.jpg_H1ajK1qLRWc_1080p_25_1_label_fake.npz,Fake,Real,0.2728895884007216,0.31791234016418457,0.10203753411769867,0.026794860139489174,0.05098491534590721,0.8667182922363281
p1bOOYSCzxs_20_3_label_real.npz,Real,Real,0.13230517357587815,0.28623300790786743,0.25177815556526184,0.07072673738002777,0.014786269515752792,0.03800169751048088
36_U229xdnLKAg_audio_3_512x512_1_1026_withaudio_label_fake.npz,Fake,Real,0.14091406702063977,0.20819716155529022,0.29052814841270447,0.0031517341267317533,0.12141586095094681,0.08127743005752563
63166_qYHsNiHJpDU_audio_1_20_label_fake.npz,Fake,Real,0.21773005621507766,0.0639539584517479,0.002183613833039999,0.9978237152099609,0.01638069935142994,0.008308294229209423
07506_-VbyZhzAZUA_audio_1_80_label_fake.npz,Fake,Real,0.15796457007527354,0.06709034740924835,0.08204880356788635,0.6171703934669495,0.01574583351612091,0.007767472416162491
060_78fae615.jpg_GiRZf3AUfW0_0_23_label_fake.npz,Fake,Real,0.2752027986571193,0.43070220947265625,0.008517320267856121,0.41470345854759216,0.044312361627817154,0.4777786433696747
19282-NSWcdPWXZQI_8_1_label_fake.npz,Fake,Real,0.05369930250644757,0.13303780555725098,0.04849782958626747,3.178700808348367e-06,0.01215900294482708,0.07479869574308395
y3AWF-TNUqE_725_1_label_real.npz,Real,Deepfake,0.47527087926864625,0.4235106408596039,0.6803070306777954,0.07138779759407043,0.6258687973022461,0.5752801299095154
005_9574c208--G4vMYK4mHY_986_3_label_fake.npz,Fake,Deepfake,0.4528390483232215,0.39774543046951294,0.9961957931518555,0.0019213339546695352,0.5009746551513672,0.3673580288887024
039_3daa67cf_4DXBHgW9NlI_280_12-batch-2025-02-06-13-00-20-176_label_fake.npz,Fake,Real,0.16942005509863522,0.07232434302568436,0.7561525106430054,7.4030076575581916e-06,0.013177728280425072,0.005438290536403656
03GPqk22j-w_213_1_label_real.npz,Real,Real,0.1041369123533202,0.078650563955307,0.4283201992511749,2.402729126771419e-09,0.008660952560603619,0.005052843596786261
19742-LUn8IjZKBPg_53_1_label_fake.npz,Fake,Real,0.08086393911071356,0.06890788674354553,0.3114086985588074,6.859598943265155e-05,0.021076401695609093,0.0028581125661730766
29526-lSCTGJbObOg_17_4_label_fake.npz,Fake,Real,0.03575247442349792,0.057107873260974884,0.08578499406576157,0.0021608294919133186,0.029233235865831375,0.004475439433008432
29167-xGCuF-h-XVc_125_1_label_fake.npz,Fake,Real,0.08994864225387608,0.21684817969799042,0.042890917509794235,1.7681180675596631e-15,0.024375934153795242,0.16562817990779877
2NlEdgEI_mc_116_10_60_label_fake.npz,Fake,Real,0.028935883089454252,0.06805401295423508,0.05381198972463608,2.6484585191610677e-08,0.012708359397947788,0.010105026885867119
lBApoKf5KAQ_25_1_103_label_fake.npz,Fake,Real,0.11812108635886034,0.30509018898010254,0.05433203652501106,5.670449809258571e-06,0.012732488103210926,0.2184450477361679
051_12956682.jpg_lXXCH-gBGzI_65_60_label_fake.npz,Fake,Deepfake,0.37758048202376815,0.6775074601173401,0.004325153771787882,0.0012868334306403995,0.7229204177856445,0.48186254501342773
4638-2gOvQIMWbCY_10_1_label_fake.npz,Fake,Deepfake,0.52971663933713,0.6465232968330383,0.2560783624649048,0.0007916918257251382,0.9281632900238037,0.8170265555381775
12078-O4A-dk60Njg_183_1_label_fake.npz,Fake,Deepfake,0.5129284828963325,0.6893177032470703,0.07460950314998627,3.101747678146971e-11,0.8550838828086853,0.9456313252449036
075_b5f2a9e5-JO4zM3x9SIg_69_1_label_fake.npz,Fake,Deepfake,0.5753730523167178,0.6707796454429626,0.9955506324768066,0.0018723843386396766,0.40207794308662415,0.8065846562385559
031_a92db443-WxdaDqICMP8_458_1_label_fake.npz,Fake,Real,0.16482149024959655,0.5633764266967773,0.02892296388745308,0.0017261112807318568,0.049824509769678116,0.18025743961334229
56kjnBhGy8Y_1080p_82_4_label_real.npz,Real,Real,0.10273417215794325,0.15434041619300842,0.07263746112585068,0.0050743138417601585,0.122439906001091,0.15917876362800598
5oEJ6HpCC1c_25_1_label_real.npz,Real,Real,0.06731142401695252,0.10554920881986618,0.011900810524821281,0.04112924262881279,0.15681302547454834,0.02116483263671398
446.png_dTeNSc1Sp28_531_53_label_fake.npz,Fake,Real,0.2531208924949169,0.18993914127349854,0.10735507309436798,0.8204839825630188,0.06245407089591026,0.085372194647789
259-5xBpkc7-w3A_76_1_label_fake.npz,Fake,Deepfake,0.4276169646531343,0.46333059668540955,0.012017989531159401,0.2811872959136963,0.7840729355812073,0.5974760055541992
21347.png_GtBnj3Z3eO4_63_3_label_fake.npz,Fake,Real,0.1726761929909799,0.6696743965148926,0.03618118166923523,5.775294766863226e-07,0.13996343314647675,0.017561376094818115
428__fWyWcZB7VA_audio_2_512x512_1_1026_withaudio_label_fake.npz,Fake,Deepfake,0.3833501029759645,0.08125253766775131,0.8173182606697083,1.0,0.01385236345231533,0.004327353090047836
7775-AbpNlshqtJc_153_1_label_fake.npz,Fake,Deepfake,0.5560643345117569,0.6852648258209229,0.2351769655942917,0.5152474641799927,0.440691739320755,0.9039406776428223
060_003a8f0c.jpg_K3O_-Mjls_Q_1080p_105_1_label_fake.npz,Fake,Real,0.22273962534964087,0.3981332778930664,0.0828879326581955,0.008361117914319038,0.24884554743766785,0.37547025084495544
u-X671JqQWA_105_70_25fps--51835_BWQSACpMBOY_audio_3_147_label_fake.npz,Fake,Deepfake,0.6318528513579622,0.7560968995094299,0.940314531326294,1.7188335732498672e-06,0.7742341756820679,0.688616931438446
03GPqk22j-w_237_1_548_label_fake.npz,Fake,Real,0.0920679891598411,0.09111366420984268,0.3480735719203949,7.118756184354424e-05,0.0156945139169693,0.005387008190155029
28190-ADTwFvHACE4_90_1_label_fake.npz,Fake,Real,0.06514117675833404,0.06434369087219238,0.2414407581090927,0.004263861104846001,0.013102983124554157,0.00255459058098495
7014-awNrju1X3zc_21_2_label_fake.npz,Fake,Real,0.0296255501922833,0.11419530212879181,0.002940140198916197,2.169129459383967e-12,0.022270431742072105,0.00872187688946724
hNOjkqrz-H8_636_1_label_real.npz,Real,Deepfake,0.4435220898449188,0.34207266569137573,0.9752609729766846,3.6836296203546226e-05,0.4243724048137665,0.4758675694465637
12754-hpsgQkD27BA_136_1_label_fake.npz,Fake,Real,0.037701915088109675,0.1315625160932541,0.0026176099199801683,0.000665646162815392,0.015313522890210152,0.03835028037428856
48964-t8HrZTLRCeU_118_1_label_fake.npz,Fake,Deepfake,0.5859373107552529,0.6824079751968384,0.021519102156162262,0.3946925699710846,0.9692548513412476,0.8618120551109314
20856-bkCpQk_K_jg_73_1_label_fake.npz,Fake,Deepfake,0.37347696369979533,0.4323495030403137,0.022421931847929955,0.0014800942735746503,0.7192639112472534,0.6918693780899048
37_tf_pzTBKuFY_audio_1_512x512_1_1026_withaudio_label_fake.npz,Fake,Real,0.08166031092585907,0.07135511934757233,0.30098363757133484,9.029390082848643e-12,0.022990388795733452,0.012972408905625343
6180-Ip7cs1D5tTQ_90_1_label_fake.npz,Fake,Real,0.043592021731088205,0.06417467445135117,0.13032467663288116,5.838753924791718e-10,0.018240705132484436,0.005220051854848862
UzfVjgZKjro_1080p_102_3_25fps--429_1nnKydcqmDI_24_1_25fps_label_fake.npz,Fake,Real,0.1569148314112681,0.27176499366760254,0.2091105729341507,9.8349955806043e-05,0.05773419514298439,0.24586604535579681
250.png_apnde-Dpq8E_1080p_195_1_label_fake.npz,Fake,Real,0.23196911662817002,0.3376271426677704,0.13194242119789124,0.08794810622930527,0.29608461260795593,0.30624330043792725
32521-dZV2TjhBthE_16_11_label_fake.npz,Fake,Real,0.12104830518364906,0.16961240768432617,0.08103368431329727,0.006805825978517532,0.228329598903656,0.11946000903844833
17586-lSCTGJbObOg_277_3_label_fake.npz,Fake,Real,0.030227008834481237,0.06770630180835724,0.04045591875910759,0.010043825954198837,0.017043273895978928,0.015885723754763603
148-apnde-Dpq8E_1080p_217_2_label_fake.npz,Fake,Deepfake,0.4270266257226467,0.5377392768859863,0.10786908864974976,0.01944301649928093,0.9416279196739197,0.5284538269042969
7571-TalBZ9_fmQk_66_2_label_fake.npz,Fake,Real,0.03481062330512827,0.06729161739349365,0.080292247235775,4.3754570810961013e-07,0.014553041197359562,0.011915773153305054
lXXCH-gBGzI_102_4_25fps--292_aEM1s9Saa-g_87_1_25fps_label_fake.npz,Fake,Deepfake,0.3789727464318779,0.5312207341194153,0.0735599473118782,2.5146977057112496e-13,0.684273898601532,0.6058091521263123
008_31e90c6b-fZNe3xAY9Zw_1080p_37_6_label_fake.npz,Fake,Deepfake,0.6853473350405694,0.8353120684623718,0.054781101644039154,0.7927091121673584,0.8422735333442688,0.9016608595848083
8378-DwbAW8G-57A_30_1_label_fake.npz,Fake,Real,0.09262168572022347,0.10868857055902481,0.288944810628891,6.457496056100354e-05,0.013630460947751999,0.051780011504888535
14906-u5Ks53-THVE_69_1_label_fake.npz,Fake,Real,0.3068190023303032,0.3154357373714447,0.06655068695545197,0.6038522720336914,0.11376810818910599,0.4344882071018219
03032_KrxDbtakbyc_audio_3_label_fake.npz,Fake,Real,0.05929044857987756,0.07185222953557968,0.21182720363140106,1.8328099454789637e-11,0.009740491397678852,0.003032318316400051
03GPqk22j-w_0_1_125_label_fake.npz,Fake,Real,0.03314527147449553,0.07656990736722946,0.07151183485984802,0.0024993938859552145,0.011630509980022907,0.0035147112794220448
fnYlmAS2w3Y_66_label_fake.npz,Fake,Real,0.04909084607188134,0.07107225805521011,0.15344630181789398,2.3063854825977614e-08,0.017831385135650635,0.003104262286797166
De5FGogMWzQ_82_1_label_real.npz,Real,Real,0.21874845158308745,0.16936470568180084,0.038032326847314835,0.13722199201583862,0.7382044792175293,0.010918754152953625
15969-pnuHjaJClto_41_1_label_fake.npz,Fake,Real,0.15011364888196113,0.12089463323354721,0.5356826782226562,0.0001162325861514546,0.02989024668931961,0.0639844536781311
16981-6xWbT6xIeaM_76_1_label_fake.npz,Fake,Real,0.17489332111324135,0.3169030249118805,0.31942492723464966,1.4982882490244265e-08,0.1076369360089302,0.13050170242786407
6944-E7hwoDHfU28_49_3_label_fake.npz,Fake,Real,0.24930361825972797,0.12028040736913681,0.007968117482960224,0.99893718957901,0.04112445190548897,0.07820792496204376
22948_X05-4iCBHC8_audio_2_1_label_fake.npz,Fake,Real,0.22548755439929666,0.06120983511209488,0.0009408367332071066,0.9959186911582947,0.03959263488650322,0.029775774106383324
140__7KzTzpF6Ng_audio_2_512x512_1_1026_withaudio_label_fake.npz,Fake,Real,0.05262672134540835,0.08238573372364044,0.15919719636440277,3.192503483795406e-10,0.015503357164561749,0.006047319155186415
7474-AxxMiihvKgg_34_4_label_fake.npz,Fake,Deepfake,0.3698936216533184,0.2821289896965027,0.034999459981918335,0.059493985027074814,0.9291864633560181,0.5436592102050781
35262.png_PHMafVnjks8_536_1_label_fake.npz,Fake,Real,0.3482071831822396,0.7594099044799805,0.06382610648870468,0.2834436893463135,0.24731259047985077,0.38704362511634827
072_4a17b7fb-Lc0n7WuOwDs_1080p_254_7_label_fake.npz,Fake,Real,0.23862230237573387,0.2869844138622284,0.016661914065480232,0.009536788798868656,0.6892664432525635,0.1906619518995285
hNOjkqrz-H8_592_1_label_real.npz,Real,Real,0.3250761367380619,0.20117710530757904,0.3792758584022522,0.9770569205284119,0.02508479729294777,0.04278600215911865
952-hKx4HGfNgCg_5_3_label_fake.npz,Fake,Real,0.312541232444346,0.07493237406015396,0.44042012095451355,0.9809274673461914,0.054123759269714355,0.012302440591156483
rMrG-WhVhow_204_1_188_label_fake.npz,Fake,Real,0.023649842547979465,0.0840068981051445,0.018680788576602936,3.6496101074590115e-07,0.01101658958941698,0.004544571507722139
29509-KvSxhLryGP0_138_6_label_fake.npz,Fake,Deepfake,0.5451313636098348,0.8227503895759583,0.512885570526123,3.735293648787774e-05,0.4961993396282196,0.8937841653823853
058_a5eb69fb-3b5w2DhtcIM_9_2_label_fake.npz,Fake,Deepfake,0.377886495439779,0.7607124447822571,0.019081247970461845,3.3893044815158646e-08,0.8035128116607666,0.3061259388923645
18739-pnuHjaJClto_15_1_label_fake.npz,Fake,Real,0.2433034247471677,0.1576470285654068,0.7768580317497253,1.273446570415615e-09,0.023694681003689766,0.25831738114356995
36224-PXdPmUJN6k0_74_52_label_fake.npz,Fake,Deepfake,0.5681880068674219,0.8773600459098816,0.02992076985538006,0.00012239100760780275,0.9748824238777161,0.9586544036865234
2NlEdgEI_mc_50_3_147_label_fake.npz,Fake,Real,0.06384954538771126,0.14973069727420807,0.09362771362066269,1.61050174938282e-05,0.02583153545856476,0.05004167556762695
04105.png_KyeC6d6MTSU_240_2_label_fake.npz,Fake,Real,0.19431991726160047,0.07022079080343246,0.880990207195282,0.0032516566570848227,0.014007867313921452,0.0031290643382817507
18623-M-3HEJpdx2I_13_1_label_fake.npz,Fake,Real,0.0706064447796682,0.1369699239730835,0.07822069525718689,1.8049938280140232e-11,0.08114312589168549,0.056698478758335114
111.png_Du1SKO_ri4w_80_92_label_fake.npz,Fake,Deepfake,0.36462500090710825,0.5247943997383118,0.03725443407893181,0.0026196425314992666,0.7150312662124634,0.5434252619743347
03479-iamTFe6mi2Y_129_1_label_fake.npz,Fake,Deepfake,0.559431939686889,0.8563532829284668,0.035918381065130234,5.739654307390651e-10,0.9562355875968933,0.948652446269989
4135-vVsakoqLuu8_22_4_label_fake.npz,Fake,Deepfake,0.7024971395730972,0.7709730863571167,0.6275237202644348,0.9340184330940247,0.19513989984989166,0.9848305583000183
256_sc8g9_1WLD4_audio_3_512x512_1_1026_withaudio_label_fake.npz,Fake,Real,0.021862852619961758,0.06848452985286713,0.0025177367497235537,4.270213689079464e-15,0.027137286961078644,0.011174709536135197
29309-PYRFxrLt30A_43_3_label_fake.npz,Fake,Real,0.2480157771147788,0.07783891260623932,0.11987438052892685,0.9999147653579712,0.03500863164663315,0.007442195434123278
11632.png_KyeC6d6MTSU_236_11_label_fake.npz,Fake,Real,0.08420230424962939,0.06576620787382126,0.3165682554244995,0.00838716421276331,0.02746286801993847,0.002827025717124343
63663_t8HrZTLRCeU_audio_2_217_label_fake.npz,Fake,Real,0.24197755102068186,0.11601336300373077,0.000977364368736744,0.9988099336624146,0.012696303427219391,0.08139079064130783
34425.png_Du1SKO_ri4w_48_139_label_fake.npz,Fake,Real,0.3437858296230843,0.5442133545875549,0.08988878130912781,2.569355274317786e-06,0.5892112851142883,0.495613157749176
aEM1s9Saa-g_71_6_602_label_fake.npz,Fake,Real,0.07541884519178864,0.06593766063451767,0.28317707777023315,9.53489457528045e-13,0.017303185537457466,0.010676302015781403
39509_3JZWZFab1IU_audio_1_24_label_fake.npz,Fake,Deepfake,0.43050160221755507,0.07366380095481873,0.9884266257286072,0.9985262155532837,0.017007505521178246,0.07488386332988739
36784_PHMafVnjks8_8_1_label_fake.npz,Fake,Real,0.023259410915684862,0.06972174346446991,0.024206776171922684,1.8709012117312795e-09,0.016691504046320915,0.005677029024809599
26804.png_rLrUc0SdDYY_9_2_label_fake.npz,Fake,Real,0.2892597795733309,0.18358391523361206,0.025162864476442337,1.8578622984932736e-05,0.8995143175125122,0.3380192220211029
348_tAAGUDcS7XM_audio_short_512x512_1_1026_withaudio_label_fake.npz,Fake,Real,0.029742262774379927,0.07676061242818832,0.049161750823259354,0.0003070681414101273,0.018185613676905632,0.004296268802136183
48956_-mMaHBtQ-DU_audio_2_25_label_fake.npz,Fake,Real,0.14919334836304185,0.07672765105962753,0.5696127414703369,0.039668936282396317,0.04410231113433838,0.015855101868510246
14690-3U4D77IB-j8_120_1_label_fake.npz,Fake,Deepfake,0.39833533791426134,0.4029000401496887,0.08025389164686203,6.048740601727332e-07,0.6233771443367004,0.8851450085639954
052_244a9729-_NxbN7iCl3w_705_1_label_fake.npz,Fake,Real,0.09826246066604653,0.3268575370311737,0.03236986696720123,1.4862726857245434e-05,0.025587471202015877,0.10648256540298462
18998-y_wqp9PJHYo_38_1_label_fake.npz,Fake,Real,0.2646733015775681,0.24718210101127625,0.060961708426475525,0.8531538844108582,0.10737302154302597,0.054695792496204376
069_1b7a9cf8-YGIhb_a29d0_1080p_1410_1_label_fake.npz,Fake,Deepfake,0.4324796065688134,0.38494372367858887,0.1265636384487152,0.9997819066047668,0.08772524446249008,0.5633835196495056
UzfVjgZKjro_1080p_102_2_25fps--304_NEEN8fSBuWI_50_1_25fps_label_fake.npz,Fake,Real,0.21805966482497752,0.359774112701416,0.3551437556743622,0.002220734255388379,0.13004715740680695,0.24311256408691406
082_4bbff9c3.jpg_K3O_-Mjls_Q_1080p_24_1_label_fake.npz,Fake,Real,0.05554312359308824,0.15293335914611816,0.008010197430849075,0.0003150759148411453,0.06991228461265564,0.04654470086097717
068_45cbb6a4-fZNe3xAY9Zw_1080p_117_6_label_fake.npz,Fake,Deepfake,0.5321704238653204,0.673978865146637,0.10830454528331757,1.0787863285240552e-14,0.9321404695510864,0.9464282393455505
063_55002ecd-YkHUDTtGzvk_62_1_label_fake.npz,Fake,Deepfake,0.5022216516493245,0.24143993854522705,0.6713748574256897,5.76066895519034e-06,0.96454918384552,0.6337385177612305
126_27b87531-eWj2-6q2ybk_137_1_label_fake.npz,Fake,Real,0.12082389119143501,0.16881456971168518,0.05466225743293762,1.3397572047324502e-06,0.11045394092798233,0.2701873481273651
zBJP1v24Llk_36_1_25fps--276_aEM1s9Saa-g_16_1_25fps_label_fake.npz,Fake,Real,0.14072936016327733,0.4376136362552643,0.21759609878063202,1.1869110494444612e-05,0.037044066935777664,0.01138112973421812
21316.png_bpyUlL59qEw_137_1_label_fake.npz,Fake,Real,0.14061423595994713,0.06679060310125351,0.5573140978813171,0.05326328054070473,0.01954078860580921,0.006162409670650959
099_82722976-3Cv3vJa9UoI_1080p_244_1_label_fake.npz,Fake,Real,0.12736105807689696,0.3649832010269165,0.10162998735904694,2.8206206467706885e-11,0.028846973553299904,0.14134512841701508
059_aef6a0a8.jpg_KLyiFfWtoPI_162_7_label_fake.npz,Fake,Real,0.07428858555348371,0.31031009554862976,0.015021709725260735,8.575365768592746e-07,0.021764758974313736,0.024345505982637405
030_92cca8fa-bSVCG7iOG5I_63_1_label_fake.npz,Fake,Deepfake,0.5570012468087954,0.9396843314170837,0.017003383487462997,0.00027553513064049184,0.9336097836494446,0.8944332003593445
193_56kjnBhGy8Y_1080p_40_1_512x512_1_1803_withaudio_label_fake.npz,Fake,Real,0.16880854563787578,0.07205632328987122,0.29445880651474,0.45821601152420044,0.013902823440730572,0.00540876341983676
2010-DCeJZTSFTXs_9_1_label_fake.npz,Fake,Deepfake,0.6288828045129776,0.2533949017524719,0.1999986320734024,0.9998855590820312,0.713103175163269,0.9780317544937134
25134-IU0Zy67ZLpU_114_1_label_fake.npz,Fake,Deepfake,0.40335458517076594,0.7268754839897156,0.04431653022766113,1.0050970201524317e-13,0.6760171055793762,0.5695638060569763
bSVCG7iOG5I_2064_1_label_real.npz,Real,Real,0.3341974871404091,0.5544315576553345,0.0057970136404037476,1.8769029338727705e-05,0.8193121552467346,0.29142794013023376
-v7rBbYKdQE_37_5_297_label_fake.npz,Fake,Real,0.018821325587192548,0.06730475276708603,0.004865338560193777,7.492487186233632e-11,0.0186814833432436,0.0032550531905144453
30CXCDECyG4_1080p_134_4_25fps--202_Je9hLZKYTz4_60_11_25fps_label_fake.npz,Fake,Deepfake,0.3791861808958856,0.42157766222953796,0.39924219250679016,6.783337994420435e-06,0.731975257396698,0.3431290090084076
y9BVPefouIs_2777_1_label_real.npz,Real,Deepfake,0.4278783063949959,0.6554351449012756,0.008374594151973724,2.7624697395367548e-05,0.946491003036499,0.5290631651878357
23261.png_7ua-Uet5y28_87_1_label_fake.npz,Fake,Real,0.08723540609837929,0.2347508668899536,0.06696254760026932,2.861697823153264e-10,0.08550799638032913,0.04895561933517456
5351-I5oeY5O5oJI_31_14_label_fake.npz,Fake,Real,0.3015430190600455,0.07181192189455032,0.38335293531417847,0.9731878638267517,0.07244677096605301,0.006915603298693895
85_QRehETrB3qU_audio_2_32_label_fake.npz,Fake,Real,0.22759599126875402,0.07301544398069382,0.04986315965652466,0.9993768334388733,0.010130135342478752,0.005594383925199509
XblD1mtXBWY_296_18_278_label_fake.npz,Fake,Real,0.022832907736301426,0.056909412145614624,0.02078670635819435,0.010788723826408386,0.021514100953936577,0.004165595397353172
45496-9rjQ5sfeUTg_out_169_5_label_fake.npz,Fake,Deepfake,0.6702932238578797,0.8533198833465576,0.7179239392280579,0.39061230421066284,0.7412427663803101,0.6483672261238098
27893-GgCnpDg0jwc_60_2_label_fake.npz,Fake,Real,0.03333011137219728,0.06433142721652985,0.03549845889210701,5.28096170455683e-05,0.05678220093250275,0.009985660202801228
41-D56tKWtAMbw_1235_1_label_fake.npz,Fake,Real,0.3387888875906356,0.685089647769928,0.0810074433684349,0.0007315301918424666,0.05018921568989754,0.876926600933075
16621-QvTs7W732ZQ_37_1_label_fake.npz,Fake,Deepfake,0.6364520370960236,0.4904545247554779,0.3645172715187073,0.9502131342887878,0.8116390705108643,0.5654361844062805
086_f052c533-SDMFBIhN9fw_795_3_label_fake.npz,Fake,Deepfake,0.5476028998458787,0.416768878698349,0.9507699608802795,1.8863102013710886e-07,0.6084515452384949,0.76202392578125
29540-2Ny5UJLpoxg_1_1_label_fake.npz,Fake,Real,0.2652575604617596,0.08062999695539474,0.0572233684360981,0.9640963077545166,0.123299740254879,0.1010383889079094
7AldV8ATrJc_168_1_21_label_fake.npz,Fake,Real,0.04074514033277398,0.0671449527144432,0.11740554124116898,2.2678957507533265e-13,0.014843442477285862,0.004331765230745077
17053-mJy_wVSKwwA_50_1_label_fake.npz,Fake,Deepfake,0.4196270124453235,0.5785952806472778,0.6039753556251526,6.637662295361224e-07,0.2630919814109802,0.6524717807769775
21366-fmc0Pk8A0T0_150_1_label_fake.npz,Fake,Real,0.2892995626516208,0.4166822135448456,0.004117673262953758,2.2535846522231395e-09,0.9148839712142944,0.11081395298242569
22514-v9f6twy70iM_2_7_label_fake.npz,Fake,Deepfake,0.4082985729000669,0.6251401901245117,0.13436196744441986,1.0778995751525855e-11,0.7021383047103882,0.5798524022102356
041_bcfa1766.jpg_eWj2-6q2ybk_84_2_label_fake.npz,Fake,Real,0.019217289006337523,0.0717800185084343,0.007347519975155592,0.001296201255172491,0.012545475736260414,0.0031172295566648245
16931-I5oeY5O5oJI_46_3_label_fake.npz,Fake,Deepfake,0.39092544317245487,0.07851018011569977,0.7109007835388184,0.999990701675415,0.04355031996965408,0.12167523056268692
25714-PYRFxrLt30A_72_2_label_fake.npz,Fake,Real,0.27292010774835945,0.05892785266041756,0.1992037147283554,0.9848859906196594,0.11658836901187897,0.004994611721485853
8528-mRNCLRo9JAM_31_1_label_fake.npz,Fake,Real,0.2673176486482589,0.3126060366630554,0.07865069061517715,2.9376101338129956e-06,0.7928489446640015,0.1524796336889267
253_q__LT1Js9gE_1080p_6_6_label_fake.npz,Fake,Real,0.15129561824724078,0.06856103986501694,0.2651980519294739,0.4068799316883087,0.010697975754737854,0.005141091998666525
00010_nBhxjAQzAg4_audio_3_label_fake.npz,Fake,Real,0.19764893421161106,0.05992458015680313,0.9159933924674988,1.4267545338952914e-05,0.010023536160588264,0.0022888947278261185
042_2ccd070f_Nz7QfvnRkuE_555_1-batch-2025-02-06-13-00-20-142_label_fake.npz,Fake,Real,0.2804290607571943,0.6910158395767212,0.024645235389471054,1.7082151394353512e-13,0.030436765402555466,0.6560474634170532
18208-ndJhwVupwVQ_8_3_label_fake.npz,Fake,Real,0.012956948043098793,0.05345126986503601,0.0013616877840831876,1.2578861563472543e-12,0.0072171748615801334,0.002754607703536749
21341-pzdnuEa8a20_16_1_label_fake.npz,Fake,Real,0.01562633818248287,0.057393092662096024,0.004439027979969978,0.00030102074379101396,0.012465585954487324,0.0035329635720700026
22843-SM1o5azPdoo_92_1_label_fake.npz,Fake,Real,0.01918843693126817,0.07495281845331192,0.006984381936490536,3.385492064467144e-08,0.01054664608091116,0.0034583043307065964
11445-OEIstw-nzes_68_3_label_fake.npz,Fake,Real,0.081322755804149,0.17242857813835144,0.012267178855836391,2.0617146674339892e-06,0.09806279838085175,0.1238531619310379
316_zBJP1v24Llk_69_1_512x512_1_1803_withaudio_label_fake.npz,Fake,Real,0.09595375210992645,0.06380382180213928,0.3925650417804718,2.840492015820928e-05,0.019606081768870354,0.003765410277992487
2CTT98xML9c_213_1_538_label_fake.npz,Fake,Real,0.022611660836264487,0.07012765854597092,0.00810620840638876,0.0016761578153818846,0.016778597608208656,0.016369681805372238
Lc0n7WuOwDs_1080p_215_1_587_label_fake.npz,Fake,Real,0.030613805167376995,0.07576926052570343,0.03551499545574188,0.009342772886157036,0.012918260879814625,0.019523736089468002
22341-hpsgQkD27BA_1_4_label_fake.npz,Fake,Deepfake,0.5109336376792115,0.472586452960968,0.12008786201477051,3.0096461434148125e-10,0.9747583866119385,0.9872354865074158
21420-squ9XOfBKaY_0_1_label_fake.npz,Fake,Real,0.06696843010213344,0.11152440309524536,0.11386797577142715,3.0945466278353706e-05,0.015616709366440773,0.09380211681127548
u-X671JqQWA_83_138_25fps--51298_Tdgb6NvUjhk_193_1_25fps_label_fake.npz,Fake,Deepfake,0.4110239839706992,0.733748733997345,0.19237260520458221,6.112532901170198e-06,0.43206366896629333,0.6969287991523743
14602-itFwx1CZM9I_99_2_label_fake.npz,Fake,Real,0.09200001331046223,0.06334073096513748,0.12256033718585968,0.2569359242916107,0.01165628433227539,0.005506789777427912
039_defb8d63-SY_xV-Raq3A_1080p_98_1_label_fake.npz,Fake,Deepfake,0.7274317532777788,0.795073926448822,0.035455718636512756,0.9245315194129944,0.9177520275115967,0.9643455743789673
27493-awNrju1X3zc_57_2_label_fake.npz,Fake,Real,0.019183403330906294,0.06219755485653877,0.016138283535838127,8.524162486978071e-10,0.012462100014090538,0.005119077395647764
20404-CoIL9IsJXiA_83_1_label_fake.npz,Fake,Deepfake,0.5062406904471572,0.5286312103271484,0.6580348610877991,0.00013301122817210853,0.8941635489463806,0.450240820646286
00357_6XJ3OW1Y2zU_audio_2_label_fake.npz,Fake,Real,0.02132431256831495,0.06756801903247833,0.005209197290241718,2.1758715718078747e-08,0.022779293358325958,0.01106503140181303
4jEjuJX169k_1130_1_label_real.npz,Real,Real,0.21309239768888802,0.5508460402488708,0.06055300310254097,0.00032983242999762297,0.06147807464003563,0.392255038022995
Vz-kJATn87E_1080p_178_2_label_real.npz,Real,Real,0.23941593542695047,0.12363003939390182,0.014546997845172882,0.9992774128913879,0.032553780823946,0.027071446180343628
083_16b5e7ab_MxlocFNdoXg_797_2-batch-2025-02-06-13-00-20-1_label_fake.npz,Fake,Real,0.09108817763663603,0.3535623252391815,0.004275921732187271,1.8512825820937717e-12,0.02040872536599636,0.07719391584396362
25638-qsnbJZQAD-k_0_2_label_fake.npz,Fake,Deepfake,0.5476548586040736,0.8965259790420532,0.019564183428883553,0.04335121810436249,0.9028662443161011,0.8759666681289673
21731-I5oeY5O5oJI_34_1_label_fake.npz,Fake,Real,0.05168700175127015,0.05912649258971214,0.17827916145324707,0.0002779196365736425,0.018019668757915497,0.0027317663189023733
491_XblD1mtXBWY_4_1-batch-2025-02-06-13-00-20-242_label_fake.npz,Fake,Real,0.10350942108780145,0.10357826948165894,0.2633601129055023,0.004923501051962376,0.059767451137304306,0.08591777086257935
088_b1977c95-gc8LE2PP3hM_353_6_label_fake.npz,Fake,Deepfake,0.5317843259835148,0.7451912760734558,0.02566453441977501,4.452418878031494e-09,0.9326582551002502,0.9554075598716736
FGAyYl3ZICw_46_1_91_label_fake.npz,Fake,Real,0.05690686637535692,0.0706823393702507,0.1840565949678421,0.015174441039562225,0.011445648968219757,0.0031753075309097767
27130-J-vYXU4vqcY_3_1_label_fake.npz,Fake,Real,0.26370715741068124,0.08860325813293457,0.1863330602645874,0.9999974966049194,0.029749566689133644,0.013852405361831188
_pWENLj5I-8_1080p_74_3_label_real.npz,Real,Real,0.2861324846744538,0.3913465440273285,0.038225479423999786,0.05751586705446243,0.7979127168655396,0.14566181600093842
067_fb02357d.jpg_KyeC6d6MTSU_236_13_label_fake.npz,Fake,Real,0.18740814421325921,0.07057597488164902,0.8405004739761353,0.004825827199965715,0.01753244362771511,0.003606001380831003
29420.png_0fpc2LXBvUo_63_1_label_fake.npz,Fake,Real,0.02590272733941674,0.0733310729265213,0.005529466550797224,0.021326886489987373,0.018674176186323166,0.010652034543454647
060_8bb5cac3-y0AEpnS6CNo_15_7_label_fake.npz,Fake,Deepfake,0.38479066517140836,0.5195034742355347,0.027502799406647682,6.64932713334565e-08,0.7879011631011963,0.5890458226203918
497_4DXBHgW9NlI_280_12-batch-2025-02-06-13-00-20-206_label_fake.npz,Fake,Real,0.17623555155823853,0.10112638771533966,0.7561525106430054,7.4030076575581916e-06,0.011339165270328522,0.01255229115486145
21366-BCcA0inbcBk_34_2_label_fake.npz,Fake,Real,0.14221927984181093,0.2248072624206543,0.2884039580821991,0.00010706179455155507,0.035745035856962204,0.1620330810546875
12523-cbtkoZUOR1A_26_6_label_fake.npz,Fake,Deepfake,0.3596480131160851,0.18028685450553894,0.8688004612922668,5.779172713299419e-12,0.6070842146873474,0.1420685350894928
024_2a9dc3ca--G4vMYK4mHY_986_4_label_fake.npz,Fake,Deepfake,0.4318973652552814,0.39963623881340027,0.9952972531318665,0.0005193313118070364,0.2901127338409424,0.4739212691783905
i56Klb7z3Pw_157_1_25fps--96_dc7eS_JHLEw_460_3_25fps_label_fake.npz,Fake,Deepfake,0.36421348780859264,0.5694940090179443,0.7325843572616577,0.0009216830367222428,0.13055849075317383,0.38750889897346497
25502-6w9ikJPzTOA_40_1_label_fake.npz,Fake,Real,0.02544807470403612,0.0660853311419487,0.0300902109593153,0.002969750203192234,0.025689663365483284,0.002405417850241065
5436-ADTwFvHACE4_36_1_label_fake.npz,Fake,Real,0.03428688095882535,0.06988584995269775,0.030231866985559464,0.005355870816856623,0.060693517327308655,0.005267299711704254
YgGJIXxku2s_104_1_426_label_fake.npz,Fake,Real,0.11078077554348341,0.06638891994953156,0.4318261444568634,4.09604723472512e-08,0.026598766446113586,0.02909000590443611
090_f67e981f.jpg_6Hh5ba8gpfw_139_1_label_fake.npz,Fake,Deepfake,0.43697615624405445,0.5594409108161926,0.16222034394741058,0.0008118778932839632,0.728210985660553,0.734196662902832
D56tKWtAMbw_526_1_label_real.npz,Real,Real,0.2577559959774616,0.6320356726646423,0.024866314604878426,3.156079841915016e-10,0.034908924251794815,0.5969690680503845
15399.png_q__LT1Js9gE_1080p_7_1_label_fake.npz,Fake,Real,0.26461136713624,0.10975338518619537,0.15312466025352478,0.7993622422218323,0.039128560572862625,0.22168798744678497
05915.png_Vz-kJATn87E_1080p_27_1_label_fake.npz,Fake,Real,0.22483340762555598,0.0908125713467598,0.02666151337325573,0.7575308084487915,0.11039213091135025,0.13877001404762268
470_DMdGj-tquJY_audio_3_label_fake.npz,Fake,Real,0.2087507394142449,0.08223354071378708,0.92994225025177,0.01142214983701706,0.013618215918540955,0.006537540350109339
498_iveoZu36Fzw_11_22-batch-2025-02-06-13-00-20-448_label_fake.npz,Fake,Real,0.09708007778973782,0.13436253368854523,0.3044742941856384,6.969344399547842e-14,0.031408343464136124,0.015155217610299587
W9C4OBc6El4_38_7_264_label_fake.npz,Fake,Deepfake,0.48742272555828103,0.4383566677570343,0.05067820847034454,0.3053726553916931,0.9468716979026794,0.6958343982696533
70_uxKH0XMINcI_audio_3_512x512_1_1026_withaudio_label_fake.npz,Fake,Real,0.03154126663720831,0.07611014693975449,0.05635016784071922,3.4724504871519457e-07,0.012046615593135357,0.013199055567383766
119_3hvjxHnt9SA_audio_1_512x512_1_1026_withaudio_label_fake.npz,Fake,Real,0.02106603100546636,0.06958384066820145,0.0032527479343116283,0.00019208368030376732,0.027680350467562675,0.004621132276952267
51111.png_Jmtasx4JReE_314_2_label_fake.npz,Fake,Real,0.14669563036259206,0.09036318957805634,0.20356276631355286,2.1331563402782194e-05,0.4151906371116638,0.024340227246284485
47392.png_inQaPF2YoNw_481_2_label_fake.npz,Fake,Real,0.027804557661181666,0.07356875389814377,0.03071438893675804,7.881719170654833e-07,0.021212194114923477,0.013526663184165955
037_62d00a09.jpg_lBApoKf5KAQ_16_1_label_fake.npz,Fake,Real,0.09439056996488944,0.12465956062078476,0.152121439576149,0.00023243558825924993,0.026232490316033363,0.16870692372322083
10584-hHYe3O7_TUA_304_3_label_fake.npz,Fake,Real,0.13974725902080537,0.2318524867296219,0.32009097933769226,0.03579949587583542,0.09525550156831741,0.015737831592559814
D92_Zhlb0qE_1080p_37_8_25fps--224_WimhDf8VpTA_audio_2_51_label_fake.npz,Fake,Real,0.16885701363039518,0.15304501354694366,0.003044750075787306,1.1637373518169625e-06,0.5582886338233948,0.12990550696849823
349_s9lzNGoKAPI_audio_1_label_fake.npz,Fake,Real,0.33766777012497196,0.4718353748321533,0.0034150825813412666,3.3906805640950487e-16,0.8946496248245239,0.3184387683868408
025_d5418b1e.jpg_OpitcLEYak8_1080p_38_8_label_fake.npz,Fake,Real,0.12120427340411846,0.2924993932247162,0.03811219334602356,7.137823318514869e-12,0.07725802809000015,0.19815175235271454
057_7f34f0f4.jpg_KyeC6d6MTSU_236_2_label_fake.npz,Fake,Real,0.1933748455252498,0.070965975522995,0.7663676142692566,0.10849365592002869,0.017792638391256332,0.0032543435227125883
3493-A-BRu8z7ztk_34_2_label_fake.npz,Fake,Real,0.2320961090081255,0.5415439009666443,0.00916194822639227,2.629509981488809e-05,0.07213745266199112,0.5376109480857849
20140-MATJqR93d5I_42_1_label_fake.npz,Fake,Real,0.21866991164442334,0.10332862287759781,0.06091316416859627,8.52169224074828e-10,0.7833691239356995,0.1457386463880539
_T2oSi7iMrY_25_1_label_real.npz,Real,Deepfake,0.3609300132334434,0.4500698149204254,0.004627303685992956,1.1388313403415395e-08,0.6674798130989075,0.6824731230735779
053_62909c7b.jpg_nskOU3iewEg_145_1_label_fake.npz,Fake,Real,0.25514995902776716,0.3755686283111572,0.10137056559324265,0.1534193754196167,0.43769562244415283,0.2076956033706665
142_rMrG-WhVhow_204_1_512x512_1_1803_withaudio_label_fake.npz,Fake,Real,0.022923567814630275,0.0749121606349945,0.017951348796486855,4.641650619419124e-08,0.018742231652140617,0.0030120515730232
02712__x3xzKilzPg_audio_1_label_fake.npz,Fake,Real,0.15537977889180185,0.04799061641097069,0.01175589021295309,0.7047148942947388,0.011335182934999466,0.0011023106053471565
26938-b0Z9IpTVfUg_50_1_label_fake.npz,Fake,Deepfake,0.49900399018079045,0.7512331008911133,0.24235957860946655,0.009172954596579075,0.810274064540863,0.6819802522659302
O_6kW3Mrkm8_282_14_label_real.npz,Real,Real,0.046388215851038694,0.06812460720539093,0.007552572060376406,0.1383119523525238,0.013592235743999481,0.004359711892902851
41290.png_aEM1s9Saa-g_107_12_label_fake.npz,Fake,Real,0.07607275087533516,0.07642478495836258,0.15878283977508545,1.0624434665373883e-08,0.013993162661790848,0.13116295635700226
Ll8xGtwvH84_353_4_324_label_fake.npz,Fake,Real,0.03223226616599959,0.06303193420171738,0.0387519970536232,3.41165502959484e-07,0.05020727962255478,0.009169778786599636
42271_CSvzXtX9zQ4_audio_1_195_label_fake.npz,Fake,Real,0.04091714639309348,0.07257586717605591,0.0032122964039444923,4.634334149072883e-12,0.061940647661685944,0.06685692071914673
1797-SWHweN9WlkU_46_1_label_fake.npz,Fake,Real,0.17716447319835424,0.21056242287158966,0.015436823479831219,0.27197009325027466,0.23913298547267914,0.14872004091739655
13391.png_GtBnj3Z3eO4_374_4_label_fake.npz,Fake,Real,0.05002166563645006,0.08389651775360107,0.1232433095574379,0.00392416724935174,0.022180793806910515,0.016863539814949036
6342-p3XJSlgo1_M_78_2_label_fake.npz,Fake,Real,0.1801295110490173,0.3595336377620697,0.00656789680942893,0.001630204962566495,0.0363515168428421,0.4965642988681793
34367.png_ldI1peHBLa0_138_1_label_fake.npz,Fake,Real,0.33083921633660796,0.06306036561727524,0.9954099059104919,0.5589910745620728,0.02782878465950489,0.00890595093369484
9024-Uk6sPnRL0WQ_116_1_label_fake.npz,Fake,Real,0.09563957490026952,0.05927828699350357,0.05831588804721832,0.3341497778892517,0.014969653449952602,0.011484268121421337
17410-d2om_PGtwWY_36_1_label_fake.npz,Fake,Real,0.06522183027118444,0.06699509918689728,0.027910849079489708,0.1951647251844406,0.029709674417972565,0.006328803487122059
yGSbJCsyO0M_245_1_label_real.npz,Real,Real,0.16247931259373888,0.12527519464492798,0.0007048851111903787,1.1835560975725912e-08,0.6647701263427734,0.021646345034241676
24381-GgCnpDg0jwc_22_1_label_fake.npz,Fake,Real,0.032795143208932134,0.06384531408548355,0.0746152326464653,0.000700772216077894,0.021230146288871765,0.003584250807762146
083_b9c10851.jpg_JFBVpNgehIg_1080p_160_12_label_fake.npz,Fake,Real,0.05034618005156517,0.07332493364810944,0.012711619026958942,0.008166334591805935,0.06360682100057602,0.09392119199037552
GiRZf3AUfW0_18_31_919_label_fake.npz,Fake,Real,0.018934922441258096,0.07276981323957443,0.00010243475844617933,0.0008867963333614171,0.011860915459692478,0.009054652415215969
wrsQH0CXaic_0_1_169_label_fake.npz,Fake,Real,0.05304066408425574,0.07712041586637497,0.16646608710289001,1.9082858208251336e-16,0.013235234655439854,0.008381582796573639
WimhDf8VpTA_46_1_label_real.npz,Real,Real,0.043091276517338885,0.13372375071048737,0.0014361474895849824,1.53259009039175e-06,0.02026362717151642,0.06003132462501526
mOPffKIq18w_445_1_label_real.npz,Real,Real,0.3465992330575324,0.6022363305091858,0.004743724595755339,9.122866307872957e-13,0.9656553268432617,0.16036078333854675
8946-lSCTGJbObOg_347_1_label_fake.npz,Fake,Real,0.2483841159846634,0.0639086365699768,0.17989173531532288,0.9869827032089233,0.0079486770555377,0.0031888277735561132
6513-vNCVrtwrAWg_35_2_label_fake.npz,Fake,Deepfake,0.6033456563949586,0.5392868518829346,0.5222120881080627,1.0,0.4638037383556366,0.49142560362815857
35156.png_CSvzXtX9zQ4_255_1_label_fake.npz,Fake,Real,0.041520632059307956,0.07820618152618408,0.06082117184996605,4.629590547727824e-12,0.06004887819290161,0.008526928722858429
P_stI11n2Sc_9_1_197_label_fake.npz,Fake,Real,0.023492240227741594,0.08168001472949982,0.015274778008460999,2.7343544317659507e-08,0.015077541582286358,0.005428839474916458
029_2f4ca9e5_XblD1mtXBWY_4_1-batch-2025-02-06-13-00-20-212_label_fake.npz,Fake,Real,0.0884150730445981,0.09945866465568542,0.2633601129055023,0.004923501051962376,0.03149282559752464,0.04284026101231575
04285_NnNZBZa1Duc_audio_3_label_fake.npz,Fake,Real,0.04412807524204254,0.09781716018915176,0.041462820023298264,2.6149086848088905e-19,0.040133919566869736,0.041226476430892944
pxQ7cGj7TqE_41_6_label_real.npz,Real,Deepfake,0.4057032349187937,0.4752071797847748,0.6788713335990906,1.2312358910193666e-09,0.2123505175113678,0.6620871424674988
084_6b81d36b-jV2pjBg0srU_1132_14_label_fake.npz,Fake,Real,0.3169034673756926,0.729830265045166,0.008629238232970238,2.993824921304622e-07,0.339755654335022,0.5063018798828125
y0m5woySQhM_346_1_25fps--198_kHgF6z3Paos_839_1_25fps_label_fake.npz,Fake,Real,0.157305605144078,0.2771359980106354,0.031593240797519684,4.187610969097477e-08,0.18123950064182281,0.29655924439430237
195_dc745cfd.jpg_BlgjnJ9y3oE_429_1_label_fake.npz,Fake,Real,0.11654538085389544,0.39898881316185,0.010323167778551579,7.840042504092537e-11,0.06339969485998154,0.11001522839069366
8933-NUHHj6bWXTs_109_1_label_fake.npz,Fake,Deepfake,0.6221236994490028,0.7852975726127625,0.012858535163104534,0.580089807510376,0.9368492364883423,0.7955233454704285
060_a274185c.jpg_Du1SKO_ri4w_55_28_label_fake.npz,Fake,Real,0.2595804065305856,0.4546014964580536,0.014707026071846485,4.487963451538235e-06,0.1457778811454773,0.6828111410140991
085_e9f6ea07.jpg_Tdgb6NvUjhk_73_1_label_fake.npz,Fake,Real,0.2864292633486912,0.33845916390419006,0.7579662203788757,0.00024957803543657064,0.025967232882976532,0.30950412154197693
vAQM3cPJxSg_56_1_label_real.npz,Real,Deepfake,0.6389682173728943,0.5986914038658142,0.9081934690475464,4.6541383339745106e-17,0.8921862244606018,0.795769989490509
24741-Uk6sPnRL0WQ_81_2_label_fake.npz,Fake,Real,0.07436344251041656,0.0683494433760643,0.17599089443683624,2.505295233420912e-13,0.04159196838736534,0.08588490635156631
Je9hLZKYTz4_148_27_label_real.npz,Real,Deepfake,0.5127352334558964,0.572673499584198,0.6326162815093994,0.04373656585812569,0.7075957655906677,0.6070540547370911
1889-D1m1SQIdMkk_5_2_label_fake.npz,Fake,Real,0.24833937138319018,0.09099570661783218,0.11303588002920151,0.9999967813491821,0.01745319366455078,0.020215295255184174
Du1SKO_ri4w_70_17_25fps--15569_hGvKKIo4tKQ_1080p_72_1_25fps_label_fake.npz,Fake,Deepfake,0.43256550231608343,0.6400009393692017,0.03858643025159836,6.404967734852107e-06,0.8699009418487549,0.6143327951431274
40641.png_ldI1peHBLa0_101_5_label_fake.npz,Fake,Deepfake,0.3714465057477355,0.06023974344134331,0.998275637626648,0.7651198506355286,0.019981104880571365,0.013616192154586315
094_664a03cd.jpg_oGo0qpktVW0_1080p_209_3_label_fake.npz,Fake,Real,0.10932533852756024,0.3374440670013428,0.053414538502693176,0.021895548328757286,0.0418502613902092,0.09202227741479874
13066-aE-eKPb6vhM_23_2_label_fake.npz,Fake,Real,0.03478025831282139,0.061627160757780075,0.029457062482833862,0.0009994469583034515,0.02205037511885166,0.05976724624633789
023_2029f686.jpg_1nnKydcqmDI_252_1_label_fake.npz,Fake,Deepfake,0.37914318637922406,0.6930299997329712,0.07572489231824875,0.002448009792715311,0.9082275629043579,0.21628546714782715
908-UWnFJdu3BOA_15_1_label_fake.npz,Fake,Real,0.06566342222504319,0.08016831427812576,0.014952732250094414,0.0038248689379543066,0.21294216811656952,0.016429027542471886
98_GiRZf3AUfW0_43_2_label_fake.npz,Fake,Real,0.03085588347166777,0.06749299168586731,0.06168607249855995,0.009987401776015759,0.011204805225133896,0.003908146172761917
21575-O1JxQ9OyJRQ_131_1_label_fake.npz,Fake,Real,0.06998888096775886,0.06749774515628815,0.2605431079864502,7.129293067009712e-08,0.013213933445513248,0.008689546957612038
21704-2ECheTEbkhQ_31_3_label_fake.npz,Fake,Real,0.07605493245646357,0.07164424657821655,0.07310619950294495,0.22127364575862885,0.011068850755691528,0.0031817196868360043
00355_YkHUDTtGzvk_audio_1_label_fake.npz,Fake,Real,0.12398974748806722,0.07642760872840881,0.5315544605255127,6.366649286763948e-13,0.010473710484802723,0.0014929577009752393
17798-d2om_PGtwWY_58_1_label_fake.npz,Fake,Real,0.037072748364880684,0.06979117542505264,0.045033469796180725,0.030168330296874046,0.037808824330568314,0.0025619419757276773
29808.png_Lc0n7WuOwDs_1080p_112_2_label_fake.npz,Fake,Deepfake,0.42286778688430793,0.304678738117218,0.13419440388679504,0.6910088658332825,0.8278800249099731,0.15657690167427063
25399_hg6PbuiRHeg_audio_2_151_label_fake.npz,Fake,Real,0.15427700314030518,0.07348813861608505,0.6801979541778564,0.0001382327318424359,0.013841117732226849,0.0037195724435150623
1442-I5oeY5O5oJI_64_5_label_fake.npz,Fake,Real,0.11077933521009982,0.07653878629207611,0.34477075934410095,0.0953790545463562,0.03334507718682289,0.003862998681142926
2NlEdgEI_mc_57_2_322_label_fake.npz,Fake,Real,0.021146332764737964,0.07293367385864258,0.01808762736618519,1.3290612059790874e-06,0.009155073203146458,0.005553960334509611
029_cb46b2bb.jpg_dTeNSc1Sp28_324_4_label_fake.npz,Fake,Real,0.04692083519184962,0.07432736456394196,0.12713612616062164,0.0005384090472944081,0.0260942205786705,0.006508055608719587
26476-A-BRu8z7ztk_21_1_label_fake.npz,Fake,Real,0.028853169849662665,0.07243141531944275,0.03917049244046211,5.251833044894738e-06,0.017129531130194664,0.015529158525168896
53709.png_apnde-Dpq8E_1080p_121_7_label_fake.npz,Fake,Real,0.10587511116318638,0.1088935136795044,0.2235591858625412,0.00011486456060083583,0.04508211836218834,0.1517258733510971
393_PHMafVnjks8_231_3_label_fake.npz,Fake,Real,0.06885231058113277,0.06199280545115471,0.25681617856025696,0.0014929815661162138,0.015428912825882435,0.008530674502253532
1249-I66kXy4rvME_63_3_label_fake.npz,Fake,Real,0.2636161004455062,0.2143324464559555,0.8285468220710754,0.00016790501831565052,0.0273812897503376,0.24765203893184662
21235-vYG3_0iwY6Q_133_1_label_fake.npz,Fake,Real,0.07731468828613815,0.14949138462543488,0.09316990524530411,1.0407250755628539e-10,0.03407993167638779,0.10983221977949142
20149-NZ7pKLrujBc_1_2_label_fake.npz,Fake,Real,0.21220432220434304,0.48835307359695435,0.46151554584503174,9.69766842899844e-05,0.015383206307888031,0.09567280858755112
23885-eHJnEHyyN1Y_2_3_label_fake.npz,Fake,Real,0.06876058969646694,0.11008943617343903,0.15065664052963257,0.04266522824764252,0.029801828786730766,0.010589814744889736
msbqwoV6PHM_1080p_159_4_29_label_fake.npz,Fake,Real,0.041355595970526335,0.07472185045480728,0.08120018243789673,0.003904192941263318,0.036164168268442154,0.010787585750222206
u-X671JqQWA_71_216_25fps--46426_De5FGogMWzQ_121_1_25fps_label_fake.npz,Fake,Real,0.2979891677678097,0.699425995349884,0.05908437818288803,0.00029273578547872603,0.10663661360740662,0.6245061159133911
pdcV3UkZtks_1_39_label_real.npz,Real,Real,0.2762523885816336,0.23347142338752747,0.11201371997594833,0.9987778067588806,0.026652099564671516,0.010346893221139908
247_nBhxjAQzAg4_audio_3_512x512_1_1026_withaudio_label_fake.npz,Fake,Real,0.19818174995307344,0.06845822185277939,0.9031077027320862,0.00012901461741421372,0.0111048873513937,0.008108923211693764
42965.png_eEBMUm3hNj8_126_1_label_fake.npz,Fake,Real,0.21783808058462453,0.3021390438079834,0.5448243618011475,4.166660801274702e-06,0.06509268283843994,0.17713014781475067
wdNhtZOGxBw_229_7_25fps--488_8DtgmPl6mjY_audio_3_177_label_fake.npz,Fake,Deepfake,0.3904568746685982,0.6302425265312195,0.6637753248214722,0.16951681673526764,0.10359465330839157,0.38515505194664
326_Y7FIRwYsAMo_audio_1_512x512_1_1026_withaudio_label_fake.npz,Fake,Real,0.057418660493567586,0.07162171602249146,0.1967916339635849,0.003025589045137167,0.012260369025170803,0.0033939944114536047
491_VifDzyPgBNg_0_3-batch-2025-02-06-13-00-20-248_label_fake.npz,Fake,Real,0.04597482868099348,0.16119690239429474,0.004612441174685955,2.8020885958768282e-11,0.05565110966563225,0.008413690142333508
026_bb842452-eWj2-6q2ybk_259_2_label_fake.npz,Fake,Deepfake,0.3756150238323299,0.4028412997722626,0.03240272030234337,5.368772440506042e-11,0.9133985042572021,0.5294325947761536
27718-NduDs59WZqU_72_3_label_fake.npz,Fake,Real,0.01951816704881108,0.06728730350732803,0.012144395150244236,4.103738182603678e-10,0.014851496554911137,0.0033076396211981773
029_cb46b2bb.jpg_KLyiFfWtoPI_1009_3_label_fake.npz,Fake,Real,0.2141557727009058,0.49791285395622253,0.13446757197380066,0.016409458592534065,0.05553342401981354,0.3664555549621582
22605-BhwnAYvzhm4_6_3_label_fake.npz,Fake,Real,0.22808038406074047,0.06537549197673798,0.0391254648566246,0.9970695972442627,0.022678837180137634,0.016152529045939445
MFusQ6Jv5cE_89_4--414_KyeC6d6MTSU_audio_3_17_label_fake.npz,Fake,Real,0.23942448347806933,0.2765286862850189,0.21539606153964996,0.3913358449935913,0.04353023320436478,0.27033159136772156
093_fda0f117.jpg_PNyFdGKIjzY_2_2_label_fake.npz,Fake,Real,0.01806572282443142,0.06931455433368683,0.003040072973817587,2.1082271928207774e-08,0.014137736521661282,0.003836229210719466
i56Klb7z3Pw_578_2_25fps--45672_WYP2eizW7gY_127_2_25fps_label_fake.npz,Fake,Real,0.1387254793700322,0.27723973989486694,0.2356644719839096,1.5667362731619505e-06,0.09838554263114929,0.08233607560396194
CQSa-AudDro_92_1_162_label_fake.npz,Fake,Real,0.07704160488294179,0.0721956118941307,0.2765101492404938,2.7078621656073665e-07,0.025799963623285294,0.01070202887058258
keEKlr2dG-I_76_1_25fps--23_gEpZTuQhcuA_audio_2_204_label_fake.npz,Fake,Real,0.07605292742496204,0.18080459535121918,0.17262399196624756,1.2858686204708647e-07,0.020289620384573936,0.006546300835907459
03251_qv45xE78kx0_audio_1_label_fake.npz,Fake,Real,0.03903596402089917,0.09121906012296677,0.041503291577100754,5.219783005827594e-08,0.027213089168071747,0.035244327038526535
31511.png_dcvbo-RdeWw_4_2_label_fake.npz,Fake,Real,0.02585601466744265,0.0743432492017746,0.03643513098359108,1.3749815479968674e-05,0.011483212932944298,0.007004730403423309
050_9269f010-4GJoAnMi6Mo_500_1_label_fake.npz,Fake,Deepfake,0.4998578445567468,0.2868453562259674,0.8735485672950745,8.172680310281066e-09,0.87604159116745,0.46285369992256165
2342-BTijw7PINU4_85_1_label_fake.npz,Fake,Real,0.3444133283570409,0.35374924540519714,0.002537147141993046,0.9956037998199463,0.04487951099872589,0.32529693841934204
780-Lv7ZArjcOJo_66_1_label_fake.npz,Fake,Real,0.2741825297474861,0.5426474213600159,0.11770535260438919,0.4062740206718445,0.18989922106266022,0.11438663303852081
006_bbb6978e-vxvcZVCOMuc_1_6_label_fake.npz,Fake,Real,0.30904451187197995,0.5646576285362244,0.009482663124799728,1.233571492775809e-05,0.2750817537307739,0.6959881782531738
28757-NSWcdPWXZQI_2_1_label_fake.npz,Fake,Real,0.01734861372970075,0.06347151100635529,0.003418371779844165,1.5099476133133543e-15,0.010641655884683132,0.009211529977619648
488_03GPqk22j-w_15_2_512x512_1_1803_withaudio_label_fake.npz,Fake,Real,0.0520611384185031,0.08159748464822769,0.1569618582725525,0.0002582111628726125,0.01733490079641342,0.004153237212449312
079_f5cc99a5.jpg_gc8LE2PP3hM_68_13_label_fake.npz,Fake,Real,0.3297650325612949,0.2673376202583313,0.0021715404000133276,2.0863387817371404e-07,0.8613239526748657,0.517991840839386
32776.png_i28DmpsZUz8_370_2_label_fake.npz,Fake,Real,0.347108704969287,0.1766468733549118,0.5948485732078552,0.9230301380157471,0.03177131339907646,0.009246626868844032
952-Lqg5fiwIQso_45_1_label_fake.npz,Fake,Real,0.14096233782729542,0.15113376080989838,0.09239595383405685,5.525229425984435e-06,0.35783857107162476,0.1034378781914711
237-lXXCH-gBGzI_0_35_label_fake.npz,Fake,Deepfake,0.41282580459701423,0.658592700958252,0.054415810853242874,2.3374437660095282e-05,0.8614272475242615,0.48966988921165466
125_b66015af.jpg__pWENLj5I-8_1080p_74_3_label_fake.npz,Fake,Real,0.13105170950293543,0.10229845345020294,0.03815148398280144,0.06350281089544296,0.367704302072525,0.08360149711370468
048_453e6cb3.jpg_56kjnBhGy8Y_1080p_82_1_label_fake.npz,Fake,Deepfake,0.45215374231338507,0.48324885964393616,0.1397216022014618,0.7886103391647339,0.31974005699157715,0.5294478535652161
62-3Cv3vJa9UoI_1080p_7_5_label_fake.npz,Fake,Deepfake,0.5318020619452,0.7168955206871033,0.01646149531006813,0.09187348186969757,0.9852614998817444,0.8485183119773865
100_e1433988.jpg_dZV2TjhBthE_17_2_label_fake.npz,Fake,Real,0.12777486273553224,0.07759516686201096,0.5150689482688904,0.0005265147192403674,0.028725285083055496,0.01695839874446392
04351_Mv3FKFpTe4c_audio_3_label_fake.npz,Fake,Real,0.02151977926027371,0.06932629644870758,0.0021146717481315136,6.442425615205138e-08,0.02929580584168434,0.006862057838588953
6234-2ECheTEbkhQ_29_4_label_fake.npz,Fake,Real,0.21865625856444243,0.06605067104101181,0.012938899919390678,0.9999915361404419,0.010940500535070896,0.0033596851862967014
D56tKWtAMbw_717_1_label_real.npz,Real,Real,0.26996852381271313,0.5624494552612305,0.0914459228515625,0.0003507285437081009,0.027870353311300278,0.6677261590957642
062_f1f905e2-Qql31j-w90s_18_2_label_fake.npz,Fake,Deepfake,0.35863555073738096,0.3644193112850189,0.48593035340309143,5.866523102518223e-19,0.6645500659942627,0.27827802300453186
563-3NYH-zyIfZY_1_1_label_fake.npz,Fake,Deepfake,0.5049606076674537,0.5338733792304993,0.06286244094371796,0.0002519000554457307,0.9680820107460022,0.9597333073616028
229_SabGmKoEfYk_audio_3_512x512_1_1026_withaudio_label_fake.npz,Fake,Real,0.02266913446292165,0.07571209967136383,0.020732039585709572,1.5970257663866505e-05,0.011725230142474174,0.005160332657396793
11849-3U4D77IB-j8_0_2_label_fake.npz,Fake,Deepfake,0.48514363767514335,0.5894631743431091,0.3104003667831421,8.988926963882093e-11,0.8831295967102051,0.6427250504493713
04832-rLrUc0SdDYY_5_1_label_fake.npz,Fake,Real,0.18644778284180338,0.21263347566127777,0.009909850545227528,1.0381051573915556e-08,0.20875102281570435,0.5009445548057556
12868-o3KMJLxjdoM_34_2_label_fake.npz,Fake,Real,0.10692990144743818,0.20374301075935364,0.10088863223791122,2.032062184298411e-05,0.020464641973376274,0.20953290164470673
25340-xGCuF-h-XVc_157_1_label_fake.npz,Fake,Real,0.0492154149338603,0.08015123754739761,0.011786254122853279,0.12826329469680786,0.017716098576784134,0.008160189725458622
18755-4RSM7dOkM3k_22_2_label_fake.npz,Fake,Real,0.330606566364531,0.26921945810317993,0.8237862586975098,2.232672891011589e-08,0.11929643154144287,0.44073066115379333
209_It5DLkCxwl0_audio_3_512x512_1_1026_withaudio_label_fake.npz,Fake,Real,0.028533991158474235,0.07512908428907394,0.016474463045597076,8.702982449904084e-05,0.03929045423865318,0.01168892439454794
47361.png_JFBVpNgehIg_1080p_71_1_label_fake.npz,Fake,Real,0.20750783040566603,0.3533788323402405,0.1854824423789978,7.320714212255552e-05,0.23900587856769562,0.2595987915992737
79_o4qerM8M37s_audio_2_512x512_1_1026_withaudio_label_fake.npz,Fake,Real,0.16423109490424506,0.07344856858253479,0.7303266525268555,5.50515342134187e-15,0.010709751397371292,0.0066705020144581795
e0GahnJx-Sc_500_1_135_label_fake.npz,Fake,Real,0.30404139952734116,0.08091753721237183,0.7624155879020691,0.6571685075759888,0.014330030418932438,0.005375334527343512
24182-PYRFxrLt30A_35_2_label_fake.npz,Fake,Real,0.24391049612313512,0.09291961044073105,0.09411648660898209,0.9995182752609253,0.025655265897512436,0.007342842407524586
KGJZkMXqvcI_9_1_label_real.npz,Real,Deepfake,0.4552020302973688,0.5050615668296814,0.0070480662398040295,5.811533358382536e-25,0.9292238354682922,0.8346766829490662
18548-AbpNlshqtJc_155_1_label_fake.npz,Fake,Deepfake,0.8506108164787293,0.8209938406944275,0.6812421083450317,0.9901769757270813,0.9532673954963684,0.8073737621307373
443_6naugGonRkE_1080p_102_3_512x512_1_1803_withaudio_label_fake.npz,Fake,Real,0.037817422484840796,0.07224946469068527,0.04545405134558678,9.251748451788444e-06,0.06255508959293365,0.00881925504654646
-aDPCjQeWQs_330_2--99_TXszVudcarI_audio_3_38_label_fake.npz,Fake,Real,0.05627072453498841,0.08138027042150497,0.043993398547172546,0.0328512005507946,0.08447622507810593,0.03865252807736397
26657-SoI9-PP5Tmk_22_1_label_fake.npz,Fake,Real,0.33566386530596903,0.39972662925720215,0.013826011680066586,9.75953980741906e-07,0.8873358964920044,0.3774298131465912
25038-awYvLQ53n3M_36_1_label_fake.npz,Fake,Deepfake,0.40709410840581767,0.3957885503768921,0.27809691429138184,4.794911092176335e-06,0.8800408244132996,0.48153945803642273
W8ndzcz359Q_143_5_244_label_fake.npz,Fake,Real,0.0654591739390412,0.08752509951591492,0.045745644718408585,7.833745030438877e-08,0.021583832800388336,0.17244121432304382
14255-_T2oSi7iMrY_44_2_label_fake.npz,Fake,Real,0.3304730087518692,0.5655962824821472,0.653723955154419,0.08908693492412567,0.041425466537475586,0.3025324046611786
DuggBTqO2sc_301_5_245_label_fake.npz,Fake,Real,0.058231848292392585,0.07201945036649704,0.18442673981189728,1.699162728921455e-12,0.024873793125152588,0.009839258156716824
3557-nAeQagx49OM_57_1_label_fake.npz,Fake,Deepfake,0.35043315887451176,0.749269962310791,0.12480100244283676,0.023657239973545074,0.701727032661438,0.15271055698394775
13927-d2om_PGtwWY_15_1_label_fake.npz,Fake,Real,0.021231846138834953,0.0662856325507164,0.006168980151414871,0.017697378993034363,0.010775846429169178,0.005231392569839954
15332_SY_xV-Raq3A_1080p_16_2_label_fake.npz,Fake,Real,0.04393338556401432,0.06234884262084961,0.07124419510364532,0.06627777963876724,0.01659403182566166,0.0032020786311477423
29758-squ9XOfBKaY_120_1_label_fake.npz,Fake,Real,0.19445657579708497,0.06946545094251633,0.8483360409736633,2.5879522581817582e-05,0.030405456200242043,0.024050051346421242
24527-ADTwFvHACE4_46_4_label_fake.npz,Fake,Real,0.05118806321121064,0.1303747445344925,0.08594529330730438,3.5363836303758944e-09,0.0156850628554821,0.023935211822390556
11929-3NYH-zyIfZY_12_1_label_fake.npz,Fake,Deepfake,0.5030035018920899,0.7095782160758972,0.22207406163215637,0.37387481331825256,0.389873206615448,0.8196172118186951
16433.png_oGo0qpktVW0_1080p_76_14_label_fake.npz,Fake,Real,0.09633498713375621,0.16752015054225922,0.05572235956788063,7.413736508379842e-14,0.06664804369211197,0.19178438186645508
D56tKWtAMbw_61_1_695_label_fake.npz,Fake,Real,0.023349369131033124,0.077899269759655,0.010778458788990974,2.2360627956988406e-14,0.012848231941461563,0.015220885165035725
4315-ZWWpghA1SJc_6_4_label_fake.npz,Fake,Deepfake,0.5300305798649789,0.5657832026481628,0.08810311555862427,0.9999902248382568,0.06468871980905533,0.9315876364707947
17037-_hZseWeLSFY_16_1_label_fake.npz,Fake,Real,0.2927660431712866,0.17899660766124725,0.0407414510846138,0.01956441067159176,0.9566850662231445,0.26784268021583557
4246-ADTwFvHACE4_55_1_label_fake.npz,Fake,Real,0.3462452568136627,0.19677765667438507,0.005422238260507584,1.1411301591157663e-11,0.6443764567375183,0.884649932384491
79__Er-wOsgxWQ_audio_3_234_label_fake.npz,Fake,Real,0.06059427466243507,0.06680088490247726,0.18654516339302063,0.030820144340395927,0.010514828376471996,0.008290352299809456
52190_DOpN7bVauzY_audio_2_189_label_fake.npz,Fake,Real,0.052619974659327086,0.1360199898481369,0.011739404872059822,2.9660480294069203e-08,0.01621590554714203,0.09912454336881638
GiRZf3AUfW0_67_12_label_real.npz,Real,Real,0.10076274201273941,0.23278045654296875,0.020744090899825096,1.0699293496869143e-15,0.02293749712407589,0.22735166549682617
D56tKWtAMbw_189_1_25fps--11510_xdtIUNNyO1w_audio_2_230_label_fake.npz,Fake,Deepfake,0.5388341494981687,0.4220263659954071,0.7358179092407227,4.263838171425505e-09,0.7952090501785278,0.7411174178123474
27463.png_7oLtKHmwyRw_306_1_label_fake.npz,Fake,Real,0.18360208364424582,0.12612275779247284,0.0012365314178168774,2.1116918560437625e-06,0.7735616564750671,0.017087360844016075
300_--wjKL2y9gE_375_1_512x512_1_1803_withaudio_label_fake.npz,Fake,Real,0.1972866956144571,0.06642284244298935,0.3381245732307434,0.5655437111854553,0.01113620400428772,0.005206147208809853
088_29b6bf25-9X-SE-3CPw4_2144_3_label_fake.npz,Fake,Deepfake,0.4419025055449879,0.226975679397583,0.833223283290863,3.535954533617769e-07,0.8907254338264465,0.2585877776145935
u24egzL00g0_660_1_label_real.npz,Real,Real,0.13208840952288486,0.2487027943134308,0.005398595239967108,3.5533232676243642e-06,0.08647762984037399,0.31985947489738464
11028-GRgqbsP_-uw_93_2_label_fake.npz,Fake,Real,0.20532961795179294,0.1496308147907257,0.8431110978126526,8.988663466880098e-06,0.02221810817718506,0.011679080314934254
057_ee633567-yubEaBr4X24_1118_2_label_fake.npz,Fake,Deepfake,0.39408676652019503,0.7521398067474365,0.0024218789767473936,4.55758890893776e-05,0.5724700093269348,0.6433565616607666
28251-J-vYXU4vqcY_3_1_label_fake.npz,Fake,Real,0.25370106054469943,0.07285866886377335,0.16617277264595032,0.999998927116394,0.025327179580926895,0.004147754516452551
7oLtKHmwyRw_393_2_label_real.npz,Real,Real,0.031131723825819795,0.11233381181955338,0.0010148889850825071,0.0005069569451734424,0.01689673401415348,0.024906227365136147
418_C_Z1mo51fhU_audio_2_label_fake.npz,Fake,Real,0.04729737185635026,0.1004459410905838,0.05342588201165199,3.853085406291257e-09,0.07690507173538208,0.005709960591048002
233_uaUeoNnxmco_audio_3_label_fake.npz,Fake,Real,0.31137641910463576,0.08392057567834854,0.413329541683197,0.9795676469802856,0.06995216757059097,0.010112163610756397
22767-yMK0bMaGZYI_42_2_label_fake.npz,Fake,Deepfake,0.49145095089479585,0.5291627049446106,0.06264256685972214,5.584405880654231e-05,0.9199171662330627,0.9454764723777771
490_78p4J0EEepU_6_2-batch-2025-02-06-13-00-20-462_label_fake.npz,Fake,Real,0.31905702120275237,0.4882274270057678,0.645341157913208,2.944798325188458e-05,0.1411633938550949,0.3205236792564392
25168-aE-eKPb6vhM_6_1_label_fake.npz,Fake,Real,0.3217121634632349,0.37553101778030396,0.003196997568011284,0.7893756031990051,0.018148187547922134,0.422309011220932
2793-I5oeY5O5oJI_38_2_label_fake.npz,Fake,Real,0.3389651229605079,0.07674139738082886,0.5996572375297546,0.9645347595214844,0.04196479916572571,0.01192742120474577
11161-ADTwFvHACE4_89_2_label_fake.npz,Fake,Real,0.285142157971859,0.3599325120449066,0.12156696617603302,0.06902161985635757,0.16552570462226868,0.709663987159729
470--mMaHBtQ-DU_29_1_label_fake.npz,Fake,Deepfake,0.693660318851471,0.4700120985507965,0.35146209597587585,0.9358441829681396,0.9219986200332642,0.7889845967292786
11355-I5oeY5O5oJI_46_2_label_fake.npz,Fake,Real,0.08703690161928536,0.06909587234258652,0.2752224802970886,0.07264827191829681,0.01330801285803318,0.004909870680421591
u-X671JqQWA_144_17_label_real.npz,Real,Deepfake,0.4624451112002135,0.4523525834083557,0.25843313336372375,0.005200272426009178,0.9070641398429871,0.6891754269599915
14063-ADTwFvHACE4_74_1_label_fake.npz,Fake,Real,0.06004760210167701,0.07642167806625366,0.20621465146541595,3.4835728052184933e-11,0.015880431979894638,0.0017212489619851112
QBUcSnMKSVg_369_27_label_real.npz,Real,Deepfake,0.3832516551018901,0.5047735571861267,0.3861832618713379,5.699847603450603e-13,0.6206316351890564,0.4046698212623596
24742.png_ldI1peHBLa0_189_2_label_fake.npz,Fake,Real,0.2153533454244098,0.06225450709462166,0.9959241151809692,2.177527676394675e-06,0.011712869629263878,0.0068730576895177364
243-0IH3CEZFDTs_10_1_label_fake.npz,Fake,Real,0.2198396589915712,0.18008480966091156,0.6921636462211609,1.5435581979250657e-10,0.031197858974337578,0.19575197994709015
11832-pNogULi28gs_90_2_label_fake.npz,Fake,Real,0.041471953317523,0.10780607908964157,0.038451384752988815,0.005973346531391144,0.01573052443563938,0.0393984317779541
040_9b4bfe5b.jpg_OpitcLEYak8_1080p_7_5_label_fake.npz,Fake,Real,0.14504545778036115,0.12381751835346222,0.024533919990062714,0.3449707329273224,0.042868539690971375,0.18903657793998718
52_TP27NdZ6GDo_audio_3_label_fake.npz,Fake,Real,0.021120649404109407,0.07133378833532333,0.002387578133493662,7.093392540014065e-11,0.025045739486813545,0.0068361409939825535
LGd_iDH5tU4_5_106_label_real.npz,Real,Real,0.25572560586985293,0.09781425446271896,0.2902640700340271,4.2003098221776725e-10,0.6966721415519714,0.19387756288051605
091_d4af6789-6l6NFBuOYjk_27_1_label_fake.npz,Fake,Deepfake,0.6857576196394803,0.7761063575744629,0.9722896814346313,5.349765342543833e-05,0.9247715473175049,0.7555670142173767
23754-ON_A6hcriWc_47_1_label_fake.npz,Fake,Real,0.242101258225739,0.10492701828479767,0.9631217122077942,0.004952601157128811,0.021327676251530647,0.1161772832274437
7058-IDnknJIymfg_26_2_label_fake.npz,Fake,Real,0.09539191731994665,0.22773896157741547,0.18756212294101715,2.0534720590603683e-07,0.043376386165618896,0.018281910568475723
5940-a0MIIwPGYB4_30_1_label_fake.npz,Fake,Real,0.18164484193548558,0.07148445397615433,0.09572365134954453,0.7143831253051758,0.022558249533176422,0.004074729513376951
13135-JtLypQpGruo_50_1_label_fake.npz,Fake,Deepfake,0.4974361181886959,0.5255013704299927,0.0172114297747612,7.764482390371086e-09,0.9777942299842834,0.9666735529899597
021_8295d645-NEEN8fSBuWI_302_1_label_fake.npz,Fake,Real,0.21391254564441625,0.2338978797197342,0.08387818187475204,3.2412524888059124e-05,0.23546698689460754,0.5162872672080994
970-ndJhwVupwVQ_7_1_label_fake.npz,Fake,Real,0.273118305951361,0.4125745892524719,0.030077803879976273,2.0475789913967403e-14,0.7483704090118408,0.17456872761249542
023_2029f686.jpg_fIshKSAbvuA_1009_2_label_fake.npz,Fake,Real,0.12921611666679444,0.21689607203006744,0.14109379053115845,3.0997598456409484e-15,0.1427287459373474,0.1453619748353958
fZNe3xAY9Zw_1080p_0_1_label_real.npz,Real,Real,0.3179994810372591,0.23881684243679047,0.028884926810860634,0.9893895983695984,0.09984040260314941,0.2330656349658966
20773-85VgNDfQZwE_110_2_label_fake.npz,Fake,Real,0.2912909459693978,0.3791864812374115,0.061514489352703094,2.067474014211257e-08,0.9292043447494507,0.08654939383268356
040_9b4bfe5b.jpg_aEM1s9Saa-g_36_2_label_fake.npz,Fake,Real,0.06223231096419113,0.1456250697374344,0.05931656062602997,5.553878963837633e-06,0.0466034933924675,0.05961087718605995
043_9bfd94a4-mHii80xikXs_793_1_label_fake.npz,Fake,Real,0.09763665475601328,0.37138059735298157,0.0802936777472496,9.670378631199128e-08,0.014459808357059956,0.02204909361898899
18613-PYRFxrLt30A_2_2_label_fake.npz,Fake,Real,0.08052461966872215,0.07872580736875534,0.24709580838680267,0.01580670289695263,0.036305297166109085,0.024689482524991035
351_iK7XDpR-1IQ_audio_2_512x512_1_1026_withaudio_label_fake.npz,Fake,Real,0.10054879859101641,0.07233668863773346,0.2940475344657898,5.893659583804112e-13,0.0620453916490078,0.07431437820196152
490.png_Vz-kJATn87E_1080p_123_4_label_fake.npz,Fake,Real,0.2232367992401123,0.09097076952457428,0.016824133694171906,0.8526032567024231,0.0913662537932396,0.06441958248615265
3070-QwWcO0-ne8c_64_2_label_fake.npz,Fake,Real,0.3011122952215374,0.6252261996269226,0.013816717080771923,0.002206506673246622,0.12998425960540771,0.7343277931213379
BlgjnJ9y3oE_163_2_25fps--304_2o5u159w_uI_audio_3_37_label_fake.npz,Fake,Real,0.32415404729545116,0.6689206957817078,0.23211000859737396,0.0039804112166166306,0.06434043496847153,0.6514186859130859
49417_ePNdJNJTDl8_audio_2_197_label_fake.npz,Fake,Real,0.07038335911930484,0.06685911864042282,0.2387513816356659,4.385838006247707e-14,0.015229329466819763,0.031076965853571892
18038-lmBYMs2ysnY_3_2_label_fake.npz,Fake,Real,0.04685673878411763,0.10500945895910263,0.002410093555226922,0.0003841319994535297,0.06921730190515518,0.05726270750164986
12625.png_u-X671JqQWA_48_232_label_fake.npz,Fake,Deepfake,0.35138543483917606,0.6378214955329895,0.031464580446481705,7.907362305559218e-05,0.2828972339630127,0.8046647906303406
16320-EzSdf3VK9qc_45_2_label_fake.npz,Fake,Deepfake,0.4081993566011079,0.483359694480896,0.020987365394830704,0.00026365049416199327,0.9153366088867188,0.6210494637489319
1152-2WGnDrVPG8A_72_2_label_fake.npz,Fake,Deepfake,0.46783937569125555,0.4717080295085907,0.4611101448535919,0.0004676161042880267,0.6944206357002258,0.7114904522895813
082_6883328f-yubEaBr4X24_163_1_label_fake.npz,Fake,Real,0.17453661594772713,0.20327511429786682,0.024125179275870323,9.827298345044255e-05,0.05780350789427757,0.5873810052871704
Upf3zJKUiVI_30_1_182_label_fake.npz,Fake,Real,0.08969525887261773,0.0687922015786171,0.3418726325035095,3.075076582259584e-10,0.026782125234603882,0.011029334738850594
45962_WYP2eizW7gY_147_1_label_fake.npz,Fake,Real,0.11507613721769303,0.055344756692647934,0.47487595677375793,0.032849784940481186,0.010394482873380184,0.0019157048081979156
7967-TsQZOTSteK8_75_1_label_fake.npz,Fake,Deepfake,0.38444346189498907,0.30796629190444946,0.23577041923999786,0.6634402871131897,0.5746010541915894,0.1404392570257187
25519-O4A-dk60Njg_94_1_label_fake.npz,Fake,Deepfake,0.3572632670402527,0.3669474124908447,0.25518620014190674,0.24181929230690002,0.42854103446006775,0.4938223958015442
26778-fmc0Pk8A0T0_144_1_label_fake.npz,Fake,Real,0.25524132531136273,0.3136894702911377,0.5397893786430359,0.01355749275535345,0.03043954074382782,0.37873074412345886
31495-Du1SKO_ri4w_71_187_label_fake.npz,Fake,Deepfake,0.5323530926038075,0.6252627968788147,0.3524046242237091,1.9586945199989714e-05,0.960302472114563,0.7237759828567505
39936_u-X671JqQWA_154_2_label_fake.npz,Fake,Real,0.034924738568952306,0.07434288412332535,0.07328702509403229,0.0001403344504069537,0.021613668650388718,0.005239780526608229
20348-ADTwFvHACE4_116_2_label_fake.npz,Fake,Real,0.2217274971306324,0.14614161849021912,0.3388086259365082,0.48764899373054504,0.034372080117464066,0.1016661673784256
189_PHMafVnjks8_35_2_label_fake.npz,Fake,Real,0.3450036209076643,0.06954192370176315,0.6309874057769775,0.9999750852584839,0.016520483419299126,0.00799320638179779
279_dTeNSc1Sp28_audio_3_512x512_1_1026_withaudio_label_fake.npz,Fake,Real,0.029407128645107153,0.07684203237295151,0.03245711699128151,0.021760687232017517,0.012341104447841644,0.003634702181443572
6268-mRNCLRo9JAM_31_16_label_fake.npz,Fake,Real,0.051848805695772174,0.08133205026388168,0.03707190230488777,0.1068086177110672,0.02757050096988678,0.006460957229137421
876-ndJhwVupwVQ_11_1_label_fake.npz,Fake,Real,0.16980515187606218,0.030420543625950813,0.7899943590164185,6.2115515097475135e-18,0.02286110445857048,0.005749752279371023
28959-G37VO1yeVEo_46_1_label_fake.npz,Fake,Real,0.31088942047208545,0.18008211255073547,0.1445702463388443,1.0,0.014946076087653637,0.21484866738319397
25124-pMgqSJP9dN8_24_2_label_fake.npz,Fake,Real,0.2485766215735609,0.38996225595474243,0.0037531109992414713,6.613392855570055e-08,0.1459018886089325,0.7032657861709595
27076-JJPfmH5r99k_31_1_label_fake.npz,Fake,Real,0.2549462392926216,0.06563842296600342,0.07932527363300323,0.9903885722160339,0.05406935513019562,0.08530957251787186
024_cc39b61d.jpg_E7lIbmnQqgU_52_1_label_fake.npz,Fake,Real,0.05002235947176814,0.06791067123413086,0.04615204408764839,0.006679806392639875,0.01805012859404087,0.1113191470503807
7431-LmGz2Hp34l0_2_2_label_fake.npz,Fake,Deepfake,0.6672059774398804,0.41892874240875244,0.5919373631477356,0.9987192153930664,0.9324284791946411,0.3940160870552063
87_3744E1AMAR0_audio_2_label_fake.npz,Fake,Real,0.15774956662207842,0.2103094607591629,0.012883246876299381,0.07741621136665344,0.4176395535469055,0.07049936056137085
rLrUc0SdDYY_20_3_140_label_fake.npz,Fake,Real,0.019602516586122578,0.0748719796538353,0.005265118088573217,2.3943069749066126e-09,0.012933402322232723,0.004942080471664667
17207-Lqg5fiwIQso_35_1_label_fake.npz,Fake,Real,0.021719825240415956,0.06203504279255867,0.017637992277741432,5.466726634040242e-06,0.021380309015512466,0.007540315389633179
6-Jy-bPwwFxhk_108_2_label_fake.npz,Fake,Deepfake,0.43573680745688037,0.35907408595085144,0.061463844031095505,1.0564690788861242e-10,0.9296466708183289,0.828499436378479
18754-bOshKjz0WsQ_11_6_label_fake.npz,Fake,Real,0.17679210641090323,0.0657770112156868,0.7992480397224426,9.623386176826898e-06,0.01370330061763525,0.005222557112574577
114.png_NEEN8fSBuWI_290_1_label_fake.npz,Fake,Real,0.06398413707502186,0.07337299734354019,0.2262444794178009,0.0004615581128746271,0.013645516708493233,0.00619613379240036
092_53648816-_57vq0PQEig_92_1_label_fake.npz,Fake,Real,0.0866570353508048,0.19557499885559082,0.048802200704813004,2.6107640829493677e-14,0.05467590317130089,0.1342320740222931
071_0ebe70f4.jpg_D56tKWtAMbw_197_1_label_fake.npz,Fake,Real,0.11260681535820823,0.11536214500665665,0.028074344620108604,4.457195927898283e-07,0.050052009522914886,0.3695451319217682
067_296269c3-PqumaD82tcI_152_12_label_fake.npz,Fake,Real,0.31571413527141945,0.511508584022522,0.1063758060336113,4.977530831951071e-09,0.11781634390354156,0.8428699374198914
010_610eea60.jpg_DOpN7bVauzY_2060_3_label_fake.npz,Fake,Deepfake,0.42819004803895955,0.5834419131278992,0.03905018791556358,0.012496065348386765,0.8179519772529602,0.6880100965499878
58_lNVlA04cudE_49_3_512x512_1_1803_withaudio_label_fake.npz,Fake,Real,0.08102695625041541,0.07361149042844772,0.31104251742362976,1.850953501580932e-09,0.014939644373953342,0.005541127175092697
1P9nl9tBK38_3_1_99_label_fake.npz,Fake,Real,0.017285978631116448,0.07107021659612656,0.0008156375261023641,1.2983062418174916e-19,0.010085172951221466,0.004458866082131863
3652-lSCTGJbObOg_287_1_label_fake.npz,Fake,Real,0.21757273070965583,0.29277464747428894,0.42259496450424194,2.7589717177534112e-08,0.02595272846519947,0.34654128551483154
2NlEdgEI_mc_112_6_3_label_fake.npz,Fake,Real,0.02973104191712537,0.08027941733598709,0.02623302862048149,9.610201914256322e-07,0.018682783469557762,0.023459019139409065
114_2N2yMoz-y6I_audio_1_7_label_fake.npz,Fake,Real,0.16532726650875704,0.062014009803533554,0.7449939250946045,1.5523275578743778e-05,0.01198436040431261,0.007628513965755701
30430_56kjnBhGy8Y_1080p_100_11_label_fake.npz,Fake,Real,0.050431675091385846,0.07083430141210556,0.10862598568201065,0.03544028475880623,0.024770518764853477,0.01248728483915329
19912.png_LGd_iDH5tU4_5_179_label_fake.npz,Fake,Real,0.14602314531807475,0.2128211259841919,0.11390724778175354,2.1720471287452886e-13,0.14050127565860748,0.26288607716560364
22615-V56A6SHbI1Q_1_1_label_fake.npz,Fake,Deepfake,0.7213702172040939,0.7470044493675232,0.02965669333934784,0.9392780661582947,0.9514508247375488,0.9394610524177551
keEKlr2dG-I_59_4_25fps--114_2N2yMoz-y6I_audio_1_7_label_fake.npz,Fake,Real,0.19775722423291883,0.23949985206127167,0.7283627390861511,3.0263592634582892e-05,0.014899412170052528,0.005993854254484177
063_67d7dfda.jpg_KyeC6d6MTSU_136_5_label_fake.npz,Fake,Real,0.18949879799038175,0.08013610541820526,0.7945519685745239,0.013957250863313675,0.013502378948032856,0.04534628614783287
22909-GrQO5stiREI_130_1_label_fake.npz,Fake,Real,0.12288289703428745,0.07429685443639755,0.009000629186630249,0.5053721070289612,0.014582790434360504,0.011162104085087776
17599-YHiV0rUyg0U_40_2_label_fake.npz,Fake,Real,0.05691102971323092,0.06422179192304611,0.190350741147995,1.2819973252734766e-14,0.02727309800684452,0.002709517488256097
21896-aPDX-414xdM_0_1_label_fake.npz,Fake,Real,0.023093549724399056,0.06683408468961716,0.010848396457731724,1.4053907761990558e-05,0.03505576774477959,0.0027154458221048117
oGo0qpktVW0_1080p_82_3_25fps--66018_hlgbJ-9GE6k_audio_1_159_label_fake.npz,Fake,Deepfake,0.5326522843795828,0.7126376032829285,0.37051716446876526,0.00019327638437971473,0.9047672152519226,0.6751461625099182
18396-9rjQ5sfeUTg_out_359_11_label_fake.npz,Fake,Deepfake,0.7451845407485962,0.8443418741226196,0.6117098927497864,0.8535699248313904,0.6024371385574341,0.8138638734817505
_v4eDWAjkag_252_3_25fps--126_p-OdFWMl0Ys_audio_2_140_label_fake.npz,Fake,Deepfake,0.4787859976222535,0.4453868865966797,0.9447713494300842,2.413953552604653e-06,0.46547794342041016,0.5382913947105408
FGAyYl3ZICw_58_2_53_label_fake.npz,Fake,Real,0.04395384382805787,0.07594644278287888,0.0694350004196167,0.00023046715068630874,0.03703388571739197,0.0371234230697155
kHgF6z3Paos_0_3_label_real.npz,Real,Real,0.13798584640099482,0.18655623495578766,0.06390922516584396,3.669383373539059e-12,0.056337304413318634,0.38312646746635437
TkkHKU_lLqU_86_1_label_real.npz,Real,Real,0.22875077347271144,0.5093752145767212,0.2557624280452728,0.0037052331026643515,0.04412005469202995,0.3307909369468689
190_Lc0n7WuOwDs_1080p_220_3_label_fake.npz,Fake,Real,0.06702415291219949,0.07179678976535797,0.013041739352047443,0.22174057364463806,0.016908857971429825,0.011632803827524185
316_JFBVpNgehIg_1080p_167_6_label_fake.npz,Fake,Real,0.22494174139574172,0.060573603957891464,0.03477766364812851,0.9999998807907104,0.02509724348783493,0.004260315094143152
180-e3Y_kHSRpao_69_1_label_fake.npz,Fake,Real,0.3081144966185093,0.4041282832622528,0.5159772038459778,0.042971137911081314,0.10756324231624603,0.4699326157569885
055_ba4ace00--19DTZ6_d6U_154_3_label_fake.npz,Fake,Real,0.14937522718488108,0.44807034730911255,0.018299300223588943,1.163179330632147e-08,0.025269612669944763,0.2552368640899658
004_29776ffe-7AldV8ATrJc_313_1_label_fake.npz,Fake,Real,0.27255208138376474,0.37328243255615234,0.00601863581687212,0.5847220420837402,0.1807931512594223,0.21794414520263672
GtBnj3Z3eO4_139_2_25fps--30017_msbqwoV6PHM_1080p_7_2_25fps_label_fake.npz,Fake,Deepfake,0.465136393904686,0.6714197993278503,0.015557758510112762,0.9188507795333862,0.11373227089643478,0.6061213612556458
25497-btWyxQbkYAs_101_1_label_fake.npz,Fake,Real,0.02377567409933761,0.08241519331932068,0.0021889470517635345,2.164126016168666e-07,0.01829693466424942,0.015977079048752785
03657_CvC5eWCRYi4_audio_short_198_label_fake.npz,Fake,Real,0.23705409979447725,0.06857636570930481,0.08022863417863846,0.99960857629776,0.03058306872844696,0.006273854058235884
Vz-kJATn87E_1080p_125_12_25fps--198_y_H9JEbn-XU_62_1_25fps_label_fake.npz,Fake,Real,0.23459375877969185,0.3768063187599182,0.22860898077487946,3.376566937163261e-08,0.0812491774559021,0.48630428314208984
6668-wnwjcJfC-1U_72_1_label_fake.npz,Fake,Real,0.17373188236560963,0.49855461716651917,0.07670853286981583,1.7361055142828263e-05,0.04198933765292168,0.2513895630836487
7032-WLXiu-qp8Lw_157_1_label_fake.npz,Fake,Real,0.27718959748744965,0.5167123079299927,0.03088831901550293,0.01563040167093277,0.7839014530181885,0.03881550580263138
13022-KFOvtqspEZk_94_1_label_fake.npz,Fake,Deepfake,0.5226286968681961,0.5067622065544128,0.5322995185852051,0.0030222937930375338,0.9235478043556213,0.6475116610527039
14496.png_GtBnj3Z3eO4_260_3_label_fake.npz,Fake,Deepfake,0.4792966252557108,0.8520705699920654,0.13979940116405487,3.1590047910867725e-07,0.9170381426811218,0.4875746965408325
055_fbbcb3c7-dTeNSc1Sp28_202_1_label_fake.npz,Fake,Real,0.1077270896290429,0.1063428521156311,0.0024044010788202286,0.0007243813597597182,0.09293320775032043,0.336230605840683
27595-awYvLQ53n3M_85_3_label_fake.npz,Fake,Real,0.07719691620005484,0.11830780655145645,0.11614949256181717,3.6424134541857e-11,0.044551607221364975,0.10697567462921143
34532.png_13ReaYK2Pt4_4_4_label_fake.npz,Fake,Real,0.2750565774738789,0.08116034418344498,0.11636113375425339,0.9878326654434204,0.024219904094934464,0.16570883989334106
3517-tt0HOe7gf7I_0_1_label_fake.npz,Fake,Deepfake,0.529601302742958,0.5635843873023987,0.8401164412498474,0.7205213904380798,0.18728284537792206,0.33650144934654236
038_081386a5.jpg_dFiwhwAHNMw_63_6_label_fake.npz,Fake,Real,0.08691789023612653,0.16823585331439972,0.01843438856303692,1.7242952942211898e-12,0.03858884423971176,0.20933036506175995
062_99dd69cb-VifDzyPgBNg_210_9_label_fake.npz,Fake,Deepfake,0.5326720892521852,0.8029689192771912,0.0011625582119449973,1.5148989007673919e-10,0.9562744498252869,0.9029545187950134
50577_02xKoH4b4Cs_audio_1_161_label_fake.npz,Fake,Real,0.22274444103241453,0.08567185699939728,0.11384136974811554,2.422598085409077e-14,0.7515870332717896,0.16262194514274597
21478.png_bpyUlL59qEw_80_1_label_fake.npz,Fake,Real,0.21960674216970802,0.06000417098402977,0.9091485142707825,0.1076354905962944,0.013781611807644367,0.007463923189789057
23676-WxdaDqICMP8_540_6_label_fake.npz,Fake,Real,0.1444663971662523,0.5871106386184692,0.02950652502477169,9.178091145027384e-16,0.08146536350250244,0.02424945868551731
8-iiYu7NESU_532_3_25fps--26933_OpitcLEYak8_1080p_70_10_25fps_label_fake.npz,Fake,Real,0.295424397289753,0.5496589541435242,0.02589607983827591,0.2719711363315582,0.13742190599441528,0.4921739101409912
4jEjuJX169k_590_1_25fps--394_ISRQ7djT3uw_audio_3_97_label_fake.npz,Fake,Deepfake,0.4615832582116128,0.5372223854064941,0.10168377310037613,0.9495242238044739,0.2869590222835541,0.4325268864631653
042_2ccd070f_1WuFbrHbnW8_94_5-batch-2025-02-06-13-00-20-141_label_fake.npz,Fake,Real,0.26881979182362553,0.08077830821275711,0.13815197348594666,0.9959486722946167,0.036657948046922684,0.09256205707788467
381_K3O_-Mjls_Q_1080p_101_22_512x512_1_1803_withaudio_label_fake.npz,Fake,Real,0.03463928521960042,0.07055630534887314,0.08165144920349121,0.00012581745977513492,0.013779978267848492,0.007082875818014145
7AldV8ATrJc_336_1_166_label_fake.npz,Fake,Real,0.23631483893841504,0.0804932489991188,0.042271941900253296,0.9998132586479187,0.014885078184306622,0.04411066696047783
6668-9IbpGupPrtc_47_1_label_fake.npz,Fake,Real,0.2414028464816511,0.3683588206768036,0.03607844188809395,0.007734458427876234,0.44958651065826416,0.3452560007572174
7-4GJoAnMi6Mo_509_1_label_fake.npz,Fake,Deepfake,0.5042784035391797,0.5357798337936401,0.9693354964256287,5.2247042248154685e-08,0.91440749168396,0.1018691435456276
15511.png_KLyiFfWtoPI_836_3_label_fake.npz,Fake,Real,0.33169156954813844,0.44778677821159363,0.0003740608226507902,1.7189515801874222e-06,0.7445257902145386,0.465769499540329
OprPPstAfSg_59_9_214_label_fake.npz,Fake,Real,0.020024179338361137,0.05440245941281319,0.027431830763816833,2.7947811759077013e-05,0.013552660122513771,0.004705998580902815
490_4DXBHgW9NlI_280_12-batch-2025-02-06-13-00-20-476_label_fake.npz,Fake,Real,0.17335611543039706,0.08267723023891449,0.7561525106430054,7.4030076575581916e-06,0.01707271859049797,0.010870714671909809
2781-lSCTGJbObOg_109_1_label_fake.npz,Fake,Real,0.3057762135933444,0.2825535237789154,0.12941458821296692,2.283844878547825e-05,0.9097066521644592,0.20718346536159515
rMrG-WhVhow_598_1_12_label_fake.npz,Fake,Real,0.023384935178160052,0.0628795176744461,0.03975938260555267,7.094457714629243e-07,0.009602148085832596,0.004682918079197407
5436-zv3uM90m5Rg_34_1_label_fake.npz,Fake,Deepfake,0.5514381151646376,0.8707677721977234,0.003915820270776749,0.019588904455304146,0.896009087562561,0.9669089913368225
041_b77c7671.jpg_SY_xV-Raq3A_1080p_92_5_label_fake.npz,Fake,Real,0.1308453556150198,0.11059080809354782,0.2433779239654541,0.21098488569259644,0.02294311486184597,0.06633004546165466
6704-ZWWpghA1SJc_0_1_label_fake.npz,Fake,Real,0.04804559056647122,0.07918625324964523,0.13074611127376556,0.001768909627571702,0.01608351431787014,0.012443164363503456
10300-I7bHX9Wkr0E_47_1_label_fake.npz,Fake,Real,0.31010269830003384,0.24470721185207367,0.004325552377849817,0.9980092644691467,0.026981698349118233,0.2764897644519806
5534-TalBZ9_fmQk_1_4_label_fake.npz,Fake,Real,0.17901378609240054,0.3612605035305023,0.09914698451757431,0.019606975838541985,0.024582471698522568,0.3904719948768616
vD3nsZApevw_199_1_25fps--16554_Du1SKO_ri4w_55_45_25fps_label_fake.npz,Fake,Deepfake,0.47897274934221057,0.5260410308837891,0.43793433904647827,0.0014953833306208253,0.7226230502128601,0.7067699432373047
1289-qjGmzBp2fFk_53_1_label_fake.npz,Fake,Deepfake,0.545392844080925,0.6708365678787231,0.04347465932369232,0.7504527568817139,0.6366609930992126,0.625539243221283
146.png_7oLtKHmwyRw_827_1_label_fake.npz,Fake,Deepfake,0.36959793420457604,0.6095191836357117,0.0032281330786645412,4.712237711146372e-08,0.8817667961120605,0.35347551107406616
4090-UWnFJdu3BOA_49_2_label_fake.npz,Fake,Real,0.12520020622760059,0.15631258487701416,0.09086453914642334,0.015518640168011189,0.30352646112442017,0.05977880582213402
010_08c44431-kHgF6z3Paos_457_1_label_fake.npz,Fake,Real,0.17600126187317075,0.2730466425418854,0.04941213130950928,0.0005434711929410696,0.2605612874031067,0.29644277691841125
020_b12140b8-TAg_vPRplr8_1135_5_label_fake.npz,Fake,Real,0.0833877089068551,0.21036460995674133,0.10812655836343765,7.295088266801031e-07,0.08724477142095566,0.011201875284314156
033_8bed6926-jIPtRm3pnfs_14_7_label_fake.npz,Fake,Real,0.2500756950890732,0.4278305172920227,0.23973190784454346,8.522034189439864e-10,0.39138704538345337,0.191429004073143
25962-YHiV0rUyg0U_0_1_label_fake.npz,Fake,Real,0.13295075446367488,0.10528478771448135,0.47427862882614136,1.1123429786855446e-14,0.05308062210679054,0.032109733670949936
092_aebdc10e-27g6HX_U3ns_4_1_label_fake.npz,Fake,Deepfake,0.6091373980045319,0.8330056071281433,0.25204703211784363,1.9779631702525685e-23,0.9823684096336365,0.9782659411430359
18841-ndJhwVupwVQ_10_2_label_fake.npz,Fake,Deepfake,0.3529274873435523,0.30331704020500183,0.04486658796668053,1.2547313347013606e-14,0.9463682174682617,0.47008559107780457
10310-0xfJy96HJqo_57_1_label_fake.npz,Fake,Real,0.20265047923647897,0.17609860002994537,0.05196773633360863,7.22752190540632e-07,0.054067790508270264,0.7311175465583801
29653_jXf9d1xHO34_1080p_119_1_label_fake.npz,Fake,Real,0.10895710587501527,0.10394179821014404,0.06164230406284332,0.3322589695453644,0.032169684767723083,0.014772772789001465
25904-VvyPZwhivKQ_19_1_label_fake.npz,Fake,Real,0.025464360750950914,0.09826954454183578,0.006613064557313919,1.2385286574101428e-08,0.01727951504290104,0.005159667227417231
208_eTCqkkzlyjs_audio_3_512x512_1_1026_withaudio_label_fake.npz,Fake,Real,0.30665136734023685,0.07384723424911499,0.3469679355621338,1.0,0.1088121086359024,0.003629558254033327
22337-EODY_p1TQr8_97_2_label_fake.npz,Fake,Real,0.22483565175298814,0.317936509847641,0.009273825213313103,6.27816826304084e-11,0.4319725036621094,0.36499541997909546
45784.png_gEpZTuQhcuA_44_1_label_fake.npz,Fake,Deepfake,0.35367822572588925,0.371008962392807,0.9919142723083496,7.329633836900454e-20,0.04707055911421776,0.35839733481407166
jXf9d1xHO34_1080p_119_7_25fps--42883_30CXCDECyG4_1080p_91_13_25fps_label_fake.npz,Fake,Real,0.08846356570720675,0.16244962811470032,0.14857636392116547,0.0021896064281463623,0.06383617222309113,0.06526605784893036
12566-BJr-6o-eYLc_50_1_label_fake.npz,Fake,Real,0.1804976645857096,0.06847183406352997,0.08507218211889267,0.7128159999847412,0.03193768113851547,0.004190625622868538
4697-Lv39BhZJ2mg_1_10_label_fake.npz,Fake,Real,0.08199827099160759,0.12668301165103912,0.23074893653392792,6.239423237275332e-05,0.026291651651263237,0.026205360889434814
473_NEEN8fSBuWI_444_1_512x512_1_1803_withaudio_label_fake.npz,Fake,Real,0.03090873051260133,0.07277802377939224,0.049088332802057266,0.00017952675989363343,0.030017880722880363,0.0024798884987831116
21366-alnYtPmX8hE_0_1_label_fake.npz,Fake,Deepfake,0.576806364953518,0.349423885345459,0.5510429739952087,0.9999754428863525,0.04094194620847702,0.9426475763320923
20426-0xfJy96HJqo_47_2_label_fake.npz,Fake,Real,0.022550734120819985,0.0708814412355423,0.01577237993478775,7.887104658266253e-08,0.022452834993600845,0.0036469355691224337
040_e534b74f-GtBnj3Z3eO4_104_1_label_fake.npz,Fake,Real,0.3222498474900931,0.6511597633361816,0.11343344300985336,1.1987413017777726e-06,0.24802011251449585,0.5986347198486328
8455-IIT29JDuMXs_59_2_label_fake.npz,Fake,Real,0.2693856596932165,0.29639291763305664,0.03511122241616249,7.626041042385623e-05,0.44574403762817383,0.5696038603782654
PXdPmUJN6k0_70_2_96_label_fake.npz,Fake,Real,0.02277644824880554,0.06987013667821884,0.014346796087920666,4.467027792998124e-06,0.015590622089803219,0.014070219360291958
21099-bM1LXa68oxc_125_1_label_fake.npz,Fake,Deepfake,0.43472841531038287,0.3265990614891052,0.23951607942581177,0.9957785606384277,0.11781422048807144,0.49393415451049805
13208-I5oeY5O5oJI_53_2_label_fake.npz,Fake,Deepfake,0.361816619988531,0.06631108373403549,0.6405921578407288,0.9730945229530334,0.12137845903635025,0.007706876378506422
19632-852WCRqSgFA_0_1_label_fake.npz,Fake,Real,0.184213461734201,0.47122469544410706,0.03225891664624214,3.6485394566687646e-11,0.11412619799375534,0.30345749855041504
004_6aede3d3.jpg_ldI1peHBLa0_57_5_label_fake.npz,Fake,Deepfake,0.4069139063358307,0.06501732021570206,0.9477183818817139,0.9999998807907104,0.017647018656134605,0.004186930134892464
wdNhtZOGxBw_229_1_94_label_fake.npz,Fake,Real,0.03065583545321715,0.07383828610181808,0.058093708008527756,4.473495209822431e-06,0.014749318361282349,0.006593391299247742
De5FGogMWzQ_15_1_label_real.npz,Real,Deepfake,0.37941260710358626,0.5630990266799927,0.02817676216363907,0.8761686086654663,0.39279747009277344,0.036821167916059494
_Er-wOsgxWQ_3_3_label_real.npz,Real,Real,0.05849846042692662,0.13200154900550842,0.03631121665239334,0.07186204940080643,0.03539334610104561,0.016924140974879265
28199-awYvLQ53n3M_61_3_label_fake.npz,Fake,Real,0.2738549746572972,0.278229296207428,0.03282475844025612,3.292582502099976e-17,0.8912500143051147,0.16697080433368683
28712-IDnknJIymfg_26_2_label_fake.npz,Fake,Real,0.11686716777558671,0.13513386249542236,0.1352560669183731,2.015990787640476e-07,0.30063924193382263,0.013306465931236744
398_KLyiFfWtoPI_audio_3_512x512_1_1026_withaudio_label_fake.npz,Fake,Real,0.03444986418086645,0.06520401686429977,0.0884236991405487,9.852479075644904e-12,0.014569811522960663,0.0040517933666706085
488_8DtgmPl6mjY_audio_3_177_label_fake.npz,Fake,Real,0.16003666985779996,0.0799252986907959,0.6617099046707153,0.039958707988262177,0.01296842098236084,0.0056210169568657875
32782.png_B4LwKKKbAuI_4_2_label_fake.npz,Fake,Real,0.12479351489246451,0.06808211654424667,0.5402212738990784,1.8654366246151355e-11,0.008603322319686413,0.0070608616806566715
16211-pzdnuEa8a20_1_2_label_fake.npz,Fake,Real,0.07995732990502802,0.23971891403198242,0.014872574247419834,1.4745369298907463e-06,0.015791213139891624,0.12940247356891632
160-GA2Z7m_-WHI_119_1_label_fake.npz,Fake,Deepfake,0.5134413533378592,0.8921667337417603,0.6329085826873779,3.95822041809879e-09,0.11675968021154404,0.9253717660903931
011_c2d9c2a1-C4hNyd9eJy4_0_47_label_fake.npz,Fake,Deepfake,0.5017198148739905,0.6663488745689392,0.0018511728849262,4.535962924712145e-11,0.9057724475860596,0.934626579284668
399_kHgF6z3Paos_906_1_label_fake.npz,Fake,Real,0.05243153471081996,0.07197099924087524,0.13718517124652863,1.5653444052077248e-07,0.0466088242828846,0.006392522249370813
226.png_O_6kW3Mrkm8_237_7_label_fake.npz,Fake,Real,0.2188935973594198,0.06465648114681244,0.0002348315465496853,0.994599461555481,0.01415449008345604,0.02082272246479988
38930.png_KLyiFfWtoPI_381_9_label_fake.npz,Fake,Deepfake,0.41231448372127494,0.4713916480541229,0.20312261581420898,0.00013484159717336297,0.8809763789176941,0.505946934223175
KyeC6d6MTSU_216_1_label_real.npz,Real,Deepfake,0.37571501135826113,0.30293187499046326,0.3424646258354187,0.8781536817550659,0.031590789556503296,0.32343408465385437
481_O_6kW3Mrkm8_audio_2_label_fake.npz,Fake,Real,0.20804924718104306,0.09401485323905945,0.00101180630736053,0.7569352984428406,0.1750514954328537,0.013232782483100891
_OpXjs-PM8M_2_84_128_label_fake.npz,Fake,Real,0.02982758719881531,0.07551625370979309,0.01953347958624363,0.00015355127106886357,0.04888969287276268,0.005044958554208279
94_EK1LL1rvK38_audio_short_2_label_fake.npz,Fake,Real,0.03161947731132386,0.0713537186384201,0.0365423783659935,6.688860594294965e-07,0.02900237776339054,0.021198242902755737
56287_4RSM7dOkM3k_audio_3_53_label_fake.npz,Fake,Real,0.10052542947242608,0.06873936951160431,0.3832433819770813,4.942186525476455e-13,0.010417954996228218,0.040226440876722336
15953.png_-mMaHBtQ-DU_60_1_label_fake.npz,Fake,Real,0.09449073392897846,0.08522073179483414,0.2927195131778717,0.0402243547141552,0.013468497432768345,0.04082057252526283
06432.png_5oEJ6HpCC1c_68_1_label_fake.npz,Fake,Deepfake,0.44952584654092786,0.5194055438041687,0.5259155631065369,0.8710833191871643,0.10273178666830063,0.22849301993846893
Du1SKO_ri4w_85_234_224_label_fake.npz,Fake,Real,0.19409367227926852,0.06948574632406235,0.8486844301223755,0.022053366526961327,0.027558308094739914,0.0026865103282034397
25497-NduDs59WZqU_0_1_label_fake.npz,Fake,Real,0.11660076752913953,0.2213069498538971,0.002462785691022873,3.0446103971293326e-11,0.04712716490030289,0.3121069371700287
29554-LPW5Zx3ntZo_29_1_label_fake.npz,Fake,Real,0.3447820228706405,0.7371833324432373,0.03153679519891739,6.0899739764863625e-05,0.4788341522216797,0.47629493474960327
20691-2gOvQIMWbCY_5_1_label_fake.npz,Fake,Deepfake,0.6092045426368714,0.6560534238815308,0.20565825700759888,0.5139570236206055,0.8402571678161621,0.8300968408584595
12105-ADTwFvHACE4_31_1_label_fake.npz,Fake,Real,0.02272798507474363,0.060024943202733994,0.006989268586039543,0.0002686034422367811,0.025600159540772438,0.020756950601935387
15750-V56A6SHbI1Q_49_2_label_fake.npz,Fake,Deepfake,0.3732766241766513,0.4948256015777588,0.2866881191730499,0.0011340533383190632,0.3827359080314636,0.7009994387626648
054_5a9566eb.jpg_ha96Xj9FAT0_344_31_label_fake.npz,Fake,Real,0.3148713040533835,0.4569876194000244,0.6514912247657776,5.976275474495196e-07,0.07497554272413254,0.3909015357494354
16074-6QjWo7-Mn3o_34_2_label_fake.npz,Fake,Real,0.18608195127453653,0.3084922134876251,0.2838478684425354,0.001508002053014934,0.02523096650838852,0.3113307058811188
105_0e19a5e1-j-SnQH4ewHU_81_9_label_fake.npz,Fake,Real,0.3327964816242457,0.2856859266757965,0.015646496787667274,0.9888984560966492,0.06403893977403641,0.30971258878707886
25099-BhwnAYvzhm4_50_1_label_fake.npz,Fake,Real,0.05265527665615083,0.1398909091949463,0.03307065740227699,0.039828963577747345,0.007498122751712799,0.04298773035407066
10-lqKZS1uYfro_110_7_label_fake.npz,Fake,Deepfake,0.41110218403175625,0.21980373561382294,0.7639918923377991,2.3531094939244213e-07,0.5195603966712952,0.5521546602249146
v9f6twy70iM_2_6--6228-lSCTGJbObOg_109_2_label_fake.npz,Fake,Real,0.32949565062418534,0.6566526889801025,0.24759045243263245,1.5372780381994744e-08,0.22361694276332855,0.5196181535720825
16160-Az7KlMuorpM_115_1_label_fake.npz,Fake,Deepfake,0.3921707674860955,0.7875918745994568,0.03214616701006889,0.013848837465047836,0.14744003117084503,0.9798269271850586
47492_VGCRcRs-jkE_0_1_label_fake.npz,Fake,Real,0.0316825847180516,0.09393192827701569,0.01578490063548088,1.9535631792799713e-11,0.044166769832372665,0.004529324825853109
5346-Ft9uf9w3QVA_42_2_label_fake.npz,Fake,Real,0.06676631277659908,0.0882909744977951,0.10959164053201675,0.00041538506047800183,0.04016813635826111,0.09536542743444443
aEM1s9Saa-g_91_1_25fps--61361__T2oSi7iMrY_audio_1_223_label_fake.npz,Fake,Deepfake,0.4131990074820351,0.450249582529068,0.053041890263557434,0.0004428176616784185,0.8314589262008667,0.7308018207550049
lmBYMs2ysnY_22_3--19493-NSWcdPWXZQI_106_1_label_fake.npz,Fake,Real,0.0536894353106618,0.06883785873651505,0.14696760475635529,0.02676652930676937,0.013622353784739971,0.01225282996892929
PgfPJgJz7Pg_81_1_label_real.npz,Real,Real,0.26706910099037773,0.2895839810371399,0.42431220412254333,7.65148939763094e-08,0.05369354411959648,0.5677556991577148
iEd6mSVWLr4_510_4_label_real.npz,Real,Real,0.2987890297860535,0.44291359186172485,0.08885535597801208,1.0880986112127289e-09,0.05002975091338158,0.9121464490890503
trimmed_KKeGv-ny-kY_719_1--bcOtGw3A74c_221_4_W8ndzcz359Q_39_5_25fps_25fps_label_fake.npz,Fake,Real,0.019038364342867452,0.05851541832089424,0.02085953764617443,2.3588299313814787e-07,0.009905483573675156,0.0059111462906003
009_49237aa0.jpg_KyeC6d6MTSU_240_3_label_fake.npz,Fake,Deepfake,0.3989712507135664,0.40881434082984924,0.9679446220397949,4.574957984004868e-06,0.03892982006072998,0.5791628956794739
wdNhtZOGxBw_38_1_728_label_fake.npz,Fake,Real,0.029972246535385244,0.07901246845722198,0.046669721603393555,1.58447903686465e-06,0.014006891287863255,0.010170566849410534
CeUoS2T2hhc_95_2_label_real.npz,Real,Real,0.1711597703397279,0.20927123725414276,0.44676223397254944,2.5425570089815993e-15,0.032522689551115036,0.16724269092082977
22714-9rjQ5sfeUTg_out_107_4_label_fake.npz,Fake,Deepfake,0.6327542126178741,0.5956169366836548,0.6921877264976501,0.8362641930580139,0.3404337465763092,0.6992684602737427
28732.png_7ua-Uet5y28_332_1_label_fake.npz,Fake,Real,0.08691324205373015,0.15992532670497894,0.1870221048593521,2.7252946566136416e-08,0.06962376832962036,0.01799498312175274
23078_2ECheTEbkhQ_23_6_label_fake.npz,Fake,Real,0.018360673013535236,0.0660596638917923,0.004198865033686161,3.4139588933612686e-08,0.014998416416347027,0.006546385586261749
EzSdf3VK9qc_3_1--13208-LmGz2Hp34l0_11_1_label_fake.npz,Fake,Real,0.13081219989107923,0.39782363176345825,0.0084007503464818,0.00026751827681437135,0.09448970854282379,0.15307939052581787
12702-awNrju1X3zc_21_1_label_fake.npz,Fake,Real,0.04314074363535525,0.12835457921028137,0.007246311288326979,4.003489095794066e-09,0.03337612375617027,0.04672669991850853
347_SzhK7Q-pY0U_1_104_label_fake.npz,Fake,Real,0.02347931755001582,0.07203894853591919,0.009107524529099464,5.087462682240584e-07,0.013635333627462387,0.02261427231132984
19365_pNogULi28gs_84_2_audio_short_512x512_1_1655_withaudio_label_fake.npz,Fake,Real,0.13589514493942262,0.3674390912055969,0.025013195350766182,0.043812062591314316,0.012591036036610603,0.230620339512825
11_rwnnXFpqN5I_188_1_label_fake.npz,Fake,Real,0.024460681950735898,0.07641827315092087,0.012105432339012623,1.3290285316713835e-08,0.011532449163496494,0.02224724180996418
143.png_zr6OpxBh5DA_349_2_label_fake.npz,Fake,Real,0.06507008634507656,0.08988025039434433,0.10871612280607224,0.06049513816833496,0.01351349987089634,0.05274542048573494
24808-30a4OlkenNU_72_1_label_fake.npz,Fake,Deepfake,0.5138122856616973,0.24895329773426056,0.0711028128862381,0.9870238304138184,0.7614137530326843,0.5005677342414856
286.png_rwnnXFpqN5I_177_1_label_fake.npz,Fake,Real,0.046007948168773224,0.07458145916461945,0.019831500947475433,3.656540181751211e-09,0.012397988699376583,0.12322878837585449
YP-iH-7WRLI_472_1--9685-0xfJy96HJqo_19_1_label_fake.npz,Fake,Real,0.24663870388584366,0.4187752306461334,0.003113714512437582,5.026262517304758e-09,0.35588568449020386,0.4554188847541809
-qs_Rh-rAbI_1_1_label_real.npz,Real,Real,0.017081062377792475,0.06583379954099655,0.004947046749293804,2.011532842516317e-06,0.010963419452309608,0.003659034613519907
72_lXXCH-gBGzI_104_78_label_fake.npz,Fake,Real,0.03434735415503383,0.11473581939935684,0.0369943268597126,0.00207662396132946,0.012083319947123528,0.005846680607646704
25983-AbpNlshqtJc_155_1_label_fake.npz,Fake,Real,0.3056329384446144,0.2700612545013428,0.616783082485199,0.3255044221878052,0.25987306237220764,0.05594287067651749
8378-alnYtPmX8hE_4_6_label_fake.npz,Fake,Real,0.3201430670917034,0.2782471776008606,0.4019677937030792,0.8470613956451416,0.017176169902086258,0.056262798607349396
1_fZNe3xAY9Zw_1080p_55_1_512x512_1_1803_withaudio_label_fake.npz,Fake,Real,0.11507253656163811,0.06210649013519287,0.11234328150749207,0.38479673862457275,0.009317941032350063,0.00679823150858283
27003-xZT8cNQCq2s_111_1_label_fake.npz,Fake,Real,0.06063223369419575,0.10096283257007599,0.023814290761947632,0.14223527908325195,0.01510121300816536,0.021047553047537804
CeUoS2T2hhc_4_1--602-TXf3uH5YqM4_0_4_label_fake.npz,Fake,Real,0.06435677149984258,0.2422284036874771,0.026923010125756264,4.345630259194877e-06,0.02961350977420807,0.02301458828151226
jV2pjBg0srU_1273_2_label_real.npz,Real,Real,0.0482366856711451,0.17240317165851593,0.013342845253646374,0.00033979982254095376,0.03376353159546852,0.021334080025553703
059_1027f3c2-ldI1peHBLa0_26_1_label_fake.npz,Fake,Deepfake,0.5442438155412674,0.14061759412288666,0.7823299765586853,1.0,0.3772014081478119,0.4210700988769531
045_d074e61c.jpg_fsxz7T3qTCg_35_1_label_fake.npz,Fake,Real,0.0987551546888426,0.1426466703414917,0.22908973693847656,0.000402232282795012,0.02821437083184719,0.09342276304960251
19871-dIYmzf21d1g_53_3_label_fake.npz,Fake,Real,0.25040267886352013,0.5120716094970703,0.08579415827989578,4.807195637113182e-06,0.08445372432470322,0.5696890950202942
24741-Lqg5fiwIQso_16_3_label_fake.npz,Fake,Real,0.04166507497429848,0.06463233381509781,0.03355783596634865,0.08187281340360641,0.014048567041754723,0.014213824644684792
1POFF5RQjyM_121_1_label_real.npz,Real,Real,0.022832322348585874,0.08178810030221939,0.004591837991029024,9.821004823606927e-06,0.022236201912164688,0.005535650532692671
014_9742cf0f_oTElQFuLr7o_0_13_label_fake.npz,Fake,Real,0.29067489225417376,0.07452934235334396,0.9015966653823853,0.0007231729105114937,0.43264898657798767,0.043876294046640396
5z_krRwSyt8_12_1_label_real.npz,Real,Deepfake,0.3593900835552338,0.6506381034851074,0.18557602167129517,2.999366754963262e-09,0.14935548603534698,0.8113808035850525
48722.png_TkkHKU_lLqU_134_1_label_fake.npz,Fake,Real,0.32566690221428873,0.36884745955467224,0.06305768340826035,0.9169411063194275,0.04641082510352135,0.23307743668556213
19767-2WGnDrVPG8A_158_3_label_fake.npz,Fake,Real,0.12261357424667949,0.3523077368736267,0.1431601643562317,8.894404345483053e-06,0.07947807013988495,0.038113005459308624
12700-6w9ikJPzTOA_85_1_label_fake.npz,Fake,Real,0.05354049693414709,0.07656598836183548,0.13361501693725586,8.477101073367521e-05,0.04051418974995613,0.016922518610954285
321_XJmuXrN2cQA_167_6_512x512_1_0112_withaudio_label_fake.npz,Fake,Real,0.03462006676313027,0.0691608339548111,0.08078276365995407,8.303882914617589e-09,0.019905421882867813,0.00325130601413548
ISBxZXSDgWE_85_2_label_real.npz,Real,Real,0.12408154757868034,0.3648020923137665,0.04401387274265289,8.277232700493187e-05,0.04335298761725426,0.16815601289272308
sgFq4ty8wSI_49_1--27952-ADTwFvHACE4_7_2_label_fake.npz,Fake,Deepfake,0.5068725016433746,0.559350848197937,0.0024457110557705164,0.9995059967041016,0.4342153072357178,0.538844645023346
25904-PnBMdJ5KeHk_18_2_label_fake.npz,Fake,Real,0.21411299705505374,0.12674735486507416,0.4886554777622223,0.24387116730213165,0.17861708998680115,0.03267389535903931
vNgfHfdSke0_31_1_label_real.npz,Real,Deepfake,0.505466457363218,0.7210066914558411,0.19032220542430878,0.00016158400103449821,0.8948328495025635,0.7210089564323425
52887.png_aCWTsma-Cng_22_1_label_fake.npz,Fake,Real,0.09648614569961317,0.15639877319335938,0.003304583951830864,3.456715469418725e-10,0.28499481081962585,0.0377325601875782
28644-O4A-dk60Njg_186_1_label_fake.npz,Fake,Real,0.08998609150294215,0.16916485130786896,0.021636035293340683,0.0007245746674016118,0.050590064376592636,0.20781493186950684
147_MATJqR93d5I_21_1_audio_short_512x512_1_0557_withaudio_label_fake.npz,Fake,Real,0.19994382559088988,0.0740823969244957,0.8638754487037659,0.0002914145006798208,0.055385250598192215,0.006084617227315903
SCWFVd_FiAU_32_1--21762-I5oeY5O5oJI_31_6_label_fake.npz,Fake,Deepfake,0.5397807538509369,0.4519423246383667,0.08533796668052673,1.0,0.6968563199043274,0.4647671580314636
33539.png_dcvbo-RdeWw_2_2_label_fake.npz,Fake,Real,0.02767118180058158,0.10469696670770645,0.008859477005898952,8.750738328400232e-11,0.015461122617125511,0.00933834258466959
PrBxDq17nfM_0_247_131_label_fake.npz,Fake,Real,0.023709895252250136,0.07929446548223495,0.01667545922100544,0.0006873583188280463,0.015335042960941792,0.006557150278240442
eWj2-6q2ybk_248_1_label_real.npz,Real,Real,0.03688134751282633,0.08710815757513046,0.0014641720335930586,0.034750182181596756,0.010160878300666809,0.05092334747314453
55788_Fjkw9vYDukg_59_1_audio_short_512x512_1_1655_withaudio_label_fake.npz,Fake,Real,0.09024478022474797,0.08077315241098404,0.0007027453975751996,0.3446994125843048,0.018109038472175598,0.006939552258700132
GNkwgfQFj60_37_5--TAaMKX4tbx8_5_11_142_label_fake.npz,Fake,Deepfake,0.5109489575028421,0.6895818710327148,0.004667855799198151,0.41554781794548035,0.599139392375946,0.8458078503608704
19840-A-BRu8z7ztk_0_1_label_fake.npz,Fake,Deepfake,0.4168526242487133,0.526307225227356,0.0067066955380141735,0.00027322210371494293,0.6795945763587952,0.871381402015686
nBVWOmPTk-4_86_1--nBVWOmPTk-4_97_1_416_label_fake.npz,Fake,Deepfake,0.3700864151120189,0.3717643916606903,0.03348369151353836,1.3544794804051558e-15,0.6904115080833435,0.7547724843025208
12697_NSWcdPWXZQI_74_1_label_fake.npz,Fake,Real,0.015773831028491274,0.06054651364684105,0.004256283864378929,6.72177686021329e-17,0.010345440357923508,0.003720917273312807
250_KKeGv-ny-kY_719_1-batch-2025-02-04-10-00-57-174_label_fake.npz,Fake,Real,0.04766795649047708,0.06324200332164764,0.16235291957855225,2.5303794245701283e-05,0.00856903474777937,0.004150521010160446
0-WxdaDqICMP8_542_6_label_fake.npz,Fake,Deepfake,0.4027210652828217,0.4363659918308258,0.5193616151809692,5.149472670485652e-20,0.7930627465248108,0.26481497287750244
_-nNx99qK4A_0_2_label_real.npz,Real,Real,0.12251447310263758,0.19803325831890106,0.19033347070217133,0.00023271988902706653,0.15528187155723572,0.06869104504585266
034_418fbbdb__OpXjs-PM8M_2_79_label_fake.npz,Fake,Real,0.04110340103070485,0.06784921139478683,0.11840612441301346,5.005996354157105e-05,0.014042585156857967,0.005169024225324392
26349-D1m1SQIdMkk_33_1_label_fake.npz,Fake,Real,0.2553103984333575,0.06748975068330765,0.004415417555719614,1.0,0.023109061643481255,0.18153776228427887
417_9X-SE-3CPw4_2745_1-batch-2025-02-04-10-00-57-140_label_fake.npz,Fake,Real,0.06478151828050613,0.1251530647277832,0.05274239927530289,4.1545957936451883e-19,0.0162104070186615,0.12980172038078308
4FT5RYuifwE_45_2--28165-I5oeY5O5oJI_31_13_label_fake.npz,Fake,Deepfake,0.38866428323090085,0.26046130061149597,0.16397351026535034,0.9999922513961792,0.4916662275791168,0.02722812630236149
490_LcG3blUixo0_34_1_label_fake.npz,Fake,Real,0.023074559954693544,0.07386098057031631,0.0008175693801604211,0.00012945479829795659,0.02853221632540226,0.012032578699290752
Ft9uf9w3QVA_56_1--7852-6IXtQx8SwBE_54_3_label_fake.npz,Fake,Deepfake,0.5322628096824347,0.8499600887298584,0.005590314511209726,1.025189746428623e-07,0.8933764100074768,0.9123871326446533
448.png_zpEUWKUUxdY_47_14_label_fake.npz,Fake,Real,0.2038731090724942,0.1146547719836235,0.020072974264621735,2.3677078093281567e-13,0.843844473361969,0.04079332575201988
IK5BZdnqMDU_564_4_label_real.npz,Real,Deepfake,0.5739366724767023,0.8935970067977905,0.08723924309015274,4.899485793430358e-05,0.9447290301322937,0.9440690875053406
27043_GgCnpDg0jwc_40_1_label_fake.npz,Fake,Real,0.036948264716193085,0.06571511924266815,0.06422766298055649,0.0027975847478955984,0.04488793760538101,0.0071130190044641495
14837-XTlDS7ju_28_34_1_label_fake.npz,Fake,Real,0.1162513564024887,0.33207938075065613,0.21340952813625336,4.9643325006343275e-09,0.018766656517982483,0.017001211643218994
19354-nlrjxL_frmk_98_2_label_fake.npz,Fake,Real,0.20032983261729315,0.28979411721229553,0.3470169007778168,4.785185225841815e-08,0.02892133966088295,0.33591675758361816
P7slA-LkA3s_64_1--18577-awNrju1X3zc_10_1_label_fake.npz,Fake,Real,0.181679416447878,0.5485173463821411,0.024934079498052597,5.464101546036717e-16,0.06374404579401016,0.27120161056518555
07937_b0Z9IpTVfUg_49_1_audio_short_512x512_1_0732_withaudio_label_fake.npz,Fake,Real,0.05775659324644949,0.06976299732923508,0.18685656785964966,5.359007263905369e-05,0.027573363855481148,0.004536447115242481
irlH4e-dbYc_171_1_label_real.npz,Real,Real,0.2040167267434299,0.19788207113742828,0.1340378075838089,0.005007458385080099,0.5192171931266785,0.16393910348415375
16282-qjGmzBp2fFk_13_1_label_fake.npz,Fake,Deepfake,0.36447542086243634,0.5309121012687683,0.05012388154864311,0.7653350830078125,0.10167766362428665,0.3743283748626709
067_ff52c2fe.jpg_5oEJ6HpCC1c_3_1_label_fake.npz,Fake,Real,0.12454737462103367,0.08665595203638077,0.045249685645103455,0.44606658816337585,0.011477930471301079,0.03328671678900719
025_61e2c5e5-SzhK7Q-pY0U_0_2_label_fake.npz,Fake,Real,0.10723866546759382,0.21464811265468597,0.009780430234968662,0.0005968402256257832,0.04907916858792305,0.2620887756347656
01305_p1bOOYSCzxs_audio_2_label_fake.npz,Fake,Real,0.03958950433880091,0.07337059825658798,0.08294665068387985,0.006586042232811451,0.029832351952791214,0.005211878567934036
ldI1peHBLa0_175_12_label_real.npz,Real,Real,0.25530672278255223,0.06999024748802185,0.9408843517303467,0.2204509824514389,0.037221893668174744,0.007986138574779034
SFpCQRZOxVE_43_2_label_real.npz,Real,Deepfake,0.5146647423505784,0.2627708911895752,0.13359759747982025,0.9962742328643799,0.6594283580780029,0.5212526321411133
492_DR5IQXWY_uA_73_1-batch-2025-02-05-13-35-36-47_label_fake.npz,Fake,Real,0.01645471476998367,0.06554539501667023,0.003244920866563916,2.430774331818597e-12,0.010412878356873989,0.0030703796073794365
497_78p4J0EEepU_6_2-batch-2025-02-10-11-34-42-7_label_fake.npz,Fake,Real,0.20712149895189216,0.2701868712902069,0.5963327288627625,5.139072527526878e-05,0.1322948932647705,0.03674161061644554
28003_d2om_PGtwWY_28_2_label_fake.npz,Fake,Real,0.1874232857488096,0.0607360303401947,0.08942843973636627,0.710721492767334,0.07423139363527298,0.001999072264879942
154_42de3f25.jpg_Ez67FTZPvkQ_1_1_label_fake.npz,Fake,Real,0.07912628576159476,0.13841834664344788,0.01958834007382393,0.008908819407224655,0.19567091763019562,0.033045005053281784
3455-Lv39BhZJ2mg_1_10_label_fake.npz,Fake,Real,0.0827255594165763,0.1274782419204712,0.23074893653392792,6.239423237275332e-05,0.03448076546192169,0.02085745893418789
23548-G37VO1yeVEo_40_1_label_fake.npz,Fake,Real,0.25961770936846734,0.08483822643756866,0.061790499836206436,0.9999998807907104,0.10582725703716278,0.045632682740688324
490_1WuFbrHbnW8_94_5-batch-2025-02-05-13-35-36-37_label_fake.npz,Fake,Real,0.24488368844613434,0.07326677441596985,0.13815197348594666,0.9959486722946167,0.014627238735556602,0.0024237832985818386
29212-7ftkLTDgJzo_1_2_label_fake.npz,Fake,Deepfake,0.39504045546054845,0.31428083777427673,0.1527353972196579,0.3695891797542572,0.8794081211090088,0.2591887414455414
028_669aab36_VM4P9yV4rTA_214_2_label_fake.npz,Fake,Deepfake,0.37571767792105676,0.451462060213089,0.03191479668021202,0.9997597336769104,0.2662811577320099,0.12917064130306244
17505-MzXkiK4ROhQ_174_3_label_fake.npz,Fake,Real,0.26344217732548714,0.09821128100156784,0.39545807242393494,0.7667526006698608,0.04118531197309494,0.015603620558977127
Hnjr7o-HNx8_112_4--5626-53GIoeOAam4_6_2_label_fake.npz,Fake,Deepfake,0.3870877027156514,0.7852478623390198,0.01232200674712658,1.6851033901588153e-09,0.627855122089386,0.5100135207176208
dMfH7JbxZdY_20_2_label_real.npz,Real,Real,0.051125083304941664,0.08999108523130417,0.10143505036830902,0.01085787732154131,0.026006441563367844,0.02733496204018593
184_2137d05c-mHii80xikXs_4196_1_label_fake.npz,Fake,Real,0.2240702560171485,0.3830203115940094,0.009941335767507553,0.010406344197690487,0.33222800493240356,0.38475528359413147
9DTxDmLwFb8_706_7_label_real.npz,Real,Real,0.24699208262836697,0.42534714937210083,0.06490835547447205,5.102320301375585e-06,0.16910329461097717,0.5755965113639832
27082-I5oeY5O5oJI_49_1_label_fake.npz,Fake,Real,0.28845892660319805,0.06464754045009613,0.4720042049884796,0.8889171481132507,0.013291068375110626,0.003434671089053154
13897-J-vYXU4vqcY_11_1_label_fake.npz,Fake,Real,0.0318741936358947,0.06963727623224258,0.061793070286512375,1.4072895737626823e-06,0.010011804290115833,0.01792741008102894
PqumaD82tcI_408_8_label_real.npz,Real,Real,0.027439492754638195,0.07090529054403305,0.028099490329623222,0.012933449819684029,0.014941658824682236,0.010317574255168438
10108-nlrjxL_frmk_109_1_label_fake.npz,Fake,Real,0.15500337602570652,0.07788445800542831,0.15281936526298523,0.0021890834905207157,0.28513917326927185,0.25698480010032654
458-HyGk0mScA-Q_317_1_label_fake.npz,Fake,Real,0.2005536530574318,0.23629668354988098,0.49285411834716797,0.0004268923948984593,0.25074219703674316,0.022448373958468437
231_9RZI_ZKQwRc_287_1_label_fake.npz,Fake,Real,0.02584828380495335,0.08831258118152618,0.005908426828682423,1.253300441943564e-15,0.020707562565803528,0.014312848448753357
ebR3yPqTODk_95_1_label_real.npz,Real,Real,0.12586244121193887,0.25056934356689453,0.07471029460430145,0.04241219907999039,0.03891118988394737,0.22270917892456055
14421_K6rSVoAakQ8_3_1_label_fake.npz,Fake,Real,0.14599342751062067,0.0731629803776741,0.6115528345108032,1.4214183465810493e-06,0.03989021107554436,0.005359690170735121
6820-MzXkiK4ROhQ_128_1_label_fake.npz,Fake,Real,0.2935402810573578,0.2865872085094452,0.4432539641857147,0.17767943441867828,0.12116406857967377,0.439016729593277
7519-BsVhgta2WAo_13_1_label_fake.npz,Fake,Real,0.030917011795099824,0.07016927003860474,0.05875808000564575,0.00016450340626761317,0.014125422574579716,0.011367782950401306
375_W9C4OBc6El4_31_2_label_fake.npz,Fake,Real,0.10056661521084607,0.07901202887296677,0.4008260667324066,0.0001701961737126112,0.016821429133415222,0.0060033551417291164
62_zpEUWKUUxdY_2_2_512x512_1_0533_withaudio_label_fake.npz,Fake,Real,0.020818343665460717,0.06856232136487961,0.01815636083483696,4.9520730940368074e-14,0.010402914136648178,0.006970121990889311
119_1POFF5RQjyM_123_1_512x512_1_0533_withaudio_label_fake.npz,Fake,Real,0.020076221721001278,0.06479578465223312,0.0021758717484772205,3.084213176407502e-06,0.0288616381585598,0.004544729832559824
kFDaG9pAA1w_17_3--23548-NSWcdPWXZQI_27_3_label_fake.npz,Fake,Deepfake,0.44963631816209365,0.773793637752533,0.010016808286309242,5.016241599615362e-14,0.7371261715888977,0.7272449731826782
6887-F-lGvJJiTMk_98_1_label_fake.npz,Fake,Real,0.10032032802700998,0.27210018038749695,0.03466685488820076,0.044721879065036774,0.03870721161365509,0.11140551418066025
024_b222784a.jpg_9ztkB7gr8po_2_13_label_fake.npz,Fake,Real,0.03784260569593032,0.15662194788455963,0.011412656866014004,4.027322919597509e-09,0.015051478520035744,0.006126941181719303
13328_lSCTGJbObOg_277_3_label_fake.npz,Fake,Real,0.04432467112783343,0.06021998077630997,0.03398742154240608,0.11399971693754196,0.01237605419009924,0.0010401821928098798
btSL5MQfYjA_13_4_label_real.npz,Real,Deepfake,0.6113491732859984,0.4014354646205902,0.9359537363052368,0.001477966201491654,0.8387920260429382,0.8790866732597351
aEM1s9Saa-g_51_6_25fps--275_Mv3FKFpTe4c_audio_1_95_label_fake.npz,Fake,Real,0.22133425909560178,0.36728793382644653,0.005179749336093664,0.0008263642666861415,0.30472704768180847,0.4286502003669739
242_oDO5ZDLTpaw_24_1_512x512_1_0533_withaudio_label_fake.npz,Fake,Real,0.02107848360489086,0.07042592763900757,0.008760728873312473,4.39261533813351e-08,0.017948854714632034,0.008256862871348858
025_61e2c5e5_MxlocFNdoXg_797_2-batch-2025-02-09-14-48-38-4_label_fake.npz,Fake,Real,0.04813111908782773,0.14259032905101776,0.004275921732187271,2.4464117797523555e-12,0.01708952896296978,0.07669981569051743
13446_TAaMKX4tbx8_label_fake.npz,Fake,Real,0.020104204833387485,0.06791585683822632,0.0035949533339589834,6.912359367561294e-06,0.02203649841248989,0.006966803222894669
Tdgb6NvUjhk_39_4_25fps--67557_fM_gdHo5hL0_audio_2_89_label_fake.npz,Fake,Deepfake,0.45187261402852313,0.47566118836402893,0.9130253791809082,1.2267480434258182e-11,0.20645003020763397,0.6642264723777771
44496.png_1P9nl9tBK38_639_1_label_fake.npz,Fake,Real,0.18911191732415383,0.3619905412197113,0.00397867988795042,1.5123626795343625e-08,0.12764447927474976,0.45194587111473083
033_c27883e5.jpg_dFiwhwAHNMw_63_2_label_fake.npz,Fake,Real,0.1987318668514673,0.3687480092048645,0.02475571818649769,9.141986619760553e-14,0.07003308832645416,0.5301225185394287
23756-X0CrmKqnFVI_25_3_label_fake.npz,Fake,Real,0.06535247114520644,0.20285235345363617,0.017399609088897705,3.591041831896291e-06,0.0684988722205162,0.03800792992115021
3517-J_U3D_QAw7c_77_1_label_fake.npz,Fake,Deepfake,0.358510160818696,0.7198697328567505,0.02217900939285755,2.084748260901071e-18,0.07877105474472046,0.9717310070991516
U7V-30eueTw_0_1--15616-I5oeY5O5oJI_25_4_label_fake.npz,Fake,Deepfake,0.4123492136597634,0.2357334941625595,0.467038631439209,0.5074093341827393,0.7391917109489441,0.11237289756536484
266_PmI4qnTpL0E_1_1_label_fake.npz,Fake,Real,0.16651573073177134,0.07581394165754318,0.7340028882026672,0.00013052923895884305,0.016855357214808464,0.005775937344878912
120_8wx4wssZgfo_50_1_512x512_1_0112_withaudio_label_fake.npz,Fake,Real,0.042353191875055526,0.07929246872663498,0.0648459866642952,3.211267340930135e-08,0.05938716232776642,0.008240309543907642
16806-pNogULi28gs_153_1_label_fake.npz,Fake,Real,0.05832364332900717,0.09685349464416504,0.16168786585330963,5.450162987585827e-09,0.015198303386569023,0.017878547310829163
OAzp-7yY0FQ_61_2--13208-I5oeY5O5oJI_34_3_label_fake.npz,Fake,Deepfake,0.55817401212189,0.7744175791740417,0.5258883237838745,2.7587102522375062e-05,0.8731490969657898,0.6173874735832214
50378_C4hNyd9eJy4_0_39_label_fake.npz,Fake,Real,0.027363391779365594,0.06949647516012192,0.04032084345817566,1.2175803002281976e-14,0.014158915728330612,0.012840724550187588
sgHHRVH0NFo_47_5--12669-6miKDMtYrVI_28_2_label_fake.npz,Fake,Deepfake,0.6716308668255806,0.8363138437271118,0.5956689715385437,0.07128552347421646,0.9511351585388184,0.9037508368492126
WxdaDqICMP8_707_1_label_real.npz,Real,Real,0.08189352748463535,0.10045861452817917,0.13702209293842316,3.360096116011846e-06,0.1554632931947708,0.01652027666568756
230.png_SSK5FwoCwyU_0_67_label_fake.npz,Fake,Real,0.04613602906465546,0.07119845598936081,0.07475056499242783,7.667996571497681e-16,0.07071319967508316,0.014017924666404724
25810-orD3vsEyGdA_71_3_label_fake.npz,Fake,Real,0.28177560568179183,0.48239415884017944,0.3601154386997223,1.6167336566730306e-11,0.10473188757896423,0.4616365432739258
07049_u5Ks53-THVE_56_1_audio_short_512x512_1_1655_withaudio_label_fake.npz,Fake,Real,0.20847620498389005,0.06731811165809631,0.17386196553707123,0.7723028063774109,0.01235580537468195,0.016542335972189903
295_C2yEID0wrvs_1_2_audio_short_512x512_1_1652_withaudio_label_fake.npz,Fake,Real,0.04264416620135308,0.09480630606412888,0.08490045368671417,4.375925027133885e-19,0.029363233596086502,0.004150837659835815
498_3NYH-zyIfZY_38_1_audio_short_512x512_1_0933_withaudio_label_fake.npz,Fake,Real,0.14028706718236209,0.07470915466547012,0.4672152101993561,0.12761427462100983,0.026602329686284065,0.005294366739690304
22901-lSCTGJbObOg_189_3_label_fake.npz,Fake,Real,0.23911121860146525,0.4399541914463043,0.1306515634059906,0.011304188519716263,0.0885123610496521,0.5251337885856628
138_W9C4OBc6El4_111_8_512x512_1_0112_withaudio_label_fake.npz,Fake,Real,0.037498704105519205,0.065181665122509,0.09086460620164871,2.030021960308659e-06,0.026676403358578682,0.004768815822899342
31079.png_p1bOOYSCzxs_42_6_label_fake.npz,Fake,Deepfake,0.49718441441655165,0.42063552141189575,0.03140166774392128,0.7861502766609192,0.8661049008369446,0.38162970542907715
050_7c5b026c.jpg_AS9R2A7bKc0_16_1_label_fake.npz,Fake,Real,0.03565384511603043,0.0833214670419693,0.0615159347653389,0.0002628671354614198,0.01581418141722679,0.017354775220155716
19850-CWEWBgVwFc8_79_3_label_fake.npz,Fake,Real,0.2834315162152052,0.07715218514204025,0.24117043614387512,0.9999983310699463,0.01888502947986126,0.07995159924030304
17059_lSCTGJbObOg_17_4_label_fake.npz,Fake,Real,0.03422677135095001,0.04785926640033722,0.09626858681440353,0.0032090628519654274,0.018671581521630287,0.005125359166413546
16207-MHZMQLDr-OA_50_1_label_fake.npz,Fake,Real,0.3480915516614914,0.5636917352676392,0.13907299935817719,0.03468073904514313,0.2358904331922531,0.7671218514442444
17397.png_PXdPmUJN6k0_77_9_label_fake.npz,Fake,Real,0.17246731743416538,0.07916438579559326,0.7622525691986084,1.0000973139911995e-11,0.011578094214200974,0.009341537952423096
25758-BhwnAYvzhm4_33_1_label_fake.npz,Fake,Real,0.2317279059439898,0.06884633004665375,0.08493572473526001,0.9807491302490234,0.010923239402472973,0.013185105286538601
56224_Lv39BhZJ2mg_82_2_audio_short_512x512_1_0933_withaudio_label_fake.npz,Fake,Real,0.03838562051270174,0.09545793384313583,0.051039379090070724,1.2006927363472641e-07,0.024718083441257477,0.020712586119771004
22236_lSCTGJbObOg_287_1_label_fake.npz,Fake,Real,0.07879551323253225,0.061435770243406296,0.32090020179748535,8.24281727318521e-08,0.009745326824486256,0.0018961848691105843
322_8L3KpV8zS4Y_1_24_audio_short_512x512_1_1652_withaudio_label_fake.npz,Fake,Real,0.02195004476234335,0.05950404331088066,0.02031627856194973,9.045316612962904e-16,0.0254796352237463,0.004450266715139151
19012-O1JxQ9OyJRQ_115_1_label_fake.npz,Fake,Real,0.026563206454738975,0.06939098238945007,0.02920355275273323,0.0033482981380075216,0.02016354911029339,0.010709649883210659
19010_C4hNyd9eJy4_0_56_label_fake.npz,Fake,Real,0.01947339624166514,0.06081090494990349,0.014702375046908855,1.2561579075911263e-15,0.012384853325784206,0.009468847885727882
ZMs-gVbhNIY_68_1_label_real.npz,Real,Deepfake,0.49383909702301027,0.6918507814407349,0.029836595058441162,1.0,0.2270389199256897,0.5204691886901855
117_WXGfdzE7hhI_30_1-batch-2025-02-04-10-00-57-67_label_fake.npz,Fake,Real,0.038003251515328886,0.07967495918273926,0.005971758626401424,0.05148196965456009,0.0415685661137104,0.011319003999233246
344_0Mi0miIN6tA_34_1_audio_short_512x512_1_0732_withaudio_label_fake.npz,Fake,Real,0.0383837658817356,0.07699581235647202,0.09610939770936966,3.8383986975532025e-06,0.014402358792722225,0.00440742215141654
02395_B4LwKKKbAuI_88_28_label_fake.npz,Fake,Real,0.12171245179541189,0.06999833881855011,0.5163813233375549,3.4595987585817056e-07,0.020083216950297356,0.002099033910781145
235_KDujlRUGYho_10_1_512x512_1_0533_withaudio_label_fake.npz,Fake,Real,0.019085804536007347,0.06834124773740768,0.00949052069336176,0.00021668325643986464,0.013750666752457619,0.0036299042403697968
20791-6miKDMtYrVI_39_2_label_fake.npz,Fake,Real,0.2288936278782785,0.06311442703008652,0.04409855976700783,0.9999998807907104,0.03068769909441471,0.006567572709172964
mHii80xikXs_1708_1--IkRNLBHex6w_87_1_label_fake.npz,Fake,Real,0.03595576869135257,0.13167719542980194,0.01132119633257389,3.4728902420511076e-08,0.01644907332956791,0.02033134363591671
25916-ZWWpghA1SJc_31_1_label_fake.npz,Fake,Real,0.0825247443117405,0.20182715356349945,0.0027367507573217154,1.6148818758665584e-05,0.017725277692079544,0.19031839072704315
23884-8KovXKo3DL4_90_1_label_fake.npz,Fake,Real,0.06984085734002293,0.07435286045074463,0.1660056859254837,2.716166425811727e-23,0.10659262537956238,0.0022531149443238974
14504_jkj3wCN-SW0_label_fake.npz,Fake,Real,0.027176143378528653,0.07280991226434708,0.0298628993332386,1.6879106624401174e-05,0.02169686369597912,0.011494162492454052
mXDi_C0yb6A_8_1--25952-LmGz2Hp34l0_0_1_label_fake.npz,Fake,Deepfake,0.5706977346912027,0.6708816885948181,0.870128870010376,0.011004437692463398,0.7335526347160339,0.5679210424423218
017_4748675b_cZ_DoJj9PXQ_81_3_label_fake.npz,Fake,Real,0.03453497764476259,0.09550905227661133,0.010289189405739307,4.101852191240596e-10,0.0203518345952034,0.046524811536073685
zpEUWKUUxdY_7_2--t58wNtkkXkw_0_1_422_label_fake.npz,Fake,Real,0.2672344133296176,0.23187871277332306,0.18146511912345886,1.9154927644038366e-11,0.81895512342453,0.103873111307621
d5GTYm01vqA_38_1_label_real.npz,Real,Deepfake,0.3662685535848141,0.3303971290588379,0.01837993785738945,1.2182462737618397e-19,0.9308723211288452,0.5516933798789978
KKeGv-ny-kY_77_3_label_real.npz,Real,Real,0.23973237254285779,0.4066322445869446,0.09176979213953018,2.073387622658629e-05,0.3497268259525299,0.3505122661590576
079_fd41500f_sba-i5-e3WY_3816_1-batch-2025-02-10-11-34-42-51_label_fake.npz,Fake,Real,0.06356067689743128,0.12167833000421524,0.018172400072216988,5.935562086278878e-08,0.11894533038139343,0.05900726467370987
6577-ADTwFvHACE4_10_3_label_fake.npz,Fake,Real,0.02619915438344049,0.08239181339740753,0.013257989659905434,6.953713299617803e-11,0.015354243107140064,0.01999172568321228
1t8tfCELNck_37_1--29309-PYRFxrLt30A_43_3_label_fake.npz,Fake,Deepfake,0.5271649330854415,0.36248937249183655,0.14687910676002502,0.999618649482727,0.9682604670524597,0.1585770696401596
J-vYXU4vqcY_12_1_label_real.npz,Real,Real,0.27229238376021386,0.07668429613113403,0.2111162543296814,0.9814830422401428,0.08736317604780197,0.004815150052309036
25602-awNrju1X3zc_31_1_label_fake.npz,Fake,Real,0.14300702707114396,0.07229837775230408,0.6235843896865845,4.389552486827597e-05,0.010028774850070477,0.009079697541892529
tgWpcB36m-Q_2_5_label_real.npz,Real,Deepfake,0.4615775164236964,0.5112541913986206,0.015752701088786125,1.010326024231123e-11,0.8680612444877625,0.9128194451332092
17545-iURkmV7cfBc_31_2_label_fake.npz,Fake,Real,0.16766587523634374,0.10441815853118896,0.6587865948677063,1.4757266399101354e-05,0.037488799542188644,0.037621065974235535
50658.png_keEKlr2dG-I_82_8_label_fake.npz,Fake,Real,0.06144759684029851,0.07660822570323944,0.2149367481470108,3.92145557270851e-05,0.012028457596898079,0.0036253381986171007
nv9WwHpOKEg_117_1--21075-2ECheTEbkhQ_23_6_label_fake.npz,Fake,Real,0.19218574007399136,0.3852124810218811,0.004170754924416542,1.9994738309492277e-08,0.08128523081541061,0.49026021361351013
lqKZS1uYfro_42_4_label_real.npz,Real,Real,0.16879950772136,0.15767860412597656,0.5876868367195129,4.515568889473798e-06,0.022432386875152588,0.07619519531726837
237_UzfVjgZKjro_1080p_97_5_label_fake.npz,Fake,Real,0.2279243766330183,0.07270912826061249,0.06062377616763115,0.9872783422470093,0.012673054821789265,0.006337581668049097
6871-GDq1isgt718_0_13_label_fake.npz,Fake,Real,0.031542784534395525,0.05636715888977051,0.027825215831398964,3.925824915802442e-15,0.06508363038301468,0.008437917567789555
368-6w9ikJPzTOA_18_2_label_fake.npz,Fake,Real,0.220644960552454,0.05951216071844101,0.02468007057905197,0.99836665391922,0.018513837829232216,0.002152079716324806
YoLGXK9L1S4_0_11_label_real.npz,Real,Real,0.04312389858963397,0.07347910851240158,0.07865345478057861,2.4662567543742853e-09,0.06051665171980858,0.002970275469124317
UqO0E4rcI5k_40_2_label_real.npz,Real,Real,0.028273160452954475,0.10202717781066895,0.00510994391515851,0.0012070637894794345,0.018735241144895554,0.014286375604569912
19679-Lqg5fiwIQso_32_1_label_fake.npz,Fake,Real,0.055433114618062974,0.0845833495259285,0.005800612270832062,0.06307777762413025,0.0868588387966156,0.036844994872808456
9cdh5Xebf2w_3_1_label_real.npz,Real,Real,0.232131600525463,0.327015221118927,0.20141461491584778,0.00042247099918313324,0.5990567803382874,0.03274891525506973
17798-MzXkiK4ROhQ_128_1_label_fake.npz,Fake,Real,0.25992785543203356,0.31789904832839966,0.38083726167678833,0.1430135816335678,0.04336429387331009,0.4145250916481018
033_bc82f2a9--19DTZ6_d6U_481_5_label_fake.npz,Fake,Deepfake,0.4856462657542293,0.6668554544448853,0.2599662244319916,4.533186326316496e-11,0.9439247250556946,0.5574849247932434
8343-D1m1SQIdMkk_4_5_label_fake.npz,Fake,Real,0.2314617711119354,0.07004912942647934,0.06537743657827377,0.9989542961120605,0.018141726031899452,0.004786267410963774
6145_d2om_PGtwWY_6_4_label_fake.npz,Fake,Real,0.03798142718151212,0.07397879660129547,0.0625971183180809,0.03514990583062172,0.012698067352175713,0.005483247805386782
079_fd41500f_dNCH3eXEwB4_670_2-batch-2025-02-10-11-34-42-53_label_fake.npz,Fake,Real,0.32703856342751797,0.32234665751457214,0.3765052556991577,5.648484346920668e-09,0.5567046403884888,0.3796362578868866
15833-6w9ikJPzTOA_76_1_label_fake.npz,Fake,Real,0.25982102975249294,0.1492275595664978,0.060878194868564606,0.9107286930084229,0.0426982082426548,0.13557249307632446
020_c1a8bc2c_MxlocFNdoXg_720_1-batch-2025-02-06-00-06-46-40_label_fake.npz,Fake,Deepfake,0.49192555027064916,0.7779433131217957,0.568893313407898,6.342218483723627e-08,0.9225375652313232,0.19025349617004395
128_VifDzyPgBNg_0_5-batch-2025-02-04-10-00-57-124_label_fake.npz,Fake,Real,0.028938489682279567,0.07535358518362045,0.0539243258535862,3.9326288003849186e-08,0.011996794492006302,0.0034177035558968782
066_08ec842b.jpg_fZNe3xAY9Zw_1080p_55_3_label_fake.npz,Fake,Real,0.2605047628283501,0.1525156944990158,0.21720163524150848,0.30995941162109375,0.5030734539031982,0.11977361887693405
WicBE2Uwz0A_70_1--22137-pzdnuEa8a20_115_1_label_fake.npz,Fake,Deepfake,0.44439142942428594,0.4579716920852661,0.0981159657239914,0.9997140765190125,0.15336324274539948,0.51279217004776
275_IU0Zy67ZLpU_79_1_audio_short_512x512_1_0933_withaudio_label_fake.npz,Fake,Real,0.19542813380485757,0.0750071182847023,0.8631570935249329,1.4214514898469588e-08,0.030573459342122078,0.008402983658015728
zpEUWKUUxdY_11_6--J_ComKnl1hk_10_label_fake.npz,Fake,Deepfake,0.3724132061004639,0.699274480342865,0.0006294660270214081,0.0043679215013980865,0.9093786478042603,0.2484155148267746
413_Qql31j-w90s_audio_3_512x512_1_1026_withaudio_label_fake.npz,Fake,Real,0.0672707830700252,0.06902971118688583,0.24379438161849976,7.225740839000849e-11,0.0195835679769516,0.003946254495531321
6019-JtLypQpGruo_65_3_label_fake.npz,Fake,Real,0.06517685287399216,0.1821785718202591,0.08437854796648026,0.0005505061126314104,0.011099918745458126,0.04767671972513199
068_474081ea.jpg_P4o9TZ36Xj8_16_1_label_fake.npz,Fake,Real,0.24549538416553396,0.6301805973052979,0.004067102447152138,1.7577835853543888e-09,0.043240949511528015,0.5499882698059082
5xBpkc7-w3A_52_1--17410-d2om_PGtwWY_36_1_label_fake.npz,Fake,Real,0.2606810159981251,0.30194151401519775,0.02630523219704628,0.2086971402168274,0.32872629165649414,0.4377349019050598
reaup7qkEfk_40_1_label_real.npz,Real,Real,0.0531677432358265,0.10022766888141632,0.0567704401910305,0.03507668897509575,0.03198062628507614,0.04178329184651375
22_VifDzyPgBNg_0_5-batch-2025-02-03-22-17-41-43_label_fake.npz,Fake,Real,0.02938715461199735,0.07601060718297958,0.0539243258535862,3.9326288003849186e-08,0.014247450977563858,0.002753349719569087
425_FLfyjfbThfA_113_2_512x512_1_0533_withaudio_label_fake.npz,Fake,Real,0.01767546320263591,0.07106515765190125,0.002047778107225895,2.7427097393228905e-07,0.012079336680471897,0.0031847693026065826
494_IkRNLBHex6w_343_1-batch-2025-02-09-18-31-56-3_label_fake.npz,Fake,Real,0.02314910957502434,0.07622217386960983,0.022194722667336464,3.1257004593499005e-06,0.013881639577448368,0.003443886060267687
28145_I5oeY5O5oJI_10_11_label_fake.npz,Fake,Real,0.11333917500451209,0.06518112123012543,0.47068867087364197,0.0042192707769572735,0.01784215308725834,0.00876465905457735
23449-TXf3uH5YqM4_0_2_label_fake.npz,Fake,Real,0.11249474496653224,0.28537431359291077,0.007930341176688671,2.36458824742769e-10,0.02124772220849991,0.24792134761810303
29131_ADTwFvHACE4_116_1_label_fake.npz,Fake,Real,0.028132606858616783,0.07004957646131516,0.04713774472475052,6.349302111630095e-06,0.020440522581338882,0.0030288412235677242
010_34d63b53_XblD1mtXBWY_4_1-batch-2025-02-05-13-35-36-167_label_fake.npz,Fake,Real,0.0750395528972149,0.07738879323005676,0.2633601129055023,0.004923501051962376,0.017819255590438843,0.011706101708114147
24365-3U4D77IB-j8_102_1_label_fake.npz,Fake,Real,0.17157326340677306,0.3559754490852356,0.33524468541145325,9.74853674889399e-14,0.10104967653751373,0.06559650599956512
AbpNlshqtJc_122_1--17560-G37VO1yeVEo_36_1_label_fake.npz,Fake,Deepfake,0.6310344517230988,0.3975536525249481,0.25733262300491333,0.9999779462814331,0.8564750552177429,0.6438329815864563
039_3daa67cf_78p4J0EEepU_6_2-batch-2025-02-06-00-06-46-116_label_fake.npz,Fake,Real,0.32741207248182036,0.585507333278656,0.645341157913208,2.944798325188458e-05,0.08415453135967255,0.32202789187431335
orD3vsEyGdA_67_1_label_real.npz,Real,Real,0.3272347766208441,0.5188373923301697,0.4085913598537445,2.9295920285221655e-06,0.2870561182498932,0.4216860830783844
442_NEEN8fSBuWI_361_1_label_fake.npz,Fake,Real,0.03802746618166566,0.0684247761964798,0.0794854387640953,0.0022803684696555138,0.03506352752447128,0.004883219953626394
14011-a0MIIwPGYB4_65_1_label_fake.npz,Fake,Real,0.08287000730633737,0.08862747997045517,0.09791015833616257,0.05271834880113602,0.024225246161222458,0.15086880326271057
WTT4zMFXkO4_2_1_label_real.npz,Real,Real,0.0931649865713761,0.14368492364883423,0.29660674929618835,1.9282329066783177e-09,0.01298265065997839,0.012550607323646545
8Bec4j7WZ6I_53_1_label_real.npz,Real,Real,0.3010297047576929,0.37700319290161133,0.09363587945699692,1.2326363263426288e-09,0.5628820657730103,0.4716273844242096
6As3T1vBft0_47_1--cZ_DoJj9PXQ_12_4_50_label_fake.npz,Fake,Real,0.2584119141102251,0.3442770838737488,0.15394125878810883,2.071032689961172e-13,0.13327758014202118,0.6605636477470398
483_Slqo8SHnFaU_audio_1_512x512_1_1026_withaudio_label_fake.npz,Fake,Real,0.037258102263876935,0.07743852585554123,0.09324628859758377,7.88915713201277e-06,0.010320006869733334,0.005277800839394331
VifDzyPgBNg_233_18_label_real.npz,Real,Deepfake,0.39876648068020587,0.5828872919082642,0.031240325421094894,4.078222264070064e-05,0.8571923971176147,0.5224716067314148
18018_PYRFxrLt30A_72_2_label_fake.npz,Fake,Real,0.24574704188853502,0.06949256360530853,0.2154444307088852,0.9242451786994934,0.012880821712315083,0.006672214716672897
dMXx0GIUmVQ_48_2--1658-ndJhwVupwVQ_13_4_label_fake.npz,Fake,Real,0.2800694606266917,0.38688918948173523,0.006220113020390272,3.9042276402902665e-16,0.8427963852882385,0.16444161534309387
075_e0b91ee3-62ywI44YAxQ_26_1_label_fake.npz,Fake,Deepfake,0.6654683353652435,0.847012996673584,0.6433911323547363,1.0678551376486212e-09,0.9172555208206177,0.9196820259094238
04545_GNkwgfQFj60_53_3_label_fake.npz,Fake,Real,0.023099704297055726,0.0682692602276802,0.03305083140730858,2.3987497115740553e-05,0.010262977331876755,0.0038914650212973356
058_1b5b5422.jpg_K3O_-Mjls_Q_1080p_80_4_label_fake.npz,Fake,Real,0.07117196023464203,0.1207500472664833,0.02524261176586151,0.042550332844257355,0.024066150188446045,0.14325065910816193
ILR3cxYpjUk_29_11_label_real.npz,Real,Real,0.22759764045476913,0.2557569742202759,0.26239436864852905,5.501064093484826e-21,0.5850809812545776,0.034755878150463104
261_dqFjx2I4KXg_17_6_512x512_1_0112_withaudio_label_fake.npz,Fake,Real,0.019724109289472838,0.0782516598701477,0.0037963339127600193,5.871302164450753e-07,0.013559783808887005,0.0030121817253530025
17625-_cPj3b9BDPI_21_4_label_fake.npz,Fake,Deepfake,0.5943029491114431,0.34977850317955017,0.6760357618331909,0.0005714436410926282,0.9706504940986633,0.974478542804718
020_c1a8bc2c__LL3BSLGscY_0_1-batch-2025-02-06-13-00-20-397_label_fake.npz,Fake,Real,0.24905279442912437,0.7302212715148926,0.06768926233053207,7.572819038514922e-10,0.06309081614017487,0.3842626214027405
19054-ADTwFvHACE4_86_4_label_fake.npz,Fake,Real,0.16658914895087948,0.32225942611694336,0.008063760586082935,0.00016496914031449705,0.16904589533805847,0.33341169357299805
36.png_J_ComKnl1hk_4_2_label_fake.npz,Fake,Real,0.027599265798926353,0.09546078741550446,0.022564666345715523,5.4987430925406616e-18,0.011613870039582253,0.008357005193829536
4962_Ip7cs1D5tTQ_1_7_label_fake.npz,Fake,Real,0.08804505616598793,0.07038940489292145,0.3481375277042389,8.616199767552679e-12,0.015951231122016907,0.005747117102146149
23916-QvTs7W732ZQ_37_2_label_fake.npz,Fake,Real,0.026378291294678287,0.08100574463605881,0.005429306533187628,4.0750867957850545e-11,0.037912119179964066,0.007544286083430052
133_5GcHInADAHY_31_4_audio_short_512x512_1_1652_withaudio_label_fake.npz,Fake,Real,0.21269311234354973,0.07630851864814758,0.10472623258829117,0.8662077784538269,0.014044630341231823,0.0021784016862511635
9221-MATJqR93d5I_47_8_label_fake.npz,Fake,Real,0.029601430388441943,0.06696747988462448,0.05953681841492653,2.3589606712448585e-07,0.015386306680738926,0.006116311065852642
IkRNLBHex6w_343_2--1stTPtXYjuM_255_37_364_label_fake.npz,Fake,Real,0.07279931865632536,0.19503454864025116,0.024835646152496338,0.07722289115190506,0.018673354759812355,0.04823015257716179
045_6895fe7e_W9C4OBc6El4_86_14_label_fake.npz,Fake,Real,0.2334327407181263,0.1058058887720108,0.06616100668907166,0.7967382073402405,0.025292102247476578,0.17316649854183197
029_c6e0a7f3_XblD1mtXBWY_249_3_label_fake.npz,Fake,Real,0.08490545235690661,0.07275912910699844,0.3077874779701233,0.00020492207841016352,0.03217935189604759,0.011596380732953548
zpEUWKUUxdY_6_6--bC8BMMmwO8U_34_label_fake.npz,Fake,Real,0.23417944896750423,0.23791508376598358,0.0003584879159461707,2.60022137155147e-08,0.8538819551467896,0.07874169200658798
4475-q48w51isHHc_19_2_label_fake.npz,Fake,Real,0.1963804102271752,0.27478739619255066,0.41097718477249146,7.734052815067116e-06,0.013901534490287304,0.2822282016277313
J0OjSB0ZF2Q_54_1_label_real.npz,Real,Real,0.07794530107640397,0.14544308185577393,0.0024750165175646544,3.334221868869433e-14,0.1213051974773407,0.12050320953130722
27897-M-3HEJpdx2I_3_1_label_fake.npz,Fake,Real,0.20554749313741924,0.1861182153224945,0.341062992811203,0.013283994980156422,0.1021384596824646,0.3851338028907776
133_6wKR9igYrS8_audio_2_512x512_1_1026_withaudio_label_fake.npz,Fake,Real,0.22423265292309225,0.07948174327611923,0.02587687037885189,1.0,0.013641063123941422,0.002163587836548686
308_852WCRqSgFA_0_1_audio_short_512x512_1_0557_withaudio_label_fake.npz,Fake,Real,0.02931764340037917,0.06937508285045624,0.04951373487710953,4.875068447887654e-13,0.021179700270295143,0.00651969900354743
zmquFlJxnyM_37_2--3400-BhwnAYvzhm4_56_1_label_fake.npz,Fake,Real,0.09436087484259269,0.19942191243171692,0.06162109598517418,1.2466738752436868e-09,0.1919090747833252,0.018852289766073227
25_xLpZZScqgKo_audio_2_512x512_1_1026_withaudio_label_fake.npz,Fake,Real,0.07750119678676129,0.06940969824790955,0.216285839676857,0.004390312358736992,0.09010134637355804,0.0073187872767448425
14869-Z6bxX3mcfJg_19_1_label_fake.npz,Fake,Real,0.29519722405821086,0.21588824689388275,0.01506235171109438,0.9960833787918091,0.15377478301525116,0.09517735987901688
090_3c8ed08d.jpg_J_ComKnl1hk_2_17_label_fake.npz,Fake,Real,0.024230583198368946,0.08268029242753983,0.018165355548262596,1.977933528429592e-15,0.014159375801682472,0.006147892214357853
12601-QTau-xHsz80_8_1_label_fake.npz,Fake,Deepfake,0.3569531410932541,0.2695988118648529,0.1794842779636383,0.979171097278595,0.06377808749675751,0.29273343086242676
21807-pnuHjaJClto_24_1_label_fake.npz,Fake,Real,0.22258171146634764,0.24285933375358582,0.21608315408229828,7.724938022590777e-09,0.6159217357635498,0.03804432600736618
8Bec4j7WZ6I_242_7_label_real.npz,Real,Real,0.20111671686172486,0.0872638151049614,0.20164749026298523,0.698520302772522,0.010010824538767338,0.008141151629388332
fAh51cqF86I_14_1--13117-I5oeY5O5oJI_53_8_label_fake.npz,Fake,Deepfake,0.4019552303478122,0.07870712876319885,0.8741087913513184,0.9994478821754456,0.043431270867586136,0.014081078581511974
492_DR5IQXWY_uA_193_1-batch-2025-02-06-13-00-20-503_label_fake.npz,Fake,Real,0.15057039410256473,0.5821641683578491,0.010889376513659954,8.400933282359802e-09,0.031234029680490494,0.12856438755989075
022_b497b92e.jpg_T47iIAEaLmY_1080p_28_8_label_fake.npz,Fake,Real,0.06700385981239379,0.23105648159980774,0.008168389089405537,4.0915096178650856e-05,0.031216025352478027,0.06453748792409897
35-OuVqGrko56s_113_1_label_fake.npz,Fake,Real,0.2125868208706379,0.248583123087883,0.04324011877179146,0.07813578844070435,0.20148050785064697,0.4914945662021637
60_5FYGP2Jd1XA_154_1_audio_short_512x512_1_0944_withaudio_label_fake.npz,Fake,Real,0.23134063938632607,0.06845909357070923,0.08156118541955948,0.9830068349838257,0.020084844902157784,0.0035912380553781986
2188-KopQglRZUFA_0_1_label_fake.npz,Fake,Real,0.2956800948828459,0.23722271621227264,0.2922214865684509,0.9090085625648499,0.018515801057219505,0.021431908011436462
KKeGv-ny-kY_596_1_label_real.npz,Real,Real,0.2380908509948217,0.5246368050575256,0.007767658680677414,1.4085751232073562e-08,0.20566792786121368,0.45238184928894043
21488.png_egeQtsE3hfg_83_2_label_fake.npz,Fake,Real,0.11396129204749743,0.08231931924819946,0.47059130668640137,1.5173985048022587e-05,0.010915134102106094,0.005965526215732098
10464_O1JxQ9OyJRQ_1_3_label_fake.npz,Fake,Real,0.069992779759923,0.07532360404729843,0.2592319846153259,0.00018738119979389012,0.010699348524212837,0.004521580412983894
8tD-YwT4oAg_144_1_519_label_fake.npz,Fake,Real,0.2128059082193854,0.06632417440414429,0.9709251523017883,1.5131474739860096e-08,0.020475689321756363,0.006304509937763214
CoIL9IsJXiA_33_1--24132-I5oeY5O5oJI_46_7_label_fake.npz,Fake,Real,0.13956788703799247,0.13309970498085022,0.2943685054779053,0.20678871870040894,0.02914578467607498,0.03443672135472298
4147-pLDX3CuGiWU_9_2_label_fake.npz,Fake,Real,0.2618852764368057,0.21050186455249786,0.020466364920139313,0.9309878945350647,0.030307292938232422,0.11716296523809433
QwWcO0-ne8c_17_1--5792-lXv73xCGh8E_91_2_label_fake.npz,Fake,Real,0.21212672833353283,0.4763016700744629,0.08556785434484482,0.015280754305422306,0.03803284838795662,0.4454505145549774
JtLypQpGruo_65_7_label_real.npz,Real,Real,0.10916385383318233,0.24537134170532227,0.009538965299725533,1.0848560272336272e-08,0.034258026629686356,0.2566509246826172
367_XJmuXrN2cQA_14_17_512x512_1_1647_withaudio_label_fake.npz,Fake,Real,0.02768212875462091,0.07915034145116806,0.020033380016684532,1.7793800211052258e-08,0.030578024685382843,0.008648879826068878
270_fcYeXCacyrk_173_1_audio_short_512x512_1_1652_withaudio_label_fake.npz,Fake,Real,0.25410878034308554,0.06706789135932922,0.23004688322544098,0.9306900501251221,0.03803399205207825,0.004705084953457117
15491_itFwx1CZM9I_104_3_label_fake.npz,Fake,Real,0.1457496611401439,0.09885107725858688,0.21365861594676971,0.3771604597568512,0.011337953619658947,0.027740199118852615
VvyPZwhivKQ_20_1--1289-ADTwFvHACE4_116_2_label_fake.npz,Fake,Real,0.25184292793273927,0.14039792120456696,0.3155621290206909,0.7067474722862244,0.07508958876132965,0.0214175283908844
62ywI44YAxQ_82_10_label_real.npz,Real,Real,0.059412222006777426,0.08166593313217163,0.18039561808109283,3.737141440751657e-08,0.02458549477159977,0.01041402667760849
19313-A-BRu8z7ztk_34_2_label_fake.npz,Fake,Real,0.13664866598592199,0.23925061523914337,0.0029309287201613188,1.563743171573151e-05,0.1380046308040619,0.3030415177345276
053_05c78fa1.jpg_1P9nl9tBK38_343_3_label_fake.npz,Fake,Real,0.10463908426463972,0.17490451037883759,0.013559864833950996,1.8402053359313324e-14,0.04649225249886513,0.2882387936115265
25217_I5oeY5O5oJI_34_2_label_fake.npz,Fake,Real,0.057934855552866794,0.07029048353433609,0.19867050647735596,7.207386715890607e-06,0.016868462786078453,0.0038376175798475742
2822-s9OwwTPanvw_46_1_label_fake.npz,Fake,Deepfake,0.3689663603901863,0.24741099774837494,0.46012163162231445,0.9976542592048645,0.042786382138729095,0.09685853123664856
2480-j9vRrhheCUM_20_1_label_fake.npz,Fake,Real,0.02109622219577455,0.06477773189544678,0.01590823382139206,1.161920198253165e-15,0.021101923659443855,0.003693221602588892
23390-pNogULi28gs_87_2_label_fake.npz,Fake,Real,0.3223921604454517,0.2017701119184494,0.0059160999953746796,0.9998321533203125,0.060101039707660675,0.3443413972854614
02679_IcZtHIN331g_6_1_label_fake.npz,Fake,Real,0.06593601468548514,0.07938198000192642,0.006686111446470022,5.804820375487907e-06,0.23242728412151337,0.01117889303714037
5287-sUv353ua7E8_37_1_label_fake.npz,Fake,Deepfake,0.5396333143115044,0.29108676314353943,0.07489749044179916,0.9865890741348267,0.884733259677887,0.4608599841594696
01742_xJYFbkRZzek_audio_2_label_fake.npz,Fake,Real,0.22108518271707,0.0729786679148674,0.9883261322975159,0.027690816670656204,0.012884218245744705,0.0035460784565657377
5l1PmijHT5o_12_1_label_real.npz,Real,Real,0.03160162491258234,0.07046148926019669,0.04801588132977486,0.00030359101947396994,0.03266195207834244,0.006565210875123739
33046.png_SzhK7Q-pY0U_1_37_label_fake.npz,Fake,Real,0.2095524460077286,0.07459498196840286,0.004441760014742613,0.9399219751358032,0.02248489297926426,0.006318619940429926
49972.png_hdS30nnhNZo_4_28_label_fake.npz,Fake,Real,0.03891297550399031,0.15391874313354492,0.012366242706775665,1.3167480574338697e-05,0.018461039289832115,0.00980568490922451
46879_nlrjxL_frmk_110_1_audio_short_512x512_1_0933_withaudio_label_fake.npz,Fake,Real,0.16111550303176048,0.0668252557516098,0.07184591889381409,0.6475728154182434,0.014503592625260353,0.0048299324698746204
122-6As3T1vBft0_133_7_label_fake.npz,Fake,Deepfake,0.5109058834503908,0.7661949396133423,0.026985513046383858,1.808414085147092e-09,0.8674013614654541,0.8939476013183594
23414-E7hwoDHfU28_30_1_label_fake.npz,Fake,Real,0.24257556369993838,0.5081073641777039,0.021141018718481064,0.00012277171481400728,0.05726104602217674,0.6262456178665161
2232_ADTwFvHACE4_29_1_label_fake.npz,Fake,Real,0.06808579857461154,0.06397904455661774,0.1390896737575531,0.12492580711841583,0.009569134563207626,0.0028653328772634268
RmXrwKydM9k_380_1_label_real.npz,Real,Real,0.2747068100563439,0.23715141415596008,0.9004064798355103,6.377287320447067e-08,0.14233079552650452,0.09364529699087143
7761-mkfaM6Psv8c_42_1_label_fake.npz,Fake,Real,0.1222185813705437,0.21384282410144806,0.325013130903244,0.0007274899980984628,0.051588233560323715,0.019921228289604187
23321-I7bHX9Wkr0E_98_2_label_fake.npz,Fake,Deepfake,0.5690163373947144,0.3584121763706207,0.976987361907959,0.9293921589851379,0.11083602905273438,0.46945396065711975
10000_OiZOiaG4gWM_26_1_label_fake.npz,Fake,Real,0.2391804046346806,0.06946872174739838,0.3914996087551117,0.7233273983001709,0.010890575125813484,0.0007157192449085414
050_4bdc1f8a-6As3T1vBft0_292_1_label_fake.npz,Fake,Real,0.25046333014515776,0.41475242376327515,0.0018229305278509855,2.410180735545886e-11,0.15057529509067535,0.6851660013198853
096_b096ebfe_OprPPstAfSg_0_1_label_fake.npz,Fake,Real,0.01856948250800912,0.063291534781456,0.002065087901428342,7.016996761421979e-08,0.022388430312275887,0.005102289374917746
8529-cHjvhDTfItA_16_3_label_fake.npz,Fake,Real,0.11092376709042315,0.08870740979909897,0.36379626393318176,2.8969632682313007e-12,0.03659681975841522,0.0655183419585228
300_IfZd7tsXHP8_41_1_audio_short_512x512_1_0944_withaudio_label_fake.npz,Fake,Real,0.04252521228045225,0.0662902221083641,0.03823636844754219,0.09014352411031723,0.01275115367025137,0.005204793065786362
05790_MOBGaVJH54A_171_2_audio_short_512x512_1_1655_withaudio_label_fake.npz,Fake,Real,0.04348456617444754,0.06417475640773773,0.00305310171097517,0.12381618469953537,0.014307391829788685,0.012071396224200726
071_a9b71352_XJmuXrN2cQA_300_4_label_fake.npz,Fake,Real,0.2773220459788263,0.4993593394756317,0.07762336730957031,3.655835598692647e-06,0.42966118454933167,0.379962682723999
1878_vfDO6CnL7j8_40_1_label_fake.npz,Fake,Real,0.02770722694694996,0.07509206980466843,0.04146303981542587,2.2925571755788e-19,0.016911394894123077,0.005069630220532417
00364_tf_pzTBKuFY_audio_1_150_label_fake.npz,Fake,Real,0.13365142345645903,0.13039688766002655,0.30051881074905396,1.0871722792848981e-11,0.08357551693916321,0.15376590192317963
0_M_syPuFos_64_2--3070-I5oeY5O5oJI_42_10_label_fake.npz,Fake,Real,0.20668622702369088,0.33434635400772095,0.09006639569997787,4.466409880832245e-13,0.13712811470031738,0.47189027070999146
kHgF6z3Paos_299_1_25fps--29991_1nnKydcqmDI_223_1_25fps_label_fake.npz,Fake,Real,0.1974407776258886,0.5546371340751648,0.008270462974905968,0.000937530305236578,0.10452365130186081,0.3188351094722748
65891_awYvLQ53n3M_1_1_audio_short_512x512_1_0933_withaudio_label_fake.npz,Fake,Real,0.2639879126101732,0.06514077633619308,0.2572106420993805,0.9749733209609985,0.012231437489390373,0.01038338616490364
44636_btWyxQbkYAs_123_6_audio_short_512x512_1_0557_withaudio_label_fake.npz,Fake,Real,0.2469156235107221,0.360492467880249,0.34537386894226074,0.00012995657743886113,0.0610961876809597,0.467485636472702
346_8gqupeY6HmM_0_302_512x512_1_1647_withaudio_label_fake.npz,Fake,Real,0.019279497591159257,0.06408040970563889,0.010210465639829636,2.65861626047581e-08,0.01789255253970623,0.004214033484458923
11939-cbtkoZUOR1A_44_23_label_fake.npz,Fake,Real,0.20908090099692347,0.17892158031463623,0.4970111548900604,0.01723800227046013,0.1276542693376541,0.22457949817180634
26062-E7hwoDHfU28_52_2_label_fake.npz,Fake,Real,0.23191349096596245,0.07776524871587753,0.06248623505234718,0.9707155227661133,0.013698572292923927,0.034901876002550125
128_jbx2IjXBmWA_0_1-batch-2025-02-04-10-00-57-123_label_fake.npz,Fake,Real,0.04362766519188881,0.07133737206459045,0.0047179702669382095,0.1043584868311882,0.0309851486235857,0.0067393481731414795
031_df3204d3.jpg_PmI4qnTpL0E_1_1_label_fake.npz,Fake,Real,0.12033614144747844,0.07677257061004639,0.4957006871700287,3.6181001632940024e-05,0.012584344483911991,0.016586923971772194
10783-lmBYMs2ysnY_39_2_label_fake.npz,Fake,Real,0.16724672061391174,0.06808335334062576,0.003323278622701764,0.7325056791305542,0.012636604718863964,0.01968468725681305
5775-0-BD5WJ_hBk_0_1_label_fake.npz,Fake,Real,0.15966620898470865,0.22617018222808838,0.4945889115333557,4.49943654530216e-05,0.03509356454014778,0.04243339225649834
c-3fX59C_BU_0_6_242_label_fake.npz,Fake,Real,0.19696209626272324,0.08113235235214233,0.024996280670166016,0.8577397465705872,0.016231698915362358,0.0047104028053581715
27130_6w9ikJPzTOA_64_1_label_fake.npz,Fake,Real,0.04015441425144673,0.07224959880113602,0.05670555680990219,0.01841927319765091,0.04512440040707588,0.00827324204146862
14993.png_KLyiFfWtoPI_381_2_label_fake.npz,Fake,Deepfake,0.42465859055519106,0.4188186824321747,0.26160749793052673,0.06250941753387451,0.8866018056869507,0.4937555491924286
oEg4GH93aCY_73_1--25877-BJr-6o-eYLc_29_1_label_fake.npz,Fake,Real,0.15680601838976146,0.170693039894104,0.007572305388748646,0.3591748774051666,0.02847684919834137,0.2181130200624466
26288-ezja7-YQ72g_63_6_label_fake.npz,Fake,Deepfake,0.3507882475852966,0.2406519055366516,0.16181041300296783,0.6890977621078491,0.1940353959798813,0.4683457612991333
18420-ADTwFvHACE4_112_2_label_fake.npz,Fake,Real,0.020100174479330237,0.07005706429481506,0.014991837553679943,3.704715254571056e-07,0.012746875174343586,0.0027047249022871256
035_0902e9ca_P_stI11n2Sc_16_2_label_fake.npz,Fake,Real,0.045020714198766146,0.09969820827245712,0.07341878116130829,1.5746643100555957e-08,0.022494742646813393,0.02949182316660881
sr3AvToIzJo_114_1_label_real.npz,Real,Real,0.23177672910886002,0.08681332319974899,0.7229086756706238,1.1303509239724008e-07,0.32679441571235657,0.022367117926478386
17941-KNEGWrD08f8_4_1_label_fake.npz,Fake,Real,0.20681967847049237,0.08288773894309998,0.6030650734901428,0.319896936416626,0.017239490523934364,0.011009152978658676
FgEqZxtEUUk_2_1--qxiG3Ycr0oM_11_label_fake.npz,Fake,Real,0.2820422011921437,0.2890833914279938,0.10767028480768204,9.478676474827807e-07,0.9537078142166138,0.0597485676407814
SNHUu7YkNjA_60_8_label_real.npz,Real,Deepfake,0.3632886061444879,0.06910865753889084,0.7235561609268188,0.9994282126426697,0.015674224123358727,0.008675775490701199
ldI1peHBLa0_52_13_label_real.npz,Real,Deepfake,0.3535053015686571,0.06831981986761093,0.6843388080596924,1.0,0.009770446456968784,0.0050974334590137005
PjGZ8ORHZc8_12_6_25fps--67_DYtC9k3oOJY_audio_3_132_label_fake.npz,Fake,Deepfake,0.45728001390653406,0.8689876794815063,0.1509600281715393,1.9607819368161472e-08,0.44292548298835754,0.8235268592834473
39471.png_DuggBTqO2sc_300_1_label_fake.npz,Fake,Real,0.3067029699948313,0.2829807698726654,0.2724698483943939,1.325617254854805e-10,0.8597221374511719,0.1183420941233635
17264-0-kY_RQxuc0_118_1_label_fake.npz,Fake,Deepfake,0.7475498005747796,0.8371313214302063,0.03555848449468613,0.9999289512634277,0.9778703451156616,0.8872599005699158
vRuTW4hapTE_76_3_295_label_fake.npz,Fake,Real,0.09885902223177256,0.05427321791648865,0.10042951256036758,0.12340713292360306,0.21312540769577026,0.0030598400626331568
354_dqFjx2I4KXg_17_6_label_fake.npz,Fake,Real,0.021541286618685263,0.07295175641775131,0.0037963339127600193,5.871302164450753e-07,0.024981942027807236,0.0059758136048913
14158-yPuOZaNDtL8_60_1_label_fake.npz,Fake,Real,0.023540353278463044,0.08336961269378662,0.014917808584868908,1.5253518768076901e-06,0.013029159046709538,0.006383660715073347
27437-UFNRxEmoMaw_129_1_label_fake.npz,Fake,Real,0.11296794246882201,0.15754370391368866,0.17844171822071075,0.015325388871133327,0.09525773674249649,0.11827116459608078
16806-hUDTBHvQuAc_28_5_label_fake.npz,Fake,Real,0.15260848701718716,0.18329165875911713,0.05669378861784935,5.770510597358225e-06,0.5091323852539062,0.013918831944465637
7046_LUn8IjZKBPg_84_2_label_fake.npz,Fake,Real,0.09999346655390583,0.06585028022527695,0.40335115790367126,2.5218616883648792e-06,0.02288837917149067,0.007874993607401848
vZqDx1pvSZQ_1_2--oTElQFuLr7o_89_47_117_label_fake.npz,Fake,Real,0.1623896947130561,0.10591249912977219,0.3812790811061859,0.3004731833934784,0.014515798538923264,0.009767911396920681
WxdaDqICMP8_398_1_label_real.npz,Real,Real,0.21511930006429952,0.34527087211608887,0.051519040018320084,1.3338524729178403e-10,0.2196032553911209,0.4592033326625824
26334-7Fe7jdI2WIA_39_1_label_fake.npz,Fake,Real,0.035328736349424614,0.10466773808002472,0.006109488662332296,1.5958559060891275e-06,0.049932412803173065,0.015932446345686913
DR5IQXWY_uA_243_3_label_real.npz,Real,Real,0.04687984976917506,0.1303136646747589,0.0363168902695179,0.0077330200001597404,0.03692781925201416,0.023107854649424553
jV2pjBg0srU_974_2_label_real.npz,Real,Deepfake,0.38684955165071816,0.47654715180397034,0.8007599115371704,1.4082800897652348e-11,0.042242106050252914,0.614698588848114
13656-Lv39BhZJ2mg_1_3_label_fake.npz,Fake,Real,0.03683869466782831,0.11195540428161621,0.033241208642721176,2.9863087697146184e-11,0.017162660136818886,0.021834200248122215
E7lIbmnQqgU_571_1_label_real.npz,Real,Real,0.10001151114702225,0.23970381915569305,0.10342886298894882,0.006647787988185883,0.029332563281059265,0.12094452232122421
15616-I5oeY5O5oJI_25_4_label_fake.npz,Fake,Real,0.1726195877417922,0.06359642744064331,0.49776390194892883,0.28667476773262024,0.011810210533440113,0.003252631053328514
8202-PEKF-vrTi9Q_23_4_label_fake.npz,Fake,Real,0.2617973037995398,0.07864277809858322,0.16037967801094055,0.9996975660324097,0.06326547265052795,0.007001024205237627
2CTT98xML9c_205_1--2nuDMfLoWGY_27_label_fake.npz,Fake,Real,0.1307178282396708,0.07879924774169922,0.48528605699539185,5.745459663586416e-10,0.061746202409267426,0.027757633477449417
25677-cbtkoZUOR1A_109_11_label_fake.npz,Fake,Deepfake,0.38238499963626965,0.2680176794528961,0.4328869879245758,4.840912151848897e-05,0.8658930063247681,0.3450789153575897
19789-gUGPeMAFZtA_79_1_label_fake.npz,Fake,Real,0.036436901940032844,0.07840143889188766,0.06335246562957764,0.002241030102595687,0.016250835731625557,0.021938739344477654
5xBpkc7-w3A_75_2_label_real.npz,Real,Real,0.1264986526221037,0.0987522155046463,0.44087570905685425,0.005374668166041374,0.044630587100982666,0.042860083281993866
2679-I5oeY5O5oJI_19_3_label_fake.npz,Fake,Deepfake,0.43757935083413035,0.6536853909492493,0.3287433683872223,6.132903217803687e-05,0.7460694313049316,0.4593372344970703
W3xHmerC4wM_5_1--MFusQ6Jv5cE_89_2_59_label_fake.npz,Fake,Real,0.05990535784527634,0.08703506737947464,0.11139433085918427,7.437817722832918e-13,0.015538820065557957,0.08555857092142105
2070-pNogULi28gs_87_2_label_fake.npz,Fake,Real,0.2580520583316684,0.19561581313610077,0.010655260644853115,0.9998071789741516,0.018494531512260437,0.06568750739097595
077_e589a0e2_1WuFbrHbnW8_94_5-batch-2025-02-06-13-00-20-351_label_fake.npz,Fake,Real,0.26730424836277966,0.09960969537496567,0.13815197348594666,0.9959486722946167,0.036191750317811966,0.0666191503405571
218_hPxlN7oW-UU_audio_3_512x512_1_1026_withaudio_label_fake.npz,Fake,Deepfake,0.41186983017250894,0.06900539249181747,0.9752019047737122,0.9999909400939941,0.01183390710502863,0.0033170063979923725
3557-wGcqFV_alDk_84_1_label_fake.npz,Fake,Real,0.2431816183092849,0.3979143798351288,0.5244547724723816,4.8459895651831175e-08,0.043570078909397125,0.24996881186962128
14934-Fjkw9vYDukg_146_1_label_fake.npz,Fake,Real,0.0666403719689697,0.09926365315914154,0.0036896367091685534,0.0028508338145911694,0.040853824466466904,0.18654391169548035
23212-PYRFxrLt30A_42_2_label_fake.npz,Fake,Real,0.08800217853859067,0.06547665596008301,0.11298840492963791,0.24807210266590118,0.009329093620181084,0.004144635517150164
KLyiFfWtoPI_516_3_label_real.npz,Real,Deepfake,0.41439722483599034,0.40218639373779297,0.6256912350654602,2.604646498483021e-10,0.8244555592536926,0.2196529358625412
zpEUWKUUxdY_12_5--XpSaYhEhjD0_57_label_fake.npz,Fake,Real,0.3027588631958221,0.45524725317955017,0.013721195980906487,2.2564313969814648e-13,0.8732557892799377,0.1715700775384903
055_7e5055b5.jpg_-qs_Rh-rAbI_79_1_label_fake.npz,Fake,Real,0.02037235664896802,0.06708689779043198,0.005660501308739185,6.9264389779277735e-09,0.02493969351053238,0.0041746837086975574
7071-DCeJZTSFTXs_7_1_label_fake.npz,Fake,Deepfake,0.6831644703634083,0.6087880730628967,0.004564250353723764,0.9999955892562866,0.8142526745796204,0.9882217645645142
9cdh5Xebf2w_4_1_label_real.npz,Real,Real,0.08254805996966752,0.34923455119132996,0.03539546951651573,1.4797760741203092e-06,0.022355301305651665,0.005753498058766127
9CECkqcLjp4_1919_10_label_real.npz,Real,Deepfake,0.5835437074303627,0.5147864818572998,0.9873480796813965,0.09331027418375015,0.8287854790687561,0.49348822236061096
588-GrQO5stiREI_130_1_label_fake.npz,Fake,Real,0.18690770585089922,0.1689383089542389,0.007628331892192364,0.36655017733573914,0.017714207991957664,0.37370750308036804
26600-WowrvQ9h9ao_43_2_label_fake.npz,Fake,Real,0.020850792620336654,0.07812351733446121,0.006126458290964365,2.8010583354729293e-14,0.012191484682261944,0.007812502793967724
083_16b5e7ab_MxlocFNdoXg_797_2-batch-2025-02-05-13-35-36-78_label_fake.npz,Fake,Real,0.04020359665192437,0.12892532348632812,0.004275921732187271,1.8512825820937717e-12,0.012390568852424622,0.05542616918683052
26295-mHii80xikXs_1043_1_label_fake.npz,Fake,Deepfake,0.50508100297302,0.62852942943573,0.011784370057284832,0.16406860947608948,0.7868795394897461,0.93414306640625
j-SnQH4ewHU_90_1--zpEUWKUUxdY_41_4_5_label_fake.npz,Fake,Real,0.10158372670412404,0.13459232449531555,0.10501351207494736,1.6946913436368533e-14,0.15101270377635956,0.11730009317398071
29898_LUn8IjZKBPg_96_2_label_fake.npz,Fake,Real,0.13711726285410322,0.06902206689119339,0.5462393164634705,1.0439591591193675e-07,0.0633067935705185,0.0070180329494178295
21945-BJr-6o-eYLc_80_2_label_fake.npz,Fake,Real,0.03142726947553456,0.05066746473312378,0.0064641754142940044,0.08171429485082626,0.01613871566951275,0.0021516967099159956
14030-o3KMJLxjdoM_59_3_label_fake.npz,Fake,Real,0.02088502814876847,0.07323398441076279,0.014334915205836296,0.0002090759517159313,0.012908450327813625,0.003738714847713709
j-SnQH4ewHU_99_2_label_real.npz,Real,Real,0.08127682414603472,0.15036824345588684,0.011276467703282833,3.4880608817955405e-11,0.04580165073275566,0.19893775880336761
002_f6b26479.jpg_-aDPCjQeWQs_327_1_label_fake.npz,Fake,Real,0.03841452853698684,0.08715200424194336,0.024972226470708847,2.467722651999793e-06,0.02338925376534462,0.056556690484285355
238_5xBpkc7-w3A_52_1_audio_short_512x512_1_0732_withaudio_label_fake.npz,Fake,Real,0.08075796664925293,0.039482634514570236,0.3510207235813141,0.0005908024613745511,0.009880051016807556,0.0028156216721981764
294_XJmuXrN2cQA_336_12_512x512_1_0112_withaudio_label_fake.npz,Fake,Real,0.0346612760565748,0.0708857923746109,0.07554835081100464,3.4996378017737584e-10,0.021515298634767532,0.005356938112527132
02756_qxiG3Ycr0oM_label_fake.npz,Fake,Real,0.04969867508019661,0.07374705374240875,0.15341772139072418,6.860634016447875e-07,0.015572035685181618,0.005755878519266844
Iy1E-yjDyFA_58_1--C3BJ-Ho09EU_71_label_fake.npz,Fake,Real,0.06553609929979042,0.15442493557929993,0.01781194657087326,9.692559051915385e-15,0.029632752761244774,0.12581086158752441
14177-SWHweN9WlkU_72_2_label_fake.npz,Fake,Real,0.049137763772159816,0.06611748784780502,0.11425729840993881,0.04676090553402901,0.01427636481821537,0.004276762250810862
VvyPZwhivKQ_57_1--29316-LUn8IjZKBPg_77_2_label_fake.npz,Fake,Real,0.19316813511541114,0.37927430868148804,0.24238428473472595,3.079761518165469e-05,0.016519274562597275,0.32763200998306274
020_c1a8bc2c_oeyLwy8sJhA_2_1-batch-2025-02-10-11-34-42-167_label_fake.npz,Fake,Real,0.2460641695739469,0.2715575695037842,0.6216216087341309,7.40413524908945e-05,0.3096022605895996,0.027465367689728737
350_NEEN8fSBuWI_56_1_512x512_1_1803_withaudio_label_fake.npz,Fake,Real,0.08933149045333268,0.06872230023145676,0.16676051914691925,0.18331901729106903,0.02197599969804287,0.0058796158991754055
07491-iuWDrafnyio_60_1_label_fake.npz,Fake,Deepfake,0.6090215265750895,0.4548550546169281,0.7777428030967712,4.468424904451127e-15,0.9755313992500305,0.8369783759117126
VifDzyPgBNg_216_4_label_real.npz,Real,Real,0.1006675938852851,0.09073497354984283,0.3718963861465454,1.0598810717965534e-08,0.013134157285094261,0.02757244184613228
388_Aw0sYFVWyWw_audio_3_512x512_1_1026_withaudio_label_fake.npz,Fake,Real,0.22184393629431726,0.06936503946781158,0.029760362580418587,0.9979988932609558,0.009924741461873055,0.002170644700527191
470_8Kr-holll-Y_audio_2_label_fake.npz,Fake,Real,0.06641861442479065,0.08694465458393097,0.22042471170425415,1.27607221122282e-13,0.01897919923067093,0.0057445066049695015
020_c1a8bc2c_DR5IQXWY_uA_193_1-batch-2025-02-06-13-00-20-413_label_fake.npz,Fake,Real,0.12798895016693201,0.5644173622131348,0.010889376513659954,8.400933282359802e-09,0.01977888122200966,0.04485912248492241
111_BlgjnJ9y3oE_426_1_512x512_1_1803_withaudio_label_fake.npz,Fake,Real,0.02719640053139925,0.07920531183481216,0.02134908176958561,1.9223391767297926e-09,0.029554098844528198,0.005873508285731077
147_8wx4wssZgfo_73_6_label_fake.npz,Fake,Real,0.02187144218956839,0.07331716269254684,0.0012944136979058385,2.3924372899442048e-11,0.02610079012811184,0.00864484440535307
FLfyjfbThfA_94_1_label_real.npz,Real,Real,0.01915803096341407,0.07124495506286621,0.008107165805995464,5.077896783611813e-11,0.011137022636830807,0.005301011260598898
02115.png_T1cTlK8k_6g_116_1_label_fake.npz,Fake,Real,0.1274894990026951,0.17048092186450958,0.05398842319846153,2.0208086884758245e-17,0.04341728240251541,0.3695608675479889
27825.png_Jy-bPwwFxhk_61_1_label_fake.npz,Fake,Real,0.10008213862041089,0.19758345186710358,0.010290534235537052,5.900906785427651e-08,0.024698080494999886,0.26783856749534607
02510_bv70OtX10G0_2_1_label_fake.npz,Fake,Real,0.03912171041592956,0.0682990550994873,0.10991638898849487,1.52600179334252e-19,0.010246841236948967,0.007146266754716635
10469_WowrvQ9h9ao_90_2_audio_short_512x512_1_0557_withaudio_label_fake.npz,Fake,Real,0.019579286604311474,0.07514812052249908,0.0007525312248617411,5.183819692944347e-11,0.019311076030135155,0.0026847051922231913
063_fe99146b.jpg_eWj2-6q2ybk_267_1_label_fake.npz,Fake,Real,0.019130518333988378,0.07856585830450058,0.0006070712115615606,9.872836462211307e-15,0.011717407964169979,0.004762254189699888
307_hPxlN7oW-UU_audio_2_62_label_fake.npz,Fake,Real,0.019084499077892683,0.07348866760730743,0.005747894290834665,1.0619544794313734e-13,0.013171479105949402,0.003014454385265708
29948.png_28Z-aq2wk60_82_2_label_fake.npz,Fake,Real,0.09989643667358906,0.22497038543224335,0.07349730283021927,0.001300318748690188,0.09851592034101486,0.10119825601577759
zpEUWKUUxdY_12_9_label_real.npz,Real,Real,0.2570202633738518,0.24894662201404572,0.22960993647575378,1.812325011553163e-18,0.7688890695571899,0.03765568882226944
rxLBonV9-4Y_43_3--25493-a0MIIwPGYB4_48_1_label_fake.npz,Fake,Real,0.10863893837595244,0.2973802983760834,0.02188764326274395,4.178774179308675e-05,0.09396127611398697,0.12992368638515472
40_oGo0qpktVW0_1080p_153_1_512x512_1_1803_withaudio_label_fake.npz,Fake,Real,0.2335535070858896,0.06843756139278412,0.0685122162103653,0.999651312828064,0.02561778388917446,0.005548661109060049
dTeNSc1Sp28_0_46_label_real.npz,Real,Real,0.07263221079483628,0.06895984709262848,0.015570295974612236,0.2610504627227783,0.014301575720310211,0.003278872463852167
12722.png_SzhK7Q-pY0U_1_103_label_fake.npz,Fake,Real,0.027919780928741447,0.08971788734197617,0.018785124644637108,4.994267261033969e-13,0.02427891083061695,0.006816981825977564
zpEUWKUUxdY_9_11_label_real.npz,Real,Real,0.21051491126457889,0.12469666451215744,0.2630471885204315,1.9887594175649337e-12,0.6346948146820068,0.03013588860630989
21496-0juLRi90kRg_54_1_label_fake.npz,Fake,Real,0.27009567320346833,0.1074933409690857,0.08750887960195541,0.9841326475143433,0.04220467060804367,0.12913882732391357
00064_Y7ZKnBkWoHM_audio_2_label_fake.npz,Fake,Real,0.2661963939666748,0.06334636360406876,0.27945536375045776,0.9609528183937073,0.012282146140933037,0.014945277944207191
104_beITuzgzIbo_audio_3_512x512_1_1026_withaudio_label_fake.npz,Fake,Real,0.02017631044600421,0.07478966563940048,0.008308565244078636,9.337346455140505e-06,0.012155854143202305,0.0056181298568844795
01937_VwGAwKPTk3I_audio_3_label_fake.npz,Fake,Real,0.04134365634236019,0.0681590586900711,0.11055558919906616,0.00017474764899816364,0.01877843774855137,0.009050448425114155
21687-ADTwFvHACE4_55_1_label_fake.npz,Fake,Real,0.022497668037942422,0.07811733335256577,0.0035528854932636023,7.674414437275345e-10,0.018378453329205513,0.012439667247235775
145_PmI4qnTpL0E_246_6_512x512_1_0533_withaudio_label_fake.npz,Fake,Real,0.028770369943231344,0.08370187133550644,0.02104851044714451,3.7833163169224516e-22,0.033346377313137054,0.005755090620368719
04966.png_dFiwhwAHNMw_26_1_label_fake.npz,Fake,Real,0.11582651121217621,0.19693884253501892,0.005329484585672617,5.425816462789612e-10,0.04762938991189003,0.3292348384857178
14182-fmc0Pk8A0T0_7_1_label_fake.npz,Fake,Deepfake,0.6221418857574463,0.6219766139984131,0.5241551399230957,0.7960497736930847,0.4738973379135132,0.6946305632591248
21235-BJr-6o-eYLc_76_1_label_fake.npz,Fake,Real,0.044139924712592565,0.12508565187454224,0.0002408680593362078,1.5135141140376618e-08,0.02921994961798191,0.0661531388759613
A-BRu8z7ztk_33_1--16069-d2om_PGtwWY_7_2_label_fake.npz,Fake,Real,0.20620056734694572,0.402558296918869,0.12007125467061996,9.857720897343825e-07,0.40404435992240906,0.10432793945074081
127_e0GahnJx-Sc_102_1_512x512_1_0112_withaudio_label_fake.npz,Fake,Real,0.34172630966641004,0.07399516552686691,0.7241840362548828,0.8610546588897705,0.04572974517941475,0.0036679424811154604
wtCogf-htV0_156_2_label_real.npz,Real,Real,0.2260123074054718,0.31868094205856323,0.4640374779701233,0.10888395458459854,0.1312210112810135,0.10723815113306046
29554_BhwnAYvzhm4_33_1_label_fake.npz,Fake,Real,0.04198709484189749,0.07107213884592056,0.06999640166759491,0.027054976671934128,0.033941760659217834,0.007870196364820004
q1vwJHBVQSk_35_4--3222-itFwx1CZM9I_104_3_label_fake.npz,Fake,Deepfake,0.6500994443893433,0.5789596438407898,0.29043567180633545,0.8865448832511902,0.88456791639328,0.6099891066551208
4109-u6akTRg2ecw_99_2_label_fake.npz,Fake,Deepfake,0.44771774709224704,0.46943944692611694,0.09989959001541138,0.17375622689723969,0.9590025544166565,0.5364909172058105
20032.png_vwmz_YhDYtc_0_1_label_fake.npz,Fake,Real,0.22238024028678116,0.382327139377594,0.2068321704864502,3.7379034978357595e-08,0.18188005685806274,0.34086179733276367
VGCRcRs-jkE_67_1--2nuDMfLoWGY_26_label_fake.npz,Fake,Real,0.19930206921266652,0.21071158349514008,0.48528605699539185,5.745459663586416e-10,0.05345587804913521,0.24705682694911957
wdNhtZOGxBw_256_1_25fps--25464_TkkHKU_lLqU_37_5_25fps_label_fake.npz,Fake,Deepfake,0.5528404891490937,0.4954865872859955,0.350633829832077,0.622420608997345,0.9408484101295471,0.35481300950050354
19846-mRNCLRo9JAM_13_1_label_fake.npz,Fake,Real,0.23985152728855613,0.10958967357873917,0.05537987872958183,0.9455310702323914,0.06586073338985443,0.022896280512213707
11887-Lcbr99pQZOU_80_1_label_fake.npz,Fake,Real,0.08388035930911117,0.14469605684280396,0.16961798071861267,1.0898422789229478e-11,0.030221210792660713,0.07486654818058014
q1vwJHBVQSk_27_3--8183-pzdnuEa8a20_149_2_label_fake.npz,Fake,Deepfake,0.3668233447081129,0.634979248046875,0.041713979095220566,1.5213096060673337e-10,0.5100029110908508,0.6474205851554871
52752_GiRZf3AUfW0_2_42_label_fake.npz,Fake,Real,0.01890904527217572,0.0706244632601738,0.0009904148755595088,1.5897007870080415e-06,0.01174615602940321,0.011182602494955063
097_d6f6f9cf.jpg_2CTT98xML9c_181_1_label_fake.npz,Fake,Real,0.1480177161283791,0.06937465816736221,0.03490636497735977,0.5499793291091919,0.08022261410951614,0.005605614278465509
25315-I2s4msDXNgw_32_1_label_fake.npz,Fake,Real,0.2738313252925958,0.21320471167564392,0.11916594952344894,5.066437491763054e-09,0.9018783569335938,0.13490760326385498
21795_I5oeY5O5oJI_53_9_label_fake.npz,Fake,Real,0.23605261268094183,0.10769043117761612,0.976325273513794,0.0341678261756897,0.05581997334957123,0.006259559188038111
49586_6cKTSj4a8bQ_138_5_audio_short_512x512_1_1655_withaudio_label_fake.npz,Fake,Real,0.14951161636563484,0.07009971886873245,0.47542133927345276,0.0002244471834274009,0.03219455108046532,0.16961802542209625
197_WXGfdzE7hhI_57_2_512x512_1_0112_withaudio_label_fake.npz,Fake,Real,0.08288442084746012,0.07635258883237839,0.2974356710910797,1.3140661003774312e-08,0.028904002159833908,0.011729829013347626
494_4DXBHgW9NlI_280_12-batch-2025-02-06-13-00-20-296_label_fake.npz,Fake,Real,0.17126727270315314,0.07536757737398148,0.7561525106430054,7.4030076575581916e-06,0.016004497185349464,0.008804375305771828
12450-DCeJZTSFTXs_8_7_label_fake.npz,Fake,Real,0.0154513091468516,0.06179003790020943,0.0011359427589923143,2.808707222357043e-07,0.009761173278093338,0.004569110926240683
kQPvtHeUUfU_91_1_label_real.npz,Real,Real,0.11729929074645043,0.14199130237102509,0.012752479873597622,0.36802342534065247,0.048193372786045074,0.015535873360931873
18008_ADTwFvHACE4_15_3_label_fake.npz,Fake,Real,0.017126335382636172,0.0679783970117569,0.00655834935605526,1.6687634342815727e-05,0.009451077319681644,0.0016271655913442373
u-X671JqQWA_71_204_label_real.npz,Real,Deepfake,0.44871801263807354,0.5156623721122742,0.16972030699253082,2.196764853579225e-06,0.8011389970779419,0.7570661902427673
2463-_W4Em_fHubY_78_1_label_fake.npz,Fake,Deepfake,0.4225527778268994,0.3959202468395233,0.07907912880182266,5.666860752352731e-13,0.9415758848190308,0.6961886286735535
257_W9C4OBc6El4_182_1_label_fake.npz,Fake,Real,0.06393520033743698,0.06810308992862701,0.21940642595291138,0.00022868452651891857,0.022229207679629326,0.009708593599498272
94_XblD1mtXBWY_84_1_512x512_1_1647_withaudio_label_fake.npz,Fake,Real,0.044808737654238935,0.06999503821134567,0.11519972234964371,0.0031782430596649647,0.029999587684869766,0.005671096965670586
mHii80xikXs_5817_1_label_real.npz,Real,Real,0.0640889562551365,0.23472025990486145,0.004372654482722282,2.33011155614804e-06,0.033496785908937454,0.04785275086760521
021_2d9dd3a2_dqFjx2I4KXg_26_1_label_fake.npz,Fake,Deepfake,0.3796939910683642,0.3204067051410675,0.212188720703125,6.127405804967623e-10,0.6661260724067688,0.6997484564781189
22176-H_c_crxV9O8_19_1_label_fake.npz,Fake,Real,0.13031054213643073,0.2224818468093872,0.11758378893136978,0.11978203058242798,0.1561865657567978,0.035518478602170944
7032-z7wk53Pt_0E_14_1_label_fake.npz,Fake,Deepfake,0.5660476876422763,0.37635982036590576,0.012306309305131435,0.9497953653335571,0.878555417060852,0.6132215261459351
388_oTElQFuLr7o_70_1_512x512_1_0112_withaudio_label_fake.npz,Fake,Real,0.21743873795494437,0.07125622779130936,0.9575762152671814,0.042371951043605804,0.014113607816398144,0.0018756878562271595
22486-cbtkoZUOR1A_109_12_label_fake.npz,Fake,Real,0.3378226130851545,0.19747398793697357,0.3733174800872803,1.6629521269351244e-05,0.8188764452934265,0.2994285225868225
177_KNktDoYajMk_192_1_label_fake.npz,Fake,Real,0.03752017244696617,0.11420553922653198,0.010879823938012123,8.799809986183594e-19,0.0523746982216835,0.010140800848603249
-19DTZ6_d6U_510_2--2NlEdgEI_mc_65_5_394_label_fake.npz,Fake,Real,0.10401221711617836,0.38608700037002563,0.0024302725214511156,2.027803384407889e-05,0.0614297091960907,0.07009382545948029
9DTxDmLwFb8_154_28_label_real.npz,Real,Deepfake,0.4940851025252265,0.5931408405303955,0.03675176948308945,3.7097545035891244e-09,0.8912378549575806,0.9492950439453125
490_XblD1mtXBWY_4_1-batch-2025-02-06-13-00-20-452_label_fake.npz,Fake,Real,0.11668734271079302,0.10218514502048492,0.2633601129055023,0.004923501051962376,0.07813992351293564,0.13482803106307983
3785-3NYH-zyIfZY_62_1_label_fake.npz,Fake,Real,0.04541768824565224,0.09823756664991379,0.07274651527404785,0.0003695889317896217,0.03738304600119591,0.01835172437131405
17599-mRNCLRo9JAM_31_16_label_fake.npz,Fake,Real,0.04708761982619762,0.07198941707611084,0.03707190230488777,0.1068086177110672,0.014858659356832504,0.004709502682089806
29400-squ9XOfBKaY_17_3_label_fake.npz,Fake,Real,0.0748148604960079,0.08075747638940811,0.14323900640010834,8.124724445224274e-06,0.12883342802524567,0.021236266940832138
T1cTlK8k_6g_108_1_label_real.npz,Real,Real,0.14451378732919695,0.2103416919708252,0.02127227932214737,1.9596655241884055e-18,0.09096670150756836,0.3999882638454437
417_2Y7VppSRztU_0_2-batch-2025-02-04-10-00-57-137_label_fake.npz,Fake,Real,0.037253327714384714,0.07370302826166153,0.0954272449016571,5.271185506312837e-13,0.01340224128216505,0.0037341241259127855
09704_u6akTRg2ecw_104_1_audio_short_512x512_1_1655_withaudio_label_fake.npz,Fake,Real,0.03953548376622503,0.07954465597867966,0.06239001452922821,2.4153315458796953e-10,0.05233486369252205,0.0034078843891620636
PqumaD82tcI_153_17_label_real.npz,Real,Real,0.13460119664669037,0.07607221603393555,0.032509319484233856,0.5411098003387451,0.013439883477985859,0.009874763898551464
421_p549xMw_urc_24_1_512x512_1_0112_withaudio_label_fake.npz,Fake,Real,0.0192626369651407,0.07159896194934845,0.0013606941793113947,0.0036636716686189175,0.010617060586810112,0.009072796441614628
28123-6w9ikJPzTOA_40_1_label_fake.npz,Fake,Real,0.08437514044344427,0.14730432629585266,0.013266706839203835,0.06644869595766068,0.11761640012264252,0.07723957300186157
037_c035b16e-AsrSRZTj2Tk_109_19_label_fake.npz,Fake,Deepfake,0.3618057407438755,0.8850511908531189,0.5967504978179932,0.055951621383428574,0.03218842297792435,0.23908697068691254
9C7jAAxWnqA_245_3--20568-awNrju1X3zc_58_1_label_fake.npz,Fake,Real,0.19670773572549088,0.5628534555435181,0.0022951574064791203,2.4586233049461725e-10,0.1377367377281189,0.28065332770347595
DaRstA12CeI_596_1_label_real.npz,Real,Real,0.10752439062334816,0.10863816738128662,0.35347071290016174,5.0631929298106115e-06,0.06025954708456993,0.015248462557792664
25525-xGCuF-h-XVc_75_1_label_fake.npz,Fake,Real,0.12046712785959261,0.2636605203151703,0.029698699712753296,8.443263593504676e-16,0.029531635344028473,0.27944478392601013
33475_DbQjrA9VPjY_34_1_audio_short_512x512_1_0732_withaudio_label_fake.npz,Fake,Real,0.09707410726696253,0.06734320521354675,0.09106799960136414,0.2385943979024887,0.07609201222658157,0.01227292139083147
SDMFBIhN9fw_525_1_label_real.npz,Real,Real,0.3410394012953051,0.18341562151908875,0.9490634799003601,1.2520701489493469e-11,0.2367056906223297,0.33601221442222595
5195-ZMs-gVbhNIY_28_1_label_fake.npz,Fake,Deepfake,0.3948691755533219,0.3545995354652405,0.23247098922729492,0.9999991655349731,0.15745805203914642,0.22981813549995422
329_aEjFTuGdxKo_1_1_audio_short_512x512_1_1652_withaudio_label_fake.npz,Fake,Real,0.09658066899282859,0.0750826746225357,0.38077619671821594,0.000205133983399719,0.021449213847517967,0.005390125792473555
24413_647itg-A_aw_44_1_audio_short_512x512_1_0732_withaudio_label_fake.npz,Fake,Real,0.05557843079755003,0.0764060765504837,0.17058180272579193,2.2950564471102552e-06,0.012541607022285461,0.018360372632741928
21292-CWEWBgVwFc8_40_1_label_fake.npz,Fake,Real,0.2814220388419926,0.07709937542676926,0.32231923937797546,0.9517872333526611,0.048410091549158096,0.007494254503399134
498_78p4J0EEepU_6_2-batch-2025-02-06-13-00-20-432_label_fake.npz,Fake,Real,0.3354278362414334,0.6811281442642212,0.645341157913208,2.944798325188458e-05,0.13201485574245453,0.21862557530403137
077_d8ba3326_MHvzDoRT2EQ_48_1_label_fake.npz,Fake,Deepfake,0.36416424661875463,0.6672334671020508,0.06036975234746933,3.4515301722401123e-14,0.24241511523723602,0.8508028984069824
27651_53GIoeOAam4_40_5_label_fake.npz,Fake,Real,0.019175157727079298,0.07092870771884918,0.00921926461160183,6.13898123447143e-08,0.013282790780067444,0.0024449641350656748
12983-C95B9sgbmOc_19_7_label_fake.npz,Fake,Real,0.2417250145692378,0.19942136108875275,0.0010437399614602327,0.009173079393804073,0.9515652060508728,0.047421686351299286
02277_EoZRPfVRY7I_audio_3_label_fake.npz,Fake,Real,0.02450186046304085,0.06845363229513168,0.03450263664126396,6.751109116187592e-10,0.014161206781864166,0.005391825921833515
15893-cHjvhDTfItA_19_4_label_fake.npz,Fake,Real,0.034114045811240605,0.07109429687261581,0.06057923287153244,4.364820682667414e-08,0.019419705495238304,0.01947695016860962
79_HBavab-BVJ8_3_1_512x512_1_0112_withaudio_label_fake.npz,Fake,Deepfake,0.3986108877696097,0.07347110658884048,0.9005420804023743,1.0,0.012036347761750221,0.007004904095083475
099_d22b8b8b.jpg_dTeNSc1Sp28_16_1_label_fake.npz,Fake,Real,0.07130982638336718,0.06962737441062927,0.16312912106513977,0.10353311896324158,0.017105476930737495,0.0031540405470877886
008_d1f87068_O6WbFpXUI0E_84_1_label_fake.npz,Fake,Real,0.03829896720126271,0.07053382694721222,0.03428211063146591,0.0631505474448204,0.01584368199110031,0.007684668991714716
ybfyLfI5Ml0_74_1_label_real.npz,Real,Real,0.08119574412703513,0.13383100926876068,0.05946985259652138,0.10790366679430008,0.0623503215610981,0.04242387041449547
15895-I-B_Oa6_eNU_113_1_label_fake.npz,Fake,Real,0.208231729734689,0.07768835127353668,0.0362834706902504,0.8618951439857483,0.058477092534303665,0.006814590189605951
064_84cdff70_XblD1mtXBWY_55_5_label_fake.npz,Fake,Real,0.04167979686753825,0.07411234825849533,0.08387098461389542,0.000816805346403271,0.04395594820380211,0.005642897915095091
18370-UPHmXouXHdM_1_4_label_fake.npz,Fake,Real,0.173977956440649,0.22316546738147736,0.0758260115981102,7.1464310167357326e-06,0.18838940560817719,0.3825017511844635
079_fd41500f_MxlocFNdoXg_797_2-batch-2025-02-09-17-27-49-1_label_fake.npz,Fake,Real,0.06064109168995672,0.19846728444099426,0.004275921732187271,2.4464117797523555e-12,0.01914140023291111,0.0813208520412445
399_EKwa4XXZdPE_69_1_512x512_1_0112_withaudio_label_fake.npz,Fake,Real,0.03606590941470173,0.0729430690407753,0.06994275003671646,2.0298923431028015e-08,0.02955698035657406,0.007886727340519428
GrQO5stiREI_130_1_label_real.npz,Real,Real,0.06360278390347958,0.07197330892086029,0.008445950224995613,0.20653891563415527,0.016023140400648117,0.015032604336738586
14781-4DNuopwIbbU_110_1_label_fake.npz,Fake,Deepfake,0.4185994490981102,0.28116393089294434,0.5042133927345276,0.9202510118484497,0.06947778910398483,0.31789112091064453
mCwiflF4BmE_190_3_label_real.npz,Real,Real,0.16268700009677559,0.16618207097053528,0.054805878549814224,0.0017903457628563046,0.47951623797416687,0.11114046722650528
c-3fX59C_BU_0_257--OprPPstAfSg_58_10_33_label_fake.npz,Fake,Real,0.06737390902999324,0.07103459537029266,0.2107842117547989,0.0002229817764600739,0.04448961466550827,0.010338141582906246
496_SSK5FwoCwyU_label_fake.npz,Fake,Real,0.020684322686083386,0.07165392488241196,0.006635766942054033,3.2205019206976715e-10,0.0169987790286541,0.00813314225524664
03955_6Hh5ba8gpfw_audio_2_label_fake.npz,Fake,Real,0.20210992365619088,0.06668601185083389,0.9206953048706055,1.281030170829922e-09,0.014265282079577446,0.008903018198907375
I-B_Oa6_eNU_37_2--12105-ADTwFvHACE4_31_1_label_fake.npz,Fake,Real,0.02756289272438153,0.07483158260583878,0.00541030103340745,4.5087228500051424e-05,0.052446816116571426,0.0050806766375899315
19354-YHiV0rUyg0U_3_1_label_fake.npz,Fake,Real,0.019668432138876722,0.06351709365844727,0.010850545950233936,8.248329590957587e-14,0.01936536282300949,0.0046091582626104355
11395.png_9CECkqcLjp4_1524_1_label_fake.npz,Fake,Deepfake,0.5586571395397186,0.5596765279769897,0.9042004942893982,1.0331448793095873e-16,0.8676117062568665,0.46179696917533875
1889-sw2V54gc-iQ_77_2_label_fake.npz,Fake,Real,0.20096571332687746,0.29340821504592896,0.09384869784116745,3.13538548653014e-05,0.38853389024734497,0.22900640964508057
7424_ADTwFvHACE4_116_2_label_fake.npz,Fake,Real,0.22619677549228076,0.06338056176900864,0.3784947991371155,0.6638281345367432,0.02011748217046261,0.005162899848073721
20404-dMfH7JbxZdY_61_1_label_fake.npz,Fake,Real,0.04955447704214748,0.10601575672626495,0.07148240506649017,5.029917701904196e-06,0.03194662928581238,0.038322564214468
180_WXGfdzE7hhI_30_1-batch-2025-02-03-22-17-41-25_label_fake.npz,Fake,Real,0.030607542023062706,0.080218106508255,0.005971758626401424,0.05148196965456009,0.011617313139140606,0.0037485621869564056
494_ktHQEAF3mEM_85_2-batch-2025-02-09-17-16-07-1_label_fake.npz,Fake,Real,0.03777806157449959,0.07571518421173096,0.08488011360168457,6.86419298290275e-05,0.013854889199137688,0.0143714789301157
24288-Vv8CRc5L1kM_59_1_label_fake.npz,Fake,Real,0.06482746885158122,0.15047545731067657,0.05344245210289955,0.0018661797512322664,0.014987066388130188,0.1033661887049675
26760_647itg-A_aw_39_2_audio_short_512x512_1_0732_withaudio_label_fake.npz,Fake,Real,0.05754081873829762,0.08764568716287613,0.07703930139541626,4.6875854309291753e-08,0.07220476120710373,0.050814297050237656
OAzp-7yY0FQ_61_2--22236-I5oeY5O5oJI_37_8_label_fake.npz,Fake,Deepfake,0.3775756146198319,0.8083241581916809,0.4439352750778198,4.4489195261121495e-07,0.19404561817646027,0.4415725767612457
7594-ADTwFvHACE4_29_2_label_fake.npz,Fake,Real,0.013794757286086678,0.03338354825973511,0.02203540690243244,7.856253068894148e-05,0.01182690542191267,0.0016493633156642318
3357-O1JxQ9OyJRQ_107_4_label_fake.npz,Fake,Real,0.18876878045339254,0.2920037806034088,0.11953523755073547,1.9432223780313507e-05,0.26408347487449646,0.2682019770145416
1P9nl9tBK38_362_1_545_label_fake.npz,Fake,Real,0.022073699204156586,0.07539623975753784,0.019539956003427505,5.772085387434345e-06,0.012539352290332317,0.0028871758840978146
d2om_PGtwWY_14_1_label_real.npz,Real,Real,0.11246187321230536,0.3782767951488495,0.021492280066013336,3.10133837047033e-05,0.04028055816888809,0.1222287192940712
_-nNx99qK4A_94_1_label_real.npz,Real,Real,0.18373021027903177,0.42105674743652344,0.08499674499034882,1.3183286000639782e-06,0.13499562442302704,0.27760061621665955
trimmed_sba-i5-e3WY_928_3--103_62ywI44YAxQ_30_7_25fps_25fps_label_fake.npz,Fake,Real,0.24369578370266537,0.4742884635925293,0.469684898853302,4.5141248961044766e-08,0.06276339292526245,0.2117421180009842
Lqg5fiwIQso_54_4--624-53GIoeOAam4_40_5_label_fake.npz,Fake,Real,0.023077640504668116,0.08120221644639969,0.011811327189207077,9.35559452130974e-09,0.013196469284594059,0.009178180247545242
18726-lSCTGJbObOg_100_3_label_fake.npz,Fake,Real,0.1477838604710996,0.057595979422330856,0.08412070572376251,0.5444251894950867,0.04723755270242691,0.005539875011891127
10996-fAh51cqF86I_14_1_label_fake.npz,Fake,Real,0.1239376051351428,0.07508057355880737,0.2451750636100769,0.2518858015537262,0.011068056337535381,0.03647853061556816
271_PXdPmUJN6k0_74_16_label_fake.npz,Fake,Real,0.03316205076407641,0.07511254400014877,0.06633766740560532,0.0018572703702375293,0.014733181335031986,0.007769590709358454
11549_HUqaEI0dweE_23_2_label_fake.npz,Fake,Real,0.04736683037261855,0.06289156526327133,0.15767790377140045,3.6992781815570197e-07,0.012124315835535526,0.004139997065067291
26435-wnwjcJfC-1U_81_1_label_fake.npz,Fake,Real,0.20213674652995633,0.4367489814758301,0.012590259313583374,2.4051451941176083e-09,0.11624984443187714,0.44509464502334595
VuJbzKpbIVk_9_2--28697-lSCTGJbObOg_189_3_label_fake.npz,Fake,Real,0.2660429272800684,0.13074569404125214,0.21473385393619537,0.0029329638928174973,0.9275529384613037,0.05424918606877327
28366_I5oeY5O5oJI_59_5_label_fake.npz,Fake,Real,0.14575915492605418,0.081367127597332,0.1279473900794983,0.0015973601257428527,0.4465492069721222,0.07133468985557556
90_dcvbo-RdeWw_1_33_label_fake.npz,Fake,Real,0.3038759946830104,0.22586221992969513,0.0915447324514389,3.4919794920235114e-12,0.948789119720459,0.25318390130996704
11633-6w9ikJPzTOA_30_1_label_fake.npz,Fake,Real,0.0744782181456685,0.07170851528644562,0.09829837828874588,0.15400972962379456,0.014679213054478168,0.03369525447487831
496__LL3BSLGscY_0_1-batch-2025-02-06-13-00-20-307_label_fake.npz,Fake,Real,0.2050712169731269,0.6062840819358826,0.06768926233053207,7.572819038514922e-10,0.03819853812456131,0.3131842017173767
438_2gOvQIMWbCY_41_3_audio_short_512x512_1_0732_withaudio_label_fake.npz,Fake,Real,0.05574666706255585,0.08460085839033127,0.15455316007137299,4.171099021732516e-07,0.01732582040131092,0.02225307933986187
14930-JJPfmH5r99k_28_1_label_fake.npz,Fake,Real,0.28760912716388704,0.07018835842609406,0.3245358169078827,0.9977826476097107,0.019936980679631233,0.025601832196116447
3845-A-BRu8z7ztk_0_1_label_fake.npz,Fake,Real,0.050147084167110736,0.11211631447076797,0.004629030358046293,7.118341454770416e-05,0.029413316398859024,0.10450557619333267
_OpXjs-PM8M_2_202_18_label_fake.npz,Fake,Real,0.03551768959925414,0.06462660431861877,0.0305949654430151,6.784201672660473e-11,0.05811724066734314,0.024249637499451637
13924-cbtkoZUOR1A_109_11_label_fake.npz,Fake,Real,0.20803114602313144,0.25067138671875,0.4328869879245758,4.840912151848897e-05,0.03969533368945122,0.3168536126613617
23321_lSCTGJbObOg_188_5_label_fake.npz,Fake,Real,0.08372395459268772,0.059132471680641174,0.31585320830345154,7.612018180225277e-07,0.04262254014611244,0.0010107916314154863
15759-3NYH-zyIfZY_11_1_label_fake.npz,Fake,Real,0.23447998538613324,0.12482678145170212,0.18832509219646454,0.7168569564819336,0.10280215740203857,0.039588939398527145
025_61e2c5e5_c-3fX59C_BU_0_242-batch-2025-02-06-00-06-46-77_label_fake.npz,Fake,Real,0.11379127874694178,0.1070115715265274,0.01836378686130047,8.007992846614798e-08,0.09741219878196716,0.34616875648498535
59376_Mb-ynUI4Me4_65_2_audio_short_512x512_1_0933_withaudio_label_fake.npz,Fake,Real,0.04877716395335484,0.04811869189143181,0.15770553052425385,1.0179021501244279e-06,0.03142651170492172,0.006634067744016647
14002.png_eWj2-6q2ybk_258_2_label_fake.npz,Fake,Real,0.020519612710648973,0.07066037505865097,0.011643633246421814,1.1306119063192455e-07,0.012712374329566956,0.007581567857414484
V7xSEBur89E_6_837_321_label_fake.npz,Fake,Real,0.22570870271883908,0.125168576836586,0.7398338317871094,0.000735374866053462,0.07168348133563995,0.19112224876880646
-19DTZ6_d6U_596_1_label_real.npz,Real,Real,0.03730004112003384,0.10848676413297653,0.0007795513956807554,6.544339604329071e-16,0.054404471069574356,0.022829419001936913
25241.png_jyXGeTx0ttw_461_4_label_fake.npz,Fake,Deepfake,0.5502931335750774,0.5179669260978699,0.786631166934967,4.926500452029359e-08,0.8989766240119934,0.5478909015655518
2096-Uk6sPnRL0WQ_10_1_label_fake.npz,Fake,Real,0.07354999456147199,0.05740605667233467,0.2969529330730438,4.107903805561364e-06,0.009795053862035275,0.0035918212961405516
8624_d2om_PGtwWY_35_1_label_fake.npz,Fake,Real,0.04545059124939144,0.06130177900195122,0.06359651684761047,0.08655358850955963,0.013330466113984585,0.0024706057738512754
27268.png_30CXCDECyG4_1080p_82_1_label_fake.npz,Fake,Real,0.07762604392862614,0.12889908254146576,0.02727387472987175,9.704280046207714e-07,0.032542455941438675,0.19941383600234985
28737_HUqaEI0dweE_14_1_label_fake.npz,Fake,Real,0.2584747735410929,0.21973657608032227,0.03676553815603256,0.9430131912231445,0.01941443420946598,0.07344412803649902
090_8252f095-y9BVPefouIs_2540_5_label_fake.npz,Fake,Deepfake,0.4531098629441828,0.6613003611564636,0.21321989595890045,3.5534648645807465e-07,0.7681649923324585,0.6228637099266052
16840-1Ws3w_ZOmhI_54_1_label_fake.npz,Fake,Real,0.11789223412051797,0.2186945378780365,0.010265704244375229,0.002936047036200762,0.19888775050640106,0.1586771309375763
19645-2Ny5UJLpoxg_22_1_label_fake.npz,Fake,Real,0.23013272103853524,0.1095937043428421,0.002578657353296876,0.9698558449745178,0.03742597624659538,0.031209422275424004
434_XblD1mtXBWY_139_7_512x512_1_1647_withaudio_label_fake.npz,Fake,Real,0.25781438741832974,0.06919524818658829,0.17808273434638977,0.9984269142150879,0.036201633512973785,0.007165406830608845
45077_NHVXgWJiIcs_26_2_label_fake.npz,Fake,Real,0.026814424987242097,0.08505906164646149,0.007543894462287426,9.400674753123894e-05,0.01046726293861866,0.030907899141311646
65613_30a4OlkenNU_4_1_audio_short_512x512_1_0732_withaudio_label_fake.npz,Fake,Real,0.07585052629001438,0.07319000363349915,0.04591425880789757,0.19405539333820343,0.06436050683259964,0.0017324688378721476
18013_MATJqR93d5I_47_8_audio_short_512x512_1_0557_withaudio_label_fake.npz,Fake,Real,0.03550777699565515,0.06266352534294128,0.0867176204919815,1.7859216313809156e-05,0.01849801279604435,0.009641867130994797
-19DTZ6_d6U_833_24_label_real.npz,Real,Real,0.32213055315660316,0.46626511216163635,0.12712660431861877,0.0005227537476457655,0.1765803098678589,0.8401579856872559
J_ComKnl1hk_2_40_label_real.npz,Real,Real,0.024199520098059337,0.08116956055164337,0.0021801351103931665,6.933294677312699e-14,0.00967906229197979,0.027968842536211014
01412_X05-4iCBHC8_audio_3_label_fake.npz,Fake,Real,0.2339617613237351,0.07120766490697861,0.09320511668920517,0.9912693500518799,0.010737340897321701,0.003389334073290229
t58wNtkkXkw_0_1_label_real.npz,Real,Real,0.1650611569042798,0.10866274684667587,0.1985611617565155,4.00243338471995e-10,0.5052449107170105,0.012836964800953865
PqumaD82tcI_300_5_label_real.npz,Real,Real,0.05111736292019487,0.08046114444732666,0.14865794777870178,0.008258621208369732,0.0104186637327075,0.007790437433868647
6417-6QjWo7-Mn3o_53_2_label_fake.npz,Fake,Deepfake,0.4692873289927114,0.28240278363227844,0.938143789768219,2.5204951015211918e-08,0.9206401705741882,0.2052498757839203
912-uRSmuuXg7hI_115_4_label_fake.npz,Fake,Real,0.3124387879775896,0.3342072069644928,0.37722858786582947,2.3076736397342756e-05,0.7416495084762573,0.1090855598449707
010_18d7b27c-KKeGv-ny-kY_375_1_label_fake.npz,Fake,Deepfake,0.4320012794168179,0.625165581703186,0.07605798542499542,6.2367475948121864e-06,0.6195048689842224,0.8392717242240906
064_898b4b7e-9ztkB7gr8po_2_15_label_fake.npz,Fake,Real,0.19742730111207027,0.3218502700328827,0.11788298934698105,1.616557929184914e-11,0.11126154661178589,0.436141699552536
145_e968cdd5.jpg_eWj2-6q2ybk_224_1_label_fake.npz,Fake,Real,0.03292919373526502,0.1349572241306305,0.0038273788522928953,1.0428090035929927e-07,0.017773522064089775,0.00808773934841156
38114.png_DOpN7bVauzY_3696_1_label_fake.npz,Fake,Real,0.28932187454774977,0.2668205201625824,0.012239515781402588,0.004542226437479258,0.8424079418182373,0.32059916853904724
7893-pOdIn86ZM1E_59_1_label_fake.npz,Fake,Deepfake,0.3553240060806274,0.26179471611976624,0.284091979265213,0.9183863401412964,0.1000131219625473,0.21233387291431427
PgfPJgJz7Pg_3_1_label_real.npz,Real,Real,0.03147649617494608,0.07802506536245346,0.04552039876580238,2.6772804631036706e-05,0.02355003170669079,0.010260212235152721
28305-A-BRu8z7ztk_24_1_label_fake.npz,Fake,Real,0.01761189969260947,0.06732833385467529,0.0035108192823827267,2.21326957954536e-13,0.011204113252460957,0.006016232073307037
47742.png_f_0r2adEZfw_0_3_label_fake.npz,Fake,Deepfake,0.5845516681671145,0.40324902534484863,0.9677102565765381,8.241605695191517e-16,0.9660042524337769,0.5857948064804077
21980-I5oeY5O5oJI_56_7_label_fake.npz,Fake,Real,0.11068403619865423,0.0795193538069725,0.4067320227622986,6.299333472270519e-05,0.05883895233273506,0.008266858756542206
19954-Lcbr99pQZOU_61_2_label_fake.npz,Fake,Real,0.08288239541041059,0.13800065219402313,0.12054498493671417,7.569154192310634e-09,0.07175667583942413,0.08410965651273727
16263-M-3HEJpdx2I_1_4_label_fake.npz,Fake,Real,0.06114811971783638,0.07187303900718689,0.1680402308702469,0.03716791421175003,0.016010599210858345,0.012648815289139748
wdNhtZOGxBw_17_1_25fps--203_28Z-aq2wk60_audio_2_19_label_fake.npz,Fake,Real,0.14488885737955573,0.4679187834262848,0.024210700765252113,4.463198397871911e-21,0.081524558365345,0.1507902443408966
QCAqiTH6B4U_1080p_96_4_25fps--50450_UzfVjgZKjro_1080p_61_1_25fps_label_fake.npz,Fake,Real,0.24070547990995694,0.4646322727203369,0.11594678461551666,7.421637565130368e-05,0.016064509749412537,0.6068096160888672
AbpNlshqtJc_58_3_label_real.npz,Real,Deepfake,0.42376616857945926,0.49769479036331177,0.026293886825442314,0.9992150068283081,0.32233482599258423,0.27329233288764954
084_4876da64-1aIMkhQHGO0_25_2_label_fake.npz,Fake,Real,0.18841016890709356,0.43781113624572754,0.37354815006256104,1.0454440785290231e-10,0.07792660593986511,0.052764952182769775
_pWENLj5I-8_1080p_77_2_label_real.npz,Real,Real,0.28069434911012653,0.29832175374031067,0.029921237379312515,0.7623716592788696,0.05024120584130287,0.2626158893108368
20207-K6rSVoAakQ8_25_1_label_fake.npz,Fake,Real,0.083089130371809,0.06937585771083832,0.02728288434445858,0.26884549856185913,0.023665916174650192,0.026275495067238808
3772-I2s4msDXNgw_61_1_label_fake.npz,Fake,Deepfake,0.47240685671568583,0.6325798630714417,0.08741607517004013,3.282573526690834e-14,0.9495346546173096,0.6925036907196045
083_16b5e7ab_62ywI44YAxQ_72_1-batch-2025-02-06-00-06-46-11_label_fake.npz,Fake,Deepfake,0.42902868390103477,0.46663323044776917,0.6500849723815918,1.0082541355635466e-12,0.6877503991127014,0.34067481756210327
c-3fX59C_BU_0_257--p6na9crjELc_73_8_43_label_fake.npz,Fake,Real,0.021974891758873127,0.07401546835899353,0.007979274727404118,3.540496982168406e-05,0.01641302928328514,0.011431281454861164
459__7KzTzpF6Ng_audio_3_65_label_fake.npz,Fake,Real,0.032095857337117194,0.07854640483856201,0.04122720658779144,1.4161786470789241e-21,0.017333218827843666,0.023372456431388855
PXdPmUJN6k0_79_5_label_real.npz,Real,Real,0.3053015010780655,0.575474739074707,0.024861419573426247,4.687829641625285e-05,0.17732341587543488,0.748801052570343
068_a703f85f.jpg_xQvhp_EZ8CE_88_1_label_fake.npz,Fake,Real,0.11386579075502565,0.2168440818786621,0.0659390464425087,4.919728180396987e-09,0.0234987810254097,0.2630470395088196
cZ_DoJj9PXQ_27_2--oTElQFuLr7o_89_47_117_label_fake.npz,Fake,Real,0.22632084637880326,0.2505745589733124,0.3812790811061859,0.3004731833934784,0.01719679683446884,0.18208061158657074
77_H_c_crxV9O8_21_1_audio_short_512x512_1_0933_withaudio_label_fake.npz,Fake,Real,0.0412376964233772,0.0651969462633133,0.11866028606891632,9.90519856713945e-06,0.01943836733698845,0.0028829772491008043
160_GNkwgfQFj60_1_17_512x512_1_0533_withaudio_label_fake.npz,Fake,Real,0.03593192190295085,0.07498752325773239,0.0445619635283947,3.2428186358401945e-08,0.05183350294828415,0.008276587352156639
SNHUu7YkNjA_131_1--18871-d2om_PGtwWY_0_1_label_fake.npz,Fake,Real,0.09571424301248044,0.09629494696855545,0.25483638048171997,0.00026090757455676794,0.10351783037185669,0.02366114966571331
mHii80xikXs_3931_1_label_real.npz,Real,Real,0.12277482412794685,0.08955876529216766,0.10197775810956955,1.9597535400039945e-12,0.3949083387851715,0.027429258450865746
KNktDoYajMk_154_1_label_real.npz,Real,Real,0.026040601974074918,0.08364559710025787,0.0072048744186758995,5.875254061038504e-09,0.019010143354535103,0.02034238912165165
068_b778f382.jpg_1P9nl9tBK38_595_2_label_fake.npz,Fake,Real,0.12576246741227806,0.1798917055130005,0.060196660459041595,0.0013298334088176489,0.11405391246080399,0.27334022521972656
irlH4e-dbYc_76_2_label_real.npz,Real,Real,0.2946631506085401,0.30260542035102844,0.08919129520654678,2.7167785572211264e-15,0.7160071730613708,0.36551186442375183
9ztkB7gr8po_2_9_label_real.npz,Real,Real,0.019982483673857132,0.0773925930261612,0.004768148064613342,3.47973787029332e-06,0.011670074425637722,0.006078123115003109
27813_TXf3uH5YqM4_86_7_label_fake.npz,Fake,Real,0.02698898386624933,0.07695180177688599,0.012334780767560005,1.819508361222688e-05,0.03432260826230049,0.011317533440887928
mHii80xikXs_4067_1_label_real.npz,Real,Real,0.256711595878005,0.3833884000778198,0.024267418310046196,0.4396393895149231,0.21631915867328644,0.21994361281394958
IuETaGhSEbE_57_1_label_real.npz,Real,Real,0.14784976770170033,0.09250660240650177,0.295349657535553,0.0003642647061496973,0.32519736886024475,0.025830945000052452
27379-Ft9uf9w3QVA_115_1_label_fake.npz,Fake,Real,0.3030516657978296,0.16724681854248047,0.06552403420209885,0.9918436408042908,0.014513397589325905,0.27613043785095215
11748-I5oeY5O5oJI_31_3_label_fake.npz,Fake,Real,0.04788864051025711,0.07430437952280045,0.14089687168598175,4.4522045072881156e-07,0.012120152823626995,0.012121353298425674
HxK1gx2jKVU_1080p_69_13_424_label_fake.npz,Fake,Real,0.032615084457211195,0.07934647053480148,0.056742336601018906,0.0013968663988634944,0.021074390038847923,0.004515358712524176
076_d4ee20ae.jpg_6l6NFBuOYjk_159_1_label_fake.npz,Fake,Real,0.25799645067502297,0.5713834762573242,0.08571567386388779,1.9526726191543275e-07,0.18722058832645416,0.44566231966018677
Nz7QfvnRkuE_53_8--2NlEdgEI_mc_50_3_147_label_fake.npz,Fake,Real,0.08069783828650542,0.199359729886055,0.09647837281227112,1.5840281776036136e-05,0.0763101875782013,0.03132506087422371
4445-wGcqFV_alDk_84_1_label_fake.npz,Fake,Real,0.12006683115461811,0.21599240601062775,0.32638052105903625,3.113346025429564e-08,0.0229122806340456,0.035048916935920715
3392-Uk6sPnRL0WQ_100_2_label_fake.npz,Fake,Real,0.32856469880789513,0.06918758898973465,0.5468495488166809,0.9998636245727539,0.017578523606061935,0.009344208054244518
6185-3U4D77IB-j8_125_1_label_fake.npz,Fake,Real,0.16737847146655405,0.21280427277088165,0.09804700314998627,2.0725790861320093e-08,0.16653335094451904,0.3595077097415924
23038-sr3AvToIzJo_40_2_label_fake.npz,Fake,Real,0.12121713642300164,0.13238714635372162,0.18085062503814697,8.082151907728985e-07,0.03082064352929592,0.26202645897865295
24245_CV1yPkkUFOw_35_1_audio_short_512x512_1_0732_withaudio_label_fake.npz,Fake,Real,0.019592310418374836,0.07196222245693207,0.001348355202935636,0.0003209600690752268,0.02139085717499256,0.00293915718793869
4276-0-kY_RQxuc0_119_1_label_fake.npz,Fake,Real,0.24842785140499474,0.16910730302333832,0.007773022633045912,0.9909646511077881,0.053393036127090454,0.02090124413371086
knT_9_p8480_4_4_label_real.npz,Real,Real,0.033751973494509,0.0650385394692421,0.05928625166416168,1.794464697013609e-05,0.024552304297685623,0.019864827394485474
054_5a9566eb-PHMafVnjks8_228_1_label_fake.npz,Fake,Real,0.2824218504130841,0.5940598845481873,0.3371739089488983,0.006783429533243179,0.10813408344984055,0.36595794558525085
363_ypMVswItFWI_10_1_512x512_1_0533_withaudio_label_fake.npz,Fake,Real,0.03402132572955452,0.08021510392427444,0.04656011238694191,0.0001292421657126397,0.03777540102601051,0.005426769144833088
018_a532251b.jpg_0bjXpiZCdUQ_36_1_label_fake.npz,Fake,Deepfake,0.6941007852554321,0.5655919313430786,0.9842553734779358,0.4351833462715149,0.9252275824546814,0.56024569272995
81-_sAbvloLTNQ_1511_1_label_fake.npz,Fake,Deepfake,0.364082170078467,0.8803346753120422,0.0014447440626099706,1.7956332953872334e-07,0.10950542986392975,0.8291258215904236
24256-2CnzI8vny3c_136_3_label_fake.npz,Fake,Real,0.3122003292766749,0.2863996922969818,0.000731279666069895,5.6204844440799206e-05,0.9154370427131653,0.3583774268627167
lkMV6SxilXc_94_11--14602-itFwx1CZM9I_99_2_label_fake.npz,Fake,Real,0.059251632541418076,0.07902751117944717,0.1428374946117401,0.049567338079214096,0.012225320562720299,0.012600498273968697
trimmed_X8GFKxOk7Jg_13_1--j3QtlhvoeEU_890_2_62ywI44YAxQ_26_2_25fps_25fps_label_fake.npz,Fake,Real,0.3319511867593974,0.7133428454399109,0.4784579575061798,0.0022167449351400137,0.3325881361961365,0.13315024971961975
498_DR5IQXWY_uA_193_1-batch-2025-02-05-13-35-36-124_label_fake.npz,Fake,Real,0.04364587106191245,0.12019367516040802,0.010889376513659954,8.400933282359802e-09,0.01061101071536541,0.07653528451919556
12838_NduDs59WZqU_136_1_label_fake.npz,Fake,Real,0.02606221451859767,0.06928588449954987,0.019225459545850754,6.541043262586754e-09,0.03864669427275658,0.0031530277337878942
ILR3cxYpjUk_1342_1_label_real.npz,Real,Real,0.04066210724419549,0.10820670425891876,0.0466090552508831,3.077014012510537e-13,0.03906998783349991,0.009424788877367973
0__OpXjs-PM8M_2_89_512x512_1_0112_withaudio_label_fake.npz,Fake,Real,0.022287086491885526,0.07625937461853027,0.007208832539618015,6.719153445439163e-12,0.02551914192736149,0.0024480833671987057
27492-TXf3uH5YqM4_86_7_label_fake.npz,Fake,Real,0.028064200971948595,0.0690215602517128,0.010336621664464474,1.7589923118066508e-06,0.01001688465476036,0.05094417929649353
04925.png_Du1SKO_ri4w_85_86_label_fake.npz,Fake,Deepfake,0.3754246065858752,0.5900924801826477,0.35284316539764404,0.0011535633821040392,0.28785043954849243,0.6451833844184875
wnwjcJfC-1U_72_5--27367-awNrju1X3zc_49_1_label_fake.npz,Fake,Deepfake,0.49498029761016377,0.5791730284690857,0.020454218611121178,0.999984622001648,0.2467210292816162,0.6285685896873474
Jy-bPwwFxhk_33_2--gc8LE2PP3hM_98_1_499_label_fake.npz,Fake,Real,0.02248810222374597,0.0799880251288414,0.004431271459907293,1.0919342958038564e-13,0.015446037985384464,0.012575176544487476
396_pNogULi28gs_87_3_audio_short_512x512_1_1655_withaudio_label_fake.npz,Fake,Real,0.01958574173908323,0.06739924848079681,0.006871950812637806,5.864147833989364e-09,0.018948111683130264,0.004709391854703426
jXf9d1xHO34_1080p_119_7_label_real.npz,Real,Real,0.21930381171405317,0.07928464561700821,0.036069173365831375,0.9536650776863098,0.014227534644305706,0.013272627256810665
15488-ezja7-YQ72g_63_6_label_fake.npz,Fake,Deepfake,0.6397923260927201,0.8567355275154114,0.19168585538864136,0.21631135046482086,0.9537578225135803,0.9804710745811462
043_77e393de_EKwa4XXZdPE_49_1_label_fake.npz,Fake,Deepfake,0.4007423446348185,0.8188002705574036,0.03617580980062485,1.040139341057511e-05,0.35916081070899963,0.7895644307136536
077_08ff1da6_8gqupeY6HmM_0_191_label_fake.npz,Fake,Deepfake,0.37585669765096785,0.5132923126220703,0.0237542986869812,4.580557044775446e-10,0.9707330465316772,0.3715038299560547
112_710c6176.jpg_dTeNSc1Sp28_2_6_label_fake.npz,Fake,Real,0.023647036589682105,0.07139337062835693,0.006574110593646765,0.009480835869908333,0.02654130384325981,0.0042455620132386684
jk5auOLLvks_469_2_576_label_fake.npz,Fake,Real,0.02449901681393385,0.07010480016469955,0.012243091128766537,0.02077649161219597,0.013022806495428085,0.0063478946685791016
hNA8I-JU3eg_22_4--19742-Uk6sPnRL0WQ_163_6_label_fake.npz,Fake,Real,0.2806905649602413,0.18595705926418304,0.0811021476984024,0.999991774559021,0.029097553342580795,0.10730428993701935
415.png_1P9nl9tBK38_688_1_label_fake.npz,Fake,Real,0.036862813564948735,0.11171314865350723,0.0012073622783645988,2.792648020331971e-20,0.038754623383283615,0.03263893350958824
O0nL5vRlcfk_149_3_label_real.npz,Real,Real,0.06516972776169042,0.23454585671424866,0.03233814612030983,1.8326398958379286e-06,0.019052397459745407,0.03991040587425232
24951-TalBZ9_fmQk_11_1_label_fake.npz,Fake,Real,0.16780390636995438,0.0717109888792038,0.25691279768943787,0.4874142110347748,0.0168124008923769,0.0061691333539783955
1253-3U4D77IB-j8_105_2_label_fake.npz,Fake,Deepfake,0.37620520422678966,0.4811404347419739,0.13332423567771912,1.8796812582877465e-05,0.5135236978530884,0.753018856048584
317-cHjvhDTfItA_17_2_label_fake.npz,Fake,Real,0.08439895805231572,0.12742024660110474,0.21631303429603577,4.526054453890538e-06,0.041043221950531006,0.0372137613594532
17588_O1JxQ9OyJRQ_105_2_label_fake.npz,Fake,Real,0.08015693826363234,0.06612181663513184,0.2887136936187744,1.3851001456899326e-09,0.02410348318517208,0.02184569649398327
491_oeyLwy8sJhA_2_1-batch-2025-02-06-13-00-20-244_label_fake.npz,Fake,Deepfake,0.3525341511747684,0.4799850881099701,0.6536271572113037,8.811105362838134e-05,0.20586849749088287,0.42310190200805664
18072_lSCTGJbObOg_0_1_label_fake.npz,Fake,Real,0.08056735377758742,0.06512091308832169,0.11862224340438843,0.0037482487969100475,0.21049833297729492,0.004847030621021986
29046-jud_SnwcvFc_10_2_label_fake.npz,Fake,Real,0.13212042301893234,0.09448258578777313,0.03577097877860069,0.4634411931037903,0.013942882418632507,0.0529644750058651
7ZVu5N4gOgY_63_2--29317-TXf3uH5YqM4_76_1_label_fake.npz,Fake,Deepfake,0.46216990158427507,0.4182586371898651,0.0010359786683693528,0.8708656430244446,0.9267429113388062,0.09394633769989014
496_sba-i5-e3WY_3816_1-batch-2025-02-06-13-00-20-320_label_fake.npz,Fake,Deepfake,0.4457363665563495,0.7902016639709473,0.01595206931233406,1.1405662192487398e-08,0.7522429823875427,0.6702851057052612
311_IcZtHIN331g_label_fake.npz,Fake,Real,0.07870763614820736,0.07412678003311157,0.30312368273735046,2.3493013090458703e-12,0.01176883839070797,0.0045188795775175095
02357_lqKZS1uYfro_89_11_label_fake.npz,Fake,Real,0.10592686244581274,0.07015533000230789,0.4023653566837311,3.032354470633436e-06,0.051176417618989944,0.005934175569564104
084_96ce3be4-XwfJa1b4KOk_67_1_label_fake.npz,Fake,Deepfake,0.38733209241763694,0.6948327422142029,0.15021570026874542,0.00016928560216911137,0.8017275929450989,0.28971514105796814
292.png_J_ComKnl1hk_7_27_label_fake.npz,Fake,Real,0.029333916213363412,0.08562882989645004,0.04083040729165077,1.144193198256729e-17,0.013677430339157581,0.006532913539558649
O0nL5vRlcfk_478_1--XblD1mtXBWY_160_1_231_label_fake.npz,Fake,Real,0.3155127830803394,0.1739806979894638,0.31867510080337524,0.9909569621086121,0.0520331934094429,0.041917961090803146
NEEN8fSBuWI_302_1_467_label_fake.npz,Fake,Real,0.02679934054995101,0.07213379442691803,0.04471948370337486,1.8251785149914213e-06,0.013331682421267033,0.0038099170196801424
227_p6na9crjELc_141_6-batch-2025-02-04-10-00-57-87_label_fake.npz,Fake,Real,0.02808457477192405,0.07846714556217194,0.0331072099506855,3.6294511573942145e-07,0.02111698128283024,0.007731174118816853
27251-0-BD5WJ_hBk_112_1_label_fake.npz,Fake,Real,0.09384375943709529,0.11879055947065353,0.08719219267368317,4.1305506783828605e-06,0.05528145655989647,0.20795045793056488
kCudFI4tcpg_23_1--10278-ADTwFvHACE4_15_3_label_fake.npz,Fake,Real,0.3043441634596093,0.709868848323822,0.01125131081789732,1.514980976935476e-05,0.5323489904403687,0.26823651790618896
29745-3U4D77IB-j8_58_1_label_fake.npz,Fake,Real,0.0933537807315588,0.07943864911794662,0.31309399008750916,0.019291624426841736,0.04315348342061043,0.011791156604886055
zpEUWKUUxdY_46_5--J_ComKnl1hk_6_29_424_label_fake.npz,Fake,Real,0.1749033076425434,0.2612462639808655,0.03938203305006027,1.2745958599680307e-07,0.5579723715782166,0.01591574214398861
19285_MqXRaJQsvxY_71_2_label_fake.npz,Fake,Real,0.025299798438214796,0.06999432295560837,0.037868574261665344,1.30487052274475e-07,0.01323994155973196,0.00539602292701602
111_Du1SKO_ri4w_48_179_512x512_1_1803_withaudio_label_fake.npz,Fake,Real,0.03897724405978807,0.07351987808942795,0.09419771283864975,0.0001893342996481806,0.021341323852539062,0.005637971218675375
29317-ybfyLfI5Ml0_52_1_label_fake.npz,Fake,Real,0.060306185079116406,0.07666491717100143,0.15426605939865112,2.2406006792152766e-06,0.04942632466554642,0.021171383559703827
1040-Uk6sPnRL0WQ_116_2_label_fake.npz,Fake,Real,0.31260420456528665,0.1594245284795761,0.29048609733581543,0.9290422797203064,0.039406586438417435,0.1446615308523178
273_Ft9uf9w3QVA_61_1_audio_short_512x512_1_0944_withaudio_label_fake.npz,Fake,Real,0.031248874124142505,0.04382169991731644,0.09215357899665833,1.4759582987224074e-14,0.015792259946465492,0.0044768317602574825
J_ComKnl1hk_6_30_label_real.npz,Real,Real,0.019736003862635697,0.0700729638338089,0.01364644430577755,8.067761518759653e-05,0.010219157673418522,0.004660775884985924
144_5z_krRwSyt8_15_3_audio_short_512x512_1_0732_withaudio_label_fake.npz,Fake,Real,0.05068141967988009,0.0745711624622345,0.14570358395576477,4.6491310801144436e-11,0.0280739888548851,0.005058363080024719
7272-IU0Zy67ZLpU_79_1_label_fake.npz,Fake,Deepfake,0.6762525100520108,0.848871648311615,0.8452149629592896,6.904743798941126e-08,0.7198907136917114,0.96728515625
051_2aace444-PXdPmUJN6k0_74_47_label_fake.npz,Fake,Deepfake,0.40317969800926223,0.3929101526737213,0.0019006929360330105,1.7617085177334957e-05,0.9292886853218079,0.6917813420295715
21260-TDDNxuR1zs8_104_4_label_fake.npz,Fake,Real,0.15612215606961402,0.2269151210784912,0.001815051888115704,0.00014224089682102203,0.42014938592910767,0.13158898055553436
03732.png_UzfVjgZKjro_1080p_89_5_label_fake.npz,Fake,Real,0.09030069061032009,0.08084403723478317,0.1580611765384674,3.318509016025928e-06,0.025613928213715553,0.1869809925556183
29307-Uk6sPnRL0WQ_77_3_label_fake.npz,Fake,Real,0.10067401648282176,0.07557223737239838,0.390758216381073,1.2515443792437964e-08,0.029324255883693695,0.007715360261499882
47_xIUOSE2Nnqw_51_3_audio_short_512x512_1_0557_withaudio_label_fake.npz,Fake,Real,0.02468813919572641,0.07626432925462723,0.02724575623869896,5.208498216058288e-11,0.012920303270220757,0.007010307163000107
398_p6na9crjELc_141_6-batch-2025-02-04-10-00-57-153_label_fake.npz,Fake,Real,0.027097272073729074,0.07648970931768417,0.0331072099506855,3.6294511573942145e-07,0.018781067803502083,0.007108010351657867
14661-Lcbr99pQZOU_131_4_label_fake.npz,Fake,Real,0.1592941075563431,0.15045808255672455,0.2361406683921814,0.23126105964183807,0.042368084192276,0.13624264299869537
131_8HCQWjytx_I_199_12_512x512_1_0112_withaudio_label_fake.npz,Fake,Real,0.021643158345250418,0.07466231286525726,0.009786463342607021,0.0004765883495565504,0.01980307325720787,0.0034873539116233587
094_6aec42c7.jpg_P4o9TZ36Xj8_0_1_label_fake.npz,Fake,Real,0.04906629415927455,0.1673477739095688,0.008227813988924026,0.0006678839563392103,0.024364909157156944,0.044723089784383774
u6akTRg2ecw_52_1--28660-6w9ikJPzTOA_9_1_label_fake.npz,Fake,Deepfake,0.5702087730169296,0.46813681721687317,0.1413055807352066,0.9999938011169434,0.6883911490440369,0.5532165169715881
13264-rMLfEL02QeY_0_2_label_fake.npz,Fake,Real,0.15686016030958855,0.09704209864139557,0.6149612665176392,0.00035557078081183136,0.015266304835677147,0.056675560772418976
2463-LPW5Zx3ntZo_83_2_label_fake.npz,Fake,Real,0.209731390979141,0.3564545512199402,0.32812434434890747,0.004312410484999418,0.21035079658031464,0.14941485226154327
9543-0-BD5WJ_hBk_162_1_label_fake.npz,Fake,Real,0.13028887109830975,0.10683973133563995,0.08573887497186661,0.007020662073045969,0.036293335258960724,0.4155517518520355
005_582c121a-oDO5ZDLTpaw_32_1_label_fake.npz,Fake,Real,0.2040013310251723,0.3456711769104004,0.005861727520823479,3.417779947945121e-10,0.2646022439002991,0.4038715064525604
01650_ha96Xj9FAT0_audio_3_label_fake.npz,Fake,Deepfake,0.38233586307615036,0.07948074489831924,0.810045599937439,0.9699665307998657,0.04386935010552406,0.008317089639604092
t86T9sem8EM_417_1_label_real.npz,Real,Real,0.10312109533697367,0.07095620781183243,0.40209996700286865,0.007440776564180851,0.025432119145989418,0.009676406159996986
16478-9pQuS1hCm04_5_33_label_fake.npz,Fake,Deepfake,0.5225864823907614,0.7180290818214417,0.0018019359558820724,8.368737796687201e-17,0.9605673551559448,0.9325340390205383
14297-I1ouTj1BQec_128_2_label_fake.npz,Fake,Deepfake,0.4253163232992222,0.4581671953201294,0.3708907961845398,3.350725421569223e-07,0.8854561448097229,0.41206714510917664
14660_Ip7cs1D5tTQ_90_1_label_fake.npz,Fake,Real,0.0483823661399636,0.06529928743839264,0.16050662100315094,8.642835058747522e-11,0.013318485580384731,0.002787436591461301
12997-dcdBqR1XoCA_64_1_label_fake.npz,Fake,Real,0.20537410496872327,0.14795474708080292,0.00868167169392109,1.9926910681533627e-05,0.7287639379501343,0.14145024120807648
uHOEHOoQCWA_48_1_label_real.npz,Real,Real,0.1706385657191277,0.16844254732131958,0.11572347581386566,0.33224496245384216,0.10781268030405045,0.12896916270256042
089_152cf5f6_jbx2IjXBmWA_14_3_label_fake.npz,Fake,Deepfake,0.6404327332973481,0.3293478786945343,0.8564875721931458,0.9999837875366211,0.33371323347091675,0.6826311945915222
J_ComKnl1hk_4_101_label_real.npz,Real,Real,0.03514372962526977,0.09026828408241272,0.010034234263002872,0.0034067172091454268,0.018499555066227913,0.05350985750555992
yD5Beb8GcQw_11_1--yml5GgOFz1I_38_1_539_label_fake.npz,Fake,Deepfake,0.38458788991004883,0.7968625426292419,0.02014283835887909,1.5228437000996964e-12,0.9382097125053406,0.1677243560552597
058_02860eff.jpg_inQaPF2YoNw_200_1_label_fake.npz,Fake,Real,0.0535677962729881,0.0744461789727211,0.15178334712982178,3.623712718781036e-10,0.01683811843395233,0.02477133646607399
18600_zpEUWKUUxdY_39_8_label_fake.npz,Fake,Real,0.10806898875162005,0.06194854527711868,0.4584752917289734,1.3916149628700074e-27,0.015047349035739899,0.004873757716268301
OprPPstAfSg_6_5_70_label_fake.npz,Fake,Real,0.061617898568511006,0.08986502140760422,0.11591219156980515,0.009736301377415657,0.07013589143753052,0.02244008705019951
030_642eaf93.jpg_DuggBTqO2sc_300_1_label_fake.npz,Fake,Real,0.21109406056671165,0.22434894740581512,0.2724698483943939,1.325617254854805e-10,0.44101881980895996,0.11763268709182739
15284-E1R1P_NyvF8_47_1_label_fake.npz,Fake,Real,0.043190557060916034,0.1469661295413971,0.02100915089249611,4.5370225052465685e-06,0.029741443693637848,0.018231524154543877
8tD-YwT4oAg_664_5_label_real.npz,Real,Deepfake,0.641498202085495,0.4779372811317444,0.9892436265945435,0.08368328213691711,0.7680915594100952,0.8885352611541748
20150-hHYe3O7_TUA_276_1_label_fake.npz,Fake,Deepfake,0.36202462762594223,0.31840234994888306,0.3938537836074829,0.056975118815898895,0.6219842433929443,0.41890764236450195
SzhK7Q-pY0U_1_43_label_real.npz,Real,Real,0.028147583990357817,0.07850085943937302,0.017791593447327614,0.0013368724612519145,0.012990492396056652,0.030118102207779884
44804_HUqaEI0dweE_42_3_audio_short_512x512_1_0944_withaudio_label_fake.npz,Fake,Real,0.07215719055384398,0.06414441764354706,0.15679703652858734,0.11870872229337692,0.016597529873251915,0.004538246430456638
03523_1POFF5RQjyM_label_fake.npz,Fake,Real,0.016326611577324002,0.06134868785738945,0.00047720878501422703,1.2805151072825538e-06,0.013688390143215656,0.0061174905858933926
29891-K6rSVoAakQ8_20_1_label_fake.npz,Fake,Real,0.14308427274227142,0.13372567296028137,0.258083701133728,0.16524267196655273,0.07382620871067047,0.08454310894012451
d2om_PGtwWY_38_1--6180-O1JxQ9OyJRQ_1_3_label_fake.npz,Fake,Real,0.2419158268516185,0.4697670042514801,0.21935497224330902,0.00013674226647708565,0.14910823106765747,0.3712121844291687
rwnnXFpqN5I_357_6_label_real.npz,Real,Real,0.19725862083942047,0.41913658380508423,0.0658084824681282,6.0812290030298755e-05,0.06189683452248573,0.4393903911113739
p-OdFWMl0Ys_58_1_label_real.npz,Real,Real,0.24130519319454607,0.297677218914032,0.2675413489341736,3.123720375697303e-07,0.26541101932525635,0.37589606642723083
468_aEM1s9Saa-g_41_4_512x512_1_1803_withaudio_label_fake.npz,Fake,Real,0.04607811897410272,0.0706058144569397,0.0998983085155487,1.690990387714919e-07,0.05607118085026741,0.0038151219487190247
445_XJmuXrN2cQA_336_12_512x512_1_1647_withaudio_label_fake.npz,Fake,Real,0.055897769774453855,0.07452300935983658,0.07554835081100464,3.4996378017737584e-10,0.12061446160078049,0.008803026750683784
025_61e2c5e5_oeyLwy8sJhA_2_1-batch-2025-02-06-00-06-46-75_label_fake.npz,Fake,Deepfake,0.542389991976961,0.647063672542572,0.6536271572113037,8.811105362838134e-05,0.8971903920173645,0.5139806270599365
kvAP1FcVvBs_0_1--UyNb2ArI768_0_1_37_label_fake.npz,Fake,Real,0.03607000841398076,0.0745374858379364,0.06413667649030685,2.193386308135814e-06,0.028628593310713768,0.013045093044638634
21071-J-vYXU4vqcY_1_1_label_fake.npz,Fake,Real,0.2546048998832703,0.0756455808877945,0.11355479806661606,0.9973894953727722,0.06739936023950577,0.01903526484966278
15736-UI6IKlHh-pQ_20_2_label_fake.npz,Fake,Real,0.025833415180594878,0.0816236138343811,0.0031668173614889383,4.126509800528311e-09,0.030724337324500084,0.013652303256094456
20666-u6akTRg2ecw_0_2_label_fake.npz,Fake,Real,0.06788523875875399,0.1700875461101532,0.03566444292664528,0.00025790411746129394,0.015120072290301323,0.11829622834920883
14463_ADTwFvHACE4_18_1_label_fake.npz,Fake,Real,0.01720647955464496,0.06488033384084702,0.0027679919730871916,4.2665368460426123e-10,0.01413598284125328,0.0042480886913836
8-iiYu7NESU_16_1_25fps--40244_qv45xE78kx0_audio_3_226_label_fake.npz,Fake,Real,0.05780856460332873,0.12686559557914734,0.020012352615594864,7.839539404511296e-17,0.11030702292919159,0.03185785189270973
49434_bM1LXa68oxc_122_2_audio_short_512x512_1_0732_withaudio_label_fake.npz,Fake,Real,0.034447844468581935,0.0685645118355751,0.0876435935497284,1.256948166883376e-06,0.014479161240160465,0.0015506987692788243
8933-LmGz2Hp34l0_12_3_label_fake.npz,Fake,Deepfake,0.43521602451801306,0.43031030893325806,0.43823233246803284,0.2275664210319519,0.191865012049675,0.8881060481071472
21573-1xWUAi4M_Dw_87_1_label_fake.npz,Fake,Real,0.03160437356670381,0.0751810297369957,0.06067485362291336,2.8865874135419745e-09,0.017772657796740532,0.004393323790282011
041_abf5c9cb-tPn6xxmCPxw_30_1_label_fake.npz,Fake,Real,0.27131893634800275,0.7397467494010925,0.45569804310798645,2.0651828771395264e-13,0.031124547123908997,0.13002534210681915
07621.png_tVY44gQSFOA_4_2_label_fake.npz,Fake,Real,0.20277146920659428,0.2367888242006302,0.050111401826143265,4.8817889834740225e-12,0.7119573950767517,0.014999724924564362
O0nL5vRlcfk_149_10_label_real.npz,Real,Real,0.08041433395118178,0.17710217833518982,0.015862196683883667,5.814734110876074e-11,0.19074803590774536,0.018359258770942688
Im_ghczQEPw_52_1--14019-GgCnpDg0jwc_73_1_label_fake.npz,Fake,Real,0.24737475104629994,0.41644880175590515,0.021603943780064583,0.56395423412323,0.055820100009441376,0.17904667556285858
OprPPstAfSg_15_46--O6WbFpXUI0E_376_1_252_label_fake.npz,Fake,Real,0.15309587437659505,0.1640508472919464,0.009691021405160427,0.23036330938339233,0.33473286032676697,0.02664133347570896
15852-Fjbz-Rzmzxw_57_2_label_fake.npz,Fake,Real,0.2943117469549179,0.595554530620575,0.046054333448410034,0.025844618678092957,0.07201370596885681,0.7320915460586548
23126-MOBGaVJH54A_86_1_label_fake.npz,Fake,Real,0.2450638845562935,0.30485448241233826,0.09442828595638275,0.5137254595756531,0.038798533380031586,0.27351266145706177
27298-mXDi_C0yb6A_97_1_label_fake.npz,Fake,Deepfake,0.424393118917942,0.27088579535484314,0.6627093553543091,0.9846929311752319,0.06778500229120255,0.13589251041412354
020_45c8d790_8HCQWjytx_I_177_3_label_fake.npz,Fake,Real,0.029481599159748843,0.06761246919631958,0.047584593296051025,7.686029448450427e-07,0.02149912901222706,0.010711035691201687
055_14a5e7bc.jpg_E7lIbmnQqgU_23_1_label_fake.npz,Fake,Real,0.05276169100325206,0.08192465454339981,0.1395590603351593,5.492817217600532e-05,0.03188732638955116,0.010382485575973988
25714-awNrju1X3zc_21_2_label_fake.npz,Fake,Real,0.0660750812851695,0.1220879927277565,0.004470023792237043,4.0124858730755664e-13,0.03441009670495987,0.16940729320049286
12267-tBI3e4--8Kk_65_1_label_fake.npz,Fake,Real,0.1320571990917402,0.29643306136131287,0.06930160522460938,1.0481860934774545e-09,0.09955728054046631,0.19499404728412628
9DTxDmLwFb8_828_1--cZ_DoJj9PXQ_86_1_6_label_fake.npz,Fake,Real,0.048836381035779385,0.10720588266849518,0.07560739666223526,2.370996732281583e-10,0.027424674481153488,0.03394395112991333
24987-3U4D77IB-j8_78_1_label_fake.npz,Fake,Real,0.16309985965494922,0.2606482207775116,0.2840263247489929,2.2906104638932556e-13,0.03620045632123947,0.23462429642677307
SoI9-PP5Tmk_113_1_label_real.npz,Real,Real,0.2314192750256808,0.1833023577928543,0.006819944828748703,2.0151414048541483e-07,0.7612374424934387,0.2057364284992218
168_J-vYXU4vqcY_12_1_audio_short_512x512_1_0557_withaudio_label_fake.npz,Fake,Real,0.260481847031042,0.06894240528345108,0.2628367841243744,0.9475958347320557,0.019425105303525925,0.0036091057118028402
12306-cbtkoZUOR1A_62_1_label_fake.npz,Fake,Real,0.20056341509653067,0.17447017133235931,0.7077186107635498,4.585615442920243e-06,0.05321054905653,0.06741315871477127
14661-6cKTSj4a8bQ_138_4_label_fake.npz,Fake,Real,0.07980444915592672,0.10873067378997803,0.07176483422517776,0.15225672721862793,0.02977651171386242,0.03649349883198738
jyXGeTx0ttw_16_24_label_real.npz,Real,Deepfake,0.3860605760481121,0.35171177983283997,0.3505558967590332,1.036329376802314e-05,0.8196812272071838,0.4083436131477356
17515_53GIoeOAam4_1_4_label_fake.npz,Fake,Real,0.04475348682851222,0.0949225202202797,0.05918020009994507,6.4149809908542466e-09,0.0471489243209362,0.022515783086419106
52189.png_SzhK7Q-pY0U_1_6_label_fake.npz,Fake,Real,0.04113096278256993,0.1558508723974228,0.014179249294102192,4.809138764300114e-12,0.019746504724025726,0.015878187492489815
20263-XgpdInYDs-U_59_5_label_fake.npz,Fake,Real,0.19618155156979356,0.29553672671318054,0.10316454619169235,3.9961980746738845e-07,0.148574098944664,0.4336319863796234
N-1-cKLUvjg_82_3_25fps--27530_PHMafVnjks8_0_2_25fps_label_fake.npz,Fake,Real,0.26726448424184557,0.8197320103645325,0.15832068026065826,1.8638488530342556e-09,0.07107443362474442,0.2871952950954437
sr3AvToIzJo_85_3_label_real.npz,Real,Real,0.12406765374418391,0.10783922672271729,0.44460612535476685,1.6906673394601057e-08,0.03709208965301514,0.03080081008374691
065_db7b31f5-HxK1gx2jKVU_1080p_18_1_label_fake.npz,Fake,Deepfake,0.5082264650380239,0.6090757250785828,0.023875877261161804,0.00013417925219982862,0.9257835149765015,0.9822630286216736
TkkHKU_lLqU_37_1_737_label_fake.npz,Fake,Real,0.025014165310130922,0.0722610205411911,0.03777201846241951,0.00011049763270420954,0.01147842314094305,0.0034488667733967304
6xWbT6xIeaM_646_1_label_real.npz,Real,Real,0.07387843865346895,0.11376895755529404,0.023720385506749153,4.818385832550121e-07,0.03420589119195938,0.1976964771747589
nBVWOmPTk-4_82_1--JocHmkWdf3A_46_1_198_label_fake.npz,Fake,Real,0.03319589684192188,0.09016069769859314,0.015284406952559948,2.907407647967375e-09,0.03989177942276001,0.02064259722828865
PqumaD82tcI_384_3_label_real.npz,Real,Deepfake,0.39041451325860643,0.44509488344192505,0.060754597187042236,5.505831346397372e-09,0.740807056427002,0.7054160237312317
W8ndzcz359Q_14_22_label_fake.npz,Fake,Real,0.022621095591648557,0.06398721039295197,0.025266291573643684,1.179247419713647e-06,0.011958190239965916,0.011892606504261494
50005.png_QBFIR4ehjNk_6_2_label_fake.npz,Fake,Real,0.3219630092382431,0.09074411541223526,0.1938963234424591,0.9999817609786987,0.21064315736293793,0.11454968899488449
088_1229c0dd_p6na9crjELc_146_1_label_fake.npz,Fake,Real,0.30630342094227675,0.06941720843315125,0.08397156745195389,0.5173617601394653,0.8534950017929077,0.007271566893905401
A0COLvfTyjc_69_1_label_real.npz,Real,Deepfake,0.4133459479621621,0.30530357360839844,0.6393657326698303,1.6441522632248962e-07,0.6224291324615479,0.4996311366558075
180_9X-SE-3CPw4_2745_1-batch-2025-02-03-22-17-41-30_label_fake.npz,Fake,Real,0.09750024378299714,0.1557377129793167,0.05274239927530289,4.1545957936451883e-19,0.07696283608675003,0.20205827057361603
HUqaEI0dweE_57_4_label_real.npz,Real,Real,0.11970152810681613,0.24048197269439697,0.01571439951658249,0.0007344909245148301,0.2523750364780426,0.08920174092054367
11862_I5oeY5O5oJI_53_8_label_fake.npz,Fake,Deepfake,0.39334286237135535,0.06447004526853561,0.8917316794395447,0.9970313310623169,0.010319499298930168,0.0031617567874491215
35491-BGVI996xDLY_208_1_label_fake.npz,Fake,Deepfake,0.5378259559876146,0.8153240084648132,0.0063079590909183025,1.0601640454410699e-08,0.9139140844345093,0.9535837173461914
Ip7cs1D5tTQ_1_7_label_real.npz,Real,Real,0.10474063011209951,0.07229820638895035,0.37828564643859863,1.0931425209470547e-10,0.019579894840717316,0.05353940278291702
03736.png_6aNWSCTS284_6_1_label_fake.npz,Fake,Real,0.28795740753412247,0.7295441627502441,0.023677073419094086,0.010181255638599396,0.6112014651298523,0.06518308073282242
24715-fAh51cqF86I_14_1_label_fake.npz,Fake,Real,0.3152346596121788,0.3078587055206299,0.26014310121536255,0.17719192802906036,0.08383540064096451,0.7471441626548767
17588-AbpNlshqtJc_160_1_label_fake.npz,Fake,Deepfake,0.5050323642790318,0.8009557723999023,0.6542518734931946,0.043704379349946976,0.09336403012275696,0.9328857660293579
055_9508128d_e0GahnJx-Sc_153_1_label_fake.npz,Fake,Deepfake,0.41370988488197324,0.3007027804851532,0.2958439886569977,0.5652771592140198,0.6177195310592651,0.28900596499443054
u-X671JqQWA_118_38_label_real.npz,Real,Real,0.2845309934469924,0.4818432033061981,0.035532597452402115,1.243726842403703e-06,0.18622256815433502,0.7190553545951843
24430-M-3HEJpdx2I_103_3_label_fake.npz,Fake,Real,0.08984228030894884,0.08754097670316696,0.09469744563102722,0.00012744744890369475,0.09917352348566055,0.16767200827598572
11155-O1JxQ9OyJRQ_115_1_label_fake.npz,Fake,Real,0.05110714975744486,0.101073257625103,0.06134746968746185,0.005646222271025181,0.05113032087683678,0.036338478326797485
13208-LmGz2Hp34l0_11_1_label_fake.npz,Fake,Real,0.023143394351063763,0.06660114973783493,0.008534431457519531,7.361436291830614e-05,0.035419125109910965,0.0050886510871350765
27241-J-vYXU4vqcY_5_6_label_fake.npz,Fake,Real,0.05192738179649084,0.053290992975234985,0.16215696930885315,4.119103991229167e-08,0.0321112722158432,0.012077633291482925
18500_6IXtQx8SwBE_44_1_label_fake.npz,Fake,Real,0.026640567110734995,0.07087001949548721,0.019196491688489914,9.746999421622604e-05,0.032516852021217346,0.01052200235426426
9DTxDmLwFb8_1077_4_label_real.npz,Real,Real,0.047330804615273794,0.0873408243060112,0.051897186785936356,1.735938326419273e-07,0.06360072642564774,0.033815111964941025
9238-2Ny5UJLpoxg_22_2_label_fake.npz,Fake,Real,0.040357841178774834,0.06592732667922974,0.04885096102952957,0.027013491839170456,0.029751120135188103,0.030246306210756302
62116_DwbAW8G-57A_90_1_audio_short_512x512_1_0944_withaudio_label_fake.npz,Fake,Real,0.06161683378818096,0.08131967484951019,0.0835912674665451,3.847498274839323e-12,0.13810057938098907,0.005072647240012884
8566-IIT29JDuMXs_66_1_label_fake.npz,Fake,Real,0.2828854396939278,0.1718059778213501,0.040682483464479446,0.9894658327102661,0.047430697828531265,0.1650422066450119
zBJP1v24Llk_69_1_label_real.npz,Real,Real,0.09265219555982183,0.07664918899536133,0.3063127100467682,1.3178484550735448e-05,0.0728335976600647,0.007452302612364292
WtkgtlyruWE_16_1--J_ComKnl1hk_9_1_510_label_fake.npz,Fake,Real,0.06758382603694599,0.15584127604961395,0.00646267831325531,9.984620419345447e-08,0.1175500676035881,0.058065008372068405
wf32v1liDSQ_120_1_label_real.npz,Real,Deepfake,0.5572382157319226,0.7021234631538391,0.529994785785675,0.00011733436258509755,0.7548242807388306,0.7991312146186829
28623_eWj2-6q2ybk_32_1_label_fake.npz,Fake,Real,0.019390479586763834,0.07145823538303375,0.002046762965619564,8.434149094682653e-06,0.017546825110912323,0.0058921403251588345
343_MxlocFNdoXg_720_1-batch-2025-02-03-22-17-41-13_label_fake.npz,Fake,Real,0.13370654510316485,0.0712776705622673,0.568893313407898,6.342218483723627e-08,0.020102767273783684,0.008258910849690437
uF_iBsuUjrg_8_14_label_real.npz,Real,Real,0.2570017184829339,0.1886172741651535,0.5188745260238647,0.0010524446843191981,0.5080423951148987,0.06842195242643356
067_ee6435dc.jpg_PHMafVnjks8_53_1_label_fake.npz,Fake,Real,0.055886192434375224,0.07438236474990845,0.18952171504497528,4.195813835261575e-12,0.01136145181953907,0.004165430553257465
409_E1R1P_NyvF8_47_1_audio_short_512x512_1_1652_withaudio_label_fake.npz,Fake,Real,0.023480225767707454,0.06286833435297012,0.025263745337724686,2.642834442667663e-05,0.020837320014834404,0.008405300788581371
278_pNogULi28gs_118_1_audio_short_512x512_1_0933_withaudio_label_fake.npz,Fake,Real,0.10643854420632123,0.07302182912826538,0.06199205294251442,0.36611050367355347,0.02615339867770672,0.004914936609566212
MOBGaVJH54A_162_7--13849-lSCTGJbObOg_342_2_label_fake.npz,Fake,Real,0.1365886818617582,0.5132907629013062,0.05964308977127075,7.627531886100769e-05,0.09231561422348022,0.017617667093873024
DwbAW8G-57A_32_1_label_real.npz,Real,Real,0.06953712329268456,0.08119390159845352,0.08056360483169556,0.11869044601917267,0.03135906159877777,0.03587860241532326
13782-F1D_L94WDJk_38_2_label_fake.npz,Fake,Real,0.2846370759420097,0.16734673082828522,0.004903876688331366,0.8752846121788025,0.1049535796046257,0.27069658041000366
trimmed_dNCH3eXEwB4_670_2--365_OprPPstAfSg_43_8_25fps_25fps_label_fake.npz,Fake,Real,0.26422253825003283,0.4358444809913635,0.19234879314899445,0.0006594944861717522,0.13490177690982819,0.5573581457138062
21410-94hlY3KiRjs_91_1_label_fake.npz,Fake,Real,0.0849150714580901,0.16176079213619232,0.06847569346427917,0.0006219209753908217,0.10113703459501266,0.0925799161195755
302_VifDzyPgBNg_0_5-batch-2025-02-04-10-00-57-113_label_fake.npz,Fake,Real,0.027670496697776065,0.07076612859964371,0.0539243258535862,3.9326288003849186e-08,0.011216539889574051,0.0024454498197883368
mXDi_C0yb6A_8_2--22832-J-vYXU4vqcY_5_6_label_fake.npz,Fake,Real,0.2613441179778129,0.6520158648490906,0.20317837595939636,3.5060420344734666e-08,0.057716310024261475,0.3938100039958954
29578-_cPj3b9BDPI_6_1_label_fake.npz,Fake,Real,0.18272591689519627,0.11806855350732803,0.6939296722412109,4.61565535792019e-10,0.05959722772240639,0.04203413054347038
26557-cHjvhDTfItA_127_4_label_fake.npz,Fake,Real,0.04564379472285509,0.1250535249710083,0.009400001727044582,0.0041096992790699005,0.0708109587430954,0.018844788894057274
5324-o3KMJLxjdoM_9_4_label_fake.npz,Fake,Real,0.01485285714152269,0.060346443206071854,0.0012878535781055689,3.195516183041036e-05,0.009862825274467468,0.002735208487138152
39_ISBxZXSDgWE_85_2_audio_short_512x512_1_1652_withaudio_label_fake.npz,Fake,Real,0.02708897835109383,0.06666862964630127,0.03731068968772888,0.0005192110547795892,0.027906134724617004,0.0030402266420423985
20788-WowrvQ9h9ao_41_1_label_fake.npz,Fake,Real,0.03027599753561877,0.11204610019922256,0.017274366691708565,8.062833734001629e-11,0.01069553755223751,0.011363983154296875
8529_d2om_PGtwWY_30_1_label_fake.npz,Fake,Real,0.12646380928345027,0.07604126632213593,0.12110275775194168,0.4234052300453186,0.009390820749104023,0.0023789715487509966
014_bbe9116e.jpg_hR6MLH3vp80_1080p_140_1_label_fake.npz,Fake,Real,0.16571573324035854,0.35875579714775085,0.02365024760365486,0.00092208047863096,0.057093679904937744,0.38815686106681824
28043.png_hdS30nnhNZo_3_5_label_fake.npz,Fake,Real,0.0402043814487115,0.10987861454486847,0.0012823047582060099,3.0818373488727957e-06,0.06921697407960892,0.020640932023525238
aEM1s9Saa-g_80_1_label_real.npz,Real,Real,0.04313224038187302,0.09762322157621384,0.0774531289935112,4.008593013082873e-09,0.018233463168144226,0.022351384162902832
012_12d61e14-1P9nl9tBK38_47_2_label_fake.npz,Fake,Deepfake,0.35169928674877526,0.2165495604276657,0.17241095006465912,2.474010440955965e-10,0.5261027216911316,0.8434332013130188
19645-T-vVO3nRFzI_92_3_label_fake.npz,Fake,Real,0.3094517678022385,0.3294866979122162,0.10852155089378357,0.18230171501636505,0.6295477747917175,0.29740110039711
13_nBVWOmPTk-4_44_4_512x512_1_0533_withaudio_label_fake.npz,Fake,Real,0.02060885675455211,0.07879669964313507,0.005204761400818825,4.806109791388735e-05,0.01254693977534771,0.006447821855545044
mHii80xikXs_2463_2_label_real.npz,Real,Real,0.1528383521737851,0.37017521262168884,0.0026209161151200533,1.8130942407879047e-05,0.3002167046070099,0.09116079658269882
14458-Lqg5fiwIQso_15_1_label_fake.npz,Fake,Real,0.09445511791855096,0.06524831056594849,0.011612189002335072,0.18837355077266693,0.07448507100343704,0.1325564682483673
u-X671JqQWA_142_11_label_real.npz,Real,Deepfake,0.523864208280429,0.6187341809272766,0.1556810438632965,2.287921233801171e-06,0.9420977830886841,0.902805745601654
094_664a03cd.jpg_zr6OpxBh5DA_92_2_label_fake.npz,Fake,Real,0.09138044472783804,0.07247718423604965,0.317172646522522,0.0524493008852005,0.009600135497748852,0.00520295649766922
06888_5xBpkc7-w3A_30_2_audio_short_512x512_1_0732_withaudio_label_fake.npz,Fake,Real,0.13083879773039372,0.076496422290802,0.14914433658123016,0.4074726700782776,0.01963213086128235,0.0014484288403764367
28736-EcjY1r34cBE_57_2_label_fake.npz,Fake,Real,0.04309990091605869,0.11155952513217926,0.04305029287934303,1.8482207451597787e-05,0.04359075799584389,0.017280446365475655
411_VM4P9yV4rTA_218_14_512x512_1_0112_withaudio_label_fake.npz,Fake,Real,0.027504388010129333,0.0758010745048523,0.0401255302131176,0.005389933008700609,0.013311482034623623,0.002893920289352536
GwFRoh3zBYs_39_1--18057-o3KMJLxjdoM_60_4_label_fake.npz,Fake,Real,0.3377934669144452,0.27842846512794495,0.0016580098308622837,0.999714195728302,0.2203502357006073,0.18881642818450928
152_nBVWOmPTk-4_96_2_512x512_1_0533_withaudio_label_fake.npz,Fake,Real,0.02138742174473455,0.0738491639494896,0.00218539428897202,3.9510678062626425e-10,0.024013513699173927,0.006889036390930414
mu11jOqHkrQ_1_1_label_real.npz,Real,Real,0.06319000692819365,0.08662527054548264,0.2004658579826355,1.1630595153633294e-08,0.01674148440361023,0.012117410078644753
543mYKKh1EE_44_1--24311-BJr-6o-eYLc_76_1_label_fake.npz,Fake,Real,0.2327389270390995,0.33985263109207153,0.0004060467181261629,2.081347702187486e-06,0.35659611225128174,0.4668377637863159
054_5e6a651d-rMrG-WhVhow_153_5_label_fake.npz,Fake,Real,0.32524741844972593,0.1499343365430832,0.09102451056241989,0.0009510719100944698,0.7853021025657654,0.5990250706672668
24744-C95B9sgbmOc_16_1_label_fake.npz,Fake,Real,0.024098836138728076,0.0774545669555664,0.0020314694847911596,0.00018661432841327041,0.028107596561312675,0.012713933363556862
04PmEJaYKd0_24_1--12865-GgCnpDg0jwc_40_1_label_fake.npz,Fake,Real,0.19281299263238907,0.4028061032295227,0.05773324519395828,0.002427656203508377,0.059901367872953415,0.44119659066200256
13328-Fjkw9vYDukg_15_2_label_fake.npz,Fake,Deepfake,0.4605842216406018,0.3466534912586212,0.006845612078905106,0.00030225818045437336,0.9646753072738647,0.9844444394111633
282_fD2q4CcqU0w_37_1_label_fake.npz,Fake,Real,0.023456320956112997,0.07149501144886017,0.022402135655283928,2.2233553886863433e-10,0.016263602301478386,0.007120855152606964
238_j-SnQH4ewHU_106_5_512x512_1_0533_withaudio_label_fake.npz,Fake,Real,0.010980998284267686,0.03814080357551575,0.00367519143037498,1.7707743893424777e-07,0.010716800577938557,0.0023720187600702047
093_dc555290-D56tKWtAMbw_815_1_label_fake.npz,Fake,Deepfake,0.5360700743596681,0.8507766723632812,0.035413507372140884,1.3773491446045227e-05,0.8321554660797119,0.9619909524917603
075_4c504eec_e0GahnJx-Sc_147_1_label_fake.npz,Fake,Real,0.0989539071917534,0.0921100527048111,0.35232868790626526,0.018471375107765198,0.016534440219402313,0.015324980020523071
qtUvdylaUoY_3_1_217_label_fake.npz,Fake,Real,0.027295009011049844,0.0714695006608963,0.0268219243735075,3.736753114935709e-06,0.0317954458296299,0.006384437438100576
28970-3U4D77IB-j8_105_2_label_fake.npz,Fake,Real,0.17528208121657374,0.2647092342376709,0.12303969264030457,0.016128119081258774,0.10326538980007172,0.3692679703235626
_uUskajC1Ps_66_1--22236-ADTwFvHACE4_18_1_label_fake.npz,Fake,Real,0.03803433933646218,0.10007397085428238,0.0034481792245060205,2.0380992726831693e-10,0.02689269371330738,0.05975685268640518
CeUoS2T2hhc_145_1--4775-y_wqp9PJHYo_87_1_label_fake.npz,Fake,Deepfake,0.37264967486262324,0.627841591835022,0.3788371682167053,0.6366796493530273,0.03719859942793846,0.18269136548042297
19493-Uk6sPnRL0WQ_77_3_label_fake.npz,Fake,Real,0.18326911651003,0.13818831741809845,0.4224053919315338,3.513151227707567e-07,0.08591089397668839,0.26984062790870667
13208-I5oeY5O5oJI_34_3_label_fake.npz,Fake,Real,0.14759918849595124,0.06587354838848114,0.551953136920929,8.44652095111087e-06,0.11423039436340332,0.005930416285991669
8tD-YwT4oAg_106_4_label_real.npz,Real,Real,0.22290576468221845,0.09656308591365814,0.9640721678733826,0.0012549476232379675,0.0306714940816164,0.021967127919197083
25264_9pQuS1hCm04_4_25_audio_short_512x512_1_1652_withaudio_label_fake.npz,Fake,Real,0.03675607193213934,0.09677355736494064,0.022076981142163277,5.564209648589724e-10,0.03805641084909439,0.026873409748077393
279_YGIhb_a29d0_1080p_777_1_512x512_1_1803_withaudio_label_fake.npz,Fake,Real,0.022577466132452175,0.07591987401247025,0.023592334240674973,9.900720669975271e-07,0.010248465463519096,0.0031256668735295534
488_KDujlRUGYho_9_1_label_fake.npz,Fake,Real,0.09501225868773364,0.07853396981954575,0.3837953805923462,4.4576339841562174e-10,0.009718043729662895,0.00301389885134995
19734-nlrjxL_frmk_100_1_label_fake.npz,Fake,Real,0.15403466828429374,0.09827004373073578,0.6283946633338928,0.00011458100198069587,0.01848812960088253,0.024905923753976822
11947-Fjkw9vYDukg_16_1_label_fake.npz,Fake,Real,0.20439069538842888,0.18369673192501068,0.0010612442856654525,0.219455748796463,0.05375511944293976,0.5639846324920654
5287-euQ1VaiXRoQ_60_2_label_fake.npz,Fake,Real,0.3061607202668711,0.23115073144435883,0.0012235093163326383,4.49079789177631e-06,0.8227274417877197,0.47569742798805237
26056-BJr-6o-eYLc_0_2_label_fake.npz,Fake,Real,0.025988797517493372,0.06843366473913193,0.01767803356051445,0.018376346677541733,0.022353291511535645,0.003102651098743081
411_De5FGogMWzQ_110_3_512x512_1_1803_withaudio_label_fake.npz,Fake,Real,0.05473084845580161,0.07787197828292847,0.026810910552740097,0.15341661870479584,0.01248228084295988,0.003072453895583749
191_6b48d25b.jpg_Vz-kJATn87E_1080p_88_9_label_fake.npz,Fake,Real,0.0919914710801095,0.1756175011396408,0.026120981201529503,0.0028875579591840506,0.09846168011426926,0.15686963498592377
02859_IQ5UpoJDSzU_audio_1_label_fake.npz,Fake,Real,0.19659963119775056,0.06868399679660797,0.011023993603885174,0.8819040656089783,0.01738700084388256,0.003999099135398865
MxlocFNdoXg_166_5_label_real.npz,Real,Real,0.21664503477513794,0.15242592990398407,0.013396655209362507,0.8656294345855713,0.03625091537833214,0.015522238798439503
15511-TalBZ9_fmQk_41_2_label_fake.npz,Fake,Real,0.03487205220444594,0.06890925019979477,0.02346576564013958,8.971123315859586e-05,0.01940525323152542,0.06249028071761131
14826-p3XJSlgo1_M_103_1_label_fake.npz,Fake,Real,0.21994813587516548,0.07693391293287277,0.004309471230953932,0.9999974966049194,0.013840733096003532,0.0046590655110776424
wtCogf-htV0_59_1_label_real.npz,Real,Real,0.3442311308484932,0.5243541598320007,0.25962790846824646,5.6515982578275725e-05,0.39232686161994934,0.5447902083396912
12627-Lv39BhZJ2mg_73_7_label_fake.npz,Fake,Deepfake,0.4180194878355906,0.6066442728042603,0.09512587636709213,4.0425738916383125e-06,0.6925675272941589,0.6957557201385498
15693_O1JxQ9OyJRQ_1_2_label_fake.npz,Fake,Real,0.02702416257098719,0.0720420703291893,0.04356296360492706,1.7094912152515462e-07,0.014341519214212894,0.005174088757485151
19294_UEjGEXAndzY_42_2_label_fake.npz,Fake,Real,0.11404013680294157,0.10136029869318008,0.005508738104254007,0.0765576958656311,0.34731271862983704,0.03946123272180557
16720-KNEGWrD08f8_138_1_label_fake.npz,Fake,Real,0.22419020272791387,0.078800268471241,0.8805713653564453,0.09284589439630508,0.0213227067142725,0.04741077870130539
sba-i5-e3WY_928_3--I5SwIyy5pMk_48_1_39_label_fake.npz,Fake,Real,0.22881720651785148,0.49763044714927673,0.22858737409114838,6.37718039797619e-06,0.06580851972103119,0.35205331444740295
492_78p4J0EEepU_6_2-batch-2025-02-05-13-35-36-54_label_fake.npz,Fake,Real,0.19241852826089598,0.1267692893743515,0.645341157913208,2.944798325188458e-05,0.15056851506233215,0.039384230971336365
KKeGv-ny-kY_28_6_label_real.npz,Real,Deepfake,0.5159365579485893,0.8017196655273438,0.38612619042396545,0.6297990083694458,0.11174916476011276,0.6502887606620789
401_Ll8xGtwvH84_375_2_512x512_1_0533_withaudio_label_fake.npz,Fake,Real,0.021085212014646706,0.07288668304681778,0.01289414893835783,5.03070030077879e-10,0.015443393029272556,0.0042018345557153225
389_u-X671JqQWA_105_78_512x512_1_1803_withaudio_label_fake.npz,Fake,Real,0.04552464474109001,0.07134073227643967,0.10988692939281464,0.0003833564987871796,0.04136810079216957,0.004644104745239019
182_8tD-YwT4oAg_322_2_label_fake.npz,Fake,Real,0.2238387467117718,0.07722422480583191,0.9691160917282104,2.5167484636767767e-05,0.06590238958597183,0.006925859954208136
20149_0-kY_RQxuc0_147_1_label_fake.npz,Fake,Real,0.22462044218555094,0.09104476124048233,0.011048569343984127,0.9997232556343079,0.014381693676114082,0.0069039310328662395
lXXCH-gBGzI_104_21_25fps--394_E7lIbmnQqgU_250_2_25fps_label_fake.npz,Fake,Deepfake,0.43985331803585237,0.7133640646934509,0.06688813120126724,1.249090240962314e-12,0.7948427200317383,0.6241716742515564
X-xPVn_ISwo_32_label_fake.npz,Fake,Real,0.04457320161894889,0.08017294108867645,0.10722903162240982,3.655407573854852e-11,0.020312370732426643,0.01515166461467743
12682-cbtkoZUOR1A_112_7_label_fake.npz,Fake,Real,0.3050303199495829,0.18960487842559814,0.08158993721008301,7.857186574256048e-06,0.9285266995429993,0.3254222273826599
422_5l1PmijHT5o_21_1_512x512_1_0533_withaudio_label_fake.npz,Fake,Real,0.033792183254558954,0.07709218561649323,0.06499900668859482,9.587253089193837e-07,0.01739182509481907,0.009476940147578716
sgHHRVH0NFo_24_5--23884-8KovXKo3DL4_90_1_label_fake.npz,Fake,Real,0.3080797344446182,0.5588362216949463,0.12530387938022614,8.153046271692874e-24,0.36969679594039917,0.48656177520751953
47_VifDzyPgBNg_0_5-batch-2025-02-04-10-00-57-157_label_fake.npz,Fake,Real,0.027902399744145615,0.07193886488676071,0.0539243258535862,3.9326288003849186e-08,0.010947044938802719,0.002701723715290427
jV2pjBg0srU_123_12_label_real.npz,Real,Real,0.2644862789195031,0.4161379635334015,0.012882902286946774,0.0001335467677563429,0.8272963762283325,0.06598060578107834
026_e5342024.jpg_eItLUO9eyno_2_1_label_fake.npz,Fake,Real,0.065359143331807,0.2519519031047821,0.00866328552365303,1.9649864043458365e-05,0.03928723931312561,0.026873638853430748
12754-mXDi_C0yb6A_72_1_label_fake.npz,Fake,Real,0.26484148912131794,0.11235415190458298,0.15230856835842133,0.9997660517692566,0.04278519004583359,0.016993483528494835
SzhK7Q-pY0U_1_113--9ztkB7gr8po_6_9_253_label_fake.npz,Fake,Real,0.03849547033064329,0.13298572599887848,0.005891431588679552,1.3300593959542084e-10,0.023569704964756966,0.030030488967895508
23868-YL5mJAGGsjY_71_1_label_fake.npz,Fake,Real,0.3245965778827667,0.21854017674922943,0.3463924527168274,0.9949047565460205,0.020501047372817993,0.04264445602893829
tVY44gQSFOA_0_4_label_real.npz,Real,Real,0.27183175198733805,0.34454429149627686,0.04122495278716087,1.3523198640270125e-17,0.9525863528251648,0.020803162828087807
25171_I5oeY5O5oJI_31_13_label_fake.npz,Fake,Real,0.2651382250245661,0.06625676155090332,0.23168982565402985,0.9999946355819702,0.025401031598448753,0.002348870737478137
PmI4qnTpL0E_241_44--04230_vBYZtQTbLBo_audio_3_182_label_fake.npz,Fake,Deepfake,0.4456119254301741,0.6676169037818909,0.033676184713840485,3.5143853105434886e-11,0.9680497646331787,0.5587167739868164
21292_NduDs59WZqU_72_3_label_fake.npz,Fake,Real,0.07412060946488402,0.06829873472452164,0.010634640231728554,1.3114100951006069e-11,0.2816774547100067,0.009992217645049095
dMfH7JbxZdY_1_1_label_real.npz,Real,Real,0.06694402109964132,0.0792267918586731,0.20366917550563812,1.682034849181946e-07,0.0330914631485939,0.018732506781816483
985_d2om_PGtwWY_10_1_label_fake.npz,Fake,Real,0.0660383474547416,0.07559952884912491,0.2276216447353363,0.00033567589707672596,0.01574535295367241,0.010889534838497639
020_cce4e0e0-28Z-aq2wk60_125_6_label_fake.npz,Fake,Real,0.34202119559049604,0.5544900894165039,0.12463220953941345,0.0422927662730217,0.4463008642196655,0.5423900485038757
39827_BJr-6o-eYLc_29_1_audio_short_512x512_1_0944_withaudio_label_fake.npz,Fake,Real,0.07227053120732307,0.07161186635494232,0.006387215573340654,0.010768265463411808,0.2673559784889221,0.005229330155998468
VALyeyRDH1Q_64_6_label_real.npz,Real,Real,0.11029774986594704,0.22616373002529144,0.0025270706973969936,8.39315248413186e-08,0.03514799475669861,0.28764986991882324
22184_lSCTGJbObOg_0_1_label_fake.npz,Fake,Real,0.04323306092992425,0.07039137929677963,0.11862224340438843,0.0037482487969100475,0.012263077311217785,0.011140355840325356
29714-QvTs7W732ZQ_15_2_label_fake.npz,Fake,Real,0.02714146734215723,0.08274323493242264,0.0029966768343001604,2.0178884537164037e-14,0.021750418469309807,0.028217006474733353
24623-pSdCFzplNME_79_1_label_fake.npz,Fake,Real,0.05376535542313715,0.09867443889379501,0.06079331412911415,2.2152966310320932e-13,0.023138178512454033,0.08622084558010101
34_3NYH-zyIfZY_1_1_audio_short_512x512_1_0933_withaudio_label_fake.npz,Fake,Real,0.03476467295449766,0.06845046579837799,0.07274842262268066,2.5264403120672796e-06,0.021657362580299377,0.010964587330818176
26802-SWHweN9WlkU_76_4_label_fake.npz,Fake,Deepfake,0.3972099617123604,0.06760356575250626,0.41918399930000305,0.9999990463256836,0.4917922616004944,0.007470935583114624
9DTxDmLwFb8_1260_17_label_real.npz,Real,Real,0.211932496726513,0.27315017580986023,0.07592659443616867,3.3498869279596896e-16,0.3987921476364136,0.31179356575012207
073_2880f59c_gSXvXgjlnnw_50_1_label_fake.npz,Fake,Real,0.04681262770756689,0.12161105871200562,0.028225209563970566,4.1565371589058486e-07,0.07598453015089035,0.008241924457252026
eWj2-6q2ybk_254_2_label_real.npz,Real,Real,0.01821047250702605,0.06823907047510147,0.01061990950256586,4.826856780937305e-08,0.009713994339108467,0.002479339949786663
498_tStxmy972vw_9_5-batch-2025-02-05-13-35-36-120_label_fake.npz,Fake,Real,0.06017112413755968,0.12635575234889984,0.07040394097566605,4.822380651603453e-05,0.008186968974769115,0.09586073458194733
076_66977623_Yhp6bu6frjU_271_24_label_fake.npz,Fake,Real,0.28244201038032773,0.0728810578584671,0.02531704492866993,0.9806557893753052,0.32373011112213135,0.009626048617064953
083_16b5e7ab_MxlocFNdoXg_720_1-batch-2025-02-10-11-34-42-65_label_fake.npz,Fake,Real,0.14250946405976353,0.08842701464891434,0.5716283321380615,5.903091704340113e-08,0.018852338194847107,0.0336395762860775
422_QoCpSP81vns_audio_3_label_fake.npz,Fake,Real,0.10181111693491868,0.11362218111753464,0.3278707265853882,5.480175774980056e-12,0.025325484573841095,0.04223719239234924
rxLBonV9-4Y_77_1--18004-o3KMJLxjdoM_42_1_label_fake.npz,Fake,Real,0.30556532070040704,0.2834404706954956,0.023911472409963608,0.9794092774391174,0.11445102095603943,0.12661436200141907
455_reaup7qkEfk_41_4_audio_short_512x512_1_0557_withaudio_label_fake.npz,Fake,Real,0.04712294027037842,0.08171827346086502,0.11512935906648636,1.5950676015563658e-06,0.03232352063059807,0.0064419531263411045
13801-aE-eKPb6vhM_21_1_label_fake.npz,Fake,Real,0.08563250936567784,0.09261703491210938,0.06445375829935074,0.09375680983066559,0.019193822517991066,0.1581411212682724
SNHUu7YkNjA_1_5--13208-LmGz2Hp34l0_29_1_label_fake.npz,Fake,Deepfake,0.4517735224217177,0.355233371257782,0.05154023692011833,0.968582272529602,0.8582900762557983,0.025221655145287514
093_8cb84a89.jpg_3yaIqVnHrv8_19_2_label_fake.npz,Fake,Real,0.018690216277241236,0.07032483071088791,0.0016855980502441525,1.0346597036914318e-06,0.016013864427804947,0.00542575353756547
19544-WBMbPMPKaBM_1_2_label_fake.npz,Fake,Real,0.11138799795880916,0.1782195121049881,0.14633998274803162,0.0032188300974667072,0.16198782622814178,0.06717383861541748
31978_gUGPeMAFZtA_8_1_audio_short_512x512_1_0944_withaudio_label_fake.npz,Fake,Real,0.02098056863178499,0.05244869738817215,0.015632713213562965,0.0004163804987911135,0.028963403776288033,0.007441648282110691
00909_SzhK7Q-pY0U_1_7_label_fake.npz,Fake,Real,0.02311353873764551,0.07417821884155273,0.010396425612270832,2.0141779910609614e-10,0.017174197360873222,0.013818851672112942
760-yMK0bMaGZYI_32_1_label_fake.npz,Fake,Deepfake,0.3959785103864409,0.5002808570861816,0.6494764685630798,3.32480917797362e-11,0.24715715646743774,0.5829780697822571
087_155f1f74.jpg_J_ComKnl1hk_6_28_label_fake.npz,Fake,Real,0.020530388551924263,0.07948434352874756,0.006191837135702372,2.2249534595175646e-05,0.01149672083556652,0.00545679172500968
MFusQ6Jv5cE_209_1--gc8LE2PP3hM_243_14_284_label_fake.npz,Fake,Real,0.18821290986489317,0.46186360716819763,0.005393513012677431,2.58156461541148e-07,0.0615072101354599,0.4122999608516693
1280-bM1LXa68oxc_247_1_label_fake.npz,Fake,Real,0.29694519788026813,0.1428089588880539,0.11987723410129547,0.8665521740913391,0.06580761820077896,0.28968000411987305
22639-v4Y0FzwVMR8_17_1_label_fake.npz,Fake,Real,0.1447708406340098,0.2745300233364105,0.18876101076602936,3.189260314684361e-05,0.12156488001346588,0.1389663964509964
NEEN8fSBuWI_283_1_label_real.npz,Real,Real,0.08540968399083795,0.1615850180387497,0.24620309472084045,1.3843996384821367e-05,0.012955049984157085,0.006291413214057684
198-Du1SKO_ri4w_85_41_label_fake.npz,Fake,Deepfake,0.4273201141972095,0.5405749082565308,0.2756906747817993,0.0008763840887695551,0.7069037556648254,0.6125548481941223
8308-4DNuopwIbbU_60_4_label_fake.npz,Fake,Real,0.09037377834320068,0.07823808491230011,0.24127350747585297,0.053419142961502075,0.02365277335047722,0.05528538301587105
109.png_PXdPmUJN6k0_74_47_label_fake.npz,Fake,Real,0.03100055228132987,0.08524525910615921,0.0009740869281813502,5.737494939239696e-05,0.029760796576738358,0.038965243846178055
26544-mRNCLRo9JAM_31_5_label_fake.npz,Fake,Real,0.19916550964117052,0.178054079413414,0.4801831841468811,0.051435478031635284,0.20171168446540833,0.0844431221485138
TsQZOTSteK8_86_1--19418-ADTwFvHACE4_10_3_label_fake.npz,Fake,Real,0.28498450227534705,0.36637574434280396,0.02517278492450714,3.951753924091861e-10,0.6131911277770996,0.42018285393714905
1WuFbrHbnW8_94_5--1stTPtXYjuM_255_37_364_label_fake.npz,Fake,Real,0.039449320174753666,0.06525196135044098,0.024835646152496338,0.07722289115190506,0.021910011768341064,0.008026090450584888
088_29b6bf25.jpg_RQVdbZQrl2E_3_1_label_fake.npz,Fake,Real,0.09197456742622308,0.35737329721450806,0.05256298929452896,1.0772560926852748e-05,0.02709338627755642,0.022832391783595085
12645-ISBxZXSDgWE_46_4_label_fake.npz,Fake,Real,0.1073328877799213,0.2952101230621338,0.002099560108035803,0.1230916902422905,0.03299466893076897,0.08326839655637741
3DdSiJB8Bo0_8_1--23067-PYRFxrLt30A_18_4_label_fake.npz,Fake,Deepfake,0.47038520006462936,0.665836751461029,0.004815222229808569,0.9363017082214355,0.08565983176231384,0.6593124866485596
478_d5GTYm01vqA_312_4_512x512_1_0533_withaudio_label_fake.npz,Fake,Real,0.06947710438185917,0.07353412359952927,0.25769445300102234,6.916075268037503e-09,0.013731171377003193,0.0024257670156657696
hdS30nnhNZo_6_9_label_real.npz,Real,Real,0.02299281742989479,0.07105525583028793,0.02621057815849781,5.085142674943199e-06,0.011827935464680195,0.005865232553333044
KENbRqWDpYM_16_2_label_real.npz,Real,Real,0.20534469150372148,0.13757243752479553,0.19403503835201263,1.8268803136933798e-11,0.6733128428459167,0.02180313877761364
262_8tD-YwT4oAg_399_1_label_fake.npz,Fake,Real,0.21404286702600078,0.07004179805517197,0.9843259453773499,8.989845809992403e-06,0.011307088658213615,0.004530513193458319
020_3af33d4e.jpg_vebjQP6GXm0_219_1_label_fake.npz,Fake,Real,0.2698391588404775,0.3381815552711487,0.013593659736216068,3.2493096869582297e-25,0.3323186933994293,0.6651018857955933
1249-y_wqp9PJHYo_0_2_label_fake.npz,Fake,Real,0.031424774997867645,0.10244657844305038,0.02339751459658146,0.00031549495179206133,0.0216536745429039,0.009310612455010414
10265-6cKTSj4a8bQ_196_1_label_fake.npz,Fake,Real,0.27514694482088087,0.11446304619312286,0.13799789547920227,0.9992291927337646,0.015875056385993958,0.10816953331232071
009_23c94f29_P_stI11n2Sc_20_8_label_fake.npz,Fake,Deepfake,0.497380583946752,0.7592679858207703,0.02771010622382164,1.0671586947452738e-09,0.9581533074378967,0.7417715191841125
apnde-Dpq8E_1080p_102_4_808_label_fake.npz,Fake,Real,0.23579260800033808,0.06921586394309998,0.09474867582321167,0.9997996687889099,0.009956986643373966,0.005241844803094864
8919-J-vYXU4vqcY_9_6_label_fake.npz,Fake,Deepfake,0.7633860414847733,0.8779581189155579,0.0044645993039011955,0.999886155128479,0.9905633926391602,0.9440579414367676
025_61e2c5e5_MxlocFNdoXg_720_1-batch-2025-02-10-11-34-42-96_label_fake.npz,Fake,Real,0.16141714367716847,0.08276891708374023,0.5716283321380615,5.903091704340113e-08,0.14096082746982574,0.011727582663297653
20816-I5oeY5O5oJI_0_1_label_fake.npz,Fake,Real,0.028015600167253223,0.07014782726764679,0.026605667546391487,7.56253104583493e-09,0.017327645793557167,0.025996852666139603
254_1P9nl9tBK38_325_8_label_fake.npz,Fake,Real,0.02767421190711801,0.07097823172807693,0.0009596216259524226,1.674476735047392e-08,0.04713911563158035,0.019294073805212975
12598-J_U3D_QAw7c_120_1_label_fake.npz,Fake,Real,0.09298098012804985,0.1936790645122528,0.08656708896160126,0.00985894724726677,0.03723962604999542,0.137560173869133
9ztkB7gr8po_2_31--B4LwKKKbAuI_14_1_67_label_fake.npz,Fake,Real,0.21174756475186782,0.09722087532281876,0.9377224445343018,1.9690993627308195e-11,0.012626553885638714,0.011167949996888638
175_jXf9d1xHO34_1080p_30_20_512x512_1_1803_withaudio_label_fake.npz,Fake,Real,0.04319286881946027,0.06981463730335236,0.0552235022187233,0.07529832422733307,0.011927692219614983,0.0037001881282776594
23266-vpMM4zCwksk_0_2_label_fake.npz,Fake,Real,0.2852435669861734,0.18610645830631256,0.004284550901502371,0.9999312162399292,0.021350568160414696,0.21454504132270813
8202-pzdnuEa8a20_88_1_label_fake.npz,Fake,Real,0.03471858592275832,0.11945956945419312,0.021887682378292084,1.7481075476055707e-09,0.019604763016104698,0.012640913017094135
152_E9ikzQWCZm0_7_1_label_fake.npz,Fake,Real,0.03977792204790944,0.07151669263839722,0.09400366246700287,3.59838139729618e-07,0.02849365957081318,0.004875235725194216
010_2f9c83bc_OprPPstAfSg_74_13_label_fake.npz,Fake,Real,0.02485091891139746,0.06926747411489487,0.029424797743558884,0.006102236453443766,0.013759678229689598,0.005700408015400171
51381.png_MFusQ6Jv5cE_192_1_label_fake.npz,Fake,Real,0.1251721978189064,0.2031053751707077,0.029435940086841583,7.514749456385972e-13,0.048798419535160065,0.34452125430107117
28165_I5oeY5O5oJI_56_7_label_fake.npz,Fake,Real,0.18581311814486984,0.07693909108638763,0.43708476424217224,0.3319806754589081,0.015867149457335472,0.0671939104795456
KKNCiRWd_j0_471_1--24192-GgCnpDg0jwc_55_4_label_fake.npz,Fake,Deepfake,0.3841520801186562,0.14061294496059418,0.029422156512737274,1.0,0.6405730843544006,0.1101522147655487
VifDzyPgBNg_599_3_label_real.npz,Real,Real,0.022436594374039488,0.09100686758756638,0.0033446482848376036,1.3979968116473174e-06,0.012467442080378532,0.005362615920603275
22444-PEKF-vrTi9Q_42_1_label_fake.npz,Fake,Real,0.19627154915242498,0.09815067797899246,0.8278185129165649,4.937808171234792e-06,0.016548490151762962,0.03883512690663338
281-bM1LXa68oxc_212_3_label_fake.npz,Fake,Real,0.31763073764741423,0.35854682326316833,0.02806149236857891,0.8766850233078003,0.03820984065532684,0.28665050864219666
t86T9sem8EM_140_1_25fps--44_UzfVjgZKjro_1080p_82_1_25fps_label_fake.npz,Fake,Real,0.30569487251341343,0.6301813721656799,0.4595390558242798,0.01023986004292965,0.0529865138232708,0.375527560710907
24619-JsGQizTuPSo_75_1_label_fake.npz,Fake,Deepfake,0.37172342669218783,0.08132521063089371,0.02572217769920826,0.9999988079071045,0.7365796566009521,0.014991280622780323
iEd6mSVWLr4_52_26_label_real.npz,Real,Real,0.0751154463738986,0.21328464150428772,0.0080637875944376,3.914172859529469e-13,0.09570716321468353,0.05852163955569267
325_aOJ4HdjvrMI_120_1_label_fake.npz,Fake,Real,0.023210339224897326,0.07650928944349289,0.0013409702805802226,0.009480047039687634,0.019732443615794182,0.008988945744931698
T-vVO3nRFzI_100_2--3025-ADTwFvHACE4_18_1_label_fake.npz,Fake,Real,0.2555567999312355,0.41520798206329346,0.0034481792245060205,2.0380992726831693e-10,0.8181945085525513,0.04093332961201668
79_Iy1E-yjDyFA_49_2_512x512_1_0533_withaudio_label_fake.npz,Fake,Real,0.02116810661100317,0.07401900738477707,0.01419857144355774,0.000220510657527484,0.010582071729004383,0.006820371840149164
1725-M-3HEJpdx2I_99_1_label_fake.npz,Fake,Real,0.07688970901072026,0.10257869213819504,0.1851828694343567,0.0275731198489666,0.024019883945584297,0.04509397968649864
053_5b42d9d9.jpg_Jy-bPwwFxhk_37_1_label_fake.npz,Fake,Real,0.07137199044227607,0.13582582771778107,0.024999013170599937,3.0146296992496614e-16,0.019567349925637245,0.17646776139736176
23429-SoI9-PP5Tmk_358_1_label_fake.npz,Fake,Real,0.2904271818260895,0.5603894591331482,0.004771142732352018,0.00018421212735120207,0.7260113954544067,0.1607796996831894
20967-0xfJy96HJqo_19_1_label_fake.npz,Fake,Real,0.32193336470993394,0.49700814485549927,0.002203165553510189,1.4017179084113707e-10,0.5053538084030151,0.6051017045974731
411_VGCRcRs-jkE_35_6_label_fake.npz,Fake,Real,0.06408117953687907,0.07450243085622787,0.23252946138381958,3.806996198879353e-17,0.010376100428402424,0.0029979050159454346
5722-53GIoeOAam4_11_1_label_fake.npz,Fake,Real,0.24550119698978964,0.039192914962768555,0.2673507034778595,0.9058648943901062,0.012129821814596653,0.00296765030361712
12423-itFwx1CZM9I_99_2_label_fake.npz,Fake,Real,0.2747255921363831,0.130787193775177,0.0936015322804451,0.9043406844139099,0.03608263283967972,0.20881591737270355
030_df8c8fad.jpg_vdLn_BXY7E8_251_1_label_fake.npz,Fake,Real,0.3273170232880373,0.3396907448768616,0.0447288453578949,5.377278483598147e-11,0.767091691493988,0.48507383465766907
24808-3NYH-zyIfZY_57_1_label_fake.npz,Fake,Deepfake,0.5509214993566275,0.8687142729759216,0.13640311360359192,0.01923230104148388,0.7764279246330261,0.9538298845291138
26349-ezja7-YQ72g_27_1_label_fake.npz,Fake,Real,0.31087194532155993,0.14192144572734833,0.08724052459001541,0.2431214451789856,0.5604544878005981,0.521621823310852
5056-NSWcdPWXZQI_106_1_label_fake.npz,Fake,Real,0.16122134104371072,0.3311503529548645,0.14219817519187927,0.030512642115354538,0.10304514318704605,0.19920039176940918
CeUoS2T2hhc_106_5--18613-NSWcdPWXZQI_129_1_label_fake.npz,Fake,Real,0.1894645095104352,0.4359451234340668,0.010003067553043365,0.000525824842043221,0.02965816855430603,0.47119036316871643
25_ZWWpghA1SJc_39_1_audio_short_512x512_1_0557_withaudio_label_fake.npz,Fake,Real,0.0716140769199141,0.06555628776550293,0.2343796193599701,4.5451562513676436e-09,0.050301581621170044,0.007832891307771206
14710_DCeJZTSFTXs_16_1_audio_short_512x512_1_0557_withaudio_label_fake.npz,Fake,Real,0.16252758118789642,0.07467057555913925,0.0008127944311127067,0.6691288948059082,0.051181595772504807,0.016844045370817184
15604-NkFOqfFDb1c_62_1_label_fake.npz,Fake,Real,0.25891429651528597,0.18316102027893066,0.03749294951558113,0.9999996423721313,0.013305720873177052,0.06061214953660965
MzXkiK4ROhQ_105_1--24623-53GIoeOAam4_16_5_label_fake.npz,Fake,Deepfake,0.5031551653519273,0.6983435153961182,0.0228703785687685,0.005809019319713116,0.9256339073181152,0.8631190061569214
65699_bkCpQk_K_jg_158_1_audio_short_512x512_1_0732_withaudio_label_fake.npz,Fake,Deepfake,0.3526442718692124,0.0669812336564064,0.10085022449493408,0.9999982118606567,0.5896057486534119,0.005785940680652857
B4LwKKKbAuI_88_21--zpEUWKUUxdY_0_16_601_label_fake.npz,Fake,Real,0.03565500235490618,0.08626119792461395,0.028419174253940582,7.402304618153721e-07,0.05666520074009895,0.006928698625415564
26131-cbtkoZUOR1A_65_3_label_fake.npz,Fake,Real,0.12009994685727443,0.22521160542964935,0.09167282283306122,3.878532477824548e-12,0.04588255286216736,0.23773275315761566
02479-W3xHmerC4wM_2_1_label_fake.npz,Fake,Real,0.2552425734704829,0.769573986530304,0.03601796552538872,3.0280858116099596e-12,0.134155735373497,0.33646517992019653
9540-Y8tqH6MnJUU_14_1_label_fake.npz,Fake,Real,0.11020787227898837,0.07434792071580887,0.4128742814064026,0.032495539635419846,0.02220248617231846,0.009119133464992046
22093-ADTwFvHACE4_31_1_label_fake.npz,Fake,Real,0.017216988606378436,0.06393665075302124,0.006989268586039543,0.0002686034422367811,0.00836298055946827,0.006527439691126347
21235_O1JxQ9OyJRQ_97_2_label_fake.npz,Fake,Real,0.028685206174851437,0.06429111212491989,0.05019577220082283,4.860950136604137e-15,0.02341887541115284,0.005520271137356758
46252.png_8tD-YwT4oAg_222_1_label_fake.npz,Fake,Real,0.21974798172747118,0.07278584688901901,0.9904133677482605,8.415448178311635e-07,0.01780756004154682,0.017732292413711548
lXXCH-gBGzI_50_11_25fps--47398_NEEN8fSBuWI_364_1_25fps_label_fake.npz,Fake,Deepfake,0.581090658903122,0.7360422015190125,0.3999936580657959,0.9852513074874878,0.12895259261131287,0.6552135348320007
24062-sUv353ua7E8_17_1_label_fake.npz,Fake,Real,0.23073199316859244,0.12049634009599686,0.04448089003562927,0.6194940805435181,0.3138343095779419,0.055354345589876175
22956-4ZO2_2nHaIk_36_1_label_fake.npz,Fake,Real,0.1881383374670769,0.15041184425354004,0.42679959535598755,1.686935452438476e-10,0.10465852171182632,0.2588217258453369
17898_jE5wxTgovZs_0_1_label_fake.npz,Fake,Real,0.07538647162971301,0.07593607157468796,0.2510312795639038,6.23765458840353e-07,0.037275850772857666,0.0126885324716568
hdS30nnhNZo_7_4_label_real.npz,Real,Real,0.022151854378171264,0.07440562546253204,0.01552248653024435,9.394367225468159e-06,0.01535968016833067,0.005462085362523794
6983-QlwtGFJHSYc_281_2_label_fake.npz,Fake,Real,0.10402011281767044,0.31817013025283813,0.053978174924850464,3.8737754948670045e-05,0.016908040270209312,0.13100548088550568
O_6kW3Mrkm8_187_7_label_real.npz,Real,Real,0.21957239327020944,0.07106506079435349,0.0011408345308154821,0.9999985694885254,0.020107364282011986,0.005550137255340815
801_NduDs59WZqU_72_3_label_fake.npz,Fake,Real,0.020571523255497434,0.07197627425193787,0.010634640231728554,1.3114100951006069e-11,0.015052644535899162,0.005194057244807482
29636-KFOvtqspEZk_178_1_label_fake.npz,Fake,Real,0.34371650218963623,0.15993666648864746,0.9575733542442322,0.5610596537590027,0.023993656039237976,0.016019180417060852
0fpc2LXBvUo_54_1--00364_tf_pzTBKuFY_audio_1_150_label_fake.npz,Fake,Real,0.09575401097831045,0.09096664935350418,0.32999420166015625,1.4747843571361052e-11,0.015887979418039322,0.0419212244451046
07977.png_7AldV8ATrJc_240_1_label_fake.npz,Fake,Real,0.030376397632608135,0.07037488371133804,0.021743640303611755,5.057108865003102e-07,0.0231284461915493,0.03663451224565506
251_SzhK7Q-pY0U_1_33_label_fake.npz,Fake,Real,0.01942256674366405,0.05880580097436905,0.0202296432107687,6.725128542939274e-08,0.01133702788501978,0.006740294396877289
083_16b5e7ab_Nz7QfvnRkuE_555_1-batch-2025-02-10-11-34-42-77_label_fake.npz,Fake,Real,0.02424236424272907,0.07662668079137802,0.024174759164452553,2.807403289874222e-13,0.011573505587875843,0.008836875669658184
484_nTEv62rENMA_label_fake.npz,Fake,Real,0.059015913307667825,0.10274233669042587,0.12578722834587097,5.205140704171501e-15,0.030297186225652695,0.036252815276384354
12865-GwFRoh3zBYs_44_4_label_fake.npz,Fake,Real,0.05423026958848567,0.12633183598518372,0.0517159178853035,1.1447794889818397e-07,0.0278276689350605,0.06527581065893173
13032_WLXiu-qp8Lw_183_1_label_fake.npz,Fake,Real,0.10019794167019427,0.06906646490097046,0.11007437855005264,0.3079797029495239,0.0110445162281394,0.002824645722284913
18261_wR86bUBzCqU_label_fake.npz,Fake,Real,0.07915694600257446,0.07597363740205765,0.23909440636634827,1.4822342464526628e-08,0.05021247640252113,0.030504195019602776
021_0b9bd77d--19DTZ6_d6U_651_3_label_fake.npz,Fake,Real,0.07179213349662916,0.19194065034389496,0.0003165452217217535,2.79432725847073e-08,0.025636713951826096,0.14106673002243042
496_GK9gq8WEHA0_790_1-batch-2025-02-05-13-35-36-0_label_fake.npz,Fake,Real,0.02601907401622157,0.06675805896520615,0.044051747769117355,3.294969428679906e-05,0.015775548294186592,0.003477065358310938
27613_PYRFxrLt30A_42_2_label_fake.npz,Fake,Real,0.11512764766812325,0.07079076766967773,0.1497395932674408,0.30839014053344727,0.03566911816596985,0.011048618704080582
9290_HUqaEI0dweE_23_3_label_fake.npz,Fake,Real,0.05355213480070233,0.07135432213544846,0.14444372057914734,0.03177034482359886,0.01440298743546009,0.00578929902985692
183__NxbN7iCl3w_594_1_label_fake.npz,Fake,Real,0.1512268354929807,0.06928236782550812,0.6627901792526245,8.381018656855588e-10,0.016994284465909004,0.007067345082759857
081_4d677d83.jpg_1POFF5RQjyM_82_1_label_fake.npz,Fake,Real,0.024979546293616296,0.09096557646989822,0.0028771001379936934,0.0020158581901341677,0.020630067214369774,0.008409129455685616
015_3a0f9ec8.jpg_GNkwgfQFj60_69_6_label_fake.npz,Fake,Real,0.1017967551015318,0.18120093643665314,0.005496747326105833,2.298909887528031e-16,0.06896107643842697,0.2533250153064728
Tq6_7XyCyyI_32_1--6185-lXv73xCGh8E_0_1_label_fake.npz,Fake,Real,0.2556546981883003,0.5082929730415344,0.04473714530467987,7.579264638479799e-05,0.11559171229600906,0.6095758676528931
149.png_B4LwKKKbAuI_88_16_label_fake.npz,Fake,Real,0.10202313145561703,0.06459730118513107,0.42527779936790466,7.012554448238006e-08,0.012402443215250969,0.007838043384253979
cbtkoZUOR1A_101_16_label_real.npz,Real,Real,0.25648598330658884,0.12434115260839462,0.19456681609153748,2.9551099345326293e-08,0.9410985708236694,0.02242334745824337
I5nY1qKef8M_49_1_label_real.npz,Real,Real,0.21507559269666676,0.1377575397491455,0.21281355619430542,0.6825929880142212,0.03176531195640564,0.010448567569255829
mk3ebu5ue3U_66_6_label_real.npz,Real,Deepfake,0.5960811083179578,0.648747444152832,0.7275248765945435,2.8105905585107394e-05,0.930638313293457,0.6734668016433716
cKuQhjDMxYI_15_1_label_real.npz,Real,Deepfake,0.36547841373279727,0.5742225050926208,0.004117516800761223,5.8645756695341333e-08,0.46604299545288086,0.7830089926719666
8efxcrjdffg_0_6_label_real.npz,Real,Deepfake,0.3734022274613381,0.46439310908317566,0.08741219341754913,0.9999635219573975,0.06614314764738083,0.24909916520118713
9902-I5oeY5O5oJI_46_3_label_fake.npz,Fake,Deepfake,0.3839749075472355,0.10818977653980255,0.5483123064041138,0.9999998807907104,0.20394422113895416,0.05942835286259651
398_MxlocFNdoXg_720_1-batch-2025-02-04-10-00-57-143_label_fake.npz,Fake,Real,0.14231628330406781,0.08522315323352814,0.568893313407898,6.342218483723627e-08,0.02845546044409275,0.02900942601263523
38747-zr6OpxBh5DA_7_1_label_fake.npz,Fake,Real,0.14831007284687983,0.20499689877033234,0.33965256810188293,3.3161425108119147e-06,0.11888772249221802,0.07800985872745514
22779_BhwnAYvzhm4_32_1_label_fake.npz,Fake,Real,0.04032186828553677,0.0882393941283226,0.03402448073029518,0.015188271179795265,0.0487590916454792,0.01539810374379158
14635-snplq3D9n68_30_1_label_fake.npz,Fake,Real,0.06724848811936682,0.10463177412748337,0.18838141858577728,3.215900869690813e-05,0.028195131570100784,0.015001957304775715
18986_d2om_PGtwWY_33_2_label_fake.npz,Fake,Real,0.23295331923291088,0.06340795755386353,0.10011383891105652,0.9572473168373108,0.03850199654698372,0.005495486315339804
GiWHOpvWo38_331_1_label_real.npz,Real,Real,0.27861123501788826,0.5147314071655273,0.019653907045722008,0.0015491548692807555,0.37737956643104553,0.4797421395778656
zpEUWKUUxdY_50_1--NHVXgWJiIcs_9_1_281_label_fake.npz,Fake,Real,0.2455380701023387,0.614936113357544,0.0015436147805303335,0.00022099960187915713,0.49909982085227966,0.1118898019194603
16651-6GqonOcxCQQ_131_1_label_fake.npz,Fake,Real,0.3407809753487527,0.49291881918907166,0.015049940906465054,6.619167834287509e-06,0.75874924659729,0.4371802508831024
2442-2WGnDrVPG8A_72_2_label_fake.npz,Fake,Real,0.17250244179740548,0.17566969990730286,0.3180025517940521,0.0039936755783855915,0.023626767098903656,0.3412195146083832
0juLRi90kRg_39_5_label_real.npz,Real,Real,0.31704408228397496,0.5683639049530029,0.17193125188350677,6.298677179735748e-15,0.3533538281917572,0.49157142639160156
056_3a21c6af.jpg_-qs_Rh-rAbI_73_1_label_fake.npz,Fake,Real,0.025679714674604528,0.0805061012506485,0.007021536119282246,3.2943251682127084e-08,0.021340496838092804,0.0195304062217474
J_ComKnl1hk_6_20_label_real.npz,Real,Real,0.01939843763571503,0.07268419116735458,0.007548726629465818,2.747854352946888e-07,0.012261414900422096,0.004497580695897341
010_34d63b53_tStxmy972vw_9_5-batch-2025-02-05-13-35-36-158_label_fake.npz,Fake,Real,0.06733490078113391,0.13682226836681366,0.07040394097566605,4.822380651603453e-05,0.026432428508996964,0.10296764224767685
094_c255b703.jpg_6l6NFBuOYjk_74_1_label_fake.npz,Fake,Real,0.08374256716719249,0.24496017396450043,0.03534679114818573,7.703786220059072e-11,0.09934389591217041,0.03906197473406792
GySD76yMiAA_2_3_label_real.npz,Real,Real,0.11617935254216717,0.2757968604564667,0.1066344827413559,8.275312211480923e-06,0.16631300747394562,0.03214413672685623
16425.png_KyeC6d6MTSU_134_3_label_fake.npz,Fake,Real,0.33474311768077314,0.06920354813337326,0.7170480489730835,0.8728469014167786,0.011155275627970695,0.0034618142526596785
62ywI44YAxQ_78_21_label_real.npz,Real,Real,0.12579407012090088,0.1192723885178566,0.4743494391441345,0.00015391362830996513,0.023243701085448265,0.011950908228754997
023_4e454f96_QVr1PThaCJ4_72_1_label_fake.npz,Fake,Real,0.1603652439847057,0.06458228826522827,0.28762733936309814,4.108729356744334e-09,0.44338735938072205,0.0062292288057506084
TXf3uH5YqM4_0_2--7162-I5oeY5O5oJI_56_4_label_fake.npz,Fake,Real,0.3005538612108467,0.43481430411338806,0.39980825781822205,1.6984845387923997e-06,0.09714512526988983,0.5709999203681946
nnQNH-sotI8_40_1_label_real.npz,Real,Real,0.29997021071612834,0.30193576216697693,0.022749638184905052,0.9999998807907104,0.03951661288738251,0.1356491595506668
ypMVswItFWI_6_1_label_real.npz,Real,Real,0.16810575058387942,0.11778228729963303,0.5561409592628479,4.286729904379172e-07,0.04238913953304291,0.12421593815088272
MM_bPbjR8CI_22_1_label_real.npz,Real,Real,0.041398531056496914,0.08197508752346039,0.08380886912345886,3.0152669250327335e-09,0.020323140546679497,0.02088555507361889
17986-Mb-ynUI4Me4_35_1_label_fake.npz,Fake,Real,0.11373466496152106,0.19255051016807556,0.03494364768266678,8.241742762038484e-05,0.021940967068076134,0.3191557824611664
73_9uoW1hsVTvw_audio_1_82_label_fake.npz,Fake,Real,0.15555080175399782,0.07414774596691132,0.5250583291053772,0.1463310867547989,0.008532322943210602,0.02368452399969101
11011-ADTwFvHACE4_117_1_label_fake.npz,Fake,Real,0.09896124799855102,0.06586690992116928,0.38252440094947815,2.986345464250917e-07,0.012448592111468315,0.03396603837609291
23091-TsQZOTSteK8_30_1_label_fake.npz,Fake,Deepfake,0.4210681052218206,0.5261557698249817,0.38611096143722534,1.0342007044528145e-05,0.9741346836090088,0.2189287692308426
03157_-qs_Rh-rAbI_91_2_label_fake.npz,Fake,Real,0.022824964776352992,0.07577823847532272,0.01677239127457142,1.3558645761690968e-08,0.012500520795583725,0.009073659777641296
14602-ybfyLfI5Ml0_104_1_label_fake.npz,Fake,Real,0.03994062766846095,0.08368348330259323,0.053408876061439514,2.0666666294966163e-11,0.03153415396809578,0.031076624989509583
9qs2erQgEzs_71_1_label_real.npz,Real,Real,0.09328577875737665,0.16133631765842438,0.26508545875549316,4.4720343339577084e-07,0.02459174022078514,0.015414929948747158
17990_2ECheTEbkhQ_23_3_label_fake.npz,Fake,Real,0.03325233263894916,0.0767495259642601,0.023605622351169586,0.028682027012109756,0.0312512032687664,0.005973284598439932
27437-o3KMJLxjdoM_61_3_label_fake.npz,Fake,Real,0.04442912116646767,0.07590800523757935,0.03727356716990471,0.01754174940288067,0.02476109005510807,0.06666119396686554
134_736d1702-PqumaD82tcI_103_1_label_fake.npz,Fake,Real,0.2886645645572571,0.30645057559013367,0.07129053771495819,0.00015033814997877926,0.22525860369205475,0.8401727676391602
jT0Uw6EwOyQ_35_1--2NlEdgEI_mc_107_21_211_label_fake.npz,Fake,Real,0.022179215130074682,0.070683054625988,0.009813564829528332,4.987635406905611e-07,0.015291579067707062,0.015107378363609314
uDQs1pf8-9s_6_2--SzhK7Q-pY0U_1_8_106_label_fake.npz,Fake,Deepfake,0.3999471578542398,0.7784700393676758,0.037574633955955505,4.472108685149578e-06,0.8756645321846008,0.3080221116542816
V3Cav6WhwZc_24_3--5618-J-vYXU4vqcY_11_1_label_fake.npz,Fake,Real,0.21977946846650412,0.360258549451828,0.13819028437137604,1.2561165476654423e-06,0.15862871706485748,0.4418185353279114
14529-ndJhwVupwVQ_1_1_label_fake.npz,Fake,Real,0.017118001729249956,0.06254658848047256,0.010928871110081673,4.999793514757852e-25,0.01014991570264101,0.0019646333530545235
051_2505e244_8wx4wssZgfo_68_1_label_fake.npz,Fake,Real,0.02604759614914656,0.08123672008514404,0.019177911803126335,0.0020215557888150215,0.015926340594887733,0.011875452473759651
257_KNktDoYajMk_95_1_label_fake.npz,Fake,Real,0.05385163575410843,0.07448931038379669,0.051677972078323364,0.013053197413682938,0.11429141461849213,0.015746284276247025
4219-J-vYXU4vqcY_10_3_label_fake.npz,Fake,Real,0.11927703629726438,0.05836261436343193,0.521034300327301,7.049584527241137e-11,0.014671621844172478,0.0023166448809206486
14772-lkMV6SxilXc_52_1_label_fake.npz,Fake,Real,0.25261034555733203,0.07378055900335312,0.22922755777835846,0.9343481063842773,0.014685994014143944,0.011009510606527328
5287-DeB8-H3L04c_14_2_label_fake.npz,Fake,Deepfake,0.44393250048160554,0.6038991212844849,0.5535173416137695,0.9283015131950378,0.07111146301031113,0.06283306330442429
10530-dxA6D4dJWn8_79_1_label_fake.npz,Fake,Real,0.17295319800632572,0.23988647758960724,0.4177244007587433,1.2233359484525863e-05,0.16420605778694153,0.04293682053685188
29515-fAh51cqF86I_28_2_label_fake.npz,Fake,Real,0.0843294750899779,0.09809031337499619,0.08696684241294861,3.5120430869062247e-13,0.02880103699862957,0.20778918266296387
mWNwWonVpcE_15_2_label_real.npz,Real,Real,0.01544374299881497,0.0602196529507637,0.003270963905379176,2.7393426194066706e-07,0.009655751287937164,0.0040720729157328606
kvYaojOQhX4_13_1_label_real.npz,Real,Real,0.17571344301104547,0.12935487926006317,0.12875230610370636,0.5971511602401733,0.013680010102689266,0.009628859348595142
xIMS_-reEco_305_1_label_real.npz,Real,Real,0.09330752104579007,0.15347521007061005,0.0036442566197365522,4.370187525637448e-06,0.040615953505039215,0.2687978148460388
7_9hY06BZQc_45_1_label_real.npz,Real,Real,0.1599107034729464,0.40186795592308044,0.017564214766025543,3.736542808496779e-08,0.04807554557919502,0.3320457637310028
eyb0_CHPvE0_77_1_label_real.npz,Real,Real,0.20880451106976353,0.3622577488422394,0.1698060929775238,1.8894428421845078e-07,0.20982126891613007,0.30213725566864014
6noIJpqRyvk_41_6_label_real.npz,Real,Real,0.12126768679881936,0.38278791308403015,0.14335641264915466,0.00011447824363131076,0.05786296725273132,0.022216662764549255
e_M_h01yhPQ_6_1_label_real.npz,Real,Real,0.13272125252110525,0.13713586330413818,0.3965069353580475,2.7500352643983206e-06,0.1200123280286789,0.009948385879397392
f5utLluNHNs_92_4_label_real.npz,Real,Real,0.11098792031407358,0.3164961636066437,0.10698264092206955,0.006248073652386665,0.020639808848500252,0.10457291454076767
JIhXrwnD-EU_124_1_label_real.npz,Real,Deepfake,0.4631738351665501,0.7970163226127625,0.011067592538893223,3.756844661750858e-12,0.7666242718696594,0.7411609888076782
V4ky5dwCLUg_426_1_label_real.npz,Real,Real,0.22767523434777104,0.2466186136007309,0.015387049876153469,1.542646532470826e-05,0.4189354479312897,0.45741963386535645
elNx36q2vLM_28_1_label_real.npz,Real,Real,0.07785132937134202,0.1666422188282013,0.1834399402141571,4.4446519083468986e-14,0.021698856726288795,0.017475631088018417
0XK4xCZZxFc_6_1_label_real.npz,Real,Deepfake,0.5367689669180457,0.5309284925460815,0.4441133439540863,2.4111877425236905e-11,0.9137904047966003,0.7950125932693481
zijmkxLNeK0_5_1_label_real.npz,Real,Real,0.05943990033119932,0.07175415009260178,0.1820915937423706,7.700915977597127e-16,0.03031194396317005,0.013041813857853413
_KUYDD5enPo_33_2_label_real.npz,Real,Real,0.11661575175821781,0.0816979929804802,0.24341724812984467,0.19374850392341614,0.03995881229639053,0.024256201460957527
ZzfsQF3ig2k_243_7_label_real.npz,Real,Real,0.054731239409282484,0.06682344526052475,0.11084851622581482,3.879441212717438e-09,0.04811106622219086,0.04787316545844078
UHWeR0ChEZQ_71_2_label_real.npz,Real,Real,0.0878377248559957,0.0747992992401123,0.33531227707862854,1.3691786193703592e-07,0.024200454354286194,0.004876456689089537
-nIguiavWKY_80_1_label_real.npz,Real,Real,0.07111210863358793,0.1684664487838745,0.02039947547018528,6.517547717521666e-06,0.02100321836769581,0.1456848829984665
zR7WQ_h0bxM_49_1_label_real.npz,Real,Real,0.17902508827045466,0.12816323339939117,0.03002036362886429,9.908795312041363e-11,0.4135969281196594,0.3233449161052704
0Wey_XfRWvY_128_7_label_real.npz,Real,Real,0.055516257327153255,0.07471326738595963,0.16606949269771576,1.9142876520050756e-11,0.024038927629590034,0.012759598903357983
sJai0cem3jQ_31_1_label_real.npz,Real,Real,0.0448350731836269,0.08586414903402328,0.0827118307352066,2.139066479500684e-09,0.016891349107027054,0.03870803490281105
-r8gDmbKYbU_2_14_label_real.npz,Real,Real,0.06644512482384926,0.17970141768455505,0.003223577979952097,1.8748653474176535e-06,0.025501597672700882,0.12379715591669083
BFTUrrBGBao_68_2_label_real.npz,Real,Real,0.10991660245915585,0.11816070228815079,0.39048513770103455,5.763434868244488e-11,0.028771499171853065,0.012165673077106476
BFTUrrBGBao_69_1_label_real.npz,Real,Real,0.16183599041985416,0.17009098827838898,0.5816311240196228,1.8586509895612835e-06,0.037078581750392914,0.020377399399876595
Tq_yH1zEyaI_43_1_label_real.npz,Real,Deepfake,0.49443595348802777,0.5908176898956299,0.06612051278352737,2.0756824596901424e-06,0.9757115840911865,0.8395279049873352
z-G3N7bVKTU_40_1_label_real.npz,Real,Real,0.05553301241070586,0.16953693330287933,0.012759746052324772,1.1717146662704181e-05,0.04673636704683304,0.04862029850482941
fRvu1JgiRiU_55_1_label_real.npz,Real,Real,0.1378690749406914,0.22486571967601776,0.18362735211849213,4.968687137077432e-14,0.14700312912464142,0.13384917378425598
oWEF_g9IpLE_0_2_label_real.npz,Real,Real,0.23426103247329594,0.07654628902673721,0.07624645531177521,0.9997647404670715,0.014570742845535278,0.004176934715360403
TeY1kBZCRNc_135_1_label_real.npz,Real,Real,0.050031928073440216,0.20529000461101532,0.017022754997015,6.466967897722498e-05,0.015626197680830956,0.012156013399362564
GaKL6i3ISPc_110_2_label_real.npz,Real,Real,0.19893252477049891,0.38862186670303345,0.009002309292554855,3.146209014886006e-15,0.18726485967636108,0.409773588180542
QpbPUAQ9GxM_75_2_label_real.npz,Real,Real,0.07741707973288499,0.1135207787156105,0.00669143395498395,3.8655201706205844e-08,0.03854059800505638,0.2283325493335724
qF8dChL_5lM_17_1_label_real.npz,Real,Real,0.27354535240265315,0.3503342270851135,0.2458072155714035,1.6553140802511024e-10,0.7430510520935059,0.028534267097711563
lp8KBXdMlU8_3_1_label_real.npz,Real,Deepfake,0.35211565051577054,0.09214943647384644,0.7883145213127136,0.0003405960451345891,0.7612379789352417,0.11853571981191635
xYvie7f9Dq4_81_2_label_real.npz,Real,Real,0.06360466878197855,0.09698423743247986,0.09189780056476593,3.107300727833717e-08,0.04644134268164635,0.08269993215799332
PyLbdkRVKh0_7_1_label_real.npz,Real,Real,0.14794528908012988,0.09845530986785889,0.16401703655719757,6.943286501304158e-10,0.018073266372084618,0.4591808319091797
V7g7ZFObO7Y_1503_2_label_real.npz,Real,Real,0.15799008535204115,0.37102845311164856,0.04929601773619652,9.227701935898835e-11,0.11400175094604492,0.2556242048740387
6OMxEdnXmQY_294_2_label_real.npz,Real,Deepfake,0.37992797458296085,0.7248005270957947,0.210641011595726,8.177819381671725e-07,0.6081379055976868,0.35605961084365845
eUOLg70FT2M_562_1_label_real.npz,Real,Real,0.0754107655439242,0.15290597081184387,0.010695972479879856,1.1522494958171592e-07,0.04979922994971275,0.16365253925323486
LNn1IW-5-rI_419_2_label_real.npz,Real,Deepfake,0.3762228429317516,0.6646308302879333,0.13069862127304077,2.087482205322122e-14,0.7698898911476135,0.31589487195014954
kvYaojOQhX4_10_1_label_real.npz,Real,Real,0.160734136775136,0.29654088616371155,0.1767837256193161,1.4369679496164335e-19,0.025989675894379616,0.3043563961982727
0GFpYNkwulE_165_2_label_real.npz,Real,Real,0.03162414074021171,0.08172191679477692,0.05461068078875542,3.520784730426385e-08,0.011387694627046585,0.010400376282632351
mJERjWcYYVI_349_1_label_real.npz,Real,Real,0.3362083391286433,0.08664382994174957,0.597385823726654,0.9775596857070923,0.014042188413441181,0.00541016785427928
8GpRabFxLWk_798_8_label_real.npz,Real,Real,0.04912110292061697,0.07209798693656921,0.1564820110797882,0.0001303662866121158,0.012543750926852226,0.004351399373263121
elNx36q2vLM_15_1_label_real.npz,Real,Real,0.1103027086705259,0.35719677805900574,0.14798028767108917,1.4478476468952894e-13,0.017818570137023926,0.028517907485365868
xIMS_-reEco_367_1_label_real.npz,Real,Real,0.07594074286480926,0.11564967036247253,0.08736191689968109,1.3781596308604094e-08,0.045887067914009094,0.13080504536628723
V4ky5dwCLUg_123_1_label_real.npz,Real,Real,0.08201657161116623,0.12575969099998474,0.04361739382147789,1.1070932378850519e-15,0.09856286644935608,0.1421429067850113
qF8dChL_5lM_11_1_label_real.npz,Real,Deepfake,0.43693718612194626,0.6859082579612732,0.2351192682981491,2.7998458925122295e-14,0.9631224870681763,0.3005359172821045
P9rEtDiot-w_4_3_label_real.npz,Real,Deepfake,0.4538937466582866,0.22763395309448242,0.88922518491745,4.334114055382088e-05,0.8639775514602661,0.2885887026786804
mjWMUvZ3NUs_49_1_label_real.npz,Real,Real,0.05146837113601066,0.08920918405056,0.08048412203788757,1.1595845705869579e-07,0.014849607832729816,0.07279882580041885
uVZxhABwsLw_19_1_label_real.npz,Real,Deepfake,0.3573357550006623,0.16366036236286163,0.5129594802856445,2.8660652517942253e-08,0.887885570526123,0.22217333316802979
L36UzqXOjcY_4_1_label_real.npz,Real,Real,0.07875802412163466,0.12393470108509064,0.05962248519062996,0.0013954000314697623,0.01548020076006651,0.19335733354091644
0Wey_XfRWvY_122_1_label_real.npz,Real,Real,0.05308348347898573,0.08358265459537506,0.14373843371868134,0.0014106285525485873,0.02720116451382637,0.00948453601449728
0Wey_XfRWvY_123_2_label_real.npz,Real,Real,0.08644301482503201,0.12798382341861725,0.23744037747383118,4.7911417888624186e-11,0.05004274845123291,0.016748124733567238
vgyLaiYwqsY_0_1_label_real.npz,Real,Real,0.06799043230712414,0.12278848886489868,0.0623784065246582,1.628374353545967e-17,0.12927965819835663,0.025505607947707176
OWYxOGM51NU_31_3_label_real.npz,Real,Real,0.3209647819400601,0.35282373428344727,0.08535289019346237,3.8370749719934816e-13,0.8200424909591675,0.3466047942638397
lITf2yPH_HI_23_1_label_real.npz,Real,Real,0.3058121246554635,0.5078511238098145,0.18393905460834503,9.559501279454707e-08,0.6594659686088562,0.1778043806552887
mk3ebu5ue3U_46_6_label_real.npz,Real,Deepfake,0.42009535729885106,0.46591076254844666,0.5387001037597656,0.019624710083007812,0.8774977326393127,0.19874347746372223
6noIJpqRyvk_26_14_label_real.npz,Real,Real,0.08392154374069452,0.3236941397190094,0.04901526868343353,1.1596321680684696e-09,0.02895098365843296,0.017947325482964516
ymRL2llLx3c_26_7_label_real.npz,Real,Real,0.09398219362648905,0.1480921506881714,0.00875856727361679,3.738097678618324e-11,0.2709636390209198,0.042096611112356186
vVZGGl7ivy8_22_2_label_real.npz,Real,Real,0.29994840604991846,0.5375310182571411,0.40723398327827454,2.710983721954108e-07,0.04416584596037865,0.510810911655426
Kkbnm5P2waQ_481_1_label_real.npz,Real,Real,0.03332289737895735,0.08722549676895142,0.013538395054638386,2.2277824882621644e-06,0.02892652340233326,0.03692184388637543
aEJY8qrqB7M_42_1_label_real.npz,Real,Real,0.08531985506415367,0.11224907636642456,0.05461154133081436,0.09627319127321243,0.039334487169981,0.124130979180336
-Wc4JH2UbKk_82_1_label_real.npz,Real,Real,0.06317517089258509,0.11153252422809601,0.10369593650102615,1.5020910737462145e-08,0.03562101349234581,0.06502636522054672
P9rEtDiot-w_69_4_label_real.npz,Real,Real,0.1676173459738493,0.21404504776000977,0.10716956108808517,0.0034124087542295456,0.1373499631881714,0.3761097490787506
K5nAHKJjWMY_73_1_label_real.npz,Real,Real,0.07440801883349196,0.18094542622566223,0.134754478931427,0.0009557672892697155,0.020171789452433586,0.03521263226866722
GAw-vEk3Fys_2612_1_label_real.npz,Real,Real,0.3483405755833603,0.5100142359733582,0.01556443516165018,4.05625457267772e-13,0.8668587803840637,0.3492654263973236
qzefMI98qQw_693_1_label_real.npz,Real,Deepfake,0.42468536229922055,0.6278559565544128,0.13554401695728302,1.5891432614267842e-09,0.7946765422821045,0.5653502941131592
8GpRabFxLWk_132_1_label_real.npz,Real,Real,0.0217899920437384,0.06771733611822128,0.026606842875480652,9.262717329261427e-12,0.011526769027113914,0.0030990121886134148
yLuJcWWMDFk_14_4_label_real.npz,Real,Real,0.3333083050759681,0.36183157563209534,0.28895244002342224,1.1484065920441822e-09,0.919762134552002,0.09599537402391434
RAg2mHKGcGA_12_1_label_real.npz,Real,Real,0.023054163952474484,0.07369102537631989,0.012831242755055428,0.000178179019712843,0.011928098276257515,0.01664227433502674
W64VZ5zCM2U_59_1_label_real.npz,Real,Real,0.06745241912431084,0.1259005069732666,0.1775849461555481,0.0001901283103507012,0.020530790090560913,0.01305572409182787
4h_lWRCt0Gs_23_1_label_real.npz,Real,Real,0.050782149095275037,0.11303148418664932,0.02553984336555004,1.2089500955880794e-08,0.03346313536167145,0.08187627047300339
LRzd_fO6eX0_30_2_label_real.npz,Real,Real,0.059471152728292516,0.0720832571387291,0.17432136833667755,1.6500269339303486e-05,0.03653489798307419,0.014399739913642406
hogUjAY1POU_30_1_label_real.npz,Real,Real,0.028009604130056688,0.08242587000131607,0.03387543559074402,0.00011891512258443981,0.01404090877622366,0.009586891159415245
ZzfsQF3ig2k_94_1_label_real.npz,Real,Real,0.03496594615281762,0.08802872896194458,0.0383940152823925,5.66695568780546e-14,0.024432601407170296,0.023974385112524033
xYvie7f9Dq4_91_2_label_real.npz,Real,Real,0.1653470772831952,0.3814067542552948,0.014356213621795177,2.3681443508394295e-06,0.05010617524385452,0.38086387515068054
3OqtJBxxbgM_55_3_label_real.npz,Real,Real,0.1816517566942427,0.5402864217758179,0.08527438342571259,2.634154450120718e-09,0.1561652421951294,0.12653273344039917
0C0G4BT4pzQ_131_5_label_real.npz,Real,Real,0.05865866073606867,0.14303971827030182,0.05123184993863106,1.7237483689314104e-06,0.02331480383872986,0.07570520788431168
zUN3XwU0SuA_167_1_label_real.npz,Real,Real,0.24211984165543188,0.15681253373622894,0.030841508880257607,2.651750173610079e-11,0.7188420295715332,0.30410313606262207
qzefMI98qQw_626_1_label_real.npz,Real,Real,0.29283843471203,0.44487467408180237,0.2604478597640991,0.001634872634895146,0.17453701794147491,0.5826977491378784
LRzd_fO6eX0_45_5_label_real.npz,Real,Real,0.20102235935628415,0.06305918097496033,0.05311589688062668,0.8681256771087646,0.01770688034594059,0.0031041614711284637
oWEF_g9IpLE_0_9_label_real.npz,Real,Real,0.2404741476289928,0.07496377825737,0.13834106922149658,0.9732797741889954,0.0115402452647686,0.004245871212333441
i6fE1x3P2kY_6_1_label_real.npz,Real,Real,0.3176422153638869,0.23112963140010834,0.3455060124397278,2.3479609367882404e-09,0.6401456594467163,0.37142977118492126
rDfnzuK5QyY_46_2_label_real.npz,Real,Real,0.22508980426937342,0.12862329185009003,0.9482121467590332,0.011304694227874279,0.017614487558603287,0.01969440095126629
r1rigxJJ_Uw_39_1_label_real.npz,Real,Real,0.08795262348957351,0.1185087338089943,0.07313890010118484,3.339387433243246e-08,0.01952238380908966,0.22859306633472443
CNzIwKKH7JE_36_2_label_real.npz,Real,Real,0.2797996096313,0.2688926160335541,0.6281247138977051,0.423549085855484,0.014835808426141739,0.06359582394361496
kb4ETvGsWTw_89_2_label_real.npz,Real,Real,0.2994344659149647,0.07729541510343552,0.3759499788284302,0.9998186230659485,0.032603442668914795,0.011504869908094406
x5-94NxSnz4_0_5_label_real.npz,Real,Real,0.16623986028134824,0.08026419579982758,0.063205286860466,0.6713685393333435,0.009235119447112083,0.007126159965991974
V4ky5dwCLUg_155_1_label_real.npz,Real,Real,0.23276610547793442,0.5879462361335754,0.008374535478651524,2.852346969728359e-10,0.23530282080173492,0.33220693469047546
fJt__f-MHWo_367_1_label_real.npz,Real,Real,0.24107062444090843,0.4257199764251709,0.2950766086578369,0.05106474459171295,0.03635876998305321,0.3971330225467682
t35um9OT774_356_1_label_real.npz,Real,Real,0.2588716289028552,0.16716055572032928,0.010276193730533123,1.3331476120790903e-14,0.8601670265197754,0.2567543685436249
6aNWSCTS284_8_1_feaf3594253c300263dff21457ca310e07cb4a4d46490c659b30359219f7869092ac2f5dd260873615bfd858da554ff7ac0f5203c9cf673fc1652afe11716ef2_label_fake.npz,Fake,Deepfake,0.65764200091362,0.3799782991409302,0.20870712399482727,0.9999514818191528,0.9193779230117798,0.7801951766014099
aRhkxaF7cO0_56_13_label_real.npz,Real,Deepfake,0.5283036410808564,0.5397379994392395,0.04525160789489746,0.9885058403015137,0.8080977201461792,0.2599250376224518
pAFOYTw1_a0_1_18_236bb93afead08fce9c081757984eecf74d27089b17a2f2f349e8696f697ebc20fd92595b911f760fe1e3b9096af4ae73c227bd9d0c468ddd7e11332ac75aa08_label_fake.npz,Fake,Real,0.21870582024566831,0.06904604285955429,0.00511549785733223,0.9994217157363892,0.01723995804786682,0.0027058867271989584
f4S7SIVAHuw_1_6_2800794fcd9038fb24e9fbe94ca534f55ed5ad505f4f09ccfb4969304998104d1851fe5436e572ce272619e7c935e7b3fd2f1b0b8624d0728c9c2f9e1b402a2e_label_fake.npz,Fake,Real,0.025721397314623574,0.07865689694881439,0.0324212871491909,7.113834499250515e-07,0.013564907014369965,0.003963184077292681
C4hNyd9eJy4_0_52_a03a946ee0bfa3c6f35cfa4ba7566da913ec3b828d8feb74465725873a72a5b78c7493b0f9068bcc66238d29ccdbfb2ab63b3d85bc3e65b9628b7b863ad781a5_label_fake.npz,Fake,Real,0.1452602916659089,0.0946865826845169,0.008796358481049538,8.569251804146916e-05,0.6072238683700562,0.015508956275880337
xIMS_-reEco_484_1_label_real.npz,Real,Real,0.03962171748280585,0.08697471022605896,0.025158215314149857,2.9987225793189033e-15,0.03790710121393204,0.048068560659885406
D3lWeBEcnNE_149_3_label_real.npz,Real,Real,0.2335580307483774,0.5910983681678772,0.16097106039524078,9.059956340706776e-09,0.14411960542201996,0.2716011106967926
J_ComKnl1hk_1_3_acb90c1bdf4d4dec752ef7a5a068a0575fb45336ecab1283f2e0147e63aaaaa7dcd02c282188efa8cb49eab8ec221fa43203815a261d6c45ba8c82456fa4ef6f_label_fake.npz,Fake,Real,0.03259051907807589,0.08151884377002716,0.008075084537267685,0.049221720546483994,0.016103940084576607,0.008033006452023983
e_M_h01yhPQ_5_1_0ab3ca9d-2b9c-417c-b5cc-12c51adbff38_label_fake.npz,Fake,Real,0.26363336127251386,0.12987402081489563,0.10573090612888336,0.9949336647987366,0.07963123917579651,0.00799697544425726
J_ComKnl1hk_4_60_ef3492986a189489e0f9acae53ac907862df4e5da719803c15c72cdc5814b8a4020f7f55353b0cc6a664b5806909156b20b1112d0a941b235e98e10563117e37_label_fake.npz,Fake,Real,0.030018111225217584,0.08142685145139694,0.035828761756420135,0.009907263331115246,0.018015598878264427,0.004912080708891153
U_3aCekML-Y_53_15_label_real.npz,Real,Real,0.22271025865338745,0.07462843507528305,0.01992068998515606,0.9999986886978149,0.01545728836208582,0.003546191146597266
f4S7SIVAHuw_7_11_694f653ba2431188dd9e70a4742071c13e5c3720cb8401584d5cab790a0c5279c5fa2aa1c7bcb578f2b3bcbd63d1cce2f44ca02d7e3aae779733f990ff60b722_label_fake.npz,Fake,Real,0.02998620248399675,0.0937027633190155,0.028730612248182297,0.001396682346239686,0.02034187689423561,0.005759077612310648
tUGo_7dOEzU_13_1_52f0b11b4571a7c670fe631149eba1187dca404af883f4f56ee81e1c725270542bbecb7cf4ec0c1a5c8bcc8efa95c1bde06f08ec3077d23896f57b6e3246589e_label_fake.npz,Fake,Deepfake,0.7665379166603089,0.8772568702697754,0.3150310516357422,0.9999892711639404,0.6782006621360779,0.9622117280960083
0MECuVsUHhw_100_2_57b304c25c9e9b9c692711dd240291dca3e0c1b11dcaf9161d19dfe1ba74c76b2f5fe48625126ea94a7177c02b2f75c89c063870857deb4dc4aa4ac0a1502a49_label_fake.npz,Fake,Real,0.3425127059221268,0.300471693277359,0.022849641740322113,1.0,0.03118368238210678,0.35805851221084595
pjhvih10vOA_2_1_4cbca404eeedae93a764273e4bfa0ce7008f172fa212828fe77587db34e72966df2ceac42a6ad4f28d3f644b4277187b172a4b9c942c1e943d56a4b435771edb_label_fake.npz,Fake,Real,0.2651258697733283,0.2810703217983246,0.010346499271690845,0.016986964270472527,0.8598608374595642,0.15736472606658936
-Z9yRh2X1Uc_32_1_label_real.npz,Real,Real,0.05036188515803018,0.0661465972661972,0.1695578247308731,6.657381756980385e-09,0.011671258136630058,0.004433738999068737
SzhK7Q-pY0U_1_76_3f7b3393320067701498b8a13269baa9f9735670bb80bdebbf9b69aca472c079476b4d17b61a64379605809777af9def902cf74542f9739d260216067765def8_label_fake.npz,Fake,Real,0.22896531056612734,0.07634276151657104,0.042328253388404846,0.9997683167457581,0.020311543717980385,0.006075677461922169
e0WrsJ1P-AM_13_1_label_real.npz,Real,Deepfake,0.3675159335136414,0.4576481878757477,0.12237387895584106,0.7626955509185791,0.23642081022262573,0.2584412395954132
-nIguiavWKY_53_1_label_real.npz,Real,Real,0.03014463089740349,0.0831833928823471,0.034634970128536224,7.617509956148183e-10,0.013888273388147354,0.01901651732623577
-aDPCjQeWQs_226_12_5c27b405d490bd37b92443b1c6765fdf2af1eaec096e6ce18f9170acb43cdd1324ae3207d4b21ba2614167ef0744529a66015102798ddad8c9c13af67eae8640_label_fake.npz,Fake,Real,0.15435732416808606,0.07994630187749863,0.38370999693870544,0.26081275939941406,0.03143814578652382,0.015879416838288307
Kkbnm5P2waQ_216_2_label_real.npz,Real,Real,0.01820518373970117,0.062338411808013916,0.011963864788413048,4.144827471463941e-06,0.013317626900970936,0.003401870373636484
I3S-87rFc4U_117_5_label_real.npz,Real,Real,0.03935683979652822,0.11632826924324036,0.04576651379466057,0.0028055801521986723,0.025865795090794563,0.006018040701746941
jagcBY8zj_w_27_7_label_real.npz,Real,Real,0.2479060582816601,0.45109042525291443,0.014781545847654343,7.761785088675801e-17,0.18719206750392914,0.5864662528038025
b4rtVFikc6Y_163_1_label_real.npz,Real,Real,0.3404619544776032,0.2085513174533844,0.45990628004074097,1.5770244485291407e-11,0.9323281049728394,0.10152406990528107
hT1KUqL4PaM_331_1_label_real.npz,Real,Real,0.19347101594481952,0.41869840025901794,0.06457174569368362,7.225775977559579e-09,0.07242204993963242,0.41166287660598755
SDMFBIhN9fw_205_2_6688a10c75b2940810890df0e8b7700014c3e87c325cc1fe2f64f3392a98df32052efd073d38c505ac20c7f01dde657a03834e57d0be5a151af2da2018699a0b_label_fake.npz,Fake,Real,0.32405231297016146,0.29906269907951355,0.30125102400779724,0.23667822778224945,0.4716857671737671,0.31158384680747986
0gNj56kTibw_29_1_5073961b-c49f-424a-918a-03120bc4183f_label_fake.npz,Fake,Deepfake,0.898474156856537,0.7746958136558533,0.8460257649421692,0.9917352199554443,0.9858497977256775,0.89406418800354
BJd6leshcjc_15_4_label_real.npz,Real,Real,0.08037026647616585,0.1349726915359497,0.009676835499703884,1.734831130306702e-05,0.054697152227163315,0.2024873048067093
eUOLg70FT2M_353_1_label_real.npz,Real,Real,0.04479414859088138,0.09755972027778625,0.0037604300305247307,0.00027806597063317895,0.05333402380347252,0.0690385028719902
4gat-v-Yzvg_142_1_label_real.npz,Real,Real,0.08787096452973976,0.07525578141212463,0.19884458184242249,6.09094552572742e-10,0.0405404269695282,0.12471403181552887
J_ComKnl1hk_7_29_9f67c80184f75a777443f4635bbab429ab65de4bee7c7882f582a10c2cf37af7189c24ed893bdc75855e7a521b2fcb77d7774172c426fc8ea0344f395df27955_label_fake.npz,Fake,Real,0.26537509011104704,0.07324766367673874,0.35557931661605835,0.8703634142875671,0.022107617929577827,0.005577438045293093
SzhK7Q-pY0U_1_25_bc90e876841d63f3c21ad6175ad4afa5dd104c35fbc71fe187a5c90512222e33615ddaa10489957a9567e1ddfb52175b9f708058161af635cd2e2c9ca65700f0_label_fake.npz,Fake,Real,0.021784394463865025,0.0768013447523117,0.01529536210000515,1.2323101650224544e-08,0.011565429158508778,0.005259823985397816
hdS30nnhNZo_6_9_1ebda36c79c7942d2d10a68236599dd5be279fcf6f17adb5e29923dfdb0044200b4cdb925434b6c19e51e539da6633d710839af5c9a07a89be405317898e5724_label_fake.npz,Fake,Real,0.03206212503864663,0.07193872332572937,0.07142128050327301,1.968033757293597e-05,0.010209372267127037,0.006721568759530783
B4LwKKKbAuI_88_32_a4a76115535203d52f6ffd146fdec48a0363deb9e05628e304d9d7ae51fd8e2295344498506a1c20ef7ec18c1e6c2c2c5e570c4057040e2319ae18c0d170fabe_label_fake.npz,Fake,Real,0.029282893092829457,0.08912088721990585,0.029291681945323944,2.8657490247496753e-07,0.023301396518945694,0.0047002132050693035
eWj2-6q2ybk_211_1_acfe2b4f4b0ea83323b607be0b329fa14ad49f29e8dcdd37a346264fdf0590976fa17c56aaa90ad1eaad1f2d07a18186961a52a4c713086a0bdd8069c4d95b02_label_fake.npz,Fake,Real,0.09443550854921341,0.06884103268384933,0.30506983399391174,0.062432680279016495,0.03196098282933235,0.003873012959957123
LcG3blUixo0_37_1_179de31290404c21cb681e479c76824f56b3539a4001756762e6631a20d53d275730d907c4ba7a1c9352d20a9d5b0ab84834a813e3df14b269797e67542ba4f5_label_fake.npz,Fake,Real,0.020543522620573643,0.07756860554218292,0.007946135476231575,0.004527157172560692,0.009493665769696236,0.0031820491421967745
zd9TNPVVfvI_29_1_label_real.npz,Real,Real,0.057091260030132984,0.08339004963636398,0.035079892724752426,3.688656047273753e-10,0.04326586797833443,0.12372048944234848
i52UkbhBaSc_21_2_a4a76115535203d52f6ffd146fdec48a0363deb9e05628e304d9d7ae51fd8e2295344498506a1c20ef7ec18c1e6c2c2c5e570c4057040e2319ae18c0d170fabe_label_fake.npz,Fake,Real,0.09333978162321728,0.07411333173513412,0.3137425184249878,9.810538904275745e-05,0.06640191376209259,0.01234303880482912
M2WQAQMu0zc_2_1_2904a5e813723859c454988091d61c848f8c189c9935f0d90c7371452152b0a19948e285c48d21206f01b2631ead4db6e5b6043cc42d7457373b7eb552f62ec3_label_fake.npz,Fake,Real,0.2026721191013195,0.42207154631614685,0.06518463790416718,1.0262148464335041e-07,0.04682806879281998,0.47927623987197876
f4S7SIVAHuw_9_7_eba68f916957feb0b223aa2d99e8be2415acb0f0c7a97c9129ad8745ed656f1c0c70043189478534f76045de02de1dfe7859ec324742a8dac042d7b6fc0538ce_label_fake.npz,Fake,Real,0.2719018924515694,0.06355196982622147,0.34277525544166565,0.9349221587181091,0.014877669513225555,0.003382408758625388
Ll8xGtwvH84_353_4_d71a03682ca2999b99dcc94d89a921e6297c14a9b712ddd868b8d87ec0f3da4c115e095b9b8d903c75a6c6f76468aade18d810c593fedac673ad66118dc1b31d_label_fake.npz,Fake,Deepfake,0.5893198966979981,0.655400276184082,0.297890305519104,0.9999781847000122,0.4425514340400696,0.5507792830467224
9ERmSCPCY5k_10_1_079564bd621fce68c93a5a77d650116e3c6416c2172db4a25bef0e4cd6f9b1fe61fc8ba2d89a2252f932703fb0ae3356a593b6ade4bf333fc454c3b78bedfb57_label_fake.npz,Fake,Real,0.13387357466854155,0.06667355448007584,0.567853569984436,0.018822399899363518,0.013309319503605366,0.0027090294752269983
dFiwhwAHNMw_125_4_6daa180b5a8f3703a86898bbacdda8bb2e72f7af44850881e1ee8d17b67bdea94aa26dd2a3d781e6ce1f91a44ef58856e95dd9949eebdc1c0393ee37334cccb6_label_fake.npz,Fake,Deepfake,0.6692329406738281,0.4551912248134613,0.34210076928138733,1.0,0.90635085105896,0.642521858215332
uf6AEUyJU94_51_1_label_real.npz,Real,Real,0.024850812405692757,0.0669001117348671,0.021192340180277824,1.119311754393948e-09,0.02122870646417141,0.014932902529835701
Co5CIKNn1mk_102_2_label_real.npz,Real,Real,0.13018952860684296,0.36150258779525757,0.048901159316301346,1.92370271179243e-06,0.03906910866498947,0.20147286355495453
gVkKxrLpY1I_61_1_label_real.npz,Real,Real,0.016003754210929415,0.06286068260669708,0.002917794045060873,1.7364988613710608e-10,0.011108224280178547,0.0031320699490606785
hw3g_YSYqp0_21_1_label_real.npz,Real,Real,0.0861423195973261,0.21730540692806244,0.031188448891043663,1.0095647873242797e-08,0.03087843954563141,0.15133929252624512
F1D_L94WDJk_0_1_0a021f2a-fd58-4ac9-aa95-27115a54603f_label_fake.npz,Fake,Deepfake,0.5155713334679605,0.49527356028556824,0.512829601764679,0.9998425245285034,0.08733431249856949,0.4825766682624817
sba-i5-e3WY_3832_2_02405d4603a881a0c1e13de949794f8252d1797f835f3f65ce063e01a3b8eb2457b73e2e78605d46009f5e036423473a0a34187614217632f1913fcdfbd1b34f_label_fake.npz,Fake,Real,0.1272861786186695,0.3907160460948944,0.04844791069626808,0.049913592636585236,0.10582660138607025,0.04152674227952957
PqumaD82tcI_174_1_b6d4554398c0521f33cad04398c7614604e5ff6db94d5fced4ffc9946a263a1fd83117f0a4c3bb26a069599b0f3fae01e01f660a09b6dde3bacd7c86152aa1d3_label_fake.npz,Fake,Deepfake,0.5986199617385864,0.4312783181667328,0.07975611090660095,0.9933679699897766,0.8056183457374573,0.6830790638923645
9DTxDmLwFb8_1350_22_1b71df36f4bef7de897271e79f899c26d4de6200d70ec5263385d3840eebc48ab4221346c722c1e8828f4304aaa34a255e37fdd2275eff9f411a79d4b114d229_label_fake.npz,Fake,Deepfake,0.38613169640302664,0.4278593063354492,0.04445823282003403,0.9937735795974731,0.19015690684318542,0.2744104564189911
MxlocFNdoXg_166_5_de623677a2875cc2f11361f109f1156ccc45b49a6d14f48e0ede8e72ef99883d1d849a716a92624ec267fb8843b1f3c269007bbd9d758f39a066ba9e4d572d90_label_fake.npz,Fake,Deepfake,0.4146801546216011,0.14589788019657135,0.8540876507759094,0.9963894486427307,0.0387725792825222,0.038253214210271835
i6fE1x3P2kY_6_1_ce90ce83-9a8c-4d29-8a60-bb7c30d45b8d_label_fake.npz,Fake,Deepfake,0.45011914074420933,0.22935926914215088,0.12789927423000336,0.999974250793457,0.4882175326347351,0.4051453769207001
7_9hY06BZQc_40_1_d38bca0c-4a5a-44b2-bd7d-57847aae2200_label_fake.npz,Fake,Real,0.2582156632095576,0.1304035186767578,0.10389609634876251,0.9984474778175354,0.029151858761906624,0.029179364442825317
WxdaDqICMP8_622_1_d158484bab1d1aecf49bd4752426217aed98ab54bbc08e391ba4211afad86c4cc85d1ff1aba720dadc31de85afde4efa27ac831d82e41b2fa83bcb21c69b0909_label_fake.npz,Fake,Real,0.2909918900579214,0.23218874633312225,0.18086841702461243,0.9968597888946533,0.026564214378595352,0.018478283658623695
GDq1isgt718_14_3_eadb4690-3c8a-488a-9f8b-8ff67ad1c917_label_fake.npz,Fake,Real,0.24343950711190704,0.2009483426809311,0.17987178266048431,0.6341050267219543,0.02358613722026348,0.1786862462759018
8L3KpV8zS4Y_4_6_918c0f8d-23eb-4cc8-9d09-1ffaed4f0174_label_fake.npz,Fake,Real,0.30402528792619704,0.142751082777977,0.2220914214849472,0.9902572631835938,0.07900024205446243,0.08602643013000488
9rjQ5sfeUTg_out_255_1_86ce8b78dda5f59b0c52ac2e1e6854179937e393a42cf33f2abe931217dee6757aa04df71a2beb4a65f882ada60e1c20d21341505496c7bc52e403f6f012bc04_label_fake.npz,Fake,Real,0.2955029924400151,0.2143213152885437,0.24518108367919922,0.006797077599912882,0.9267279505729675,0.08448753505945206
pTW6ocJKWSQ_448_1_24bef09f-1e46-4d38-999a-eddc41c6c7ce_label_fake.npz,Fake,Real,0.030084068630822004,0.09958650916814804,0.010759014636278152,0.0011082111159339547,0.024092132225632668,0.014874476008117199
-Z9yRh2X1Uc_23_1_d38bca0c-4a5a-44b2-bd7d-57847aae2200_label_fake.npz,Fake,Real,0.044658188102766866,0.06624145060777664,0.001702351262792945,0.1432526409626007,0.009046899154782295,0.0030475985258817673
uf6AEUyJU94_12_2_14e0e800-e07f-41f1-a48b-fec9331d8c5c_label_fake.npz,Fake,Real,0.28459210600703955,0.07092975825071335,0.32026025652885437,0.9999532699584961,0.023320969194173813,0.00849627610296011
2Ny5UJLpoxg_25_3_90712a1f-57d2-4c9e-9af2-5e66a6c21026_label_fake.npz,Fake,Real,0.26518911197781564,0.11145198345184326,0.12457417696714401,0.7466912865638733,0.2889227271080017,0.054305385798215866
VifDzyPgBNg_331_3_531d9504bf3710a2d32b085272eed0aa17d7c447e8989036d09bca554f27952612fec2c9979d769a1be7d5e1d3c4dadb753984c4fd0a70742f89345fe8e0e020_label_fake.npz,Fake,Real,0.20738079765092154,0.4729284942150116,0.050549525767564774,6.478851446445333e-07,0.17113694548606873,0.34228837490081787
ItVAtewt1-M_0_1_170f811a-b468-4ccf-bebe-b30ce2779a22_label_fake.npz,Fake,Real,0.19491982143372297,0.0752423107624054,0.6459479331970215,0.23128379881381989,0.011404025368392467,0.010721039026975632
VvyPZwhivKQ_94_1_9135c54c-d315-4bf9-b7a1-ac45d22b99e2_label_fake.npz,Fake,Real,0.062413716968148944,0.0739656612277031,0.1309589296579361,0.07737219333648682,0.025247471407055855,0.004524329211562872
VifDzyPgBNg_757_9_531d9504bf3710a2d32b085272eed0aa17d7c447e8989036d09bca554f27952612fec2c9979d769a1be7d5e1d3c4dadb753984c4fd0a70742f89345fe8e0e020_label_fake.npz,Fake,Real,0.2028603883460164,0.17577512562274933,0.13815046846866608,0.6711997985839844,0.014820227399468422,0.014356321655213833
faepaP1OAAA_150_1_0c8458f3-ed2c-4395-a8a4-4725a5480a77_label_fake.npz,Fake,Real,0.0631315354257822,0.11890324205160141,0.01928352750837803,0.08881350606679916,0.04118087887763977,0.047476522624492645
rMLfEL02QeY_0_1_7427c9e9-e729-423c-84e6-9231e0321e43_label_fake.npz,Fake,Real,0.304589369520545,0.0992068350315094,0.3093581795692444,0.9999641180038452,0.01935153268277645,0.09506618231534958
2Ny5UJLpoxg_1_1_401ab900-7ee1-4e38-a533-a491a6ff3cbb_label_fake.npz,Fake,Deepfake,0.5507951349020005,0.11766977608203888,0.7275446653366089,0.99943608045578,0.611160159111023,0.2981649935245514
jV2pjBg0srU_900_1_069bfbf1463384906e89e5552357c0c3eb8ab39de3dd753ff861a3236fbdad93c3ed0d90c594798167875e4f0757b6ad763e553cbb69f1d6a5f85c8c81a05af8_label_fake.npz,Fake,Deepfake,0.47888905256986625,0.5335447788238525,0.8792935013771057,0.0514344796538353,0.19332385063171387,0.7368486523628235
jV2pjBg0srU_447_4_fc6de929918c8de176a0174ac4d197c6c10273ce120d4197766183bb73f4f8e85213caec34c05f56137334d28db60f6120351c88e99a749f437e917b3bc156ed_label_fake.npz,Fake,Real,0.29066556217148903,0.6150973439216614,0.182862788438797,0.002580976579338312,0.10365989804267883,0.5491268038749695
uf6AEUyJU94_230_1_2dfcba75-4bc0-44fa-9398-5c84ae6d2c2f_label_fake.npz,Fake,Real,0.2780612375587225,0.256695955991745,0.059497568756341934,0.999940037727356,0.04805475473403931,0.026117870584130287
NN_GSU0aMzI_12_2_2240656e-d878-4857-ab17-69c4731e23d2_label_fake.npz,Fake,Real,0.32150601148605346,0.2803679406642914,0.05774874612689018,0.997634768486023,0.23268365859985352,0.039094943553209305
62ywI44YAxQ_92_1_862fd71fc4026017343e01a30fbe9f8eddae057d7e6afdee759b41ad7e5fbdf8ebd64042d57700a54ac47ee91f5cdccb90383aecdd3482ed4d5c7358f80a3502_label_fake.npz,Fake,Deepfake,0.427085851226002,0.10692431777715683,0.9666504263877869,0.999956488609314,0.05567469447851181,0.006223328877240419
Jz1hFqllPYs_17_3_eadb4690-3c8a-488a-9f8b-8ff67ad1c917_label_fake.npz,Fake,Real,0.1547688515856862,0.21794138848781586,0.008284554816782475,0.039883047342300415,0.5004777908325195,0.007257476449012756
VifDzyPgBNg_317_47_888f2ee0862bd62c87723c3b174d5161129f017abc9f8344bb879e0fd9fd09d49f50afe3b0865da97e6509bf3b5ffafe5a210a192dea5b55d82628a5df678ecc_label_fake.npz,Fake,Deepfake,0.7475529909133912,0.7227703928947449,0.7289726734161377,0.8259850144386292,0.7694799304008484,0.6905569434165955
jV2pjBg0srU_683_10_55e5ea07bbd6e1e54ac5ac972bcd4d390763267fa69bfd588425780bd8044217f7bb6736bc1c3872af95244db5d49e75fb73aae2656229ee90041b0ff7543545_label_fake.npz,Fake,Real,0.22510692868381738,0.5151599049568176,0.020392758771777153,0.0009649759158492088,0.2968684732913971,0.29214853048324585
LTXWPfNhXzI_14_2_14e0e800-e07f-41f1-a48b-fec9331d8c5c_label_fake.npz,Fake,Deepfake,0.5037693649530411,0.5108527541160583,0.21600429713726044,0.6586652398109436,0.9348384141921997,0.1984861195087433
O0nL5vRlcfk_663_1_04af6dbda80ed5efea74527c9014aa4b16c5e88c5b8fbf642cfb369c482679a7080b199c1771c75279fa797dacbb5b84bff44143276aaddd21a1484e5985e7c2_label_fake.npz,Fake,Real,0.2743812669534236,0.6343417167663574,0.020438140258193016,0.000550795579329133,0.07975691556930542,0.6368187665939331
uf6AEUyJU94_49_1_07259011-35fc-44be-8a5e-ea4868e4db77_label_fake.npz,Fake,Real,0.030883909575641157,0.0669323280453682,0.056445129215717316,0.00010266201570630074,0.023224905133247375,0.00771452346816659
sba-i5-e3WY_3579_1_490608c4c27cfe26c6f3a78405e6b809f151a1eca24eea58498d56d11605a3e2ce3848bd2f42a3d92632e8880d6b27b9b395682dbede6508f170a9e9fa266cdb_label_fake.npz,Fake,Real,0.0458873713389039,0.08286338299512863,0.09171372652053833,0.0025385739281773567,0.042195383459329605,0.010125789791345596
KKeGv-ny-kY_391_1_cfb07d70593ae4a2efbc6ea65f6a8e47221c59af1f66462e8c0b3123c813257e91754ac8fead4d70bfe0070c51a3dd41ed960e6cc5a255f87c602d81378a5dc0_label_fake.npz,Fake,Deepfake,0.4190809644758701,0.29534173011779785,0.479625403881073,0.9993970394134521,0.04082624986767769,0.28021439909935
GK9gq8WEHA0_1381_1_e5fdd86884848a3c37d41fe3e7a1568addf725ced6211b31c9b0bd68667e9d5d19702f6d8a195263fee241cc54ada66ca706ff546d29214002b7cc2c56682ab0_label_fake.npz,Fake,Deepfake,0.397584280371666,0.3467097878456116,0.0539480596780777,0.9965763688087463,0.30593472719192505,0.2847524583339691
DZp9T_HelHw_114_1_5073961b-c49f-424a-918a-03120bc4183f_label_fake.npz,Fake,Real,0.2445589903742075,0.12255493551492691,0.026061320677399635,0.9999524354934692,0.026764661073684692,0.04746159911155701
1w0GbOsC8DE_36_1_d6e11e02-d92c-4ec5-9f57-c17ab5d5f932_label_fake.npz,Fake,Real,0.24323755986988546,0.09328733384609222,0.019976863637566566,0.9998641014099121,0.08928614854812622,0.013773351907730103
dNCH3eXEwB4_847_1_afac80fe6c15fb7621b821ce61325da9c78478e28603336da508d7ff43a3252318e6a0f95832780cc16b503b9d327adc179e52fdf0e87b4e5e8995ac25910a21_label_fake.npz,Fake,Deepfake,0.7354897856712341,0.572035014629364,0.6491490602493286,0.9999206066131592,0.9415116310119629,0.514832615852356
elNx36q2vLM_36_1_7fb6c981-6845-42ec-9e9c-1a22aae4b08d_label_fake.npz,Fake,Real,0.3371859900653362,0.19880631566047668,0.4532833695411682,0.9999996423721313,0.018343912437558174,0.015496710315346718
tEEJOZ20R_c_217_1_7fb6c981-6845-42ec-9e9c-1a22aae4b08d_label_fake.npz,Fake,Real,0.2742412548512221,0.07282264530658722,0.2669985890388489,1.0,0.02225678041577339,0.009128259494900703
GK9gq8WEHA0_807_2_da454e0410ea13cc362483595bd2fe63e4df95016c18a0a0ed43c196f06efec628a946fc0c6679cae3969e4776c12501134378459417a185c182c37c975b4e4e_label_fake.npz,Fake,Real,0.10247064015129582,0.2536446750164032,0.1694161295890808,0.00035890593426302075,0.04735599830746651,0.04157749190926552
K5nAHKJjWMY_230_1_c9bc2f83-d130-4643-a64d-176adc37edfb_label_fake.npz,Fake,Real,0.19145290995948017,0.1558919996023178,0.7623623013496399,0.0023929260205477476,0.02713293582201004,0.009484387002885342
_gpi6HZA5JQ_22_1_eadb4690-3c8a-488a-9f8b-8ff67ad1c917_label_fake.npz,Fake,Real,0.09112552199512719,0.06772033125162125,0.10329039394855499,0.26320695877075195,0.015585031360387802,0.005824894644320011
PqumaD82tcI_356_6_da454e0410ea13cc362483595bd2fe63e4df95016c18a0a0ed43c196f06efec628a946fc0c6679cae3969e4776c12501134378459417a185c182c37c975b4e4e_label_fake.npz,Fake,Deepfake,0.6097268819808961,0.6167014241218567,0.045399248600006104,0.9311743378639221,0.7898570895195007,0.6655023097991943
PqumaD82tcI_219_28_a640e7bec1f7492ad916307b7a89d5df65ab97d9e22d11be70651d1bd12577a405a2d168d59969b4e1a40fa77385e9e97a4878bd3b66bf7f270cfd749769aaf2_label_fake.npz,Fake,Real,0.32958368360996243,0.07485208660364151,0.5674834251403809,0.9819870591163635,0.01315315905958414,0.010442688129842281
Nz7QfvnRkuE_906_1_b271b0942536be9b385ecac283ba9754be1f1c3c1320fd6262311065ab29dc244c6cef18dc42bea10a2b16693519267d052d982080867fab23c3165eea8334ea_label_fake.npz,Fake,Real,0.24592678165063261,0.08180445432662964,0.4369152784347534,0.6774320006370544,0.028342295438051224,0.0051398794166743755
mu11jOqHkrQ_1_1_006fabb7d2d2421d7627a0467d48b66ca8e10aad2f16e228ce6ec72bd736c00e7ce043d1e1dfa77f36ef1ac68ec56abfd0790018e90e34dfe67ff101000e4c22_label_fake.npz,Fake,Real,0.2214740090072155,0.07083812355995178,0.00842992402613163,0.9995978474617004,0.01858779415488243,0.009916355833411217
9DTxDmLwFb8_832_15_41448b1f18e7526a07f7e942ea991bf4724abe7442c5aa801252ef90a870e69bc502f3cfd05399f25c10052d24d2aceb0eb7d66f0c4fa428f9e15236cddbf8ce_label_fake.npz,Fake,Deepfake,0.6794837146997452,0.7474637031555176,0.13622601330280304,0.9999669790267944,0.6416275501251221,0.8721343278884888
1aIMkhQHGO0_38_1_bad86453-fe34-457d-b49d-b996fd601f45_label_fake.npz,Fake,Real,0.2782738916575908,0.19518078863620758,0.4282207489013672,0.6748054623603821,0.0323275625705719,0.06083489581942558
uwUNgTjP7Ts_32_1_6aa4b8d7-8755-4a0b-84d9-b8f2155550ca_label_fake.npz,Fake,Real,0.07620110604912043,0.14579974114894867,0.04635936766862869,0.013889708556234837,0.15734833478927612,0.01760837808251381
6l6NFBuOYjk_159_1_c1ba24ed64fb3171113fda43013f2d59d15347769c39f0747946242c75e507f91cea92fddff6f4a542d69544e942a0382319018603b700a147bd969adb45f621_label_fake.npz,Fake,Real,0.2943577319383621,0.5758339762687683,0.12620624899864197,0.07334242761135101,0.2193024456501007,0.4771035611629486
cyyeokhRDgI_777_7_07259011-35fc-44be-8a5e-ea4868e4db77_label_fake.npz,Fake,Deepfake,0.5523799948394299,0.45679140090942383,0.03142508491873741,0.9999450445175171,0.6249387264251709,0.6487997174263
vExEOy-9eF4_10_5_b06edf2a-be93-4b67-8cce-b890b35594d6_label_fake.npz,Fake,Real,0.2074432548135519,0.21548183262348175,0.01245223917067051,0.1391964852809906,0.6436112523078918,0.026474464684724808
wf32v1liDSQ_2_1_eadb4690-3c8a-488a-9f8b-8ff67ad1c917_label_fake.npz,Fake,Deepfake,0.5216073647141457,0.3498540222644806,0.34569409489631653,0.9999988079071045,0.8424234986305237,0.07006639987230301
tgWpcB36m-Q_36_1_22d623d6c5587fba817256b52840e2aa99b8abe47e6ed55ad40b385ac459180e2bc4f32f2a12fb381c6251495c4811c15790c3e300f89bb54b4b6a1aaeb0421c_label_fake.npz,Fake,Deepfake,0.6426978841423988,0.8161948919296265,0.8423709869384766,0.00845462828874588,0.8947521448135376,0.6517167687416077
WimhDf8VpTA_130_2_6fc9b55f3e268f0ca50c494d4f8089b773655df99e0bca98466e4169e026b957992cf60f59bdc4a7cf8026d889cd8d2152d4d4b30543d097624acad4bee702f9_label_fake.npz,Fake,Real,0.04920396599918604,0.10393646359443665,0.07150290161371231,0.009376958943903446,0.035876885056495667,0.025326620787382126
hlgbJ-9GE6k_19_1_9a44893c-749d-45e0-88c9-ac980dcd93ab_label_fake.npz,Fake,Real,0.1755183942615986,0.43549108505249023,0.14466571807861328,0.044778790324926376,0.14451277256011963,0.10814360529184341
ldI1peHBLa0_203_2_f8c0e946e7af7735dffc27b2650afcdbf69adfbf870e4ec5155325950d90229237a3be9ebb664e00c5815473de82de7383f38e659d1ee4e33d408ce37310a946_label_fake.npz,Fake,Real,0.21799791911616925,0.07017799466848373,0.00813477486371994,0.995764970779419,0.011465835385024548,0.004446019884198904
Ee8o538xFwE_720_1_f28017cdfa0d75d680936c219084c7d81235169b1bd64d8fb0448ce5554100f99a9e1d65591d2ec357c228bb0c28c3dceee004077760036e81578e7cd0db98f6_label_fake.npz,Fake,Real,0.07547035907628015,0.2234647274017334,0.12300372123718262,0.00016419874737039208,0.016163038089871407,0.01455610990524292
ldI1peHBLa0_195_4_077a1c2f83ddbaadbd15d0e4b050a98e23f2ff53ce2a1c2ba036b6cdd4accbe46578d5943ee885d9aeafe2972d70ce1da15e1428274c9a6479d392bb40fb950a_label_fake.npz,Fake,Real,0.30684548439458015,0.07169874757528305,0.4476669430732727,0.9999266862869263,0.010479413904249668,0.004455631133168936
btSL5MQfYjA_234_2_5472658c-e935-4a7d-922c-d33611b91134_label_fake.npz,Fake,Deepfake,0.6057900980114937,0.5903555750846863,0.04856274276971817,0.9937264919281006,0.8447660803794861,0.5515395998954773
RTANgWdCuMo_1353_1_4514ea2fcb3fa3f830b3113d5c1651934141201799121381737cc3b3685f18c4116369d29eade71755263e097b8e54ef1913fb386759d34d0300a8f6d26e3185_label_fake.npz,Fake,Real,0.2875621696934104,0.07201229780912399,0.3401622176170349,0.9999991655349731,0.01582261547446251,0.009814552031457424
9X-SE-3CPw4_768_8_3a67e258b683a93605f1d196c0db5789e00ed05652fb86aafaa3da6da1c31bbdc79bd14c3b3f4d2cf2cb825e444b859769628b97f41ebcc373c238ceba2da97c_label_fake.npz,Fake,Deepfake,0.6157427608966828,0.4708629548549652,0.7135291695594788,0.9780769348144531,0.2274048924446106,0.688839852809906
KLyiFfWtoPI_657_1_b20852cd13badfd3c1615f3c405db2bcc8f65723de59d8fa69bb56171afbf3fae558ad4f1cd4d6bc19f4c89d3c6ba8c7e3736ee3125939bd00dafce86da0d5da_label_fake.npz,Fake,Deepfake,0.435960114793852,0.5967984199523926,0.03134864568710327,0.002434674883261323,0.9193307161331177,0.629888117313385
ldI1peHBLa0_43_1_24d48acd09b057867118d9f1558fd2c6045be3b39a4ad535b6ca8e790236b0d066361070524a87734186ce152874a8b8670d893f477f95f6c596acdb8b96224f_label_fake.npz,Fake,Real,0.2623156129848212,0.07020635157823563,0.22401389479637146,0.9999560117721558,0.014341910369694233,0.003059896407648921
AsrSRZTj2Tk_121_31_0a324221df8791800c358ed2fbfba4e8754c9dac05bd731ef6b7efb001178d987bb0d68a8697b58f5750453e0b5dff0baea31d445d815e77f3678eadb05a7c38_label_fake.npz,Fake,Real,0.09801655812188984,0.25142380595207214,0.003923134412616491,0.04258909448981285,0.03903936594724655,0.1531073898077011
Ee8o538xFwE_366_1_236bdda4b44e7173043672371ba47bffb01b5c9afcedc1bb1214edfbb6e4c9bf32e63ab83f9580c345d1d1a544cdbda3cb0a7b7150627d2b589fbedd12928262_label_fake.npz,Fake,Real,0.31506910491734746,0.25339147448539734,0.010242470540106297,0.9999843835830688,0.18532705307006836,0.1264001429080963
qv45xE78kx0_258_1_c622b811-4d89-47d9-bef3-79ee7de98762_label_fake.npz,Fake,Deepfake,0.5612315405160189,0.43629324436187744,0.5475139021873474,1.0,0.8004503846168518,0.021900171414017677
KLyiFfWtoPI_562_1_944444cf-3002-412d-bdaa-a78873058217_label_fake.npz,Fake,Real,0.2413100700825453,0.23209252953529358,0.15924197435379028,0.7802407741546631,0.01944984309375286,0.015525229275226593
ldI1peHBLa0_47_6_bcf9b311-513a-4618-b63a-d0d8a41f3af6_label_fake.npz,Fake,Real,0.04307873649522662,0.06927322596311569,0.11378813534975052,0.015718892216682434,0.012095045298337936,0.004518383648246527
IcAV5qiko8M_119_6_4423514fa51943a7a32bbed365f479687b108270c71c3b0691032ccbe7073cad303e3a9d84817c1b5b230d0531827b87a9e384b98fa2ccf8d892232e98b00f9b_label_fake.npz,Fake,Deepfake,0.48518536090850833,0.2676573395729065,0.35142067074775696,0.9999998807907104,0.563157320022583,0.2436915934085846
LGd_iDH5tU4_5_130_b92b86e9-0f00-4e34-86a9-4cd561871aec_label_fake.npz,Fake,Deepfake,0.3873406320810318,0.09691442549228668,0.692581057548523,0.9877976775169373,0.05248396098613739,0.10692603886127472
vAQM3cPJxSg_16_1_5ae14cef9b5ae03444d80e9a85021130f4c28d26874404429c7cdd4e29690f783f9b051279af28d9ff10fb7a90b23fad1059eddef9714fddda8a4e70efa16dfc_label_fake.npz,Fake,Real,0.26598986461758617,0.4016525447368622,0.06165708974003792,0.48078683018684387,0.05959136784076691,0.3262614905834198
ldI1peHBLa0_175_9_4829ea6c-ed55-4a47-8ee3-a3ea5092ad4e_label_fake.npz,Fake,Real,0.32432728298008445,0.19766348600387573,0.02620529569685459,0.9992079138755798,0.16041162610054016,0.23814809322357178
gEpZTuQhcuA_335_14_ee368035-ea13-4842-90f4-5c50dfbf1a7e_label_fake.npz,Fake,Deepfake,0.5046852012164891,0.5617613196372986,0.005795876029878855,0.6689212322235107,0.9082621335983276,0.37868544459342957
tf_pzTBKuFY_410_2_53da3a00-8c41-49a9-995a-f070ec8aa8f7_label_fake.npz,Fake,Deepfake,0.41615675836801524,0.2026882916688919,0.0333162322640419,0.9945836663246155,0.751613438129425,0.09858216345310211
0mnBxMvTbts_5_1_66b11674-be64-48af-963b-8bbef4136a04_label_fake.npz,Fake,Real,0.22675938503816723,0.0830283984541893,0.03415704146027565,1.0,0.010091930627822876,0.006519554648548365
y9BVPefouIs_2703_4_ecaa6ed7-2d9c-44d5-bfe5-92bbf26cb41b_label_fake.npz,Fake,Deepfake,0.6765375137329102,0.5821499824523926,0.5666388869285583,0.8548504114151001,0.968702495098114,0.41034579277038574
-mMaHBtQ-DU_20_1_85da687977ebe2951514daafb325c5a1a2b47a87d0b7ba80c96c1381b9d58861dee3e20672b62c479b8eb2ed54e4e1df90c485429031f848f671cd89a918333a_label_fake.npz,Fake,Real,0.289506458491087,0.08421789109706879,0.30755606293678284,0.9999873638153076,0.0481574647128582,0.007613509893417358
dTeNSc1Sp28_161_165_fc3b87e39142b5fced5eb2422f0f5277bdf471c8865e9a233c413e9271695f8e33e209c8b52065c951b7b4e8eef446a928074b5e28b9961a6f4c6cb9849325c7_label_fake.npz,Fake,Real,0.17354623218998314,0.06694142520427704,0.4950611889362335,0.24506407976150513,0.05603478103876114,0.0046296860091388226
PqumaD82tcI_293_14_e367092337eee68457a6bfb2e79a824aac31cb865ac3161f9e9a836260acdab578a2ec33d9ec1a4cbcc2cfe7801ab5bc8db466685f7de393bd75608992b0325f_label_fake.npz,Fake,Real,0.27557576783001425,0.07345215231180191,0.2751965820789337,0.9999997615814209,0.019881898537278175,0.009348444640636444
VifDzyPgBNg_217_1_dfdc608b73d04756629688c121f7f6a7bd234f66cad03997515107ccc8b99ff88aefba0e32cc9ff73e1f27f801f92f31319b8027a9113df24ff5db390446e5de_label_fake.npz,Fake,Real,0.23519290601834658,0.06954311579465866,0.10918917506933212,0.9785511493682861,0.012900244444608688,0.0057808454148471355
4E06roNBNx4_19_1_03da017be4dffe4409c79005842b51cadfaace30ceab713c4855d66225ee03c528f6d8d3336616ee89c195976e69fd11dd52888dda7692bd7966bbed17386a33_label_fake.npz,Fake,Real,0.09347574897110464,0.3156273365020752,0.051556359976530075,0.03715433180332184,0.04103391617536545,0.022006800398230553
KyeC6d6MTSU_195_1_e23fcbfdbd4639b11c95fb4c8fb94d4b8c576234203af247a6aa4e230e0247e37085eae1fa5aef4832e68cae29d165e45ebccc16ea830d43827c700877602c72_label_fake.npz,Fake,Real,0.07303674356080593,0.07044025510549545,0.27641719579696655,0.0007078442722558975,0.013947367668151855,0.0036710549611598253
1aIMkhQHGO0_3_1_26d0398a-3c2d-4e99-86a6-89de0306ae48_label_fake.npz,Fake,Real,0.3020241063088179,0.2666301429271698,0.18390175700187683,0.997742772102356,0.02822631038725376,0.03361954912543297
eIt57YWVTck_288_4_fac0e0620a2a168767fac7877778ba19086a86e38d25aee89579c84d16860079cc6ff038dd7cbf1893caa49e3f75eb966a06404e0ea9dd2f72725084fd5e9ff0_label_fake.npz,Fake,Real,0.28910715579986573,0.16230443120002747,0.46460744738578796,0.41723182797431946,0.26426994800567627,0.13712212443351746
xZT8cNQCq2s_45_1_0118ae01-24f2-4fda-8249-aff3c49e5a26_label_fake.npz,Fake,Deepfake,0.6013522982597351,0.5523945689201355,0.46719521284103394,0.7234345078468323,0.6649505496025085,0.5987866520881653
F5pWQReu6io_549_5_70fdaa18-f24a-4637-8e98-d425c9d6d4e6_label_fake.npz,Fake,Deepfake,0.5777069091796876,0.14040206372737885,0.8979619741439819,0.9999978542327881,0.7237300276756287,0.12644262611865997
mOPffKIq18w_149_1_61f4d2fcd897621a1db8422bafe2ef51cabafbf83a6a39c5a718ed46de7adfac6d1d4b653f05d3e0888ae141c4ea27b821041dddfe74d1cb3c39f6fca550a1c8_label_fake.npz,Fake,Deepfake,0.4272611754015088,0.2831466794013977,0.006393798626959324,1.0,0.8081017136573792,0.03866368532180786
L8Bp2IMqp5A_2_1_80d90a73f72fc311202bfebf64c52334221de05b3e0757e6620b06694345585d81d943cf2b22d57232cb31b8045eb9be237e83b5e8de871b2ecdd47ec9a80114_label_fake.npz,Fake,Deepfake,0.4005548615008593,0.24819521605968475,0.019983241334557533,0.9918107986450195,0.22709651291370392,0.5156885385513306
1aIMkhQHGO0_11_1_5e74185b5d7c39934c59e49f7b485a0e5bb4fd21363e1b15c7d584cc9f14750c1a5b32583f1df1de150f05401528cf6c8188f5f2dba6422cdb21886529dd2bda_label_fake.npz,Fake,Real,0.2742845978587866,0.1362084001302719,0.1850118339061737,0.9917045831680298,0.03917306289076805,0.01932510919868946
SabGmKoEfYk_91_1_8f44672518c4ceaf145d437b16844eef8a019f7d0a9e35174c5335901be2849599b8e2bd00d78db77dfadace67db6e702eb1fb92f5612a534dd1226e69f5f2b1_label_fake.npz,Fake,Deepfake,0.45591784417629244,0.7009238600730896,0.9789480566978455,0.03588683158159256,0.4860236644744873,0.07780680805444717
SabGmKoEfYk_40_1_b7f60d58-8a64-492e-b9cc-77bdb213b08b_label_fake.npz,Fake,Real,0.13485835753381253,0.19614247977733612,0.017451826483011246,0.2529013454914093,0.18214215338230133,0.025653982535004616
KLyiFfWtoPI_526_1_a8447516-1136-4856-8cd6-52333ce053e8_label_fake.npz,Fake,Deepfake,0.39906055227105525,0.5130340456962585,0.4292416572570801,9.484680845162075e-07,0.8551974892616272,0.19782862067222595
LQwbKBaau9Y_68_1_bf9c82e8-6a77-4151-84a6-97d7517ce9c6_label_fake.npz,Fake,Real,0.33957614377141,0.4074503779411316,0.10617902129888535,0.342115193605423,0.7869325280189514,0.055203597992658615
QokRiSc2AHE_37_1_eed27cca-e5c8-4b3e-a56d-206bb80a1126_label_fake.npz,Fake,Deepfake,0.4108725801110268,0.4715501368045807,0.9432822465896606,0.5314111709594727,0.0688457265496254,0.039273619651794434
ff154AYIysk_52_15_1144456f-09f3-4cc9-b0d8-34065313f13e_label_fake.npz,Fake,Deepfake,0.7629496335983277,0.6573047041893005,0.6214622259140015,0.9572585821151733,0.9300453066825867,0.6486773490905762
aRhkxaF7cO0_20_1_6ff52bc1-30d2-42b0-bb4a-33791d363922_label_fake.npz,Fake,Deepfake,0.5036944217979908,0.536259114742279,0.035823408514261246,0.9917721152305603,0.5890909433364868,0.3655265271663666
1bKa493VnVw_220_1_c14b7ac6-3a0d-4d10-bf54-ca6757841a00_label_fake.npz,Fake,Real,0.210446276050061,0.06832972913980484,0.4819599986076355,0.48216354846954346,0.013709877617657185,0.006068226415663958
LQwbKBaau9Y_235_1_f5c4bbe9-473a-47e7-a950-ed30063ffb7f_label_fake.npz,Fake,Deepfake,0.4765173375606537,0.15987041592597961,0.19290700554847717,0.9551912546157837,0.979862630367279,0.0947553813457489
P9rEtDiot-w_100_1_5cc5e7c4-db87-47eb-adc7-54964f3d1fb0_label_fake.npz,Fake,Deepfake,0.35333815552294257,0.07067141681909561,0.33204036951065063,0.9001930356025696,0.44753536581993103,0.01625058986246586
647itg-A_aw_40_2_4224094c-c2ef-495e-a293-e87afb132673_label_fake.npz,Fake,Real,0.34065871685743326,0.08553967624902725,0.23298214375972748,0.9999995231628418,0.3760823905467987,0.008689850568771362
b0Z9IpTVfUg_31_4_d5763ca8-9494-4184-b1e9-5ba8bf016b3c_label_fake.npz,Fake,Deepfake,0.6367097556591035,0.6074408888816833,0.4453451335430145,0.9805737137794495,0.9307456016540527,0.2194434404373169
iJ-5uw3xtd8_71_1_36b71322-609d-4baa-83dd-08e716878bae_label_fake.npz,Fake,Deepfake,0.52758566737175,0.6418472528457642,0.3967176079750061,0.9998688697814941,0.1681322455406189,0.4313623607158661
SNHUu7YkNjA_150_1_434326aa-6759-4833-aaef-6b7b7cbdf44e_label_fake.npz,Fake,Real,0.2591161701828241,0.09071985632181168,0.13876576721668243,0.9999762773513794,0.05560712143778801,0.01051182858645916
b4rtVFikc6Y_1677_1_e660d5e7-74a2-46ca-a530-31fa1cb8b4ec_label_fake.npz,Fake,Real,0.2333214223384857,0.17284829914569855,0.26304394006729126,0.5895049571990967,0.02062889188528061,0.12058102339506149
66hZVQIWCEE_107_4_be5b9ca5-75f1-4599-bc3f-7e5318339509_label_fake.npz,Fake,Deepfake,0.6569207347929478,0.5403527021408081,0.820737361907959,1.0,0.8673354387283325,0.056178171187639236
8GpRabFxLWk_281_2_796f9038-21cd-4ff5-b258-57516e357e3c_label_fake.npz,Fake,Real,0.32886470574885607,0.08903604745864868,0.511530339717865,0.9978244304656982,0.01560282427817583,0.030329886823892593
BiutERE4Jgk_329_1_50a94732-7918-4da7-8871-b10ad7f6f02b_label_fake.npz,Fake,Real,0.2971914276480675,0.13043861091136932,0.3180094063282013,0.8378111720085144,0.08519838750362396,0.11449956148862839
BiutERE4Jgk_860_1_12dc8bb2-39c4-418b-994f-5f587916c3eb_label_fake.npz,Fake,Real,0.22360972911119462,0.3071044981479645,0.29350465536117554,0.2637418210506439,0.015363357961177826,0.2383343130350113
lJPnnQ3ksWo_158_1_6ae5f4ec-d95e-4d8f-a4a6-d23621bf4d59_label_fake.npz,Fake,Real,0.3419232254498638,0.20245590806007385,0.44612693786621094,0.0005143683520145714,0.9400907158851624,0.12042819708585739
3OMfB1MRAig_78_10_367809bd-f8d5-452b-b951-fc368af7af0b_label_fake.npz,Fake,Deepfake,0.4766540493816137,0.6233696341514587,0.009432720020413399,0.999930739402771,0.031742390245199203,0.7187947630882263
lJPnnQ3ksWo_52_3_29800dc0-d3e8-4033-8447-e8a25e416d11_label_fake.npz,Fake,Deepfake,0.6894795656204225,0.42796096205711365,0.6231368780136108,0.9999985694885254,0.9786140322685242,0.41768738627433777
4FT5RYuifwE_47_2_0a5cac23-6cdf-4c40-a36f-478154f855bd_label_fake.npz,Fake,Real,0.29991500750184064,0.09683797508478165,0.5731116533279419,0.7446720004081726,0.07355303317308426,0.01140037551522255
orD3vsEyGdA_42_1_ecb41622-7f69-45be-a4ed-d2cd39ce6dee_label_fake.npz,Fake,Deepfake,0.4291927486658097,0.4955004155635834,0.7922475934028625,0.013250306248664856,0.43360793590545654,0.41135749220848083
zJ_VT04DryI_1190_1_d9aff0f1-66b5-4c30-b632-93dcbde76386_label_fake.npz,Fake,Real,0.346619076281786,0.3786037564277649,0.14633947610855103,0.9999932050704956,0.03365876153111458,0.17450018227100372
wXODvu8UfXc_8_1_d0c69511-1a11-4f6c-9b68-4a01cd0180c4_label_fake.npz,Fake,Deepfake,0.562647533416748,0.5087181925773621,0.3282758593559265,0.8732876181602478,0.6271798014640808,0.47577619552612305
9TFi9Zo4FJc_52_1_a72ed983-a2b3-49f0-9c6e-1d5d9be2d518_label_fake.npz,Fake,Deepfake,0.36309498101472854,0.259298175573349,0.11870130896568298,0.9758719801902771,0.3590683341026306,0.10253510624170303
VJGVR9ECWhg_23_1_41f474ea-f96a-46ba-8ecd-50f0be37e015_label_fake.npz,Fake,Real,0.30277658198028806,0.07792216539382935,0.42087990045547485,0.9859193563461304,0.016880622133612633,0.01228086557239294
Q67YB87tfWE_62_7_20663c60-0b9a-4680-a24b-06c299e03c6a_label_fake.npz,Fake,Deepfake,0.5311901569366455,0.7589232325553894,0.3445371687412262,0.9900966882705688,0.09435421228408813,0.46803948283195496
sJai0cem3jQ_330_1_d6b0a0fd-0d20-4855-a2fa-e621da858489_label_fake.npz,Fake,Real,0.23208967074751857,0.07146836072206497,0.07529684901237488,0.9849317073822021,0.022527283057570457,0.006224153563380241
KNEGWrD08f8_39_1_3831097e-e5e6-4e97-851e-931dbb59e80a_label_fake.npz,Fake,Deepfake,0.35803651362657546,0.06980723887681961,0.6202890872955322,0.9999028444290161,0.0921306163072586,0.008052781224250793
cA6bhAuQDVk_231_1_ba4124d3-27ea-485d-bafd-314a74b74e12_label_fake.npz,Fake,Deepfake,0.515066409111023,0.3821086585521698,0.45068496465682983,0.7335407733917236,0.6122487783432007,0.3967488706111908
kPMxp9AWEOQ_43_1_452c7062-af3b-401c-a98e-cec4d69bc01a_label_fake.npz,Fake,Real,0.262188683077693,0.17446450889110565,0.051695454865694046,0.9808238744735718,0.0905197262763977,0.013439850881695747
n8DXfKivV5s_2_4_97c77c87-386f-41aa-b5ae-b25ec8baed19_label_fake.npz,Fake,Real,0.34177262280136345,0.3915256857872009,0.21099403500556946,0.9999951124191284,0.0951138436794281,0.011234437115490437
AuChjLH9pAA_33_10_4b2e52a2-5562-4232-a370-a715a474f6b9_label_fake.npz,Fake,Real,0.2653996534179896,0.06956979632377625,0.2420184165239334,0.9953729510307312,0.017751507461071014,0.002285595750436187
V3Cav6WhwZc_0_2_b0f55d1a-61f3-4220-acc7-bb924224ed89_label_fake.npz,Fake,Real,0.3407497383654118,0.3208901584148407,0.16442494094371796,0.9997994303703308,0.06002258136868477,0.15861158072948456
GAw-vEk3Fys_1639_2_e947d9b3-b728-4fb3-8afc-8b3d7d656011_label_fake.npz,Fake,Deepfake,0.4261768661439419,0.24499116837978363,0.05466827005147934,0.9944512248039246,0.8141492009162903,0.022624466568231583
_UpirrRkPZI_359_1_c0942ded-3637-44ed-9eac-fffbbe59d463_label_fake.npz,Fake,Deepfake,0.5732555449008943,0.2855963408946991,0.3607451021671295,0.997316300868988,0.8688218593597412,0.35379812121391296
sJai0cem3jQ_615_2_8962bf55-1153-43b0-872e-28775c881c23_label_fake.npz,Fake,Real,0.23482429049909118,0.06688259541988373,0.030617699027061462,0.9998396635055542,0.060166776180267334,0.016614718362689018
lkMV6SxilXc_86_2_1fb57f7e-a839-4def-81a3-ea493d2bb32b_label_fake.npz,Fake,Real,0.18566879648715257,0.07174652069807053,0.36336904764175415,0.477835476398468,0.010219082236289978,0.00517385546118021
awYvLQ53n3M_79_3_4993dfba-1320-4391-bece-6afc5a477a82_label_fake.npz,Fake,Real,0.14629915149707814,0.22979581356048584,0.04635205119848251,0.00016447612142655998,0.1970265507698059,0.2581568658351898
LNn1IW-5-rI_0_1_8962bf55-1153-43b0-872e-28775c881c23_label_fake.npz,Fake,Real,0.3020379116758704,0.4628271758556366,0.007196965627372265,0.9937083721160889,0.01662243716418743,0.029834607616066933
YbnS39GAcQo_305_1_e243c2e8-21ed-4f3d-8df3-efd35a2f8532_label_fake.npz,Fake,Real,0.19463631212711335,0.20552675426006317,0.11668719351291656,0.22087880969047546,0.2173706293106079,0.2127181738615036
7N-mvmbeX2Y_330_3_a1925a07-7661-4a9b-8d1f-3012d96bdf07_label_fake.npz,Fake,Real,0.0619249150826363,0.24801547825336456,0.004702715668827295,1.5731769963167608e-05,0.03030542843043804,0.02658522129058838
TkpyR9VBwTs_24_1_b2da3583-00d1-41a4-a9f1-512b133c9210_label_fake.npz,Fake,Deepfake,0.41186694204807284,0.2860969603061676,0.5143762826919556,1.0,0.04262933135032654,0.21623213589191437
I-B_Oa6_eNU_1_1_16a1fbf7-cf59-4dc9-a458-80d69ffb34c5_label_fake.npz,Fake,Real,0.23734041778370737,0.06044163554906845,0.11271432787179947,0.9996627569198608,0.010598553344607353,0.0032848152332007885
0C0G4BT4pzQ_133_1_123ad2c7-7f96-41db-8f5c-c4f6bf766fe1_label_fake.npz,Fake,Real,0.27654950525611643,0.09963666647672653,0.2567494809627533,0.9987218976020813,0.017357276752591133,0.010282204486429691
99LDOZtE6es_46_2_40bd919e-58e3-47c2-ab09-73e6a6f70a12_label_fake.npz,Fake,Deepfake,0.39119609212502837,0.7050697207450867,0.9663477540016174,0.000361680518835783,0.05684911832213402,0.22735218703746796
WjMuIWoYKSs_5_1_5f9da37e-5ce7-4a91-ae7c-e991df6a740d_label_fake.npz,Fake,Real,0.335511676967144,0.28780481219291687,0.16814662516117096,0.9999992847442627,0.11718084663152695,0.10442681610584259
zd9TNPVVfvI_50_1_d5b220ece8e74e27e79b186e6af9acd64537b2ff3f51fca7aa303b4d1b00253988e06dfc4c48dcc89428902d801282ccd05fe631b61fb800d12f65fa07866539_label_fake.npz,Fake,Real,0.09054763137501141,0.09641849994659424,0.2780522108078003,3.865321559715085e-06,0.0320570282638073,0.046206552535295486
T47iIAEaLmY_1080p_137_9_889b86a8-849e-4787-bcac-b28498aafe37_label_fake.npz,Fake,Real,0.30508699563069974,0.16170772910118103,0.4669813811779022,1.0207142622675747e-05,0.8001291155815125,0.09660654515028
xIMS_-reEco_173_1_9b1f6fa0808afdf12aa680a24bcca75e8508ee44b4839922cc70e11127f3954a5c0da62fd6572af01785d8789545bc0cc3907cf7d3b7393547b2492eed49de68_label_fake.npz,Fake,Real,0.2588337779045105,0.15372203290462494,0.01887386292219162,0.9998868703842163,0.018026024103164673,0.10366009920835495
Tdgb6NvUjhk_42_2_e4f3e424-41a2-4366-a274-6d0f0e6bad2c_label_fake.npz,Fake,Deepfake,0.5041198879480362,0.7312936782836914,0.42911893129348755,0.04698683321475983,0.638792872428894,0.6744071245193481
XcBujh5E4mU_0_1_76e7df4b-ebc8-4cde-ac00-9dd8a44fd122_label_fake.npz,Fake,Real,0.12114878902211784,0.07348927110433578,0.36039403080940247,0.12658177316188812,0.03990485891699791,0.005374011117964983
d3HzrFRMQ-s_107_1_82d8da5b20bb6189376fd7d308eaaaa256bb32c6cdb96108caaf3a32b203ddfe2c49122d0b86de364d0196832a3201959020c26798d434a73d616a7858197f52_label_fake.npz,Fake,Real,0.18401903249323368,0.09877565503120422,0.6176321506500244,0.010475168004631996,0.06478060036897659,0.12843158841133118
y_H9JEbn-XU_164_1_7bb7354f-ebe8-46e9-8f03-7a78b6a5497b_label_fake.npz,Fake,Deepfake,0.4294254705309868,0.5259037613868713,0.22751571238040924,0.8596540093421936,0.11836210638284683,0.4156917631626129
V4ky5dwCLUg_79_1_50c6bfe4f3f458aa23b34a1a9b3a478086d78f6616af0b80aa5f7d3f121b7a52c1ec484422937ee4c78465ff237bc675d7e264c61aa1af0128478af1c1fc60eb_label_fake.npz,Fake,Real,0.1504060260951519,0.08857294917106628,0.0060074180364608765,0.5168961882591248,0.04343685135245323,0.09711672365665436
VuHRkRk5Y0I_1_1_07a29c6781b83f68bdb76f80647aade9786b3665f977b9040fb7395931faa14b9a0878c16d444ddee649019d7a03a10aa9159b57879d7961d489ea913e9c7a1b_label_fake.npz,Fake,Real,0.2673649289412424,0.08300326764583588,0.3629813492298126,0.0007346369093284011,0.871183454990387,0.01892193593084812
gz-PPJGb0Fw_14_1_a0313aae2956e41ea940591258d002fdfc3fbc2e5852df52de887d916c68f35aeee6cc733414b36a239366b9b093222bc41f6abb3dd1763510e7a22934945b00_label_fake.npz,Fake,Real,0.11892354939226947,0.07833963632583618,0.36736100912094116,3.3546709232723515e-07,0.09274826943874359,0.05616849660873413
2BKokh3MsQ0_53_1_2283d87b7ed4c3115661b72d88358e00d1a3de116a67d2e8cdfd1d0b574a1ff7414d68d37f7a165a758ae1a5e734b57865e0e3ae52c5ecd1682b6f1b066cf425_label_fake.npz,Fake,Real,0.293404621926311,0.44772034883499146,0.24436034262180328,6.232185842236504e-05,0.5589643120765686,0.21591578423976898
QpbPUAQ9GxM_2_1_f19c513caab1c2f927df0cd2b8a676bb9adec59a16fa275097ef3bad141e1c3c4c81a6da178d85f913d8d166df06b66f6d027e1b1c534cb10cb7290172733dd4_label_fake.npz,Fake,Deepfake,0.4804462566971779,0.463275671005249,0.42110809683799744,0.9999994039535522,0.0694669559597969,0.4483811557292938
FfsLl48yd88_179_15_db5284de-a360-4cab-a56b-5bffd00b0167_label_fake.npz,Fake,Real,0.04826444637292298,0.13495968282222748,0.006551146041601896,6.382159335771576e-05,0.08126763999462128,0.01847994141280651
d-3eWru8Rhw_62_1_742c01cb86c95616c9b91ae396781b73f9829c0e021581aa4e0c89fd945c67ba08fc77a998458ddfab56cc5569426ffd779148c20f6709fa29a8287a2d5279c5_label_fake.npz,Fake,Real,0.1221986205840949,0.12797509133815765,0.19347472488880157,0.0003480322484392673,0.18294191360473633,0.10625334084033966
d3HzrFRMQ-s_44_1_2e309a24929d92ade5e3aed37cb43232c0ad9a3ee0c5bb52e72d303449e27491758a0d84eb51a71e93eb8bdf3cb86c91ce81cca620c031fb4b2b5cac3aa0f8d1_label_fake.npz,Fake,Real,0.13144810460507872,0.0813138484954834,0.366047739982605,0.1587466299533844,0.02906082198023796,0.022071482613682747
7eUMXPSjWNI_30_34_29664170-1be0-4d79-b072-07a702370e20_label_fake.npz,Fake,Real,0.22975414469838143,0.07674527168273926,0.012864576652646065,0.991004467010498,0.03951895609498024,0.02863745205104351
lyC3ISVmpwY_410_1_73ddaa74-5386-49e6-8eb0-07d4edc7ef29_label_fake.npz,Fake,Real,0.3483335460536182,0.061071522533893585,0.6685532927513123,0.9990299940109253,0.009086892940104008,0.003926028031855822
NEEN8fSBuWI_386_1_2e362171-60dc-40f5-b348-8b5acb7d8a4b_label_fake.npz,Fake,Real,0.28252120167016986,0.5678101778030396,0.20660416781902313,0.03159303590655327,0.05589146539568901,0.5507071614265442
v3QirpCH8PM_165_1_5b3a540681c6b6caad1ac7ada55fafdbeda01c14208a9e161c36f015ffc757eaaa3693c1f26c41b944f81b18b2c775d96da1e5197fa5a261b675052d03c89182_label_fake.npz,Fake,Real,0.23497401624936004,0.5089198350906372,0.1108008474111557,9.011096448012512e-13,0.0364626869559288,0.5186867117881775
WYP2eizW7gY_130_6_30ba9bab-a647-43d6-a250-a6004d736d55_label_fake.npz,Fake,Deepfake,0.522393599152565,0.25830110907554626,0.4066219627857208,0.9988803267478943,0.8845747113227844,0.06358988583087921
30CXCDECyG4_1080p_176_7_6ffcfa3f-9115-4249-899d-63d861692de8_label_fake.npz,Fake,Real,0.2918870573863387,0.20613975822925568,0.012030060403048992,0.9999995231628418,0.03277856856584549,0.2084873765707016
V4ky5dwCLUg_361_1_243b92841e9043c880193147c22d123a042302bf44bdfa48463eb8e56f5cc526456de6376d547273b08a9e8f70c296061adc1f753e69117da6d070da31af2f89_label_fake.npz,Fake,Real,0.045559055769007276,0.07249346375465393,0.07704343646764755,2.0694514546448772e-07,0.06627136468887329,0.011986806988716125
-8ocXGKuChc_81_4_9e75ac0f-6728-49b4-ac3f-5c3c22dd6944_label_fake.npz,Fake,Real,0.2993820890784264,0.2521369457244873,0.44156843423843384,0.6984251737594604,0.05986594036221504,0.04491395130753517
eUOLg70FT2M_460_1_061722981f77054421d946c6b7189f44063488f62b22e9b27b45bf8045be63248bb2d24109252264677011c696b9ceb5a7571545a77cdb823788cc6b3bd1b7ea_label_fake.npz,Fake,Real,0.08627714971662499,0.19448524713516235,0.021344799548387527,0.00035545279388315976,0.061311084777116776,0.15388916432857513
L36UzqXOjcY_14_1_783931abcb303ee16358ff4ae350c72cc3504c31a3b011b8f2469f1b586ba73f92e9da756385c2a60398b9943f826fefc3202f036bf7d22d8fe9645aff697192_label_fake.npz,Fake,Real,0.23964557536933173,0.1097264513373375,0.8867688179016113,2.8927372568432475e-06,0.0408579558134079,0.16087175905704498
ZzfsQF3ig2k_329_1_14941de1de58c50490831267090037c1709c355044e99809ac7738e4add4e94524e4becdb8448bc3f39dc612664cf1988c8fa3858d9a0d8af9376e90809f4001_label_fake.npz,Fake,Real,0.32746676318347456,0.07813414186239243,0.49272727966308594,0.9999861717224121,0.03647266700863838,0.03001355566084385
JFBVpNgehIg_1080p_102_5_889b86a8-849e-4787-bcac-b28498aafe37_label_fake.npz,Fake,Real,0.12332744666665577,0.17538709938526154,0.18943966925144196,4.951521646034962e-07,0.052748292684555054,0.19906167685985565
zyEFcNYytCI_31_1_783931abcb303ee16358ff4ae350c72cc3504c31a3b011b8f2469f1b586ba73f92e9da756385c2a60398b9943f826fefc3202f036bf7d22d8fe9645aff697192_label_fake.npz,Fake,Real,0.34407505702611163,0.6631084084510803,0.25767722725868225,1.7291126823693048e-06,0.21356703341007233,0.5860208868980408
hT1KUqL4PaM_342_1_9993b1f5ad2b7cc611fb718918f53395cc69fdeecf2a6a2b5b5b0ffb20e31ffecb7359d6bcc7f682c47ca4d18491eda03b047be133f9ed8182d1d1475951030f_label_fake.npz,Fake,Real,0.038466573320343665,0.11598388105630875,0.03343906253576279,7.237026462044577e-14,0.03124425746500492,0.011665665544569492
6naugGonRkE_1080p_102_3_4b5ae5b5-7420-44a2-8042-02f22e8d2b0a_label_fake.npz,Fake,Real,0.10388698359020054,0.1566985547542572,0.03766143321990967,0.002443675184622407,0.2590159773826599,0.06361527740955353
hT1KUqL4PaM_499_1_061da964212ef923d623062d4097c80b90e8ecff2b9427561deda2b4d2c53b216d58dd2925f9ab5e25e5448b20bbcbae4cb67e6129b03163d2bdd49e85d4a1f3_label_fake.npz,Fake,Real,0.046018915926106276,0.07252296805381775,0.10287419706583023,0.0016836781287565827,0.03563527390360832,0.017378462478518486
eUOLg70FT2M_449_1_f19c513caab1c2f927df0cd2b8a676bb9adec59a16fa275097ef3bad141e1c3c4c81a6da178d85f913d8d166df06b66f6d027e1b1c534cb10cb7290172733dd4_label_fake.npz,Fake,Real,0.21756862090933282,0.30691543221473694,0.2815594971179962,2.3835355023038574e-06,0.12897010147571564,0.370395690202713
lXXCH-gBGzI_64_16_ed851225-f8ba-4a30-9715-ba65a2f5e3bb_label_fake.npz,Fake,Deepfake,0.4584320783615113,0.5970048904418945,0.3765051066875458,0.3720071613788605,0.6122885346412659,0.3343546986579895
aEJY8qrqB7M_31_1_2ac9a8f9effb8a010f6529f9ff440a0fdf3fa0c16e6aff6c586330ba34be8819eafa112f6c8eff79f429f5234963ee6582460d947d5d764bd9294b98b91248e9_label_fake.npz,Fake,Real,0.0407020048238337,0.10295192152261734,0.05659952759742737,0.005224369000643492,0.027839582413434982,0.010894623585045338
KRwnkBc5OJs_0_9_1de7f11ad15259491ed04febd0138ff0ecd842b34aeaab35200613adac90e1e04f1e0c7aa4f7ac6ae7bad16d6fb38313070f90b6c965e2469b0daed97af1a941_label_fake.npz,Fake,Real,0.04409337391475674,0.12216415256261826,0.002473004162311554,9.934205991157796e-08,0.024205639958381653,0.07162397354841232
Du1SKO_ri4w_70_17_33b83807-b656-4801-9f84-b5f4a4d772d4_label_fake.npz,Fake,Deepfake,0.3793469227850438,0.4540722966194153,0.12990328669548035,0.060703177005052567,0.7716776132583618,0.48037824034690857
7HZ7W3C41hA_33_1_8c97d3aa6dc2d33e24439b51d48b04e2685f87806f718453e0382720d114a3daa2c6b40c676281eac17e752e2e869390e0b02b736b3f85727bde15dce6286fdc_label_fake.npz,Fake,Real,0.07314600095996866,0.06868451088666916,0.17853285372257233,6.69494693283923e-05,0.03786299005150795,0.08058270066976547
qHO_Dn73ZRY_14_1_25b48eff-41bb-4ee5-9583-31d78953c782_label_fake.npz,Fake,Deepfake,0.4382567167282105,0.7394935488700867,0.4519408047199249,0.748471736907959,0.14994457364082336,0.1014329195022583
7eUMXPSjWNI_12_8_dd20b229-400e-48c3-aa3a-a7a8b7aae596_label_fake.npz,Fake,Real,0.282420875877142,0.15969067811965942,0.2596043050289154,0.26655420660972595,0.6900541186332703,0.03620107099413872
j1VeIEcNIbY_72_1_2c6006a0-c464-413d-b592-5dd8808413f0_label_fake.npz,Fake,Real,0.344848301447928,0.2487560361623764,0.44705015420913696,0.9636543393135071,0.05169958621263504,0.013081391341984272
03GPqk22j-w_233_1_30ba9bab-a647-43d6-a250-a6004d736d55_label_fake.npz,Fake,Real,0.32879161015152936,0.22258949279785156,0.39848053455352783,0.9999644756317139,0.011141014285385609,0.01178253348916769
ntGTvYmCcHE_16_1_3fbe5bd221633ba4fd33019608c2ec18971dcd598787508c5493a957e76effd1e8d3dd452997b10d41fea9a9f5109f322639fb58fe46d18a5315361320ab8b29_label_fake.npz,Fake,Real,0.09971133814987071,0.15869200229644775,0.1410914659500122,5.816040697936842e-07,0.025779055431485176,0.17299358546733856
MATJqR93d5I_21_2_faa0ecc626e80638016d6295b5018372b8567f5f3177f68039e8049b12b555163027f6ebdeb13fd1771de64bb828ff4ff7c28d3258976a05da6b8baad061aae1_label_fake.npz,Fake,Real,0.2670811161398887,0.09795492142438889,0.14738863706588745,0.9987080097198486,0.03694891184568405,0.054405100643634796
u-X671JqQWA_62_200_35c70f50-82ca-4156-a58a-bc7361d00cc2_label_fake.npz,Fake,Deepfake,0.6845762670040131,0.529893696308136,0.38179412484169006,0.9968685507774353,0.8418379426002502,0.6724870204925537
gz-PPJGb0Fw_11_1_c79c7db7ab70179acb0449da4da23f91a90c866a6838fe86c1e3044a354d161c6e83ef0acf18ea7381eebaa766f124f83b17e7bd11ea00e17eb3c89ce3cda6cb_label_fake.npz,Fake,Real,0.11315515243953059,0.09605889022350311,0.1569082885980606,3.993240937916198e-08,0.19156478345394135,0.12124375998973846
d3HzrFRMQ-s_65_1_783931abcb303ee16358ff4ae350c72cc3504c31a3b011b8f2469f1b586ba73f92e9da756385c2a60398b9943f826fefc3202f036bf7d22d8fe9645aff697192_label_fake.npz,Fake,Deepfake,0.4600201597611886,0.6629648208618164,0.2548956573009491,0.00014408965944312513,0.7544376850128174,0.6276585459709167
c8faf9ac-0fde-11f1-857c-ac1f6b8d2e48_label_fake.npz,Fake,Deepfake,0.6646887809038162,0.5609055757522583,0.1580001264810562,0.9999986886978149,0.919136106967926,0.6854034066200256
b27d98d6-0fe0-11f1-857c-ac1f6b8d2e48_label_fake.npz,Fake,Deepfake,0.4540113404393196,0.2718035876750946,0.7269778847694397,0.9999971389770508,0.031186722218990326,0.24009136855602264
97c7f58c-0fdf-11f1-857c-ac1f6b8d2e48_label_fake.npz,Fake,Real,0.25464591598138214,0.0696607455611229,0.8489705920219421,0.341644287109375,0.007840543054044247,0.005113412160426378
f6b61948-0fdf-11f1-857c-ac1f6b8d2e48_label_fake.npz,Fake,Deepfake,0.6220986798405648,0.7435222864151001,0.12094680219888687,0.5524048805236816,0.7625370621681213,0.9310823678970337
3af3ba3e-0fe0-11f1-857c-ac1f6b8d2e48_label_fake.npz,Fake,Deepfake,0.8158963084220886,0.7468594908714294,0.8478774428367615,0.9999951124191284,0.5470532178878784,0.9376962780952454
0df43f4a-0fe0-11f1-857c-ac1f6b8d2e48_label_fake.npz,Fake,Deepfake,0.658267793059349,0.5050289630889893,0.1594012826681137,0.9999998807907104,0.8737319707870483,0.7531768679618835
344fb148-0fdf-11f1-857c-ac1f6b8d2e48_label_fake.npz,Fake,Deepfake,0.3663445830345154,0.07920771837234497,0.6259231567382812,0.965048611164093,0.08945520967245102,0.07208821922540665
Je9hLZKYTz4_72_21_755fe992-3641-40d7-b679-ea63dce7f3e7_label_fake.npz,Fake,Deepfake,0.3784551456570625,0.43407875299453735,0.21780997514724731,0.7571892738342285,0.07749921828508377,0.4056985080242157
E7lIbmnQqgU_429_1_7bb7354f-ebe8-46e9-8f03-7a78b6a5497b_label_fake.npz,Fake,Real,0.23091705031692983,0.11364259570837021,0.0794435665011406,0.8849779963493347,0.025951342657208443,0.05056975036859512
q__LT1Js9gE_1080p_93_8_4b5ae5b5-7420-44a2-8042-02f22e8d2b0a_label_fake.npz,Fake,Real,0.2798317693755962,0.33799275755882263,0.06479787826538086,4.823162453249097e-05,0.6749729514122009,0.32134702801704407
cMueCZNhQW4_125_1_d7d7722d-0815-4b6d-b78f-4246bc4fdc64_label_fake.npz,Fake,Real,0.2534015312790871,0.15712213516235352,0.3741397261619568,0.4790424406528473,0.17491872608661652,0.08178462833166122
84a4879e-0fe0-11f1-857c-ac1f6b8d2e48_label_fake.npz,Fake,Deepfake,0.6272580995224417,0.8121547102928162,0.4319658875465393,0.004750497173517942,0.9013161659240723,0.9861032366752625
62c711be-0fe0-11f1-857c-ac1f6b8d2e48_label_fake.npz,Fake,Real,0.1884403865784407,0.06853382289409637,0.7051777243614197,0.10236966609954834,0.05226418748497963,0.01385653205215931
WYP2eizW7gY_226_2_8cbc9f84-b2a0-4259-8d25-75bc3fe46032_label_fake.npz,Fake,Deepfake,0.4093561712652445,0.10973026603460312,0.8950474262237549,0.9999809265136719,0.021944765001535416,0.020077472552657127
u24egzL00g0_671_4_20995a78-b8e8-4d52-87d1-7a88d8054046_label_fake.npz,Fake,Deepfake,0.5594026386737823,0.39625033736228943,0.49140283465385437,1.0,0.6279898285865784,0.2813701927661896
Je9hLZKYTz4_93_8_0355b3bf-1012-438f-ad94-38febe47e89c_label_fake.npz,Fake,Deepfake,0.4220512554049492,0.4196872413158417,0.05782680958509445,0.9999279975891113,0.32702499628067017,0.3057892322540283
85d52844-0fe0-11f1-857c-ac1f6b8d2e48_label_fake.npz,Fake,Real,0.26840469092130664,0.07075288146734238,0.22807267308235168,0.993526816368103,0.018232855945825577,0.031438227742910385
SY_xV-Raq3A_1080p_114_1_9ae6ec58-1283-4ceb-8218-36be07c7daf7_label_fake.npz,Fake,Deepfake,0.4573279850184918,0.41898512840270996,0.3581843674182892,0.999711811542511,0.05795818194746971,0.4518004357814789
f1e3cdac-0fdf-11f1-857c-ac1f6b8d2e48_label_fake.npz,Fake,Deepfake,0.5758889801800251,0.10597832500934601,0.9739412665367126,0.9488733410835266,0.7922523021697998,0.05839966610074043
FGAyYl3ZICw_79_1_7964fe14-4905-46cf-9c67-16c7083e579c_label_fake.npz,Fake,Deepfake,0.4342812538146973,0.33231183886528015,0.07455870509147644,0.9939184188842773,0.7380391955375671,0.032578110694885254
H1ajK1qLRWc_1080p_75_1_0162a1ad-b693-40d4-87f1-a59ebcb339e7_label_fake.npz,Fake,Real,0.2782499045133591,0.5539715886116028,0.3373064696788788,0.009162485599517822,0.06051225960254669,0.43029671907424927
OpitcLEYak8_1080p_48_6_0355b3bf-1012-438f-ad94-38febe47e89c_label_fake.npz,Fake,Real,0.2696562469005585,0.183455228805542,0.02534198760986328,0.17236843705177307,0.7128221392631531,0.25429344177246094
e332b688-0fdf-11f1-857c-ac1f6b8d2e48_label_fake.npz,Fake,Real,0.2717696426436305,0.06404608488082886,0.22660385072231293,0.9988126754760742,0.05955973267555237,0.009825869463384151
UzfVjgZKjro_1080p_97_13_bbd3c409-edb2-49b2-a105-a1abc7ec067a_label_fake.npz,Fake,Real,0.2316697869449854,0.10281636565923691,0.02238316275179386,0.8893312215805054,0.09332503378391266,0.05049315094947815
cMueCZNhQW4_138_1_292977ba-de5b-48ca-91c6-cc93e179a4ba_label_fake.npz,Fake,Real,0.24126794980838895,0.07540562003850937,0.10508239269256592,0.9994268417358398,0.020143654197454453,0.006281240377575159
aa21f49e-0fdf-11f1-857c-ac1f6b8d2e48_label_fake.npz,Fake,Deepfake,0.42218929408118133,0.08572828024625778,0.9941549897193909,0.9999988079071045,0.02395060658454895,0.007113785948604345
ba7edd76-0fde-11f1-857c-ac1f6b8d2e48_label_fake.npz,Fake,Deepfake,0.6935189127922059,0.49828943610191345,0.7382670044898987,0.9999980926513672,0.25338926911354065,0.9776507616043091
apnde-Dpq8E_1080p_114_1_ea88bd1e-ce84-4f21-a9d6-eb913cb10b5b_label_fake.npz,Fake,Deepfake,0.36472028195858003,0.44487929344177246,0.07781510055065155,0.24675723910331726,0.7367891669273376,0.31736060976982117
a1952c3c-0fe0-11f1-857c-ac1f6b8d2e48_label_fake.npz,Fake,Real,0.08106773234903812,0.12388753145933151,0.1600058525800705,0.07938002794981003,0.02044486626982689,0.021620383486151695
7be0a610-0fe0-11f1-857c-ac1f6b8d2e48_label_fake.npz,Fake,Real,0.27214126363396646,0.12934184074401855,0.14117304980754852,0.9624513983726501,0.09080951660871506,0.03693051263689995
3c302f22-0fe0-11f1-857c-ac1f6b8d2e48_label_fake.npz,Fake,Deepfake,0.6401303589344025,0.45376473665237427,0.5622528195381165,0.9999089241027832,0.9305275082588196,0.2541978061199188
i56Klb7z3Pw_731_1_2e362171-60dc-40f5-b348-8b5acb7d8a4b_label_fake.npz,Fake,Real,0.18262683600187304,0.08141539990901947,0.5863207578659058,0.21737425029277802,0.01418550405651331,0.013838267885148525
441bd084-0fdf-11f1-857c-ac1f6b8d2e48_label_fake.npz,Fake,Deepfake,0.40269745513796806,0.10389375686645508,0.8798823952674866,0.9902969002723694,0.018304241821169853,0.02110998146235943
7b89f082-0fdf-11f1-857c-ac1f6b8d2e48_label_fake.npz,Fake,Real,0.14360949015244842,0.10564266890287399,0.4434647262096405,0.14387480914592743,0.018172625452280045,0.006892621051520109
hR6MLH3vp80_1080p_292_1_e6215410-78fa-416b-9dd0-491564554f80_label_fake.npz,Fake,Real,0.2094654317479581,0.6324114203453064,0.013116739690303802,0.0020545402076095343,0.04819057136774063,0.35155388712882996
7950fe40-0fe0-11f1-857c-ac1f6b8d2e48_label_fake.npz,Fake,Real,0.2722877062857151,0.10699204355478287,0.1720925122499466,1.0,0.04155547544360161,0.040798500180244446
6dcc0830-0fe0-11f1-857c-ac1f6b8d2e48_label_fake.npz,Fake,Deepfake,0.4823194853961468,0.3533029556274414,0.8684260249137878,1.0,0.1342136710882187,0.055654775351285934
499cb7e4-0fdf-11f1-857c-ac1f6b8d2e48_label_fake.npz,Fake,Real,0.3308426882140339,0.05853390693664551,0.602610170841217,0.9723862409591675,0.013101636432111263,0.007581485901027918
H1ajK1qLRWc_1080p_53_1_bcb94566-1c37-4edb-ad61-c01dac172a76_label_fake.npz,Fake,Deepfake,0.4163095012307167,0.3856987953186035,0.22398348152637482,0.9919214248657227,0.05695422738790512,0.4229895770549774
333aefb6-0fdf-11f1-857c-ac1f6b8d2e48_label_fake.npz,Fake,Deepfake,0.6535702988505364,0.5788717865943909,0.9319233894348145,0.9787957072257996,0.08648719638586044,0.6917734146118164
16b2cd14-0fdf-11f1-857c-ac1f6b8d2e48_label_fake.npz,Fake,Real,0.2646206295117736,0.07234256714582443,0.21327519416809082,0.9983348250389099,0.031239021569490433,0.007911539636552334
baf95c70-0fe0-11f1-857c-ac1f6b8d2e48_label_fake.npz,Fake,Real,0.307824893295765,0.07356128096580505,0.8637293577194214,0.5735624432563782,0.015075544826686382,0.013195839710533619
b91138b2-0fde-11f1-857c-ac1f6b8d2e48_label_fake.npz,Fake,Real,0.27413645088672633,0.07142072170972824,0.6243225932121277,0.05937834829092026,0.04047363996505737,0.5750869512557983
e1ede09a-0fdf-11f1-857c-ac1f6b8d2e48_label_fake.npz,Fake,Real,0.228308227006346,0.06708689779043198,0.10353574901819229,0.9418041110038757,0.02493969351053238,0.0041746837086975574
6adc37d0-0fe0-11f1-857c-ac1f6b8d2e48_label_fake.npz,Fake,Deepfake,0.4775333408266306,0.6525716781616211,0.45744842290878296,0.020121904090046883,0.8243560791015625,0.4331686198711395
2f554774-0fe0-11f1-857c-ac1f6b8d2e48_label_fake.npz,Fake,Real,0.3379200681112707,0.06828378885984421,0.7411730289459229,0.8608662486076355,0.014428474009037018,0.004848800133913755
390fc5fa-0fe0-11f1-857c-ac1f6b8d2e48_label_fake.npz,Fake,Deepfake,0.5947229087352753,0.5527929663658142,0.2944987714290619,0.7229992747306824,0.7630369067192078,0.6402866244316101
2e52d954-0fe0-11f1-857c-ac1f6b8d2e48_label_fake.npz,Fake,Deepfake,0.575653499364853,0.4767399728298187,0.6317833065986633,0.8730616569519043,0.35667920112609863,0.5400033593177795
d3625f52-0fe3-11f1-857c-ac1f6b8d2e48_label_fake.npz,Fake,Deepfake,0.373898261692375,0.07103846222162247,0.8654835224151611,0.9237839579582214,0.0070024291053414345,0.0021829367615282536
6302bd1a-0fe3-11f1-857c-ac1f6b8d2e48_label_fake.npz,Fake,Deepfake,0.7230513989925385,0.4987872540950775,0.7392319440841675,1.0,0.5917671918869019,0.7854706048965454
0f33d952-0fe4-11f1-857c-ac1f6b8d2e48_label_fake.npz,Fake,Real,0.332768217753619,0.059053435921669006,0.5722451210021973,0.976248562335968,0.05153247341513634,0.004761496093124151
836d6b88-0fe1-11f1-857c-ac1f6b8d2e48_label_fake.npz,Fake,Real,0.345893238485573,0.42564859986305237,0.08208724111318588,3.5675694169678973e-12,0.7193936705589294,0.5023366808891296
fc02da50-0fe2-11f1-857c-ac1f6b8d2e48_label_fake.npz,Fake,Real,0.08241800270043315,0.06502397358417511,0.3276797831058502,0.0025025915820151567,0.010822420939803123,0.006061244290322065
0e0805b2-0fe4-11f1-857c-ac1f6b8d2e48_label_fake.npz,Fake,Real,0.04638027381151915,0.08636440336704254,0.04766153544187546,0.07256697118282318,0.020545076578855515,0.004763382486999035
1c8bc7d2-0fe3-11f1-857c-ac1f6b8d2e48_label_fake.npz,Fake,Real,0.032708891294896604,0.0560469888150692,0.076267309486866,0.016423262655735016,0.010646296665072441,0.00416059885174036
9ee0b170-0fe3-11f1-857c-ac1f6b8d2e48_label_fake.npz,Fake,Deepfake,0.8235462427139283,0.6668554544448853,0.9508873224258423,0.9985787868499756,0.9439247250556946,0.5574849247932434
d48a4746-0fe3-11f1-857c-ac1f6b8d2e48_label_fake.npz,Fake,Deepfake,0.39904621394816786,0.49291881918907166,0.30506765842437744,0.0013150946469977498,0.75874924659729,0.4371802508831024
c90bf226-0fe2-11f1-857c-ac1f6b8d2e48_label_fake.npz,Fake,Deepfake,0.47008642107248305,0.40409207344055176,0.4001578390598297,0.9976235032081604,0.10188616067171097,0.4466725289821625
e5bf5184-0fe1-11f1-857c-ac1f6b8d2e48_label_fake.npz,Fake,Real,0.34988263975828887,0.07296300679445267,0.6451295614242554,0.999974250793457,0.02045351080596447,0.010892868973314762
ede18314-0fe1-11f1-857c-ac1f6b8d2e48_label_fake.npz,Fake,Real,0.2162854185095057,0.08036984503269196,0.9503859281539917,0.0010387551737949252,0.020814623683691025,0.02881794050335884
248aa7d6-0fe4-11f1-857c-ac1f6b8d2e48_label_fake.npz,Fake,Deepfake,0.39260296747088436,0.1127362847328186,0.13121815025806427,0.9999949932098389,0.037614088505506516,0.6814513206481934
86346d70-0fe2-11f1-857c-ac1f6b8d2e48_label_fake.npz,Fake,Real,0.33153903079219166,0.06907530874013901,0.5742236971855164,0.9999792575836182,0.012149105779826641,0.002267784671857953
cec2f720-0fe0-11f1-857c-ac1f6b8d2e48_label_fake.npz,Fake,Real,0.22570917173288763,0.06656073778867722,0.06173044070601463,0.9870120882987976,0.010238599963486195,0.0030039919074624777
e045fcc0-0fe2-11f1-857c-ac1f6b8d2e48_label_fake.npz,Fake,Deepfake,0.5127623528242111,0.13979430496692657,0.49613282084465027,0.9999997615814209,0.5835438966751099,0.344340980052948
68d3e446-0fe1-11f1-857c-ac1f6b8d2e48_label_fake.npz,Fake,Deepfake,0.7381618782877922,0.8671800494194031,0.10701759904623032,0.975026547908783,0.9470014572143555,0.7945837378501892
2ad9bf20-0fe2-11f1-857c-ac1f6b8d2e48_label_fake.npz,Fake,Real,0.22509680185467004,0.07249782234430313,0.748144268989563,0.2806857228279114,0.016176799312233925,0.007979395799338818
8f29624a-0fe3-11f1-857c-ac1f6b8d2e48_label_fake.npz,Fake,Real,0.02388196966500411,0.07063567638397217,0.020412495359778404,4.045731305524214e-09,0.009275231510400772,0.0190864410251379
9c883534-0fe2-11f1-857c-ac1f6b8d2e48_label_fake.npz,Fake,Real,0.15487977322191002,0.05556982383131981,0.15905869007110596,0.5415724515914917,0.01241135410964489,0.005786546505987644
b65a909c-0fe2-11f1-857c-ac1f6b8d2e48_label_fake.npz,Fake,Deepfake,0.36556262364611036,0.06786646693944931,0.7389790415763855,0.9998425245285034,0.013873809017241001,0.007251276168972254
6e3718f8-0fe2-11f1-857c-ac1f6b8d2e48_label_fake.npz,Fake,Deepfake,0.7467149257659913,0.2794017791748047,0.9984879493713379,0.9926270842552185,0.955074667930603,0.5079831480979919
84afef78-0fe3-11f1-857c-ac1f6b8d2e48_label_fake.npz,Fake,Real,0.3068376243114471,0.10790611803531647,0.2786615192890167,0.9893394112586975,0.047036610543727875,0.11124446243047714
0643d208-0fe3-11f1-857c-ac1f6b8d2e48_label_fake.npz,Fake,Deepfake,0.5304327189922333,0.6863200664520264,0.28885123133659363,0.42368975281715393,0.33394601941108704,0.9193565249443054
a11c6042-0fe3-11f1-857c-ac1f6b8d2e48_label_fake.npz,Fake,Real,0.2733112405985594,0.08703254163265228,0.20428058505058289,1.0,0.057955771684646606,0.017287304624915123
1ce81524-0fe2-11f1-857c-ac1f6b8d2e48_label_fake.npz,Fake,Real,0.31986510623246434,0.08451592922210693,0.4770953953266144,0.9999939203262329,0.026159565895795822,0.011560720391571522
abcf18d8-0fe1-11f1-857c-ac1f6b8d2e48_label_fake.npz,Fake,Real,0.23484797738492488,0.08049531280994415,0.8612954616546631,0.03616379201412201,0.16742999851703644,0.028855321928858757
aa42b172-0fe2-11f1-857c-ac1f6b8d2e48_label_fake.npz,Fake,Real,0.26914295405149463,0.08483822643756866,0.12139755487442017,0.9880190491676331,0.10582725703716278,0.045632682740688324
ce56f898-0fe2-11f1-857c-ac1f6b8d2e48_label_fake.npz,Fake,Deepfake,0.40985302980989224,0.05456627532839775,0.9712371230125427,1.0,0.01423567533493042,0.009226075373589993
f8607ab0-0fe2-11f1-857c-ac1f6b8d2e48_label_fake.npz,Fake,Deepfake,0.5786195814609528,0.43293219804763794,0.4573522210121155,0.9998397827148438,0.7955727577209473,0.20740094780921936
d23a45fc-0fe0-11f1-857c-ac1f6b8d2e48_label_fake.npz,Fake,Deepfake,0.7140160202980042,0.8613024950027466,0.360129714012146,0.8808378577232361,0.6434320211410522,0.8243780136108398
6b1f1854-0fe3-11f1-857c-ac1f6b8d2e48_label_fake.npz,Fake,Deepfake,0.36026464998722085,0.06713844835758209,0.705780565738678,0.9999988079071045,0.0245199054479599,0.003885522484779358
d9e81856-0fe0-11f1-857c-ac1f6b8d2e48_label_fake.npz,Fake,Deepfake,0.3629454060457647,0.06255687028169632,0.7312043905258179,1.0,0.014015290886163712,0.006950478535145521
820c65a8-0fe3-11f1-857c-ac1f6b8d2e48_label_fake.npz,Fake,Deepfake,0.4069015853106976,0.07383628934621811,0.934252142906189,0.999995231628418,0.02118854969739914,0.005235712975263596
1610cc3a-0fe4-11f1-857c-ac1f6b8d2e48_label_fake.npz,Fake,Real,0.2352224381640554,0.2762801945209503,0.7755438685417175,0.0019451575353741646,0.04260511323809624,0.07973785698413849
cfabdfb6-0fe1-11f1-857c-ac1f6b8d2e48_label_fake.npz,Fake,Deepfake,0.38131015785038475,0.7269846796989441,0.5408043265342712,0.030752750113606453,0.04279845207929611,0.5652105808258057
cdad5376-0fe0-11f1-857c-ac1f6b8d2e48_label_fake.npz,Fake,Deepfake,0.41279752999544145,0.07629428058862686,0.9077882766723633,0.9999734163284302,0.01843743398785591,0.061494242399930954
a91640ee-0fe1-11f1-857c-ac1f6b8d2e48_label_fake.npz,Fake,Deepfake,0.4058617889881134,0.4595634639263153,0.2539512515068054,0.9999998807907104,0.08836190402507782,0.22743244469165802
c38764bc-0fe1-11f1-857c-ac1f6b8d2e48_label_fake.npz,Fake,Deepfake,0.3995934588834643,0.06828596442937851,0.9132030010223389,0.9999997615814209,0.011071257293224335,0.005407310090959072
72e02fd8-0fe3-11f1-857c-ac1f6b8d2e48_label_fake.npz,Fake,Deepfake,0.7469920456409455,0.7639108896255493,0.915368378162384,0.9999998807907104,0.2743474543094635,0.7813336253166199
3b840b10-0fe1-11f1-857c-ac1f6b8d2e48_label_fake.npz,Fake,Real,0.19145550914108755,0.06595994532108307,0.8215005397796631,0.04600400850176811,0.0140595817938447,0.009753470309078693
dd6c5ab4-0fe0-11f1-857c-ac1f6b8d2e48_label_fake.npz,Fake,Real,0.09402035082894146,0.07113117724657059,0.3633049428462982,5.9126839914824814e-05,0.03089063987135887,0.004715867340564728
e293fe52-0fe0-11f1-857c-ac1f6b8d2e48_label_fake.npz,Fake,Real,0.29079769472591577,0.06189706549048424,0.5670210719108582,0.8034384846687317,0.01830814965069294,0.003323701908811927
faada542-0fe0-11f1-857c-ac1f6b8d2e48_label_fake.npz,Fake,Deepfake,0.6648066133260728,0.12764666974544525,0.6418407559394836,0.9745293259620667,0.8397149443626404,0.7403013706207275
dba8a25e-0fe1-11f1-857c-ac1f6b8d2e48_label_fake.npz,Fake,Real,0.339217646420002,0.07599163800477982,0.5971137285232544,0.9983207583427429,0.011713028885424137,0.012949078343808651
4515ecd8-0fe2-11f1-857c-ac1f6b8d2e48_label_fake.npz,Fake,Deepfake,0.8795424580574036,0.7761063575744629,0.9716729521751404,0.969594419002533,0.9247715473175049,0.7555670142173767
1b3e92fc-0fe2-11f1-857c-ac1f6b8d2e48_label_fake.npz,Fake,Real,0.30922279339283704,0.07059159874916077,0.4556133449077606,1.0,0.01533796638250351,0.004571056924760342
b94910fc-0fe3-11f1-857c-ac1f6b8d2e48_label_fake.npz,Fake,Real,0.3055157318711281,0.11873667687177658,0.3721461892127991,0.9541975259780884,0.03654875233769417,0.04594951495528221
2e0a449a-0fe6-11f1-857c-ac1f6b8d2e48_label_fake.npz,Fake,Real,0.27910165097564466,0.10673119872808456,0.7867094874382019,0.48343172669410706,0.010487939231097698,0.00814790278673172
5845a230-0fe7-11f1-857c-ac1f6b8d2e48_label_fake.npz,Fake,Deepfake,0.7843936204910278,0.6482366919517517,0.6818318963050842,0.9999967813491821,0.8319271206855774,0.7599756121635437
54ce579c-0fe6-11f1-857c-ac1f6b8d2e48_label_fake.npz,Fake,Deepfake,0.3916014771908522,0.08641732484102249,0.8232588768005371,0.9760830402374268,0.020034560933709145,0.05221358314156532
647fb4e4-0fe4-11f1-857c-ac1f6b8d2e48_label_fake.npz,Fake,Deepfake,0.4761900007724762,0.17879703640937805,0.7702464461326599,0.9959218502044678,0.237308070063591,0.19867660105228424
de88c7a8-0fe4-11f1-857c-ac1f6b8d2e48_label_fake.npz,Fake,Deepfake,0.6116563320159912,0.8803346753120422,0.23931573331356049,1.0,0.10950542986392975,0.8291258215904236
4f11dafe-0fe6-11f1-857c-ac1f6b8d2e48_label_fake.npz,Fake,Deepfake,0.3844017883762717,0.08272063732147217,0.8030566573143005,0.9999470710754395,0.027119304984807968,0.009165271185338497
77094fb6-0fe5-11f1-857c-ac1f6b8d2e48_label_fake.npz,Fake,Real,0.2606284729205072,0.07133181393146515,0.21484118700027466,0.9999998807907104,0.012554576620459557,0.00441490625962615
8d357fa2-0fe6-11f1-857c-ac1f6b8d2e48_label_fake.npz,Fake,Deepfake,0.8578993201255798,0.7340905070304871,0.9046216607093811,0.9999992847442627,0.8397455811500549,0.8110395669937134
a5b33a60-0fe6-11f1-857c-ac1f6b8d2e48_label_fake.npz,Fake,Deepfake,0.41083734184503556,0.07485369592905045,0.23095238208770752,0.9923341274261475,0.43678590655326843,0.3192605972290039
4ef6ac9a-0fe4-11f1-857c-ac1f6b8d2e48_label_fake.npz,Fake,Deepfake,0.7508626863360405,0.09977265447378159,0.9045113921165466,0.9672891497612,0.8561100363731384,0.9266301989555359
cecc62ac-0fe4-11f1-857c-ac1f6b8d2e48_label_fake.npz,Fake,Deepfake,0.5516791880130768,0.533625602722168,0.9784142971038818,0.5842066407203674,0.3889954686164856,0.2731539309024811
347e53c6-0fe5-11f1-857c-ac1f6b8d2e48_label_fake.npz,Fake,Real,0.22419163370504977,0.06430646777153015,0.04432733356952667,0.9929912090301514,0.015149428509175777,0.004183729644864798
5b0ea136-0fe4-11f1-857c-ac1f6b8d2e48_label_fake.npz,Fake,Real,0.10163993742316962,0.06952261179685593,0.37197384238243103,0.0342097245156765,0.021462874487042427,0.011030633933842182
2ccc7c2a-0fe5-11f1-857c-ac1f6b8d2e48_label_fake.npz,Fake,Real,0.2788535399362445,0.13242529332637787,0.14591431617736816,0.9998223185539246,0.011530681513249874,0.10457509011030197
be0b0a7a-0fe6-11f1-857c-ac1f6b8d2e48_label_fake.npz,Fake,Deepfake,0.7695297449827194,0.8029689192771912,0.18545453250408173,0.9999961853027344,0.9562745690345764,0.9029545187950134
9deba01c-0fe4-11f1-857c-ac1f6b8d2e48_label_fake.npz,Fake,Deepfake,0.3897921161726118,0.046416785567998886,0.9051252007484436,0.9767683744430542,0.01410619169473648,0.0065440284088253975
5243dec4-0fe7-11f1-857c-ac1f6b8d2e48_label_fake.npz,Fake,Deepfake,0.4085044138133526,0.07536757737398148,0.9438120126724243,0.9985336065292358,0.016004497185349464,0.008804375305771828
47eaf46c-0fe7-11f1-857c-ac1f6b8d2e48_label_fake.npz,Fake,Real,0.14974950013565833,0.21832866966724396,0.38372746109962463,7.170726894401014e-05,0.0723353922367096,0.07428427040576935
4511e964-0fe5-11f1-857c-ac1f6b8d2e48_label_fake.npz,Fake,Real,0.27470612861216065,0.16293494403362274,0.1418609470129013,1.0,0.05530776083469391,0.013426991179585457
888e9a26-0fe4-11f1-857c-ac1f6b8d2e48_label_fake.npz,Fake,Real,0.20340261328965425,0.0925247073173523,0.8760653734207153,0.023003481328487396,0.011607899330556393,0.013811605051159859
94adc0aa-0fe6-11f1-857c-ac1f6b8d2e48_label_fake.npz,Fake,Real,0.303627160191536,0.09171885997056961,0.3291320204734802,0.9999994039535522,0.04742388427257538,0.04986163228750229
e091b550-0fe4-11f1-857c-ac1f6b8d2e48_label_fake.npz,Fake,Deepfake,0.4129572182893753,0.10478908568620682,0.8184416890144348,0.9993187189102173,0.10810045152902603,0.03413614630699158
c172c1a0-0fe4-11f1-857c-ac1f6b8d2e48_label_fake.npz,Fake,Deepfake,0.5502898514270782,0.6893177032470703,0.15491783618927002,0.10649850964546204,0.8550838828086853,0.9456313252449036
e2232876-0fe5-11f1-857c-ac1f6b8d2e48_label_fake.npz,Fake,Real,0.039045812143012885,0.038686491549015045,0.1272127330303192,0.0006757311057299376,0.021503807976841927,0.007150297053158283
fb5e13e6-0fe5-11f1-857c-ac1f6b8d2e48_label_fake.npz,Fake,Deepfake,0.5297518253326416,0.6679744720458984,0.34595903754234314,1.0,0.1661418378353119,0.46868377923965454
d2d1150e-0fe5-11f1-857c-ac1f6b8d2e48_label_fake.npz,Fake,Deepfake,0.6882214754819871,0.12171636521816254,0.9249179363250732,0.9910129904747009,0.7977601289749146,0.6056999564170837
4d651f04-0fe6-11f1-857c-ac1f6b8d2e48_label_fake.npz,Fake,Deepfake,0.4219426974654198,0.7979058623313904,0.9338264465332031,0.17057593166828156,0.018025465309619904,0.18937978148460388
3f1f16fe-0fe4-11f1-857c-ac1f6b8d2e48_label_fake.npz,Fake,Deepfake,0.7298230946063996,0.7940322756767273,0.399751752614975,0.9999979734420776,0.9014222025871277,0.5539112687110901
c2ba2e70-0fe6-11f1-857c-ac1f6b8d2e48_label_fake.npz,Fake,Deepfake,0.35929543287493293,0.07058899104595184,0.7055783867835999,0.9999239444732666,0.017976686358451843,0.0024091557133942842
bee9ee72-0fe4-11f1-857c-ac1f6b8d2e48_label_fake.npz,Fake,Real,0.32344138212502,0.14076398313045502,0.4381382465362549,0.9970429539680481,0.01987958513200283,0.02138214185833931
48f085c0-0fe7-11f1-857c-ac1f6b8d2e48_label_fake.npz,Fake,Deepfake,0.4328312009572983,0.23746143281459808,0.795022189617157,0.9982637763023376,0.07399460673332214,0.05941399931907654
5f68392a-0fe6-11f1-857c-ac1f6b8d2e48_label_fake.npz,Fake,Deepfake,0.3942930350080132,0.07020293921232224,0.8771987557411194,0.9983211159706116,0.012739981524646282,0.013002382591366768
08b96c8a-0fe5-11f1-857c-ac1f6b8d2e48_label_fake.npz,Fake,Real,0.2746219923719764,0.06783824414014816,0.8611743450164795,0.4191998541355133,0.01654629223048687,0.008351226337254047
0cbef4f2-0fe6-11f1-857c-ac1f6b8d2e48_label_fake.npz,Fake,Real,0.05577825626824051,0.09013865143060684,0.16103696823120117,0.0011086404556408525,0.021905332803726196,0.004701688420027494
d377dc1e-0fe4-11f1-857c-ac1f6b8d2e48_label_fake.npz,Fake,Real,0.029468891909345988,0.06953740864992142,0.05634600669145584,0.003641233080998063,0.013697096146643162,0.004122714977711439
43351714-0fe6-11f1-857c-ac1f6b8d2e48_label_fake.npz,Fake,Real,0.2725055035203695,0.1418658345937729,0.08318235725164413,0.9997662901878357,0.016892654821276665,0.12082038074731827
d488832c-0fe6-11f1-857c-ac1f6b8d2e48_label_fake.npz,Fake,Deepfake,0.6947750836610795,0.5086891055107117,0.9136523008346558,0.9999984502792358,0.1623385101556778,0.889197051525116
a07c1050-0fe4-11f1-857c-ac1f6b8d2e48_label_fake.npz,Fake,Real,0.1940558344125748,0.08334515243768692,0.08700039982795715,0.5673099756240845,0.1488499641418457,0.08377368003129959
aa4e200e-0fe5-11f1-857c-ac1f6b8d2e48_label_fake.npz,Fake,Real,0.26075145057402555,0.06440289318561554,0.22554612159729004,1.0,0.009966288693249226,0.0038419493939727545
8ae2e92a-0fe5-11f1-857c-ac1f6b8d2e48_label_fake.npz,Fake,Deepfake,0.6125490754842758,0.13228504359722137,0.8117310404777527,1.0,0.529860258102417,0.588869035243988
62619564-0fe5-11f1-857c-ac1f6b8d2e48_label_fake.npz,Fake,Real,0.33896590992808345,0.08465226739645004,0.5247775912284851,0.9997974038124084,0.04545047879219055,0.04015180841088295
73ff4baa-0fe4-11f1-857c-ac1f6b8d2e48_label_fake.npz,Fake,Deepfake,0.6458203852176667,0.4593070149421692,0.7011963129043579,0.99945467710495,0.1491204798221588,0.9200234413146973
da4db340-0fe6-11f1-857c-ac1f6b8d2e48_label_fake.npz,Fake,Deepfake,0.4077582553029061,0.09566817432641983,0.3710393011569977,0.9996798038482666,0.4988660514354706,0.07353794574737549
c2a72312-0fe5-11f1-857c-ac1f6b8d2e48_label_fake.npz,Fake,Deepfake,0.4051352631300688,0.10592722147703171,0.8625419735908508,0.9923375248908997,0.023958267644047737,0.04091132804751396
fb2e5544-0fe4-11f1-857c-ac1f6b8d2e48_label_fake.npz,Fake,Deepfake,0.5933750957250595,0.29691359400749207,0.8918665647506714,0.999998927116394,0.1549587994813919,0.6231375932693481
b57f6bcc-0fe5-11f1-857c-ac1f6b8d2e48_label_fake.npz,Fake,Deepfake,0.6917898297309876,0.49113965034484863,0.8856416344642639,0.6106846928596497,0.846156120300293,0.6253270506858826
5cf48dc4-0fe6-11f1-857c-ac1f6b8d2e48_label_fake.npz,Fake,Deepfake,0.3723952926695347,0.4768845736980438,0.04436422511935234,0.9995891451835632,0.030229009687900543,0.3109095096588135
de0ac050-0fe5-11f1-857c-ac1f6b8d2e48_label_fake.npz,Fake,Real,0.27748427814804016,0.07225961983203888,0.5766041278839111,0.7222883105278015,0.01361711323261261,0.0026522192638367414
d08ff7ca-0fe9-11f1-857c-ac1f6b8d2e48_label_fake.npz,Fake,Real,0.2169009018689394,0.09700558334589005,0.952276349067688,0.009148098528385162,0.01147152204066515,0.014602956362068653
633e52d0-0fe8-11f1-857c-ac1f6b8d2e48_label_fake.npz,Fake,Real,0.21593071911484005,0.06380238384008408,0.015427476726472378,0.9660909175872803,0.015977390110492706,0.01835542730987072
9a0dbdc2-0fe9-11f1-857c-ac1f6b8d2e48_label_fake.npz,Fake,Deepfake,0.40341288233175876,0.06440392136573792,0.9246781468391418,0.9957160353660583,0.02859044075012207,0.003675867337733507
6596295a-0fe7-11f1-857c-ac1f6b8d2e48_label_fake.npz,Fake,Deepfake,0.5155448764562607,0.39539965987205505,0.01653541624546051,0.7791043519973755,0.4804004430770874,0.906284511089325
d21d94f4-0fe8-11f1-857c-ac1f6b8d2e48_label_fake.npz,Fake,Deepfake,0.3840796031057835,0.08918680250644684,0.7047548294067383,0.9999990463256836,0.05432215705513954,0.07213518023490906
09891f72-0fe8-11f1-857c-ac1f6b8d2e48_label_fake.npz,Fake,Real,0.1777113849297166,0.08707655966281891,0.5055059194564819,0.25202757120132446,0.03321491926908493,0.0107319550588727
4d7041b6-0fe8-11f1-857c-ac1f6b8d2e48_label_fake.npz,Fake,Real,0.3119255958124995,0.0779123604297638,0.4451833665370941,0.9982324242591858,0.027685854583978653,0.010613973252475262
abc634e6-0fe8-11f1-857c-ac1f6b8d2e48_label_fake.npz,Fake,Deepfake,0.5266150902956724,0.4852144420146942,0.6494388580322266,0.9999923706054688,0.020723050460219383,0.4777067303657532
309af67e-0fea-11f1-857c-ac1f6b8d2e48_label_fake.npz,Fake,Deepfake,0.7160610079765319,0.48270198702812195,0.8183251023292542,0.9907949566841125,0.8954346179962158,0.39304837584495544
ef8b067a-0fe8-11f1-857c-ac1f6b8d2e48_label_fake.npz,Fake,Deepfake,0.635636006295681,0.10192399471998215,0.5689235925674438,0.9835807681083679,0.9151138663291931,0.608637809753418
c654922a-0fe9-11f1-857c-ac1f6b8d2e48_label_fake.npz,Fake,Real,0.2703601151704788,0.27409908175468445,0.1458790898323059,0.8817127346992493,0.0196395181119442,0.03047015145421028
2787214a-0fe8-11f1-857c-ac1f6b8d2e48_label_fake.npz,Fake,Real,0.02758604599438952,0.06598036736249924,0.02961326576769352,6.2536620326625325e-09,0.037836700677871704,0.0044998899102211
122aecf0-0fe8-11f1-857c-ac1f6b8d2e48_label_fake.npz,Fake,Deepfake,0.6465330064296723,0.28560730814933777,0.8624385595321655,0.9996944665908813,0.8536252975463867,0.23129940032958984
847ba4f8-0fe7-11f1-857c-ac1f6b8d2e48_label_fake.npz,Fake,Deepfake,0.7467432737350465,0.5810834765434265,0.8887556195259094,0.999937891960144,0.5065934062004089,0.757345974445343
6a316028-0fe8-11f1-857c-ac1f6b8d2e48_label_fake.npz,Fake,Deepfake,0.8338094472885133,0.8443418741226196,0.9090977907180786,0.9993065595626831,0.6024371385574341,0.8138638734817505
ee8d2230-0fe8-11f1-857c-ac1f6b8d2e48_label_fake.npz,Fake,Real,0.11825753180310129,0.06999734789133072,0.2729800343513489,0.2225351333618164,0.019376061856746674,0.00639908155426383
b410dcd6-0fe9-11f1-857c-ac1f6b8d2e48_label_fake.npz,Fake,Deepfake,0.4229930799454451,0.20965634286403656,0.8008172512054443,0.9599191546440125,0.018493330106139183,0.12607932090759277
7aa3505a-0fe9-11f1-857c-ac1f6b8d2e48_label_fake.npz,Fake,Deepfake,0.3930794015526772,0.06849048286676407,0.8796253800392151,0.9999932050704956,0.012077595107257366,0.0052103446796536446
7b82fc3e-0fe7-11f1-857c-ac1f6b8d2e48_label_fake.npz,Fake,Deepfake,0.417144885007292,0.06829967349767685,0.9909076690673828,1.0,0.021508323028683662,0.005008759442716837
d257d2aa-0fe7-11f1-857c-ac1f6b8d2e48_label_fake.npz,Fake,Real,0.15378695952240382,0.08832912892103195,0.6386898756027222,0.0008944255532696843,0.0297545213252306,0.01126684620976448
45c507d0-0fe8-11f1-857c-ac1f6b8d2e48_label_fake.npz,Fake,Deepfake,0.41378511739894747,0.08140747994184494,0.9890347719192505,0.9710720777511597,0.02101685293018818,0.006394404452294111
72f800aa-0fe7-11f1-857c-ac1f6b8d2e48_label_fake.npz,Fake,Real,0.2870844209566712,0.13741032779216766,0.16717542707920074,0.9962959885597229,0.12407620996236801,0.01046415138989687
3cc7df0c-0fea-11f1-857c-ac1f6b8d2e48_label_fake.npz,Fake,Deepfake,0.4193099094554782,0.08970338851213455,0.974946916103363,0.9997757077217102,0.008650713600218296,0.023472821339964867
14e7be8c-0fe8-11f1-857c-ac1f6b8d2e48_label_fake.npz,Fake,Real,0.2057499283924699,0.06107845529913902,0.8391206860542297,0.11267421394586563,0.011491995304822922,0.004384291358292103
5ba10e8c-0fe8-11f1-857c-ac1f6b8d2e48_label_fake.npz,Fake,Deepfake,0.5670455906540156,0.06480684131383896,0.9306996464729309,0.9998651742935181,0.832589328289032,0.00726696290075779
78f181e6-0fe9-11f1-857c-ac1f6b8d2e48_label_fake.npz,Fake,Deepfake,0.40601444393396374,0.07485369592905045,0.20297753810882568,0.9961944818496704,0.43678590655326843,0.3192605972290039
32c0028e-0fe8-11f1-857c-ac1f6b8d2e48_label_fake.npz,Fake,Deepfake,0.3639089446514845,0.29740044474601746,0.28759047389030457,0.9985765218734741,0.012572115287184715,0.2234051674604416
8c14ac3c-0fe7-11f1-857c-ac1f6b8d2e48_label_fake.npz,Fake,Real,0.34123049303889275,0.10652028769254684,0.48843300342559814,0.9993913173675537,0.07917793095111847,0.03262992575764656
8f07e020-0fe8-11f1-857c-ac1f6b8d2e48_label_fake.npz,Fake,Deepfake,0.4714478865265846,0.514439582824707,0.04278232902288437,0.9999990463256836,0.1276818960905075,0.6723365783691406
ba308fea-0fe8-11f1-857c-ac1f6b8d2e48_label_fake.npz,Fake,Real,0.08143486408516765,0.06533832103013992,0.14150354266166687,0.18060103058815002,0.01703493669629097,0.0026964894495904446
2f073408-0fea-11f1-857c-ac1f6b8d2e48_label_fake.npz,Fake,Deepfake,0.6450940042734147,0.19158832728862762,0.9641695618629456,0.9542338848114014,0.3852781355381012,0.7302001118659973
70a97b10-0fe9-11f1-857c-ac1f6b8d2e48_label_fake.npz,Fake,Deepfake,0.410222864151001,0.3651985228061676,0.09240283817052841,0.9999279975891113,0.06648088246583939,0.5271040797233582
72ea7326-0fe8-11f1-857c-ac1f6b8d2e48_label_fake.npz,Fake,Deepfake,0.41376536209136255,0.07336568087339401,0.9555824398994446,1.0,0.024442117661237717,0.015436572022736073
774e7184-0fe7-11f1-857c-ac1f6b8d2e48_label_fake.npz,Fake,Deepfake,0.4989701025187969,0.34825554490089417,0.2893582284450531,0.017199333757162094,0.914865255355835,0.9251721501350403
ab250fe8-0fe9-11f1-857c-ac1f6b8d2e48_label_fake.npz,Fake,Real,0.3297222822904587,0.12391078472137451,0.09121972322463989,0.9929149150848389,0.4025217592716217,0.03804422914981842
56a1e730-0fe8-11f1-857c-ac1f6b8d2e48_label_fake.npz,Fake,Deepfake,0.7797874569892884,0.786037266254425,0.8589703440666199,0.40066707134246826,0.867422342300415,0.9858402609825134
ca030110-0fe7-11f1-857c-ac1f6b8d2e48_label_fake.npz,Fake,Deepfake,0.743846356868744,0.9277589917182922,0.39836978912353516,0.4436553120613098,0.9700979590415955,0.9793497323989868
5fef4cb0-0fe8-11f1-857c-ac1f6b8d2e48_label_fake.npz,Fake,Deepfake,0.44940207153558737,0.3809220492839813,0.12127871066331863,1.0,0.4417489171028137,0.3030606806278229
c2349bb4-0fe8-11f1-857c-ac1f6b8d2e48_label_fake.npz,Fake,Real,0.2790632039308548,0.0785779356956482,0.13982164859771729,0.9999974966049194,0.13259311020374298,0.044325828552246094
31c10978-0fe8-11f1-857c-ac1f6b8d2e48_label_fake.npz,Fake,Deepfake,0.40867329761385923,0.07394688576459885,0.9518454074859619,0.9999946355819702,0.008794683963060379,0.008784875273704529
d63227c2-0fe7-11f1-857c-ac1f6b8d2e48_label_fake.npz,Fake,Real,0.3349202647805214,0.15974371135234833,0.3027273416519165,0.9999991655349731,0.1380004733800888,0.07413063198328018
0756df00-0fe8-11f1-857c-ac1f6b8d2e48_label_fake.npz,Fake,Deepfake,0.528381822258234,0.5006614923477173,0.6113811731338501,0.9998534917831421,0.0440591461956501,0.48595380783081055
d0b0a6ec-0fe8-11f1-857c-ac1f6b8d2e48_label_fake.npz,Fake,Real,0.22863639257848264,0.10005972534418106,0.7249860763549805,0.020623495802283287,0.24521835148334503,0.05229431390762329
8d8faf3a-0fe7-11f1-857c-ac1f6b8d2e48_label_fake.npz,Fake,Deepfake,0.45238086283206946,0.7196704745292664,0.826682448387146,0.03847998380661011,0.1041005402803421,0.5729708671569824
843abdce-0fe9-11f1-857c-ac1f6b8d2e48_label_fake.npz,Fake,Deepfake,0.5528293401002884,0.3596697449684143,0.6354249119758606,0.9979816675186157,0.13526321947574615,0.6358071565628052
15e05fc2-0fea-11f1-857c-ac1f6b8d2e48_label_fake.npz,Fake,Deepfake,0.4409209653735161,0.42983588576316833,0.28136304020881653,0.9999704360961914,0.03943287581205368,0.45400258898735046
ec74c240-0fe9-11f1-857c-ac1f6b8d2e48_label_fake.npz,Fake,Real,0.307608212903142,0.1063428521156311,0.0037175510078668594,0.9988168478012085,0.09293320775032043,0.336230605840683
2470cbb2-0fea-11f1-857c-ac1f6b8d2e48_label_fake.npz,Fake,Real,0.301315213739872,0.1487845629453659,0.23061907291412354,0.9992761015892029,0.022722788155078888,0.10517354309558868
20e1de52-10ab-11f1-b2c7-ac1f6b417054_label_fake.npz,Fake,Deepfake,0.4982788782566786,0.09925948828458786,0.9949287176132202,0.9998052716255188,0.38027364015579224,0.017127273604273796
45aef23a-10a9-11f1-b2c7-ac1f6b417054_label_fake.npz,Fake,Deepfake,0.4151201937347651,0.05058816820383072,0.9991374015808105,0.9992664456367493,0.02130136825144291,0.005307585000991821
7c916826-10ab-11f1-b2c7-ac1f6b417054_label_fake.npz,Fake,Deepfake,0.4178549695760012,0.0630585104227066,0.9996378421783447,1.0,0.015751084312796593,0.010827410966157913
e8218ee2-10a9-11f1-b2c7-ac1f6b417054_label_fake.npz,Fake,Deepfake,0.5578003376722336,0.42144399881362915,0.999189555644989,1.0,0.23501533269882202,0.13335280120372772
7435c612-10ac-11f1-b2c7-ac1f6b417054_label_fake.npz,Fake,Deepfake,0.41585585093125704,0.06538808345794678,0.9930486679077148,1.0,0.015807216987013817,0.00503528630360961
c828ec8e-10a9-11f1-b2c7-ac1f6b417054_label_fake.npz,Fake,Deepfake,0.4649433333426714,0.08047960698604584,0.9999531507492065,1.0,0.2179536670446396,0.026330241933465004
b35603dc-10a9-11f1-b2c7-ac1f6b417054_label_fake.npz,Fake,Deepfake,0.41709653460420665,0.07423439621925354,0.999563992023468,0.999993085861206,0.009499989449977875,0.002191209467127919
ed207cf0-10a9-11f1-b2c7-ac1f6b417054_label_fake.npz,Fake,Deepfake,0.42361450814642015,0.07303603738546371,0.9994920492172241,1.0,0.04201845824718475,0.003525995882228017
b96e1c98-10a7-11f1-b2c7-ac1f6b417054_label_fake.npz,Fake,Deepfake,0.4190658544655889,0.07370392233133316,0.9887568354606628,0.9999251365661621,0.029864760115742683,0.0030786178540438414
79f0cfc0-10a7-11f1-b2c7-ac1f6b417054_label_fake.npz,Fake,Deepfake,0.41892565693706274,0.06883785873651505,0.9999152421951294,1.0,0.013622353784739971,0.01225282996892929
35c81196-10ac-11f1-b2c7-ac1f6b417054_label_fake.npz,Fake,Deepfake,0.687492847442627,0.5791730284690857,0.9830071926116943,0.9999943971633911,0.2467210292816162,0.6285685896873474
5a3659b6-10ac-11f1-b2c7-ac1f6b417054_label_fake.npz,Fake,Deepfake,0.5689816251397133,0.5588163733482361,0.9990139007568359,0.9999997615814209,0.1777980476617813,0.1092800423502922
e28e0ec6-10a7-11f1-b2c7-ac1f6b417054_label_fake.npz,Fake,Deepfake,0.4182007805444301,0.06441774219274521,0.9972878694534302,1.0,0.02485884353518486,0.004439447540789843
5f95c7b0-10a8-11f1-b2c7-ac1f6b417054_label_fake.npz,Fake,Deepfake,0.6098265536129475,0.299681156873703,0.9987905621528625,1.0,0.7310932874679565,0.019567761570215225
2ceafe30-10a7-11f1-b2c7-ac1f6b417054_label_fake.npz,Fake,Deepfake,0.40914217727258806,0.0788080245256424,0.9445652961730957,0.9999997615814209,0.017541825771331787,0.004795978311449289
a3fafa14-10a9-11f1-b2c7-ac1f6b417054_label_fake.npz,Fake,Deepfake,0.42822957262396816,0.08789967745542526,0.9973010420799255,0.9999998807907104,0.04492943361401558,0.011017829179763794
5a46e280-10a8-11f1-b2c7-ac1f6b417054_label_fake.npz,Fake,Deepfake,0.4201132029294967,0.06845046579837799,0.9994935989379883,1.0,0.021657362580299377,0.010964587330818176
166a9558-10ac-11f1-b2c7-ac1f6b417054_label_fake.npz,Fake,Deepfake,0.47672457098960874,0.148309126496315,0.9990988969802856,1.0,0.03109726309776306,0.20511756837368011
93048dfc-0fea-11f1-857c-ac1f6b8d2e48_label_fake.npz,Fake,Deepfake,0.5155572384595871,0.5180882811546326,0.40398624539375305,0.9995253086090088,0.1719968467950821,0.484189510345459
55567f00-10a9-11f1-b2c7-ac1f6b417054_label_fake.npz,Fake,Deepfake,0.49340971261262895,0.2784796953201294,0.9899701476097107,1.0,0.10405708104372025,0.09454163908958435
0277dd0c-10a8-11f1-b2c7-ac1f6b417054_label_fake.npz,Fake,Deepfake,0.5576675623655319,0.42144399881362915,0.9985262155532837,1.0,0.23501479625701904,0.13335280120372772
448b63a8-0fea-11f1-857c-ac1f6b8d2e48_label_fake.npz,Fake,Deepfake,0.6230625241994858,0.34823542833328247,0.1800515502691269,0.9953426122665405,0.8965833783149719,0.6950996518135071
a50bb080-10a7-11f1-b2c7-ac1f6b417054_label_fake.npz,Fake,Deepfake,0.6202689528465272,0.07002506405115128,0.9990358352661133,1.0,0.932325005531311,0.0999588593840599
4988bf56-10ab-11f1-b2c7-ac1f6b417054_label_fake.npz,Fake,Deepfake,0.6780313074588775,0.6189546585083008,0.9974997639656067,1.0,0.2924846410751343,0.48121747374534607
c6e0b918-10ab-11f1-b2c7-ac1f6b417054_label_fake.npz,Fake,Deepfake,0.4120279606431723,0.053255595266819,0.9885005950927734,1.0,0.014435379765927792,0.003948233090341091
1456513c-10aa-11f1-b2c7-ac1f6b417054_label_fake.npz,Fake,Deepfake,0.5506055362522603,0.273186057806015,0.9822781085968018,1.0,0.47125011682510376,0.02631339803338051
aa1e44e8-10a7-11f1-b2c7-ac1f6b417054_label_fake.npz,Fake,Deepfake,0.5289892569184304,0.33989596366882324,0.9972161054611206,1.0,0.10040750354528427,0.20742671191692352
7edab4aa-0fea-11f1-857c-ac1f6b8d2e48_label_fake.npz,Fake,Real,0.2845936004072428,0.09999047219753265,0.25436681509017944,0.9894214868545532,0.02469407208263874,0.054495155811309814
0c32f3c8-10ac-11f1-b2c7-ac1f6b417054_label_fake.npz,Fake,Deepfake,0.705506467819214,0.4519423246383667,0.9139664769172668,1.0,0.6968563795089722,0.4647671580314636
c9f8702e-10aa-11f1-b2c7-ac1f6b417054_label_fake.npz,Fake,Deepfake,0.42223694585263727,0.0676928460597992,0.9906649589538574,1.0,0.044947002083063126,0.007879922166466713
69be3532-10a9-11f1-b2c7-ac1f6b417054_label_fake.npz,Fake,Deepfake,0.6708422005176544,0.4348469376564026,0.9862732291221619,1.0,0.542309045791626,0.39078179001808167
833e7a76-10a9-11f1-b2c7-ac1f6b417054_label_fake.npz,Fake,Deepfake,0.4101260174997151,0.0721968337893486,0.9621715545654297,1.0,0.01152802538126707,0.004733673762530088
848d7e88-10a7-11f1-b2c7-ac1f6b417054_label_fake.npz,Fake,Deepfake,0.41362684960477053,0.06478072702884674,0.9742245078086853,1.0,0.02663128636777401,0.002497726818546653
569079c6-10ad-11f1-b2c7-ac1f6b417054_label_fake.npz,Fake,Deepfake,0.4577844360843301,0.08636927604675293,0.9708884358406067,1.0,0.2199753224849701,0.011689146049320698
c1ac9494-10ab-11f1-b2c7-ac1f6b417054_label_fake.npz,Fake,Deepfake,0.4087623245082796,0.04382169991731644,0.979720950126648,0.9999998807907104,0.015792259946465492,0.0044768317602574825
2d18fcb2-10ad-11f1-b2c7-ac1f6b417054_label_fake.npz,Fake,Deepfake,0.42524760328233246,0.0900169387459755,0.9957589507102966,1.0,0.012354584410786629,0.028107542544603348
e98d30dc-10aa-11f1-b2c7-ac1f6b417054_label_fake.npz,Fake,Deepfake,0.4082863784395159,0.07445384562015533,0.9149246215820312,1.0,0.04660046473145485,0.005452960263937712
22fd2384-10ad-11f1-b2c7-ac1f6b417054_label_fake.npz,Fake,Deepfake,0.5364545911550522,0.26824435591697693,0.9965051412582397,1.0,0.22870098054409027,0.18882247805595398
6759e182-10aa-11f1-b2c7-ac1f6b417054_label_fake.npz,Fake,Deepfake,0.5764720588922501,0.14061294496059418,0.9910221695899963,0.9999998807907104,0.6405730843544006,0.1101522147655487
192b665e-10ad-11f1-b2c7-ac1f6b417054_label_fake.npz,Fake,Deepfake,0.46755889132618905,0.1323966234922409,0.9967569708824158,0.9976060390472412,0.18745726346969604,0.023577559739351273
c14bf9ca-10ad-11f1-b2c7-ac1f6b417054_label_fake.npz,Fake,Deepfake,0.4191391431726515,0.06512843072414398,0.9999879598617554,1.0,0.025802502408623695,0.004776822868734598
410e75c6-10a8-11f1-b2c7-ac1f6b417054_label_fake.npz,Fake,Deepfake,0.4187944621779025,0.07154598832130432,0.9983476400375366,1.0,0.01869139075279236,0.005387291777879
969d1222-10a8-11f1-b2c7-ac1f6b417054_label_fake.npz,Fake,Deepfake,0.4154961891938001,0.0655774399638176,0.9964514970779419,0.9999805688858032,0.01288036722689867,0.002591072814539075
cc96ed8c-10ab-11f1-b2c7-ac1f6b417054_label_fake.npz,Fake,Deepfake,0.47399991378188133,0.3211303651332855,0.9997422099113464,1.0,0.026136549189686775,0.02299044467508793
6185d77c-0fea-11f1-857c-ac1f6b8d2e48_label_fake.npz,Fake,Deepfake,0.37422869643196466,0.03974313661456108,0.8132905960083008,0.9999899864196777,0.013065853156149387,0.005053909961134195
fcd30afc-10a7-11f1-b2c7-ac1f6b417054_label_fake.npz,Fake,Deepfake,0.48114454410970214,0.14310286939144135,0.9944342970848083,1.0,0.25255635380744934,0.015629200264811516
5187b660-10ad-11f1-b2c7-ac1f6b417054_label_fake.npz,Fake,Deepfake,0.7027601033449172,0.3905964493751526,0.9930545687675476,0.9999709129333496,0.8926703333854675,0.23750825226306915
918c3ede-10a8-11f1-b2c7-ac1f6b417054_label_fake.npz,Fake,Deepfake,0.4187423706054688,0.07332796603441238,0.9954730868339539,0.9999995231628418,0.021127179265022278,0.003784097731113434
89cc2e72-10b0-11f1-b2c7-ac1f6b417054_label_fake.npz,Fake,Deepfake,0.41261421577073637,0.05155458301305771,0.9976072311401367,0.9999996423721313,0.011429761536419392,0.0024798607919365168
1f40bfaa-10b0-11f1-b2c7-ac1f6b417054_label_fake.npz,Fake,Deepfake,0.42060389928519726,0.06898804008960724,0.9978476762771606,1.0,0.03000921756029129,0.006174562498927116
3a9a33ac-10b1-11f1-b2c7-ac1f6b417054_label_fake.npz,Fake,Deepfake,0.7416522562503816,0.5881552696228027,0.9372482299804688,1.0,0.7559667229652405,0.4268910586833954
5c141e1e-10af-11f1-b2c7-ac1f6b417054_label_fake.npz,Fake,Deepfake,0.5438940107822419,0.19795416295528412,0.9989326596260071,1.0,0.41741397976875305,0.10516925156116486
a8be9b44-10b0-11f1-b2c7-ac1f6b417054_label_fake.npz,Fake,Deepfake,0.6836793214082718,0.4982776641845703,0.9792611002922058,1.0,0.739041805267334,0.20181603729724884
2d87c0dc-10b4-11f1-b2c7-ac1f6b417054_label_fake.npz,Fake,Deepfake,0.46042386144399644,0.07666993886232376,0.9993857145309448,0.9999998807907104,0.18676544725894928,0.03929832577705383
9e1cfef0-10b1-11f1-b2c7-ac1f6b417054_label_fake.npz,Fake,Deepfake,0.586736710369587,0.5085508823394775,0.9583948850631714,0.9999208450317383,0.06705725938081741,0.3997596800327301
ae50a148-10af-11f1-b2c7-ac1f6b417054_label_fake.npz,Fake,Deepfake,0.41760523179546,0.07394734770059586,0.9995784163475037,0.9998461008071899,0.01208401471376419,0.0025702794082462788
edb7c7f4-10ae-11f1-b2c7-ac1f6b417054_label_fake.npz,Fake,Deepfake,0.4234546972438693,0.08058815449476242,0.999860405921936,1.0,0.026966804638504982,0.009858121164143085
fcf3997e-10ad-11f1-b2c7-ac1f6b417054_label_fake.npz,Fake,Deepfake,0.5823096066713334,0.3890039920806885,0.9998800754547119,0.9998847246170044,0.045260265469551086,0.4775189757347107
123869a4-10ae-11f1-b2c7-ac1f6b417054_label_fake.npz,Fake,Deepfake,0.42718794904649254,0.1258578896522522,0.9769838452339172,1.0,0.019404735416173935,0.013693274930119514
69f79022-10b1-11f1-b2c7-ac1f6b417054_label_fake.npz,Fake,Deepfake,0.4200760985724628,0.07233469933271408,0.9998077750205994,1.0,0.02256861887872219,0.005669399630278349
a38d949a-10b0-11f1-b2c7-ac1f6b417054_label_fake.npz,Fake,Deepfake,0.4199238727800548,0.07689819484949112,0.9988811612129211,1.0,0.016708509996533394,0.0071314978413283825
7ab07932-10b2-11f1-b2c7-ac1f6b417054_label_fake.npz,Fake,Deepfake,0.8018428325653078,0.6947512626647949,0.984136700630188,1.0,0.5392036437988281,0.791122555732727
15725904-10b3-11f1-b2c7-ac1f6b417054_label_fake.npz,Fake,Deepfake,0.5246338415890933,0.5132907629013062,0.9999451637268066,1.0,0.09231561422348022,0.017617667093873024
c3029402-10af-11f1-b2c7-ac1f6b417054_label_fake.npz,Fake,Deepfake,0.6979448467493058,0.5805743336677551,0.7707273364067078,0.9999998807907104,0.929671049118042,0.2087516337633133
4451f1e4-10ae-11f1-b2c7-ac1f6b417054_label_fake.npz,Fake,Deepfake,0.6234462469816208,0.8401037454605103,0.999231219291687,1.0,0.06067238748073578,0.2172238826751709
cbc706a6-10b2-11f1-b2c7-ac1f6b417054_label_fake.npz,Fake,Deepfake,0.5804347276687623,0.42269572615623474,0.9905868172645569,1.0,0.09472343325614929,0.3941676616668701
07553096-10b1-11f1-b2c7-ac1f6b417054_label_fake.npz,Fake,Deepfake,0.40024962881579995,0.07626572996377945,0.9992915391921997,0.8942117691040039,0.027145737782120705,0.00433336803689599
fe056f3a-10b3-11f1-b2c7-ac1f6b417054_label_fake.npz,Fake,Deepfake,0.5688907518982887,0.5588163733482361,0.9985595345497131,0.9999997615814209,0.1777980476617813,0.1092800423502922
28083dca-10b5-11f1-b2c7-ac1f6b417054_label_fake.npz,Fake,Deepfake,0.6818799555301666,0.5588362216949463,0.9943049550056458,1.0,0.36969682574272156,0.48656177520751953
535ee0ca-10ae-11f1-b2c7-ac1f6b417054_label_fake.npz,Fake,Deepfake,0.4197085648775101,0.0701289027929306,0.9980149269104004,1.0,0.019467085599899292,0.010931909084320068
017bde4c-10af-11f1-b2c7-ac1f6b417054_label_fake.npz,Fake,Deepfake,0.47843236774206166,0.08877798169851303,0.9986542463302612,1.0,0.11153197288513184,0.19319763779640198
eba2273a-10b2-11f1-b2c7-ac1f6b417054_label_fake.npz,Fake,Deepfake,0.5647767372429371,0.3243972957134247,0.9999681711196899,1.0,0.050364259630441666,0.44915395975112915
822b8b5a-10b4-11f1-b2c7-ac1f6b417054_label_fake.npz,Fake,Deepfake,0.4179843605495989,0.07266231626272202,0.9964330196380615,1.0,0.016148192808032036,0.004678274039179087
1c1f5b26-10ae-11f1-b2c7-ac1f6b417054_label_fake.npz,Fake,Deepfake,0.4251489002257586,0.09773916006088257,0.9996086955070496,0.9999946355819702,0.018894217908382416,0.009507792070508003
46525788-10b1-11f1-b2c7-ac1f6b417054_label_fake.npz,Fake,Deepfake,0.4313509242609143,0.07429917901754379,0.985619068145752,0.9999995231628418,0.09131409227848053,0.005522758699953556
c7ed2280-10ae-11f1-b2c7-ac1f6b417054_label_fake.npz,Fake,Deepfake,0.4226386824622751,0.0680764690041542,0.9999653100967407,0.9999945163726807,0.037675052881240845,0.007482063956558704
1a10ef14-10b0-11f1-b2c7-ac1f6b417054_label_fake.npz,Fake,Deepfake,0.4401762489229441,0.18840837478637695,0.9687501192092896,1.0,0.02130778692662716,0.02241496369242668
1e27de28-10b5-11f1-b2c7-ac1f6b417054_label_fake.npz,Fake,Deepfake,0.4187109312973917,0.07504875212907791,0.9927459359169006,1.0,0.01881268247961998,0.006947285961359739
4887023c-10b2-11f1-b2c7-ac1f6b417054_label_fake.npz,Fake,Deepfake,0.713441014289856,0.4519423246383667,0.9536392092704773,1.0,0.6968563795089722,0.4647671580314636
0a02a6d0-10b5-11f1-b2c7-ac1f6b417054_label_fake.npz,Fake,Deepfake,0.4184293709695339,0.07376336306333542,0.9912763833999634,1.0,0.01785256899893284,0.009254539385437965
339d23da-10b0-11f1-b2c7-ac1f6b417054_label_fake.npz,Fake,Deepfake,0.418503433931619,0.07591275125741959,0.9974080920219421,1.0,0.014709334820508957,0.004486991558223963
cb34b51c-10ad-11f1-b2c7-ac1f6b417054_label_fake.npz,Fake,Deepfake,0.4217703263275326,0.06987583637237549,0.9998788833618164,0.9998430013656616,0.03368858993053436,0.005565320607274771
d5840f34-10b4-11f1-b2c7-ac1f6b417054_label_fake.npz,Fake,Deepfake,0.4222380896564573,0.07413455098867416,0.9991174340248108,1.0,0.035165004432201385,0.0027734588366001844
f0c7115e-10b1-11f1-b2c7-ac1f6b417054_label_fake.npz,Fake,Deepfake,0.41804110147058965,0.07015955448150635,0.9998522996902466,1.0,0.015543021261692047,0.004650631919503212
7779ee50-10ae-11f1-b2c7-ac1f6b417054_label_fake.npz,Fake,Deepfake,0.5494725398719311,0.3499118387699127,0.9975599050521851,0.999981164932251,0.34053340554237366,0.05937638506293297
c63ea41e-10ad-11f1-b2c7-ac1f6b417054_label_fake.npz,Fake,Deepfake,0.42263951376080516,0.07500968128442764,0.9768891930580139,0.9999972581863403,0.04510803520679474,0.01619340106844902
a33d6ac8-10b1-11f1-b2c7-ac1f6b417054_label_fake.npz,Fake,Deepfake,0.5694660916924478,0.2580699622631073,0.9993725419044495,1.0,0.554996132850647,0.034891821444034576
ffbf2afe-10af-11f1-b2c7-ac1f6b417054_label_fake.npz,Fake,Deepfake,0.41732060890644795,0.07234569638967514,0.999987006187439,1.0,0.009576081298291683,0.004694260656833649
cb49156a-10b3-11f1-b2c7-ac1f6b417054_label_fake.npz,Fake,Deepfake,0.42137441728264097,0.07369118183851242,0.9997841715812683,1.0,0.01956343464553356,0.013833298347890377
81a395fc-10ae-11f1-b2c7-ac1f6b417054_label_fake.npz,Fake,Deepfake,0.496744366362691,0.26478052139282227,0.999976634979248,1.0,0.01890435256063938,0.20006032288074493
80ba8010-10b3-11f1-b2c7-ac1f6b417054_label_fake.npz,Fake,Deepfake,0.42248186939395965,0.070975661277771,0.9995119571685791,1.0,0.03961532190442085,0.002306406619027257
29406a78-10b0-11f1-b2c7-ac1f6b417054_label_fake.npz,Fake,Deepfake,0.4184680006466806,0.07161642611026764,0.999377429485321,1.0,0.015190668404102325,0.006155479233711958
04c2bd90-10b0-11f1-b2c7-ac1f6b417054_label_fake.npz,Fake,Deepfake,0.42651496101170777,0.08013643324375153,0.9676176309585571,0.9999990463256836,0.08084649592638016,0.003975198604166508
3ea74344-10b2-11f1-b2c7-ac1f6b417054_label_fake.npz,Fake,Deepfake,0.41286525959149006,0.07190687954425812,0.9665071964263916,1.0,0.018609406426548958,0.007302815560251474
faff1baa-10b4-11f1-b2c7-ac1f6b417054_label_fake.npz,Fake,Deepfake,0.41774946255609396,0.06871265172958374,0.9994522929191589,1.0,0.012876058928668499,0.007706309203058481
f605911c-10b2-11f1-b2c7-ac1f6b417054_label_fake.npz,Fake,Deepfake,0.41852170182392,0.07200338691473007,0.9983949065208435,1.0,0.017038168385624886,0.005172047298401594
cfae0606-10b8-11f1-b2c7-ac1f6b417054_label_fake.npz,Fake,Deepfake,0.6203935340046883,0.43481430411338806,0.9990084767341614,1.0,0.0971449688076973,0.5709999203681946
50a4e728-10bb-11f1-b2c7-ac1f6b417054_label_fake.npz,Fake,Deepfake,0.5416119363158941,0.375254362821579,0.9983928799629211,1.0,0.31127941608428955,0.02313302271068096
c69b8a5a-10b5-11f1-b2c7-ac1f6b417054_label_fake.npz,Fake,Deepfake,0.42900561671704057,0.09428755193948746,0.9991330504417419,1.0,0.03957105800509453,0.012036423198878765
e17d181c-10b9-11f1-b2c7-ac1f6b417054_label_fake.npz,Fake,Deepfake,0.41888319840654725,0.06639716774225235,0.9990646243095398,0.9999994039535522,0.022703588008880615,0.006251208018511534
f6455114-10ba-11f1-b2c7-ac1f6b417054_label_fake.npz,Fake,Deepfake,0.4146238729823381,0.0662459060549736,0.9945271611213684,1.0,0.009687762707471848,0.0026585350278764963
73e70606-10b8-11f1-b2c7-ac1f6b417054_label_fake.npz,Fake,Deepfake,0.7942637562751771,0.4375166893005371,0.9960044026374817,1.0,0.8070859313011169,0.7307117581367493
7ecbdb8c-10b8-11f1-b2c7-ac1f6b417054_label_fake.npz,Fake,Deepfake,0.42060374170541764,0.05490332841873169,0.9998260140419006,0.999997615814209,0.015820559114217758,0.0324711911380291
b896d2e4-10b9-11f1-b2c7-ac1f6b417054_label_fake.npz,Fake,Deepfake,0.4209463215433061,0.08053996413946152,0.999474823474884,1.0,0.019003940746188164,0.005712879355996847
d252a888-10ba-11f1-b2c7-ac1f6b417054_label_fake.npz,Fake,Deepfake,0.41909108851104976,0.07027818262577057,0.9917312264442444,0.9999333620071411,0.02875562384724617,0.0047570476308465
7aed9134-10b5-11f1-b2c7-ac1f6b417054_label_fake.npz,Fake,Deepfake,0.6788296997547151,0.6482117772102356,0.9996147155761719,1.0,0.46444422006607056,0.2818777859210968
3c1c9de6-10bb-11f1-b2c7-ac1f6b417054_label_fake.npz,Fake,Deepfake,0.416675327718258,0.06735685467720032,0.9904734492301941,1.0,0.020427167415618896,0.005119167268276215
26e8713e-10bb-11f1-b2c7-ac1f6b417054_label_fake.npz,Fake,Deepfake,0.5256606191396713,0.3744907081127167,0.9891806244850159,1.0,0.049392327666282654,0.21523943543434143
c20f627c-10ba-11f1-b2c7-ac1f6b417054_label_fake.npz,Fake,Deepfake,0.44092147424817085,0.08138027042150497,0.999934196472168,1.0,0.08464037626981735,0.03865252807736397
46f2e672-10b5-11f1-b2c7-ac1f6b417054_label_fake.npz,Fake,Deepfake,0.4185834971256555,0.07208014279603958,0.9992341995239258,0.9999997615814209,0.014786657877266407,0.006816723849624395
5a409bfc-10ba-11f1-b2c7-ac1f6b417054_label_fake.npz,Fake,Deepfake,0.42376568559557204,0.09581643342971802,0.999990701675415,1.0,0.01243363507091999,0.010587657801806927
69f2a7cc-10b8-11f1-b2c7-ac1f6b417054_label_fake.npz,Fake,Deepfake,0.8465442299842835,0.6880361437797546,0.9937673807144165,1.0,0.9001530408859253,0.6507645845413208
ec096532-10ba-11f1-b2c7-ac1f6b417054_label_fake.npz,Fake,Deepfake,0.41887361044064164,0.07291198521852493,0.9981091022491455,1.0,0.01714983582496643,0.006197128910571337
36ff6d62-10ba-11f1-b2c7-ac1f6b417054_label_fake.npz,Fake,Deepfake,0.443146238848567,0.06698053330183029,0.9838622212409973,1.0,0.14751870930194855,0.01736973039805889
75f7c0c8-10b5-11f1-b2c7-ac1f6b417054_label_fake.npz,Fake,Deepfake,0.4158783053979278,0.054167211055755615,0.9999303817749023,1.0,0.015880579128861427,0.009413355030119419
8a141f44-10b9-11f1-b2c7-ac1f6b417054_label_fake.npz,Fake,Deepfake,0.4304509490728378,0.07107697427272797,0.999951958656311,1.0,0.06960823386907578,0.011617578566074371
054d4be4-10b6-11f1-b2c7-ac1f6b417054_label_fake.npz,Fake,Deepfake,0.4277859300374985,0.07175049185752869,0.9996891021728516,1.0,0.0655481368303299,0.0019419193267822266
31811ef6-10b7-11f1-b2c7-ac1f6b417054_label_fake.npz,Fake,Deepfake,0.4184005999006331,0.07779765129089355,0.9983623623847961,1.0,0.012566238641738892,0.0032767471857368946
f107ca56-10ba-11f1-b2c7-ac1f6b417054_label_fake.npz,Fake,Deepfake,0.415439591370523,0.07538288831710815,0.9832770824432373,1.0,0.013934938237071037,0.004603047855198383
b2e0b67e-10b6-11f1-b2c7-ac1f6b417054_label_fake.npz,Fake,Deepfake,0.4203614665195346,0.07505158334970474,0.9998571872711182,1.0,0.01509168278425932,0.011806879192590714
a5df9372-10b7-11f1-b2c7-ac1f6b417054_label_fake.npz,Fake,Deepfake,0.4195090278983116,0.07534658908843994,0.9954200983047485,0.9999998807907104,0.020392440259456635,0.006386131048202515
927410ee-10ba-11f1-b2c7-ac1f6b417054_label_fake.npz,Fake,Deepfake,0.4758841276168823,0.32203108072280884,0.6506994962692261,1.0,0.28654181957244873,0.12014824151992798
5e7d7c3e-10b6-11f1-b2c7-ac1f6b417054_label_fake.npz,Fake,Deepfake,0.7891331553459169,0.43552982807159424,0.9994832277297974,1.0,0.9074495434761047,0.6032031774520874
e1899afa-10ba-11f1-b2c7-ac1f6b417054_label_fake.npz,Fake,Deepfake,0.41953980550169945,0.0709371492266655,0.9996144771575928,1.0,0.02281062677502632,0.0043367743492126465
8da244e0-10b6-11f1-b2c7-ac1f6b417054_label_fake.npz,Fake,Deepfake,0.41800091648474336,0.07399626821279526,0.9992947578430176,1.0,0.011714233085513115,0.004999323282390833
dc72a4c6-10ba-11f1-b2c7-ac1f6b417054_label_fake.npz,Fake,Deepfake,0.4205476592294872,0.07101251929998398,0.9967058300971985,0.9999998807907104,0.02911064401268959,0.005909421946853399
4ba9c4dc-10bb-11f1-b2c7-ac1f6b417054_label_fake.npz,Fake,Deepfake,0.6873846411705018,0.5791730284690857,0.9825202822685242,0.9999402761459351,0.2467210292816162,0.6285685896873474
195bdb56-10ba-11f1-b2c7-ac1f6b417054_label_fake.npz,Fake,Deepfake,0.6036319181323051,0.7668159008026123,0.999332845211029,1.0,0.16172784566879272,0.09028299897909164
ef6a94ce-10b7-11f1-b2c7-ac1f6b417054_label_fake.npz,Fake,Deepfake,0.4492719531059266,0.11491619795560837,0.9944698810577393,1.0,0.08911330997943878,0.04786037653684616
500ff56c-10b8-11f1-b2c7-ac1f6b417054_label_fake.npz,Fake,Deepfake,0.41887484332546593,0.07699581235647202,0.9988079071044922,0.9997602105140686,0.014402864500880241,0.00440742215141654
6151901e-10b9-11f1-b2c7-ac1f6b417054_label_fake.npz,Fake,Deepfake,0.41716178646311164,0.07254091650247574,0.9966367483139038,0.9999977350234985,0.011046663857996464,0.005586868617683649
f994cc5c-10b8-11f1-b2c7-ac1f6b417054_label_fake.npz,Fake,Deepfake,0.41817564722150563,0.07843638956546783,0.9842956066131592,0.9998719692230225,0.017696360126137733,0.010577910579741001
6884dbaa-10b6-11f1-b2c7-ac1f6b417054_label_fake.npz,Fake,Deepfake,0.6410968393087387,0.5406602621078491,0.9997270703315735,1.0,0.43915462493896484,0.2259422391653061
cd82bedc-10b6-11f1-b2c7-ac1f6b417054_label_fake.npz,Fake,Deepfake,0.41689379755407574,0.06477434188127518,0.9997660517692566,1.0,0.01573694869875908,0.004191645421087742
ff38337c-10b5-11f1-b2c7-ac1f6b417054_label_fake.npz,Fake,Deepfake,0.4242962914519012,0.10542702674865723,0.9956455230712891,1.0,0.014481799677014351,0.005927107762545347
5e97f9fa-10b7-11f1-b2c7-ac1f6b417054_label_fake.npz,Fake,Deepfake,0.41855501928366723,0.061574362218379974,0.9998934268951416,1.0,0.02748728357255459,0.0038200237322598696
8ed869e4-10b5-11f1-b2c7-ac1f6b417054_label_fake.npz,Fake,Deepfake,0.421552124619484,0.0721062645316124,0.9999295473098755,1.0,0.03139742091298103,0.004327390342950821
ed316eea-10b6-11f1-b2c7-ac1f6b417054_label_fake.npz,Fake,Deepfake,0.856232237815857,0.8937661051750183,0.9999641180038452,0.9999997615814209,0.5912685990333557,0.7961626052856445
88dbb0de-10b8-11f1-b2c7-ac1f6b417054_label_fake.npz,Fake,Deepfake,0.40661401711404327,0.07004033774137497,0.9241930246353149,0.9998422861099243,0.025264522060751915,0.013729915022850037
ef6c9c94-10b5-11f1-b2c7-ac1f6b417054_label_fake.npz,Fake,Deepfake,0.4184860250912607,0.07161642611026764,0.9994675517082214,1.0,0.015190668404102325,0.006155479233711958
161fb4d4-10bb-11f1-b2c7-ac1f6b417054_label_fake.npz,Fake,Deepfake,0.6305351793766022,0.43002310395240784,0.9962945580482483,1.0,0.16008472442626953,0.5662735104560852
104741ee-10b6-11f1-b2c7-ac1f6b417054_label_fake.npz,Fake,Deepfake,0.452843026816845,0.10090351104736328,0.9986572265625,1.0,0.08308736979961395,0.08156702667474747
3f418cfa-10b8-11f1-b2c7-ac1f6b417054_label_fake.npz,Fake,Deepfake,0.4561087839305401,0.23700812458992004,0.9982861876487732,1.0,0.02307981252670288,0.022169794887304306
f449d61c-10b7-11f1-b2c7-ac1f6b417054_label_fake.npz,Fake,Deepfake,0.4176857466809452,0.07177265733480453,0.999442994594574,1.0,0.013961880467832088,0.003251201007515192
cc80dffe-10bc-11f1-b2c7-ac1f6b417054_label_fake.npz,Fake,Deepfake,0.4181416721083225,0.06441774219274521,0.997019350528717,1.0,0.024831820279359818,0.004439447540789843
1bc9282e-10c1-11f1-b2c7-ac1f6b417054_label_fake.npz,Fake,Deepfake,0.700726056098938,0.559350848197937,0.9712194800376892,1.0,0.4342153072357178,0.538844645023346
cc19d488-10be-11f1-b2c7-ac1f6b417054_label_fake.npz,Fake,Deepfake,0.46213213130831715,0.08831784874200821,0.9990311861038208,1.0,0.0389307476580143,0.18438087403774261
085b6886-10be-11f1-b2c7-ac1f6b417054_label_fake.npz,Fake,Deepfake,0.4835891962051392,0.23795843124389648,0.9994717240333557,1.0,0.04467272758483887,0.13584309816360474
f4472318-10bc-11f1-b2c7-ac1f6b417054_label_fake.npz,Fake,Deepfake,0.4190275479573757,0.07234486192464828,0.9997839331626892,1.0,0.01921769045293331,0.003791254246607423
7a532388-10bf-11f1-b2c7-ac1f6b417054_label_fake.npz,Fake,Deepfake,0.4232442583888769,0.062133170664310455,0.9994263648986816,1.0,0.049953658133745193,0.0047080982476472855
73daed7c-10bc-11f1-b2c7-ac1f6b417054_label_fake.npz,Fake,Deepfake,0.7303328275680542,0.25360703468322754,0.9931492209434509,1.0,0.8951229453086853,0.5097849369049072
69649b78-10bb-11f1-b2c7-ac1f6b417054_label_fake.npz,Fake,Deepfake,0.4649091798812151,0.08047960698604584,0.999782383441925,1.0,0.2179536670446396,0.026330241933465004
6bbd0b8a-10c0-11f1-b2c7-ac1f6b417054_label_fake.npz,Fake,Deepfake,0.43065470075234774,0.0894223004579544,0.9998908042907715,1.0,0.05953728407621384,0.004423114936798811
efa3f30c-10be-11f1-b2c7-ac1f6b417054_label_fake.npz,Fake,Deepfake,0.41602075025439267,0.06875982135534286,0.9978218078613281,0.994978129863739,0.013853405602276325,0.004690586589276791
657a1faa-10c1-11f1-b2c7-ac1f6b417054_label_fake.npz,Fake,Deepfake,0.4175546512007713,0.07567179203033447,0.9810609817504883,1.0,0.014603512361645699,0.016436969861388206
1f5928dc-10c0-11f1-b2c7-ac1f6b417054_label_fake.npz,Fake,Deepfake,0.5574952572584153,0.42144399881362915,0.9976646900177002,1.0,0.23501479625701904,0.13335280120372772
4913e922-10bc-11f1-b2c7-ac1f6b417054_label_fake.npz,Fake,Deepfake,0.7419212520122528,0.46813681721687317,0.9999440908432007,1.0,0.688308835029602,0.5532165169715881
dbbedbae-10be-11f1-b2c7-ac1f6b417054_label_fake.npz,Fake,Deepfake,0.44291981095448135,0.08136038482189178,0.9991362690925598,1.0,0.1290876269340515,0.005014773923903704
db84176e-10bc-11f1-b2c7-ac1f6b417054_label_fake.npz,Fake,Deepfake,0.41291813421994455,0.027247726917266846,0.9995536208152771,0.9999988079071045,0.029023949056863785,0.008766566403210163
0321ea58-10c2-11f1-b2c7-ac1f6b417054_label_fake.npz,Fake,Deepfake,0.6881673097610475,0.32571542263031006,0.999699592590332,1.0,0.9663040041923523,0.14911752939224243
2c15d396-10bf-11f1-b2c7-ac1f6b417054_label_fake.npz,Fake,Deepfake,0.5440005838871003,0.19795416295528412,0.9994655251502991,1.0,0.41741397976875305,0.10516925156116486
a273a3ae-10bc-11f1-b2c7-ac1f6b417054_label_fake.npz,Fake,Deepfake,0.42441371865570543,0.08402959257364273,0.9892666339874268,1.0,0.037571460008621216,0.011200906708836555
ea597606-10be-11f1-b2c7-ac1f6b417054_label_fake.npz,Fake,Deepfake,0.6154789969325065,0.42376717925071716,0.9998770952224731,1.0,0.5864718556404114,0.06727885454893112
7f0e4d30-10bf-11f1-b2c7-ac1f6b417054_label_fake.npz,Fake,Deepfake,0.43044053129851817,0.10194066911935806,0.9995964169502258,0.999976396560669,0.01571560837328434,0.034973565489053726
658b8afe-10be-11f1-b2c7-ac1f6b417054_label_fake.npz,Fake,Deepfake,0.9263994455337525,0.7612965106964111,0.9988297820091248,1.0,0.93025141954422,0.9416195154190063
97cb9af4-10be-11f1-b2c7-ac1f6b417054_label_fake.npz,Fake,Deepfake,0.40869204611517496,0.030165810137987137,0.9930745363235474,0.9999992847442627,0.017788469791412354,0.002432129578664899
a5a731f0-10bf-11f1-b2c7-ac1f6b417054_label_fake.npz,Fake,Deepfake,0.41904267854988575,0.07444953918457031,0.9994025230407715,1.0,0.015092037618160248,0.006269292905926704
ef5843d2-10bc-11f1-b2c7-ac1f6b417054_label_fake.npz,Fake,Deepfake,0.6909052327275276,0.4271809458732605,0.9999675750732422,1.0,0.9279662370681763,0.09941140562295914
603a08a2-10c1-11f1-b2c7-ac1f6b417054_label_fake.npz,Fake,Deepfake,0.4219946256838739,0.06921397894620895,0.9962208867073059,1.0,0.040119461715221405,0.004418801050633192
a33b991e-10c0-11f1-b2c7-ac1f6b417054_label_fake.npz,Fake,Deepfake,0.5974815934896469,0.4434199333190918,0.9995775818824768,1.0,0.044930413365364075,0.4994800388813019
26663e74-10bd-11f1-b2c7-ac1f6b417054_label_fake.npz,Fake,Deepfake,0.5524140484631062,0.273186057806015,0.9913206696510315,1.0,0.47125011682510376,0.02631339803338051
e0b714e6-10be-11f1-b2c7-ac1f6b417054_label_fake.npz,Fake,Deepfake,0.5375669345259666,0.2774287760257721,0.9996029734611511,1.0,0.116963230073452,0.293839693069458
d8ece1c4-10bd-11f1-b2c7-ac1f6b417054_label_fake.npz,Fake,Deepfake,0.4176726076751948,0.06350480020046234,0.9998152852058411,0.9999998807907104,0.01640617847442627,0.008636893704533577
be741606-10c1-11f1-b2c7-ac1f6b417054_label_fake.npz,Fake,Deepfake,0.46635154709219934,0.13568170368671417,0.9999856948852539,1.0,0.03703565523028374,0.1590546816587448
c64c7540-10c0-11f1-b2c7-ac1f6b417054_label_fake.npz,Fake,Deepfake,0.5826009541749955,0.3126397728919983,0.9733574986457825,1.0,0.12745018303394318,0.4995573163032532
5170b74a-10c0-11f1-b2c7-ac1f6b417054_label_fake.npz,Fake,Deepfake,0.5288914814591408,0.33989596366882324,0.9967275857925415,1.0,0.10040714591741562,0.20742671191692352
21bbf1c8-10bf-11f1-b2c7-ac1f6b417054_label_fake.npz,Fake,Deepfake,0.769952791929245,0.45219698548316956,0.9953501224517822,0.9999611377716064,0.9404658079147339,0.46178990602493286
925f87c8-10bf-11f1-b2c7-ac1f6b417054_label_fake.npz,Fake,Deepfake,0.6465132609009743,0.5082929730415344,0.9991063475608826,0.9999994039535522,0.11559171229600906,0.6095758676528931
47b15d44-10c1-11f1-b2c7-ac1f6b417054_label_fake.npz,Fake,Deepfake,0.685778683423996,0.48177415132522583,0.9999898672103882,1.0,0.6252973675727844,0.3218320310115814
373739a0-10be-11f1-b2c7-ac1f6b417054_label_fake.npz,Fake,Deepfake,0.7747775435447692,0.5708112716674805,0.9996896982192993,1.0,0.613358199596405,0.6900285482406616
8d80a1a6-10bf-11f1-b2c7-ac1f6b417054_label_fake.npz,Fake,Deepfake,0.43500657305121426,0.1324080377817154,0.9995620846748352,0.9999997615814209,0.022969665005803108,0.020093316212296486
97477980-10bf-11f1-b2c7-ac1f6b417054_label_fake.npz,Fake,Deepfake,0.4161169085651636,0.06901185214519501,0.9969732761383057,1.0,0.011569290421903133,0.003030124120414257
04e5bf0a-10bc-11f1-b2c7-ac1f6b417054_label_fake.npz,Fake,Deepfake,0.7057392567396165,0.41315770149230957,0.999521017074585,0.9999997615814209,0.8709191679954529,0.24509863555431366
92e9cba0-10be-11f1-b2c7-ac1f6b417054_label_fake.npz,Fake,Deepfake,0.7948620319366455,0.6566647887229919,0.9982008934020996,0.9999974966049194,0.6407780051231384,0.6786689758300781
b94c414e-10c1-11f1-b2c7-ac1f6b417054_label_fake.npz,Fake,Deepfake,0.4173860602080822,0.05554516240954399,0.9990836381912231,1.0,0.028304513543844223,0.003996986895799637
fe2238aa-10bc-11f1-b2c7-ac1f6b417054_label_fake.npz,Fake,Deepfake,0.4173159120604396,0.07234569638967514,0.9999635219573975,1.0,0.009576081298291683,0.004694260656833649
208d4264-10c1-11f1-b2c7-ac1f6b417054_label_fake.npz,Fake,Deepfake,0.47387167364358906,0.38751405477523804,0.9403476119041443,0.999976396560669,0.027393342927098274,0.014126962050795555
aaaf2f98-10c1-11f1-b2c7-ac1f6b417054_label_fake.npz,Fake,Deepfake,0.4198853179812432,0.07712113112211227,0.9939358830451965,1.0,0.018206415697932243,0.010163160040974617
b4c9dc8c-10bf-11f1-b2c7-ac1f6b417054_label_fake.npz,Fake,Deepfake,0.4222819276154042,0.0742398053407669,0.999393105506897,1.0,0.019359594210982323,0.018417133018374443
122230cc-10c1-11f1-b2c7-ac1f6b417054_label_fake.npz,Fake,Deepfake,0.41506214886903764,0.06914348900318146,0.9824917912483215,1.0,0.017975442111492157,0.005700021982192993
ae015622-10bb-11f1-b2c7-ac1f6b417054_label_fake.npz,Fake,Deepfake,0.4184465494472534,0.07016517221927643,0.9999772310256958,0.9999998807907104,0.01900179125368595,0.0030886719468981028
d5bc5202-10c0-11f1-b2c7-ac1f6b417054_label_fake.npz,Fake,Deepfake,0.6788806498050689,0.6482117772102356,0.9998694658279419,1.0,0.46444422006607056,0.2818777859210968
5760c3da-10c4-11f1-b2c7-ac1f6b417054_label_fake.npz,Fake,Deepfake,0.42004459155723456,0.07233469933271408,0.999650239944458,1.0,0.02256861887872219,0.005669399630278349
18947da4-10c4-11f1-b2c7-ac1f6b417054_label_fake.npz,Fake,Deepfake,0.5974830716848374,0.4434199333190918,0.9995850920677185,0.9999998807907104,0.044930413365364075,0.4994800388813019
cb902dce-10c7-11f1-b2c7-ac1f6b417054_label_fake.npz,Fake,Deepfake,0.8067896604537964,0.6115595698356628,0.9976432919502258,0.9999995231628418,0.7682331204414368,0.6565127968788147
d025a506-10c9-11f1-b2c7-ac1f6b417054_label_fake.npz,Fake,Deepfake,0.41913628969341515,0.0814070776104927,0.998530387878418,1.0,0.013686754740774632,0.002057228237390518
868b2c3a-10c5-11f1-b2c7-ac1f6b417054_label_fake.npz,Fake,Deepfake,0.7212477445602419,0.742573082447052,0.9999938011169434,1.0,0.12080037593841553,0.7428714632987976
54447a08-10c8-11f1-b2c7-ac1f6b417054_label_fake.npz,Fake,Deepfake,0.4222514592111111,0.07703123241662979,0.999671459197998,1.0,0.03037123940885067,0.004183365032076836
6b115400-10c7-11f1-b2c7-ac1f6b417054_label_fake.npz,Fake,Deepfake,0.43849505782127385,0.09605724364519119,0.9974924325942993,1.0,0.08539904654026031,0.013526566326618195
325d94b4-10c4-11f1-b2c7-ac1f6b417054_label_fake.npz,Fake,Deepfake,0.42034954456612467,0.07929419726133347,0.9998354911804199,1.0,0.0171227864921093,0.005495247896760702
1774b7d2-10c8-11f1-b2c7-ac1f6b417054_label_fake.npz,Fake,Deepfake,0.430959327891469,0.08200457692146301,0.9915948510169983,1.0,0.0544302873313427,0.026766924187541008
e419e316-10c8-11f1-b2c7-ac1f6b417054_label_fake.npz,Fake,Deepfake,0.8827716588974,0.862753689289093,0.990044891834259,1.0,0.9309013485908508,0.6301583647727966
67df9c9a-10c9-11f1-b2c7-ac1f6b417054_label_fake.npz,Fake,Deepfake,0.4191622111946345,0.06799378991127014,0.9994543194770813,0.9999998807907104,0.019396770745515823,0.008966295048594475
915db4e4-10c9-11f1-b2c7-ac1f6b417054_label_fake.npz,Fake,Deepfake,0.4157391512766481,0.07106515765190125,0.9923664927482605,1.0,0.012079336680471897,0.0031847693026065826
5ca38d14-10c4-11f1-b2c7-ac1f6b417054_label_fake.npz,Fake,Deepfake,0.4182961223646998,0.07513006776571274,0.9856380820274353,1.0,0.01952815242111683,0.011184309609234333
cc2dd952-10c2-11f1-b2c7-ac1f6b417054_label_fake.npz,Fake,Deepfake,0.4985951396636665,0.07428772747516632,0.9991011619567871,0.9999886751174927,0.4144333600997925,0.005164773669093847
c29fd6ba-10c2-11f1-b2c7-ac1f6b417054_label_fake.npz,Fake,Deepfake,0.4206404723227024,0.07936359196901321,0.9997352957725525,1.0,0.02052355371415615,0.003579920157790184
f178fe16-10c3-11f1-b2c7-ac1f6b417054_label_fake.npz,Fake,Deepfake,0.4174336423166096,0.06384798139333725,0.9995379447937012,1.0,0.019128169864416122,0.004654115531593561
0ddbdb3c-10c9-11f1-b2c7-ac1f6b417054_label_fake.npz,Fake,Deepfake,0.6334403246641159,0.4207582473754883,0.9999980926513672,0.9999997615814209,0.19480125606060028,0.5516442656517029
2aa2e68c-10c6-11f1-b2c7-ac1f6b417054_label_fake.npz,Fake,Deepfake,0.9263991832733156,0.7612965106964111,0.9988287091255188,0.9999997615814209,0.93025141954422,0.9416195154190063
2c116000-10c8-11f1-b2c7-ac1f6b417054_label_fake.npz,Fake,Deepfake,0.41975510511547326,0.07071113586425781,0.9981288313865662,1.0,0.020758826285600662,0.009176732040941715
4dcfb364-10c2-11f1-b2c7-ac1f6b417054_label_fake.npz,Fake,Deepfake,0.41749630495905876,0.05554516240954399,0.999634861946106,1.0,0.028304513543844223,0.003996986895799637
0d798938-10c8-11f1-b2c7-ac1f6b417054_label_fake.npz,Fake,Deepfake,0.6140274822711945,0.47227907180786133,0.9998759031295776,1.0,0.12545377016067505,0.4725286662578583
dd820272-10c3-11f1-b2c7-ac1f6b417054_label_fake.npz,Fake,Deepfake,0.41696290336549285,0.07879669964313507,0.9870314002037048,0.9999916553497314,0.01254693977534771,0.006447821855545044
ef0f60ba-10c4-11f1-b2c7-ac1f6b417054_label_fake.npz,Fake,Deepfake,0.42363136196509005,0.084287628531456,0.9988369345664978,0.9999998807907104,0.029495293274521828,0.005537072662264109
630c2892-10c8-11f1-b2c7-ac1f6b417054_label_fake.npz,Fake,Deepfake,0.42088993825018406,0.07977769523859024,0.9996525049209595,0.9999998807907104,0.011400800198316574,0.01361881010234356
70d6ad54-10c2-11f1-b2c7-ac1f6b417054_label_fake.npz,Fake,Deepfake,0.41313650365918875,0.07538288831710815,0.9717616438865662,1.0,0.013934938237071037,0.004603047855198383
6cfd6f90-10c9-11f1-b2c7-ac1f6b417054_label_fake.npz,Fake,Deepfake,0.9265215396881105,0.7612965106964111,0.9994402527809143,1.0,0.93025141954422,0.9416195154190063
345f67b6-10c3-11f1-b2c7-ac1f6b417054_label_fake.npz,Fake,Deepfake,0.6146717816591263,0.6085230112075806,0.9982495903968811,1.0,0.37874850630760193,0.08783780038356781
bc93905c-10c4-11f1-b2c7-ac1f6b417054_label_fake.npz,Fake,Deepfake,0.41615514503791934,0.06235621124505997,0.9993889331817627,1.0,0.014502939768135548,0.004527640994638205
8ea35ff6-10c4-11f1-b2c7-ac1f6b417054_label_fake.npz,Fake,Deepfake,0.41865389915183193,0.07285556942224503,0.9986157417297363,1.0,0.015425428748130798,0.0063727558590471745
43bccb78-10c2-11f1-b2c7-ac1f6b417054_label_fake.npz,Fake,Deepfake,0.42078834008425475,0.07402350008487701,0.9993477463722229,1.0,0.02150595933198929,0.009064494632184505
5d4a0d8e-10c3-11f1-b2c7-ac1f6b417054_label_fake.npz,Fake,Deepfake,0.5337958427146077,0.08889374881982803,0.9996562004089355,1.0,0.566277801990509,0.014151462353765965
8f71a08e-10c2-11f1-b2c7-ac1f6b417054_label_fake.npz,Fake,Deepfake,0.47810564190149313,0.38751405477523804,0.9617888331413269,0.9997050166130066,0.027393342927098274,0.014126962050795555
70bb4fec-10c6-11f1-b2c7-ac1f6b417054_label_fake.npz,Fake,Deepfake,0.6225824899971486,0.6586431860923767,0.9998387098312378,1.0,0.06058580055832863,0.39384475350379944
d05d4fe6-10c5-11f1-b2c7-ac1f6b417054_label_fake.npz,Fake,Deepfake,0.43530623968690635,0.08176052570343018,0.999665379524231,1.0,0.08595249801874161,0.009152795188128948
58edb540-10c5-11f1-b2c7-ac1f6b417054_label_fake.npz,Fake,Deepfake,0.4767742037773132,0.22252024710178375,0.999845027923584,1.0,0.05224166065454483,0.1092640832066536
52713814-10c4-11f1-b2c7-ac1f6b417054_label_fake.npz,Fake,Deepfake,0.8828218460083008,0.862753689289093,0.990295946598053,0.9999998807907104,0.9309013485908508,0.6301583647727966
0d6fd04e-10c5-11f1-b2c7-ac1f6b417054_label_fake.npz,Fake,Deepfake,0.5899893939495087,0.3537977337837219,0.9990140199661255,1.0,0.3016357719898224,0.29549944400787354
ac5a96ec-10c2-11f1-b2c7-ac1f6b417054_label_fake.npz,Fake,Deepfake,0.9075646281242372,0.9227685928344727,0.9837194681167603,1.0,0.8812333345413208,0.7501017451286316
267c6ce2-10c9-11f1-b2c7-ac1f6b417054_label_fake.npz,Fake,Deepfake,0.45826898459345106,0.16762183606624603,0.9983114004135132,1.0,0.11450931429862976,0.010902372188866138
99f64604-10c7-11f1-b2c7-ac1f6b417054_label_fake.npz,Fake,Deepfake,0.4184101969003678,0.06586696207523346,0.9995936751365662,1.0,0.014949909411370754,0.011640437878668308
9e7cca76-10c3-11f1-b2c7-ac1f6b417054_label_fake.npz,Fake,Deepfake,0.44479043148458003,0.1549237221479416,0.9989280104637146,1.0,0.022464362904429436,0.047636061906814575
66b23918-10c4-11f1-b2c7-ac1f6b417054_label_fake.npz,Fake,Deepfake,0.425730898976326,0.06960444897413254,0.9995675683021545,1.0,0.04956773668527603,0.009914740920066833
67dcc7be-10c8-11f1-b2c7-ac1f6b417054_label_fake.npz,Fake,Deepfake,0.4051707880571485,0.07128819078207016,0.9309074282646179,1.0,0.018534287810325623,0.0051240334287285805
eb171d74-10c7-11f1-b2c7-ac1f6b417054_label_fake.npz,Fake,Deepfake,0.42388024721294637,0.07983856648206711,0.9999890327453613,1.0,0.031048964709043503,0.008524672128260136
2c6fdb4a-10c7-11f1-b2c7-ac1f6b417054_label_fake.npz,Fake,Deepfake,0.4176723281852901,0.07292607426643372,0.9999264478683472,1.0,0.011226470582187176,0.004282648209482431
539ce322-10c5-11f1-b2c7-ac1f6b417054_label_fake.npz,Fake,Deepfake,0.43369871545583005,0.07429917901754379,0.9973575472831726,1.0,0.09131409227848053,0.005522758699953556
34fdc7a0-10c6-11f1-b2c7-ac1f6b417054_label_fake.npz,Fake,Deepfake,0.416472491901368,0.07387369871139526,0.9878305792808533,0.9999998807907104,0.01664305105805397,0.004015249665826559
84cf19ee-10c8-11f1-b2c7-ac1f6b417054_label_fake.npz,Fake,Deepfake,0.8185481190681458,0.600460410118103,0.999994158744812,1.0,0.8712840676307678,0.6210019588470459
e97f6270-10ca-11f1-b2c7-ac1f6b417054_label_fake.npz,Fake,Deepfake,0.41638010842725637,0.0669722929596901,0.9979104399681091,1.0,0.014739522710442543,0.002278286498039961
4d41b804-10cf-11f1-b2c7-ac1f6b417054_label_fake.npz,Fake,Deepfake,0.6242668032646179,0.4579716920852661,0.9972075819969177,1.0,0.15336257219314575,0.51279217004776
d9b36c5e-10cc-11f1-b2c7-ac1f6b417054_label_fake.npz,Fake,Deepfake,0.41774720628745854,0.06899836659431458,0.9988279938697815,1.0,0.018165355548262596,0.0027443154249340296
4c844b7a-10ca-11f1-b2c7-ac1f6b417054_label_fake.npz,Fake,Deepfake,0.8185476899147035,0.600460410118103,0.9999920129776001,1.0,0.8712840676307678,0.6210019588470459
9f1c6210-10ce-11f1-b2c7-ac1f6b417054_label_fake.npz,Fake,Deepfake,0.4091124258004129,0.07295399159193039,0.9408551454544067,0.9999998807907104,0.02657046727836132,0.005182643886655569
ce260e5e-10cd-11f1-b2c7-ac1f6b417054_label_fake.npz,Fake,Deepfake,0.4244459737092257,0.0687299594283104,0.9984378218650818,1.0,0.03683982044458389,0.0182222668081522
c78bf05c-10cf-11f1-b2c7-ac1f6b417054_label_fake.npz,Fake,Deepfake,0.41393824657425293,0.07940932363271713,0.9679566025733948,0.9999994039535522,0.015643658116459846,0.006682244595140219
1b959c52-10d0-11f1-b2c7-ac1f6b417054_label_fake.npz,Fake,Deepfake,0.6788248419761658,0.38688918948173523,0.9999970197677612,1.0,0.8427963852882385,0.16444161534309387
777758c2-10ca-11f1-b2c7-ac1f6b417054_label_fake.npz,Fake,Deepfake,0.4191914794966579,0.07042592763900757,0.9993257522583008,1.0,0.017948854714632034,0.008256862871348858
e13048c4-10ce-11f1-b2c7-ac1f6b417054_label_fake.npz,Fake,Deepfake,0.4274993093684316,0.10692928731441498,0.9997344613075256,1.0,0.01830792799592018,0.012524870224297047
c69fd464-10cb-11f1-b2c7-ac1f6b417054_label_fake.npz,Fake,Deepfake,0.6302964180707932,0.5263163447380066,0.9998214840888977,1.0,0.1548915058374405,0.47045275568962097
a2ee6892-10ca-11f1-b2c7-ac1f6b417054_label_fake.npz,Fake,Deepfake,0.4229275804013014,0.07162579149007797,0.9987279772758484,1.0,0.0347474105656147,0.009536722674965858
700f47c4-10d0-11f1-b2c7-ac1f6b417054_label_fake.npz,Fake,Deepfake,0.4717492431402207,0.09881307929754257,0.9998749494552612,1.0,0.18831227719783783,0.07174590975046158
84e5ea74-10ce-11f1-b2c7-ac1f6b417054_label_fake.npz,Fake,Deepfake,0.42411135062575345,0.07103406637907028,0.9927896857261658,0.9999587535858154,0.05029163137078285,0.006482616066932678
1a318f26-10ce-11f1-b2c7-ac1f6b417054_label_fake.npz,Fake,Deepfake,0.4495806302875281,0.0900222435593605,0.9981427192687988,0.9999992847442627,0.13229843974113464,0.02744046412408352
8ccbc068-10cb-11f1-b2c7-ac1f6b417054_label_fake.npz,Fake,Deepfake,0.42238330943509933,0.0893607884645462,0.9996052384376526,1.0,0.017728881910443306,0.005221638362854719
5fd6c5f2-10cc-11f1-b2c7-ac1f6b417054_label_fake.npz,Fake,Deepfake,0.4349963888525963,0.06897050142288208,0.9992396831512451,1.0,0.016259878873825073,0.09051188081502914
0bb68e8c-10cf-11f1-b2c7-ac1f6b417054_label_fake.npz,Fake,Deepfake,0.4767790362238885,0.148309126496315,0.9993712306022644,1.0,0.031097255647182465,0.20511756837368011
377f5d64-10ca-11f1-b2c7-ac1f6b417054_label_fake.npz,Fake,Deepfake,0.4196357215754688,0.07193585485219955,0.9998152852058411,1.0,0.02245563454926014,0.003971833270043135
620d1c74-10cf-11f1-b2c7-ac1f6b417054_label_fake.npz,Fake,Deepfake,0.4223226092755795,0.07514458149671555,0.9991933703422546,1.0,0.03059149533510208,0.006683599203824997
a0290cc8-10cc-11f1-b2c7-ac1f6b417054_label_fake.npz,Fake,Deepfake,0.7248550057411194,0.7051307559013367,0.9985412359237671,1.0,0.25294458866119385,0.6676584482192993
2a886b86-10d0-11f1-b2c7-ac1f6b417054_label_fake.npz,Fake,Deepfake,0.41301847063004976,0.053255595266819,0.9934531450271606,1.0,0.014435379765927792,0.003948233090341091
f47c12f4-10cf-11f1-b2c7-ac1f6b417054_label_fake.npz,Fake,Deepfake,0.6788494050502777,0.6482117772102356,0.9997132420539856,1.0,0.46444422006607056,0.2818777859210968
2fba8e7c-10d0-11f1-b2c7-ac1f6b417054_label_fake.npz,Fake,Deepfake,0.4900207106024027,0.06915446370840073,0.9940341114997864,1.0,0.3659718334674835,0.02094314433634281
978e949e-10cb-11f1-b2c7-ac1f6b417054_label_fake.npz,Fake,Deepfake,0.4012239035218954,0.08061357587575912,0.9293211102485657,0.9736731648445129,0.018466701731085777,0.004044964909553528
011ef248-10cf-11f1-b2c7-ac1f6b417054_label_fake.npz,Fake,Deepfake,0.4845348477363587,0.1007378101348877,0.9916223883628845,1.0,0.17869415879249573,0.15161988139152527
e923361e-10cd-11f1-b2c7-ac1f6b417054_label_fake.npz,Fake,Real,0.337806460633874,0.07316996157169342,0.9576312899589539,0.6145886182785034,0.024341128766536713,0.01930130459368229
1f4c36a0-10ce-11f1-b2c7-ac1f6b417054_label_fake.npz,Fake,Deepfake,0.42026080191135406,0.07497701793909073,0.9993637204170227,1.0,0.020238786935806274,0.0067244842648506165
387ecb0a-10cf-11f1-b2c7-ac1f6b417054_label_fake.npz,Fake,Deepfake,0.4174981787800789,0.07411126792430878,0.9965068697929382,1.0,0.011181442067027092,0.0056913141161203384
303816bc-10cb-11f1-b2c7-ac1f6b417054_label_fake.npz,Fake,Deepfake,0.41069048820063475,0.06452905386686325,0.9907776117324829,0.9812198281288147,0.011150231584906578,0.0057757156901061535
86d7a010-10cf-11f1-b2c7-ac1f6b417054_label_fake.npz,Fake,Deepfake,0.5917947985231877,0.4763016700744629,0.9991890788078308,0.9999998807907104,0.03803284838795662,0.4454505145549774
1693f0e2-10ca-11f1-b2c7-ac1f6b417054_label_fake.npz,Fake,Deepfake,0.5777741126716136,0.5738469362258911,0.9988412261009216,0.9999747276306152,0.04866072162985802,0.26754695177078247
d642264c-10cb-11f1-b2c7-ac1f6b417054_label_fake.npz,Fake,Deepfake,0.42853923514485365,0.07075151801109314,0.9975523352622986,1.0,0.03167024627327919,0.042722076177597046
200e02fa-10cc-11f1-b2c7-ac1f6b417054_label_fake.npz,Fake,Deepfake,0.42464953511953357,0.06741966307163239,0.9993853569030762,1.0,0.05011500418186188,0.0063276514410972595
1c5e79f2-10cf-11f1-b2c7-ac1f6b417054_label_fake.npz,Fake,Deepfake,0.6857708156108856,0.48177415132522583,0.9999505281448364,1.0,0.6252973675727844,0.3218320310115814
736ab4ba-10cd-11f1-b2c7-ac1f6b417054_label_fake.npz,Fake,Deepfake,0.7454366683959961,0.6986642479896545,0.9999426603317261,0.9999967813491821,0.3868867754936218,0.6416928768157959
058588f4-10cc-11f1-b2c7-ac1f6b417054_label_fake.npz,Fake,Deepfake,0.5876048840582371,0.3942866623401642,0.99986732006073,0.9999997615814209,0.06063525751233101,0.4832354187965393
c2af5b00-10cf-11f1-b2c7-ac1f6b417054_label_fake.npz,Fake,Deepfake,0.4200727845542133,0.07233469933271408,0.9997912049293518,1.0,0.02256861887872219,0.005669399630278349
2590d35c-10d0-11f1-b2c7-ac1f6b417054_label_fake.npz,Fake,Deepfake,0.4181582263670862,0.07401900738477707,0.999370276927948,0.9999994039535522,0.010582071729004383,0.006820371840149164
e6552d88-10ce-11f1-b2c7-ac1f6b417054_label_fake.npz,Fake,Deepfake,0.4177510906010866,0.06966414302587509,0.9998087286949158,1.0,0.016703104600310326,0.002579476684331894
deca6dd6-10cd-11f1-b2c7-ac1f6b417054_label_fake.npz,Fake,Deepfake,0.42516380399465564,0.09773916006088257,0.999678373336792,0.9999995231628418,0.018894171342253685,0.009507792070508003
95791fea-10cf-11f1-b2c7-ac1f6b417054_label_fake.npz,Fake,Deepfake,0.41988006681203843,0.07534658908843994,0.997275173664093,1.0,0.020392440259456635,0.006386131048202515
83824a34-10cd-11f1-b2c7-ac1f6b417054_label_fake.npz,Fake,Deepfake,0.57786885201931,0.40461573004722595,0.9955357313156128,1.0,0.0826071947813034,0.40658560395240784
6cd477a6-10ca-11f1-b2c7-ac1f6b417054_label_fake.npz,Fake,Deepfake,0.5677627921104431,0.4603636562824249,0.9967967867851257,0.9999998807907104,0.3001098334789276,0.08154380321502686
7bdc2342-10cb-11f1-b2c7-ac1f6b417054_label_fake.npz,Fake,Deepfake,0.4584759438410402,0.16762183606624603,0.9993461966514587,1.0,0.11450931429862976,0.010902372188866138
f6542c7a-10c9-11f1-b2c7-ac1f6b417054_label_fake.npz,Fake,Deepfake,0.5403344318270683,0.4428916871547699,0.999262273311615,1.0,0.09039542824029922,0.16912277042865753
bc26b28c-10cb-11f1-b2c7-ac1f6b417054_label_fake.npz,Fake,Deepfake,0.41819011843763293,0.07777372747659683,0.9961594343185425,0.9999891519546509,0.01354141253978014,0.00348686589859426
2a7d9a70-10cc-11f1-b2c7-ac1f6b417054_label_fake.npz,Fake,Deepfake,0.3975192317739129,0.19393889605998993,0.7505531907081604,1.0,0.009773732163012028,0.033330339938402176
905f1340-10d7-11f1-b2c7-ac1f6b417054_label_fake.npz,Fake,Deepfake,0.4175026164390147,0.07394734770059586,0.999606192111969,0.999305248260498,0.01208401471376419,0.0025702794082462788
503cd058-10d3-11f1-b2c7-ac1f6b417054_label_fake.npz,Fake,Deepfake,0.41850194279104475,0.07544439285993576,0.9965715408325195,0.9999016523361206,0.00922251958400011,0.011369608342647552
44a317c4-10d4-11f1-b2c7-ac1f6b417054_label_fake.npz,Fake,Deepfake,0.48619043417274954,0.17976433038711548,0.9995926022529602,1.0,0.031180569902062416,0.2204146683216095
d466c47c-10d5-11f1-b2c7-ac1f6b417054_label_fake.npz,Fake,Deepfake,0.6716871976852418,0.41187095642089844,0.9995771050453186,1.0,0.4462071657180786,0.5007807612419128
591decb0-10d4-11f1-b2c7-ac1f6b417054_label_fake.npz,Fake,Deepfake,0.4142117368988693,0.06691237539052963,0.9832227826118469,0.9993865489959717,0.014374732971191406,0.007162244524806738
6e871128-10d7-11f1-b2c7-ac1f6b417054_label_fake.npz,Fake,Deepfake,0.5583793520927429,0.38958534598350525,0.9986028075218201,1.0,0.13275876641273499,0.2709498405456543
b0031d58-10d8-11f1-b2c7-ac1f6b417054_label_fake.npz,Fake,Deepfake,0.5344643756747246,0.37116628885269165,0.9992142915725708,1.0,0.0192982479929924,0.28264304995536804
ce64b46c-10d0-11f1-b2c7-ac1f6b417054_label_fake.npz,Fake,Deepfake,0.6881406068801881,0.32571542263031006,0.9995653033256531,1.0,0.9663047790527344,0.14911752939224243
9462da3a-10d2-11f1-b2c7-ac1f6b417054_label_fake.npz,Fake,Deepfake,0.6907529413700104,0.5174148678779602,0.9903258085250854,1.0,0.5080124735832214,0.4380115568637848
af98d1e8-10d1-11f1-b2c7-ac1f6b417054_label_fake.npz,Fake,Deepfake,0.5278159987181426,0.0677601769566536,0.9979458451271057,1.0,0.5673537254333496,0.00602024607360363
c9a6dcd4-10d0-11f1-b2c7-ac1f6b417054_label_fake.npz,Fake,Deepfake,0.45363332480192187,0.14886748790740967,0.9989548921585083,0.9999995231628418,0.07810220867395401,0.04224251210689545
fd41a0d2-10d1-11f1-b2c7-ac1f6b417054_label_fake.npz,Fake,Deepfake,0.6349920563399791,0.19730864465236664,0.9978594183921814,1.0,0.9478322267532349,0.03195999190211296
5633265e-10d5-11f1-b2c7-ac1f6b417054_label_fake.npz,Fake,Deepfake,0.42037450866773723,0.07928521931171417,0.999786913394928,1.0,0.019736094400286674,0.0030643162317574024
5e8aac2c-10d6-11f1-b2c7-ac1f6b417054_label_fake.npz,Fake,Deepfake,0.6465598717331886,0.5082929730415344,0.9993388056755066,1.0,0.11559171229600906,0.6095758676528931
81cef206-10d6-11f1-b2c7-ac1f6b417054_label_fake.npz,Fake,Deepfake,0.45234636403620243,0.11921210587024689,0.9988524913787842,0.9999996423721313,0.12364115566015244,0.020026424899697304
4f53435e-10d1-11f1-b2c7-ac1f6b417054_label_fake.npz,Fake,Deepfake,0.42087582200765616,0.08047374337911606,0.9969577789306641,1.0,0.021457955241203308,0.005489632487297058
a5d7be62-10d6-11f1-b2c7-ac1f6b417054_label_fake.npz,Fake,Deepfake,0.43120081536471844,0.08894624561071396,0.9967095851898193,1.0,0.041193097829818726,0.029155148193240166
a7ba6424-10d5-11f1-b2c7-ac1f6b417054_label_fake.npz,Fake,Deepfake,0.4173357462510467,0.0716291069984436,0.9991340041160583,0.9999997615814209,0.014050232246518135,0.0018656263127923012
3c0ad6a4-10d6-11f1-b2c7-ac1f6b417054_label_fake.npz,Fake,Deepfake,0.5917235113680362,0.4763016700744629,0.9988331198692322,0.9999994039535522,0.03803284838795662,0.4454505145549774
f3407e78-10d1-11f1-b2c7-ac1f6b417054_label_fake.npz,Fake,Deepfake,0.4227628191933036,0.07385243475437164,0.9988517761230469,1.0,0.031685106456279755,0.009424778632819653
87f19614-10d8-11f1-b2c7-ac1f6b417054_label_fake.npz,Fake,Deepfake,0.7426414251327514,0.6224891543388367,0.9972495436668396,1.0,0.9560306668281555,0.13743776082992554
afcdfb7a-10d6-11f1-b2c7-ac1f6b417054_label_fake.npz,Fake,Deepfake,0.5427380710840225,0.33463844656944275,0.9996262788772583,1.0,0.048731520771980286,0.3306941092014313
5991d57e-10d6-11f1-b2c7-ac1f6b417054_label_fake.npz,Fake,Deepfake,0.41858512638136747,0.07208014279603958,0.9992340803146362,1.0,0.014794684946537018,0.006816723849624395
3b380620-10d1-11f1-b2c7-ac1f6b417054_label_fake.npz,Fake,Deepfake,0.8409618258476258,0.5057271718978882,0.9797009229660034,0.9999998807907104,0.9558453559875488,0.7635357975959778
2b62ccec-10d3-11f1-b2c7-ac1f6b417054_label_fake.npz,Fake,Deepfake,0.9382397770881653,0.8363138437271118,0.9999991655349731,0.9999998807907104,0.9511351585388184,0.9037508368492126
788f3e6a-10d8-11f1-b2c7-ac1f6b417054_label_fake.npz,Fake,Deepfake,0.4237663293257356,0.09581643342971802,0.9999939203262329,1.0,0.01243363507091999,0.010587657801806927
137c2aaa-10d9-11f1-b2c7-ac1f6b417054_label_fake.npz,Fake,Deepfake,0.4193554868921638,0.07460393011569977,0.9984169006347656,1.0,0.011235494166612625,0.01252110954374075
dec90652-10d3-11f1-b2c7-ac1f6b417054_label_fake.npz,Fake,Deepfake,0.5315087914466858,0.166558176279068,0.9932736158370972,1.0,0.3891496956348419,0.10856246948242188
98762110-10d0-11f1-b2c7-ac1f6b417054_label_fake.npz,Fake,Deepfake,0.41767645636573436,0.07190942019224167,0.998399555683136,0.999932050704956,0.013865317218005657,0.004275938030332327
76d2f780-10d1-11f1-b2c7-ac1f6b417054_label_fake.npz,Fake,Deepfake,0.49568305518478156,0.08666256070137024,0.9999783039093018,1.0,0.38382700085639954,0.007947410456836224
9670db8e-10d6-11f1-b2c7-ac1f6b417054_label_fake.npz,Fake,Deepfake,0.4241235559806228,0.08166815340518951,0.9999018907546997,1.0,0.025574995204806328,0.013472740538418293
72c82446-10d4-11f1-b2c7-ac1f6b417054_label_fake.npz,Fake,Deepfake,0.42264054361730813,0.09637048095464706,0.9899783134460449,1.0,0.01780354045331478,0.009050383232533932
ee024bd4-10d2-11f1-b2c7-ac1f6b417054_label_fake.npz,Fake,Deepfake,0.4100251728203147,0.03814080357551575,0.9988962411880493,1.0,0.010716800577938557,0.0023720187600702047
d94621e4-10d6-11f1-b2c7-ac1f6b417054_label_fake.npz,Fake,Real,0.23116943379864097,0.0759507417678833,0.998482882976532,0.06543827801942825,0.012050102464854717,0.0039251637645065784
e8bffa4a-10d2-11f1-b2c7-ac1f6b417054_label_fake.npz,Fake,Deepfake,0.41998140607029205,0.07397334277629852,0.9986550807952881,0.9997468590736389,0.018266549333930016,0.00926519837230444
c929f326-10d6-11f1-b2c7-ac1f6b417054_label_fake.npz,Fake,Deepfake,0.6953773871064186,0.8249427080154419,0.9997648596763611,1.0,0.08104033023118973,0.5711390376091003
e41d81c2-10d4-11f1-b2c7-ac1f6b417054_label_fake.npz,Fake,Deepfake,0.432488426566124,0.13752806186676025,0.9998447895050049,0.9997267127037048,0.013642070814967155,0.011700497940182686
8f777fc6-10d2-11f1-b2c7-ac1f6b417054_label_fake.npz,Fake,Deepfake,0.42163215121254327,0.07182243466377258,0.9994261264801025,1.0,0.0295245423913002,0.007387652527540922
ee558a0e-10d4-11f1-b2c7-ac1f6b417054_label_fake.npz,Fake,Deepfake,0.41703324210830034,0.07283306121826172,0.9968659281730652,0.9999996423721313,0.012025364674627781,0.0034422141034156084
92305b64-10d4-11f1-b2c7-ac1f6b417054_label_fake.npz,Fake,Deepfake,0.5682347446680069,0.22696904838085175,0.9974651336669922,1.0,0.35780996084213257,0.258929580450058
60c18eb2-10d5-11f1-b2c7-ac1f6b417054_label_fake.npz,Fake,Deepfake,0.6465616598725319,0.5082929730415344,0.9993477463722229,1.0,0.11559171229600906,0.6095758676528931
56b299dc-10d2-11f1-b2c7-ac1f6b417054_label_fake.npz,Fake,Deepfake,0.6432161152362823,0.4187752306461334,0.9860010743141174,1.0,0.35588538646698,0.4554188847541809
4ae08e26-10d6-11f1-b2c7-ac1f6b417054_label_fake.npz,Fake,Deepfake,0.4172915909439326,0.07523453235626221,0.9988842606544495,0.9999899864196777,0.00875820405781269,0.0035909712314605713
3fb54598-10d4-11f1-b2c7-ac1f6b417054_label_fake.npz,Fake,Deepfake,0.4159170620143414,0.06480427831411362,0.9895826578140259,0.9999995231628418,0.01144809927791357,0.013750751502811909
70c69352-10d5-11f1-b2c7-ac1f6b417054_label_fake.npz,Fake,Deepfake,0.6350068502128126,0.19730864465236664,0.9979333877563477,1.0,0.9478322267532349,0.03195999190211296
69871542-10d7-11f1-b2c7-ac1f6b417054_label_fake.npz,Fake,Deepfake,0.661116571724415,0.6463215947151184,0.980527400970459,1.0,0.06485763937234879,0.613876223564148
d35e5018-10d0-11f1-b2c7-ac1f6b417054_label_fake.npz,Fake,Deepfake,0.42114331629127266,0.0671054944396019,0.9962738752365112,1.0,0.03328933194279671,0.009047879837453365
6f551fae-10d3-11f1-b2c7-ac1f6b417054_label_fake.npz,Fake,Deepfake,0.4485828280448914,0.11491619795560837,0.9910242557525635,1.0,0.08911330997943878,0.04786037653684616
