split,filepath,ground_truth,score
val,ar_11_label_real.npz,Real,0.046110
val,ar_16_label_real.npz,Real,0.042070
val,ar_18_label_real.npz,Real,0.070287
val,ar_22_to_zh_Xtts_label_fake.npz,Fake,0.893401
val,ar_34_label_real.npz,Real,0.052433
val,ar_35_label_real.npz,Real,0.050788
val,ar_36_label_real.npz,Real,0.060184
val,ar_37_to_zh_Xtts_label_fake.npz,Fake,0.924659
val,ar_50_to_zh_MicroTts_label_fake.npz,Fake,0.902186
val,ar_62_to_zh_MicroTts_label_fake.npz,Fake,0.945357
val,ar_63_label_real.npz,Real,0.036176
val,ar_64_label_real.npz,Real,0.196675
val,ar_66_label_real.npz,Real,0.315116
val,ar_67_label_real.npz,Real,0.226562
val,ar_70_label_real.npz,Real,0.044957
val,en_105_label_real.npz,Real,0.036163
val,en_105_to_ja_Vall_label_fake.npz,Fake,0.911484
val,en_107_to_zh_Vall_label_fake.npz,Fake,0.937581
val,en_115_label_real.npz,Real,0.040754
val,en_11_label_real.npz,Real,0.032732
val,en_120_to_zh_Xtts_label_fake.npz,Fake,0.966902
val,en_128_label_real.npz,Real,0.059157
val,en_21_label_real.npz,Real,0.032851
val,en_21_to_fr_Tacotron_label_fake.npz,Fake,0.907723
val,en_27_to_es_Xtts_label_fake.npz,Fake,0.973088
val,en_31_to_fr_Tacotron_label_fake.npz,Fake,0.961646
val,en_32_label_real.npz,Real,0.853805
val,en_34_to_fr_MicroTts_label_fake.npz,Fake,0.965647
val,en_35_label_real.npz,Real,0.042256
val,en_36_to_ru_MicroTts_label_fake.npz,Fake,0.928835
val,en_37_label_real.npz,Real,0.031694
val,en_39_label_real.npz,Real,0.037491
val,en_39_to_fr_Tacotron_label_fake.npz,Fake,0.782261
val,en_3_label_real.npz,Real,0.047148
val,en_3_to_es_MicroTts_label_fake.npz,Fake,0.452750
val,en_43_to_ja_Tacotron_label_fake.npz,Fake,0.937708
val,en_45_to_es_Bark_label_fake.npz,Fake,0.970493
val,en_45_to_fr_Xtts_label_fake.npz,Fake,0.964704
val,en_49_label_real.npz,Real,0.056329
val,en_53_label_real.npz,Real,0.051686
val,en_55_label_real.npz,Real,0.044299
val,en_58_to_ru_Xtts_label_fake.npz,Fake,0.954961
val,en_5_to_zh_Bark_label_fake.npz,Fake,0.142641
val,en_5_to_zh_Tacotron_label_fake.npz,Fake,0.675074
val,en_67_to_ar_MicroTts_label_fake.npz,Fake,0.940236
val,en_68_to_zh_MicroTts_label_fake.npz,Fake,0.934005
val,en_71_to_ru_Xtts_label_fake.npz,Fake,0.960565
val,en_76_to_ja_MicroTts_label_fake.npz,Fake,0.947717
val,en_79_label_real.npz,Real,0.045962
val,en_80_label_real.npz,Real,0.041554
val,en_80_to_ar_MicroTts_label_fake.npz,Fake,0.926915
val,en_82_label_real.npz,Real,0.051526
val,en_88_label_real.npz,Real,0.046725
val,en_89_label_real.npz,Real,0.051906
val,en_90_to_zh_Xtts_label_fake.npz,Fake,0.937411
val,en_92_label_real.npz,Real,0.041877
val,en_94_label_real.npz,Real,0.042001
val,en_94_to_es_MicroTts_label_fake.npz,Fake,0.967656
val,en_95_to_ru_MicroTts_label_fake.npz,Fake,0.943085
val,en_9_to_zh_Vall_label_fake.npz,Fake,0.968469
val,es_100_label_real.npz,Real,0.047416
val,es_104_to_en_Tacotron_label_fake.npz,Fake,0.925937
val,es_106_label_real.npz,Real,0.056665
val,es_106_to_zh_MicroTts_label_fake.npz,Fake,0.951955
val,es_107_to_fr_Tacotron_label_fake.npz,Fake,0.947509
val,es_111_to_en_Bark_label_fake.npz,Fake,0.214515
val,es_112_label_real.npz,Real,0.039631
val,es_113_to_ja_Tacotron_label_fake.npz,Fake,0.614592
val,es_118_to_zh_MicroTts_label_fake.npz,Fake,0.960208
val,es_15_to_ar_Xtts_label_fake.npz,Fake,0.922139
val,es_16_label_real.npz,Real,0.042168
val,es_1_label_real.npz,Real,0.060613
val,es_20_label_real.npz,Real,0.041943
val,es_21_to_fr_MicroTts_label_fake.npz,Fake,0.952295
val,es_22_label_real.npz,Real,0.053358
val,es_22_to_zh_Xtts_label_fake.npz,Fake,0.957079
val,es_24_label_real.npz,Real,0.232018
val,es_26_label_real.npz,Real,0.035292
val,es_30_to_zh_Xtts_label_fake.npz,Fake,0.969552
val,es_36_to_ar_Xtts_label_fake.npz,Fake,0.947510
val,es_36_to_fr_Xtts_label_fake.npz,Fake,0.912770
val,es_38_to_en_MicroTts_label_fake.npz,Fake,0.923640
val,es_38_to_en_Tacotron_label_fake.npz,Fake,0.963888
val,es_42_label_real.npz,Real,0.036453
val,es_45_to_ar_MicroTts_label_fake.npz,Fake,0.958108
val,es_51_label_real.npz,Real,0.042119
val,es_53_label_real.npz,Real,0.044858
val,es_53_to_ar_Xtts_label_fake.npz,Fake,0.268300
val,es_55_label_real.npz,Real,0.047275
val,es_61_label_real.npz,Real,0.045785
val,es_61_to_en_Xtts_label_fake.npz,Fake,0.928111
val,es_67_to_ar_MicroTts_label_fake.npz,Fake,0.943882
val,es_77_label_real.npz,Real,0.038616
val,es_78_label_real.npz,Real,0.043708
val,es_89_label_real.npz,Real,0.053508
val,es_8_label_real.npz,Real,0.042326
val,es_90_label_real.npz,Real,0.042776
val,es_93_to_en_Xtts_label_fake.npz,Fake,0.935665
val,es_94_to_en_Xtts_label_fake.npz,Fake,0.947337
val,es_99_to_ar_MicroTts_label_fake.npz,Fake,0.897413
val,es_9_to_fr_Bark_label_fake.npz,Fake,0.937038
val,fr_106_label_real.npz,Real,0.038823
val,fr_108_to_ar_Xtts_label_fake.npz,Fake,0.951844
val,fr_109_to_es_MicroTts_label_fake.npz,Fake,0.180894
val,fr_111_to_en_Bark_label_fake.npz,Fake,0.859597
val,fr_111_to_ja_Tacotron_label_fake.npz,Fake,0.875204
val,fr_120_label_real.npz,Real,0.290815
val,fr_12_label_real.npz,Real,0.071147
val,fr_12_to_ja_Bark_label_fake.npz,Fake,0.940884
val,fr_14_to_es_Tacotron_label_fake.npz,Fake,0.949989
val,fr_17_label_real.npz,Real,0.039515
val,fr_18_label_real.npz,Real,0.050717
val,fr_19_label_real.npz,Real,0.050288
val,fr_22_label_real.npz,Real,0.044371
val,fr_26_label_real.npz,Real,0.107503
val,fr_28_label_real.npz,Real,0.044979
val,fr_30_to_en_MicroTts_label_fake.npz,Fake,0.935369
val,fr_37_to_ja_Bark_label_fake.npz,Fake,0.713176
val,fr_47_to_ru_MicroTts_label_fake.npz,Fake,0.955075
val,fr_48_label_real.npz,Real,0.046098
val,fr_4_to_ru_MicroTts_label_fake.npz,Fake,0.957740
val,fr_52_label_real.npz,Real,0.028550
val,fr_56_label_real.npz,Real,0.040400
val,fr_57_to_zh_Bark_label_fake.npz,Fake,0.969667
val,fr_58_label_real.npz,Real,0.058522
val,fr_62_to_es_MicroTts_label_fake.npz,Fake,0.947537
val,fr_63_to_en_Tacotron_label_fake.npz,Fake,0.938864
val,fr_64_label_real.npz,Real,0.038784
val,fr_66_label_real.npz,Real,0.037732
val,fr_68_to_ar_MicroTts_label_fake.npz,Fake,0.938320
val,fr_6_label_real.npz,Real,0.048553
val,fr_70_label_real.npz,Real,0.054930
val,fr_70_to_ja_Bark_label_fake.npz,Fake,0.908716
val,fr_77_label_real.npz,Real,0.170755
val,fr_77_to_ja_Tacotron_label_fake.npz,Fake,0.935194
val,fr_83_to_zh_Xtts_label_fake.npz,Fake,0.942996
val,fr_87_label_real.npz,Real,0.048625
val,fr_91_to_ja_Tacotron_label_fake.npz,Fake,0.953061
val,ja_18_to_zh_Bark_label_fake.npz,Fake,0.945807
val,ja_20_to_es_MicroTts_label_fake.npz,Fake,0.951374
val,ja_22_label_real.npz,Real,0.040157
val,ja_26_label_real.npz,Real,0.060160
val,ja_38_to_ar_MicroTts_label_fake.npz,Fake,0.953874
val,ja_38_to_en_Bark_label_fake.npz,Fake,0.950004
val,ja_38_to_ru_Bark_label_fake.npz,Fake,0.947762
val,ja_40_label_real.npz,Real,0.040408
val,ja_4_label_real.npz,Real,0.055544
val,ja_50_to_en_Bark_label_fake.npz,Fake,0.943940
val,ja_55_label_real.npz,Real,0.050616
val,ja_57_to_zh_Vall_label_fake.npz,Fake,0.949004
val,ja_58_label_real.npz,Real,0.038436
val,ja_5_label_real.npz,Real,0.060083
val,ja_7_label_real.npz,Real,0.060626
val,ja_7_to_es_Bark_label_fake.npz,Fake,0.954340
val,ja_9_label_real.npz,Real,0.040709
val,ru_106_to_en_Xtts_label_fake.npz,Fake,0.924128
val,ru_107_to_ar_MicroTts_label_fake.npz,Fake,0.939242
val,ru_108_label_real.npz,Real,0.036548
val,ru_108_to_ar_MicroTts_label_fake.npz,Fake,0.953470
val,ru_10_label_real.npz,Real,0.052012
val,ru_118_to_zh_Xtts_label_fake.npz,Fake,0.951124
val,ru_119_to_zh_Bark_label_fake.npz,Fake,0.949459
val,ru_124_label_real.npz,Real,0.043281
val,ru_13_label_real.npz,Real,0.048594
val,ru_18_label_real.npz,Real,0.026396
val,ru_20_label_real.npz,Real,0.032938
val,ru_20_to_zh_Xtts_label_fake.npz,Fake,0.928683
val,ru_24_label_real.npz,Real,0.044396
val,ru_31_label_real.npz,Real,0.050937
val,ru_36_to_es_MicroTts_label_fake.npz,Fake,0.475973
val,ru_37_to_fr_Bark_label_fake.npz,Fake,0.694639
val,ru_37_to_fr_MicroTts_label_fake.npz,Fake,0.897714
val,ru_43_to_es_Xtts_label_fake.npz,Fake,0.948504
val,ru_43_to_zh_Xtts_label_fake.npz,Fake,0.945811
val,ru_44_label_real.npz,Real,0.033976
val,ru_44_to_zh_MicroTts_label_fake.npz,Fake,0.950592
val,ru_45_label_real.npz,Real,0.247990
val,ru_51_to_es_Xtts_label_fake.npz,Fake,0.951860
val,ru_52_label_real.npz,Real,0.058435
val,ru_54_label_real.npz,Real,0.041900
val,ru_56_label_real.npz,Real,0.049908
val,ru_61_label_real.npz,Real,0.044424
val,ru_66_label_real.npz,Real,0.059557
val,ru_69_to_en_MicroTts_label_fake.npz,Fake,0.930736
val,ru_6_label_real.npz,Real,0.043933
val,ru_6_to_zh_Xtts_label_fake.npz,Fake,0.709969
val,ru_72_to_zh_Xtts_label_fake.npz,Fake,0.960370
val,ru_75_label_real.npz,Real,0.252389
val,ru_76_label_real.npz,Real,0.252390
val,ru_84_label_real.npz,Real,0.055773
val,ru_85_to_es_MicroTts_label_fake.npz,Fake,0.908698
val,ru_90_label_real.npz,Real,0.132560
val,ru_98_label_real.npz,Real,0.043599
val,ru_99_to_ar_Xtts_label_fake.npz,Fake,0.951908
val,zh_103_to_en_Xtts_label_fake.npz,Fake,0.961041
val,zh_103_to_fr_MicroTts_label_fake.npz,Fake,0.937505
val,zh_104_to_ja_Bark_label_fake.npz,Fake,0.946383
val,zh_105_label_real.npz,Real,0.050306
val,zh_106_to_en_Tacotron_label_fake.npz,Fake,0.940143
val,zh_111_to_en_Vall_label_fake.npz,Fake,0.935536
val,zh_112_to_ar_Xtts_label_fake.npz,Fake,0.938270
val,zh_115_label_real.npz,Real,0.039508
val,zh_11_label_real.npz,Real,0.037607
val,zh_121_to_en_MicroTts_label_fake.npz,Fake,0.952301
val,zh_128_label_real.npz,Real,0.058725
val,zh_16_to_es_Bark_label_fake.npz,Fake,0.951949
val,zh_20_label_real.npz,Real,0.035167
val,zh_20_to_ru_Bark_label_fake.npz,Fake,0.971606
val,zh_22_to_fr_MicroTts_label_fake.npz,Fake,0.958346
val,zh_29_label_real.npz,Real,0.050045
val,zh_2_label_real.npz,Real,0.039712
val,zh_32_to_en_Vall_label_fake.npz,Fake,0.969027
val,zh_34_label_real.npz,Real,0.038243
val,zh_37_to_ru_MicroTts_label_fake.npz,Fake,0.967382
val,zh_39_to_ru_MicroTts_label_fake.npz,Fake,0.969051
val,zh_3_to_ar_MicroTts_label_fake.npz,Fake,0.964392
val,zh_3_to_en_Vall_label_fake.npz,Fake,0.948197
val,zh_42_to_en_Xtts_label_fake.npz,Fake,0.940219
val,zh_43_to_ru_MicroTts_label_fake.npz,Fake,0.929597
val,zh_46_to_fr_Tacotron_label_fake.npz,Fake,0.944540
val,zh_48_label_real.npz,Real,0.041119
val,zh_50_label_real.npz,Real,0.039529
val,zh_52_label_real.npz,Real,0.043732
val,zh_79_to_ar_Xtts_label_fake.npz,Fake,0.953056
val,zh_80_label_real.npz,Real,0.046345
val,zh_80_to_en_Bark_label_fake.npz,Fake,0.955019
val,zh_80_to_en_MicroTts_label_fake.npz,Fake,0.953240
val,zh_80_to_fr_Tacotron_label_fake.npz,Fake,0.950343
val,zh_87_to_en_Bark_label_fake.npz,Fake,0.967706
val,zh_88_label_real.npz,Real,0.036677
val,zh_89_label_real.npz,Real,0.026373
val,zh_91_label_real.npz,Real,0.057961
val,zh_92_label_real.npz,Real,0.050671
val,zh_94_label_real.npz,Real,0.041556
val,zh_95_label_real.npz,Real,0.075944
val,zh_96_label_real.npz,Real,0.041555
val,zh_96_to_en_Vall_label_fake.npz,Fake,0.042594
val,zh_9_label_real.npz,Real,0.034895
test,ar_13_label_real.npz,Real,0.058787
test,ar_16_to_fr_Xtts_label_fake.npz,Fake,0.943408
test,ar_19_label_real.npz,Real,0.049499
test,ar_19_to_es_MicroTts_label_fake.npz,Fake,0.904001
test,ar_19_to_zh_MicroTts_label_fake.npz,Fake,0.943301
test,ar_1_label_real.npz,Real,0.073426
test,ar_20_label_real.npz,Real,0.045340
test,ar_20_to_ru_Xtts_label_fake.npz,Fake,0.824287
test,ar_21_to_es_Xtts_label_fake.npz,Fake,0.931492
test,ar_23_to_en_Xtts_label_fake.npz,Fake,0.929845
test,ar_23_to_es_Xtts_label_fake.npz,Fake,0.917435
test,ar_23_to_fr_Xtts_label_fake.npz,Fake,0.920521
test,ar_23_to_ru_Xtts_label_fake.npz,Fake,0.908811
test,ar_23_to_zh_Xtts_label_fake.npz,Fake,0.948658
test,ar_24_to_ru_MicroTts_label_fake.npz,Fake,0.938804
test,ar_25_to_ru_MicroTts_label_fake.npz,Fake,0.944307
test,ar_26_label_real.npz,Real,0.041437
test,ar_30_to_en_MicroTts_label_fake.npz,Fake,0.948988
test,ar_30_to_es_Xtts_label_fake.npz,Fake,0.956733
test,ar_30_to_fr_MicroTts_label_fake.npz,Fake,0.949447
test,ar_30_to_ru_MicroTts_label_fake.npz,Fake,0.952194
test,ar_30_to_zh_MicroTts_label_fake.npz,Fake,0.957093
test,ar_32_to_en_MicroTts_label_fake.npz,Fake,0.954906
test,ar_32_to_en_Xtts_label_fake.npz,Fake,0.950524
test,ar_32_to_es_Xtts_label_fake.npz,Fake,0.949445
test,ar_32_to_fr_MicroTts_label_fake.npz,Fake,0.951018
test,ar_32_to_ru_Xtts_label_fake.npz,Fake,0.959896
test,ar_32_to_zh_MicroTts_label_fake.npz,Fake,0.958521
test,ar_32_to_zh_Xtts_label_fake.npz,Fake,0.960587
test,ar_33_to_en_Xtts_label_fake.npz,Fake,0.942407
test,ar_33_to_fr_Xtts_label_fake.npz,Fake,0.950044
test,ar_33_to_zh_Xtts_label_fake.npz,Fake,0.960674
test,ar_34_to_es_MicroTts_label_fake.npz,Fake,0.928303
test,ar_36_to_en_MicroTts_label_fake.npz,Fake,0.914363
test,ar_36_to_es_Xtts_label_fake.npz,Fake,0.901737
test,ar_36_to_fr_MicroTts_label_fake.npz,Fake,0.906821
test,ar_36_to_ja_MicroTts_label_fake.npz,Fake,0.876797
test,ar_36_to_zh_MicroTts_label_fake.npz,Fake,0.951673
test,ar_37_to_ru_Xtts_label_fake.npz,Fake,0.966234
test,ar_38_label_real.npz,Real,0.040547
test,ar_3_label_real.npz,Real,0.046969
test,ar_3_to_fr_Xtts_label_fake.npz,Fake,0.885369
test,ar_3_to_ru_Xtts_label_fake.npz,Fake,0.920666
test,ar_40_to_en_Xtts_label_fake.npz,Fake,0.953332
test,ar_40_to_es_MicroTts_label_fake.npz,Fake,0.958799
test,ar_40_to_fr_Xtts_label_fake.npz,Fake,0.961740
test,ar_40_to_ru_Xtts_label_fake.npz,Fake,0.956362
test,ar_40_to_zh_Xtts_label_fake.npz,Fake,0.942895
test,ar_41_to_en_Xtts_label_fake.npz,Fake,0.947231
test,ar_41_to_es_MicroTts_label_fake.npz,Fake,0.940834
test,ar_41_to_fr_Xtts_label_fake.npz,Fake,0.932247
test,ar_41_to_ru_Xtts_label_fake.npz,Fake,0.949837
test,ar_41_to_zh_Xtts_label_fake.npz,Fake,0.948911
test,ar_42_to_en_MicroTts_label_fake.npz,Fake,0.949001
test,ar_42_to_es_MicroTts_label_fake.npz,Fake,0.590084
test,ar_42_to_es_Xtts_label_fake.npz,Fake,0.821606
test,ar_42_to_fr_MicroTts_label_fake.npz,Fake,0.954806
test,ar_42_to_ja_MicroTts_label_fake.npz,Fake,0.267664
test,ar_42_to_ru_MicroTts_label_fake.npz,Fake,0.929617
test,ar_42_to_zh_MicroTts_label_fake.npz,Fake,0.943022
test,ar_43_to_en_Xtts_label_fake.npz,Fake,0.893935
test,ar_43_to_fr_Xtts_label_fake.npz,Fake,0.922565
test,ar_43_to_zh_Xtts_label_fake.npz,Fake,0.924580
test,ar_44_to_es_MicroTts_label_fake.npz,Fake,0.913763
test,ar_44_to_ru_MicroTts_label_fake.npz,Fake,0.926845
test,ar_45_to_ru_Xtts_label_fake.npz,Fake,0.058344
test,ar_45_to_zh_MicroTts_label_fake.npz,Fake,0.601719
test,ar_46_to_ja_MicroTts_label_fake.npz,Fake,0.950420
test,ar_46_to_ru_Xtts_label_fake.npz,Fake,0.928100
test,ar_47_to_ja_MicroTts_label_fake.npz,Fake,0.962772
test,ar_49_to_en_MicroTts_label_fake.npz,Fake,0.216504
test,ar_49_to_zh_MicroTts_label_fake.npz,Fake,0.216504
test,ar_4_label_real.npz,Real,0.052886
test,ar_51_label_real.npz,Real,0.031428
test,ar_54_label_real.npz,Real,0.718399
test,ar_54_to_en_MicroTts_label_fake.npz,Fake,0.955402
test,ar_54_to_es_Xtts_label_fake.npz,Fake,0.958497
test,ar_54_to_fr_MicroTts_label_fake.npz,Fake,0.964262
test,ar_54_to_zh_MicroTts_label_fake.npz,Fake,0.963748
test,ar_55_to_fr_Xtts_label_fake.npz,Fake,0.952398
test,ar_56_to_en_MicroTts_label_fake.npz,Fake,0.962715
test,ar_56_to_es_MicroTts_label_fake.npz,Fake,0.969205
test,ar_56_to_es_Xtts_label_fake.npz,Fake,0.976856
test,ar_56_to_fr_MicroTts_label_fake.npz,Fake,0.957441
test,ar_56_to_ru_MicroTts_label_fake.npz,Fake,0.955115
test,ar_56_to_zh_MicroTts_label_fake.npz,Fake,0.972688
test,ar_59_to_ja_MicroTts_label_fake.npz,Fake,0.956792
test,ar_5_to_en_Xtts_label_fake.npz,Fake,0.844601
test,ar_5_to_fr_Xtts_label_fake.npz,Fake,0.865660
test,ar_5_to_zh_Xtts_label_fake.npz,Fake,0.947030
test,ar_60_to_en_Xtts_label_fake.npz,Fake,0.943013
test,ar_60_to_es_MicroTts_label_fake.npz,Fake,0.940523
test,ar_60_to_fr_Xtts_label_fake.npz,Fake,0.958771
test,ar_60_to_ja_MicroTts_label_fake.npz,Fake,0.948006
test,ar_60_to_ru_MicroTts_label_fake.npz,Fake,0.959976
test,ar_60_to_zh_Xtts_label_fake.npz,Fake,0.953645
test,ar_61_to_es_MicroTts_label_fake.npz,Fake,0.942293
test,ar_61_to_ru_MicroTts_label_fake.npz,Fake,0.942906
test,ar_63_to_ru_MicroTts_label_fake.npz,Fake,0.948684
test,ar_64_to_ja_MicroTts_label_fake.npz,Fake,0.965475
test,ar_65_to_es_Xtts_label_fake.npz,Fake,0.957360
test,ar_65_to_fr_MicroTts_label_fake.npz,Fake,0.961084
test,ar_66_to_ja_MicroTts_label_fake.npz,Fake,0.959604
test,ar_67_to_en_MicroTts_label_fake.npz,Fake,0.917955
test,ar_67_to_es_Xtts_label_fake.npz,Fake,0.967407
test,ar_67_to_fr_MicroTts_label_fake.npz,Fake,0.933942
test,ar_67_to_ru_MicroTts_label_fake.npz,Fake,0.918662
test,ar_67_to_ru_Xtts_label_fake.npz,Fake,0.928339
test,ar_67_to_zh_MicroTts_label_fake.npz,Fake,0.925789
test,ar_68_to_ja_MicroTts_label_fake.npz,Fake,0.956254
test,ar_69_to_es_Xtts_label_fake.npz,Fake,0.950166
test,ar_69_to_fr_MicroTts_label_fake.npz,Fake,0.933430
test,ar_6_label_real.npz,Real,0.078519
test,ar_71_to_en_MicroTts_label_fake.npz,Fake,0.956662
test,ar_71_to_es_Xtts_label_fake.npz,Fake,0.961710
test,ar_71_to_fr_MicroTts_label_fake.npz,Fake,0.953361
test,ar_71_to_fr_Xtts_label_fake.npz,Fake,0.930968
test,ar_71_to_zh_MicroTts_label_fake.npz,Fake,0.945465
test,ar_7_to_es_MicroTts_label_fake.npz,Fake,0.974267
test,ar_7_to_ru_MicroTts_label_fake.npz,Fake,0.963425
test,en_100_to_ja_MicroTts_label_fake.npz,Fake,0.951010
test,en_101_to_zh_Tacotron_label_fake.npz,Fake,0.950381
test,en_102_label_real.npz,Real,0.058327
test,en_102_to_ja_Bark_label_fake.npz,Fake,0.956521
test,en_102_to_ja_Vall_label_fake.npz,Fake,0.939256
test,en_103_to_zh_Bark_label_fake.npz,Fake,0.938773
test,en_104_to_ja_Tacotron_label_fake.npz,Fake,0.901668
test,en_105_to_es_Tacotron_label_fake.npz,Fake,0.455582
test,en_106_to_es_Xtts_label_fake.npz,Fake,0.962847
test,en_106_to_fr_Tacotron_label_fake.npz,Fake,0.963532
test,en_106_to_ja_Bark_label_fake.npz,Fake,0.961716
test,en_106_to_ja_Tacotron_label_fake.npz,Fake,0.944967
test,en_106_to_zh_MicroTts_label_fake.npz,Fake,0.951826
test,en_107_to_ja_Tacotron_label_fake.npz,Fake,0.945215
test,en_107_to_ru_Bark_label_fake.npz,Fake,0.947801
test,en_107_to_zh_Tacotron_label_fake.npz,Fake,0.958503
test,en_108_to_es_MicroTts_label_fake.npz,Fake,0.962387
test,en_109_to_es_Tacotron_label_fake.npz,Fake,0.951351
test,en_109_to_fr_MicroTts_label_fake.npz,Fake,0.947812
test,en_109_to_ja_Bark_label_fake.npz,Fake,0.932198
test,en_109_to_ru_Bark_label_fake.npz,Fake,0.933208
test,en_109_to_zh_MicroTts_label_fake.npz,Fake,0.945042
test,en_10_to_es_Xtts_label_fake.npz,Fake,0.959931
test,en_10_to_fr_Tacotron_label_fake.npz,Fake,0.959432
test,en_10_to_fr_Xtts_label_fake.npz,Fake,0.957269
test,en_10_to_ru_Xtts_label_fake.npz,Fake,0.965716
test,en_10_to_zh_Xtts_label_fake.npz,Fake,0.961018
test,en_110_to_es_Bark_label_fake.npz,Fake,0.960371
test,en_110_to_es_Xtts_label_fake.npz,Fake,0.942660
test,en_110_to_fr_Tacotron_label_fake.npz,Fake,0.963233
test,en_110_to_zh_Tacotron_label_fake.npz,Fake,0.957686
test,en_111_to_ar_MicroTts_label_fake.npz,Fake,0.969696
test,en_111_to_es_Xtts_label_fake.npz,Fake,0.958730
test,en_111_to_fr_Tacotron_label_fake.npz,Fake,0.945063
test,en_112_to_es_Xtts_label_fake.npz,Fake,0.959726
test,en_112_to_fr_Tacotron_label_fake.npz,Fake,0.959008
test,en_112_to_ja_Bark_label_fake.npz,Fake,0.951057
test,en_112_to_zh_MicroTts_label_fake.npz,Fake,0.944529
test,en_112_to_zh_Vall_label_fake.npz,Fake,0.958396
test,en_112_to_zh_Xtts_label_fake.npz,Fake,0.955632
test,en_113_to_ru_Xtts_label_fake.npz,Fake,0.956845
test,en_113_to_zh_Bark_label_fake.npz,Fake,0.951347
test,en_114_to_ar_MicroTts_label_fake.npz,Fake,0.968882
test,en_114_to_ru_Xtts_label_fake.npz,Fake,0.967995
test,en_114_to_zh_MicroTts_label_fake.npz,Fake,0.909796
test,en_114_to_zh_Vall_label_fake.npz,Fake,0.942657
test,en_115_to_ar_MicroTts_label_fake.npz,Fake,0.393077
test,en_115_to_ar_Xtts_label_fake.npz,Fake,0.869007
test,en_115_to_ja_MicroTts_label_fake.npz,Fake,0.888875
test,en_115_to_ja_Vall_label_fake.npz,Fake,0.909793
test,en_116_label_real.npz,Real,0.037969
test,en_116_to_es_Tacotron_label_fake.npz,Fake,0.927804
test,en_116_to_es_Xtts_label_fake.npz,Fake,0.936389
test,en_116_to_fr_Bark_label_fake.npz,Fake,0.928464
test,en_116_to_fr_MicroTts_label_fake.npz,Fake,0.924469
test,en_116_to_fr_Tacotron_label_fake.npz,Fake,0.891379
test,en_116_to_zh_Tacotron_label_fake.npz,Fake,0.913100
test,en_117_to_ru_MicroTts_label_fake.npz,Fake,0.242606
test,en_118_to_es_MicroTts_label_fake.npz,Fake,0.958425
test,en_118_to_es_Tacotron_label_fake.npz,Fake,0.958420
test,en_118_to_fr_Bark_label_fake.npz,Fake,0.956888
test,en_118_to_fr_Tacotron_label_fake.npz,Fake,0.955170
test,en_118_to_ja_MicroTts_label_fake.npz,Fake,0.957826
test,en_118_to_zh_Bark_label_fake.npz,Fake,0.962667
test,en_118_to_zh_Tacotron_label_fake.npz,Fake,0.967306
test,en_118_to_zh_Vall_label_fake.npz,Fake,0.967827
test,en_119_to_ja_Vall_label_fake.npz,Fake,0.964651
test,en_119_to_ru_Xtts_label_fake.npz,Fake,0.958988
test,en_11_to_zh_Bark_label_fake.npz,Fake,0.959814
test,en_11_to_zh_Xtts_label_fake.npz,Fake,0.962853
test,en_120_to_ar_MicroTts_label_fake.npz,Fake,0.960356
test,en_120_to_ar_Xtts_label_fake.npz,Fake,0.957596
test,en_120_to_es_MicroTts_label_fake.npz,Fake,0.968325
test,en_120_to_es_Xtts_label_fake.npz,Fake,0.966916
test,en_120_to_fr_Bark_label_fake.npz,Fake,0.964857
test,en_120_to_fr_MicroTts_label_fake.npz,Fake,0.957053
test,en_120_to_fr_Xtts_label_fake.npz,Fake,0.967655
test,en_120_to_zh_Bark_label_fake.npz,Fake,0.953860
test,en_120_to_zh_Tacotron_label_fake.npz,Fake,0.968233
test,en_121_to_es_MicroTts_label_fake.npz,Fake,0.940166
test,en_121_to_fr_Xtts_label_fake.npz,Fake,0.954576
test,en_121_to_ru_Bark_label_fake.npz,Fake,0.953929
test,en_121_to_ru_Xtts_label_fake.npz,Fake,0.950726
test,en_121_to_zh_Tacotron_label_fake.npz,Fake,0.948453
test,en_122_label_real.npz,Real,0.237457
test,en_122_to_es_Xtts_label_fake.npz,Fake,0.957446
test,en_122_to_fr_MicroTts_label_fake.npz,Fake,0.957467
test,en_122_to_fr_Tacotron_label_fake.npz,Fake,0.962032
test,en_123_label_real.npz,Real,0.233087
test,en_123_to_ar_MicroTts_label_fake.npz,Fake,0.959409
test,en_123_to_es_Bark_label_fake.npz,Fake,0.951023
test,en_124_to_ar_MicroTts_label_fake.npz,Fake,0.867259
test,en_124_to_es_Xtts_label_fake.npz,Fake,0.937367
test,en_124_to_fr_MicroTts_label_fake.npz,Fake,0.767683
test,en_124_to_ru_MicroTts_label_fake.npz,Fake,0.735408
test,en_125_to_es_Xtts_label_fake.npz,Fake,0.926598
test,en_125_to_fr_MicroTts_label_fake.npz,Fake,0.922195
test,en_125_to_zh_Tacotron_label_fake.npz,Fake,0.934020
test,en_126_to_es_Tacotron_label_fake.npz,Fake,0.919350
test,en_126_to_fr_Bark_label_fake.npz,Fake,0.935579
test,en_126_to_zh_Bark_label_fake.npz,Fake,0.945077
test,en_127_label_real.npz,Real,0.054250
test,en_127_to_ar_Xtts_label_fake.npz,Fake,0.971306
test,en_127_to_es_Xtts_label_fake.npz,Fake,0.958542
test,en_127_to_fr_MicroTts_label_fake.npz,Fake,0.965552
test,en_127_to_ja_Bark_label_fake.npz,Fake,0.962869
test,en_127_to_zh_Vall_label_fake.npz,Fake,0.971991
test,en_127_to_zh_Xtts_label_fake.npz,Fake,0.960604
test,en_128_to_ru_Xtts_label_fake.npz,Fake,0.961482
test,en_128_to_zh_Xtts_label_fake.npz,Fake,0.945581
test,en_12_to_zh_Tacotron_label_fake.npz,Fake,0.962589
test,en_13_to_ar_MicroTts_label_fake.npz,Fake,0.216789
test,en_13_to_ru_Bark_label_fake.npz,Fake,0.953520
test,en_13_to_ru_Xtts_label_fake.npz,Fake,0.957160
test,en_14_to_ar_MicroTts_label_fake.npz,Fake,0.959188
test,en_14_to_es_Xtts_label_fake.npz,Fake,0.957830
test,en_14_to_fr_MicroTts_label_fake.npz,Fake,0.963135
test,en_14_to_ru_Bark_label_fake.npz,Fake,0.957366
test,en_15_to_fr_Xtts_label_fake.npz,Fake,0.970504
test,en_15_to_ja_Tacotron_label_fake.npz,Fake,0.958932
test,en_16_label_real.npz,Real,0.047028
test,en_16_to_ar_Xtts_label_fake.npz,Fake,0.951860
test,en_16_to_es_MicroTts_label_fake.npz,Fake,0.971354
test,en_16_to_es_Tacotron_label_fake.npz,Fake,0.952812
test,en_16_to_fr_Bark_label_fake.npz,Fake,0.929617
test,en_16_to_ru_MicroTts_label_fake.npz,Fake,0.971112
test,en_16_to_zh_Xtts_label_fake.npz,Fake,0.966758
test,en_17_to_fr_Xtts_label_fake.npz,Fake,0.947661
test,en_17_to_ru_Xtts_label_fake.npz,Fake,0.946093
test,en_18_to_es_MicroTts_label_fake.npz,Fake,0.968054
test,en_18_to_es_Tacotron_label_fake.npz,Fake,0.965819
test,en_18_to_fr_Bark_label_fake.npz,Fake,0.954275
test,en_18_to_ja_Bark_label_fake.npz,Fake,0.956494
test,en_18_to_ru_Xtts_label_fake.npz,Fake,0.973652
test,en_19_to_ar_Xtts_label_fake.npz,Fake,0.964862
test,en_19_to_fr_Tacotron_label_fake.npz,Fake,0.955390
test,en_19_to_fr_Xtts_label_fake.npz,Fake,0.953995
test,en_19_to_zh_Bark_label_fake.npz,Fake,0.946421
test,en_1_to_ar_Xtts_label_fake.npz,Fake,0.786360
test,en_1_to_es_MicroTts_label_fake.npz,Fake,0.690814
test,en_1_to_es_Tacotron_label_fake.npz,Fake,0.614632
test,en_1_to_fr_Bark_label_fake.npz,Fake,0.742206
test,en_1_to_fr_MicroTts_label_fake.npz,Fake,0.830103
test,en_1_to_ja_Tacotron_label_fake.npz,Fake,0.718062
test,en_20_to_es_Xtts_label_fake.npz,Fake,0.888913
test,en_20_to_fr_MicroTts_label_fake.npz,Fake,0.524658
test,en_20_to_ja_Vall_label_fake.npz,Fake,0.945147
test,en_20_to_ru_Bark_label_fake.npz,Fake,0.562241
test,en_20_to_zh_Bark_label_fake.npz,Fake,0.946828
test,en_21_to_ar_MicroTts_label_fake.npz,Fake,0.954347
test,en_21_to_es_Xtts_label_fake.npz,Fake,0.920695
test,en_21_to_fr_Bark_label_fake.npz,Fake,0.928531
test,en_21_to_fr_MicroTts_label_fake.npz,Fake,0.950721
test,en_21_to_zh_Xtts_label_fake.npz,Fake,0.949398
test,en_22_to_zh_Tacotron_label_fake.npz,Fake,0.962535
test,en_22_to_zh_Vall_label_fake.npz,Fake,0.956341
test,en_23_to_ar_Xtts_label_fake.npz,Fake,0.958406
test,en_23_to_ru_Bark_label_fake.npz,Fake,0.964460
test,en_24_to_fr_Xtts_label_fake.npz,Fake,0.970812
test,en_24_to_ja_MicroTts_label_fake.npz,Fake,0.966895
test,en_24_to_ru_Xtts_label_fake.npz,Fake,0.968036
test,en_24_to_zh_MicroTts_label_fake.npz,Fake,0.965992
test,en_25_to_es_MicroTts_label_fake.npz,Fake,0.973580
test,en_25_to_fr_Tacotron_label_fake.npz,Fake,0.974880
test,en_25_to_ja_Bark_label_fake.npz,Fake,0.968130
test,en_25_to_zh_Tacotron_label_fake.npz,Fake,0.972509
test,en_26_to_es_Bark_label_fake.npz,Fake,0.957426
test,en_27_to_fr_Tacotron_label_fake.npz,Fake,0.962998
test,en_28_to_es_Bark_label_fake.npz,Fake,0.960613
test,en_28_to_ja_MicroTts_label_fake.npz,Fake,0.966207
test,en_28_to_ja_Tacotron_label_fake.npz,Fake,0.963948
test,en_29_to_ru_MicroTts_label_fake.npz,Fake,0.964425
test,en_29_to_zh_Tacotron_label_fake.npz,Fake,0.969618
test,en_2_label_real.npz,Real,0.043283
test,en_2_to_es_Tacotron_label_fake.npz,Fake,0.397050
test,en_2_to_fr_Bark_label_fake.npz,Fake,0.420336
test,en_30_to_ar_MicroTts_label_fake.npz,Fake,0.968742
test,en_30_to_ja_MicroTts_label_fake.npz,Fake,0.966315
test,en_31_to_es_Tacotron_label_fake.npz,Fake,0.965939
test,en_31_to_es_Xtts_label_fake.npz,Fake,0.956386
test,en_31_to_fr_Bark_label_fake.npz,Fake,0.967314
test,en_31_to_fr_MicroTts_label_fake.npz,Fake,0.964285
test,en_31_to_fr_Xtts_label_fake.npz,Fake,0.961836
test,en_31_to_ru_Bark_label_fake.npz,Fake,0.963333
test,en_31_to_ru_MicroTts_label_fake.npz,Fake,0.961005
test,en_31_to_zh_Tacotron_label_fake.npz,Fake,0.959123
test,en_32_to_es_MicroTts_label_fake.npz,Fake,0.964208
test,en_32_to_es_Tacotron_label_fake.npz,Fake,0.961224
test,en_32_to_fr_Bark_label_fake.npz,Fake,0.959845
test,en_32_to_ja_MicroTts_label_fake.npz,Fake,0.956949
test,en_32_to_ja_Tacotron_label_fake.npz,Fake,0.958850
test,en_32_to_zh_Tacotron_label_fake.npz,Fake,0.955965
test,en_32_to_zh_Vall_label_fake.npz,Fake,0.955196
test,en_33_label_real.npz,Real,0.056761
test,en_33_to_fr_Xtts_label_fake.npz,Fake,0.971441
test,en_33_to_ja_MicroTts_label_fake.npz,Fake,0.965764
test,en_33_to_zh_Bark_label_fake.npz,Fake,0.970972
test,en_33_to_zh_Xtts_label_fake.npz,Fake,0.967324
test,en_34_label_real.npz,Real,0.043244
test,en_34_to_es_Bark_label_fake.npz,Fake,0.954038
test,en_34_to_zh_MicroTts_label_fake.npz,Fake,0.963786
test,en_35_to_es_Tacotron_label_fake.npz,Fake,0.967790
test,en_35_to_es_Xtts_label_fake.npz,Fake,0.967272
test,en_35_to_fr_MicroTts_label_fake.npz,Fake,0.960076
test,en_35_to_fr_Tacotron_label_fake.npz,Fake,0.964001
test,en_35_to_zh_Tacotron_label_fake.npz,Fake,0.951310
test,en_36_to_es_Bark_label_fake.npz,Fake,0.923198
test,en_36_to_ja_Tacotron_label_fake.npz,Fake,0.938826
test,en_36_to_zh_MicroTts_label_fake.npz,Fake,0.957343
test,en_37_to_ar_MicroTts_label_fake.npz,Fake,0.970020
test,en_37_to_ja_Vall_label_fake.npz,Fake,0.965374
test,en_37_to_ru_Xtts_label_fake.npz,Fake,0.967220
test,en_37_to_zh_Bark_label_fake.npz,Fake,0.963241
test,en_37_to_zh_Tacotron_label_fake.npz,Fake,0.970738
test,en_37_to_zh_Vall_label_fake.npz,Fake,0.962763
test,en_38_to_ja_Tacotron_label_fake.npz,Fake,0.961997
test,en_38_to_zh_Bark_label_fake.npz,Fake,0.959766
test,en_38_to_zh_Vall_label_fake.npz,Fake,0.966489
test,en_39_to_es_Tacotron_label_fake.npz,Fake,0.905546
test,en_39_to_es_Xtts_label_fake.npz,Fake,0.924000
test,en_39_to_fr_Bark_label_fake.npz,Fake,0.955555
test,en_39_to_fr_MicroTts_label_fake.npz,Fake,0.913690
test,en_39_to_ja_Vall_label_fake.npz,Fake,0.955339
test,en_39_to_ru_Xtts_label_fake.npz,Fake,0.934827
test,en_39_to_zh_Vall_label_fake.npz,Fake,0.934293
test,en_3_to_es_Xtts_label_fake.npz,Fake,0.905023
test,en_3_to_fr_MicroTts_label_fake.npz,Fake,0.893198
test,en_3_to_ru_MicroTts_label_fake.npz,Fake,0.860312
test,en_3_to_zh_Bark_label_fake.npz,Fake,0.879734
test,en_40_to_ar_MicroTts_label_fake.npz,Fake,0.956271
test,en_40_to_ja_Vall_label_fake.npz,Fake,0.963688
test,en_40_to_zh_Bark_label_fake.npz,Fake,0.979849
test,en_41_label_real.npz,Real,0.033527
test,en_41_to_ru_Xtts_label_fake.npz,Fake,0.947495
test,en_42_to_ar_Xtts_label_fake.npz,Fake,0.943678
test,en_42_to_ja_Tacotron_label_fake.npz,Fake,0.952697
test,en_42_to_ru_Bark_label_fake.npz,Fake,0.945792
test,en_42_to_zh_MicroTts_label_fake.npz,Fake,0.950402
test,en_42_to_zh_Xtts_label_fake.npz,Fake,0.945574
test,en_43_to_es_Xtts_label_fake.npz,Fake,0.945046
test,en_44_to_es_Xtts_label_fake.npz,Fake,0.964233
test,en_44_to_fr_Bark_label_fake.npz,Fake,0.949394
test,en_44_to_fr_Tacotron_label_fake.npz,Fake,0.937319
test,en_44_to_fr_Xtts_label_fake.npz,Fake,0.926493
test,en_44_to_zh_MicroTts_label_fake.npz,Fake,0.965612
test,en_45_to_es_MicroTts_label_fake.npz,Fake,0.963264
test,en_45_to_es_Tacotron_label_fake.npz,Fake,0.937341
test,en_45_to_es_Xtts_label_fake.npz,Fake,0.964033
test,en_45_to_fr_Bark_label_fake.npz,Fake,0.968641
test,en_45_to_ja_Bark_label_fake.npz,Fake,0.966284
test,en_45_to_ru_MicroTts_label_fake.npz,Fake,0.950154
test,en_45_to_zh_Vall_label_fake.npz,Fake,0.950813
test,en_46_label_real.npz,Real,0.037841
test,en_46_to_es_Xtts_label_fake.npz,Fake,0.937465
test,en_46_to_fr_Tacotron_label_fake.npz,Fake,0.951419
test,en_46_to_ja_Tacotron_label_fake.npz,Fake,0.938057
test,en_46_to_ru_Bark_label_fake.npz,Fake,0.938776
test,en_46_to_zh_Bark_label_fake.npz,Fake,0.924664
test,en_46_to_zh_Tacotron_label_fake.npz,Fake,0.953718
test,en_47_to_es_MicroTts_label_fake.npz,Fake,0.186003
test,en_47_to_fr_Tacotron_label_fake.npz,Fake,0.954882
test,en_47_to_ja_MicroTts_label_fake.npz,Fake,0.956119
test,en_47_to_zh_Bark_label_fake.npz,Fake,0.309077
test,en_47_to_zh_MicroTts_label_fake.npz,Fake,0.106125
test,en_48_to_es_MicroTts_label_fake.npz,Fake,0.949879
test,en_48_to_es_Xtts_label_fake.npz,Fake,0.969688
test,en_48_to_ja_Tacotron_label_fake.npz,Fake,0.959709
test,en_48_to_ja_Vall_label_fake.npz,Fake,0.946251
test,en_48_to_ru_MicroTts_label_fake.npz,Fake,0.945770
test,en_48_to_ru_Xtts_label_fake.npz,Fake,0.937393
test,en_49_to_es_Bark_label_fake.npz,Fake,0.958749
test,en_49_to_es_Xtts_label_fake.npz,Fake,0.930836
test,en_49_to_fr_Bark_label_fake.npz,Fake,0.940445
test,en_49_to_fr_MicroTts_label_fake.npz,Fake,0.936700
test,en_49_to_ja_Bark_label_fake.npz,Fake,0.939893
test,en_49_to_zh_Bark_label_fake.npz,Fake,0.943262
test,en_4_to_es_Xtts_label_fake.npz,Fake,0.508080
test,en_4_to_fr_Bark_label_fake.npz,Fake,0.544190
test,en_4_to_fr_Tacotron_label_fake.npz,Fake,0.444675
test,en_4_to_fr_Xtts_label_fake.npz,Fake,0.740318
test,en_4_to_ja_Vall_label_fake.npz,Fake,0.514674
test,en_50_to_es_MicroTts_label_fake.npz,Fake,0.949353
test,en_50_to_es_Tacotron_label_fake.npz,Fake,0.935120
test,en_50_to_ja_Tacotron_label_fake.npz,Fake,0.944855
test,en_50_to_zh_Tacotron_label_fake.npz,Fake,0.955321
test,en_50_to_zh_Xtts_label_fake.npz,Fake,0.938330
test,en_51_to_es_Bark_label_fake.npz,Fake,0.949621
test,en_51_to_es_Xtts_label_fake.npz,Fake,0.952652
test,en_52_to_es_MicroTts_label_fake.npz,Fake,0.045958
test,en_52_to_ru_MicroTts_label_fake.npz,Fake,0.949539
test,en_52_to_ru_Xtts_label_fake.npz,Fake,0.923543
test,en_53_to_es_Tacotron_label_fake.npz,Fake,0.961251
test,en_53_to_ja_Bark_label_fake.npz,Fake,0.952960
test,en_53_to_ru_Bark_label_fake.npz,Fake,0.962091
test,en_54_to_es_Xtts_label_fake.npz,Fake,0.948779
test,en_54_to_ja_Tacotron_label_fake.npz,Fake,0.957940
test,en_54_to_ru_MicroTts_label_fake.npz,Fake,0.947807
test,en_54_to_zh_Vall_label_fake.npz,Fake,0.955579
test,en_54_to_zh_Xtts_label_fake.npz,Fake,0.952323
test,en_55_to_zh_Bark_label_fake.npz,Fake,0.935176
test,en_55_to_zh_MicroTts_label_fake.npz,Fake,0.911225
test,en_55_to_zh_Vall_label_fake.npz,Fake,0.948229
test,en_56_label_real.npz,Real,0.043212
test,en_56_to_es_Tacotron_label_fake.npz,Fake,0.952488
test,en_57_label_real.npz,Real,0.043880
test,en_57_to_es_Tacotron_label_fake.npz,Fake,0.956921
test,en_57_to_ja_MicroTts_label_fake.npz,Fake,0.946973
test,en_57_to_ru_Xtts_label_fake.npz,Fake,0.937432
test,en_58_to_ru_Bark_label_fake.npz,Fake,0.966503
test,en_58_to_zh_Bark_label_fake.npz,Fake,0.963563
test,en_59_to_ar_MicroTts_label_fake.npz,Fake,0.967728
test,en_59_to_fr_MicroTts_label_fake.npz,Fake,0.931952
test,en_59_to_ja_Vall_label_fake.npz,Fake,0.954839
test,en_5_to_es_Bark_label_fake.npz,Fake,0.195531
test,en_60_to_es_Xtts_label_fake.npz,Fake,0.932294
test,en_60_to_fr_MicroTts_label_fake.npz,Fake,0.955383
test,en_60_to_fr_Tacotron_label_fake.npz,Fake,0.963738
test,en_60_to_ja_Bark_label_fake.npz,Fake,0.941723
test,en_60_to_ja_Tacotron_label_fake.npz,Fake,0.962758
test,en_61_to_es_Bark_label_fake.npz,Fake,0.972557
test,en_61_to_es_MicroTts_label_fake.npz,Fake,0.954169
test,en_61_to_es_Xtts_label_fake.npz,Fake,0.966937
test,en_61_to_fr_Bark_label_fake.npz,Fake,0.962569
test,en_61_to_fr_Xtts_label_fake.npz,Fake,0.963769
test,en_61_to_ja_Vall_label_fake.npz,Fake,0.962755
test,en_61_to_zh_Bark_label_fake.npz,Fake,0.957678
test,en_62_to_es_Tacotron_label_fake.npz,Fake,0.501658
test,en_62_to_ja_Tacotron_label_fake.npz,Fake,0.562147
test,en_62_to_ru_MicroTts_label_fake.npz,Fake,0.942158
test,en_63_to_ja_Bark_label_fake.npz,Fake,0.890488
test,en_63_to_zh_MicroTts_label_fake.npz,Fake,0.948198
test,en_64_to_ar_MicroTts_label_fake.npz,Fake,0.948335
test,en_64_to_fr_Tacotron_label_fake.npz,Fake,0.910044
test,en_64_to_ru_Xtts_label_fake.npz,Fake,0.909967
test,en_64_to_zh_Tacotron_label_fake.npz,Fake,0.966563
test,en_65_to_es_Bark_label_fake.npz,Fake,0.507801
test,en_65_to_ja_MicroTts_label_fake.npz,Fake,0.365852
test,en_66_to_ja_Vall_label_fake.npz,Fake,0.781466
test,en_66_to_ru_Bark_label_fake.npz,Fake,0.930707
test,en_67_to_ru_Bark_label_fake.npz,Fake,0.938256
test,en_67_to_zh_Xtts_label_fake.npz,Fake,0.954479
test,en_68_to_ar_Xtts_label_fake.npz,Fake,0.926482
test,en_68_to_es_Bark_label_fake.npz,Fake,0.940607
test,en_68_to_es_MicroTts_label_fake.npz,Fake,0.923474
test,en_68_to_ja_MicroTts_label_fake.npz,Fake,0.938544
test,en_68_to_ru_Bark_label_fake.npz,Fake,0.931122
test,en_68_to_zh_Bark_label_fake.npz,Fake,0.948677
test,en_68_to_zh_Vall_label_fake.npz,Fake,0.947431
test,en_69_label_real.npz,Real,0.077473
test,en_69_to_es_Xtts_label_fake.npz,Fake,0.946602
test,en_69_to_fr_MicroTts_label_fake.npz,Fake,0.941670
test,en_69_to_ja_MicroTts_label_fake.npz,Fake,0.941588
test,en_69_to_zh_MicroTts_label_fake.npz,Fake,0.941597
test,en_6_label_real.npz,Real,0.033795
test,en_6_to_ru_Bark_label_fake.npz,Fake,0.946537
test,en_6_to_zh_MicroTts_label_fake.npz,Fake,0.971756
test,en_70_label_real.npz,Real,0.082681
test,en_70_to_es_Bark_label_fake.npz,Fake,0.853859
test,en_70_to_ja_MicroTts_label_fake.npz,Fake,0.905592
test,en_70_to_ru_Xtts_label_fake.npz,Fake,0.939057
test,en_70_to_zh_Vall_label_fake.npz,Fake,0.939960
test,en_71_to_ar_Xtts_label_fake.npz,Fake,0.964619
test,en_71_to_ru_Bark_label_fake.npz,Fake,0.954389
test,en_71_to_zh_MicroTts_label_fake.npz,Fake,0.958096
test,en_71_to_zh_Tacotron_label_fake.npz,Fake,0.930467
test,en_72_label_real.npz,Real,0.071713
test,en_72_to_es_Bark_label_fake.npz,Fake,0.941525
test,en_72_to_es_Tacotron_label_fake.npz,Fake,0.939488
test,en_72_to_es_Xtts_label_fake.npz,Fake,0.963455
test,en_72_to_fr_Bark_label_fake.npz,Fake,0.956017
test,en_72_to_fr_MicroTts_label_fake.npz,Fake,0.962529
test,en_72_to_ru_Bark_label_fake.npz,Fake,0.929519
test,en_73_to_ar_Xtts_label_fake.npz,Fake,0.943363
test,en_73_to_es_MicroTts_label_fake.npz,Fake,0.934021
test,en_73_to_fr_Bark_label_fake.npz,Fake,0.957781
test,en_73_to_fr_Xtts_label_fake.npz,Fake,0.964458
test,en_73_to_ru_Bark_label_fake.npz,Fake,0.956665
test,en_73_to_ru_MicroTts_label_fake.npz,Fake,0.956126
test,en_73_to_zh_MicroTts_label_fake.npz,Fake,0.959823
test,en_73_to_zh_Vall_label_fake.npz,Fake,0.959365
test,en_74_to_fr_Tacotron_label_fake.npz,Fake,0.955557
test,en_74_to_zh_Vall_label_fake.npz,Fake,0.962819
test,en_75_to_fr_Xtts_label_fake.npz,Fake,0.970631
test,en_75_to_ja_Bark_label_fake.npz,Fake,0.937056
test,en_75_to_ru_Bark_label_fake.npz,Fake,0.968061
test,en_75_to_ru_MicroTts_label_fake.npz,Fake,0.940506
test,en_75_to_zh_Xtts_label_fake.npz,Fake,0.918840
test,en_76_to_es_MicroTts_label_fake.npz,Fake,0.937896
test,en_76_to_zh_Vall_label_fake.npz,Fake,0.955857
test,en_77_to_es_MicroTts_label_fake.npz,Fake,0.849093
test,en_77_to_fr_Bark_label_fake.npz,Fake,0.942584
test,en_77_to_zh_MicroTts_label_fake.npz,Fake,0.906952
test,en_77_to_zh_Tacotron_label_fake.npz,Fake,0.924594
test,en_78_label_real.npz,Real,0.046410
test,en_78_to_es_Xtts_label_fake.npz,Fake,0.869545
test,en_78_to_fr_Bark_label_fake.npz,Fake,0.948279
test,en_78_to_fr_Xtts_label_fake.npz,Fake,0.943830
test,en_78_to_ja_Tacotron_label_fake.npz,Fake,0.950187
test,en_78_to_zh_Bark_label_fake.npz,Fake,0.935503
test,en_79_to_ar_Xtts_label_fake.npz,Fake,0.863931
test,en_79_to_es_Bark_label_fake.npz,Fake,0.939151
test,en_79_to_ja_Bark_label_fake.npz,Fake,0.918468
test,en_79_to_ja_Tacotron_label_fake.npz,Fake,0.951351
test,en_7_to_ar_Xtts_label_fake.npz,Fake,0.960351
test,en_7_to_fr_MicroTts_label_fake.npz,Fake,0.954237
test,en_80_to_es_MicroTts_label_fake.npz,Fake,0.768940
test,en_80_to_fr_Bark_label_fake.npz,Fake,0.899778
test,en_80_to_zh_Bark_label_fake.npz,Fake,0.923470
test,en_81_to_ja_Bark_label_fake.npz,Fake,0.966253
test,en_81_to_ja_Tacotron_label_fake.npz,Fake,0.962785
test,en_81_to_zh_Xtts_label_fake.npz,Fake,0.954503
test,en_82_to_ja_Tacotron_label_fake.npz,Fake,0.937966
test,en_82_to_ru_Bark_label_fake.npz,Fake,0.939469
test,en_83_to_ja_Bark_label_fake.npz,Fake,0.957226
test,en_83_to_ja_Vall_label_fake.npz,Fake,0.929141
test,en_84_to_ar_Xtts_label_fake.npz,Fake,0.787648
test,en_84_to_es_Tacotron_label_fake.npz,Fake,0.952284
test,en_84_to_ja_Bark_label_fake.npz,Fake,0.948687
test,en_85_to_ar_MicroTts_label_fake.npz,Fake,0.947919
test,en_85_to_fr_Tacotron_label_fake.npz,Fake,0.944348
test,en_85_to_ja_MicroTts_label_fake.npz,Fake,0.919462
test,en_85_to_ru_Bark_label_fake.npz,Fake,0.937713
test,en_85_to_zh_Tacotron_label_fake.npz,Fake,0.919477
test,en_86_label_real.npz,Real,0.036086
test,en_86_to_es_MicroTts_label_fake.npz,Fake,0.945722
test,en_86_to_es_Xtts_label_fake.npz,Fake,0.328459
test,en_86_to_ja_Tacotron_label_fake.npz,Fake,0.747491
test,en_87_to_ru_Xtts_label_fake.npz,Fake,0.892797
test,en_87_to_zh_Tacotron_label_fake.npz,Fake,0.941439
test,en_87_to_zh_Xtts_label_fake.npz,Fake,0.951525
test,en_88_to_es_MicroTts_label_fake.npz,Fake,0.937087
test,en_88_to_fr_MicroTts_label_fake.npz,Fake,0.907378
test,en_88_to_ru_Xtts_label_fake.npz,Fake,0.952974
test,en_89_to_es_Bark_label_fake.npz,Fake,0.941278
test,en_89_to_fr_Xtts_label_fake.npz,Fake,0.963542
test,en_89_to_ru_Bark_label_fake.npz,Fake,0.950753
test,en_8_to_ar_MicroTts_label_fake.npz,Fake,0.958749
test,en_8_to_ru_Bark_label_fake.npz,Fake,0.959181
test,en_8_to_zh_Tacotron_label_fake.npz,Fake,0.966128
test,en_90_to_es_Xtts_label_fake.npz,Fake,0.942399
test,en_90_to_fr_Xtts_label_fake.npz,Fake,0.938764
test,en_91_to_es_Tacotron_label_fake.npz,Fake,0.923476
test,en_91_to_fr_Tacotron_label_fake.npz,Fake,0.897184
test,en_91_to_ja_Tacotron_label_fake.npz,Fake,0.960971
test,en_91_to_ru_Xtts_label_fake.npz,Fake,0.890439
test,en_92_to_es_Tacotron_label_fake.npz,Fake,0.930470
test,en_92_to_fr_Tacotron_label_fake.npz,Fake,0.929992
test,en_92_to_fr_Xtts_label_fake.npz,Fake,0.911420
test,en_92_to_ja_Tacotron_label_fake.npz,Fake,0.913188
test,en_92_to_ru_Bark_label_fake.npz,Fake,0.939310
test,en_92_to_zh_MicroTts_label_fake.npz,Fake,0.918218
test,en_92_to_zh_Xtts_label_fake.npz,Fake,0.956562
test,en_93_to_ar_MicroTts_label_fake.npz,Fake,0.954680
test,en_93_to_fr_MicroTts_label_fake.npz,Fake,0.939045
test,en_93_to_ja_Bark_label_fake.npz,Fake,0.949421
test,en_93_to_ja_Vall_label_fake.npz,Fake,0.955538
test,en_94_to_zh_Bark_label_fake.npz,Fake,0.951421
test,en_95_to_ar_MicroTts_label_fake.npz,Fake,0.935863
test,en_95_to_ar_Xtts_label_fake.npz,Fake,0.959940
test,en_95_to_es_Tacotron_label_fake.npz,Fake,0.943356
test,en_95_to_fr_Xtts_label_fake.npz,Fake,0.962507
test,en_95_to_ru_Xtts_label_fake.npz,Fake,0.940970
test,en_96_to_es_MicroTts_label_fake.npz,Fake,0.952053
test,en_96_to_fr_Xtts_label_fake.npz,Fake,0.932758
test,en_96_to_ja_Tacotron_label_fake.npz,Fake,0.917941
test,en_96_to_zh_Xtts_label_fake.npz,Fake,0.951678
test,en_97_label_real.npz,Real,0.049800
test,en_97_to_ar_MicroTts_label_fake.npz,Fake,0.946461
test,en_97_to_es_MicroTts_label_fake.npz,Fake,0.952866
test,en_97_to_es_Tacotron_label_fake.npz,Fake,0.960666
test,en_97_to_ja_Bark_label_fake.npz,Fake,0.937505
test,en_98_to_es_Xtts_label_fake.npz,Fake,0.951889
test,en_98_to_ru_MicroTts_label_fake.npz,Fake,0.933554
test,en_98_to_zh_Tacotron_label_fake.npz,Fake,0.944103
test,en_99_to_es_Bark_label_fake.npz,Fake,0.944000
test,en_99_to_ru_Xtts_label_fake.npz,Fake,0.750980
test,en_99_to_zh_Bark_label_fake.npz,Fake,0.860821
test,en_9_to_es_Bark_label_fake.npz,Fake,0.944833
test,en_9_to_es_Xtts_label_fake.npz,Fake,0.966791
test,en_9_to_fr_Tacotron_label_fake.npz,Fake,0.963544
test,en_9_to_fr_Xtts_label_fake.npz,Fake,0.964792
test,es_100_to_fr_Bark_label_fake.npz,Fake,0.905988
test,es_100_to_ru_Bark_label_fake.npz,Fake,0.909837
test,es_101_to_en_Xtts_label_fake.npz,Fake,0.832798
test,es_101_to_ru_MicroTts_label_fake.npz,Fake,0.929580
test,es_101_to_zh_Tacotron_label_fake.npz,Fake,0.929397
test,es_102_label_real.npz,Real,0.036606
test,es_102_to_ja_MicroTts_label_fake.npz,Fake,0.955297
test,es_102_to_ru_MicroTts_label_fake.npz,Fake,0.956518
test,es_102_to_ru_Xtts_label_fake.npz,Fake,0.958629
test,es_103_to_en_Xtts_label_fake.npz,Fake,0.733579
test,es_104_to_fr_MicroTts_label_fake.npz,Fake,0.907688
test,es_104_to_ru_Bark_label_fake.npz,Fake,0.970298
test,es_105_to_ar_MicroTts_label_fake.npz,Fake,0.950199
test,es_105_to_fr_Xtts_label_fake.npz,Fake,0.952909
test,es_105_to_ja_Tacotron_label_fake.npz,Fake,0.958383
test,es_106_to_zh_Tacotron_label_fake.npz,Fake,0.960759
test,es_107_to_en_Xtts_label_fake.npz,Fake,0.957910
test,es_107_to_fr_MicroTts_label_fake.npz,Fake,0.944695
test,es_107_to_ru_Bark_label_fake.npz,Fake,0.932312
test,es_107_to_ru_MicroTts_label_fake.npz,Fake,0.955176
test,es_107_to_zh_Xtts_label_fake.npz,Fake,0.950588
test,es_108_label_real.npz,Real,0.030781
test,es_108_to_fr_Xtts_label_fake.npz,Fake,0.963181
test,es_108_to_ja_MicroTts_label_fake.npz,Fake,0.912729
test,es_108_to_ru_Xtts_label_fake.npz,Fake,0.963211
test,es_109_label_real.npz,Real,0.032833
test,es_109_to_en_MicroTts_label_fake.npz,Fake,0.927794
test,es_10_to_ar_MicroTts_label_fake.npz,Fake,0.814945
test,es_10_to_fr_Xtts_label_fake.npz,Fake,0.790775
test,es_10_to_ru_Xtts_label_fake.npz,Fake,0.935810
test,es_10_to_zh_MicroTts_label_fake.npz,Fake,0.949898
test,es_10_to_zh_Xtts_label_fake.npz,Fake,0.947909
test,es_110_to_en_Tacotron_label_fake.npz,Fake,0.908636
test,es_110_to_fr_Bark_label_fake.npz,Fake,0.925369
test,es_110_to_ru_Xtts_label_fake.npz,Fake,0.931732
test,es_112_to_en_Tacotron_label_fake.npz,Fake,0.959723
test,es_112_to_fr_Tacotron_label_fake.npz,Fake,0.944578
test,es_112_to_ja_Bark_label_fake.npz,Fake,0.963410
test,es_112_to_ja_Tacotron_label_fake.npz,Fake,0.966269
test,es_112_to_ru_Bark_label_fake.npz,Fake,0.942733
test,es_113_to_en_MicroTts_label_fake.npz,Fake,0.785427
test,es_113_to_fr_Bark_label_fake.npz,Fake,0.754445
test,es_113_to_ja_Bark_label_fake.npz,Fake,0.848555
test,es_114_to_ar_Xtts_label_fake.npz,Fake,0.956423
test,es_114_to_zh_Tacotron_label_fake.npz,Fake,0.955303
test,es_115_label_real.npz,Real,0.046839
test,es_115_to_en_Tacotron_label_fake.npz,Fake,0.970068
test,es_115_to_fr_Bark_label_fake.npz,Fake,0.963066
test,es_115_to_ja_MicroTts_label_fake.npz,Fake,0.968817
test,es_115_to_ja_Tacotron_label_fake.npz,Fake,0.964669
test,es_116_to_ar_MicroTts_label_fake.npz,Fake,0.967155
test,es_116_to_en_Bark_label_fake.npz,Fake,0.965959
test,es_116_to_en_MicroTts_label_fake.npz,Fake,0.967881
test,es_116_to_en_Tacotron_label_fake.npz,Fake,0.963417
test,es_116_to_fr_Bark_label_fake.npz,Fake,0.961487
test,es_116_to_fr_Tacotron_label_fake.npz,Fake,0.967967
test,es_116_to_ru_Xtts_label_fake.npz,Fake,0.962253
test,es_116_to_zh_MicroTts_label_fake.npz,Fake,0.958980
test,es_117_to_ar_MicroTts_label_fake.npz,Fake,0.960447
test,es_117_to_ja_Tacotron_label_fake.npz,Fake,0.968377
test,es_117_to_ru_Bark_label_fake.npz,Fake,0.959367
test,es_118_to_en_Bark_label_fake.npz,Fake,0.955707
test,es_118_to_en_Tacotron_label_fake.npz,Fake,0.960172
test,es_118_to_zh_Xtts_label_fake.npz,Fake,0.953124
test,es_119_to_ar_Xtts_label_fake.npz,Fake,0.969449
test,es_119_to_ru_Bark_label_fake.npz,Fake,0.967247
test,es_119_to_ru_MicroTts_label_fake.npz,Fake,0.964649
test,es_119_to_zh_Xtts_label_fake.npz,Fake,0.971618
test,es_11_to_ar_MicroTts_label_fake.npz,Fake,0.946438
test,es_11_to_ar_Xtts_label_fake.npz,Fake,0.964079
test,es_11_to_en_Xtts_label_fake.npz,Fake,0.903416
test,es_11_to_ja_Tacotron_label_fake.npz,Fake,0.951124
test,es_11_to_ru_Bark_label_fake.npz,Fake,0.917219
test,es_120_to_fr_Tacotron_label_fake.npz,Fake,0.925748
test,es_120_to_ja_Tacotron_label_fake.npz,Fake,0.930808
test,es_120_to_zh_Xtts_label_fake.npz,Fake,0.933247
test,es_121_to_en_Xtts_label_fake.npz,Fake,0.921207
test,es_121_to_fr_MicroTts_label_fake.npz,Fake,0.919074
test,es_121_to_fr_Xtts_label_fake.npz,Fake,0.937300
test,es_121_to_ja_Tacotron_label_fake.npz,Fake,0.925898
test,es_121_to_ru_Bark_label_fake.npz,Fake,0.947101
test,es_121_to_zh_MicroTts_label_fake.npz,Fake,0.932475
test,es_122_to_ar_MicroTts_label_fake.npz,Fake,0.933971
test,es_122_to_en_MicroTts_label_fake.npz,Fake,0.387930
test,es_122_to_en_Tacotron_label_fake.npz,Fake,0.910571
test,es_122_to_ru_Xtts_label_fake.npz,Fake,0.824237
test,es_122_to_zh_MicroTts_label_fake.npz,Fake,0.886737
test,es_12_to_ja_Bark_label_fake.npz,Fake,0.943275
test,es_12_to_ja_Tacotron_label_fake.npz,Fake,0.930969
test,es_12_to_zh_Xtts_label_fake.npz,Fake,0.947771
test,es_13_to_en_MicroTts_label_fake.npz,Fake,0.958420
test,es_13_to_fr_Bark_label_fake.npz,Fake,0.950585
test,es_14_to_en_MicroTts_label_fake.npz,Fake,0.927614
test,es_14_to_en_Tacotron_label_fake.npz,Fake,0.924269
test,es_15_to_en_Bark_label_fake.npz,Fake,0.962081
test,es_15_to_fr_MicroTts_label_fake.npz,Fake,0.840308
test,es_15_to_ja_Bark_label_fake.npz,Fake,0.979308
test,es_15_to_zh_MicroTts_label_fake.npz,Fake,0.929118
test,es_16_to_en_MicroTts_label_fake.npz,Fake,0.904508
test,es_17_label_real.npz,Real,0.044949
test,es_17_to_ar_Xtts_label_fake.npz,Fake,0.914839
test,es_17_to_ja_Tacotron_label_fake.npz,Fake,0.891877
test,es_18_to_ru_Bark_label_fake.npz,Fake,0.924942
test,es_19_to_fr_Tacotron_label_fake.npz,Fake,0.874370
test,es_19_to_ja_MicroTts_label_fake.npz,Fake,0.935402
test,es_19_to_ru_Bark_label_fake.npz,Fake,0.168896
test,es_19_to_ru_MicroTts_label_fake.npz,Fake,0.903607
test,es_19_to_zh_Tacotron_label_fake.npz,Fake,0.943554
test,es_19_to_zh_Xtts_label_fake.npz,Fake,0.882063
test,es_1_to_fr_Xtts_label_fake.npz,Fake,0.960264
test,es_1_to_ja_Bark_label_fake.npz,Fake,0.909172
test,es_20_to_en_MicroTts_label_fake.npz,Fake,0.955055
test,es_20_to_ja_Bark_label_fake.npz,Fake,0.951052
test,es_21_to_en_Bark_label_fake.npz,Fake,0.957972
test,es_21_to_ja_MicroTts_label_fake.npz,Fake,0.954132
test,es_22_to_ja_MicroTts_label_fake.npz,Fake,0.958599
test,es_22_to_ru_Bark_label_fake.npz,Fake,0.918451
test,es_22_to_ru_Xtts_label_fake.npz,Fake,0.950787
test,es_23_to_en_Bark_label_fake.npz,Fake,0.936316
test,es_23_to_en_MicroTts_label_fake.npz,Fake,0.949728
test,es_23_to_zh_Tacotron_label_fake.npz,Fake,0.931999
test,es_24_to_ar_MicroTts_label_fake.npz,Fake,0.241248
test,es_24_to_en_Tacotron_label_fake.npz,Fake,0.941634
test,es_24_to_zh_MicroTts_label_fake.npz,Fake,0.930542
test,es_25_label_real.npz,Real,0.045447
test,es_25_to_en_MicroTts_label_fake.npz,Fake,0.945835
test,es_25_to_fr_MicroTts_label_fake.npz,Fake,0.956968
test,es_25_to_ja_MicroTts_label_fake.npz,Fake,0.946475
test,es_25_to_zh_Bark_label_fake.npz,Fake,0.962380
test,es_26_to_fr_MicroTts_label_fake.npz,Fake,0.225022
test,es_26_to_ja_MicroTts_label_fake.npz,Fake,0.954818
test,es_26_to_ru_Xtts_label_fake.npz,Fake,0.958264
test,es_26_to_zh_MicroTts_label_fake.npz,Fake,0.214280
test,es_27_to_fr_MicroTts_label_fake.npz,Fake,0.229739
test,es_28_to_ar_MicroTts_label_fake.npz,Fake,0.948871
test,es_28_to_fr_Bark_label_fake.npz,Fake,0.938909
test,es_29_to_ja_Tacotron_label_fake.npz,Fake,0.959219
test,es_29_to_ru_MicroTts_label_fake.npz,Fake,0.952246
test,es_2_to_ar_Xtts_label_fake.npz,Fake,0.779091
test,es_2_to_en_Xtts_label_fake.npz,Fake,0.929486
test,es_2_to_ru_MicroTts_label_fake.npz,Fake,0.693861
test,es_30_to_ar_Xtts_label_fake.npz,Fake,0.963851
test,es_30_to_ja_MicroTts_label_fake.npz,Fake,0.961197
test,es_31_label_real.npz,Real,0.040708
test,es_31_to_fr_MicroTts_label_fake.npz,Fake,0.958196
test,es_32_to_ar_Xtts_label_fake.npz,Fake,0.966826
test,es_32_to_en_Tacotron_label_fake.npz,Fake,0.961001
test,es_32_to_fr_MicroTts_label_fake.npz,Fake,0.969784
test,es_32_to_ja_Bark_label_fake.npz,Fake,0.949694
test,es_32_to_ja_Tacotron_label_fake.npz,Fake,0.969829
test,es_32_to_zh_MicroTts_label_fake.npz,Fake,0.971859
test,es_34_to_ar_Xtts_label_fake.npz,Fake,0.952150
test,es_34_to_ru_MicroTts_label_fake.npz,Fake,0.959490
test,es_34_to_ru_Xtts_label_fake.npz,Fake,0.954629
test,es_35_to_en_Bark_label_fake.npz,Fake,0.940535
test,es_35_to_ja_MicroTts_label_fake.npz,Fake,0.967233
test,es_35_to_zh_MicroTts_label_fake.npz,Fake,0.943937
test,es_36_to_zh_Tacotron_label_fake.npz,Fake,0.937803
test,es_37_label_real.npz,Real,0.097363
test,es_37_to_en_Bark_label_fake.npz,Fake,0.956553
test,es_37_to_en_Xtts_label_fake.npz,Fake,0.955190
test,es_37_to_fr_Bark_label_fake.npz,Fake,0.933924
test,es_37_to_fr_Tacotron_label_fake.npz,Fake,0.954474
test,es_37_to_ja_Tacotron_label_fake.npz,Fake,0.930398
test,es_37_to_ru_Bark_label_fake.npz,Fake,0.954482
test,es_38_to_en_Bark_label_fake.npz,Fake,0.953592
test,es_38_to_fr_Tacotron_label_fake.npz,Fake,0.961706
test,es_38_to_ja_MicroTts_label_fake.npz,Fake,0.959189
test,es_39_label_real.npz,Real,0.098911
test,es_39_to_en_Xtts_label_fake.npz,Fake,0.939590
test,es_39_to_zh_Tacotron_label_fake.npz,Fake,0.951110
test,es_39_to_zh_Xtts_label_fake.npz,Fake,0.940669
test,es_3_label_real.npz,Real,0.048310
test,es_40_to_ar_MicroTts_label_fake.npz,Fake,0.933448
test,es_40_to_en_MicroTts_label_fake.npz,Fake,0.940696
test,es_40_to_zh_MicroTts_label_fake.npz,Fake,0.935654
test,es_41_to_fr_Tacotron_label_fake.npz,Fake,0.964655
test,es_41_to_ja_MicroTts_label_fake.npz,Fake,0.959005
test,es_41_to_ru_Xtts_label_fake.npz,Fake,0.258362
test,es_41_to_zh_Tacotron_label_fake.npz,Fake,0.969264
test,es_42_to_zh_Xtts_label_fake.npz,Fake,0.968467
test,es_43_to_ar_Xtts_label_fake.npz,Fake,0.968833
test,es_43_to_ja_MicroTts_label_fake.npz,Fake,0.954255
test,es_44_to_fr_MicroTts_label_fake.npz,Fake,0.968348
test,es_44_to_ru_Bark_label_fake.npz,Fake,0.970280
test,es_45_label_real.npz,Real,0.041837
test,es_45_to_en_Tacotron_label_fake.npz,Fake,0.961541
test,es_45_to_ja_Tacotron_label_fake.npz,Fake,0.960007
test,es_46_to_ar_Xtts_label_fake.npz,Fake,0.960377
test,es_46_to_fr_MicroTts_label_fake.npz,Fake,0.961698
test,es_46_to_ru_Bark_label_fake.npz,Fake,0.931193
test,es_46_to_zh_Bark_label_fake.npz,Fake,0.955451
test,es_46_to_zh_Tacotron_label_fake.npz,Fake,0.939242
test,es_47_to_fr_MicroTts_label_fake.npz,Fake,0.924107
test,es_47_to_fr_Tacotron_label_fake.npz,Fake,0.960438
test,es_47_to_zh_Tacotron_label_fake.npz,Fake,0.937298
test,es_49_to_en_MicroTts_label_fake.npz,Fake,0.948244
test,es_49_to_zh_MicroTts_label_fake.npz,Fake,0.958537
test,es_4_label_real.npz,Real,0.044871
test,es_4_to_en_Tacotron_label_fake.npz,Fake,0.932532
test,es_4_to_en_Xtts_label_fake.npz,Fake,0.936341
test,es_4_to_fr_MicroTts_label_fake.npz,Fake,0.931574
test,es_4_to_ru_Xtts_label_fake.npz,Fake,0.954387
test,es_50_to_ar_Xtts_label_fake.npz,Fake,0.962090
test,es_50_to_en_MicroTts_label_fake.npz,Fake,0.967116
test,es_50_to_ru_Bark_label_fake.npz,Fake,0.948847
test,es_50_to_zh_Bark_label_fake.npz,Fake,0.970278
test,es_50_to_zh_MicroTts_label_fake.npz,Fake,0.967711
test,es_51_to_en_MicroTts_label_fake.npz,Fake,0.916748
test,es_51_to_en_Xtts_label_fake.npz,Fake,0.922364
test,es_51_to_fr_Xtts_label_fake.npz,Fake,0.930619
test,es_51_to_ja_Bark_label_fake.npz,Fake,0.927143
test,es_51_to_zh_Bark_label_fake.npz,Fake,0.919527
test,es_52_to_fr_Tacotron_label_fake.npz,Fake,0.936060
test,es_52_to_ru_Bark_label_fake.npz,Fake,0.938484
test,es_53_to_en_MicroTts_label_fake.npz,Fake,0.929901
test,es_53_to_fr_Bark_label_fake.npz,Fake,0.939825
test,es_53_to_fr_MicroTts_label_fake.npz,Fake,0.936567
test,es_53_to_ja_MicroTts_label_fake.npz,Fake,0.934206
test,es_53_to_ja_Tacotron_label_fake.npz,Fake,0.932264
test,es_53_to_ru_Bark_label_fake.npz,Fake,0.936015
test,es_53_to_zh_MicroTts_label_fake.npz,Fake,0.935302
test,es_53_to_zh_Xtts_label_fake.npz,Fake,0.935262
test,es_54_to_ar_Xtts_label_fake.npz,Fake,0.950736
test,es_54_to_fr_Tacotron_label_fake.npz,Fake,0.963143
test,es_55_to_en_MicroTts_label_fake.npz,Fake,0.930829
test,es_55_to_en_Xtts_label_fake.npz,Fake,0.901029
test,es_55_to_fr_Bark_label_fake.npz,Fake,0.949145
test,es_55_to_fr_Tacotron_label_fake.npz,Fake,0.920260
test,es_55_to_ru_Bark_label_fake.npz,Fake,0.927489
test,es_55_to_zh_MicroTts_label_fake.npz,Fake,0.932841
test,es_56_to_en_Bark_label_fake.npz,Fake,0.924615
test,es_56_to_en_Tacotron_label_fake.npz,Fake,0.925102
test,es_56_to_fr_MicroTts_label_fake.npz,Fake,0.928737
test,es_56_to_ru_Xtts_label_fake.npz,Fake,0.928822
test,es_57_to_en_MicroTts_label_fake.npz,Fake,0.921975
test,es_57_to_en_Xtts_label_fake.npz,Fake,0.948183
test,es_57_to_ru_Xtts_label_fake.npz,Fake,0.900692
test,es_58_label_real.npz,Real,0.041702
test,es_58_to_en_Tacotron_label_fake.npz,Fake,0.946080
test,es_59_to_en_Bark_label_fake.npz,Fake,0.961579
test,es_59_to_zh_MicroTts_label_fake.npz,Fake,0.943779
test,es_60_to_ar_MicroTts_label_fake.npz,Fake,0.955313
test,es_60_to_fr_Tacotron_label_fake.npz,Fake,0.937461
test,es_60_to_ru_MicroTts_label_fake.npz,Fake,0.945699
test,es_60_to_zh_Tacotron_label_fake.npz,Fake,0.909430
test,es_61_to_ru_Bark_label_fake.npz,Fake,0.957207
test,es_61_to_zh_Xtts_label_fake.npz,Fake,0.946879
test,es_62_to_ar_MicroTts_label_fake.npz,Fake,0.138080
test,es_62_to_en_Bark_label_fake.npz,Fake,0.958271
test,es_62_to_en_Tacotron_label_fake.npz,Fake,0.949968
test,es_62_to_en_Xtts_label_fake.npz,Fake,0.937714
test,es_63_to_ja_MicroTts_label_fake.npz,Fake,0.956998
test,es_63_to_ru_MicroTts_label_fake.npz,Fake,0.924592
test,es_64_to_en_Tacotron_label_fake.npz,Fake,0.945559
test,es_64_to_en_Xtts_label_fake.npz,Fake,0.949048
test,es_64_to_zh_MicroTts_label_fake.npz,Fake,0.939146
test,es_64_to_zh_Tacotron_label_fake.npz,Fake,0.954797
test,es_66_to_en_MicroTts_label_fake.npz,Fake,0.927594
test,es_66_to_en_Tacotron_label_fake.npz,Fake,0.938892
test,es_66_to_en_Xtts_label_fake.npz,Fake,0.942698
test,es_66_to_fr_Xtts_label_fake.npz,Fake,0.956791
test,es_66_to_ja_Bark_label_fake.npz,Fake,0.945702
test,es_66_to_ja_Tacotron_label_fake.npz,Fake,0.944230
test,es_67_to_en_MicroTts_label_fake.npz,Fake,0.955332
test,es_67_to_fr_Tacotron_label_fake.npz,Fake,0.937018
test,es_67_to_fr_Xtts_label_fake.npz,Fake,0.954828
test,es_67_to_ja_Bark_label_fake.npz,Fake,0.959171
test,es_68_to_ar_Xtts_label_fake.npz,Fake,0.960759
test,es_68_to_en_Bark_label_fake.npz,Fake,0.963027
test,es_68_to_ru_Xtts_label_fake.npz,Fake,0.958817
test,es_68_to_zh_Tacotron_label_fake.npz,Fake,0.961741
test,es_69_to_ar_MicroTts_label_fake.npz,Fake,0.939503
test,es_69_to_ar_Xtts_label_fake.npz,Fake,0.960390
test,es_69_to_fr_MicroTts_label_fake.npz,Fake,0.947300
test,es_69_to_ja_MicroTts_label_fake.npz,Fake,0.953176
test,es_69_to_zh_Tacotron_label_fake.npz,Fake,0.941721
test,es_6_to_ar_Xtts_label_fake.npz,Fake,0.871602
test,es_6_to_en_Tacotron_label_fake.npz,Fake,0.870525
test,es_6_to_fr_Tacotron_label_fake.npz,Fake,0.911200
test,es_6_to_ru_MicroTts_label_fake.npz,Fake,0.677139
test,es_6_to_zh_Bark_label_fake.npz,Fake,0.972202
test,es_70_label_real.npz,Real,0.048734
test,es_70_to_ar_MicroTts_label_fake.npz,Fake,0.937334
test,es_70_to_zh_Bark_label_fake.npz,Fake,0.945347
test,es_71_to_ar_MicroTts_label_fake.npz,Fake,0.874065
test,es_71_to_zh_Bark_label_fake.npz,Fake,0.926313
test,es_72_to_ja_Tacotron_label_fake.npz,Fake,0.959440
test,es_73_to_en_Bark_label_fake.npz,Fake,0.895750
test,es_73_to_fr_Xtts_label_fake.npz,Fake,0.885747
test,es_73_to_zh_Xtts_label_fake.npz,Fake,0.946735
test,es_74_to_ja_Bark_label_fake.npz,Fake,0.951806
test,es_74_to_ru_Bark_label_fake.npz,Fake,0.898087
test,es_75_to_en_MicroTts_label_fake.npz,Fake,0.920070
test,es_76_to_en_MicroTts_label_fake.npz,Fake,0.942039
test,es_76_to_ja_Bark_label_fake.npz,Fake,0.958561
test,es_76_to_ru_MicroTts_label_fake.npz,Fake,0.929046
test,es_77_to_en_Tacotron_label_fake.npz,Fake,0.954340
test,es_77_to_fr_MicroTts_label_fake.npz,Fake,0.965856
test,es_77_to_ja_MicroTts_label_fake.npz,Fake,0.961369
test,es_78_to_en_MicroTts_label_fake.npz,Fake,0.965491
test,es_78_to_en_Xtts_label_fake.npz,Fake,0.920196
test,es_78_to_fr_MicroTts_label_fake.npz,Fake,0.962676
test,es_78_to_fr_Tacotron_label_fake.npz,Fake,0.972776
test,es_78_to_ru_Xtts_label_fake.npz,Fake,0.966563
test,es_79_to_ar_MicroTts_label_fake.npz,Fake,0.949095
test,es_79_to_fr_Bark_label_fake.npz,Fake,0.947565
test,es_7_label_real.npz,Real,0.056968
test,es_7_to_zh_Bark_label_fake.npz,Fake,0.928209
test,es_80_to_en_Xtts_label_fake.npz,Fake,0.968400
test,es_80_to_fr_Tacotron_label_fake.npz,Fake,0.948447
test,es_80_to_zh_Xtts_label_fake.npz,Fake,0.925793
test,es_81_to_fr_Xtts_label_fake.npz,Fake,0.962704
test,es_81_to_ja_Bark_label_fake.npz,Fake,0.957771
test,es_82_to_fr_Tacotron_label_fake.npz,Fake,0.892461
test,es_82_to_ja_MicroTts_label_fake.npz,Fake,0.906486
test,es_83_to_ar_Xtts_label_fake.npz,Fake,0.947039
test,es_83_to_en_MicroTts_label_fake.npz,Fake,0.954355
test,es_83_to_en_Tacotron_label_fake.npz,Fake,0.938060
test,es_83_to_ru_Bark_label_fake.npz,Fake,0.960104
test,es_83_to_zh_Bark_label_fake.npz,Fake,0.937971
test,es_84_to_ar_Xtts_label_fake.npz,Fake,0.919401
test,es_84_to_fr_MicroTts_label_fake.npz,Fake,0.916252
test,es_85_to_fr_Bark_label_fake.npz,Fake,0.936571
test,es_85_to_zh_Bark_label_fake.npz,Fake,0.935819
test,es_85_to_zh_Xtts_label_fake.npz,Fake,0.954302
test,es_86_label_real.npz,Real,0.055835
test,es_86_to_ja_Bark_label_fake.npz,Fake,0.934394
test,es_86_to_ja_Tacotron_label_fake.npz,Fake,0.938973
test,es_86_to_zh_Bark_label_fake.npz,Fake,0.945242
test,es_86_to_zh_MicroTts_label_fake.npz,Fake,0.944687
test,es_87_to_ru_Bark_label_fake.npz,Fake,0.959672
test,es_87_to_ru_MicroTts_label_fake.npz,Fake,0.965050
test,es_88_label_real.npz,Real,0.055535
test,es_88_to_en_Tacotron_label_fake.npz,Fake,0.948763
test,es_88_to_fr_MicroTts_label_fake.npz,Fake,0.959031
test,es_88_to_fr_Xtts_label_fake.npz,Fake,0.945214
test,es_88_to_ru_Xtts_label_fake.npz,Fake,0.951657
test,es_88_to_zh_Bark_label_fake.npz,Fake,0.953048
test,es_89_to_fr_Tacotron_label_fake.npz,Fake,0.967050
test,es_89_to_ja_Bark_label_fake.npz,Fake,0.954098
test,es_89_to_zh_Bark_label_fake.npz,Fake,0.960788
test,es_8_to_fr_Xtts_label_fake.npz,Fake,0.912340
test,es_8_to_zh_MicroTts_label_fake.npz,Fake,0.874032
test,es_90_to_ar_Xtts_label_fake.npz,Fake,0.951578
test,es_90_to_ja_MicroTts_label_fake.npz,Fake,0.950760
test,es_91_to_ja_Bark_label_fake.npz,Fake,0.961708
test,es_91_to_zh_Bark_label_fake.npz,Fake,0.920261
test,es_92_to_ja_MicroTts_label_fake.npz,Fake,0.948090
test,es_92_to_ru_MicroTts_label_fake.npz,Fake,0.927503
test,es_92_to_zh_MicroTts_label_fake.npz,Fake,0.950585
test,es_93_label_real.npz,Real,0.059088
test,es_93_to_ru_Bark_label_fake.npz,Fake,0.875267
test,es_93_to_zh_Xtts_label_fake.npz,Fake,0.934118
test,es_94_to_ar_MicroTts_label_fake.npz,Fake,0.952437
test,es_94_to_en_MicroTts_label_fake.npz,Fake,0.958640
test,es_95_to_ja_Tacotron_label_fake.npz,Fake,0.964997
test,es_95_to_ru_Bark_label_fake.npz,Fake,0.972976
test,es_96_to_en_MicroTts_label_fake.npz,Fake,0.970419
test,es_96_to_en_Tacotron_label_fake.npz,Fake,0.918684
test,es_96_to_fr_MicroTts_label_fake.npz,Fake,0.943872
test,es_96_to_ja_Bark_label_fake.npz,Fake,0.968484
test,es_97_label_real.npz,Real,0.047150
test,es_97_to_fr_Tacotron_label_fake.npz,Fake,0.963755
test,es_98_to_en_Bark_label_fake.npz,Fake,0.943329
test,es_99_to_zh_Bark_label_fake.npz,Fake,0.886902
test,es_9_to_ja_Bark_label_fake.npz,Fake,0.587348
test,es_9_to_zh_Tacotron_label_fake.npz,Fake,0.671734
test,fr_100_to_en_Bark_label_fake.npz,Fake,0.940190
test,fr_100_to_en_Xtts_label_fake.npz,Fake,0.938985
test,fr_100_to_ru_MicroTts_label_fake.npz,Fake,0.939716
test,fr_101_to_zh_Tacotron_label_fake.npz,Fake,0.962354
test,fr_102_label_real.npz,Real,0.040102
test,fr_102_to_ar_MicroTts_label_fake.npz,Fake,0.963179
test,fr_102_to_en_Bark_label_fake.npz,Fake,0.948299
test,fr_102_to_ru_Xtts_label_fake.npz,Fake,0.896853
test,fr_103_to_ar_Xtts_label_fake.npz,Fake,0.948473
test,fr_103_to_en_MicroTts_label_fake.npz,Fake,0.955675
test,fr_103_to_en_Tacotron_label_fake.npz,Fake,0.949407
test,fr_104_to_es_MicroTts_label_fake.npz,Fake,0.922012
test,fr_104_to_zh_Bark_label_fake.npz,Fake,0.922748
test,fr_104_to_zh_Xtts_label_fake.npz,Fake,0.937644
test,fr_105_to_en_Bark_label_fake.npz,Fake,0.973364
test,fr_105_to_en_MicroTts_label_fake.npz,Fake,0.970155
test,fr_105_to_en_Tacotron_label_fake.npz,Fake,0.973325
test,fr_105_to_es_Xtts_label_fake.npz,Fake,0.974726
test,fr_105_to_ru_Bark_label_fake.npz,Fake,0.978361
test,fr_105_to_ru_MicroTts_label_fake.npz,Fake,0.970193
test,fr_106_to_ja_MicroTts_label_fake.npz,Fake,0.957039
test,fr_106_to_zh_Xtts_label_fake.npz,Fake,0.958447
test,fr_107_to_ar_MicroTts_label_fake.npz,Fake,0.936087
test,fr_107_to_ar_Xtts_label_fake.npz,Fake,0.950052
test,fr_107_to_es_MicroTts_label_fake.npz,Fake,0.954661
test,fr_107_to_ru_Bark_label_fake.npz,Fake,0.951559
test,fr_107_to_ru_MicroTts_label_fake.npz,Fake,0.921824
test,fr_107_to_zh_Bark_label_fake.npz,Fake,0.959000
test,fr_108_label_real.npz,Real,0.044955
test,fr_108_to_ru_Xtts_label_fake.npz,Fake,0.950469
test,fr_109_label_real.npz,Real,0.244808
test,fr_109_to_en_Xtts_label_fake.npz,Fake,0.256631
test,fr_109_to_ja_Tacotron_label_fake.npz,Fake,0.254505
test,fr_109_to_zh_MicroTts_label_fake.npz,Fake,0.150985
test,fr_10_to_en_Xtts_label_fake.npz,Fake,0.928351
test,fr_10_to_es_Tacotron_label_fake.npz,Fake,0.962434
test,fr_10_to_es_Xtts_label_fake.npz,Fake,0.936084
test,fr_10_to_ja_Bark_label_fake.npz,Fake,0.932146
test,fr_10_to_ru_MicroTts_label_fake.npz,Fake,0.964873
test,fr_10_to_zh_Tacotron_label_fake.npz,Fake,0.963890
test,fr_110_to_es_Bark_label_fake.npz,Fake,0.678342
test,fr_110_to_zh_Tacotron_label_fake.npz,Fake,0.952210
test,fr_111_to_en_Tacotron_label_fake.npz,Fake,0.848721
test,fr_111_to_zh_Tacotron_label_fake.npz,Fake,0.891444
test,fr_112_to_ar_Xtts_label_fake.npz,Fake,0.857528
test,fr_112_to_es_Tacotron_label_fake.npz,Fake,0.863468
test,fr_112_to_ja_Bark_label_fake.npz,Fake,0.546949
test,fr_113_to_ar_MicroTts_label_fake.npz,Fake,0.956940
test,fr_113_to_en_Bark_label_fake.npz,Fake,0.934718
test,fr_113_to_es_Bark_label_fake.npz,Fake,0.920582
test,fr_113_to_ja_MicroTts_label_fake.npz,Fake,0.962030
test,fr_113_to_ru_Bark_label_fake.npz,Fake,0.929997
test,fr_114_to_ar_MicroTts_label_fake.npz,Fake,0.952143
test,fr_114_to_ru_Xtts_label_fake.npz,Fake,0.798736
test,fr_115_label_real.npz,Real,0.672475
test,fr_115_to_ar_Xtts_label_fake.npz,Fake,0.803587
test,fr_116_to_ar_Xtts_label_fake.npz,Fake,0.899502
test,fr_116_to_ru_MicroTts_label_fake.npz,Fake,0.855479
test,fr_117_to_ja_MicroTts_label_fake.npz,Fake,0.939529
test,fr_118_to_en_Tacotron_label_fake.npz,Fake,0.958016
test,fr_11_to_ar_Xtts_label_fake.npz,Fake,0.959587
test,fr_11_to_ru_MicroTts_label_fake.npz,Fake,0.931429
test,fr_120_to_en_Tacotron_label_fake.npz,Fake,0.890296
test,fr_120_to_ru_Bark_label_fake.npz,Fake,0.897383
test,fr_120_to_zh_Bark_label_fake.npz,Fake,0.921867
test,fr_120_to_zh_Tacotron_label_fake.npz,Fake,0.880359
test,fr_120_to_zh_Xtts_label_fake.npz,Fake,0.929953
test,fr_12_to_zh_Xtts_label_fake.npz,Fake,0.948583
test,fr_13_to_ar_Xtts_label_fake.npz,Fake,0.947003
test,fr_13_to_zh_Xtts_label_fake.npz,Fake,0.946877
test,fr_14_label_real.npz,Real,0.057959
test,fr_14_to_ar_MicroTts_label_fake.npz,Fake,0.931326
test,fr_14_to_en_Bark_label_fake.npz,Fake,0.964563
test,fr_14_to_zh_Bark_label_fake.npz,Fake,0.954625
test,fr_14_to_zh_MicroTts_label_fake.npz,Fake,0.946780
test,fr_14_to_zh_Xtts_label_fake.npz,Fake,0.958147
test,fr_15_to_es_MicroTts_label_fake.npz,Fake,0.949683
test,fr_15_to_es_Tacotron_label_fake.npz,Fake,0.919929
test,fr_16_to_ar_MicroTts_label_fake.npz,Fake,0.547065
test,fr_16_to_ru_MicroTts_label_fake.npz,Fake,0.958734
test,fr_17_to_en_Xtts_label_fake.npz,Fake,0.932425
test,fr_17_to_es_Tacotron_label_fake.npz,Fake,0.944804
test,fr_17_to_zh_MicroTts_label_fake.npz,Fake,0.234542
test,fr_17_to_zh_Xtts_label_fake.npz,Fake,0.234542
test,fr_18_to_es_MicroTts_label_fake.npz,Fake,0.944717
test,fr_18_to_zh_Bark_label_fake.npz,Fake,0.934933
test,fr_18_to_zh_MicroTts_label_fake.npz,Fake,0.932494
test,fr_18_to_zh_Tacotron_label_fake.npz,Fake,0.939096
test,fr_19_to_ar_Xtts_label_fake.npz,Fake,0.953652
test,fr_1_label_real.npz,Real,0.040060
test,fr_1_to_en_Xtts_label_fake.npz,Fake,0.931188
test,fr_1_to_zh_Bark_label_fake.npz,Fake,0.946052
test,fr_20_to_en_Tacotron_label_fake.npz,Fake,0.964078
test,fr_20_to_ru_Xtts_label_fake.npz,Fake,0.966339
test,fr_21_to_ar_Xtts_label_fake.npz,Fake,0.962555
test,fr_21_to_en_Xtts_label_fake.npz,Fake,0.973405
test,fr_21_to_ru_Bark_label_fake.npz,Fake,0.949634
test,fr_21_to_ru_Xtts_label_fake.npz,Fake,0.960680
test,fr_21_to_zh_MicroTts_label_fake.npz,Fake,0.962755
test,fr_22_to_en_Tacotron_label_fake.npz,Fake,0.906896
test,fr_22_to_es_Bark_label_fake.npz,Fake,0.902823
test,fr_22_to_ru_Xtts_label_fake.npz,Fake,0.891538
test,fr_23_label_real.npz,Real,0.042305
test,fr_23_to_es_Tacotron_label_fake.npz,Fake,0.941861
test,fr_23_to_zh_Xtts_label_fake.npz,Fake,0.950597
test,fr_24_to_ru_MicroTts_label_fake.npz,Fake,0.950726
test,fr_24_to_zh_Bark_label_fake.npz,Fake,0.954466
test,fr_24_to_zh_Tacotron_label_fake.npz,Fake,0.951437
test,fr_25_to_es_Bark_label_fake.npz,Fake,0.964650
test,fr_25_to_ja_Tacotron_label_fake.npz,Fake,0.967582
test,fr_26_to_en_Bark_label_fake.npz,Fake,0.964432
test,fr_26_to_en_MicroTts_label_fake.npz,Fake,0.965744
test,fr_27_label_real.npz,Real,0.056187
test,fr_27_to_en_Bark_label_fake.npz,Fake,0.948210
test,fr_27_to_en_Tacotron_label_fake.npz,Fake,0.951280
test,fr_27_to_es_MicroTts_label_fake.npz,Fake,0.965712
test,fr_27_to_es_Xtts_label_fake.npz,Fake,0.956234
test,fr_27_to_ja_MicroTts_label_fake.npz,Fake,0.954824
test,fr_27_to_zh_Tacotron_label_fake.npz,Fake,0.951046
test,fr_28_to_en_MicroTts_label_fake.npz,Fake,0.967125
test,fr_28_to_es_Tacotron_label_fake.npz,Fake,0.957323
test,fr_28_to_ru_Xtts_label_fake.npz,Fake,0.962944
test,fr_28_to_zh_MicroTts_label_fake.npz,Fake,0.956605
test,fr_29_to_ar_Xtts_label_fake.npz,Fake,0.961611
test,fr_29_to_es_Tacotron_label_fake.npz,Fake,0.965445
test,fr_29_to_ru_Xtts_label_fake.npz,Fake,0.939236
test,fr_2_to_en_MicroTts_label_fake.npz,Fake,0.889065
test,fr_30_label_real.npz,Real,0.045913
test,fr_30_to_ar_MicroTts_label_fake.npz,Fake,0.883165
test,fr_30_to_zh_Xtts_label_fake.npz,Fake,0.928545
test,fr_32_to_en_Bark_label_fake.npz,Fake,0.902757
test,fr_33_label_real.npz,Real,0.060126
test,fr_33_to_ar_MicroTts_label_fake.npz,Fake,0.957031
test,fr_33_to_zh_MicroTts_label_fake.npz,Fake,0.961970
test,fr_33_to_zh_Xtts_label_fake.npz,Fake,0.966593
test,fr_34_to_ar_Xtts_label_fake.npz,Fake,0.916719
test,fr_34_to_en_Tacotron_label_fake.npz,Fake,0.930255
test,fr_34_to_es_MicroTts_label_fake.npz,Fake,0.926419
test,fr_34_to_es_Tacotron_label_fake.npz,Fake,0.947380
test,fr_34_to_es_Xtts_label_fake.npz,Fake,0.930876
test,fr_34_to_ja_MicroTts_label_fake.npz,Fake,0.917267
test,fr_35_to_en_Bark_label_fake.npz,Fake,0.965867
test,fr_35_to_ja_MicroTts_label_fake.npz,Fake,0.942973
test,fr_36_to_ru_Xtts_label_fake.npz,Fake,0.945260
test,fr_36_to_zh_Bark_label_fake.npz,Fake,0.950105
test,fr_36_to_zh_Tacotron_label_fake.npz,Fake,0.948273
test,fr_37_to_ar_MicroTts_label_fake.npz,Fake,0.942249
test,fr_37_to_en_Tacotron_label_fake.npz,Fake,0.944013
test,fr_37_to_ru_Bark_label_fake.npz,Fake,0.913512
test,fr_38_to_ar_Xtts_label_fake.npz,Fake,0.943769
test,fr_39_to_en_MicroTts_label_fake.npz,Fake,0.934105
test,fr_39_to_en_Xtts_label_fake.npz,Fake,0.904715
test,fr_39_to_ru_MicroTts_label_fake.npz,Fake,0.931871
test,fr_3_to_zh_Bark_label_fake.npz,Fake,0.933265
test,fr_3_to_zh_MicroTts_label_fake.npz,Fake,0.959224
test,fr_40_label_real.npz,Real,0.035363
test,fr_40_to_zh_MicroTts_label_fake.npz,Fake,0.913758
test,fr_41_to_es_MicroTts_label_fake.npz,Fake,0.950623
test,fr_41_to_ru_Bark_label_fake.npz,Fake,0.958507
test,fr_42_to_en_Tacotron_label_fake.npz,Fake,0.794933
test,fr_42_to_en_Xtts_label_fake.npz,Fake,0.821583
test,fr_42_to_ja_MicroTts_label_fake.npz,Fake,0.955613
test,fr_42_to_ru_Bark_label_fake.npz,Fake,0.897768
test,fr_42_to_ru_MicroTts_label_fake.npz,Fake,0.965429
test,fr_43_to_en_Bark_label_fake.npz,Fake,0.946118
test,fr_43_to_en_Tacotron_label_fake.npz,Fake,0.943468
test,fr_43_to_es_Xtts_label_fake.npz,Fake,0.945749
test,fr_44_to_ja_Bark_label_fake.npz,Fake,0.953099
test,fr_46_to_en_Bark_label_fake.npz,Fake,0.944306
test,fr_46_to_es_Xtts_label_fake.npz,Fake,0.943868
test,fr_46_to_zh_Bark_label_fake.npz,Fake,0.962945
test,fr_47_label_real.npz,Real,0.234485
test,fr_47_to_en_MicroTts_label_fake.npz,Fake,0.947336
test,fr_47_to_es_Bark_label_fake.npz,Fake,0.229690
test,fr_47_to_zh_Tacotron_label_fake.npz,Fake,0.943635
test,fr_47_to_zh_Xtts_label_fake.npz,Fake,0.959033
test,fr_48_to_ja_Bark_label_fake.npz,Fake,0.948333
test,fr_49_label_real.npz,Real,0.040974
test,fr_49_to_en_Bark_label_fake.npz,Fake,0.880679
test,fr_49_to_zh_Tacotron_label_fake.npz,Fake,0.877001
test,fr_4_to_en_MicroTts_label_fake.npz,Fake,0.963023
test,fr_51_to_ar_MicroTts_label_fake.npz,Fake,0.965975
test,fr_51_to_ja_Bark_label_fake.npz,Fake,0.955636
test,fr_51_to_ja_MicroTts_label_fake.npz,Fake,0.960953
test,fr_51_to_ru_Xtts_label_fake.npz,Fake,0.944133
test,fr_52_to_ar_Xtts_label_fake.npz,Fake,0.957186
test,fr_52_to_en_Xtts_label_fake.npz,Fake,0.923016
test,fr_52_to_es_Bark_label_fake.npz,Fake,0.907544
test,fr_52_to_zh_Xtts_label_fake.npz,Fake,0.931006
test,fr_53_to_ar_Xtts_label_fake.npz,Fake,0.932111
test,fr_53_to_ru_Xtts_label_fake.npz,Fake,0.943989
test,fr_54_to_ar_Xtts_label_fake.npz,Fake,0.574232
test,fr_54_to_ru_Bark_label_fake.npz,Fake,0.950043
test,fr_55_to_ru_Xtts_label_fake.npz,Fake,0.935547
test,fr_55_to_zh_Bark_label_fake.npz,Fake,0.928995
test,fr_55_to_zh_Tacotron_label_fake.npz,Fake,0.955622
test,fr_57_label_real.npz,Real,0.058444
test,fr_57_to_ar_Xtts_label_fake.npz,Fake,0.945350
test,fr_57_to_ru_Xtts_label_fake.npz,Fake,0.965751
test,fr_58_to_es_MicroTts_label_fake.npz,Fake,0.962837
test,fr_58_to_ru_Xtts_label_fake.npz,Fake,0.965389
test,fr_58_to_zh_MicroTts_label_fake.npz,Fake,0.970983
test,fr_59_to_en_MicroTts_label_fake.npz,Fake,0.948848
test,fr_59_to_en_Tacotron_label_fake.npz,Fake,0.934929
test,fr_5_to_ar_Xtts_label_fake.npz,Fake,0.931553
test,fr_5_to_en_Bark_label_fake.npz,Fake,0.935448
test,fr_5_to_en_MicroTts_label_fake.npz,Fake,0.908905
test,fr_5_to_en_Xtts_label_fake.npz,Fake,0.918200
test,fr_5_to_es_MicroTts_label_fake.npz,Fake,0.927917
test,fr_5_to_ja_Tacotron_label_fake.npz,Fake,0.923357
test,fr_5_to_zh_Bark_label_fake.npz,Fake,0.927219
test,fr_60_to_zh_Bark_label_fake.npz,Fake,0.946276
test,fr_60_to_zh_Tacotron_label_fake.npz,Fake,0.939979
test,fr_61_to_en_Bark_label_fake.npz,Fake,0.940048
test,fr_61_to_en_Xtts_label_fake.npz,Fake,0.954886
test,fr_61_to_ru_MicroTts_label_fake.npz,Fake,0.953678
test,fr_61_to_zh_Tacotron_label_fake.npz,Fake,0.954939
test,fr_62_to_en_Bark_label_fake.npz,Fake,0.951693
test,fr_62_to_en_Xtts_label_fake.npz,Fake,0.954746
test,fr_62_to_es_Tacotron_label_fake.npz,Fake,0.948317
test,fr_62_to_es_Xtts_label_fake.npz,Fake,0.953483
test,fr_62_to_zh_MicroTts_label_fake.npz,Fake,0.948891
test,fr_63_to_en_Xtts_label_fake.npz,Fake,0.954161
test,fr_63_to_es_MicroTts_label_fake.npz,Fake,0.907492
test,fr_63_to_ru_Bark_label_fake.npz,Fake,0.919645
test,fr_64_to_en_Bark_label_fake.npz,Fake,0.947569
test,fr_64_to_ja_MicroTts_label_fake.npz,Fake,0.935878
test,fr_64_to_zh_MicroTts_label_fake.npz,Fake,0.928619
test,fr_64_to_zh_Xtts_label_fake.npz,Fake,0.858035
test,fr_65_to_zh_Xtts_label_fake.npz,Fake,0.883108
test,fr_66_to_ar_Xtts_label_fake.npz,Fake,0.926973
test,fr_66_to_es_Tacotron_label_fake.npz,Fake,0.945561
test,fr_66_to_ru_MicroTts_label_fake.npz,Fake,0.938099
test,fr_66_to_ru_Xtts_label_fake.npz,Fake,0.962004
test,fr_67_to_en_MicroTts_label_fake.npz,Fake,0.941170
test,fr_67_to_es_MicroTts_label_fake.npz,Fake,0.950019
test,fr_67_to_zh_Xtts_label_fake.npz,Fake,0.958985
test,fr_68_to_en_Bark_label_fake.npz,Fake,0.950204
test,fr_69_to_es_Bark_label_fake.npz,Fake,0.936185
test,fr_69_to_es_Tacotron_label_fake.npz,Fake,0.952637
test,fr_6_to_ar_Xtts_label_fake.npz,Fake,0.943765
test,fr_6_to_en_MicroTts_label_fake.npz,Fake,0.920692
test,fr_6_to_es_MicroTts_label_fake.npz,Fake,0.923074
test,fr_70_to_en_Tacotron_label_fake.npz,Fake,0.917925
test,fr_70_to_es_Tacotron_label_fake.npz,Fake,0.930373
test,fr_70_to_ru_Bark_label_fake.npz,Fake,0.951407
test,fr_70_to_zh_Xtts_label_fake.npz,Fake,0.928177
test,fr_71_label_real.npz,Real,0.049074
test,fr_71_to_ar_MicroTts_label_fake.npz,Fake,0.330043
test,fr_71_to_es_MicroTts_label_fake.npz,Fake,0.891664
test,fr_71_to_zh_Tacotron_label_fake.npz,Fake,0.905205
test,fr_72_to_ar_MicroTts_label_fake.npz,Fake,0.912637
test,fr_72_to_es_MicroTts_label_fake.npz,Fake,0.927212
test,fr_73_label_real.npz,Real,0.041969
test,fr_73_to_es_Tacotron_label_fake.npz,Fake,0.892488
test,fr_73_to_zh_Xtts_label_fake.npz,Fake,0.644711
test,fr_74_to_en_Bark_label_fake.npz,Fake,0.946881
test,fr_75_to_en_MicroTts_label_fake.npz,Fake,0.873664
test,fr_75_to_zh_Xtts_label_fake.npz,Fake,0.880298
test,fr_76_to_en_Bark_label_fake.npz,Fake,0.939147
test,fr_76_to_es_Xtts_label_fake.npz,Fake,0.922710
test,fr_76_to_ru_Xtts_label_fake.npz,Fake,0.934373
test,fr_77_to_ja_Bark_label_fake.npz,Fake,0.232384
test,fr_78_to_en_MicroTts_label_fake.npz,Fake,0.915109
test,fr_78_to_ru_Bark_label_fake.npz,Fake,0.922746
test,fr_79_to_en_MicroTts_label_fake.npz,Fake,0.910721
test,fr_79_to_ru_Bark_label_fake.npz,Fake,0.933265
test,fr_79_to_zh_Tacotron_label_fake.npz,Fake,0.934132
test,fr_7_to_en_Bark_label_fake.npz,Fake,0.895558
test,fr_7_to_zh_Bark_label_fake.npz,Fake,0.935495
test,fr_7_to_zh_MicroTts_label_fake.npz,Fake,0.945037
test,fr_80_to_es_MicroTts_label_fake.npz,Fake,0.916217
test,fr_80_to_zh_Bark_label_fake.npz,Fake,0.929699
test,fr_80_to_zh_MicroTts_label_fake.npz,Fake,0.928859
test,fr_81_to_en_Bark_label_fake.npz,Fake,0.935888
test,fr_81_to_zh_Tacotron_label_fake.npz,Fake,0.932397
test,fr_82_to_ar_MicroTts_label_fake.npz,Fake,0.810914
test,fr_82_to_es_Tacotron_label_fake.npz,Fake,0.889519
test,fr_83_to_es_MicroTts_label_fake.npz,Fake,0.914084
test,fr_83_to_ru_MicroTts_label_fake.npz,Fake,0.904897
test,fr_84_to_ar_Xtts_label_fake.npz,Fake,0.907082
test,fr_84_to_es_Tacotron_label_fake.npz,Fake,0.863931
test,fr_85_to_ar_MicroTts_label_fake.npz,Fake,0.947169
test,fr_85_to_en_Bark_label_fake.npz,Fake,0.232095
test,fr_86_to_es_Bark_label_fake.npz,Fake,0.959664
test,fr_86_to_zh_Xtts_label_fake.npz,Fake,0.936305
test,fr_87_to_en_MicroTts_label_fake.npz,Fake,0.976235
test,fr_88_label_real.npz,Real,0.048233
test,fr_88_to_ar_MicroTts_label_fake.npz,Fake,0.946916
test,fr_88_to_en_Tacotron_label_fake.npz,Fake,0.960007
test,fr_88_to_en_Xtts_label_fake.npz,Fake,0.928263
test,fr_88_to_es_Xtts_label_fake.npz,Fake,0.896874
test,fr_89_to_ar_MicroTts_label_fake.npz,Fake,0.928821
test,fr_89_to_zh_Tacotron_label_fake.npz,Fake,0.952866
test,fr_8_to_en_Xtts_label_fake.npz,Fake,0.974672
test,fr_8_to_es_Xtts_label_fake.npz,Fake,0.969778
test,fr_90_to_en_Xtts_label_fake.npz,Fake,0.926483
test,fr_90_to_zh_Bark_label_fake.npz,Fake,0.927715
test,fr_91_to_ar_Xtts_label_fake.npz,Fake,0.960168
test,fr_91_to_en_Tacotron_label_fake.npz,Fake,0.957714
test,fr_91_to_es_MicroTts_label_fake.npz,Fake,0.951114
test,fr_91_to_ru_MicroTts_label_fake.npz,Fake,0.972257
test,fr_92_to_ar_Xtts_label_fake.npz,Fake,0.934551
test,fr_92_to_en_Bark_label_fake.npz,Fake,0.952601
test,fr_92_to_ru_Bark_label_fake.npz,Fake,0.951984
test,fr_92_to_zh_Bark_label_fake.npz,Fake,0.957905
test,fr_93_to_ru_Xtts_label_fake.npz,Fake,0.585712
test,fr_93_to_zh_Tacotron_label_fake.npz,Fake,0.935027
test,fr_94_to_ar_Xtts_label_fake.npz,Fake,0.959593
test,fr_94_to_es_Tacotron_label_fake.npz,Fake,0.952286
test,fr_94_to_ru_MicroTts_label_fake.npz,Fake,0.919374
test,fr_94_to_zh_Bark_label_fake.npz,Fake,0.927631
test,fr_94_to_zh_MicroTts_label_fake.npz,Fake,0.962041
test,fr_95_to_es_Xtts_label_fake.npz,Fake,0.928684
test,fr_95_to_ja_Tacotron_label_fake.npz,Fake,0.945958
test,fr_96_to_ar_Xtts_label_fake.npz,Fake,0.919900
test,fr_96_to_en_Tacotron_label_fake.npz,Fake,0.926261
test,fr_96_to_es_Tacotron_label_fake.npz,Fake,0.863200
test,fr_96_to_ru_Bark_label_fake.npz,Fake,0.844930
test,fr_96_to_ru_Xtts_label_fake.npz,Fake,0.922167
test,fr_96_to_zh_Tacotron_label_fake.npz,Fake,0.904276
test,fr_96_to_zh_Xtts_label_fake.npz,Fake,0.936226
test,fr_97_to_ru_Bark_label_fake.npz,Fake,0.924071
test,fr_97_to_ru_Xtts_label_fake.npz,Fake,0.930425
test,fr_98_to_zh_Tacotron_label_fake.npz,Fake,0.882177
test,fr_99_to_es_MicroTts_label_fake.npz,Fake,0.932868
test,fr_99_to_ru_Xtts_label_fake.npz,Fake,0.921364
test,fr_9_label_real.npz,Real,0.053918
test,fr_9_to_en_MicroTts_label_fake.npz,Fake,0.965229
test,fr_9_to_ru_Bark_label_fake.npz,Fake,0.958730
test,ja_10_to_ru_MicroTts_label_fake.npz,Fake,0.279485
test,ja_10_to_zh_MicroTts_label_fake.npz,Fake,0.966641
test,ja_10_to_zh_Tacotron_label_fake.npz,Fake,0.279485
test,ja_10_to_zh_Vall_label_fake.npz,Fake,0.279485
test,ja_11_label_real.npz,Real,0.054652
test,ja_12_to_en_MicroTts_label_fake.npz,Fake,0.819303
test,ja_12_to_en_Tacotron_label_fake.npz,Fake,0.942668
test,ja_12_to_ru_Bark_label_fake.npz,Fake,0.955893
test,ja_12_to_zh_Tacotron_label_fake.npz,Fake,0.955906
test,ja_12_to_zh_Vall_label_fake.npz,Fake,0.940561
test,ja_13_to_zh_Bark_label_fake.npz,Fake,0.950753
test,ja_14_to_fr_Bark_label_fake.npz,Fake,0.949802
test,ja_14_to_ru_Bark_label_fake.npz,Fake,0.956074
test,ja_15_to_en_Bark_label_fake.npz,Fake,0.951325
test,ja_15_to_en_MicroTts_label_fake.npz,Fake,0.931152
test,ja_15_to_zh_Tacotron_label_fake.npz,Fake,0.949808
test,ja_15_to_zh_Vall_label_fake.npz,Fake,0.915456
test,ja_16_to_ar_MicroTts_label_fake.npz,Fake,0.950919
test,ja_16_to_ru_Bark_label_fake.npz,Fake,0.947228
test,ja_16_to_zh_Vall_label_fake.npz,Fake,0.960097
test,ja_17_to_en_Tacotron_label_fake.npz,Fake,0.938412
test,ja_17_to_en_Vall_label_fake.npz,Fake,0.925910
test,ja_17_to_zh_MicroTts_label_fake.npz,Fake,0.944364
test,ja_18_label_real.npz,Real,0.054850
test,ja_18_to_fr_MicroTts_label_fake.npz,Fake,0.908351
test,ja_18_to_fr_Tacotron_label_fake.npz,Fake,0.947357
test,ja_19_to_ru_Bark_label_fake.npz,Fake,0.924668
test,ja_1_to_zh_MicroTts_label_fake.npz,Fake,0.964776
test,ja_21_to_fr_MicroTts_label_fake.npz,Fake,0.942378
test,ja_21_to_zh_Tacotron_label_fake.npz,Fake,0.943114
test,ja_21_to_zh_Vall_label_fake.npz,Fake,0.944926
test,ja_22_to_en_Bark_label_fake.npz,Fake,0.949708
test,ja_22_to_en_Tacotron_label_fake.npz,Fake,0.942162
test,ja_22_to_fr_Bark_label_fake.npz,Fake,0.938174
test,ja_22_to_fr_MicroTts_label_fake.npz,Fake,0.944380
test,ja_22_to_zh_Tacotron_label_fake.npz,Fake,0.948738
test,ja_23_to_ar_MicroTts_label_fake.npz,Fake,0.890812
test,ja_23_to_en_Tacotron_label_fake.npz,Fake,0.923609
test,ja_23_to_zh_MicroTts_label_fake.npz,Fake,0.944833
test,ja_23_to_zh_Vall_label_fake.npz,Fake,0.919444
test,ja_25_label_real.npz,Real,0.071722
test,ja_25_to_ar_MicroTts_label_fake.npz,Fake,0.957935
test,ja_25_to_es_MicroTts_label_fake.npz,Fake,0.955362
test,ja_25_to_es_Tacotron_label_fake.npz,Fake,0.946999
test,ja_26_to_zh_Tacotron_label_fake.npz,Fake,0.939575
test,ja_27_to_es_Bark_label_fake.npz,Fake,0.497620
test,ja_28_to_zh_Bark_label_fake.npz,Fake,0.971755
test,ja_28_to_zh_MicroTts_label_fake.npz,Fake,0.968580
test,ja_29_to_en_Vall_label_fake.npz,Fake,0.967140
test,ja_29_to_es_Tacotron_label_fake.npz,Fake,0.930686
test,ja_29_to_zh_Tacotron_label_fake.npz,Fake,0.953992
test,ja_2_to_en_Vall_label_fake.npz,Fake,0.962842
test,ja_2_to_es_MicroTts_label_fake.npz,Fake,0.959442
test,ja_2_to_fr_Bark_label_fake.npz,Fake,0.958302
test,ja_2_to_zh_Tacotron_label_fake.npz,Fake,0.943471
test,ja_2_to_zh_Vall_label_fake.npz,Fake,0.964073
test,ja_30_label_real.npz,Real,0.049188
test,ja_30_to_ar_MicroTts_label_fake.npz,Fake,0.949247
test,ja_30_to_en_Bark_label_fake.npz,Fake,0.952078
test,ja_30_to_en_MicroTts_label_fake.npz,Fake,0.947024
test,ja_30_to_en_Vall_label_fake.npz,Fake,0.941602
test,ja_30_to_zh_Bark_label_fake.npz,Fake,0.958287
test,ja_31_to_en_Bark_label_fake.npz,Fake,0.896885
test,ja_31_to_ru_MicroTts_label_fake.npz,Fake,0.913357
test,ja_31_to_zh_Tacotron_label_fake.npz,Fake,0.942648
test,ja_32_to_es_Bark_label_fake.npz,Fake,0.918517
test,ja_32_to_es_Tacotron_label_fake.npz,Fake,0.852985
test,ja_33_to_en_Bark_label_fake.npz,Fake,0.912225
test,ja_33_to_en_Vall_label_fake.npz,Fake,0.942715
test,ja_33_to_zh_MicroTts_label_fake.npz,Fake,0.950425
test,ja_34_to_en_Bark_label_fake.npz,Fake,0.952826
test,ja_34_to_es_MicroTts_label_fake.npz,Fake,0.877003
test,ja_35_to_ar_MicroTts_label_fake.npz,Fake,0.912231
test,ja_35_to_es_MicroTts_label_fake.npz,Fake,0.870620
test,ja_35_to_es_Tacotron_label_fake.npz,Fake,0.881542
test,ja_35_to_fr_Bark_label_fake.npz,Fake,0.879725
test,ja_35_to_zh_MicroTts_label_fake.npz,Fake,0.914341
test,ja_36_to_en_MicroTts_label_fake.npz,Fake,0.952066
test,ja_36_to_fr_Bark_label_fake.npz,Fake,0.936470
test,ja_36_to_zh_MicroTts_label_fake.npz,Fake,0.954506
test,ja_36_to_zh_Tacotron_label_fake.npz,Fake,0.954396
test,ja_37_label_real.npz,Real,0.040933
test,ja_37_to_en_Bark_label_fake.npz,Fake,0.966706
test,ja_37_to_es_MicroTts_label_fake.npz,Fake,0.963125
test,ja_38_to_fr_Tacotron_label_fake.npz,Fake,0.951095
test,ja_39_to_fr_Tacotron_label_fake.npz,Fake,0.946180
test,ja_39_to_zh_Bark_label_fake.npz,Fake,0.952032
test,ja_40_to_en_Vall_label_fake.npz,Fake,0.957368
test,ja_40_to_zh_Vall_label_fake.npz,Fake,0.937088
test,ja_41_to_ar_MicroTts_label_fake.npz,Fake,0.966100
test,ja_41_to_es_Tacotron_label_fake.npz,Fake,0.957816
test,ja_41_to_ru_MicroTts_label_fake.npz,Fake,0.956422
test,ja_41_to_zh_Bark_label_fake.npz,Fake,0.960171
test,ja_42_to_en_Bark_label_fake.npz,Fake,0.959309
test,ja_42_to_es_Bark_label_fake.npz,Fake,0.941566
test,ja_42_to_es_MicroTts_label_fake.npz,Fake,0.929551
test,ja_42_to_fr_Bark_label_fake.npz,Fake,0.940946
test,ja_42_to_zh_MicroTts_label_fake.npz,Fake,0.963443
test,ja_43_label_real.npz,Real,0.437650
test,ja_44_to_ru_Bark_label_fake.npz,Fake,0.919240
test,ja_44_to_ru_MicroTts_label_fake.npz,Fake,0.935246
test,ja_44_to_zh_Vall_label_fake.npz,Fake,0.929476
test,ja_45_to_en_Bark_label_fake.npz,Fake,0.945011
test,ja_45_to_es_Tacotron_label_fake.npz,Fake,0.934452
test,ja_45_to_fr_Tacotron_label_fake.npz,Fake,0.948346
test,ja_45_to_ru_Bark_label_fake.npz,Fake,0.945892
test,ja_46_label_real.npz,Real,0.050510
test,ja_46_to_en_Vall_label_fake.npz,Fake,0.963989
test,ja_47_to_en_Vall_label_fake.npz,Fake,0.955677
test,ja_49_to_fr_MicroTts_label_fake.npz,Fake,0.902080
test,ja_49_to_zh_Vall_label_fake.npz,Fake,0.927178
test,ja_4_to_fr_MicroTts_label_fake.npz,Fake,0.949927
test,ja_4_to_fr_Tacotron_label_fake.npz,Fake,0.960872
test,ja_4_to_zh_Bark_label_fake.npz,Fake,0.963452
test,ja_50_to_es_MicroTts_label_fake.npz,Fake,0.927059
test,ja_50_to_zh_Bark_label_fake.npz,Fake,0.915393
test,ja_50_to_zh_MicroTts_label_fake.npz,Fake,0.937550
test,ja_51_to_ar_MicroTts_label_fake.npz,Fake,0.948945
test,ja_51_to_en_Tacotron_label_fake.npz,Fake,0.953276
test,ja_51_to_ru_MicroTts_label_fake.npz,Fake,0.903962
test,ja_53_label_real.npz,Real,0.038563
test,ja_53_to_es_Tacotron_label_fake.npz,Fake,0.927312
test,ja_54_to_ar_MicroTts_label_fake.npz,Fake,0.776199
test,ja_54_to_en_Tacotron_label_fake.npz,Fake,0.818957
test,ja_54_to_en_Vall_label_fake.npz,Fake,0.937826
test,ja_54_to_fr_MicroTts_label_fake.npz,Fake,0.921067
test,ja_54_to_ru_Bark_label_fake.npz,Fake,0.871099
test,ja_55_to_ru_MicroTts_label_fake.npz,Fake,0.946224
test,ja_56_to_en_Vall_label_fake.npz,Fake,0.948626
test,ja_56_to_fr_Bark_label_fake.npz,Fake,0.881450
test,ja_56_to_ru_MicroTts_label_fake.npz,Fake,0.955615
test,ja_57_to_en_Tacotron_label_fake.npz,Fake,0.957099
test,ja_57_to_zh_Bark_label_fake.npz,Fake,0.949977
test,ja_58_to_en_MicroTts_label_fake.npz,Fake,0.954302
test,ja_58_to_en_Tacotron_label_fake.npz,Fake,0.949977
test,ja_58_to_es_Bark_label_fake.npz,Fake,0.942896
test,ja_59_label_real.npz,Real,0.069042
test,ja_59_to_es_Tacotron_label_fake.npz,Fake,0.966702
test,ja_59_to_fr_Bark_label_fake.npz,Fake,0.970031
test,ja_59_to_zh_Tacotron_label_fake.npz,Fake,0.971632
test,ja_5_to_fr_MicroTts_label_fake.npz,Fake,0.951770
test,ja_5_to_ru_MicroTts_label_fake.npz,Fake,0.951209
test,ja_5_to_zh_Tacotron_label_fake.npz,Fake,0.959467
test,ja_60_to_fr_Bark_label_fake.npz,Fake,0.961382
test,ja_6_to_es_Tacotron_label_fake.npz,Fake,0.958104
test,ja_6_to_zh_Bark_label_fake.npz,Fake,0.954646
test,ja_7_to_en_MicroTts_label_fake.npz,Fake,0.955983
test,ja_8_to_ar_MicroTts_label_fake.npz,Fake,0.935554
test,ja_8_to_es_MicroTts_label_fake.npz,Fake,0.933780
test,ja_8_to_es_Tacotron_label_fake.npz,Fake,0.954283
test,ja_8_to_ru_MicroTts_label_fake.npz,Fake,0.949835
test,ja_9_to_en_MicroTts_label_fake.npz,Fake,0.942960
test,ja_9_to_es_Tacotron_label_fake.npz,Fake,0.075849
test,ja_9_to_fr_Bark_label_fake.npz,Fake,0.075849
test,ru_100_to_es_MicroTts_label_fake.npz,Fake,0.935338
test,ru_100_to_zh_Xtts_label_fake.npz,Fake,0.950899
test,ru_101_to_en_Xtts_label_fake.npz,Fake,0.952025
test,ru_102_label_real.npz,Real,0.033224
test,ru_102_to_en_Xtts_label_fake.npz,Fake,0.956625
test,ru_102_to_es_Bark_label_fake.npz,Fake,0.954689
test,ru_102_to_es_MicroTts_label_fake.npz,Fake,0.952287
test,ru_104_to_ar_MicroTts_label_fake.npz,Fake,0.946180
test,ru_104_to_fr_MicroTts_label_fake.npz,Fake,0.954657
test,ru_105_to_ar_MicroTts_label_fake.npz,Fake,0.952817
test,ru_105_to_en_Xtts_label_fake.npz,Fake,0.950606
test,ru_105_to_zh_MicroTts_label_fake.npz,Fake,0.955186
test,ru_105_to_zh_Xtts_label_fake.npz,Fake,0.955598
test,ru_106_to_fr_MicroTts_label_fake.npz,Fake,0.940601
test,ru_107_to_en_Bark_label_fake.npz,Fake,0.923902
test,ru_107_to_zh_Bark_label_fake.npz,Fake,0.946558
test,ru_107_to_zh_MicroTts_label_fake.npz,Fake,0.950888
test,ru_108_to_es_MicroTts_label_fake.npz,Fake,0.932416
test,ru_108_to_ja_MicroTts_label_fake.npz,Fake,0.947723
test,ru_109_to_en_Bark_label_fake.npz,Fake,0.937483
test,ru_109_to_en_MicroTts_label_fake.npz,Fake,0.933676
test,ru_109_to_es_MicroTts_label_fake.npz,Fake,0.934587
test,ru_10_to_ar_MicroTts_label_fake.npz,Fake,0.804971
test,ru_10_to_en_MicroTts_label_fake.npz,Fake,0.912005
test,ru_10_to_fr_Xtts_label_fake.npz,Fake,0.882964
test,ru_110_to_es_MicroTts_label_fake.npz,Fake,0.925104
test,ru_110_to_fr_Bark_label_fake.npz,Fake,0.949654
test,ru_110_to_zh_Bark_label_fake.npz,Fake,0.924479
test,ru_111_to_ar_MicroTts_label_fake.npz,Fake,0.931931
test,ru_111_to_es_Bark_label_fake.npz,Fake,0.930334
test,ru_111_to_zh_MicroTts_label_fake.npz,Fake,0.954628
test,ru_112_to_ar_MicroTts_label_fake.npz,Fake,0.925432
test,ru_112_to_en_MicroTts_label_fake.npz,Fake,0.923499
test,ru_112_to_zh_Bark_label_fake.npz,Fake,0.937399
test,ru_112_to_zh_MicroTts_label_fake.npz,Fake,0.906795
test,ru_113_to_en_Xtts_label_fake.npz,Fake,0.934598
test,ru_113_to_zh_MicroTts_label_fake.npz,Fake,0.934867
test,ru_114_to_en_MicroTts_label_fake.npz,Fake,0.940601
test,ru_114_to_en_Xtts_label_fake.npz,Fake,0.959065
test,ru_114_to_zh_MicroTts_label_fake.npz,Fake,0.953124
test,ru_115_to_es_Bark_label_fake.npz,Fake,0.945693
test,ru_115_to_fr_MicroTts_label_fake.npz,Fake,0.948049
test,ru_115_to_ja_Bark_label_fake.npz,Fake,0.952394
test,ru_116_label_real.npz,Real,0.052086
test,ru_116_to_zh_Bark_label_fake.npz,Fake,0.959999
test,ru_117_to_en_MicroTts_label_fake.npz,Fake,0.952871
test,ru_117_to_es_Xtts_label_fake.npz,Fake,0.956417
test,ru_117_to_ja_MicroTts_label_fake.npz,Fake,0.961624
test,ru_117_to_zh_Xtts_label_fake.npz,Fake,0.953956
test,ru_118_to_en_Bark_label_fake.npz,Fake,0.937820
test,ru_118_to_es_MicroTts_label_fake.npz,Fake,0.941120
test,ru_118_to_fr_Bark_label_fake.npz,Fake,0.951107
test,ru_118_to_fr_Xtts_label_fake.npz,Fake,0.942486
test,ru_119_to_es_Bark_label_fake.npz,Fake,0.948875
test,ru_11_label_real.npz,Real,0.045182
test,ru_11_to_ar_MicroTts_label_fake.npz,Fake,0.929909
test,ru_11_to_ar_Xtts_label_fake.npz,Fake,0.937095
test,ru_11_to_fr_MicroTts_label_fake.npz,Fake,0.899099
test,ru_120_to_fr_Bark_label_fake.npz,Fake,0.957774
test,ru_120_to_fr_Xtts_label_fake.npz,Fake,0.957996
test,ru_120_to_ja_MicroTts_label_fake.npz,Fake,0.960606
test,ru_120_to_zh_Bark_label_fake.npz,Fake,0.945315
test,ru_122_label_real.npz,Real,0.052077
test,ru_122_to_ar_Xtts_label_fake.npz,Fake,0.946192
test,ru_122_to_en_MicroTts_label_fake.npz,Fake,0.945861
test,ru_122_to_es_Bark_label_fake.npz,Fake,0.935903
test,ru_123_to_fr_MicroTts_label_fake.npz,Fake,0.253032
test,ru_125_to_ar_Xtts_label_fake.npz,Fake,0.957438
test,ru_125_to_fr_MicroTts_label_fake.npz,Fake,0.913878
test,ru_126_to_en_Xtts_label_fake.npz,Fake,0.922063
test,ru_126_to_es_MicroTts_label_fake.npz,Fake,0.942439
test,ru_126_to_fr_Bark_label_fake.npz,Fake,0.942376
test,ru_126_to_fr_MicroTts_label_fake.npz,Fake,0.935759
test,ru_126_to_fr_Xtts_label_fake.npz,Fake,0.922358
test,ru_127_label_real.npz,Real,0.047659
test,ru_127_to_en_MicroTts_label_fake.npz,Fake,0.931325
test,ru_127_to_ja_Bark_label_fake.npz,Fake,0.927626
test,ru_128_to_zh_Bark_label_fake.npz,Fake,0.936231
test,ru_129_to_fr_MicroTts_label_fake.npz,Fake,0.934039
test,ru_12_to_ar_MicroTts_label_fake.npz,Fake,0.891397
test,ru_12_to_es_Xtts_label_fake.npz,Fake,0.891938
test,ru_12_to_ja_MicroTts_label_fake.npz,Fake,0.948160
test,ru_130_to_en_MicroTts_label_fake.npz,Fake,0.900521
test,ru_131_label_real.npz,Real,0.045945
test,ru_131_to_ar_MicroTts_label_fake.npz,Fake,0.895408
test,ru_131_to_es_MicroTts_label_fake.npz,Fake,0.883304
test,ru_131_to_es_Xtts_label_fake.npz,Fake,0.912803
test,ru_131_to_fr_MicroTts_label_fake.npz,Fake,0.884904
test,ru_131_to_zh_Bark_label_fake.npz,Fake,0.902814
test,ru_131_to_zh_Xtts_label_fake.npz,Fake,0.896720
test,ru_132_to_zh_MicroTts_label_fake.npz,Fake,0.305993
test,ru_133_to_en_Bark_label_fake.npz,Fake,0.904268
test,ru_133_to_fr_MicroTts_label_fake.npz,Fake,0.904156
test,ru_133_to_zh_MicroTts_label_fake.npz,Fake,0.918644
test,ru_134_to_es_Bark_label_fake.npz,Fake,0.500313
test,ru_134_to_es_Xtts_label_fake.npz,Fake,0.863723
test,ru_135_label_real.npz,Real,0.088467
test,ru_135_to_es_Bark_label_fake.npz,Fake,0.963666
test,ru_135_to_fr_Xtts_label_fake.npz,Fake,0.964098
test,ru_135_to_zh_Bark_label_fake.npz,Fake,0.969571
test,ru_13_to_es_Xtts_label_fake.npz,Fake,0.963975
test,ru_13_to_zh_Xtts_label_fake.npz,Fake,0.956881
test,ru_14_label_real.npz,Real,0.063092
test,ru_14_to_en_Xtts_label_fake.npz,Fake,0.940733
test,ru_14_to_zh_MicroTts_label_fake.npz,Fake,0.929369
test,ru_15_to_ar_Xtts_label_fake.npz,Fake,0.285123
test,ru_16_label_real.npz,Real,0.050256
test,ru_16_to_ar_Xtts_label_fake.npz,Fake,0.964970
test,ru_16_to_zh_MicroTts_label_fake.npz,Fake,0.965796
test,ru_17_label_real.npz,Real,0.060159
test,ru_17_to_ar_Xtts_label_fake.npz,Fake,0.931056
test,ru_17_to_es_MicroTts_label_fake.npz,Fake,0.935417
test,ru_17_to_es_Xtts_label_fake.npz,Fake,0.968088
test,ru_17_to_fr_Xtts_label_fake.npz,Fake,0.936507
test,ru_17_to_ja_MicroTts_label_fake.npz,Fake,0.968797
test,ru_18_to_ar_MicroTts_label_fake.npz,Fake,0.305784
test,ru_18_to_es_MicroTts_label_fake.npz,Fake,0.589360
test,ru_18_to_fr_Bark_label_fake.npz,Fake,0.226596
test,ru_19_to_ar_MicroTts_label_fake.npz,Fake,0.325886
test,ru_19_to_ar_Xtts_label_fake.npz,Fake,0.760933
test,ru_19_to_en_MicroTts_label_fake.npz,Fake,0.619241
test,ru_19_to_en_Xtts_label_fake.npz,Fake,0.825079
test,ru_19_to_fr_Bark_label_fake.npz,Fake,0.674001
test,ru_1_to_ar_Xtts_label_fake.npz,Fake,0.969161
test,ru_1_to_zh_MicroTts_label_fake.npz,Fake,0.964041
test,ru_20_to_es_MicroTts_label_fake.npz,Fake,0.944573
test,ru_20_to_fr_Xtts_label_fake.npz,Fake,0.913861
test,ru_21_to_zh_MicroTts_label_fake.npz,Fake,0.960686
test,ru_22_label_real.npz,Real,0.073472
test,ru_22_to_ar_MicroTts_label_fake.npz,Fake,0.948532
test,ru_22_to_es_MicroTts_label_fake.npz,Fake,0.944764
test,ru_22_to_fr_Xtts_label_fake.npz,Fake,0.940878
test,ru_22_to_zh_Bark_label_fake.npz,Fake,0.935545
test,ru_23_to_zh_Bark_label_fake.npz,Fake,0.920042
test,ru_24_to_ar_MicroTts_label_fake.npz,Fake,0.885112
test,ru_25_to_ar_MicroTts_label_fake.npz,Fake,0.924733
test,ru_25_to_fr_Xtts_label_fake.npz,Fake,0.942079
test,ru_26_to_en_Bark_label_fake.npz,Fake,0.924679
test,ru_26_to_en_MicroTts_label_fake.npz,Fake,0.909295
test,ru_26_to_en_Xtts_label_fake.npz,Fake,0.922368
test,ru_26_to_zh_Bark_label_fake.npz,Fake,0.903664
test,ru_27_to_en_MicroTts_label_fake.npz,Fake,0.913114
test,ru_27_to_es_Xtts_label_fake.npz,Fake,0.940100
test,ru_29_to_zh_Bark_label_fake.npz,Fake,0.944379
test,ru_2_to_ar_Xtts_label_fake.npz,Fake,0.961183
test,ru_2_to_en_Bark_label_fake.npz,Fake,0.917351
test,ru_30_label_real.npz,Real,0.043389
test,ru_30_to_es_Xtts_label_fake.npz,Fake,0.959930
test,ru_31_to_ar_Xtts_label_fake.npz,Fake,0.946265
test,ru_31_to_es_MicroTts_label_fake.npz,Fake,0.950372
test,ru_31_to_es_Xtts_label_fake.npz,Fake,0.955793
test,ru_32_label_real.npz,Real,0.075561
test,ru_32_to_en_Bark_label_fake.npz,Fake,0.956454
test,ru_32_to_zh_Xtts_label_fake.npz,Fake,0.961563
test,ru_34_label_real.npz,Real,0.091467
test,ru_34_to_es_Xtts_label_fake.npz,Fake,0.955157
test,ru_34_to_zh_Bark_label_fake.npz,Fake,0.957609
test,ru_35_to_en_Bark_label_fake.npz,Fake,0.950856
test,ru_35_to_fr_MicroTts_label_fake.npz,Fake,0.959497
test,ru_35_to_zh_Bark_label_fake.npz,Fake,0.949273
test,ru_37_to_en_Xtts_label_fake.npz,Fake,0.876436
test,ru_37_to_es_Bark_label_fake.npz,Fake,0.864758
test,ru_37_to_zh_Bark_label_fake.npz,Fake,0.936708
test,ru_38_to_es_Bark_label_fake.npz,Fake,0.943469
test,ru_38_to_fr_MicroTts_label_fake.npz,Fake,0.944011
test,ru_38_to_ja_MicroTts_label_fake.npz,Fake,0.945591
test,ru_3_to_zh_Bark_label_fake.npz,Fake,0.957111
test,ru_40_to_ar_Xtts_label_fake.npz,Fake,0.903387
test,ru_40_to_en_Bark_label_fake.npz,Fake,0.935727
test,ru_40_to_es_Bark_label_fake.npz,Fake,0.744507
test,ru_40_to_fr_Xtts_label_fake.npz,Fake,0.915253
test,ru_41_to_ar_MicroTts_label_fake.npz,Fake,0.922449
test,ru_41_to_en_MicroTts_label_fake.npz,Fake,0.939625
test,ru_41_to_es_Bark_label_fake.npz,Fake,0.886422
test,ru_41_to_fr_MicroTts_label_fake.npz,Fake,0.935514
test,ru_42_label_real.npz,Real,0.036117
test,ru_42_to_ar_MicroTts_label_fake.npz,Fake,0.914255
test,ru_42_to_en_Xtts_label_fake.npz,Fake,0.759573
test,ru_43_to_fr_Xtts_label_fake.npz,Fake,0.930300
test,ru_44_to_ar_Xtts_label_fake.npz,Fake,0.914305
test,ru_44_to_es_Bark_label_fake.npz,Fake,0.806729
test,ru_44_to_fr_Xtts_label_fake.npz,Fake,0.931739
test,ru_45_to_fr_MicroTts_label_fake.npz,Fake,0.237920
test,ru_45_to_zh_Bark_label_fake.npz,Fake,0.247969
test,ru_46_to_es_Xtts_label_fake.npz,Fake,0.951910
test,ru_46_to_zh_Bark_label_fake.npz,Fake,0.933693
test,ru_47_to_es_Xtts_label_fake.npz,Fake,0.933312
test,ru_47_to_fr_MicroTts_label_fake.npz,Fake,0.901300
test,ru_47_to_zh_Xtts_label_fake.npz,Fake,0.939681
test,ru_48_to_en_Xtts_label_fake.npz,Fake,0.899701
test,ru_48_to_fr_MicroTts_label_fake.npz,Fake,0.898873
test,ru_49_to_es_Xtts_label_fake.npz,Fake,0.956307
test,ru_49_to_fr_Bark_label_fake.npz,Fake,0.947351
test,ru_4_to_fr_Bark_label_fake.npz,Fake,0.947161
test,ru_50_to_es_Xtts_label_fake.npz,Fake,0.964362
test,ru_51_to_zh_Bark_label_fake.npz,Fake,0.953548
test,ru_51_to_zh_Xtts_label_fake.npz,Fake,0.945812
test,ru_52_to_ar_MicroTts_label_fake.npz,Fake,0.972271
test,ru_52_to_en_Bark_label_fake.npz,Fake,0.939469
test,ru_52_to_en_Xtts_label_fake.npz,Fake,0.960038
test,ru_53_to_es_Bark_label_fake.npz,Fake,0.264402
test,ru_53_to_es_MicroTts_label_fake.npz,Fake,0.958879
test,ru_53_to_zh_MicroTts_label_fake.npz,Fake,0.936984
test,ru_54_to_ar_Xtts_label_fake.npz,Fake,0.914934
test,ru_54_to_zh_MicroTts_label_fake.npz,Fake,0.932467
test,ru_55_to_ja_MicroTts_label_fake.npz,Fake,0.940228
test,ru_56_to_es_Bark_label_fake.npz,Fake,0.940809
test,ru_57_to_en_Bark_label_fake.npz,Fake,0.938719
test,ru_57_to_en_Xtts_label_fake.npz,Fake,0.943568
test,ru_57_to_es_Xtts_label_fake.npz,Fake,0.945551
test,ru_57_to_ja_Bark_label_fake.npz,Fake,0.904007
test,ru_57_to_zh_Bark_label_fake.npz,Fake,0.230091
test,ru_58_to_ar_MicroTts_label_fake.npz,Fake,0.923459
test,ru_58_to_fr_Bark_label_fake.npz,Fake,0.926801
test,ru_58_to_fr_Xtts_label_fake.npz,Fake,0.054157
test,ru_59_to_ar_MicroTts_label_fake.npz,Fake,0.964275
test,ru_5_label_real.npz,Real,0.059940
test,ru_60_to_ja_MicroTts_label_fake.npz,Fake,0.928900
test,ru_61_to_en_Bark_label_fake.npz,Fake,0.941657
test,ru_61_to_zh_MicroTts_label_fake.npz,Fake,0.939237
test,ru_61_to_zh_Xtts_label_fake.npz,Fake,0.947142
test,ru_62_to_en_Bark_label_fake.npz,Fake,0.962753
test,ru_62_to_zh_MicroTts_label_fake.npz,Fake,0.956135
test,ru_63_to_fr_MicroTts_label_fake.npz,Fake,0.945358
test,ru_63_to_zh_Bark_label_fake.npz,Fake,0.944600
test,ru_64_to_en_Xtts_label_fake.npz,Fake,0.873297
test,ru_64_to_fr_Xtts_label_fake.npz,Fake,0.932648
test,ru_65_to_ar_Xtts_label_fake.npz,Fake,0.938361
test,ru_65_to_en_Xtts_label_fake.npz,Fake,0.965566
test,ru_67_to_ja_Bark_label_fake.npz,Fake,0.943537
test,ru_67_to_zh_Xtts_label_fake.npz,Fake,0.954262
test,ru_68_to_es_Bark_label_fake.npz,Fake,0.962348
test,ru_68_to_es_MicroTts_label_fake.npz,Fake,0.953728
test,ru_68_to_zh_Xtts_label_fake.npz,Fake,0.961712
test,ru_6_to_en_Bark_label_fake.npz,Fake,0.890882
test,ru_70_to_fr_Bark_label_fake.npz,Fake,0.930758
test,ru_70_to_ja_MicroTts_label_fake.npz,Fake,0.955528
test,ru_71_label_real.npz,Real,0.062145
test,ru_71_to_en_MicroTts_label_fake.npz,Fake,0.946337
test,ru_71_to_es_Xtts_label_fake.npz,Fake,0.964229
test,ru_72_to_en_Bark_label_fake.npz,Fake,0.966733
test,ru_73_to_en_MicroTts_label_fake.npz,Fake,0.960541
test,ru_73_to_fr_Xtts_label_fake.npz,Fake,0.953659
test,ru_73_to_ja_Bark_label_fake.npz,Fake,0.926925
test,ru_73_to_zh_Bark_label_fake.npz,Fake,0.952482
test,ru_73_to_zh_Xtts_label_fake.npz,Fake,0.959156
test,ru_74_to_en_Xtts_label_fake.npz,Fake,0.738720
test,ru_74_to_fr_MicroTts_label_fake.npz,Fake,0.759765
test,ru_75_to_en_MicroTts_label_fake.npz,Fake,0.245930
test,ru_75_to_fr_Xtts_label_fake.npz,Fake,0.252068
test,ru_77_to_fr_Bark_label_fake.npz,Fake,0.237290
test,ru_77_to_fr_MicroTts_label_fake.npz,Fake,0.243962
test,ru_77_to_zh_Xtts_label_fake.npz,Fake,0.237290
test,ru_78_label_real.npz,Real,0.045286
test,ru_79_to_fr_Xtts_label_fake.npz,Fake,0.938093
test,ru_7_to_es_Bark_label_fake.npz,Fake,0.905971
test,ru_81_to_es_MicroTts_label_fake.npz,Fake,0.936553
test,ru_81_to_es_Xtts_label_fake.npz,Fake,0.914208
test,ru_82_to_es_Xtts_label_fake.npz,Fake,0.955646
test,ru_82_to_fr_MicroTts_label_fake.npz,Fake,0.938875
test,ru_83_to_fr_Bark_label_fake.npz,Fake,0.911124
test,ru_84_to_en_MicroTts_label_fake.npz,Fake,0.917771
test,ru_84_to_fr_MicroTts_label_fake.npz,Fake,0.933332
test,ru_84_to_zh_Bark_label_fake.npz,Fake,0.929339
test,ru_85_label_real.npz,Real,0.056032
test,ru_85_to_ar_MicroTts_label_fake.npz,Fake,0.238753
test,ru_85_to_en_Xtts_label_fake.npz,Fake,0.939318
test,ru_85_to_ja_Bark_label_fake.npz,Fake,0.934125
test,ru_86_to_ar_Xtts_label_fake.npz,Fake,0.968919
test,ru_86_to_en_MicroTts_label_fake.npz,Fake,0.955639
test,ru_86_to_fr_MicroTts_label_fake.npz,Fake,0.946520
test,ru_87_to_ar_MicroTts_label_fake.npz,Fake,0.969799
test,ru_87_to_en_Bark_label_fake.npz,Fake,0.967159
test,ru_87_to_fr_Xtts_label_fake.npz,Fake,0.955066
test,ru_88_to_ar_MicroTts_label_fake.npz,Fake,0.963465
test,ru_88_to_en_MicroTts_label_fake.npz,Fake,0.966082
test,ru_88_to_zh_MicroTts_label_fake.npz,Fake,0.975125
test,ru_89_to_es_Bark_label_fake.npz,Fake,0.952618
test,ru_90_to_ar_Xtts_label_fake.npz,Fake,0.948123
test,ru_90_to_en_Xtts_label_fake.npz,Fake,0.943577
test,ru_90_to_fr_Bark_label_fake.npz,Fake,0.935157
test,ru_90_to_zh_MicroTts_label_fake.npz,Fake,0.956461
test,ru_92_label_real.npz,Real,0.036181
test,ru_92_to_en_MicroTts_label_fake.npz,Fake,0.963217
test,ru_92_to_es_Bark_label_fake.npz,Fake,0.940485
test,ru_92_to_fr_Bark_label_fake.npz,Fake,0.943763
test,ru_93_to_fr_Bark_label_fake.npz,Fake,0.948531
test,ru_94_to_en_Xtts_label_fake.npz,Fake,0.958863
test,ru_94_to_es_Xtts_label_fake.npz,Fake,0.953650
test,ru_94_to_fr_Xtts_label_fake.npz,Fake,0.952736
test,ru_95_to_zh_Bark_label_fake.npz,Fake,0.952119
test,ru_96_label_real.npz,Real,0.032356
test,ru_96_to_ar_Xtts_label_fake.npz,Fake,0.942858
test,ru_96_to_en_MicroTts_label_fake.npz,Fake,0.934727
test,ru_96_to_zh_Bark_label_fake.npz,Fake,0.947931
test,ru_96_to_zh_MicroTts_label_fake.npz,Fake,0.938444
test,ru_97_to_fr_MicroTts_label_fake.npz,Fake,0.939445
test,ru_98_to_ar_Xtts_label_fake.npz,Fake,0.943085
test,ru_98_to_zh_Bark_label_fake.npz,Fake,0.948842
test,ru_99_to_ar_MicroTts_label_fake.npz,Fake,0.939629
test,ru_99_to_es_Bark_label_fake.npz,Fake,0.938819
test,ru_99_to_fr_Xtts_label_fake.npz,Fake,0.947753
test,ru_9_to_en_Bark_label_fake.npz,Fake,0.940318
test,ru_9_to_fr_MicroTts_label_fake.npz,Fake,0.296608
test,ru_9_to_zh_Bark_label_fake.npz,Fake,0.926925
test,zh_100_to_en_Bark_label_fake.npz,Fake,0.916611
test,zh_100_to_en_MicroTts_label_fake.npz,Fake,0.927614
test,zh_100_to_es_Tacotron_label_fake.npz,Fake,0.935481
test,zh_100_to_es_Xtts_label_fake.npz,Fake,0.948366
test,zh_101_to_ru_MicroTts_label_fake.npz,Fake,0.925231
test,zh_102_label_real.npz,Real,0.058267
test,zh_102_to_ar_MicroTts_label_fake.npz,Fake,0.941866
test,zh_102_to_en_Bark_label_fake.npz,Fake,0.942727
test,zh_102_to_en_MicroTts_label_fake.npz,Fake,0.935831
test,zh_102_to_en_Tacotron_label_fake.npz,Fake,0.940351
test,zh_102_to_es_Xtts_label_fake.npz,Fake,0.934623
test,zh_102_to_fr_Tacotron_label_fake.npz,Fake,0.918498
test,zh_102_to_ru_Bark_label_fake.npz,Fake,0.942984
test,zh_103_to_fr_Xtts_label_fake.npz,Fake,0.949966
test,zh_104_to_ar_MicroTts_label_fake.npz,Fake,0.964057
test,zh_104_to_en_Bark_label_fake.npz,Fake,0.947462
test,zh_104_to_en_MicroTts_label_fake.npz,Fake,0.948350
test,zh_104_to_en_Tacotron_label_fake.npz,Fake,0.938458
test,zh_104_to_fr_Xtts_label_fake.npz,Fake,0.966926
test,zh_105_to_fr_Tacotron_label_fake.npz,Fake,0.930766
test,zh_106_to_en_MicroTts_label_fake.npz,Fake,0.939665
test,zh_106_to_en_Vall_label_fake.npz,Fake,0.940414
test,zh_106_to_en_Xtts_label_fake.npz,Fake,0.936493
test,zh_106_to_fr_Xtts_label_fake.npz,Fake,0.945415
test,zh_106_to_ja_Vall_label_fake.npz,Fake,0.925226
test,zh_106_to_ru_Bark_label_fake.npz,Fake,0.942832
test,zh_107_to_es_Xtts_label_fake.npz,Fake,0.947327
test,zh_107_to_fr_Bark_label_fake.npz,Fake,0.946177
test,zh_108_to_ar_Xtts_label_fake.npz,Fake,0.943793
test,zh_108_to_en_Tacotron_label_fake.npz,Fake,0.936335
test,zh_108_to_en_Vall_label_fake.npz,Fake,0.936545
test,zh_108_to_fr_Xtts_label_fake.npz,Fake,0.940266
test,zh_109_to_es_Bark_label_fake.npz,Fake,0.953601
test,zh_109_to_fr_MicroTts_label_fake.npz,Fake,0.928222
test,zh_109_to_ja_MicroTts_label_fake.npz,Fake,0.949293
test,zh_10_to_ar_MicroTts_label_fake.npz,Fake,0.970597
test,zh_10_to_es_Bark_label_fake.npz,Fake,0.972100
test,zh_10_to_ja_Tacotron_label_fake.npz,Fake,0.969928
test,zh_10_to_ru_MicroTts_label_fake.npz,Fake,0.954496
test,zh_110_to_en_MicroTts_label_fake.npz,Fake,0.951061
test,zh_110_to_en_Vall_label_fake.npz,Fake,0.953293
test,zh_110_to_ja_MicroTts_label_fake.npz,Fake,0.936573
test,zh_111_to_fr_MicroTts_label_fake.npz,Fake,0.937471
test,zh_112_to_en_Xtts_label_fake.npz,Fake,0.928291
test,zh_112_to_es_MicroTts_label_fake.npz,Fake,0.948776
test,zh_112_to_fr_MicroTts_label_fake.npz,Fake,0.946192
test,zh_112_to_ru_MicroTts_label_fake.npz,Fake,0.934647
test,zh_113_to_ar_MicroTts_label_fake.npz,Fake,0.920746
test,zh_113_to_ar_Xtts_label_fake.npz,Fake,0.927009
test,zh_113_to_ja_Bark_label_fake.npz,Fake,0.894235
test,zh_113_to_ru_Xtts_label_fake.npz,Fake,0.958516
test,zh_114_to_ru_Bark_label_fake.npz,Fake,0.933552
test,zh_115_to_es_MicroTts_label_fake.npz,Fake,0.955065
test,zh_115_to_ja_Tacotron_label_fake.npz,Fake,0.916411
test,zh_116_label_real.npz,Real,0.036035
test,zh_116_to_en_Tacotron_label_fake.npz,Fake,0.926135
test,zh_117_to_ar_Xtts_label_fake.npz,Fake,0.924020
test,zh_117_to_en_Vall_label_fake.npz,Fake,0.930418
test,zh_117_to_fr_Tacotron_label_fake.npz,Fake,0.872243
test,zh_118_to_fr_MicroTts_label_fake.npz,Fake,0.841315
test,zh_118_to_fr_Tacotron_label_fake.npz,Fake,0.533921
test,zh_119_to_ar_MicroTts_label_fake.npz,Fake,0.934031
test,zh_119_to_ar_Xtts_label_fake.npz,Fake,0.940388
test,zh_119_to_en_Bark_label_fake.npz,Fake,0.927305
test,zh_119_to_ru_Xtts_label_fake.npz,Fake,0.895909
test,zh_11_to_es_Bark_label_fake.npz,Fake,0.955848
test,zh_11_to_fr_MicroTts_label_fake.npz,Fake,0.966731
test,zh_11_to_ja_MicroTts_label_fake.npz,Fake,0.944743
test,zh_120_to_ar_MicroTts_label_fake.npz,Fake,0.903416
test,zh_120_to_en_Vall_label_fake.npz,Fake,0.939236
test,zh_120_to_en_Xtts_label_fake.npz,Fake,0.940647
test,zh_121_to_es_MicroTts_label_fake.npz,Fake,0.919489
test,zh_122_label_real.npz,Real,0.051436
test,zh_122_to_ar_Xtts_label_fake.npz,Fake,0.927877
test,zh_122_to_en_Vall_label_fake.npz,Fake,0.955804
test,zh_122_to_fr_Bark_label_fake.npz,Fake,0.957755
test,zh_123_label_real.npz,Real,0.043975
test,zh_123_to_ar_MicroTts_label_fake.npz,Fake,0.921822
test,zh_123_to_ar_Xtts_label_fake.npz,Fake,0.934815
test,zh_123_to_es_MicroTts_label_fake.npz,Fake,0.948421
test,zh_125_to_en_Vall_label_fake.npz,Fake,0.957513
test,zh_125_to_es_MicroTts_label_fake.npz,Fake,0.922617
test,zh_125_to_ru_MicroTts_label_fake.npz,Fake,0.933471
test,zh_125_to_ru_Xtts_label_fake.npz,Fake,0.949484
test,zh_126_to_en_Tacotron_label_fake.npz,Fake,0.941972
test,zh_126_to_ru_Bark_label_fake.npz,Fake,0.938091
test,zh_127_label_real.npz,Real,0.044455
test,zh_127_to_en_Xtts_label_fake.npz,Fake,0.940977
test,zh_128_to_en_Bark_label_fake.npz,Fake,0.930428
test,zh_128_to_es_Xtts_label_fake.npz,Fake,0.830321
test,zh_128_to_ja_Vall_label_fake.npz,Fake,0.929871
test,zh_129_to_ar_Xtts_label_fake.npz,Fake,0.849305
test,zh_129_to_en_Bark_label_fake.npz,Fake,0.852760
test,zh_129_to_es_Tacotron_label_fake.npz,Fake,0.918882
test,zh_12_to_fr_MicroTts_label_fake.npz,Fake,0.962121
test,zh_12_to_fr_Tacotron_label_fake.npz,Fake,0.954898
test,zh_12_to_ru_Bark_label_fake.npz,Fake,0.966513
test,zh_13_to_en_Tacotron_label_fake.npz,Fake,0.967382
test,zh_13_to_es_Tacotron_label_fake.npz,Fake,0.964988
test,zh_13_to_fr_Tacotron_label_fake.npz,Fake,0.939108
test,zh_13_to_fr_Xtts_label_fake.npz,Fake,0.944640
test,zh_14_to_ar_MicroTts_label_fake.npz,Fake,0.965200
test,zh_14_to_en_Bark_label_fake.npz,Fake,0.969193
test,zh_14_to_ru_Bark_label_fake.npz,Fake,0.932227
test,zh_15_label_real.npz,Real,0.058535
test,zh_15_to_en_Vall_label_fake.npz,Fake,0.973761
test,zh_15_to_es_Tacotron_label_fake.npz,Fake,0.936706
test,zh_15_to_fr_Tacotron_label_fake.npz,Fake,0.968494
test,zh_15_to_ru_MicroTts_label_fake.npz,Fake,0.941538
test,zh_15_to_ru_Xtts_label_fake.npz,Fake,0.977894
test,zh_16_to_en_Tacotron_label_fake.npz,Fake,0.948021
test,zh_17_to_en_MicroTts_label_fake.npz,Fake,0.970643
test,zh_17_to_es_Bark_label_fake.npz,Fake,0.939466
test,zh_17_to_es_Tacotron_label_fake.npz,Fake,0.940095
test,zh_17_to_fr_Bark_label_fake.npz,Fake,0.968359
test,zh_17_to_fr_MicroTts_label_fake.npz,Fake,0.963942
test,zh_17_to_fr_Xtts_label_fake.npz,Fake,0.963135
test,zh_18_to_en_Tacotron_label_fake.npz,Fake,0.907870
test,zh_18_to_es_Tacotron_label_fake.npz,Fake,0.960688
test,zh_18_to_es_Xtts_label_fake.npz,Fake,0.962188
test,zh_18_to_ru_Bark_label_fake.npz,Fake,0.946634
test,zh_19_label_real.npz,Real,0.037799
test,zh_19_to_fr_Bark_label_fake.npz,Fake,0.967696
test,zh_1_to_ar_MicroTts_label_fake.npz,Fake,0.956549
test,zh_1_to_es_Bark_label_fake.npz,Fake,0.949876
test,zh_1_to_es_Xtts_label_fake.npz,Fake,0.969186
test,zh_1_to_ja_Bark_label_fake.npz,Fake,0.972995
test,zh_20_to_en_Tacotron_label_fake.npz,Fake,0.964194
test,zh_20_to_en_Xtts_label_fake.npz,Fake,0.968833
test,zh_20_to_es_Tacotron_label_fake.npz,Fake,0.938601
test,zh_20_to_fr_Tacotron_label_fake.npz,Fake,0.942607
test,zh_21_to_en_Vall_label_fake.npz,Fake,0.944198
test,zh_21_to_es_Tacotron_label_fake.npz,Fake,0.957075
test,zh_21_to_fr_Bark_label_fake.npz,Fake,0.960793
test,zh_21_to_fr_MicroTts_label_fake.npz,Fake,0.959502
test,zh_21_to_ru_MicroTts_label_fake.npz,Fake,0.966741
test,zh_22_to_ar_Xtts_label_fake.npz,Fake,0.926046
test,zh_22_to_en_Bark_label_fake.npz,Fake,0.966290
test,zh_22_to_ru_MicroTts_label_fake.npz,Fake,0.957863
test,zh_23_to_en_Bark_label_fake.npz,Fake,0.959693
test,zh_23_to_en_Tacotron_label_fake.npz,Fake,0.943011
test,zh_24_to_en_Bark_label_fake.npz,Fake,0.917241
test,zh_24_to_es_Tacotron_label_fake.npz,Fake,0.954683
test,zh_24_to_ja_Bark_label_fake.npz,Fake,0.957614
test,zh_26_to_en_Tacotron_label_fake.npz,Fake,0.966309
test,zh_26_to_es_Xtts_label_fake.npz,Fake,0.970204
test,zh_26_to_ja_Vall_label_fake.npz,Fake,0.968585
test,zh_27_to_ar_MicroTts_label_fake.npz,Fake,0.953287
test,zh_27_to_en_MicroTts_label_fake.npz,Fake,0.945635
test,zh_27_to_en_Xtts_label_fake.npz,Fake,0.969539
test,zh_27_to_es_Bark_label_fake.npz,Fake,0.936854
test,zh_27_to_fr_Xtts_label_fake.npz,Fake,0.965691
test,zh_28_to_ar_MicroTts_label_fake.npz,Fake,0.856193
test,zh_28_to_en_Bark_label_fake.npz,Fake,0.956875
test,zh_28_to_fr_Tacotron_label_fake.npz,Fake,0.953823
test,zh_29_to_ja_MicroTts_label_fake.npz,Fake,0.968669
test,zh_2_to_en_Vall_label_fake.npz,Fake,0.914258
test,zh_2_to_es_Bark_label_fake.npz,Fake,0.923328
test,zh_2_to_fr_Bark_label_fake.npz,Fake,0.929563
test,zh_2_to_fr_Tacotron_label_fake.npz,Fake,0.918138
test,zh_2_to_ja_Vall_label_fake.npz,Fake,0.968238
test,zh_30_to_en_Bark_label_fake.npz,Fake,0.944879
test,zh_30_to_en_Vall_label_fake.npz,Fake,0.955991
test,zh_31_to_ar_Xtts_label_fake.npz,Fake,0.964935
test,zh_31_to_en_Bark_label_fake.npz,Fake,0.966174
test,zh_31_to_ja_MicroTts_label_fake.npz,Fake,0.973612
test,zh_31_to_ru_Xtts_label_fake.npz,Fake,0.974199
test,zh_32_label_real.npz,Real,0.039070
test,zh_32_to_en_MicroTts_label_fake.npz,Fake,0.970503
test,zh_32_to_es_MicroTts_label_fake.npz,Fake,0.974262
test,zh_32_to_es_Xtts_label_fake.npz,Fake,0.971576
test,zh_32_to_ru_Bark_label_fake.npz,Fake,0.950842
test,zh_33_label_real.npz,Real,0.055661
test,zh_33_to_en_Vall_label_fake.npz,Fake,0.950680
test,zh_33_to_fr_MicroTts_label_fake.npz,Fake,0.973546
test,zh_34_to_en_MicroTts_label_fake.npz,Fake,0.948317
test,zh_34_to_en_Tacotron_label_fake.npz,Fake,0.938794
test,zh_34_to_ru_Bark_label_fake.npz,Fake,0.952706
test,zh_35_to_ar_Xtts_label_fake.npz,Fake,0.967117
test,zh_35_to_es_MicroTts_label_fake.npz,Fake,0.951637
test,zh_35_to_fr_Xtts_label_fake.npz,Fake,0.966531
test,zh_36_to_ru_Bark_label_fake.npz,Fake,0.959885
test,zh_36_to_ru_MicroTts_label_fake.npz,Fake,0.926495
test,zh_37_to_en_Vall_label_fake.npz,Fake,0.935646
test,zh_37_to_fr_Bark_label_fake.npz,Fake,0.964807
test,zh_38_to_ar_Xtts_label_fake.npz,Fake,0.954814
test,zh_38_to_es_Bark_label_fake.npz,Fake,0.949007
test,zh_38_to_ja_Bark_label_fake.npz,Fake,0.968731
test,zh_38_to_ru_Bark_label_fake.npz,Fake,0.973647
test,zh_38_to_ru_Xtts_label_fake.npz,Fake,0.954894
test,zh_39_to_ar_Xtts_label_fake.npz,Fake,0.963586
test,zh_39_to_en_Vall_label_fake.npz,Fake,0.948764
test,zh_39_to_es_Tacotron_label_fake.npz,Fake,0.937752
test,zh_3_to_fr_MicroTts_label_fake.npz,Fake,0.922712
test,zh_3_to_ru_Xtts_label_fake.npz,Fake,0.964594
test,zh_40_label_real.npz,Real,0.226761
test,zh_40_to_es_Xtts_label_fake.npz,Fake,0.931613
test,zh_40_to_fr_Bark_label_fake.npz,Fake,0.933395
test,zh_40_to_ru_Bark_label_fake.npz,Fake,0.947617
test,zh_40_to_ru_MicroTts_label_fake.npz,Fake,0.912486
test,zh_41_to_ar_Xtts_label_fake.npz,Fake,0.934602
test,zh_41_to_fr_Bark_label_fake.npz,Fake,0.951452
test,zh_41_to_fr_MicroTts_label_fake.npz,Fake,0.936052
test,zh_41_to_ru_Bark_label_fake.npz,Fake,0.203417
test,zh_41_to_ru_Xtts_label_fake.npz,Fake,0.926760
test,zh_42_to_en_Bark_label_fake.npz,Fake,0.952761
test,zh_42_to_es_Xtts_label_fake.npz,Fake,0.902726
test,zh_43_to_ar_MicroTts_label_fake.npz,Fake,0.937898
test,zh_43_to_es_Bark_label_fake.npz,Fake,0.277952
test,zh_43_to_es_Tacotron_label_fake.npz,Fake,0.935307
test,zh_43_to_fr_Tacotron_label_fake.npz,Fake,0.929553
test,zh_44_to_en_Tacotron_label_fake.npz,Fake,0.961939
test,zh_44_to_es_Bark_label_fake.npz,Fake,0.953093
test,zh_44_to_es_Xtts_label_fake.npz,Fake,0.945550
test,zh_44_to_ru_MicroTts_label_fake.npz,Fake,0.924397
test,zh_45_label_real.npz,Real,0.040756
test,zh_45_to_en_MicroTts_label_fake.npz,Fake,0.915300
test,zh_45_to_en_Xtts_label_fake.npz,Fake,0.940095
test,zh_46_to_en_Vall_label_fake.npz,Fake,0.915872
test,zh_46_to_en_Xtts_label_fake.npz,Fake,0.948614
test,zh_46_to_es_Bark_label_fake.npz,Fake,0.954940
test,zh_46_to_es_Xtts_label_fake.npz,Fake,0.922327
test,zh_46_to_ja_Vall_label_fake.npz,Fake,0.953920
test,zh_47_to_es_Xtts_label_fake.npz,Fake,0.954098
test,zh_47_to_fr_Xtts_label_fake.npz,Fake,0.927722
test,zh_47_to_ru_Bark_label_fake.npz,Fake,0.948978
test,zh_48_to_en_MicroTts_label_fake.npz,Fake,0.921260
test,zh_48_to_en_Tacotron_label_fake.npz,Fake,0.938975
test,zh_48_to_en_Vall_label_fake.npz,Fake,0.949839
test,zh_48_to_en_Xtts_label_fake.npz,Fake,0.949373
test,zh_48_to_es_Bark_label_fake.npz,Fake,0.926760
test,zh_48_to_ja_Bark_label_fake.npz,Fake,0.949891
test,zh_49_to_es_Bark_label_fake.npz,Fake,0.953466
test,zh_49_to_es_Tacotron_label_fake.npz,Fake,0.950555
test,zh_49_to_es_Xtts_label_fake.npz,Fake,0.917572
test,zh_49_to_fr_Bark_label_fake.npz,Fake,0.954341
test,zh_49_to_ru_Bark_label_fake.npz,Fake,0.953490
test,zh_4_to_fr_Bark_label_fake.npz,Fake,0.969960
test,zh_4_to_fr_MicroTts_label_fake.npz,Fake,0.939751
test,zh_4_to_fr_Tacotron_label_fake.npz,Fake,0.971108
test,zh_4_to_ru_Bark_label_fake.npz,Fake,0.948000
test,zh_4_to_ru_MicroTts_label_fake.npz,Fake,0.938372
test,zh_4_to_ru_Xtts_label_fake.npz,Fake,0.944635
test,zh_50_to_ar_MicroTts_label_fake.npz,Fake,0.912778
test,zh_50_to_es_Tacotron_label_fake.npz,Fake,0.955029
test,zh_50_to_fr_Xtts_label_fake.npz,Fake,0.906412
test,zh_51_to_en_MicroTts_label_fake.npz,Fake,0.963346
test,zh_51_to_ja_Bark_label_fake.npz,Fake,0.955962
test,zh_52_to_en_Tacotron_label_fake.npz,Fake,0.947488
test,zh_52_to_es_MicroTts_label_fake.npz,Fake,0.954869
test,zh_52_to_fr_Tacotron_label_fake.npz,Fake,0.944848
test,zh_53_to_es_MicroTts_label_fake.npz,Fake,0.935564
test,zh_54_to_fr_Xtts_label_fake.npz,Fake,0.953314
test,zh_54_to_ja_Tacotron_label_fake.npz,Fake,0.949798
test,zh_55_label_real.npz,Real,0.041874
test,zh_55_to_en_Bark_label_fake.npz,Fake,0.946299
test,zh_55_to_en_MicroTts_label_fake.npz,Fake,0.948044
test,zh_55_to_fr_Tacotron_label_fake.npz,Fake,0.945311
test,zh_56_label_real.npz,Real,0.027966
test,zh_56_to_ar_MicroTts_label_fake.npz,Fake,0.923303
test,zh_56_to_en_Tacotron_label_fake.npz,Fake,0.948172
test,zh_56_to_es_Tacotron_label_fake.npz,Fake,0.935296
test,zh_56_to_fr_Tacotron_label_fake.npz,Fake,0.909849
test,zh_57_to_ar_MicroTts_label_fake.npz,Fake,0.958933
test,zh_57_to_fr_MicroTts_label_fake.npz,Fake,0.920097
test,zh_57_to_ru_Bark_label_fake.npz,Fake,0.959440
test,zh_58_to_ar_MicroTts_label_fake.npz,Fake,0.903869
test,zh_58_to_en_MicroTts_label_fake.npz,Fake,0.919498
test,zh_58_to_fr_Bark_label_fake.npz,Fake,0.904730
test,zh_58_to_ru_Xtts_label_fake.npz,Fake,0.910787
test,zh_59_label_real.npz,Real,0.029082
test,zh_59_to_en_Xtts_label_fake.npz,Fake,0.945262
test,zh_5_to_ar_Xtts_label_fake.npz,Fake,0.969507
test,zh_5_to_en_Xtts_label_fake.npz,Fake,0.967067
test,zh_5_to_ru_MicroTts_label_fake.npz,Fake,0.961759
test,zh_60_to_en_Bark_label_fake.npz,Fake,0.935883
test,zh_61_to_en_Xtts_label_fake.npz,Fake,0.937465
test,zh_61_to_es_MicroTts_label_fake.npz,Fake,0.914690
test,zh_62_to_es_MicroTts_label_fake.npz,Fake,0.929875
test,zh_62_to_es_Xtts_label_fake.npz,Fake,0.929696
test,zh_63_to_ar_MicroTts_label_fake.npz,Fake,0.925244
test,zh_63_to_en_MicroTts_label_fake.npz,Fake,0.933472
test,zh_64_to_en_Tacotron_label_fake.npz,Fake,0.938790
test,zh_64_to_en_Vall_label_fake.npz,Fake,0.943275
test,zh_64_to_fr_Bark_label_fake.npz,Fake,0.934357
test,zh_64_to_ru_Xtts_label_fake.npz,Fake,0.933347
test,zh_65_to_en_Tacotron_label_fake.npz,Fake,0.927797
test,zh_65_to_fr_Xtts_label_fake.npz,Fake,0.946884
test,zh_65_to_ru_MicroTts_label_fake.npz,Fake,0.908959
test,zh_66_to_ar_Xtts_label_fake.npz,Fake,0.929236
test,zh_66_to_fr_MicroTts_label_fake.npz,Fake,0.935635
test,zh_67_label_real.npz,Real,0.054988
test,zh_67_to_en_MicroTts_label_fake.npz,Fake,0.943816
test,zh_67_to_ja_Tacotron_label_fake.npz,Fake,0.911230
test,zh_68_to_en_Xtts_label_fake.npz,Fake,0.952703
test,zh_69_label_real.npz,Real,0.064327
test,zh_69_to_en_Tacotron_label_fake.npz,Fake,0.953579
test,zh_6_to_es_Bark_label_fake.npz,Fake,0.965449
test,zh_6_to_es_MicroTts_label_fake.npz,Fake,0.967709
test,zh_6_to_fr_Bark_label_fake.npz,Fake,0.943818
test,zh_6_to_ja_MicroTts_label_fake.npz,Fake,0.964937
test,zh_70_label_real.npz,Real,0.077966
test,zh_70_to_fr_Bark_label_fake.npz,Fake,0.972657
test,zh_70_to_ja_MicroTts_label_fake.npz,Fake,0.922733
test,zh_71_to_en_Xtts_label_fake.npz,Fake,0.949301
test,zh_72_to_ar_Xtts_label_fake.npz,Fake,0.945814
test,zh_72_to_en_Tacotron_label_fake.npz,Fake,0.936254
test,zh_73_label_real.npz,Real,0.071608
test,zh_73_to_ar_MicroTts_label_fake.npz,Fake,0.962969
test,zh_73_to_en_MicroTts_label_fake.npz,Fake,0.961207
test,zh_74_to_ar_MicroTts_label_fake.npz,Fake,0.963661
test,zh_74_to_es_MicroTts_label_fake.npz,Fake,0.964535
test,zh_74_to_es_Tacotron_label_fake.npz,Fake,0.961994
test,zh_74_to_fr_Tacotron_label_fake.npz,Fake,0.961963
test,zh_75_to_es_Bark_label_fake.npz,Fake,0.973060
test,zh_75_to_es_MicroTts_label_fake.npz,Fake,0.965820
test,zh_75_to_es_Xtts_label_fake.npz,Fake,0.957289
test,zh_75_to_ru_Xtts_label_fake.npz,Fake,0.967549
test,zh_76_to_es_MicroTts_label_fake.npz,Fake,0.266661
test,zh_76_to_ja_Tacotron_label_fake.npz,Fake,0.264865
test,zh_76_to_ru_Xtts_label_fake.npz,Fake,0.286606
test,zh_78_label_real.npz,Real,0.043863
test,zh_78_to_fr_Xtts_label_fake.npz,Fake,0.956980
test,zh_78_to_ru_MicroTts_label_fake.npz,Fake,0.955833
test,zh_79_to_es_MicroTts_label_fake.npz,Fake,0.964561
test,zh_79_to_fr_Bark_label_fake.npz,Fake,0.961941
test,zh_79_to_ru_MicroTts_label_fake.npz,Fake,0.951506
test,zh_7_to_es_MicroTts_label_fake.npz,Fake,0.963103
test,zh_7_to_es_Tacotron_label_fake.npz,Fake,0.966667
test,zh_7_to_fr_Xtts_label_fake.npz,Fake,0.901052
test,zh_7_to_ru_Bark_label_fake.npz,Fake,0.949549
test,zh_7_to_ru_MicroTts_label_fake.npz,Fake,0.915913
test,zh_80_to_en_Vall_label_fake.npz,Fake,0.950043
test,zh_80_to_fr_Bark_label_fake.npz,Fake,0.949960
test,zh_80_to_ru_Bark_label_fake.npz,Fake,0.958618
test,zh_81_to_ar_MicroTts_label_fake.npz,Fake,0.942507
test,zh_81_to_ar_Xtts_label_fake.npz,Fake,0.951006
test,zh_81_to_ja_Vall_label_fake.npz,Fake,0.944007
test,zh_82_to_es_Bark_label_fake.npz,Fake,0.920103
test,zh_82_to_es_MicroTts_label_fake.npz,Fake,0.947017
test,zh_82_to_fr_MicroTts_label_fake.npz,Fake,0.937568
test,zh_82_to_ru_Bark_label_fake.npz,Fake,0.935304
test,zh_83_to_en_MicroTts_label_fake.npz,Fake,0.955188
test,zh_83_to_en_Tacotron_label_fake.npz,Fake,0.949703
test,zh_83_to_es_Tacotron_label_fake.npz,Fake,0.955991
test,zh_83_to_fr_Bark_label_fake.npz,Fake,0.948762
test,zh_83_to_fr_Tacotron_label_fake.npz,Fake,0.933917
test,zh_84_to_en_Vall_label_fake.npz,Fake,0.853754
test,zh_84_to_es_MicroTts_label_fake.npz,Fake,0.929676
test,zh_84_to_es_Xtts_label_fake.npz,Fake,0.865910
test,zh_84_to_fr_Xtts_label_fake.npz,Fake,0.933497
test,zh_85_to_es_Bark_label_fake.npz,Fake,0.968334
test,zh_86_label_real.npz,Real,0.041526
test,zh_86_to_en_Vall_label_fake.npz,Fake,0.944007
test,zh_87_to_ru_Bark_label_fake.npz,Fake,0.977511
test,zh_88_to_en_Bark_label_fake.npz,Fake,0.946143
test,zh_88_to_es_MicroTts_label_fake.npz,Fake,0.921036
test,zh_88_to_fr_MicroTts_label_fake.npz,Fake,0.926128
test,zh_88_to_ja_MicroTts_label_fake.npz,Fake,0.941330
test,zh_89_to_es_Tacotron_label_fake.npz,Fake,0.863314
test,zh_89_to_fr_Tacotron_label_fake.npz,Fake,0.922168
test,zh_8_to_ar_MicroTts_label_fake.npz,Fake,0.946890
test,zh_8_to_en_Bark_label_fake.npz,Fake,0.956655
test,zh_8_to_ru_MicroTts_label_fake.npz,Fake,0.972578
test,zh_90_to_en_Xtts_label_fake.npz,Fake,0.957626
test,zh_90_to_es_Tacotron_label_fake.npz,Fake,0.951345
test,zh_90_to_fr_Tacotron_label_fake.npz,Fake,0.916851
test,zh_91_to_fr_Tacotron_label_fake.npz,Fake,0.939345
test,zh_92_to_en_MicroTts_label_fake.npz,Fake,0.954473
test,zh_92_to_en_Vall_label_fake.npz,Fake,0.958676
test,zh_93_to_ar_MicroTts_label_fake.npz,Fake,0.950933
test,zh_93_to_en_Xtts_label_fake.npz,Fake,0.950343
test,zh_93_to_es_Xtts_label_fake.npz,Fake,0.948175
test,zh_93_to_fr_Tacotron_label_fake.npz,Fake,0.952392
test,zh_93_to_ja_Bark_label_fake.npz,Fake,0.957396
test,zh_93_to_ja_Tacotron_label_fake.npz,Fake,0.950640
test,zh_93_to_ru_Xtts_label_fake.npz,Fake,0.957426
test,zh_94_to_ar_MicroTts_label_fake.npz,Fake,0.962756
test,zh_94_to_en_Bark_label_fake.npz,Fake,0.959747
test,zh_94_to_en_MicroTts_label_fake.npz,Fake,0.952682
test,zh_94_to_en_Tacotron_label_fake.npz,Fake,0.968885
test,zh_94_to_fr_Xtts_label_fake.npz,Fake,0.954745
test,zh_94_to_ru_Bark_label_fake.npz,Fake,0.966241
test,zh_95_to_ar_MicroTts_label_fake.npz,Fake,0.947748
test,zh_96_to_es_Xtts_label_fake.npz,Fake,0.945106
test,zh_96_to_ru_MicroTts_label_fake.npz,Fake,0.038509
test,zh_96_to_ru_Xtts_label_fake.npz,Fake,0.413475
test,zh_97_to_es_Tacotron_label_fake.npz,Fake,0.932526
test,zh_97_to_fr_MicroTts_label_fake.npz,Fake,0.919434
test,zh_97_to_fr_Tacotron_label_fake.npz,Fake,0.897469
test,zh_97_to_ru_MicroTts_label_fake.npz,Fake,0.924061
test,zh_98_to_en_Bark_label_fake.npz,Fake,0.900158
test,zh_98_to_es_MicroTts_label_fake.npz,Fake,0.263278
test,zh_98_to_es_Xtts_label_fake.npz,Fake,0.260242
test,zh_98_to_fr_Xtts_label_fake.npz,Fake,0.236034
test,zh_98_to_ja_Tacotron_label_fake.npz,Fake,0.464346
test,zh_98_to_ru_MicroTts_label_fake.npz,Fake,0.367777
test,zh_99_to_en_MicroTts_label_fake.npz,Fake,0.932754
test,zh_99_to_ru_MicroTts_label_fake.npz,Fake,0.951919
test,zh_9_to_ar_Xtts_label_fake.npz,Fake,0.833044
test,zh_9_to_en_Tacotron_label_fake.npz,Fake,0.951251
test,zh_9_to_en_Vall_label_fake.npz,Fake,0.955636
test,zh_9_to_es_Tacotron_label_fake.npz,Fake,0.958038
test,zh_9_to_fr_MicroTts_label_fake.npz,Fake,0.914074
train,ar_10_label_real.npz,Real,0.050986
train,ar_11_to_fr_MicroTts_label_fake.npz,Fake,0.919402
train,ar_11_to_zh_MicroTts_label_fake.npz,Fake,0.924442
train,ar_12_label_real.npz,Real,0.050758
train,ar_12_to_en_Xtts_label_fake.npz,Fake,0.953332
train,ar_13_to_fr_MicroTts_label_fake.npz,Fake,0.939063
train,ar_13_to_ja_MicroTts_label_fake.npz,Fake,0.953114
train,ar_14_label_real.npz,Real,0.054877
train,ar_14_to_en_MicroTts_label_fake.npz,Fake,0.953793
train,ar_15_label_real.npz,Real,0.041384
train,ar_17_label_real.npz,Real,0.057943
train,ar_17_to_ru_Xtts_label_fake.npz,Fake,0.970523
train,ar_21_label_real.npz,Real,0.043266
train,ar_22_label_real.npz,Real,0.049827
train,ar_23_label_real.npz,Real,0.060426
train,ar_24_label_real.npz,Real,0.035860
train,ar_25_label_real.npz,Real,0.033000
train,ar_26_to_en_Xtts_label_fake.npz,Fake,0.961930
train,ar_26_to_es_Xtts_label_fake.npz,Fake,0.956387
train,ar_27_label_real.npz,Real,0.035134
train,ar_28_label_real.npz,Real,0.070564
train,ar_29_label_real.npz,Real,0.061450
train,ar_2_label_real.npz,Real,0.045402
train,ar_30_label_real.npz,Real,0.054022
train,ar_30_to_es_MicroTts_label_fake.npz,Fake,0.961243
train,ar_31_label_real.npz,Real,0.049844
train,ar_32_label_real.npz,Real,0.053052
train,ar_33_label_real.npz,Real,0.039025
train,ar_34_to_zh_MicroTts_label_fake.npz,Fake,0.935650
train,ar_37_label_real.npz,Real,0.104734
train,ar_37_to_es_MicroTts_label_fake.npz,Fake,0.887101
train,ar_39_label_real.npz,Real,0.027464
train,ar_39_to_ru_MicroTts_label_fake.npz,Fake,0.945636
train,ar_40_label_real.npz,Real,0.034904
train,ar_41_label_real.npz,Real,0.031363
train,ar_42_label_real.npz,Real,0.034468
train,ar_43_label_real.npz,Real,0.045373
train,ar_44_label_real.npz,Real,0.039500
train,ar_45_label_real.npz,Real,0.048739
train,ar_45_to_es_MicroTts_label_fake.npz,Fake,0.936353
train,ar_46_label_real.npz,Real,0.059449
train,ar_47_label_real.npz,Real,0.042859
train,ar_48_label_real.npz,Real,0.049683
train,ar_49_label_real.npz,Real,0.236858
train,ar_49_to_ja_MicroTts_label_fake.npz,Fake,0.216504
train,ar_50_label_real.npz,Real,0.053288
train,ar_52_label_real.npz,Real,0.037526
train,ar_52_to_ru_MicroTts_label_fake.npz,Fake,0.950585
train,ar_53_label_real.npz,Real,0.928330
train,ar_53_to_zh_Xtts_label_fake.npz,Fake,0.971701
train,ar_54_to_es_MicroTts_label_fake.npz,Fake,0.971719
train,ar_54_to_ja_MicroTts_label_fake.npz,Fake,0.950639
train,ar_55_label_real.npz,Real,0.821248
train,ar_55_to_ja_MicroTts_label_fake.npz,Fake,0.974737
train,ar_56_label_real.npz,Real,0.386381
train,ar_56_to_ru_Xtts_label_fake.npz,Fake,0.944448
train,ar_57_label_real.npz,Real,0.046952
train,ar_58_label_real.npz,Real,0.047218
train,ar_58_to_en_Xtts_label_fake.npz,Fake,0.952655
train,ar_59_label_real.npz,Real,0.037856
train,ar_5_label_real.npz,Real,0.041125
train,ar_5_to_ru_MicroTts_label_fake.npz,Fake,0.914071
train,ar_60_label_real.npz,Real,0.035686
train,ar_61_label_real.npz,Real,0.035665
train,ar_61_to_fr_Xtts_label_fake.npz,Fake,0.948194
train,ar_61_to_ja_MicroTts_label_fake.npz,Fake,0.940734
train,ar_62_label_real.npz,Real,0.034163
train,ar_62_to_es_MicroTts_label_fake.npz,Fake,0.953918
train,ar_65_label_real.npz,Real,0.201941
train,ar_66_to_es_MicroTts_label_fake.npz,Fake,0.959604
train,ar_66_to_fr_MicroTts_label_fake.npz,Fake,0.953167
train,ar_68_label_real.npz,Real,0.038793
train,ar_68_to_ru_MicroTts_label_fake.npz,Fake,0.931795
train,ar_69_label_real.npz,Real,0.046016
train,ar_70_to_zh_Xtts_label_fake.npz,Fake,0.918963
train,ar_71_label_real.npz,Real,0.041145
train,ar_7_label_real.npz,Real,0.047970
train,ar_7_to_en_Xtts_label_fake.npz,Fake,0.957753
train,ar_8_label_real.npz,Real,0.045751
train,ar_8_to_en_Xtts_label_fake.npz,Fake,0.938629
train,ar_8_to_zh_MicroTts_label_fake.npz,Fake,0.942445
train,ar_9_label_real.npz,Real,0.036731
train,en_100_label_real.npz,Real,0.054052
train,en_100_to_ar_Xtts_label_fake.npz,Fake,0.960839
train,en_100_to_ja_Bark_label_fake.npz,Fake,0.953044
train,en_100_to_zh_Xtts_label_fake.npz,Fake,0.956219
train,en_101_label_real.npz,Real,0.038232
train,en_101_to_fr_MicroTts_label_fake.npz,Fake,0.936807
train,en_103_label_real.npz,Real,0.043980
train,en_104_label_real.npz,Real,0.043135
train,en_104_to_ja_MicroTts_label_fake.npz,Fake,0.929381
train,en_106_label_real.npz,Real,0.052677
train,en_106_to_es_MicroTts_label_fake.npz,Fake,0.927232
train,en_106_to_ru_MicroTts_label_fake.npz,Fake,0.967107
train,en_107_label_real.npz,Real,0.050663
train,en_108_label_real.npz,Real,0.053961
train,en_109_label_real.npz,Real,0.047771
train,en_109_to_fr_Tacotron_label_fake.npz,Fake,0.935684
train,en_10_label_real.npz,Real,0.038025
train,en_110_label_real.npz,Real,0.048149
train,en_110_to_ru_MicroTts_label_fake.npz,Fake,0.957406
train,en_111_label_real.npz,Real,0.043096
train,en_111_to_ja_MicroTts_label_fake.npz,Fake,0.913809
train,en_112_label_real.npz,Real,0.041291
train,en_113_label_real.npz,Real,0.049834
train,en_114_label_real.npz,Real,0.038227
train,en_114_to_ar_Xtts_label_fake.npz,Fake,0.961077
train,en_114_to_fr_Bark_label_fake.npz,Fake,0.965400
train,en_115_to_zh_MicroTts_label_fake.npz,Fake,0.937679
train,en_117_label_real.npz,Real,0.060465
train,en_117_to_fr_Bark_label_fake.npz,Fake,0.925925
train,en_118_label_real.npz,Real,0.044678
train,en_118_to_fr_Xtts_label_fake.npz,Fake,0.953065
train,en_119_label_real.npz,Real,0.040195
train,en_119_to_es_Tacotron_label_fake.npz,Fake,0.967681
train,en_119_to_fr_Tacotron_label_fake.npz,Fake,0.965705
train,en_119_to_ru_MicroTts_label_fake.npz,Fake,0.959068
train,en_120_label_real.npz,Real,0.041606
train,en_121_label_real.npz,Real,0.053014
train,en_122_to_fr_Xtts_label_fake.npz,Fake,0.970200
train,en_123_to_fr_Bark_label_fake.npz,Fake,0.954375
train,en_123_to_ru_MicroTts_label_fake.npz,Fake,0.734890
train,en_124_label_real.npz,Real,0.057542
train,en_124_to_ru_Bark_label_fake.npz,Fake,0.924839
train,en_125_label_real.npz,Real,0.044334
train,en_126_label_real.npz,Real,0.064324
train,en_126_to_ja_Vall_label_fake.npz,Fake,0.952337
train,en_126_to_ru_Xtts_label_fake.npz,Fake,0.947377
train,en_128_to_ru_MicroTts_label_fake.npz,Fake,0.953439
train,en_128_to_zh_MicroTts_label_fake.npz,Fake,0.941991
train,en_12_label_real.npz,Real,0.038582
train,en_13_label_real.npz,Real,0.039610
train,en_14_label_real.npz,Real,0.039725
train,en_14_to_zh_MicroTts_label_fake.npz,Fake,0.966019
train,en_15_label_real.npz,Real,0.038245
train,en_16_to_zh_Bark_label_fake.npz,Fake,0.957897
train,en_17_label_real.npz,Real,0.033417
train,en_17_to_zh_MicroTts_label_fake.npz,Fake,0.949633
train,en_18_label_real.npz,Real,0.039385
train,en_19_label_real.npz,Real,0.048775
train,en_19_to_ru_MicroTts_label_fake.npz,Fake,0.957340
train,en_19_to_zh_Xtts_label_fake.npz,Fake,0.962373
train,en_1_label_real.npz,Real,0.046014
train,en_20_label_real.npz,Real,0.037104
train,en_20_to_ja_Bark_label_fake.npz,Fake,0.938297
train,en_22_label_real.npz,Real,0.070149
train,en_22_to_ru_MicroTts_label_fake.npz,Fake,0.975004
train,en_23_label_real.npz,Real,0.043781
train,en_24_label_real.npz,Real,0.051937
train,en_24_to_ru_MicroTts_label_fake.npz,Fake,0.968516
train,en_25_label_real.npz,Real,0.056303
train,en_25_to_ar_Xtts_label_fake.npz,Fake,0.972577
train,en_26_label_real.npz,Real,0.048335
train,en_26_to_ja_Vall_label_fake.npz,Fake,0.965247
train,en_27_label_real.npz,Real,0.038549
train,en_28_label_real.npz,Real,0.037322
train,en_28_to_ja_Vall_label_fake.npz,Fake,0.959632
train,en_29_label_real.npz,Real,0.035925
train,en_30_label_real.npz,Real,0.044267
train,en_30_to_fr_Tacotron_label_fake.npz,Fake,0.969508
train,en_30_to_ru_MicroTts_label_fake.npz,Fake,0.974641
train,en_31_label_real.npz,Real,0.034414
train,en_33_to_ru_Xtts_label_fake.npz,Fake,0.959271
train,en_34_to_ru_Xtts_label_fake.npz,Fake,0.957997
train,en_36_label_real.npz,Real,0.038140
train,en_37_to_fr_Bark_label_fake.npz,Fake,0.959611
train,en_37_to_fr_Tacotron_label_fake.npz,Fake,0.966130
train,en_38_label_real.npz,Real,0.034306
train,en_38_to_zh_Tacotron_label_fake.npz,Fake,0.959834
train,en_3_to_ja_Vall_label_fake.npz,Fake,0.882128
train,en_40_label_real.npz,Real,0.034418
train,en_40_to_es_Tacotron_label_fake.npz,Fake,0.958064
train,en_42_label_real.npz,Real,0.034482
train,en_42_to_fr_Xtts_label_fake.npz,Fake,0.948963
train,en_43_label_real.npz,Real,0.035289
train,en_43_to_fr_Tacotron_label_fake.npz,Fake,0.952552
train,en_43_to_zh_MicroTts_label_fake.npz,Fake,0.965899
train,en_44_label_real.npz,Real,0.056654
train,en_45_label_real.npz,Real,0.038499
train,en_47_label_real.npz,Real,0.055573
train,en_47_to_ar_Xtts_label_fake.npz,Fake,0.309077
train,en_48_label_real.npz,Real,0.060113
train,en_4_label_real.npz,Real,0.060168
train,en_50_label_real.npz,Real,0.052127
train,en_50_to_es_Xtts_label_fake.npz,Fake,0.952233
train,en_50_to_ja_MicroTts_label_fake.npz,Fake,0.946146
train,en_50_to_ru_MicroTts_label_fake.npz,Fake,0.936375
train,en_51_label_real.npz,Real,0.052020
train,en_52_label_real.npz,Real,0.042870
train,en_54_label_real.npz,Real,0.039716
train,en_58_label_real.npz,Real,0.042530
train,en_59_label_real.npz,Real,0.055971
train,en_59_to_zh_Tacotron_label_fake.npz,Fake,0.937639
train,en_5_label_real.npz,Real,0.042824
train,en_60_label_real.npz,Real,0.043156
train,en_61_label_real.npz,Real,0.052578
train,en_62_label_real.npz,Real,0.055867
train,en_62_to_es_Bark_label_fake.npz,Fake,0.965267
train,en_63_label_real.npz,Real,0.063685
train,en_64_label_real.npz,Real,0.070398
train,en_64_to_es_Tacotron_label_fake.npz,Fake,0.934319
train,en_65_label_real.npz,Real,0.058850
train,en_66_label_real.npz,Real,0.063645
train,en_67_label_real.npz,Real,0.058190
train,en_67_to_ru_Xtts_label_fake.npz,Fake,0.955531
train,en_68_label_real.npz,Real,0.067904
train,en_68_to_zh_Xtts_label_fake.npz,Fake,0.913015
train,en_69_to_zh_Vall_label_fake.npz,Fake,0.937656
train,en_6_to_es_Bark_label_fake.npz,Fake,0.951514
train,en_6_to_es_MicroTts_label_fake.npz,Fake,0.961733
train,en_71_label_real.npz,Real,0.048169
train,en_71_to_zh_Bark_label_fake.npz,Fake,0.957476
train,en_72_to_ja_Bark_label_fake.npz,Fake,0.959810
train,en_72_to_zh_Xtts_label_fake.npz,Fake,0.961256
train,en_73_label_real.npz,Real,0.057937
train,en_73_to_ar_MicroTts_label_fake.npz,Fake,0.954787
train,en_73_to_fr_Tacotron_label_fake.npz,Fake,0.957893
train,en_74_label_real.npz,Real,0.045095
train,en_75_label_real.npz,Real,0.052901
train,en_75_to_ja_Tacotron_label_fake.npz,Fake,0.935547
train,en_76_label_real.npz,Real,0.047815
train,en_76_to_zh_Tacotron_label_fake.npz,Fake,0.952652
train,en_77_label_real.npz,Real,0.040827
train,en_77_to_fr_MicroTts_label_fake.npz,Fake,0.947398
train,en_7_label_real.npz,Real,0.033076
train,en_7_to_es_Tacotron_label_fake.npz,Fake,0.950675
train,en_7_to_zh_Tacotron_label_fake.npz,Fake,0.963976
train,en_80_to_ru_MicroTts_label_fake.npz,Fake,0.622445
train,en_81_label_real.npz,Real,0.054188
train,en_83_label_real.npz,Real,0.040717
train,en_84_label_real.npz,Real,0.031474
train,en_85_label_real.npz,Real,0.030932
train,en_87_label_real.npz,Real,0.042782
train,en_88_to_es_Xtts_label_fake.npz,Fake,0.885221
train,en_8_label_real.npz,Real,0.030677
train,en_90_label_real.npz,Real,0.037233
train,en_91_label_real.npz,Real,0.043371
train,en_91_to_ja_Vall_label_fake.npz,Fake,0.951093
train,en_93_label_real.npz,Real,0.041591
train,en_95_label_real.npz,Real,0.041942
train,en_95_to_ja_MicroTts_label_fake.npz,Fake,0.961688
train,en_95_to_ja_Tacotron_label_fake.npz,Fake,0.953514
train,en_96_label_real.npz,Real,0.046539
train,en_96_to_zh_MicroTts_label_fake.npz,Fake,0.934525
train,en_98_label_real.npz,Real,0.048202
train,en_99_label_real.npz,Real,0.053921
train,en_99_to_es_MicroTts_label_fake.npz,Fake,0.948451
train,en_9_label_real.npz,Real,0.028572
train,en_9_to_zh_Bark_label_fake.npz,Fake,0.968523
train,es_100_to_ja_MicroTts_label_fake.npz,Fake,0.915517
train,es_100_to_ru_Xtts_label_fake.npz,Fake,0.907824
train,es_101_label_real.npz,Real,0.035202
train,es_102_to_zh_MicroTts_label_fake.npz,Fake,0.951275
train,es_103_label_real.npz,Real,0.042071
train,es_103_to_fr_Tacotron_label_fake.npz,Fake,0.441704
train,es_104_label_real.npz,Real,0.046776
train,es_104_to_fr_Xtts_label_fake.npz,Fake,0.949233
train,es_104_to_ja_MicroTts_label_fake.npz,Fake,0.947446
train,es_105_label_real.npz,Real,0.039595
train,es_107_label_real.npz,Real,0.034173
train,es_107_to_ar_MicroTts_label_fake.npz,Fake,0.960336
train,es_10_label_real.npz,Real,0.051609
train,es_10_to_zh_Tacotron_label_fake.npz,Fake,0.959687
train,es_110_label_real.npz,Real,0.037782
train,es_110_to_ru_MicroTts_label_fake.npz,Fake,0.946784
train,es_110_to_zh_MicroTts_label_fake.npz,Fake,0.947860
train,es_111_label_real.npz,Real,0.036240
train,es_113_label_real.npz,Real,0.222594
train,es_114_label_real.npz,Real,0.057192
train,es_114_to_ru_Xtts_label_fake.npz,Fake,0.959286
train,es_114_to_zh_Xtts_label_fake.npz,Fake,0.963807
train,es_115_to_en_MicroTts_label_fake.npz,Fake,0.952133
train,es_115_to_zh_Tacotron_label_fake.npz,Fake,0.955058
train,es_116_label_real.npz,Real,0.054061
train,es_116_to_ar_Xtts_label_fake.npz,Fake,0.965379
train,es_117_label_real.npz,Real,0.056136
train,es_117_to_fr_MicroTts_label_fake.npz,Fake,0.967728
train,es_118_label_real.npz,Real,0.056327
train,es_118_to_ar_MicroTts_label_fake.npz,Fake,0.938835
train,es_119_label_real.npz,Real,0.071518
train,es_119_to_ja_MicroTts_label_fake.npz,Fake,0.963456
train,es_119_to_ja_Tacotron_label_fake.npz,Fake,0.967857
train,es_11_label_real.npz,Real,0.045954
train,es_11_to_ja_Bark_label_fake.npz,Fake,0.958477
train,es_120_label_real.npz,Real,0.046721
train,es_121_label_real.npz,Real,0.033272
train,es_121_to_en_Bark_label_fake.npz,Fake,0.931170
train,es_122_label_real.npz,Real,0.034086
train,es_12_label_real.npz,Real,0.046325
train,es_12_to_zh_Bark_label_fake.npz,Fake,0.915142
train,es_13_label_real.npz,Real,0.052534
train,es_13_to_fr_Xtts_label_fake.npz,Fake,0.850625
train,es_13_to_ru_Bark_label_fake.npz,Fake,0.906618
train,es_14_label_real.npz,Real,0.052693
train,es_14_to_ja_MicroTts_label_fake.npz,Fake,0.933256
train,es_15_label_real.npz,Real,0.047310
train,es_16_to_ru_Bark_label_fake.npz,Fake,0.926060
train,es_16_to_ru_MicroTts_label_fake.npz,Fake,0.901968
train,es_17_to_en_Bark_label_fake.npz,Fake,0.876535
train,es_18_label_real.npz,Real,0.047387
train,es_18_to_ar_MicroTts_label_fake.npz,Fake,0.941805
train,es_19_label_real.npz,Real,0.054364
train,es_1_to_ja_Tacotron_label_fake.npz,Fake,0.959344
train,es_1_to_ru_Xtts_label_fake.npz,Fake,0.958635
train,es_1_to_zh_Bark_label_fake.npz,Fake,0.960604
train,es_20_to_ar_Xtts_label_fake.npz,Fake,0.947112
train,es_21_label_real.npz,Real,0.065018
train,es_21_to_zh_MicroTts_label_fake.npz,Fake,0.961025
train,es_23_label_real.npz,Real,0.049038
train,es_23_to_ru_Bark_label_fake.npz,Fake,0.818663
train,es_27_label_real.npz,Real,0.035726
train,es_28_label_real.npz,Real,0.049726
train,es_28_to_ar_Xtts_label_fake.npz,Fake,0.925530
train,es_29_label_real.npz,Real,0.092321
train,es_2_label_real.npz,Real,0.070954
train,es_30_label_real.npz,Real,0.037733
train,es_32_label_real.npz,Real,0.234866
train,es_32_to_ar_MicroTts_label_fake.npz,Fake,0.964032
train,es_33_label_real.npz,Real,0.047878
train,es_34_label_real.npz,Real,0.086752
train,es_34_to_en_MicroTts_label_fake.npz,Fake,0.942191
train,es_34_to_en_Xtts_label_fake.npz,Fake,0.952163
train,es_34_to_fr_Bark_label_fake.npz,Fake,0.948819
train,es_34_to_fr_MicroTts_label_fake.npz,Fake,0.941999
train,es_35_label_real.npz,Real,0.098341
train,es_35_to_ru_Xtts_label_fake.npz,Fake,0.950720
train,es_36_label_real.npz,Real,0.046460
train,es_36_to_ru_MicroTts_label_fake.npz,Fake,0.916060
train,es_38_label_real.npz,Real,0.072424
train,es_39_to_ar_MicroTts_label_fake.npz,Fake,0.931283
train,es_39_to_zh_MicroTts_label_fake.npz,Fake,0.945607
train,es_3_to_en_MicroTts_label_fake.npz,Fake,0.933780
train,es_3_to_ru_Xtts_label_fake.npz,Fake,0.901013
train,es_3_to_zh_Bark_label_fake.npz,Fake,0.939030
train,es_40_label_real.npz,Real,0.074650
train,es_41_label_real.npz,Real,0.040966
train,es_41_to_ja_Bark_label_fake.npz,Fake,0.968715
train,es_41_to_zh_MicroTts_label_fake.npz,Fake,0.967377
train,es_43_label_real.npz,Real,0.044562
train,es_43_to_en_Xtts_label_fake.npz,Fake,0.965592
train,es_44_label_real.npz,Real,0.041168
train,es_45_to_fr_MicroTts_label_fake.npz,Fake,0.967580
train,es_45_to_ru_MicroTts_label_fake.npz,Fake,0.955975
train,es_46_label_real.npz,Real,0.047637
train,es_46_to_en_Tacotron_label_fake.npz,Fake,0.946173
train,es_47_label_real.npz,Real,0.052090
train,es_47_to_fr_Xtts_label_fake.npz,Fake,0.960244
train,es_48_label_real.npz,Real,0.039058
train,es_49_label_real.npz,Real,0.046399
train,es_50_label_real.npz,Real,0.042841
train,es_52_label_real.npz,Real,0.047515
train,es_52_to_ja_MicroTts_label_fake.npz,Fake,0.941303
train,es_52_to_ru_Xtts_label_fake.npz,Fake,0.929875
train,es_54_label_real.npz,Real,0.060772
train,es_56_label_real.npz,Real,0.041237
train,es_56_to_ja_MicroTts_label_fake.npz,Fake,0.943072
train,es_56_to_zh_Xtts_label_fake.npz,Fake,0.932743
train,es_57_label_real.npz,Real,0.045561
train,es_57_to_ja_Bark_label_fake.npz,Fake,0.943039
train,es_59_label_real.npz,Real,0.044699
train,es_5_label_real.npz,Real,0.134464
train,es_60_label_real.npz,Real,0.050426
train,es_61_to_ar_MicroTts_label_fake.npz,Fake,0.937500
train,es_62_label_real.npz,Real,0.045246
train,es_62_to_fr_Bark_label_fake.npz,Fake,0.955037
train,es_62_to_ru_Bark_label_fake.npz,Fake,0.943805
train,es_62_to_zh_Xtts_label_fake.npz,Fake,0.955602
train,es_63_label_real.npz,Real,0.044073
train,es_64_label_real.npz,Real,0.045711
train,es_65_label_real.npz,Real,0.052760
train,es_65_to_ru_Xtts_label_fake.npz,Fake,0.963432
train,es_66_label_real.npz,Real,0.049145
train,es_67_label_real.npz,Real,0.042806
train,es_67_to_ru_MicroTts_label_fake.npz,Fake,0.946985
train,es_67_to_zh_MicroTts_label_fake.npz,Fake,0.953770
train,es_68_label_real.npz,Real,0.045000
train,es_68_to_zh_MicroTts_label_fake.npz,Fake,0.956417
train,es_69_label_real.npz,Real,0.042694
train,es_69_to_zh_Xtts_label_fake.npz,Fake,0.933630
train,es_6_label_real.npz,Real,0.046527
train,es_71_label_real.npz,Real,0.050482
train,es_71_to_fr_MicroTts_label_fake.npz,Fake,0.484686
train,es_71_to_ru_MicroTts_label_fake.npz,Fake,0.908705
train,es_72_label_real.npz,Real,0.078874
train,es_72_to_en_MicroTts_label_fake.npz,Fake,0.968164
train,es_72_to_fr_MicroTts_label_fake.npz,Fake,0.949555
train,es_72_to_ru_Bark_label_fake.npz,Fake,0.959000
train,es_73_label_real.npz,Real,0.044788
train,es_74_label_real.npz,Real,0.055626
train,es_74_to_fr_Tacotron_label_fake.npz,Fake,0.937710
train,es_75_label_real.npz,Real,0.060137
train,es_76_label_real.npz,Real,0.043374
train,es_77_to_ar_MicroTts_label_fake.npz,Fake,0.964498
train,es_78_to_ja_MicroTts_label_fake.npz,Fake,0.960483
train,es_78_to_ru_MicroTts_label_fake.npz,Fake,0.949896
train,es_79_label_real.npz,Real,0.037078
train,es_7_to_ja_Tacotron_label_fake.npz,Fake,0.954636
train,es_80_label_real.npz,Real,0.046217
train,es_81_label_real.npz,Real,0.041259
train,es_81_to_en_Tacotron_label_fake.npz,Fake,0.963366
train,es_82_label_real.npz,Real,0.048616
train,es_82_to_en_Tacotron_label_fake.npz,Fake,0.948191
train,es_83_label_real.npz,Real,0.041351
train,es_83_to_ar_MicroTts_label_fake.npz,Fake,0.925550
train,es_83_to_ja_Tacotron_label_fake.npz,Fake,0.947250
train,es_84_label_real.npz,Real,0.045668
train,es_85_label_real.npz,Real,0.066283
train,es_85_to_fr_Xtts_label_fake.npz,Fake,0.960062
train,es_87_label_real.npz,Real,0.044581
train,es_87_to_ar_MicroTts_label_fake.npz,Fake,0.964797
train,es_87_to_fr_Tacotron_label_fake.npz,Fake,0.947507
train,es_88_to_en_Xtts_label_fake.npz,Fake,0.955954
train,es_88_to_fr_Tacotron_label_fake.npz,Fake,0.954743
train,es_8_to_en_MicroTts_label_fake.npz,Fake,0.882792
train,es_91_label_real.npz,Real,0.050765
train,es_91_to_ar_MicroTts_label_fake.npz,Fake,0.966562
train,es_92_label_real.npz,Real,0.043661
train,es_92_to_fr_Xtts_label_fake.npz,Fake,0.934783
train,es_93_to_zh_Tacotron_label_fake.npz,Fake,0.952664
train,es_94_label_real.npz,Real,0.055140
train,es_95_label_real.npz,Real,0.037940
train,es_96_label_real.npz,Real,0.041234
train,es_96_to_ru_Xtts_label_fake.npz,Fake,0.949972
train,es_96_to_zh_MicroTts_label_fake.npz,Fake,0.963042
train,es_98_label_real.npz,Real,0.048229
train,es_99_label_real.npz,Real,0.042785
train,es_99_to_ru_MicroTts_label_fake.npz,Fake,0.916312
train,es_9_label_real.npz,Real,0.043172
train,fr_100_label_real.npz,Real,0.043346
train,fr_100_to_es_MicroTts_label_fake.npz,Fake,0.915440
train,fr_100_to_zh_Tacotron_label_fake.npz,Fake,0.918472
train,fr_101_label_real.npz,Real,0.037090
train,fr_101_to_en_MicroTts_label_fake.npz,Fake,0.938841
train,fr_103_label_real.npz,Real,0.052908
train,fr_103_to_zh_MicroTts_label_fake.npz,Fake,0.961804
train,fr_104_label_real.npz,Real,0.048960
train,fr_104_to_ar_Xtts_label_fake.npz,Fake,0.938221
train,fr_105_label_real.npz,Real,0.103921
train,fr_106_to_en_Bark_label_fake.npz,Fake,0.958838
train,fr_107_label_real.npz,Real,0.044898
train,fr_107_to_es_Bark_label_fake.npz,Fake,0.949735
train,fr_107_to_zh_Tacotron_label_fake.npz,Fake,0.954661
train,fr_108_to_es_Bark_label_fake.npz,Fake,0.953566
train,fr_108_to_zh_Bark_label_fake.npz,Fake,0.955083
train,fr_10_label_real.npz,Real,0.049051
train,fr_10_to_ru_Xtts_label_fake.npz,Fake,0.959117
train,fr_110_label_real.npz,Real,0.448820
train,fr_111_label_real.npz,Real,0.044937
train,fr_112_label_real.npz,Real,0.585621
train,fr_112_to_es_Bark_label_fake.npz,Fake,0.857528
train,fr_113_label_real.npz,Real,0.055924
train,fr_113_to_zh_Bark_label_fake.npz,Fake,0.956577
train,fr_114_label_real.npz,Real,0.064040
train,fr_114_to_es_Tacotron_label_fake.npz,Fake,0.938382
train,fr_116_label_real.npz,Real,0.874586
train,fr_116_to_en_Bark_label_fake.npz,Fake,0.741432
train,fr_116_to_zh_Xtts_label_fake.npz,Fake,0.839473
train,fr_117_label_real.npz,Real,0.548111
train,fr_118_label_real.npz,Real,0.074076
train,fr_118_to_en_MicroTts_label_fake.npz,Fake,0.951687
train,fr_118_to_zh_Tacotron_label_fake.npz,Fake,0.952722
train,fr_119_label_real.npz,Real,0.116890
train,fr_119_to_zh_Xtts_label_fake.npz,Fake,0.926360
train,fr_11_label_real.npz,Real,0.066454
train,fr_120_to_ja_Tacotron_label_fake.npz,Fake,0.931974
train,fr_12_to_en_Bark_label_fake.npz,Fake,0.943096
train,fr_12_to_zh_Bark_label_fake.npz,Fake,0.926060
train,fr_13_label_real.npz,Real,0.041537
train,fr_15_label_real.npz,Real,0.055689
train,fr_15_to_es_Xtts_label_fake.npz,Fake,0.951361
train,fr_16_label_real.npz,Real,0.046189
train,fr_16_to_es_Xtts_label_fake.npz,Fake,0.828720
train,fr_19_to_ru_MicroTts_label_fake.npz,Fake,0.907121
train,fr_20_label_real.npz,Real,0.118465
train,fr_21_label_real.npz,Real,0.081582
train,fr_21_to_zh_Tacotron_label_fake.npz,Fake,0.974600
train,fr_23_to_en_MicroTts_label_fake.npz,Fake,0.962541
train,fr_24_label_real.npz,Real,0.053859
train,fr_24_to_en_Tacotron_label_fake.npz,Fake,0.951722
train,fr_25_label_real.npz,Real,0.040048
train,fr_26_to_ja_Tacotron_label_fake.npz,Fake,0.954968
train,fr_27_to_zh_Bark_label_fake.npz,Fake,0.960312
train,fr_28_to_es_MicroTts_label_fake.npz,Fake,0.959979
train,fr_29_label_real.npz,Real,0.067102
train,fr_2_label_real.npz,Real,0.051618
train,fr_2_to_ja_MicroTts_label_fake.npz,Fake,0.952552
train,fr_31_label_real.npz,Real,0.029995
train,fr_31_to_es_MicroTts_label_fake.npz,Fake,0.940267
train,fr_32_label_real.npz,Real,0.035036
train,fr_32_to_en_Tacotron_label_fake.npz,Fake,0.963375
train,fr_33_to_en_MicroTts_label_fake.npz,Fake,0.955916
train,fr_33_to_es_Tacotron_label_fake.npz,Fake,0.959314
train,fr_33_to_es_Xtts_label_fake.npz,Fake,0.964147
train,fr_34_label_real.npz,Real,0.046163
train,fr_35_label_real.npz,Real,0.033883
train,fr_36_label_real.npz,Real,0.029233
train,fr_37_label_real.npz,Real,0.033029
train,fr_38_label_real.npz,Real,0.236260
train,fr_38_to_zh_Bark_label_fake.npz,Fake,0.953815
train,fr_39_label_real.npz,Real,0.033980
train,fr_3_label_real.npz,Real,0.060505
train,fr_3_to_ar_MicroTts_label_fake.npz,Fake,0.972577
train,fr_41_label_real.npz,Real,0.044029
train,fr_42_label_real.npz,Real,0.035173
train,fr_42_to_zh_MicroTts_label_fake.npz,Fake,0.959005
train,fr_43_label_real.npz,Real,0.049703
train,fr_43_to_zh_Xtts_label_fake.npz,Fake,0.951061
train,fr_44_label_real.npz,Real,0.592527
train,fr_44_to_en_Tacotron_label_fake.npz,Fake,0.961300
train,fr_44_to_en_Xtts_label_fake.npz,Fake,0.962899
train,fr_45_label_real.npz,Real,0.036486
train,fr_45_to_ar_Xtts_label_fake.npz,Fake,0.941586
train,fr_46_label_real.npz,Real,0.083992
train,fr_46_to_ru_MicroTts_label_fake.npz,Fake,0.922561
train,fr_47_to_ar_MicroTts_label_fake.npz,Fake,0.929503
train,fr_4_label_real.npz,Real,0.059917
train,fr_50_label_real.npz,Real,0.041427
train,fr_51_label_real.npz,Real,0.036746
train,fr_53_label_real.npz,Real,0.077549
train,fr_53_to_ru_MicroTts_label_fake.npz,Fake,0.927000
train,fr_54_label_real.npz,Real,0.070374
train,fr_54_to_zh_MicroTts_label_fake.npz,Fake,0.949574
train,fr_55_label_real.npz,Real,0.036096
train,fr_55_to_en_Bark_label_fake.npz,Fake,0.880522
train,fr_57_to_ru_MicroTts_label_fake.npz,Fake,0.957996
train,fr_59_label_real.npz,Real,0.032540
train,fr_59_to_ar_MicroTts_label_fake.npz,Fake,0.947128
train,fr_59_to_en_Xtts_label_fake.npz,Fake,0.955257
train,fr_59_to_es_MicroTts_label_fake.npz,Fake,0.950055
train,fr_59_to_zh_MicroTts_label_fake.npz,Fake,0.961338
train,fr_5_label_real.npz,Real,0.031760
train,fr_60_label_real.npz,Real,0.038786
train,fr_60_to_en_Xtts_label_fake.npz,Fake,0.916992
train,fr_60_to_ja_Tacotron_label_fake.npz,Fake,0.937654
train,fr_61_label_real.npz,Real,0.031378
train,fr_61_to_es_Tacotron_label_fake.npz,Fake,0.955587
train,fr_61_to_ja_Bark_label_fake.npz,Fake,0.961443
train,fr_61_to_ru_Bark_label_fake.npz,Fake,0.940986
train,fr_62_label_real.npz,Real,0.039482
train,fr_63_label_real.npz,Real,0.037537
train,fr_64_to_es_Tacotron_label_fake.npz,Fake,0.839329
train,fr_65_label_real.npz,Real,0.037832
train,fr_67_label_real.npz,Real,0.041904
train,fr_67_to_es_Xtts_label_fake.npz,Fake,0.946718
train,fr_67_to_ja_Bark_label_fake.npz,Fake,0.918780
train,fr_68_label_real.npz,Real,0.052013
train,fr_68_to_zh_Xtts_label_fake.npz,Fake,0.932238
train,fr_69_label_real.npz,Real,0.062678
train,fr_6_to_es_Tacotron_label_fake.npz,Fake,0.939717
train,fr_71_to_ru_Xtts_label_fake.npz,Fake,0.308286
train,fr_72_label_real.npz,Real,0.061847
train,fr_72_to_en_Tacotron_label_fake.npz,Fake,0.955164
train,fr_72_to_en_Xtts_label_fake.npz,Fake,0.897367
train,fr_72_to_ja_Bark_label_fake.npz,Fake,0.952521
train,fr_74_label_real.npz,Real,0.057690
train,fr_75_label_real.npz,Real,0.049604
train,fr_76_label_real.npz,Real,0.045261
train,fr_77_to_ru_MicroTts_label_fake.npz,Fake,0.226441
train,fr_78_label_real.npz,Real,0.047384
train,fr_79_label_real.npz,Real,0.040052
train,fr_79_to_ar_Xtts_label_fake.npz,Fake,0.930551
train,fr_7_label_real.npz,Real,0.041738
train,fr_7_to_en_MicroTts_label_fake.npz,Fake,0.948114
train,fr_7_to_ru_Xtts_label_fake.npz,Fake,0.732751
train,fr_80_label_real.npz,Real,0.054632
train,fr_80_to_en_Tacotron_label_fake.npz,Fake,0.889700
train,fr_81_label_real.npz,Real,0.063836
train,fr_81_to_ar_MicroTts_label_fake.npz,Fake,0.930473
train,fr_81_to_ar_Xtts_label_fake.npz,Fake,0.926324
train,fr_81_to_en_MicroTts_label_fake.npz,Fake,0.925085
train,fr_81_to_es_Xtts_label_fake.npz,Fake,0.920034
train,fr_82_label_real.npz,Real,0.075997
train,fr_83_label_real.npz,Real,0.047311
train,fr_84_label_real.npz,Real,0.035326
train,fr_84_to_zh_Bark_label_fake.npz,Fake,0.896854
train,fr_85_label_real.npz,Real,0.103758
train,fr_85_to_ru_Xtts_label_fake.npz,Fake,0.928795
train,fr_86_label_real.npz,Real,0.046019
train,fr_86_to_ru_Bark_label_fake.npz,Fake,0.933768
train,fr_87_to_ar_MicroTts_label_fake.npz,Fake,0.960723
train,fr_87_to_en_Tacotron_label_fake.npz,Fake,0.966211
train,fr_87_to_en_Xtts_label_fake.npz,Fake,0.964765
train,fr_88_to_zh_Tacotron_label_fake.npz,Fake,0.937670
train,fr_89_label_real.npz,Real,0.046878
train,fr_89_to_zh_Bark_label_fake.npz,Fake,0.943423
train,fr_8_label_real.npz,Real,0.439790
train,fr_8_to_ar_MicroTts_label_fake.npz,Fake,0.972921
train,fr_8_to_en_Bark_label_fake.npz,Fake,0.962466
train,fr_90_label_real.npz,Real,0.054011
train,fr_91_label_real.npz,Real,0.136973
train,fr_92_label_real.npz,Real,0.056443
train,fr_92_to_ar_MicroTts_label_fake.npz,Fake,0.954575
train,fr_92_to_es_Xtts_label_fake.npz,Fake,0.945308
train,fr_93_label_real.npz,Real,0.045707
train,fr_94_label_real.npz,Real,0.045243
train,fr_95_label_real.npz,Real,0.042246
train,fr_96_label_real.npz,Real,0.046789
train,fr_96_to_en_Xtts_label_fake.npz,Fake,0.914843
train,fr_96_to_ja_MicroTts_label_fake.npz,Fake,0.895116
train,fr_97_label_real.npz,Real,0.053468
train,fr_97_to_ja_Bark_label_fake.npz,Fake,0.927040
train,fr_97_to_zh_Xtts_label_fake.npz,Fake,0.933345
train,fr_98_label_real.npz,Real,0.080217
train,fr_98_to_ja_Tacotron_label_fake.npz,Fake,0.916501
train,fr_99_label_real.npz,Real,0.046289
train,fr_9_to_zh_Bark_label_fake.npz,Fake,0.950011
train,ja_11_to_es_Bark_label_fake.npz,Fake,0.423577
train,ja_12_to_ar_MicroTts_label_fake.npz,Fake,0.953206
train,ja_14_label_real.npz,Real,0.053563
train,ja_14_to_en_MicroTts_label_fake.npz,Fake,0.962871
train,ja_15_label_real.npz,Real,0.131466
train,ja_15_to_ru_MicroTts_label_fake.npz,Fake,0.939941
train,ja_16_label_real.npz,Real,0.044786
train,ja_17_label_real.npz,Real,0.047941
train,ja_17_to_en_Bark_label_fake.npz,Fake,0.896234
train,ja_18_to_ru_Bark_label_fake.npz,Fake,0.944824
train,ja_19_label_real.npz,Real,0.045685
train,ja_20_label_real.npz,Real,0.044026
train,ja_21_label_real.npz,Real,0.044457
train,ja_21_to_ar_MicroTts_label_fake.npz,Fake,0.942670
train,ja_23_label_real.npz,Real,0.043663
train,ja_24_label_real.npz,Real,0.040270
train,ja_25_to_ru_Bark_label_fake.npz,Fake,0.961376
train,ja_26_to_es_MicroTts_label_fake.npz,Fake,0.933439
train,ja_27_label_real.npz,Real,0.309335
train,ja_27_to_en_Bark_label_fake.npz,Fake,0.592536
train,ja_27_to_zh_MicroTts_label_fake.npz,Fake,0.497548
train,ja_28_label_real.npz,Real,0.086835
train,ja_29_label_real.npz,Real,0.045192
train,ja_29_to_ru_MicroTts_label_fake.npz,Fake,0.935625
train,ja_2_label_real.npz,Real,0.063171
train,ja_31_label_real.npz,Real,0.043619
train,ja_32_label_real.npz,Real,0.035128
train,ja_32_to_ar_MicroTts_label_fake.npz,Fake,0.946622
train,ja_33_label_real.npz,Real,0.038182
train,ja_34_label_real.npz,Real,0.042146
train,ja_34_to_fr_MicroTts_label_fake.npz,Fake,0.852680
train,ja_35_label_real.npz,Real,0.037254
train,ja_35_to_fr_MicroTts_label_fake.npz,Fake,0.959619
train,ja_36_label_real.npz,Real,0.036061
train,ja_37_to_ar_MicroTts_label_fake.npz,Fake,0.959514
train,ja_37_to_fr_MicroTts_label_fake.npz,Fake,0.949398
train,ja_37_to_zh_Tacotron_label_fake.npz,Fake,0.961355
train,ja_38_label_real.npz,Real,0.032977
train,ja_39_label_real.npz,Real,0.037715
train,ja_3_label_real.npz,Real,0.062428
train,ja_3_to_en_Tacotron_label_fake.npz,Fake,0.955647
train,ja_3_to_es_MicroTts_label_fake.npz,Fake,0.941148
train,ja_41_label_real.npz,Real,0.062766
train,ja_41_to_ru_Bark_label_fake.npz,Fake,0.961695
train,ja_41_to_zh_Tacotron_label_fake.npz,Fake,0.963936
train,ja_42_label_real.npz,Real,0.055217
train,ja_42_to_ar_MicroTts_label_fake.npz,Fake,0.948239
train,ja_44_label_real.npz,Real,0.053451
train,ja_44_to_en_Bark_label_fake.npz,Fake,0.938862
train,ja_44_to_zh_MicroTts_label_fake.npz,Fake,0.936873
train,ja_45_label_real.npz,Real,0.048802
train,ja_45_to_fr_Bark_label_fake.npz,Fake,0.924047
train,ja_46_to_ar_MicroTts_label_fake.npz,Fake,0.955815
train,ja_46_to_en_Bark_label_fake.npz,Fake,0.959077
train,ja_47_label_real.npz,Real,0.100169
train,ja_48_label_real.npz,Real,0.045603
train,ja_49_label_real.npz,Real,0.052125
train,ja_49_to_ar_MicroTts_label_fake.npz,Fake,0.950230
train,ja_49_to_es_Bark_label_fake.npz,Fake,0.922919
train,ja_4_to_es_Bark_label_fake.npz,Fake,0.959578
train,ja_50_label_real.npz,Real,0.042628
train,ja_50_to_fr_Bark_label_fake.npz,Fake,0.898953
train,ja_51_label_real.npz,Real,0.043836
train,ja_52_label_real.npz,Real,0.043015
train,ja_52_to_en_Vall_label_fake.npz,Fake,0.925713
train,ja_53_to_en_Tacotron_label_fake.npz,Fake,0.907443
train,ja_53_to_zh_Tacotron_label_fake.npz,Fake,0.940687
train,ja_54_label_real.npz,Real,0.042961
train,ja_54_to_zh_MicroTts_label_fake.npz,Fake,0.942841
train,ja_55_to_fr_MicroTts_label_fake.npz,Fake,0.965951
train,ja_56_label_real.npz,Real,0.047072
train,ja_56_to_zh_Bark_label_fake.npz,Fake,0.943653
train,ja_57_label_real.npz,Real,0.043820
train,ja_58_to_en_Vall_label_fake.npz,Fake,0.939863
train,ja_59_to_ar_MicroTts_label_fake.npz,Fake,0.972901
train,ja_59_to_es_MicroTts_label_fake.npz,Fake,0.963574
train,ja_5_to_zh_MicroTts_label_fake.npz,Fake,0.944755
train,ja_60_label_real.npz,Real,0.055480
train,ja_60_to_ar_MicroTts_label_fake.npz,Fake,0.963584
train,ja_60_to_es_MicroTts_label_fake.npz,Fake,0.962373
train,ja_60_to_zh_MicroTts_label_fake.npz,Fake,0.969077
train,ja_6_label_real.npz,Real,0.056749
train,ja_6_to_ru_MicroTts_label_fake.npz,Fake,0.953348
train,ja_8_label_real.npz,Real,0.045828
train,ja_8_to_zh_Bark_label_fake.npz,Fake,0.951740
train,ru_100_label_real.npz,Real,0.038574
train,ru_101_label_real.npz,Real,0.038535
train,ru_101_to_ar_MicroTts_label_fake.npz,Fake,0.950384
train,ru_103_label_real.npz,Real,0.046315
train,ru_103_to_es_Xtts_label_fake.npz,Fake,0.960788
train,ru_104_label_real.npz,Real,0.034934
train,ru_104_to_en_Xtts_label_fake.npz,Fake,0.944565
train,ru_104_to_zh_Xtts_label_fake.npz,Fake,0.950894
train,ru_105_label_real.npz,Real,0.039062
train,ru_105_to_ar_Xtts_label_fake.npz,Fake,0.951217
train,ru_106_label_real.npz,Real,0.041804
train,ru_106_to_en_Bark_label_fake.npz,Fake,0.954853
train,ru_107_label_real.npz,Real,0.039195
train,ru_107_to_zh_Xtts_label_fake.npz,Fake,0.945522
train,ru_108_to_es_Bark_label_fake.npz,Fake,0.944267
train,ru_109_label_real.npz,Real,0.047310
train,ru_109_to_ar_Xtts_label_fake.npz,Fake,0.939434
train,ru_110_label_real.npz,Real,0.045767
train,ru_111_label_real.npz,Real,0.049384
train,ru_112_label_real.npz,Real,0.041403
train,ru_113_label_real.npz,Real,0.046481
train,ru_113_to_en_MicroTts_label_fake.npz,Fake,0.942041
train,ru_114_label_real.npz,Real,0.048464
train,ru_115_label_real.npz,Real,0.040733
train,ru_115_to_en_Bark_label_fake.npz,Fake,0.958942
train,ru_117_label_real.npz,Real,0.048649
train,ru_118_label_real.npz,Real,0.043729
train,ru_119_label_real.npz,Real,0.045602
train,ru_119_to_es_MicroTts_label_fake.npz,Fake,0.956751
train,ru_120_label_real.npz,Real,0.045431
train,ru_121_label_real.npz,Real,0.252721
train,ru_122_to_zh_MicroTts_label_fake.npz,Fake,0.952985
train,ru_123_label_real.npz,Real,0.040549
train,ru_125_label_real.npz,Real,0.048543
train,ru_126_label_real.npz,Real,0.047741
train,ru_126_to_ar_Xtts_label_fake.npz,Fake,0.920929
train,ru_128_label_real.npz,Real,0.042422
train,ru_128_to_fr_Xtts_label_fake.npz,Fake,0.896509
train,ru_129_label_real.npz,Real,0.037618
train,ru_12_label_real.npz,Real,0.057046
train,ru_12_to_zh_Xtts_label_fake.npz,Fake,0.911564
train,ru_130_label_real.npz,Real,0.044580
train,ru_132_label_real.npz,Real,0.039920
train,ru_133_label_real.npz,Real,0.042855
train,ru_134_label_real.npz,Real,0.037528
train,ru_136_label_real.npz,Real,0.064712
train,ru_15_label_real.npz,Real,0.040449
train,ru_16_to_ar_MicroTts_label_fake.npz,Fake,0.961609
train,ru_19_label_real.npz,Real,0.033060
train,ru_1_label_real.npz,Real,0.051977
train,ru_20_to_ja_MicroTts_label_fake.npz,Fake,0.929449
train,ru_21_label_real.npz,Real,0.044806
train,ru_21_to_zh_Xtts_label_fake.npz,Fake,0.951024
train,ru_23_label_real.npz,Real,0.057274
train,ru_24_to_en_Bark_label_fake.npz,Fake,0.898991
train,ru_25_label_real.npz,Real,0.057698
train,ru_25_to_fr_MicroTts_label_fake.npz,Fake,0.947892
train,ru_26_label_real.npz,Real,0.052372
train,ru_27_label_real.npz,Real,0.045780
train,ru_28_label_real.npz,Real,0.085737
train,ru_29_label_real.npz,Real,0.046649
train,ru_2_label_real.npz,Real,0.044878
train,ru_2_to_es_MicroTts_label_fake.npz,Fake,0.955052
train,ru_32_to_zh_MicroTts_label_fake.npz,Fake,0.956675
train,ru_33_label_real.npz,Real,0.115900
train,ru_34_to_en_Bark_label_fake.npz,Fake,0.952488
train,ru_34_to_es_MicroTts_label_fake.npz,Fake,0.962985
train,ru_35_label_real.npz,Real,0.057612
train,ru_35_to_es_Xtts_label_fake.npz,Fake,0.949899
train,ru_35_to_zh_MicroTts_label_fake.npz,Fake,0.951700
train,ru_36_label_real.npz,Real,0.045034
train,ru_37_label_real.npz,Real,0.057027
train,ru_38_label_real.npz,Real,0.060516
train,ru_38_to_ar_Xtts_label_fake.npz,Fake,0.947877
train,ru_39_label_real.npz,Real,0.052943
train,ru_3_label_real.npz,Real,0.042527
train,ru_40_label_real.npz,Real,0.041770
train,ru_41_label_real.npz,Real,0.065838
train,ru_42_to_es_Xtts_label_fake.npz,Fake,0.958431
train,ru_42_to_zh_MicroTts_label_fake.npz,Fake,0.885518
train,ru_43_label_real.npz,Real,0.037545
train,ru_43_to_fr_MicroTts_label_fake.npz,Fake,0.947222
train,ru_44_to_zh_Xtts_label_fake.npz,Fake,0.934255
train,ru_46_label_real.npz,Real,0.049925
train,ru_46_to_fr_Bark_label_fake.npz,Fake,0.927317
train,ru_47_label_real.npz,Real,0.052640
train,ru_48_label_real.npz,Real,0.055503
train,ru_49_label_real.npz,Real,0.060016
train,ru_49_to_en_Bark_label_fake.npz,Fake,0.942788
train,ru_49_to_zh_MicroTts_label_fake.npz,Fake,0.934482
train,ru_4_label_real.npz,Real,0.037423
train,ru_50_label_real.npz,Real,0.058309
train,ru_50_to_fr_MicroTts_label_fake.npz,Fake,0.925488
train,ru_51_label_real.npz,Real,0.052574
train,ru_52_to_ar_Xtts_label_fake.npz,Fake,0.966942
train,ru_52_to_es_Xtts_label_fake.npz,Fake,0.937701
train,ru_53_label_real.npz,Real,0.120122
train,ru_55_label_real.npz,Real,0.056163
train,ru_57_label_real.npz,Real,0.062217
train,ru_58_label_real.npz,Real,0.048525
train,ru_59_label_real.npz,Real,0.066225
train,ru_60_label_real.npz,Real,0.040867
train,ru_61_to_es_MicroTts_label_fake.npz,Fake,0.941402
train,ru_62_label_real.npz,Real,0.046942
train,ru_62_to_fr_Bark_label_fake.npz,Fake,0.944748
train,ru_63_label_real.npz,Real,0.052457
train,ru_64_label_real.npz,Real,0.104323
train,ru_64_to_ar_MicroTts_label_fake.npz,Fake,0.968581
train,ru_65_label_real.npz,Real,0.223422
train,ru_67_label_real.npz,Real,0.047778
train,ru_67_to_fr_Bark_label_fake.npz,Fake,0.966773
train,ru_68_label_real.npz,Real,0.067388
train,ru_69_label_real.npz,Real,0.051974
train,ru_69_to_fr_MicroTts_label_fake.npz,Fake,0.954411
train,ru_69_to_zh_MicroTts_label_fake.npz,Fake,0.952393
train,ru_70_label_real.npz,Real,0.062976
train,ru_71_to_en_Bark_label_fake.npz,Fake,0.959489
train,ru_71_to_fr_MicroTts_label_fake.npz,Fake,0.962413
train,ru_72_label_real.npz,Real,0.058215
train,ru_73_label_real.npz,Real,0.174759
train,ru_73_to_en_Bark_label_fake.npz,Fake,0.953012
train,ru_73_to_ja_MicroTts_label_fake.npz,Fake,0.948376
train,ru_74_label_real.npz,Real,0.055895
train,ru_74_to_en_MicroTts_label_fake.npz,Fake,0.491324
train,ru_77_label_real.npz,Real,0.257314
train,ru_79_label_real.npz,Real,0.059494
train,ru_79_to_zh_MicroTts_label_fake.npz,Fake,0.935288
train,ru_7_label_real.npz,Real,0.254508
train,ru_7_to_fr_Bark_label_fake.npz,Fake,0.919363
train,ru_80_label_real.npz,Real,0.058563
train,ru_80_to_fr_Bark_label_fake.npz,Fake,0.931099
train,ru_81_label_real.npz,Real,0.058301
train,ru_82_label_real.npz,Real,0.061759
train,ru_83_label_real.npz,Real,0.046930
train,ru_86_label_real.npz,Real,0.061001
train,ru_87_label_real.npz,Real,0.057456
train,ru_87_to_zh_Xtts_label_fake.npz,Fake,0.937511
train,ru_88_label_real.npz,Real,0.134915
train,ru_88_to_zh_Xtts_label_fake.npz,Fake,0.958106
train,ru_89_label_real.npz,Real,0.062441
train,ru_89_to_en_Bark_label_fake.npz,Fake,0.961100
train,ru_8_label_real.npz,Real,0.053914
train,ru_8_to_en_Bark_label_fake.npz,Fake,0.897747
train,ru_90_to_ar_MicroTts_label_fake.npz,Fake,0.961571
train,ru_91_label_real.npz,Real,0.097060
train,ru_93_label_real.npz,Real,0.040118
train,ru_94_label_real.npz,Real,0.037739
train,ru_94_to_en_MicroTts_label_fake.npz,Fake,0.958893
train,ru_94_to_es_MicroTts_label_fake.npz,Fake,0.956954
train,ru_95_label_real.npz,Real,0.043103
train,ru_96_to_ar_MicroTts_label_fake.npz,Fake,0.948439
train,ru_97_label_real.npz,Real,0.035182
train,ru_97_to_ar_MicroTts_label_fake.npz,Fake,0.941742
train,ru_97_to_es_Bark_label_fake.npz,Fake,0.946611
train,ru_99_label_real.npz,Real,0.042112
train,ru_99_to_zh_Xtts_label_fake.npz,Fake,0.931106
train,ru_9_label_real.npz,Real,0.165014
train,zh_100_label_real.npz,Real,0.057881
train,zh_101_label_real.npz,Real,0.048887
train,zh_101_to_fr_Xtts_label_fake.npz,Fake,0.924395
train,zh_102_to_es_Tacotron_label_fake.npz,Fake,0.940139
train,zh_103_label_real.npz,Real,0.047698
train,zh_103_to_en_Bark_label_fake.npz,Fake,0.956211
train,zh_104_label_real.npz,Real,0.049551
train,zh_104_to_ar_Xtts_label_fake.npz,Fake,0.955274
train,zh_106_label_real.npz,Real,0.045265
train,zh_107_label_real.npz,Real,0.053777
train,zh_107_to_ru_Bark_label_fake.npz,Fake,0.952100
train,zh_108_label_real.npz,Real,0.047826
train,zh_108_to_ru_Xtts_label_fake.npz,Fake,0.941761
train,zh_109_label_real.npz,Real,0.058186
train,zh_10_label_real.npz,Real,0.045894
train,zh_10_to_ru_Bark_label_fake.npz,Fake,0.968654
train,zh_110_label_real.npz,Real,0.052081
train,zh_111_label_real.npz,Real,0.047050
train,zh_112_label_real.npz,Real,0.057974
train,zh_112_to_en_MicroTts_label_fake.npz,Fake,0.948144
train,zh_112_to_es_Tacotron_label_fake.npz,Fake,0.939711
train,zh_112_to_fr_Tacotron_label_fake.npz,Fake,0.950423
train,zh_113_label_real.npz,Real,0.058975
train,zh_114_label_real.npz,Real,0.067494
train,zh_114_to_ar_MicroTts_label_fake.npz,Fake,0.924679
train,zh_114_to_ja_Tacotron_label_fake.npz,Fake,0.951900
train,zh_116_to_ar_Xtts_label_fake.npz,Fake,0.951850
train,zh_117_label_real.npz,Real,0.074538
train,zh_117_to_en_MicroTts_label_fake.npz,Fake,0.936508
train,zh_118_label_real.npz,Real,0.035438
train,zh_119_label_real.npz,Real,0.049633
train,zh_119_to_ja_MicroTts_label_fake.npz,Fake,0.945425
train,zh_120_label_real.npz,Real,0.033947
train,zh_121_label_real.npz,Real,0.041307
train,zh_122_to_fr_Tacotron_label_fake.npz,Fake,0.948184
train,zh_123_to_ru_Bark_label_fake.npz,Fake,0.943377
train,zh_124_label_real.npz,Real,0.040631
train,zh_124_to_es_MicroTts_label_fake.npz,Fake,0.885733
train,zh_124_to_fr_Bark_label_fake.npz,Fake,0.951923
train,zh_125_label_real.npz,Real,0.046643
train,zh_125_to_en_Xtts_label_fake.npz,Fake,0.924500
train,zh_126_label_real.npz,Real,0.048582
train,zh_127_to_en_Vall_label_fake.npz,Fake,0.952594
train,zh_129_label_real.npz,Real,0.223434
train,zh_129_to_ar_MicroTts_label_fake.npz,Fake,0.882455
train,zh_12_label_real.npz,Real,0.043948
train,zh_12_to_es_Xtts_label_fake.npz,Fake,0.969539
train,zh_13_label_real.npz,Real,0.039821
train,zh_13_to_ru_Xtts_label_fake.npz,Fake,0.959211
train,zh_14_label_real.npz,Real,0.043079
train,zh_16_label_real.npz,Real,0.050622
train,zh_17_label_real.npz,Real,0.042507
train,zh_18_label_real.npz,Real,0.046035
train,zh_18_to_en_MicroTts_label_fake.npz,Fake,0.962042
train,zh_18_to_en_Xtts_label_fake.npz,Fake,0.938601
train,zh_18_to_ja_Vall_label_fake.npz,Fake,0.967249
train,zh_19_to_en_MicroTts_label_fake.npz,Fake,0.961118
train,zh_19_to_fr_MicroTts_label_fake.npz,Fake,0.932088
train,zh_19_to_ru_Bark_label_fake.npz,Fake,0.959972
train,zh_1_label_real.npz,Real,0.043015
train,zh_1_to_fr_MicroTts_label_fake.npz,Fake,0.959548
train,zh_21_label_real.npz,Real,0.041152
train,zh_22_label_real.npz,Real,0.042671
train,zh_22_to_ja_Bark_label_fake.npz,Fake,0.962068
train,zh_23_label_real.npz,Real,0.043768
train,zh_23_to_es_Tacotron_label_fake.npz,Fake,0.966102
train,zh_24_label_real.npz,Real,0.046366
train,zh_24_to_ru_Xtts_label_fake.npz,Fake,0.962609
train,zh_25_label_real.npz,Real,0.043854
train,zh_26_label_real.npz,Real,0.039222
train,zh_26_to_en_Xtts_label_fake.npz,Fake,0.943093
train,zh_26_to_fr_Bark_label_fake.npz,Fake,0.963268
train,zh_27_label_real.npz,Real,0.050666
train,zh_27_to_ar_Xtts_label_fake.npz,Fake,0.967542
train,zh_28_label_real.npz,Real,0.037238
train,zh_28_to_en_Xtts_label_fake.npz,Fake,0.961695
train,zh_29_to_en_MicroTts_label_fake.npz,Fake,0.975492
train,zh_29_to_en_Vall_label_fake.npz,Fake,0.964397
train,zh_2_to_ar_Xtts_label_fake.npz,Fake,0.965859
train,zh_2_to_es_Xtts_label_fake.npz,Fake,0.938411
train,zh_30_label_real.npz,Real,0.037737
train,zh_31_label_real.npz,Real,0.046727
train,zh_31_to_fr_MicroTts_label_fake.npz,Fake,0.971378
train,zh_33_to_es_Tacotron_label_fake.npz,Fake,0.916626
train,zh_35_label_real.npz,Real,0.035584
train,zh_35_to_ru_Xtts_label_fake.npz,Fake,0.966578
train,zh_36_label_real.npz,Real,0.039706
train,zh_37_label_real.npz,Real,0.039162
train,zh_37_to_ar_MicroTts_label_fake.npz,Fake,0.933910
train,zh_38_label_real.npz,Real,0.043190
train,zh_38_to_es_Xtts_label_fake.npz,Fake,0.927273
train,zh_38_to_fr_Tacotron_label_fake.npz,Fake,0.970975
train,zh_39_label_real.npz,Real,0.042535
train,zh_39_to_en_MicroTts_label_fake.npz,Fake,0.961540
train,zh_3_label_real.npz,Real,0.038856
train,zh_3_to_ru_Bark_label_fake.npz,Fake,0.952176
train,zh_41_label_real.npz,Real,0.278323
train,zh_41_to_fr_Tacotron_label_fake.npz,Fake,0.937964
train,zh_41_to_fr_Xtts_label_fake.npz,Fake,0.941647
train,zh_42_label_real.npz,Real,0.052556
train,zh_43_label_real.npz,Real,0.361930
train,zh_44_label_real.npz,Real,0.033878
train,zh_44_to_es_MicroTts_label_fake.npz,Fake,0.935090
train,zh_45_to_es_Bark_label_fake.npz,Fake,0.947418
train,zh_45_to_fr_Xtts_label_fake.npz,Fake,0.937372
train,zh_46_label_real.npz,Real,0.041159
train,zh_46_to_ru_Xtts_label_fake.npz,Fake,0.941154
train,zh_47_label_real.npz,Real,0.041806
train,zh_47_to_ru_MicroTts_label_fake.npz,Fake,0.946191
train,zh_48_to_es_Tacotron_label_fake.npz,Fake,0.923422
train,zh_49_label_real.npz,Real,0.047774
train,zh_49_to_fr_MicroTts_label_fake.npz,Fake,0.959350
train,zh_4_label_real.npz,Real,0.045762
train,zh_4_to_es_Tacotron_label_fake.npz,Fake,0.946845
train,zh_51_label_real.npz,Real,0.053417
train,zh_51_to_ja_MicroTts_label_fake.npz,Fake,0.954706
train,zh_51_to_ja_Tacotron_label_fake.npz,Fake,0.955450
train,zh_53_label_real.npz,Real,0.049517
train,zh_53_to_ru_Bark_label_fake.npz,Fake,0.935147
train,zh_54_label_real.npz,Real,0.040303
train,zh_54_to_es_Xtts_label_fake.npz,Fake,0.946921
train,zh_54_to_ja_MicroTts_label_fake.npz,Fake,0.956760
train,zh_54_to_ru_Bark_label_fake.npz,Fake,0.949248
train,zh_55_to_fr_Xtts_label_fake.npz,Fake,0.947395
train,zh_55_to_ru_Xtts_label_fake.npz,Fake,0.945689
train,zh_57_label_real.npz,Real,0.024233
train,zh_57_to_es_MicroTts_label_fake.npz,Fake,0.956264
train,zh_58_label_real.npz,Real,0.036208
train,zh_59_to_en_Tacotron_label_fake.npz,Fake,0.948272
train,zh_5_label_real.npz,Real,0.036728
train,zh_5_to_es_Xtts_label_fake.npz,Fake,0.943796
train,zh_5_to_ja_MicroTts_label_fake.npz,Fake,0.961233
train,zh_5_to_ru_Bark_label_fake.npz,Fake,0.928351
train,zh_60_label_real.npz,Real,0.040904
train,zh_60_to_es_Tacotron_label_fake.npz,Fake,0.925957
train,zh_60_to_fr_Xtts_label_fake.npz,Fake,0.918751
train,zh_61_label_real.npz,Real,0.031416
train,zh_62_label_real.npz,Real,0.035216
train,zh_63_label_real.npz,Real,0.035288
train,zh_64_label_real.npz,Real,0.045567
train,zh_65_label_real.npz,Real,0.052638
train,zh_65_to_en_MicroTts_label_fake.npz,Fake,0.941503
train,zh_66_label_real.npz,Real,0.062519
train,zh_66_to_en_Vall_label_fake.npz,Fake,0.933048
train,zh_66_to_ru_MicroTts_label_fake.npz,Fake,0.932065
train,zh_67_to_en_Tacotron_label_fake.npz,Fake,0.939556
train,zh_68_label_real.npz,Real,0.049496
train,zh_68_to_en_Bark_label_fake.npz,Fake,0.963591
train,zh_68_to_fr_Xtts_label_fake.npz,Fake,0.954167
train,zh_6_label_real.npz,Real,0.035781
train,zh_6_to_fr_Tacotron_label_fake.npz,Fake,0.933280
train,zh_6_to_ja_Vall_label_fake.npz,Fake,0.960264
train,zh_6_to_ru_MicroTts_label_fake.npz,Fake,0.963062
train,zh_70_to_en_Vall_label_fake.npz,Fake,0.924362
train,zh_70_to_es_Tacotron_label_fake.npz,Fake,0.954984
train,zh_70_to_fr_MicroTts_label_fake.npz,Fake,0.961281
train,zh_71_label_real.npz,Real,0.058211
train,zh_72_label_real.npz,Real,0.052298
train,zh_72_to_es_Bark_label_fake.npz,Fake,0.954392
train,zh_72_to_fr_Bark_label_fake.npz,Fake,0.916858
train,zh_74_label_real.npz,Real,0.052632
train,zh_75_label_real.npz,Real,0.049457
train,zh_76_label_real.npz,Real,0.246068
train,zh_76_to_ja_Vall_label_fake.npz,Fake,0.353317
train,zh_77_label_real.npz,Real,0.051212
train,zh_77_to_ar_MicroTts_label_fake.npz,Fake,0.962451
train,zh_78_to_es_MicroTts_label_fake.npz,Fake,0.954518
train,zh_79_label_real.npz,Real,0.054301
train,zh_79_to_en_Tacotron_label_fake.npz,Fake,0.963046
train,zh_79_to_fr_Tacotron_label_fake.npz,Fake,0.968662
train,zh_7_label_real.npz,Real,0.040378
train,zh_80_to_es_Tacotron_label_fake.npz,Fake,0.950514
train,zh_81_label_real.npz,Real,0.033129
train,zh_82_label_real.npz,Real,0.037701
train,zh_82_to_en_Xtts_label_fake.npz,Fake,0.937310
train,zh_82_to_es_Tacotron_label_fake.npz,Fake,0.930506
train,zh_82_to_ru_MicroTts_label_fake.npz,Fake,0.952724
train,zh_83_label_real.npz,Real,0.045371
train,zh_83_to_ar_Xtts_label_fake.npz,Fake,0.946652
train,zh_83_to_es_Xtts_label_fake.npz,Fake,0.955492
train,zh_83_to_ru_Xtts_label_fake.npz,Fake,0.952282
train,zh_84_label_real.npz,Real,0.064064
train,zh_85_label_real.npz,Real,0.252137
train,zh_85_to_en_Tacotron_label_fake.npz,Fake,0.972632
train,zh_85_to_en_Vall_label_fake.npz,Fake,0.948470
train,zh_87_label_real.npz,Real,0.046647
train,zh_87_to_fr_Xtts_label_fake.npz,Fake,0.930340
train,zh_8_label_real.npz,Real,0.040613
train,zh_8_to_fr_MicroTts_label_fake.npz,Fake,0.904467
train,zh_90_label_real.npz,Real,0.051266
train,zh_91_to_en_Xtts_label_fake.npz,Fake,0.956742
train,zh_91_to_es_Bark_label_fake.npz,Fake,0.887369
train,zh_92_to_fr_Tacotron_label_fake.npz,Fake,0.936840
train,zh_93_label_real.npz,Real,0.036822
train,zh_93_to_en_Bark_label_fake.npz,Fake,0.950432
train,zh_93_to_es_MicroTts_label_fake.npz,Fake,0.952357
train,zh_94_to_en_Xtts_label_fake.npz,Fake,0.963536
train,zh_95_to_ja_Vall_label_fake.npz,Fake,0.940072
train,zh_96_to_es_Bark_label_fake.npz,Fake,0.885154
train,zh_97_label_real.npz,Real,0.147716
train,zh_98_label_real.npz,Real,0.052249
train,zh_99_label_real.npz,Real,0.047635
